0.072500,0.039500,0.044000,0.064500,0.075000,0.057000,0.098000,0.087500,0.115500,0.176000,0.383500
0.072500,0.039500,0.044000,0.064500,0.075000,0.057000,0.098000,0.087500,0.115500,0.176000,0.383500
0.072500,0.039500,0.044000,0.064500,0.075000,0.057000,0.098000,0.087500,0.115500,0.176000,0.383500
0.072500,0.039500,0.044000,0.064500,0.075000,0.057000,0.098000,0.087500,0.115500,0.176000,0.383500
0.072500,0.039500,0.044000,0.064500,0.075000,0.057000,0.098000,0.087500,0.115500,0.176000,0.383500
0.072500,0.039500,0.044000,0.064500,0.075000,0.057000,0.098000,0.087500,0.115500,0.176000,0.383500
0.072500,0.039500,0.044000,0.064500,0.075000,0.057000,0.098000,0.087500,0.115500,0.176000,0.383500
0.072500,0.039500,0.044000,0.064500,0.075000,0.057000,0.098000,0.087500,0.115500,0.176000,0.383500
0.072500,0.039500,0.044000,0.064500,0.075000,0.057000,0.098000,0.087500,0.115500,0.176000,0.383500
0.072500,0.039500,0.044000,0.064500,0.075000,0.057000,0.098000,0.087500,0.115500,0.176000,0.383500
0.072500,0.039500,0.044000,0.064500,0.075000,0.057000,0.098000,0.087500,0.115500,0.176000,0.383500
0.072500,0.039500,0.044000,0.064500,0.075000,0.057000,0.098000,0.087500,0.115500,0.176000,0.383500
0.072500,0.039500,0.044000,0.064500,0.075000,0.057000,0.098000,0.087500,0.115500,0.176000,0.383500
0.072500,0.039500,0.044000,0.064500,0.075000,0.057000,0.098000,0.087500,0.115500,0.176000,0.383500
0.072500,0.039500,0.044000,0.064500,0.075000,0.057000,0.098000,0.087500,0.115500,0.176000,0.383500
0.072500,0.039500,0.044000,0.064500,0.075000,0.057000,0.098000,0.087500,0.115500,0.176000,0.383500
0.072500,0.039500,0.044000,0.064500,0.075000,0.057000,0.098000,0.087500,0.115500,0.176000,0.383500
0.072500,0.039500,0.044000,0.064500,0.075000,0.057000,0.098000,0.087500,0.115500,0.176000,0.383500
0.072500,0.039500,0.044000,0.064500,0.075000,0.057000,0.098000,0.087500,0.115500,0.176000,0.383500
0.072500,0.039500,0.044000,0.064500,0.075000,0.057000,0.098000,0.087500,0.115500,0.176000,0.383500
0.072500,0.039500,0.044000,0.064500,0.075000,0.057000,0.098000,0.087500,0.115500,0.176000,0.383500
0.072500,0.039500,0.044000,0.064500,0.075000,0.057000,0.098000,0.087500,0.115500,0.176000,0.383500
0.072500,0.039500,0.044000,0.064500,0.075000,0.057000,0.098000,0.087500,0.115500,0.176000,0.383500
0.072500,0.039500,0.044000,0.064500,0.075000,0.057000,0.098000,0.087500,0.115500,0.176000,0.383500
0.072500,0.039500,0.044000,0.064500,0.075000,0.057000,0.098000,0.087500,0.115500,0.176000,0.383500
0.072500,0.039500,0.044000,0.064500,0.075000,0.057000,0.098000,0.087500,0.115500,0.176000,0.383500
0.072500,0.039500,0.044000,0.064500,0.075000,0.057000,0.098000,0.087500,0.115500,0.176000,0.383500
0.072500,0.039500,0.044000,0.064500,0.075000,0.057000,0.098000,0.087500,0.115500,0.176000,0.383500
0.072500,0.039500,0.044000,0.064500,0.075000,0.057000,0.098000,0.087500,0.115500,0.176000,0.383500
0.072500,0.039500,0.044000,0.064500,0.075000,0.057000,0.098000,0.087500,0.115500,0.176000,0.383500
0.072500,0.039500,0.044000,0.064500,0.075000,0.057000,0.098000,0.087500,0.115500,0.176000,0.383500
0.072500,0.039500,0.044000,0.064500,0.075000,0.057000,0.098000,0.087500,0.115500,0.176000,0.383500
0.072500,0.039500,0.044000,0.064500,0.075000,0.057000,0.098000,0.087500,0.115500,0.176000,0.383500
0.072500,0.039500,0.044000,0.064500,0.075000,0.057000,0.098000,0.087500,0.115500,0.176000,0.383500
0.072500,0.039500,0.044000,0.064500,0.075000,0.057000,0.098000,0.087500,0.115500,0.176000,0.383500
0.072500,0.039500,0.044000,0.064500,0.075000,0.057000,0.098000,0.087500,0.115500,0.176000,0.383500
0.072500,0.039500,0.044000,0.064500,0.075000,0.057000,0.098000,0.087500,0.115500,0.176000,0.383500
0.072500,0.039500,0.044000,0.064500,0.075000,0.057000,0.098000,0.087500,0.115500,0.176000,0.383500
0.072500,0.039500,0.044000,0.064500,0.075000,0.057000,0.098000,0.087500,0.115500,0.176000,0.383500
0.072500,0.039500,0.044000,0.064500,0.075000,0.057000,0.098000,0.087500,0.115500,0.176000,0.383500
0.072500,0.039500,0.044000,0.064500,0.075000,0.057000,0.098000,0.087500,0.115500,0.176000,0.383500
0.072500,0.039500,0.044000,0.064500,0.075000,0.057000,0.098000,0.087500,0.115500,0.176000,0.383500
0.072500,0.039500,0.044000,0.064500,0.075000,0.057000,0.098000,0.087500,0.115500,0.176000,0.383500
0.072500,0.039500,0.044000,0.064500,0.075000,0.057000,0.098000,0.087500,0.115500,0.176000,0.383500
0.072500,0.039500,0.044000,0.064500,0.075000,0.057000,0.098000,0.087500,0.115500,0.176000,0.383500
0.072500,0.039500,0.044000,0.064500,0.075000,0.057000,0.098000,0.087500,0.115500,0.176000,0.383500
0.072500,0.039500,0.044000,0.064500,0.075000,0.057000,0.098000,0.087500,0.115500,0.176000,0.981777
0.072500,0.039500,0.044000,0.064500,0.075000,0.057000,0.098000,0.087500,0.115500,0.176000,1.580054
0.072500,0.039500,0.044000,0.064500,0.075000,0.057000,0.098000,0.087500,0.115500,0.176000,2.178330
0.072500,0.039500,0.251426,0.064500,0.075000,0.057000,0.098000,0.087500,0.115500,0.176000,2.776607
0.072500,0.039500,0.458852,0.064500,0.075000,0.057000,0.098000,0.087500,0.115500,0.176000,2.178330
0.072500,0.039500,0.666278,0.064500,0.075000,0.057000,0.098000,0.087500,0.115500,0.176000,1.580054
0.072500,0.039500,0.458852,0.064500,0.075000,0.057000,0.098000,0.087500,0.115500,0.176000,0.981777
0.072500,0.039500,0.251426,0.064500,0.075000,0.057000,0.098000,0.087500,0.115500,0.176000,0.383500
0.072500,0.039500,0.044000,0.064500,0.075000,0.057000,0.098000,0.087500,0.115500,0.176000,0.383500
0.072500,0.039500,0.044000,0.064500,0.075000,0.057000,0.098000,0.087500,0.115500,0.176000,0.383500
0.072500,0.039500,0.044000,0.064500,0.075000,0.057000,0.098000,0.087500,0.115500,0.176000,0.383500
0.072500,0.039500,0.044000,0.064500,0.075000,0.057000,0.098000,0.087500,0.115500,0.176000,0.383500
0.072500,0.039500,0.044000,0.064500,0.075000,0.057000,0.098000,0.087500,0.115500,0.176000,0.383500
0.406030,0.039500,0.044000,0.064500,0.075000,0.057000,0.098000,0.087500,0.115500,2.013625,0.383500
0.739560,0.039500,0.044000,0.064500,0.075000,0.057000,0.098000,0.087500,1.936667,3.851250,0.383500
1.073090,0.039500,0.044000,0.064500,0.075000,0.057000,0.098000,0.087500,3.757833,5.688876,0.383500
0.739560,0.039500,0.044000,0.064500,0.075000,0.057000,0.098000,0.087500,5.579000,3.851250,0.383500
0.406030,0.039500,0.044000,0.064500,0.075000,0.057000,0.098000,0.087500,3.757833,2.013625,0.383500
0.072500,0.039500,0.044000,0.064500,0.075000,0.057000,0.098000,0.087500,1.936667,0.176000,0.383500
0.072500,0.039500,0.044000,0.064500,0.075000,0.057000,0.098000,0.087500,0.115500,0.176000,0.383500
0.072500,0.039500,0.044000,0.064500,0.075000,0.057000,0.098000,0.087500,0.115500,0.176000,0.383500
0.072500,0.039500,0.044000,0.064500,0.075000,0.057000,0.098000,0.087500,0.115500,0.176000,0.383500
0.072500,0.039500,0.044000,0.064500,0.075000,0.057000,0.098000,0.087500,0.115500,0.176000,0.383500
0.072500,0.039500,0.044000,0.064500,0.075000,0.057000,0.098000,0.087500,0.115500,0.176000,0.383500
0.072500,0.039500,0.044000,0.064500,0.075000,0.057000,0.323733,0.087500,0.115500,0.176000,0.383500
0.072500,0.039500,0.044000,0.064500,0.075000,0.057000,0.549466,0.087500,0.115500,0.176000,0.383500
0.072500,0.039500,0.044000,0.064500,0.075000,0.589420,0.775199,0.087500,0.115500,0.176000,0.383500
0.072500,0.039500,0.044000,0.064500,0.075000,1.121840,0.549466,0.087500,0.115500,0.176000,0.383500
0.072500,0.039500,0.044000,0.125213,0.075000,1.654260,0.323733,0.087500,0.115500,0.176000,0.383500
0.072500,0.039500,0.044000,0.185925,0.075000,1.121840,0.098000,0.087500,0.115500,0.176000,0.383500
0.072500,0.039500,0.044000,0.246638,0.075000,0.589420,0.098000,0.087500,0.115500,0.176000,0.383500
0.072500,0.039500,0.044000,0.185925,0.075000,0.057000,0.098000,0.087500,0.115500,0.176000,0.383500
0.072500,0.039500,0.044000,0.125213,0.075000,0.057000,0.098000,0.087500,0.115500,0.176000,0.383500
0.072500,0.039500,0.044000,0.064500,0.075000,0.057000,0.098000,0.087500,0.115500,0.176000,0.383500
0.072500,0.039500,0.044000,0.064500,1.284648,0.057000,0.098000,0.087500,0.115500,0.176000,0.383500
0.072500,0.247360,0.044000,0.064500,2.494296,0.057000,0.098000,0.087500,0.115500,0.176000,0.383500
0.072500,0.455219,0.044000,0.064500,3.703944,0.057000,0.098000,0.087500,0.115500,0.176000,0.383500
0.072500,0.663079,0.044000,0.064500,2.494296,0.057000,0.098000,0.087500,0.115500,0.176000,0.383500
0.072500,0.455219,0.044000,0.064500,1.284648,0.057000,0.098000,1.250516,0.115500,0.176000,0.383500
0.072500,0.247360,0.044000,0.064500,0.075000,0.057000,0.098000,2.413532,0.115500,0.176000,0.383500
0.072500,0.039500,0.044000,0.064500,0.075000,0.057000,0.098000,3.576548,0.115500,0.176000,0.383500
0.072500,0.039500,0.044000,0.064500,0.075000,0.057000,0.098000,2.413532,0.115500,0.176000,0.383500
0.072500,0.039500,0.044000,0.064500,0.075000,0.057000,0.098000,1.250516,0.115500,0.176000,0.383500
0.072500,0.039500,0.044000,0.064500,0.075000,0.057000,0.098000,0.087500,0.115500,0.176000,0.383500
0.072500,0.039500,0.044000,0.064500,0.075000,0.057000,0.098000,0.087500,0.115500,0.176000,0.383500
0.072500,0.039500,0.044000,0.064500,0.075000,0.057000,0.098000,0.087500,0.115500,0.176000,0.383500
0.072500,0.039500,0.044000,0.064500,0.075000,0.057000,0.098000,0.087500,0.115500,0.176000,0.383500
0.072500,0.039500,0.044000,0.064500,0.075000,0.057000,0.098000,0.087500,0.115500,0.176000,0.383500
0.072500,0.039500,0.044000,0.064500,0.075000,0.057000,0.098000,0.087500,0.115500,0.176000,0.383500
0.072500,0.039500,0.044000,0.064500,0.075000,0.057000,0.098000,0.087500,0.115500,0.176000,0.383500
0.072500,0.039500,0.044000,0.064500,0.075000,0.057000,0.098000,0.087500,0.115500,0.176000,0.383500
0.072500,0.039500,0.044000,0.064500,0.075000,0.057000,0.098000,0.087500,0.115500,0.176000,0.383500
0.072500,0.039500,0.044000,0.064500,0.075000,0.057000,0.098000,0.087500,0.115500,0.176000,0.383500
0.072500,0.039500,0.044000,0.064500,0.075000,0.057000,0.098000,0.087500,0.115500,0.176000,0.383500
0.072500,0.039500,0.044000,0.064500,0.075000,0.057000,0.098000,0.087500,0.115500,0.176000,0.383500
0.072500,0.039500,0.044000,0.064500,0.075000,0.057000,0.098000,0.087500,0.115500,0.176000,0.383500
0.072500,0.039500,0.044000,0.064500,0.075000,0.057000,0.098000,0.087500,0.115500,0.176000,0.383500
0.072500,0.039500,0.044000,0.064500,0.075000,0.057000,0.098000,0.087500,0.115500,0.176000,0.383500
0.072500,0.039500,0.044000,0.064500,0.075000,0.057000,0.098000,0.087500,0.115500,0.176000,0.383500
0.072500,0.039500,0.044000,0.064500,0.075000,0.057000,0.098000,0.087500,0.115500,0.176000,0.383500
0.072500,0.039500,0.044000,0.064500,0.075000,0.057000,0.098000,0.087500,0.115500,0.176000,0.383500
0.072500,0.039500,0.044000,0.064500,0.075000,0.057000,0.098000,0.087500,0.115500,0.176000,0.383500
0.072500,0.039500,0.044000,0.064500,0.075000,0.057000,0.098000,0.087500,0.115500,0.176000,0.383500
0.072500,0.039500,0.044000,0.064500,0.075000,0.057000,0.098000,0.087500,0.115500,0.176000,0.383500
0.072500,0.039500,0.044000,0.064500,0.075000,0.057000,0.098000,0.087500,0.115500,0.176000,0.383500
0.072500,0.039500,0.044000,0.064500,0.075000,0.057000,0.098000,0.087500,0.115500,0.176000,0.383500
0.072500,0.039500,0.044000,0.064500,0.075000,0.057000,0.098000,0.087500,0.115500,0.176000,0.383500
0.072500,0.039500,0.044000,0.064500,0.075000,0.057000,0.098000,0.087500,0.115500,0.176000,0.383500
0.072500,0.039500,0.044000,0.064500,0.075000,0.057000,0.098000,0.087500,0.115500,0.176000,0.383500
0.072500,0.039500,0.044000,0.064500,0.075000,0.057000,0.098000,0.087500,0.115500,0.176000,0.383500
0.072500,0.039500,0.044000,0.064500,0.075000,0.057000,0.098000,0.087500,0.115500,0.176000,0.383500
0.072500,0.039500,0.044000,0.064500,0.075000,0.057000,0.098000,0.087500,0.115500,0.176000,0.383500
0.072500,0.039500,0.044000,0.064500,0.075000,0.057000,0.098000,0.087500,0.115500,0.176000,0.383500
0.072500,0.039500,0.044000,0.064500,0.075000,0.057000,0.098000,0.087500,0.115500,0.176000,0.383500
0.072500,0.039500,0.044000,0.064500,0.075000,0.057000,0.098000,0.087500,0.115500,0.176000,0.383500
0.072500,0.039500,0.044000,0.064500,0.075000,0.057000,0.098000,0.087500,0.115500,0.176000,0.383500
0.072500,0.039500,0.044000,0.064500,0.075000,0.057000,0.098000,0.087500,0.115500,0.176000,0.383500
0.072500,0.039500,0.044000,0.064500,0.075000,0.057000,0.098000,0.087500,0.115500,0.176000,0.383500
0.072500,0.039500,0.044000,0.064500,0.075000,0.057000,0.098000,0.087500,0.115500,0.176000,0.383500
0.072500,0.039500,0.044000,0.064500,0.075000,0.057000,0.098000,0.087500,0.115500,0.176000,0.383500
0.072500,0.039500,0.044000,0.064500,0.075000,0.057000,0.098000,0.087500,0.115500,0.176000,0.383500
0.072500,0.039500,0.044000,0.064500,0.075000,0.057000,0.098000,0.087500,0.115500,0.176000,0.383500
0.072500,0.039500,0.044000,0.064500,0.075000,0.057000,0.098000,0.087500,0.115500,0.176000,0.383500
0.072500,0.039500,0.044000,0.064500,0.075000,0.057000,0.098000,0.087500,0.115500,0.176000,0.383500
0.072500,0.039500,0.044000,0.064500,0.075000,0.057000,0.098000,0.087500,0.115500,0.176000,0.383500
0.072500,0.039500,0.044000,0.064500,0.075000,0.057000,0.098000,0.087500,0.115500,0.176000,0.383500
0.072500,0.039500,0.044000,0.064500,0.075000,0.057000,0.098000,0.087500,0.115500,0.176000,0.383500
0.072500,0.039500,0.044000,0.064500,0.075000,0.057000,0.098000,0.087500,0.115500,0.176000,0.383500
0.072500,0.039500,0.044000,0.064500,0.075000,0.057000,0.098000,0.087500,0.115500,0.176000,0.383500
0.072500,0.039500,0.044000,0.064500,0.075000,0.057000,0.098000,0.087500,0.115500,0.176000,0.383500
0.072500,0.039500,0.044000,0.064500,0.075000,0.057000,0.098000,0.087500,0.115500,0.176000,0.383500
0.072500,0.039500,0.044000,0.064500,0.075000,0.057000,0.098000,0.087500,0.115500,0.176000,0.383500
0.072500,0.039500,0.044000,0.064500,0.075000,0.057000,0.098000,0.087500,0.115500,0.176000,0.383500
0.072500,0.039500,0.044000,0.064500,0.075000,0.057000,0.098000,0.087500,0.115500,0.176000,0.383500
0.072500,0.039500,0.044000,0.064500,0.075000,0.057000,0.098000,0.087500,0.115500,0.176000,0.383500
0.072500,0.039500,0.044000,0.064500,0.075000,0.057000,0.098000,0.087500,0.115500,0.176000,0.383500
0.072500,0.039500,0.044000,0.064500,0.075000,0.057000,0.098000,0.087500,0.115500,0.176000,0.383500
0.072500,0.039500,0.044000,0.064500,0.075000,0.057000,0.098000,0.087500,0.115500,0.176000,0.383500
0.072500,0.039500,0.044000,0.064500,0.075000,0.057000,0.098000,0.087500,0.115500,0.176000,0.383500
0.072500,0.039500,0.044000,0.064500,0.075000,0.057000,0.098000,0.087500,0.115500,0.176000,0.383500
0.072500,0.039500,0.044000,0.064500,0.075000,0.057000,0.098000,0.087500,0.115500,0.176000,0.383500
0.072500,0.039500,0.044000,0.064500,0.075000,0.057000,0.098000,0.087500,0.115500,0.176000,0.383500
0.072500,0.039500,0.044000,0.064500,0.075000,0.057000,0.098000,0.087500,0.115500,0.176000,0.383500
0.072500,0.039500,0.044000,0.064500,0.075000,0.057000,0.098000,0.087500,0.115500,0.176000,0.383500
0.072500,0.039500,0.044000,0.064500,0.075000,0.057000,0.098000,0.087500,0.115500,0.176000,0.383500
0.072500,0.039500,0.044000,0.064500,0.075000,0.057000,0.098000,0.087500,0.115500,0.176000,0.383500
0.072500,0.039500,0.044000,0.064500,0.075000,0.057000,0.098000,0.087500,0.115500,0.176000,0.383500
0.072500,0.039500,0.044000,0.064500,0.075000,0.057000,0.098000,0.087500,0.115500,0.176000,0.383500
0.072500,0.039500,0.044000,0.064500,0.075000,0.057000,0.098000,0.087500,0.115500,0.176000,0.383500
0.072500,0.039500,0.044000,0.064500,0.075000,0.057000,0.098000,0.087500,0.115500,0.176000,0.383500
0.072500,0.039500,0.044000,0.064500,0.075000,0.057000,0.098000,0.087500,0.115500,0.176000,0.383500
0.072500,0.039500,0.044000,0.064500,0.075000,0.057000,0.098000,0.087500,0.115500,0.176000,0.383500
0.072500,0.039500,0.044000,0.064500,0.075000,0.057000,0.098000,0.087500,0.115500,0.176000,0.383500
0.072500,0.039500,0.044000,0.064500,0.075000,0.057000,0.098000,0.087500,0.115500,0.176000,0.383500
0.072500,0.039500,0.044000,0.064500,0.075000,0.057000,0.098000,0.087500,0.115500,0.176000,0.383500
0.072500,0.039500,0.044000,0.064500,0.075000,0.057000,0.098000,0.087500,0.115500,0.176000,0.383500
0.072500,0.039500,0.044000,0.064500,0.075000,0.057000,0.098000,0.087500,0.115500,0.176000,0.383500
0.072500,0.039500,0.044000,0.064500,0.075000,0.057000,0.098000,0.087500,0.115500,0.176000,0.383500
0.072500,0.039500,0.044000,0.064500,0.075000,0.057000,0.098000,0.087500,0.115500,0.176000,0.383500
0.072500,0.039500,0.044000,0.064500,0.075000,0.057000,0.098000,0.087500,0.115500,0.176000,0.383500
0.072500,0.039500,0.044000,0.064500,0.075000,0.057000,0.098000,0.087500,0.115500,0.176000,0.383500
0.072500,0.039500,0.044000,0.064500,0.075000,0.057000,0.098000,0.087500,0.115500,0.176000,0.383500
0.072500,0.039500,0.044000,0.064500,0.075000,0.057000,0.098000,0.087500,0.115500,0.176000,0.383500
0.072500,0.039500,0.044000,0.064500,0.075000,0.057000,0.098000,0.087500,0.115500,0.176000,0.383500
0.072500,0.039500,0.044000,0.064500,0.075000,0.057000,0.098000,0.087500,0.115500,0.176000,0.383500
0.072500,0.039500,0.044000,0.064500,0.075000,0.057000,0.098000,0.087500,0.115500,0.176000,0.383500
0.072500,0.039500,0.044000,0.064500,0.075000,0.057000,0.098000,0.087500,0.115500,0.176000,0.383500
0.072500,0.039500,0.044000,0.064500,0.075000,0.057000,0.098000,0.087500,0.115500,0.176000,0.383500
0.072500,0.039500,0.044000,0.064500,0.075000,0.057000,0.098000,0.087500,0.115500,0.176000,0.383500
0.072500,0.039500,0.044000,0.064500,0.075000,0.057000,0.098000,0.087500,0.115500,0.176000,0.383500
0.072500,0.039500,0.044000,0.064500,0.075000,0.057000,0.098000,0.087500,0.115500,0.176000,0.383500
0.072500,0.039500,0.044000,0.064500,0.075000,0.057000,0.098000,0.087500,0.115500,0.176000,0.383500
0.072500,0.039500,0.044000,0.064500,0.075000,0.057000,0.098000,0.087500,0.115500,0.176000,0.383500
0.072500,0.039500,0.044000,0.064500,0.075000,0.057000,0.098000,0.087500,0.115500,0.176000,0.383500
0.072500,0.039500,0.044000,0.064500,0.075000,0.057000,0.098000,0.087500,0.115500,0.176000,0.383500
0.072500,0.039500,0.044000,0.064500,0.075000,0.057000,0.098000,0.087500,0.115500,0.176000,0.383500
0.072500,0.039500,0.044000,0.064500,0.075000,0.057000,0.098000,0.087500,0.115500,0.176000,0.383500
0.072500,0.039500,0.044000,0.064500,0.075000,0.057000,0.098000,0.087500,0.115500,0.176000,0.383500
0.072500,0.039500,0.044000,0.064500,0.075000,0.057000,0.098000,0.087500,0.115500,0.176000,0.383500
0.072500,0.039500,0.044000,0.064500,0.075000,0.057000,0.098000,0.087500,0.115500,0.176000,0.383500
0.072500,0.039500,0.044000,0.064500,0.075000,0.057000,0.098000,0.087500,0.115500,0.176000,0.383500
0.072500,0.039500,0.044000,0.064500,0.075000,0.057000,0.098000,0.087500,0.115500,0.176000,0.383500
0.072500,0.039500,0.044000,0.064500,0.075000,0.057000,0.098000,0.087500,0.115500,0.176000,0.383500
0.072500,0.039500,0.044000,0.064500,0.075000,0.057000,0.098000,0.087500,0.115500,0.176000,0.383500
0.072500,0.039500,0.044000,0.064500,0.075000,0.057000,0.098000,0.087500,0.115500,0.176000,0.383500
0.072500,0.039500,0.044000,0.064500,0.075000,0.057000,0.098000,0.087500,0.115500,0.176000,0.383500
0.072500,0.039500,0.044000,0.064500,0.075000,0.057000,0.098000,0.087500,0.115500,0.176000,0.383500
0.072500,0.039500,0.044000,0.064500,0.075000,0.057000,0.098000,0.087500,0.115500,0.176000,0.383500
0.072500,0.039500,0.044000,0.064500,0.075000,0.057000,0.098000,0.087500,0.115500,0.176000,0.383500
0.072500,0.039500,0.044000,0.064500,0.075000,0.057000,0.098000,0.087500,0.115500,0.176000,0.383500
0.072500,0.039500,0.044000,0.064500,0.075000,0.057000,0.098000,0.087500,0.115500,0.176000,0.383500
0.072500,0.039500,0.044000,0.064500,0.075000,0.057000,0.098000,0.087500,0.115500,0.176000,0.383500
0.072500,0.039500,0.044000,0.064500,0.075000,0.057000,0.098000,0.087500,0.115500,0.176000,0.383500
0.072500,0.039500,0.044000,0.064500,0.075000,0.057000,0.098000,0.087500,0.115500,0.176000,0.383500
0.072500,0.039500,0.044000,0.064500,0.075000,0.057000,0.098000,0.087500,0.115500,0.176000,0.383500
0.072500,0.039500,0.044000,0.064500,0.075000,0.057000,0.098000,0.087500,0.115500,0.176000,0.383500
0.072500,0.039500,0.044000,0.064500,0.075000,0.057000,0.098000,0.087500,0.115500,0.176000,0.383500
0.072500,0.039500,0.044000,0.064500,0.075000,0.057000,0.098000,0.087500,0.115500,0.176000,0.383500
0.072500,0.039500,0.044000,0.064500,0.075000,0.057000,0.098000,0.087500,0.115500,0.176000,0.383500
0.072500,0.039500,0.044000,0.064500,0.075000,0.057000,0.098000,0.087500,0.115500,0.176000,0.383500
0.072500,0.039500,0.044000,0.064500,0.075000,0.057000,0.098000,0.087500,0.115500,0.176000,0.383500
0.072500,0.039500,0.044000,0.064500,0.075000,0.057000,0.098000,0.087500,0.115500,0.176000,0.383500
0.072500,0.039500,0.044000,0.064500,0.075000,0.057000,0.098000,0.087500,0.115500,0.176000,0.383500
0.072500,0.039500,0.044000,0.064500,0.075000,0.057000,0.098000,0.087500,0.115500,0.176000,0.383500
0.072500,0.039500,0.044000,0.064500,0.075000,0.057000,0.098000,0.087500,0.115500,0.176000,0.383500
0.072500,0.039500,0.044000,0.064500,0.075000,0.057000,0.098000,0.087500,0.115500,0.176000,0.383500
0.072500,0.039500,0.044000,0.064500,0.075000,0.057000,0.098000,0.087500,0.115500,0.176000,0.383500
0.072500,0.039500,0.044000,0.064500,0.075000,0.057000,0.098000,0.087500,0.115500,0.176000,0.383500
0.072500,0.039500,0.044000,0.064500,0.075000,0.057000,0.098000,0.087500,0.115500,0.176000,0.383500
0.072500,0.039500,0.044000,0.064500,0.075000,0.057000,0.098000,0.087500,0.115500,0.176000,0.383500
0.072500,0.039500,0.044000,0.064500,0.075000,0.057000,0.098000,0.087500,0.115500,0.176000,0.383500
0.072500,0.039500,0.044000,0.064500,0.075000,0.057000,0.098000,0.087500,0.115500,0.176000,0.383500
0.072500,0.039500,0.044000,0.064500,0.075000,0.057000,0.098000,0.087500,0.115500,0.176000,0.383500
0.072500,0.039500,0.044000,0.064500,0.075000,0.057000,0.098000,0.087500,0.115500,0.176000,0.383500
0.072500,0.039500,0.044000,0.064500,0.075000,0.057000,0.098000,0.087500,0.115500,0.176000,0.383500
0.072500,0.039500,0.044000,0.064500,0.075000,0.057000,0.098000,0.087500,0.115500,0.176000,0.383500
0.072500,0.039500,0.044000,0.064500,0.075000,0.057000,0.098000,0.087500,0.115500,0.176000,0.383500
0.072500,0.039500,0.044000,0.064500,0.075000,0.057000,0.098000,0.087500,0.115500,0.176000,0.383500
0.072500,0.039500,0.044000,0.064500,0.075000,0.057000,0.098000,0.087500,0.115500,0.176000,0.383500
0.072500,0.039500,0.044000,0.064500,0.075000,0.057000,0.098000,0.087500,0.115500,0.176000,0.383500
0.072500,0.039500,0.044000,0.064500,0.075000,0.057000,0.098000,0.087500,0.115500,0.176000,0.383500
0.072500,0.039500,0.044000,0.064500,0.075000,0.057000,0.098000,0.087500,0.115500,0.176000,0.383500
0.072500,0.039500,0.044000,0.064500,0.075000,0.057000,0.098000,0.087500,0.115500,0.176000,0.383500
0.072500,0.039500,0.044000,0.064500,0.075000,0.057000,0.098000,0.087500,0.115500,0.176000,0.383500
0.072500,0.039500,0.044000,0.064500,0.075000,0.057000,0.098000,0.087500,0.115500,0.176000,0.383500
0.072500,0.039500,0.044000,0.064500,0.075000,0.057000,0.098000,0.087500,0.115500,0.176000,0.383500
0.072500,0.039500,0.044000,0.064500,0.075000,0.057000,0.098000,0.087500,0.115500,0.176000,0.383500
0.072500,0.039500,0.044000,0.064500,0.075000,0.057000,0.098000,0.087500,0.115500,0.176000,0.383500
0.072500,0.039500,0.044000,0.064500,0.075000,0.057000,0.098000,0.087500,0.115500,0.176000,0.383500
0.072500,0.039500,0.044000,0.064500,0.075000,0.057000,0.098000,0.087500,0.115500,0.176000,0.383500
0.072500,0.039500,0.044000,0.064500,0.075000,0.057000,0.098000,0.087500,0.115500,0.176000,0.383500
0.072500,0.039500,0.044000,0.064500,0.075000,0.057000,0.098000,0.087500,0.115500,0.176000,0.383500
0.072500,0.039500,0.044000,0.064500,0.075000,0.057000,0.098000,0.087500,0.115500,0.176000,0.383500
0.072500,0.039500,0.044000,0.064500,0.075000,0.057000,0.098000,0.087500,0.115500,0.176000,0.383500
0.072500,0.039500,0.044000,0.064500,0.075000,0.057000,0.098000,0.087500,0.115500,0.176000,0.383500
0.072500,0.039500,0.044000,0.064500,0.075000,0.057000,0.098000,0.087500,0.115500,0.176000,0.383500
0.072500,0.039500,0.044000,0.064500,0.075000,0.057000,0.098000,0.087500,0.115500,0.176000,0.383500
0.072500,0.039500,0.044000,0.064500,0.075000,0.057000,0.098000,0.087500,0.115500,0.176000,0.383500
0.072500,0.039500,0.044000,0.064500,0.075000,0.057000,0.098000,0.087500,0.115500,0.176000,0.383500
0.072500,0.039500,0.044000,0.064500,0.075000,0.057000,0.098000,0.087500,0.115500,0.176000,0.383500
0.072500,0.039500,0.044000,0.064500,0.075000,0.057000,0.098000,0.087500,0.115500,0.176000,0.383500
0.072500,0.039500,0.044000,0.064500,0.075000,0.057000,0.098000,0.087500,0.115500,0.176000,0.383500
0.072500,0.039500,0.044000,0.064500,0.075000,0.057000,0.098000,0.087500,0.115500,0.176000,0.383500
0.072500,0.039500,0.044000,0.064500,0.075000,0.057000,0.098000,0.087500,0.115500,0.176000,0.383500
0.072500,0.039500,0.044000,0.064500,0.075000,0.057000,0.098000,0.087500,0.115500,0.176000,0.383500
0.072500,0.039500,0.044000,0.064500,0.075000,0.057000,0.098000,0.087500,0.115500,0.176000,0.383500
0.072500,0.039500,0.044000,0.064500,0.075000,0.057000,0.098000,0.087500,0.115500,0.176000,0.383500
0.072500,0.039500,0.044000,0.064500,0.075000,0.057000,0.098000,0.087500,0.115500,0.176000,0.383500
0.072500,0.039500,0.044000,0.064500,0.075000,0.057000,0.098000,0.087500,0.115500,0.176000,0.383500
0.072500,0.039500,0.044000,0.064500,0.075000,0.057000,0.098000,0.087500,0.115500,0.176000,0.383500
0.072500,0.039500,0.044000,0.064500,0.075000,0.057000,0.098000,0.087500,0.115500,0.176000,0.383500
0.072500,0.039500,0.044000,0.064500,0.075000,0.057000,0.098000,0.087500,0.115500,0.176000,0.383500
0.072500,0.039500,0.044000,0.064500,0.075000,0.057000,0.098000,0.087500,0.115500,0.176000,0.383500
0.072500,0.039500,0.044000,0.064500,0.075000,0.057000,0.098000,0.087500,0.115500,0.176000,0.383500
0.072500,0.039500,0.044000,0.064500,0.075000,0.057000,0.098000,0.087500,0.115500,0.176000,0.383500
0.072500,0.039500,0.044000,0.064500,0.075000,0.057000,0.098000,0.087500,0.115500,0.176000,0.383500
0.072500,0.039500,0.044000,0.064500,0.075000,0.057000,0.098000,0.087500,0.115500,0.176000,0.383500
0.072500,0.039500,0.044000,0.064500,0.075000,0.057000,0.098000,0.087500,0.115500,0.176000,0.383500
0.072500,0.039500,0.044000,0.064500,0.075000,0.057000,0.098000,0.087500,0.115500,0.176000,0.383500
0.072500,0.039500,0.044000,0.064500,0.075000,0.057000,0.098000,0.087500,0.115500,0.176000,0.383500
0.072500,0.039500,0.044000,0.064500,0.075000,0.057000,0.098000,0.087500,0.115500,0.176000,0.383500
0.072500,0.039500,0.044000,0.064500,0.075000,0.057000,0.098000,0.087500,0.115500,0.176000,0.383500
0.072500,0.039500,0.044000,0.064500,0.075000,0.057000,0.098000,0.087500,0.115500,0.176000,0.383500
0.072500,0.039500,0.044000,0.064500,0.075000,0.057000,0.098000,0.087500,0.115500,0.176000,0.383500
0.072500,0.039500,0.044000,0.064500,0.075000,0.057000,0.098000,0.087500,0.115500,0.176000,0.383500
0.072500,0.039500,0.044000,0.064500,0.075000,0.057000,0.098000,0.087500,0.115500,0.176000,0.383500
0.072500,0.039500,0.044000,0.064500,0.075000,0.057000,0.098000,0.087500,0.115500,0.176000,0.383500
0.072500,0.039500,0.044000,0.064500,0.075000,0.057000,0.098000,0.087500,0.115500,0.176000,0.383500
0.072500,0.039500,0.044000,0.064500,0.075000,0.057000,0.098000,0.087500,0.115500,0.176000,0.383500
0.072500,0.039500,0.044000,0.064500,0.075000,0.057000,0.098000,0.087500,0.115500,0.176000,0.383500
0.072500,0.039500,0.044000,0.064500,0.075000,0.057000,0.098000,0.087500,0.115500,0.176000,0.383500
0.072500,0.039500,0.044000,0.064500,0.075000,0.057000,0.098000,0.087500,0.115500,0.176000,0.383500
0.072500,0.039500,0.044000,0.064500,0.075000,0.057000,0.098000,0.087500,0.115500,0.176000,0.383500
0.072500,0.039500,0.044000,0.064500,0.075000,0.057000,0.098000,0.087500,0.115500,0.176000,0.383500
0.072500,0.039500,0.044000,0.064500,0.075000,0.057000,0.098000,0.087500,0.115500,0.176000,0.383500
0.072500,0.039500,0.044000,0.064500,0.075000,0.057000,0.098000,0.087500,0.115500,0.176000,0.383500
0.072500,0.039500,0.044000,0.064500,0.075000,0.057000,0.098000,0.087500,0.115500,0.176000,0.383500
0.072500,0.039500,0.044000,0.064500,0.075000,0.057000,0.098000,0.087500,0.115500,0.176000,0.383500
0.072500,0.039500,0.044000,0.064500,0.075000,0.057000,0.098000,0.087500,0.115500,0.176000,0.383500
0.072500,0.039500,0.044000,0.064500,0.075000,0.057000,0.098000,0.087500,0.115500,0.176000,0.383500
0.072500,0.039500,0.044000,0.064500,0.075000,0.057000,0.098000,0.087500,0.115500,0.176000,0.383500
0.072500,0.039500,0.044000,0.064500,0.075000,0.057000,0.098000,0.087500,0.115500,0.176000,0.383500
0.072500,0.039500,0.044000,0.064500,0.075000,0.057000,0.098000,0.087500,0.115500,0.176000,0.383500
0.072500,0.039500,0.044000,0.064500,0.075000,0.057000,0.098000,0.087500,0.115500,0.176000,0.383500
0.072500,0.039500,0.044000,0.064500,0.075000,0.057000,0.098000,0.087500,0.115500,0.176000,0.383500
0.072500,0.039500,0.044000,0.064500,0.075000,0.057000,0.098000,0.087500,0.115500,0.176000,0.383500
0.072500,0.039500,0.044000,0.064500,0.075000,0.057000,0.098000,0.087500,0.115500,0.176000,0.383500
0.072500,0.039500,0.044000,0.064500,0.075000,0.057000,0.098000,0.087500,0.115500,0.176000,0.383500
0.072500,0.039500,0.044000,0.064500,0.075000,0.057000,0.098000,0.087500,0.115500,0.176000,0.383500
0.072500,0.039500,0.044000,0.064500,0.075000,0.057000,0.098000,0.087500,0.115500,0.176000,0.383500
0.072500,0.039500,0.044000,0.064500,0.075000,0.057000,0.098000,0.087500,0.115500,0.176000,0.383500
0.072500,0.039500,0.044000,0.064500,0.075000,0.057000,0.098000,0.087500,0.115500,0.176000,0.383500
0.072500,0.039500,0.044000,0.064500,0.075000,0.057000,0.098000,0.087500,0.115500,0.176000,0.383500
0.072500,0.039500,0.044000,0.064500,0.075000,0.057000,0.098000,0.087500,0.115500,0.176000,0.383500
0.072500,0.039500,0.044000,0.064500,0.075000,0.057000,0.098000,0.087500,0.115500,0.176000,0.383500
0.072500,0.039500,0.044000,0.064500,0.075000,0.057000,0.098000,0.087500,0.115500,0.176000,0.383500
0.072500,0.039500,0.044000,0.064500,0.075000,0.057000,0.098000,0.087500,0.115500,0.176000,0.383500
0.072500,0.039500,0.044000,0.064500,0.075000,0.057000,0.098000,0.087500,0.115500,0.176000,0.383500
0.072500,0.039500,0.044000,0.064500,0.075000,0.057000,0.098000,0.087500,0.115500,0.176000,0.383500
0.072500,0.039500,0.044000,0.064500,0.075000,0.057000,0.098000,0.087500,0.115500,0.176000,0.383500
0.072500,0.039500,0.044000,0.064500,0.075000,0.057000,0.098000,0.087500,0.115500,0.176000,0.383500
0.072500,0.039500,0.044000,0.064500,0.075000,0.057000,0.098000,0.087500,0.115500,0.176000,0.383500
0.072500,0.039500,0.044000,0.064500,0.075000,0.057000,0.098000,0.087500,0.115500,0.176000,0.383500
0.072500,0.039500,0.044000,0.064500,0.075000,0.057000,0.098000,0.087500,0.115500,0.176000,0.383500
0.072500,0.039500,0.044000,0.064500,0.075000,0.057000,0.098000,0.087500,0.115500,0.176000,0.383500
0.072500,0.039500,0.044000,0.064500,0.075000,0.057000,0.098000,0.087500,0.115500,0.176000,0.383500
0.072500,0.039500,0.044000,0.064500,0.075000,0.057000,0.098000,0.087500,0.115500,0.176000,0.383500
0.072500,0.039500,0.044000,0.064500,0.075000,0.057000,0.098000,0.087500,0.115500,0.176000,0.383500
0.072500,0.039500,0.044000,0.064500,0.075000,0.057000,0.098000,0.087500,0.115500,0.176000,0.383500
0.072500,0.039500,0.044000,0.064500,0.075000,0.057000,0.098000,0.087500,0.115500,0.176000,0.383500
0.072500,0.039500,0.044000,0.064500,0.075000,0.057000,0.098000,0.087500,0.115500,0.176000,0.383500
0.072500,0.039500,0.044000,0.064500,0.075000,0.057000,0.098000,0.087500,0.115500,0.176000,0.383500
0.072500,0.039500,0.044000,0.064500,0.075000,0.057000,0.098000,0.087500,0.115500,0.176000,0.383500
0.072500,0.039500,0.044000,0.064500,0.075000,0.057000,0.098000,0.087500,0.115500,0.176000,0.383500
0.072500,0.039500,0.044000,0.064500,0.075000,0.057000,0.098000,0.087500,0.115500,0.176000,0.383500
0.072500,0.039500,0.044000,0.064500,0.075000,0.057000,0.098000,0.087500,0.115500,0.176000,0.383500
0.072500,0.039500,0.044000,0.064500,0.075000,0.057000,0.098000,0.087500,0.115500,0.176000,0.383500
0.072500,0.039500,0.044000,0.064500,0.075000,0.057000,0.098000,0.087500,0.115500,0.176000,0.383500
0.072500,0.039500,0.044000,0.064500,0.075000,0.057000,0.098000,0.087500,0.115500,0.176000,0.383500
0.072500,0.039500,0.044000,0.064500,0.075000,0.057000,0.098000,0.087500,0.115500,0.176000,0.383500
0.072500,0.039500,0.044000,0.064500,0.075000,0.057000,0.098000,0.087500,0.115500,0.176000,0.383500
0.072500,0.039500,0.044000,0.064500,0.075000,0.057000,0.098000,0.087500,0.115500,0.176000,0.383500
0.072500,0.039500,0.044000,0.064500,0.075000,0.057000,0.098000,0.087500,0.115500,0.176000,0.383500
0.072500,0.039500,0.044000,0.064500,0.075000,0.057000,0.098000,0.087500,0.115500,0.176000,0.383500
0.072500,0.039500,0.044000,0.064500,0.075000,0.057000,0.098000,0.087500,0.115500,0.176000,0.383500
0.072500,0.039500,0.044000,0.064500,0.075000,0.057000,0.098000,0.087500,0.115500,0.176000,0.383500
0.072500,0.039500,0.044000,0.064500,0.075000,0.057000,0.098000,0.087500,0.115500,0.176000,0.383500
0.072500,0.039500,0.044000,0.064500,0.075000,0.057000,0.098000,0.087500,0.115500,0.176000,0.383500
0.072500,0.039500,0.044000,0.064500,0.075000,0.057000,0.098000,0.087500,0.115500,0.176000,0.383500
0.072500,0.039500,0.044000,0.064500,0.075000,0.057000,0.098000,0.087500,0.115500,0.176000,0.383500
0.072500,0.039500,0.044000,0.064500,0.075000,0.057000,0.098000,0.087500,0.115500,0.176000,0.383500
0.072500,0.039500,0.044000,0.064500,0.075000,0.057000,0.098000,0.087500,0.115500,0.176000,0.383500
0.072500,0.039500,0.044000,0.064500,0.075000,0.057000,0.098000,0.087500,0.115500,0.176000,0.383500
0.072500,0.039500,0.044000,0.064500,0.075000,0.057000,0.098000,0.087500,0.115500,0.176000,0.383500
0.072500,0.039500,0.044000,0.064500,0.075000,0.057000,0.098000,0.087500,0.115500,0.176000,0.383500
0.072500,0.039500,0.044000,0.064500,0.075000,0.057000,0.098000,0.087500,0.115500,0.176000,0.383500
0.072500,0.039500,0.044000,0.064500,0.075000,0.057000,0.098000,0.087500,0.115500,0.176000,0.383500
0.072500,0.039500,0.044000,0.064500,0.075000,0.057000,0.098000,0.087500,0.115500,0.176000,0.383500
0.072500,0.039500,0.044000,0.064500,0.075000,0.057000,0.098000,0.087500,0.115500,0.176000,0.383500
0.072500,0.039500,0.044000,0.064500,0.075000,0.057000,0.098000,0.087500,0.115500,0.176000,0.383500
0.072500,0.039500,0.044000,0.064500,0.075000,0.057000,0.098000,0.087500,0.115500,0.176000,0.383500
0.072500,0.039500,0.044000,0.064500,0.075000,0.057000,0.098000,0.087500,0.115500,0.176000,0.383500
0.072500,0.039500,0.044000,0.064500,0.075000,0.057000,0.098000,0.087500,0.115500,0.176000,0.383500
0.072500,0.039500,0.044000,0.064500,0.075000,0.057000,0.098000,0.087500,0.115500,0.176000,0.383500
0.072500,0.039500,0.044000,0.064500,0.075000,0.057000,0.098000,0.087500,0.115500,0.176000,0.383500
0.072500,0.039500,0.044000,0.064500,0.075000,0.057000,0.098000,0.087500,0.115500,0.176000,0.383500
0.072500,0.039500,0.044000,0.064500,0.075000,0.057000,0.098000,0.087500,0.115500,0.176000,0.383500
0.072500,0.039500,0.044000,0.064500,0.075000,0.057000,0.098000,0.087500,0.115500,0.176000,0.383500
0.072500,0.039500,0.044000,0.064500,0.075000,0.057000,0.098000,0.087500,0.115500,0.176000,0.383500
0.072500,0.039500,0.044000,0.064500,0.075000,0.057000,0.098000,0.087500,0.115500,0.176000,0.383500
0.072500,0.039500,0.044000,0.064500,0.075000,0.057000,0.098000,0.087500,0.115500,0.176000,0.383500
0.072500,0.039500,0.044000,0.064500,0.075000,0.057000,0.098000,0.087500,0.115500,0.176000,0.383500
0.072500,0.039500,0.044000,0.064500,0.075000,0.057000,0.098000,0.087500,0.115500,0.176000,0.383500
0.072500,0.039500,0.044000,0.064500,0.075000,0.057000,0.098000,0.087500,0.115500,0.176000,0.383500
0.072500,0.039500,0.044000,0.064500,0.075000,0.057000,0.098000,0.087500,0.115500,0.176000,0.383500
0.072500,0.039500,0.044000,0.064500,0.075000,0.057000,0.098000,0.087500,0.115500,0.176000,0.383500
0.072500,0.039500,0.044000,0.064500,0.075000,0.057000,0.098000,0.087500,0.115500,0.176000,0.383500
0.072500,0.039500,0.044000,0.064500,0.075000,0.057000,0.098000,0.087500,0.115500,0.176000,0.383500
0.072500,0.039500,0.044000,0.064500,0.075000,0.057000,0.098000,0.087500,0.115500,0.176000,0.383500
0.072500,0.039500,0.044000,0.064500,0.075000,0.057000,0.098000,0.087500,0.115500,0.176000,0.383500
0.072500,0.039500,0.044000,0.064500,0.075000,0.057000,0.098000,0.087500,0.115500,0.176000,0.383500
0.072500,0.039500,0.044000,0.064500,0.075000,0.057000,0.098000,0.087500,0.115500,0.176000,0.383500
0.072500,0.039500,0.044000,0.064500,0.075000,0.057000,0.098000,0.087500,0.115500,0.176000,0.383500
0.072500,0.039500,0.044000,0.064500,0.075000,0.057000,0.098000,0.087500,0.115500,0.176000,0.383500
0.072500,0.039500,0.044000,0.064500,0.075000,0.057000,0.098000,0.087500,0.115500,0.176000,0.383500
0.072500,0.039500,0.044000,0.064500,0.075000,0.057000,0.098000,0.087500,0.115500,0.176000,0.383500
0.072500,0.039500,0.044000,0.064500,0.075000,0.057000,0.098000,0.087500,0.115500,0.176000,0.383500
0.072500,0.039500,0.044000,0.064500,0.075000,0.057000,0.098000,0.087500,0.115500,0.176000,0.383500
0.072500,0.039500,0.044000,0.064500,0.075000,0.057000,0.098000,0.087500,0.115500,0.176000,0.383500
0.072500,0.039500,0.044000,0.064500,0.075000,0.057000,0.098000,0.087500,0.115500,0.176000,0.383500
0.072500,0.039500,0.044000,0.064500,0.075000,0.057000,0.098000,0.087500,0.115500,0.176000,0.383500
0.072500,0.039500,0.044000,0.064500,0.075000,0.057000,0.098000,0.087500,0.115500,0.176000,0.383500
0.072500,0.039500,0.044000,0.064500,0.075000,0.057000,0.098000,0.087500,0.115500,0.176000,0.383500
0.072500,0.039500,0.044000,0.064500,0.075000,0.057000,0.098000,0.087500,0.115500,0.176000,0.383500
0.072500,0.039500,0.044000,0.064500,0.075000,0.057000,0.098000,0.087500,0.115500,0.176000,0.383500
0.072500,0.039500,0.044000,0.064500,0.075000,0.057000,0.098000,0.087500,0.115500,0.176000,0.383500
0.072500,0.039500,0.044000,0.064500,0.075000,0.057000,0.098000,0.087500,0.115500,0.176000,0.383500
0.072500,0.039500,0.044000,0.064500,0.075000,0.057000,0.098000,0.087500,0.115500,0.176000,0.383500
0.072500,0.039500,0.044000,0.064500,0.075000,0.057000,0.098000,0.087500,0.115500,0.176000,0.383500
0.072500,0.039500,0.044000,0.064500,0.075000,0.057000,0.098000,0.087500,0.115500,0.176000,0.383500
0.072500,0.039500,0.044000,0.064500,0.075000,0.057000,0.098000,0.087500,0.115500,0.176000,0.383500
0.072500,0.039500,0.044000,0.064500,0.075000,0.057000,0.098000,0.087500,0.115500,0.176000,0.383500
0.072500,0.039500,0.044000,0.064500,0.075000,0.057000,0.098000,0.087500,0.115500,0.176000,0.383500
0.072500,0.039500,0.044000,0.064500,0.075000,0.057000,0.098000,0.087500,0.115500,0.176000,0.383500
0.072500,0.039500,0.044000,0.064500,0.075000,0.057000,0.098000,0.087500,0.115500,0.176000,0.383500
0.072500,0.039500,0.044000,0.064500,0.075000,0.057000,0.098000,0.087500,0.115500,0.176000,0.383500
0.072500,0.039500,0.044000,0.064500,0.075000,0.057000,0.098000,0.087500,0.115500,0.176000,0.383500
0.072500,0.039500,0.044000,0.064500,0.075000,0.057000,0.098000,0.087500,0.115500,0.176000,0.383500
0.072500,0.039500,0.044000,0.064500,0.075000,0.057000,0.098000,0.087500,0.115500,0.176000,0.383500
0.072500,0.039500,0.044000,0.064500,0.075000,0.057000,0.098000,0.087500,0.115500,0.176000,0.383500
0.072500,0.039500,0.044000,0.064500,0.075000,0.057000,0.098000,0.087500,0.115500,0.176000,0.383500
0.072500,0.039500,0.044000,0.064500,0.075000,0.057000,0.098000,0.087500,0.115500,0.176000,0.383500
0.072500,0.039500,0.044000,0.064500,0.075000,0.057000,0.098000,0.087500,0.115500,0.176000,0.383500
0.072500,0.039500,0.044000,0.064500,0.075000,0.057000,0.098000,0.087500,0.115500,0.176000,0.383500
0.072500,0.039500,0.044000,0.064500,0.075000,0.057000,0.098000,0.087500,0.115500,0.176000,0.383500
0.072500,0.039500,0.044000,0.064500,0.075000,0.057000,0.098000,0.087500,0.115500,0.176000,0.383500
0.072500,0.039500,0.044000,0.064500,0.075000,0.057000,0.098000,0.087500,0.115500,0.176000,0.383500
0.072500,0.039500,0.044000,0.064500,0.075000,0.057000,0.098000,0.087500,0.115500,0.176000,0.383500
0.072500,0.039500,0.044000,0.064500,0.075000,0.057000,0.098000,0.087500,0.115500,0.176000,0.383500
0.072500,0.039500,0.044000,0.064500,0.075000,0.057000,0.098000,0.087500,0.115500,0.176000,0.383500
0.072500,0.039500,0.044000,0.064500,0.075000,0.057000,0.098000,0.087500,0.115500,0.176000,0.383500
0.072500,0.039500,0.044000,0.064500,0.075000,0.057000,0.098000,0.087500,0.115500,0.176000,0.383500
0.072500,0.039500,0.044000,0.064500,0.075000,0.057000,0.098000,0.087500,0.115500,0.176000,0.383500
0.072500,0.039500,0.044000,0.064500,0.075000,0.057000,0.098000,0.087500,0.115500,0.176000,0.383500
0.072500,0.039500,0.044000,0.064500,0.075000,0.057000,0.098000,0.087500,0.115500,0.176000,0.383500
0.072500,0.039500,0.044000,0.064500,0.075000,0.057000,0.098000,0.087500,0.115500,0.176000,0.383500
0.072500,0.039500,0.044000,0.064500,0.075000,0.057000,0.098000,0.087500,0.115500,0.176000,0.383500
0.072500,0.039500,0.044000,0.064500,0.075000,0.057000,0.098000,0.087500,0.115500,0.176000,0.383500
0.072500,0.039500,0.044000,0.064500,0.075000,0.057000,0.098000,0.087500,0.115500,0.176000,0.383500
0.072500,0.039500,0.044000,0.064500,0.075000,0.057000,0.098000,0.087500,1.551303,0.176000,0.383500
0.072500,0.039500,0.044000,0.064500,0.075000,0.057000,0.098000,0.087500,2.987107,0.176000,0.383500
0.072500,0.039500,0.044000,0.064500,0.075000,0.057000,0.098000,0.087500,4.422910,0.176000,0.383500
0.104776,0.039500,0.044000,0.064500,0.075000,0.057000,0.098000,0.087500,2.987107,0.176000,0.383500
0.137051,0.039500,0.044000,0.064500,0.075000,0.057000,0.098000,0.087500,1.551303,0.176000,0.383500
0.169327,0.039500,0.044000,0.064500,0.075000,0.057000,0.098000,0.087500,0.115500,0.176000,0.383500
0.137051,0.039500,0.044000,0.064500,0.075000,0.057000,0.098000,0.087500,0.115500,0.176000,0.383500
0.104776,0.039500,0.044000,0.064500,0.075000,0.057000,0.098000,0.087500,0.115500,0.176000,0.383500
0.072500,0.039500,0.044000,0.064500,0.075000,0.057000,0.098000,0.087500,0.115500,0.176000,0.383500
0.072500,0.039500,0.044000,0.064500,0.075000,0.057000,0.098000,0.087500,0.115500,0.176000,0.383500
0.072500,0.039500,0.044000,0.064500,0.075000,1.310677,0.098000,0.087500,0.115500,0.176000,0.383500
0.072500,0.039500,0.044000,0.064500,0.075000,2.564353,0.098000,0.087500,0.115500,0.176000,0.383500
0.072500,0.039500,0.044000,0.064500,0.075000,3.818030,0.098000,0.087500,0.115500,0.176000,0.383500
0.072500,0.039500,0.044000,0.064500,0.075000,2.564353,0.098000,0.087500,0.115500,0.176000,0.383500
0.072500,0.039500,0.044000,0.064500,0.075000,1.310677,0.098000,0.087500,0.115500,0.176000,0.383500
0.072500,0.039500,0.044000,0.064500,0.075000,0.057000,0.098000,0.087500,0.115500,0.176000,0.383500
0.072500,0.039500,0.044000,0.064500,0.075000,0.057000,0.098000,0.087500,0.115500,0.176000,0.383500
0.072500,0.039500,0.044000,0.064500,0.075000,0.057000,0.098000,0.087500,0.115500,0.176000,0.383500
0.072500,0.039500,0.044000,0.064500,0.075000,0.057000,0.098000,0.087500,0.115500,0.176000,0.383500
0.072500,0.039500,0.044000,0.064500,0.075000,0.057000,0.098000,0.087500,0.115500,0.176000,0.383500
0.072500,0.039500,0.044000,0.064500,0.075000,0.057000,0.098000,0.087500,0.115500,0.176000,0.383500
0.072500,0.039500,0.044000,0.064500,0.075000,0.057000,0.674085,0.087500,0.115500,0.176000,0.383500
0.072500,0.039500,0.044000,0.064500,0.075000,0.057000,1.250170,0.087500,0.115500,0.176000,0.383500
0.072500,0.039500,0.044000,0.064500,0.075000,0.057000,1.826255,0.087500,0.115500,0.176000,2.931830
0.072500,0.039500,0.044000,0.064500,0.075000,0.057000,1.250170,0.087500,0.115500,0.176000,5.480160
0.072500,0.039500,0.044000,0.064500,0.075000,0.057000,0.674085,0.087500,0.115500,0.176000,8.028491
0.072500,0.039500,0.044000,0.064500,0.075000,0.057000,0.098000,0.087500,0.115500,0.176000,10.576821
0.072500,0.039500,0.044000,0.064500,0.075000,0.057000,0.098000,0.087500,0.115500,0.176000,8.028491
0.072500,0.039500,0.044000,0.474507,0.075000,0.057000,0.098000,0.087500,0.115500,0.176000,5.480160
0.072500,0.039500,0.044000,0.884513,0.238313,0.057000,0.098000,0.087500,0.115500,0.176000,2.931830
0.072500,0.039500,0.044000,1.294520,0.401627,0.057000,0.098000,0.995412,0.115500,0.176000,0.383500
0.072500,0.039500,0.044000,0.884513,0.564940,0.057000,0.098000,1.903323,0.115500,0.176000,0.383500
0.072500,0.039500,0.044000,0.474507,0.401627,0.057000,0.098000,2.811235,0.115500,0.176000,0.383500
0.072500,0.039500,0.044000,0.064500,0.238313,0.057000,0.098000,1.903323,0.115500,0.176000,0.383500
0.072500,0.039500,0.044000,0.064500,0.075000,0.057000,0.098000,0.995412,0.115500,0.176000,0.383500
0.072500,0.039500,0.044000,0.064500,0.075000,0.057000,0.098000,0.087500,0.115500,0.176000,0.383500
0.072500,0.039500,0.044000,0.064500,0.075000,0.057000,0.098000,0.087500,0.115500,0.176000,0.383500
0.072500,0.039500,0.044000,0.064500,0.075000,0.057000,0.098000,0.087500,0.115500,0.176000,0.383500
0.072500,0.039500,0.044000,0.064500,0.075000,0.057000,0.098000,0.087500,0.115500,0.176000,0.383500
0.072500,0.039500,0.044000,0.064500,0.075000,0.057000,0.098000,0.087500,0.115500,0.176000,0.383500
0.072500,0.039500,0.044000,0.064500,0.075000,0.057000,0.098000,0.087500,0.115500,0.176000,0.383500
0.072500,0.039500,0.044000,0.064500,0.075000,0.057000,0.098000,0.087500,0.115500,0.592777,0.383500
0.072500,0.039500,0.044000,0.064500,0.075000,0.057000,0.098000,0.087500,0.115500,1.009554,0.383500
0.072500,0.039500,0.044000,0.064500,0.075000,0.057000,0.098000,0.087500,0.115500,1.426332,0.383500
0.072500,0.039500,0.044000,0.064500,0.075000,0.057000,0.098000,0.087500,0.115500,1.009554,0.383500
0.072500,0.039500,0.044000,0.064500,0.075000,0.057000,0.098000,0.087500,0.115500,0.592777,0.383500
0.072500,0.039500,0.044000,0.064500,0.075000,0.057000,0.098000,0.087500,0.115500,0.176000,0.383500
0.072500,0.039500,0.044000,0.064500,0.075000,0.057000,0.098000,0.087500,0.115500,0.176000,0.383500
0.072500,0.039500,0.044000,0.064500,0.075000,0.057000,0.098000,0.087500,0.115500,0.176000,0.383500
0.072500,0.039500,0.044000,0.064500,0.075000,0.057000,0.098000,0.087500,0.115500,0.176000,0.383500
0.072500,0.039500,0.044000,0.064500,0.075000,0.057000,0.098000,0.087500,0.115500,0.176000,0.383500
0.072500,0.039500,0.044000,0.064500,0.075000,0.057000,0.098000,0.087500,0.115500,0.176000,0.383500
0.072500,0.251752,0.044000,0.064500,0.075000,0.057000,0.098000,0.087500,0.115500,0.176000,0.383500
0.072500,0.464003,0.044000,0.064500,0.075000,0.057000,0.098000,0.087500,0.115500,0.176000,0.383500
0.072500,0.676255,0.044000,0.064500,0.075000,0.057000,0.098000,0.087500,0.115500,0.176000,0.383500
0.072500,0.464003,0.044000,0.064500,0.075000,0.057000,0.098000,0.087500,0.115500,0.176000,0.383500
0.072500,0.251752,0.044000,0.064500,0.075000,0.057000,0.098000,0.087500,0.115500,0.176000,0.383500
0.072500,0.039500,0.044000,0.064500,0.075000,0.057000,0.098000,0.087500,0.115500,0.176000,0.383500
0.072500,0.039500,0.044000,0.064500,0.075000,0.057000,0.098000,0.087500,0.115500,0.176000,0.383500
0.072500,0.039500,0.044000,0.064500,0.075000,0.057000,0.098000,0.087500,0.115500,0.176000,0.383500
0.072500,0.039500,0.044000,0.064500,0.075000,0.057000,0.098000,0.087500,0.115500,0.176000,0.383500
0.072500,0.039500,0.044000,0.064500,0.075000,0.057000,0.098000,0.087500,0.115500,0.176000,0.383500
0.072500,0.039500,0.044000,0.064500,0.075000,0.057000,0.098000,0.087500,0.115500,0.176000,0.383500
0.072500,0.039500,0.044000,0.064500,0.075000,0.057000,0.098000,0.087500,0.115500,0.176000,0.383500
0.072500,0.039500,0.044000,0.064500,0.075000,0.057000,0.098000,0.087500,0.115500,0.176000,0.383500
0.072500,0.039500,0.044000,0.064500,0.075000,0.057000,0.098000,0.087500,0.115500,0.176000,0.383500
0.072500,0.039500,0.044000,0.064500,0.075000,0.057000,0.098000,0.087500,0.115500,0.176000,0.383500
0.072500,0.039500,0.044000,0.064500,0.075000,0.057000,0.098000,0.087500,0.115500,0.176000,0.383500
0.072500,0.039500,0.044000,0.064500,0.075000,0.057000,0.098000,0.087500,0.115500,0.176000,0.383500
0.072500,0.039500,0.044000,0.064500,0.075000,0.057000,0.098000,0.087500,0.115500,0.176000,0.383500
0.072500,0.039500,0.044000,0.064500,0.075000,0.057000,0.098000,0.087500,0.115500,0.176000,0.383500
0.072500,0.039500,0.044000,0.064500,0.075000,0.057000,0.098000,0.087500,0.115500,0.176000,0.383500
0.072500,0.039500,0.044000,0.064500,0.075000,0.057000,0.098000,0.087500,0.115500,0.176000,0.383500
0.072500,0.039500,0.044000,0.064500,0.075000,0.057000,0.098000,0.087500,0.115500,0.176000,0.383500
0.072500,0.039500,0.044000,0.064500,0.075000,0.057000,0.098000,0.087500,0.115500,0.176000,0.383500
0.072500,0.039500,0.044000,0.064500,0.075000,0.057000,0.098000,0.087500,0.115500,0.176000,0.383500
0.072500,0.039500,0.044000,0.064500,0.075000,0.057000,0.098000,0.087500,0.115500,0.176000,0.383500
0.072500,0.039500,0.044000,0.064500,0.075000,0.057000,0.098000,0.087500,0.115500,0.176000,0.383500
0.072500,0.039500,0.044000,0.064500,0.075000,0.057000,0.098000,0.087500,0.115500,0.176000,0.383500
0.072500,0.039500,0.044000,0.064500,0.075000,0.057000,0.098000,0.087500,0.115500,0.176000,0.383500
0.072500,0.039500,0.044000,0.064500,0.075000,0.057000,0.098000,0.087500,0.115500,0.176000,0.383500
0.072500,0.039500,0.044000,0.064500,0.075000,0.057000,0.098000,0.087500,0.115500,0.176000,0.383500
0.072500,0.039500,0.044000,0.064500,0.075000,0.057000,0.098000,0.087500,0.115500,0.176000,0.383500
0.072500,0.039500,0.044000,0.064500,0.075000,0.057000,0.098000,0.087500,0.115500,0.176000,0.383500
0.072500,0.039500,0.044000,0.064500,0.075000,0.057000,0.098000,0.087500,0.115500,0.176000,0.383500
0.072500,0.039500,0.044000,0.064500,0.075000,0.057000,0.098000,0.087500,0.115500,0.176000,0.383500
0.072500,0.039500,0.044000,0.064500,0.075000,0.057000,0.098000,0.087500,0.115500,0.176000,0.383500
0.072500,0.039500,0.044000,0.064500,0.075000,0.057000,0.098000,0.087500,0.115500,0.176000,0.383500
0.072500,0.039500,0.044000,0.064500,0.075000,0.057000,0.098000,0.087500,0.115500,0.176000,0.383500
0.072500,0.039500,0.044000,0.064500,0.075000,0.057000,0.098000,0.087500,0.115500,0.176000,0.383500
0.072500,0.039500,0.044000,0.064500,0.075000,0.057000,0.098000,0.087500,0.115500,0.176000,0.383500
0.072500,0.039500,0.044000,0.064500,0.075000,0.057000,0.098000,0.087500,0.115500,0.176000,0.383500
0.072500,0.039500,0.044000,0.064500,0.075000,0.057000,0.098000,0.087500,0.115500,0.176000,0.383500
0.072500,0.039500,0.044000,0.064500,0.075000,0.057000,0.098000,0.087500,0.115500,0.176000,0.383500
0.072500,0.039500,0.044000,0.064500,0.075000,0.057000,0.098000,0.087500,0.115500,0.176000,0.383500
0.072500,0.039500,0.044000,0.064500,0.075000,0.057000,0.098000,0.087500,0.115500,0.176000,0.383500
0.072500,0.039500,0.044000,0.064500,0.075000,0.057000,0.098000,0.087500,0.115500,0.176000,0.383500
0.072500,0.039500,0.044000,0.064500,0.075000,0.057000,0.098000,0.087500,0.115500,0.176000,0.383500
0.072500,0.039500,0.044000,0.064500,0.075000,0.057000,0.098000,0.087500,0.115500,0.176000,0.383500
0.072500,0.039500,0.044000,0.064500,0.075000,0.057000,0.098000,0.087500,0.115500,0.176000,0.383500
0.072500,0.039500,0.044000,0.064500,0.075000,0.057000,0.098000,0.087500,0.115500,0.176000,0.383500
0.072500,0.039500,0.044000,0.064500,0.075000,0.057000,0.098000,0.087500,0.115500,0.176000,0.383500
0.072500,0.039500,0.044000,0.064500,0.075000,0.057000,0.098000,0.087500,0.115500,0.176000,0.383500
0.072500,0.039500,0.044000,0.064500,0.075000,0.057000,0.098000,0.087500,0.115500,0.176000,0.383500
0.072500,0.039500,0.044000,0.064500,0.075000,0.057000,0.098000,0.087500,0.115500,0.176000,0.383500
0.072500,0.039500,0.044000,0.064500,0.075000,0.057000,0.098000,0.087500,0.115500,0.176000,0.383500
0.072500,0.039500,0.044000,0.064500,0.075000,0.057000,0.098000,0.087500,0.115500,0.176000,0.383500
0.072500,0.039500,0.044000,0.064500,0.075000,0.057000,0.098000,0.087500,0.115500,0.176000,0.383500
0.072500,0.039500,0.044000,0.064500,0.075000,0.057000,0.098000,0.087500,0.115500,0.176000,0.383500
0.072500,0.039500,0.044000,0.064500,0.075000,0.057000,0.098000,0.087500,0.115500,0.176000,0.383500
0.072500,0.039500,0.044000,0.064500,0.075000,0.057000,0.098000,0.087500,0.115500,0.176000,0.383500
0.072500,0.039500,0.044000,0.064500,0.075000,0.057000,0.098000,0.087500,0.115500,0.176000,0.383500
0.072500,0.039500,0.044000,0.064500,0.075000,0.057000,0.098000,0.087500,0.115500,0.176000,0.383500
0.072500,0.039500,0.044000,0.064500,0.075000,0.057000,0.098000,0.087500,0.115500,0.176000,0.383500
0.072500,0.039500,0.044000,0.064500,0.075000,0.057000,0.098000,0.087500,0.115500,0.176000,0.383500
0.072500,0.039500,0.044000,0.064500,0.075000,0.057000,0.098000,0.087500,0.115500,0.176000,0.383500
0.072500,0.039500,0.044000,0.064500,0.075000,0.057000,0.098000,0.087500,0.115500,0.176000,0.383500
0.072500,0.039500,0.044000,0.064500,0.075000,0.057000,0.098000,0.087500,0.115500,0.176000,0.383500
0.072500,0.039500,0.044000,0.064500,0.075000,0.057000,0.098000,0.087500,0.115500,0.176000,0.383500
0.072500,0.039500,0.044000,0.064500,0.075000,0.057000,0.098000,0.087500,0.115500,0.176000,0.383500
0.072500,0.039500,0.044000,0.064500,0.075000,0.057000,0.098000,0.087500,0.115500,0.176000,0.383500
0.072500,0.039500,0.044000,0.064500,0.075000,0.057000,0.098000,0.087500,0.115500,0.176000,0.383500
0.072500,0.039500,0.044000,0.064500,0.075000,0.057000,0.098000,0.087500,0.115500,0.176000,0.383500
0.072500,0.039500,0.044000,0.064500,0.075000,0.057000,0.098000,0.087500,0.115500,0.176000,0.383500
0.072500,0.039500,0.044000,0.064500,0.075000,0.057000,0.098000,0.087500,0.115500,0.176000,0.383500
0.072500,0.039500,0.044000,0.064500,0.075000,0.057000,0.098000,0.087500,0.115500,0.176000,0.383500
0.072500,0.039500,0.044000,0.064500,0.075000,0.057000,0.098000,0.087500,0.115500,0.176000,0.383500
0.072500,0.039500,0.044000,0.064500,0.075000,0.057000,0.098000,0.087500,0.115500,0.176000,0.383500
0.072500,0.039500,0.044000,0.064500,0.075000,0.057000,0.098000,0.087500,0.115500,0.176000,0.383500
0.072500,0.039500,0.044000,0.064500,0.075000,0.057000,0.098000,0.087500,0.115500,0.176000,0.383500
0.072500,0.039500,0.044000,0.064500,0.075000,0.057000,0.098000,0.087500,0.115500,0.176000,0.383500
0.072500,0.039500,0.044000,0.064500,0.075000,0.057000,0.098000,0.087500,0.115500,0.176000,0.383500
0.072500,0.039500,0.044000,0.064500,0.075000,0.057000,0.098000,0.087500,0.115500,0.176000,0.383500
0.072500,0.039500,0.044000,0.064500,0.075000,0.057000,0.098000,0.087500,0.115500,0.176000,0.383500
0.072500,0.039500,0.044000,0.064500,0.075000,0.057000,0.098000,0.087500,0.115500,0.176000,0.383500
0.072500,0.039500,0.044000,0.064500,0.075000,0.057000,0.098000,0.087500,0.115500,0.176000,0.383500
0.072500,0.039500,0.044000,0.064500,0.075000,0.057000,0.098000,0.087500,0.115500,0.176000,0.383500
0.072500,0.039500,0.044000,0.064500,0.075000,0.057000,0.098000,0.087500,0.115500,0.176000,0.383500
0.072500,0.039500,0.044000,0.064500,0.075000,0.057000,0.098000,0.087500,0.115500,0.176000,0.383500
0.072500,0.039500,0.044000,0.064500,0.075000,0.057000,0.098000,0.087500,0.115500,0.176000,0.383500
0.072500,0.039500,0.044000,0.064500,0.075000,0.057000,0.098000,0.087500,0.115500,0.176000,0.383500
0.072500,0.039500,0.044000,0.064500,0.075000,0.057000,0.098000,0.087500,0.115500,0.176000,0.383500
0.072500,0.039500,0.044000,0.064500,0.075000,0.057000,0.098000,0.087500,0.115500,0.176000,0.383500
0.072500,0.039500,0.044000,0.064500,0.075000,0.057000,0.098000,0.087500,0.115500,0.176000,0.383500
0.072500,0.039500,0.044000,0.064500,0.075000,0.057000,0.098000,0.087500,0.115500,0.176000,0.383500
0.072500,0.039500,0.044000,0.064500,0.075000,0.057000,0.098000,0.087500,0.115500,0.176000,0.383500
0.072500,0.039500,0.044000,0.064500,0.075000,0.057000,0.098000,0.087500,0.115500,0.176000,0.383500
0.072500,0.039500,0.044000,0.064500,0.075000,0.057000,0.098000,0.087500,0.115500,0.176000,0.383500
0.072500,0.039500,0.044000,0.064500,0.075000,0.057000,0.098000,0.087500,0.115500,0.176000,0.383500
0.072500,0.039500,0.044000,0.064500,0.075000,0.057000,0.098000,0.087500,0.115500,0.176000,0.383500
0.072500,0.039500,0.044000,0.064500,0.075000,0.057000,0.098000,0.087500,0.115500,0.176000,0.383500
0.072500,0.039500,0.044000,0.064500,0.075000,0.057000,0.098000,0.087500,0.115500,0.176000,0.383500
0.072500,0.039500,0.044000,0.064500,0.075000,0.057000,0.098000,0.087500,0.115500,0.176000,0.383500
0.072500,0.039500,0.044000,0.064500,0.075000,0.057000,0.098000,0.087500,0.115500,0.176000,0.383500
0.072500,0.039500,0.044000,0.064500,0.075000,0.057000,0.098000,0.087500,0.115500,0.176000,0.383500
0.072500,0.039500,0.044000,0.064500,0.075000,0.057000,0.098000,0.087500,0.115500,0.176000,0.383500
0.072500,0.039500,0.044000,0.064500,0.075000,0.057000,0.098000,0.087500,0.115500,0.176000,0.383500
0.072500,0.039500,0.044000,0.064500,0.075000,0.057000,0.098000,0.087500,0.115500,0.176000,0.383500
0.072500,0.039500,0.044000,0.064500,0.075000,0.057000,0.098000,0.087500,0.115500,0.176000,0.383500
0.072500,0.039500,0.044000,0.064500,0.075000,0.057000,0.098000,0.087500,0.115500,0.176000,0.383500
0.072500,0.039500,0.044000,0.064500,0.075000,0.057000,0.098000,0.087500,0.115500,0.176000,0.383500
0.072500,0.039500,0.044000,0.064500,0.075000,0.057000,0.098000,0.087500,0.115500,0.176000,0.383500
0.072500,0.039500,0.044000,0.064500,0.075000,0.057000,0.098000,0.087500,0.115500,0.176000,0.383500
0.072500,0.039500,0.044000,0.064500,0.075000,0.057000,0.098000,0.087500,0.115500,0.176000,0.383500
0.072500,0.039500,0.044000,0.064500,0.075000,0.057000,0.098000,0.087500,0.115500,0.176000,0.383500
0.072500,0.039500,0.044000,0.064500,0.075000,0.057000,0.098000,0.087500,0.115500,0.176000,0.383500
0.072500,0.039500,0.044000,0.064500,0.075000,0.057000,0.098000,0.087500,0.115500,0.176000,0.383500
0.072500,0.039500,0.044000,0.064500,0.075000,0.057000,0.098000,0.087500,0.115500,0.176000,0.383500
0.072500,0.039500,0.044000,0.064500,0.075000,0.057000,0.098000,0.087500,0.115500,0.176000,0.383500
0.072500,0.039500,0.044000,0.064500,0.075000,0.057000,0.098000,0.087500,0.115500,0.176000,0.383500
0.072500,0.039500,0.044000,0.064500,0.075000,0.057000,0.098000,0.087500,0.115500,0.176000,0.383500
0.072500,0.039500,0.044000,0.064500,0.075000,0.057000,0.098000,0.087500,0.115500,0.176000,0.383500
0.072500,0.039500,0.044000,0.064500,0.075000,0.057000,0.098000,0.087500,0.115500,0.176000,0.383500
0.072500,0.039500,0.044000,0.064500,0.075000,0.057000,0.098000,0.087500,0.115500,0.176000,0.383500
0.072500,0.039500,0.044000,0.064500,0.075000,0.057000,0.098000,0.087500,0.115500,0.176000,0.383500
0.072500,0.039500,0.044000,0.064500,0.075000,0.057000,0.098000,0.087500,0.115500,0.176000,0.383500
0.072500,0.039500,0.044000,0.064500,0.075000,0.057000,0.098000,0.087500,0.115500,0.176000,0.383500
0.072500,0.039500,0.044000,0.064500,0.075000,0.057000,0.098000,0.087500,0.115500,0.176000,0.383500
0.072500,0.039500,0.044000,0.064500,0.075000,0.057000,0.098000,0.087500,0.115500,0.176000,0.383500
0.072500,0.039500,0.044000,0.064500,0.075000,0.057000,0.098000,0.087500,0.115500,0.176000,0.383500
0.072500,0.039500,0.044000,0.064500,0.075000,0.057000,0.098000,0.087500,0.115500,0.176000,0.383500
0.072500,0.039500,0.044000,0.064500,0.075000,0.057000,0.098000,0.087500,0.115500,0.176000,0.383500
0.072500,0.039500,0.044000,0.064500,0.075000,0.057000,0.098000,0.087500,0.115500,0.176000,0.383500
0.072500,0.039500,0.044000,0.064500,0.075000,0.057000,0.098000,0.087500,0.115500,0.176000,0.383500
0.072500,0.039500,0.044000,0.064500,0.075000,0.057000,0.098000,0.087500,0.115500,0.176000,0.383500
0.072500,0.039500,0.044000,0.064500,0.075000,0.057000,0.098000,0.087500,0.115500,0.176000,0.383500
0.072500,0.039500,0.044000,0.064500,0.075000,0.057000,0.098000,0.087500,0.115500,0.176000,0.383500
0.072500,0.039500,0.044000,0.064500,0.075000,0.057000,0.098000,0.087500,0.115500,0.176000,0.383500
0.072500,0.039500,0.044000,0.064500,0.075000,0.057000,0.098000,0.087500,0.115500,0.176000,0.383500
0.072500,0.039500,0.044000,0.064500,0.075000,0.057000,0.098000,0.087500,0.115500,0.176000,0.383500
0.072500,0.039500,0.044000,0.064500,0.075000,0.057000,0.098000,0.087500,0.115500,0.176000,0.383500
0.072500,0.039500,0.044000,0.064500,0.075000,0.057000,0.098000,0.087500,0.115500,0.176000,0.383500
0.072500,0.039500,0.044000,0.064500,0.075000,0.057000,0.098000,0.087500,0.115500,0.176000,0.383500
0.072500,0.039500,0.044000,0.064500,0.075000,0.057000,0.098000,0.087500,0.115500,0.176000,0.383500
0.072500,0.039500,0.044000,0.064500,0.075000,0.057000,0.098000,0.087500,0.115500,0.176000,0.383500
0.072500,0.039500,0.044000,0.064500,0.075000,0.057000,0.098000,0.087500,0.115500,0.176000,0.383500
0.072500,0.039500,0.044000,0.064500,0.075000,0.057000,0.098000,0.087500,0.115500,0.176000,0.383500
0.072500,0.039500,0.044000,0.064500,0.075000,0.057000,0.098000,0.087500,0.115500,0.176000,0.383500
0.072500,0.039500,0.044000,0.064500,0.075000,0.057000,0.098000,0.087500,0.115500,0.176000,0.383500
0.072500,0.039500,0.044000,0.064500,0.075000,0.057000,0.098000,0.087500,0.115500,0.176000,0.383500
0.072500,0.039500,0.044000,0.064500,0.075000,0.057000,0.098000,0.087500,0.115500,0.176000,0.383500
0.072500,0.039500,0.044000,0.064500,0.075000,0.057000,0.098000,0.087500,0.115500,0.176000,0.383500
0.072500,0.039500,0.044000,0.064500,0.075000,0.057000,0.098000,0.087500,0.115500,0.176000,0.383500
0.072500,0.039500,0.044000,0.064500,0.075000,0.057000,0.098000,0.087500,0.115500,0.176000,0.383500
0.072500,0.039500,0.044000,0.064500,0.075000,0.057000,0.098000,0.087500,0.115500,0.176000,0.383500
0.072500,0.039500,0.044000,0.064500,0.075000,0.057000,0.098000,0.087500,0.115500,0.176000,0.383500
0.072500,0.039500,0.044000,0.064500,0.075000,0.057000,0.098000,0.087500,0.115500,0.176000,0.383500
0.072500,0.039500,0.044000,0.064500,0.075000,0.057000,0.098000,0.087500,0.115500,0.176000,0.383500
0.072500,0.039500,0.044000,0.064500,0.075000,0.057000,0.098000,0.087500,0.115500,0.176000,0.383500
0.072500,0.039500,0.044000,0.064500,0.075000,0.057000,0.098000,0.087500,0.115500,0.176000,0.383500
0.072500,0.039500,0.044000,0.064500,0.075000,0.057000,0.098000,0.087500,0.115500,0.176000,0.383500
0.072500,0.039500,0.044000,0.064500,0.075000,0.057000,0.098000,0.087500,0.115500,0.176000,0.383500
0.072500,0.039500,0.044000,0.064500,0.075000,0.057000,0.098000,0.087500,0.115500,0.176000,0.383500
0.072500,0.039500,0.044000,0.064500,0.075000,0.057000,0.098000,0.087500,0.115500,0.176000,0.383500
0.072500,0.039500,0.044000,0.064500,0.075000,0.057000,0.098000,0.087500,0.115500,0.176000,0.383500
0.072500,0.039500,0.044000,0.064500,0.075000,0.057000,0.098000,0.087500,0.115500,0.176000,0.383500
0.072500,0.039500,0.044000,0.064500,0.075000,0.057000,0.098000,0.087500,0.115500,0.176000,0.383500
0.072500,0.039500,0.044000,0.064500,0.075000,0.057000,0.098000,0.087500,0.115500,0.176000,0.383500
0.072500,0.039500,0.044000,0.064500,0.075000,0.057000,0.098000,0.087500,0.115500,0.176000,0.383500
0.072500,0.039500,0.044000,0.064500,0.075000,0.057000,0.098000,0.087500,0.115500,0.176000,0.383500
0.072500,0.039500,0.044000,0.064500,0.075000,0.057000,0.098000,0.087500,0.115500,0.176000,0.383500
0.072500,0.039500,0.044000,0.064500,0.075000,0.057000,0.098000,0.087500,0.115500,0.176000,0.383500
0.072500,0.039500,0.044000,0.064500,0.075000,0.057000,0.098000,0.087500,0.115500,0.176000,0.383500
0.072500,0.039500,0.044000,0.064500,0.075000,0.057000,0.098000,0.087500,0.115500,0.176000,0.383500
0.072500,0.039500,0.044000,0.064500,0.075000,0.057000,0.098000,0.087500,0.115500,0.176000,0.383500
0.072500,0.039500,0.044000,0.064500,0.075000,0.057000,0.098000,0.087500,0.115500,0.176000,0.383500
0.072500,0.039500,0.044000,0.064500,0.075000,0.057000,0.098000,0.087500,0.115500,0.176000,0.383500
0.072500,0.039500,0.044000,0.064500,0.075000,0.057000,0.098000,0.087500,0.115500,0.176000,0.383500
0.072500,0.039500,0.044000,0.064500,0.075000,0.057000,0.098000,0.087500,0.115500,0.176000,0.383500
0.072500,0.039500,0.044000,0.064500,0.075000,0.057000,0.098000,0.087500,0.115500,0.176000,0.383500
0.072500,0.039500,0.044000,0.064500,0.075000,0.057000,0.098000,0.087500,0.115500,0.176000,0.383500
0.072500,0.039500,0.044000,0.064500,0.075000,0.057000,0.098000,0.087500,0.115500,0.176000,0.383500
0.072500,0.039500,0.044000,0.064500,0.075000,0.057000,0.098000,0.087500,0.115500,0.176000,0.383500
0.072500,0.039500,0.044000,0.064500,0.075000,0.057000,0.098000,0.087500,0.115500,0.176000,0.383500
0.072500,0.039500,0.044000,0.064500,0.075000,0.057000,0.098000,0.087500,0.115500,0.176000,0.383500
0.072500,0.039500,0.044000,0.064500,0.075000,0.057000,0.098000,0.087500,0.115500,0.176000,0.383500
0.072500,0.039500,0.044000,0.064500,0.075000,0.057000,0.098000,0.087500,0.115500,0.176000,0.383500
0.072500,0.039500,0.044000,0.064500,0.075000,0.057000,0.098000,0.087500,0.115500,0.176000,0.383500
0.072500,0.039500,0.044000,0.064500,0.075000,0.057000,0.098000,0.087500,0.115500,0.176000,0.383500
0.072500,0.039500,0.044000,0.064500,0.075000,0.057000,0.098000,0.087500,0.115500,0.176000,0.383500
0.072500,0.039500,0.044000,0.064500,0.075000,0.057000,0.098000,0.087500,0.115500,0.176000,0.383500
0.072500,0.039500,0.044000,0.064500,0.075000,0.057000,0.098000,0.087500,0.115500,0.176000,0.383500
0.072500,0.039500,0.044000,0.064500,0.075000,0.057000,0.098000,0.087500,0.115500,0.176000,0.383500
0.072500,0.039500,0.044000,0.064500,0.075000,0.057000,0.098000,0.087500,0.115500,0.176000,0.383500
0.072500,0.039500,0.044000,0.064500,0.075000,0.057000,0.098000,0.087500,0.115500,0.176000,0.383500
0.072500,0.039500,0.044000,0.064500,0.075000,0.057000,0.098000,0.087500,0.115500,0.176000,0.383500
0.072500,0.039500,0.044000,0.064500,0.075000,0.057000,0.098000,0.087500,0.115500,0.176000,0.383500
0.072500,0.039500,0.044000,0.064500,0.075000,0.057000,0.098000,0.087500,0.115500,0.176000,0.383500
0.072500,0.039500,0.044000,0.064500,0.075000,0.057000,0.098000,0.087500,0.115500,0.176000,0.383500
0.072500,0.039500,0.044000,0.064500,0.075000,0.057000,0.098000,0.087500,0.115500,0.176000,0.383500
0.072500,0.039500,0.044000,0.064500,0.075000,0.057000,0.098000,0.087500,0.115500,0.176000,0.383500
0.072500,0.039500,0.044000,0.064500,0.075000,0.057000,0.098000,0.087500,0.115500,0.176000,0.383500
0.072500,0.039500,0.044000,0.064500,0.075000,0.057000,0.098000,0.087500,0.115500,0.176000,0.383500
0.072500,0.039500,0.044000,0.064500,0.075000,0.057000,0.098000,0.087500,0.115500,0.176000,0.383500
0.072500,0.039500,0.044000,0.064500,0.075000,0.057000,0.098000,0.087500,0.115500,0.176000,0.383500
0.072500,0.039500,0.044000,0.064500,0.075000,0.057000,0.098000,0.087500,0.115500,0.176000,0.383500
0.072500,0.039500,0.044000,0.064500,0.075000,0.057000,0.098000,0.087500,0.115500,0.176000,0.383500
0.072500,0.039500,0.044000,0.064500,0.075000,0.057000,0.098000,0.087500,0.115500,0.176000,0.383500
0.072500,0.039500,0.044000,0.064500,0.075000,0.057000,0.098000,0.087500,0.115500,0.176000,0.383500
0.072500,0.039500,0.044000,0.064500,0.075000,0.057000,0.098000,0.087500,0.115500,0.176000,0.383500
0.072500,0.039500,0.044000,0.064500,0.075000,0.057000,0.098000,0.087500,0.115500,0.176000,0.383500
0.072500,0.039500,0.044000,0.064500,0.075000,0.057000,0.098000,0.087500,0.115500,0.176000,0.383500
0.072500,0.039500,0.044000,0.064500,0.075000,0.057000,0.098000,0.087500,0.115500,0.176000,0.383500
0.072500,0.039500,0.044000,0.064500,0.075000,0.057000,0.098000,0.087500,0.115500,0.176000,0.383500
0.072500,0.039500,0.044000,0.064500,0.075000,0.057000,0.098000,0.087500,0.115500,0.176000,0.383500
0.072500,0.039500,0.044000,0.064500,0.075000,0.057000,0.098000,0.087500,0.115500,0.176000,0.383500
0.072500,0.039500,0.044000,0.064500,0.075000,0.057000,0.098000,0.087500,0.115500,0.176000,0.383500
0.072500,0.039500,0.044000,0.064500,0.075000,0.057000,0.098000,0.087500,0.115500,0.176000,0.383500
0.072500,0.039500,0.044000,0.064500,0.075000,0.057000,0.098000,0.087500,0.115500,0.176000,0.383500
0.072500,0.039500,0.044000,0.064500,0.075000,0.057000,0.098000,0.087500,0.115500,0.176000,0.383500
0.072500,0.039500,0.044000,0.064500,0.075000,0.057000,0.098000,0.087500,0.115500,0.176000,0.383500
0.072500,0.039500,0.044000,0.064500,0.075000,0.057000,0.098000,0.087500,0.115500,0.176000,0.383500
0.072500,0.039500,0.044000,0.064500,0.075000,0.057000,0.098000,0.087500,0.115500,0.176000,0.383500
0.072500,0.039500,0.044000,0.064500,0.075000,0.057000,0.098000,0.087500,0.115500,0.176000,0.383500
0.072500,0.039500,0.044000,0.064500,0.075000,0.057000,0.098000,0.087500,0.115500,0.176000,0.383500
0.072500,0.039500,0.044000,0.064500,0.075000,0.057000,0.098000,0.087500,0.115500,0.176000,0.383500
0.072500,0.039500,0.044000,0.064500,0.075000,0.057000,0.098000,0.087500,0.115500,0.176000,0.383500
0.072500,0.039500,0.044000,0.064500,0.075000,0.057000,0.098000,0.087500,0.115500,0.176000,0.383500
0.072500,0.039500,0.044000,0.064500,0.075000,0.057000,0.098000,0.087500,0.115500,0.176000,0.383500
0.072500,0.039500,0.044000,0.064500,0.075000,0.057000,0.098000,0.087500,0.115500,0.176000,0.383500
0.072500,0.039500,0.044000,0.064500,0.075000,0.057000,0.098000,0.087500,0.115500,0.176000,0.383500
0.072500,0.039500,0.044000,0.064500,0.075000,0.057000,0.098000,0.087500,0.115500,0.176000,0.383500
0.072500,0.039500,0.044000,0.064500,0.075000,0.057000,0.098000,0.087500,0.115500,0.176000,0.383500
0.072500,0.039500,0.044000,0.064500,0.075000,0.057000,0.098000,0.087500,0.115500,0.176000,0.383500
0.072500,0.039500,0.044000,0.064500,0.075000,0.057000,0.098000,0.087500,0.115500,0.176000,0.383500
0.072500,0.039500,0.044000,0.064500,0.075000,0.057000,0.098000,0.087500,0.115500,0.176000,0.383500
0.072500,0.039500,0.044000,0.064500,0.075000,0.057000,0.098000,0.087500,0.115500,0.176000,0.383500
0.072500,0.039500,0.044000,0.064500,0.075000,0.057000,0.098000,0.087500,0.115500,0.176000,0.383500
0.072500,0.039500,0.044000,0.064500,0.075000,0.057000,0.098000,0.087500,0.115500,0.176000,0.383500
0.072500,0.039500,0.044000,0.064500,0.075000,0.057000,0.098000,0.087500,0.115500,0.176000,0.383500
0.072500,0.039500,0.044000,0.064500,0.075000,0.057000,0.098000,0.087500,0.115500,0.176000,0.383500
0.072500,0.039500,0.044000,0.064500,0.075000,0.057000,0.098000,0.087500,0.115500,0.176000,0.383500
0.072500,0.039500,0.044000,0.064500,0.075000,0.057000,0.098000,0.087500,0.115500,0.176000,0.383500
0.072500,0.039500,0.044000,0.064500,0.075000,0.057000,0.098000,0.087500,0.115500,0.176000,0.383500
0.072500,0.039500,0.044000,0.064500,0.075000,0.057000,0.098000,0.087500,0.115500,0.176000,0.383500
0.072500,0.039500,0.044000,0.064500,0.075000,0.057000,0.098000,0.087500,0.115500,0.176000,0.383500
0.072500,0.039500,0.044000,0.064500,0.075000,0.057000,0.098000,0.087500,0.115500,0.176000,0.383500
0.072500,0.039500,0.044000,0.064500,0.075000,0.057000,0.098000,0.087500,0.115500,0.176000,0.383500
0.072500,0.039500,0.044000,0.064500,0.075000,0.057000,0.098000,0.087500,0.115500,0.176000,0.383500
0.072500,0.039500,0.044000,0.064500,0.075000,0.057000,0.098000,0.087500,0.115500,0.176000,0.383500
0.072500,0.039500,0.044000,0.064500,0.075000,0.057000,0.098000,0.087500,0.115500,0.176000,0.383500
0.072500,0.039500,0.044000,0.064500,0.075000,0.057000,0.098000,0.087500,0.115500,0.176000,0.383500
0.072500,0.039500,0.044000,0.064500,0.075000,0.057000,0.098000,0.087500,0.115500,0.176000,0.383500
0.072500,0.039500,0.044000,0.064500,0.075000,0.057000,0.098000,0.087500,0.115500,0.176000,0.383500
0.072500,0.039500,0.044000,0.064500,0.075000,0.057000,0.098000,0.087500,0.115500,0.176000,0.383500
0.072500,0.039500,0.044000,0.064500,0.075000,0.057000,0.098000,0.087500,0.115500,0.176000,0.383500
0.072500,0.039500,0.044000,0.064500,0.075000,0.057000,0.098000,0.087500,0.115500,0.176000,0.383500
0.072500,0.039500,0.044000,0.064500,0.075000,0.057000,0.098000,0.087500,0.115500,0.176000,0.383500
0.072500,0.039500,0.044000,0.064500,0.075000,0.057000,0.098000,0.087500,0.115500,0.176000,0.383500
0.072500,0.039500,0.044000,0.064500,0.075000,0.057000,0.098000,0.087500,0.115500,0.176000,0.383500
0.072500,0.039500,0.044000,0.064500,0.075000,0.057000,0.098000,0.087500,0.115500,0.176000,0.383500
0.072500,0.039500,0.044000,0.064500,0.075000,0.057000,0.098000,0.087500,0.115500,0.176000,0.383500
0.072500,0.039500,0.044000,0.064500,0.075000,0.057000,0.098000,0.087500,0.115500,0.176000,0.383500
0.072500,0.039500,0.044000,0.064500,0.075000,0.057000,0.098000,0.087500,0.115500,0.176000,0.383500
0.072500,0.039500,0.044000,0.064500,0.075000,0.057000,0.098000,0.087500,0.115500,0.176000,0.383500
0.072500,0.039500,0.044000,0.064500,0.075000,0.057000,0.098000,0.087500,0.115500,0.176000,0.383500
0.072500,0.039500,0.044000,0.064500,0.075000,0.057000,0.098000,0.087500,0.115500,0.176000,0.383500
0.072500,0.039500,0.044000,0.064500,0.075000,0.057000,0.098000,0.087500,0.115500,0.176000,0.383500
0.072500,0.039500,0.044000,0.064500,0.075000,0.057000,0.098000,0.087500,0.115500,0.176000,0.383500
0.072500,0.039500,0.044000,0.064500,0.075000,0.057000,0.098000,0.087500,0.115500,0.176000,0.383500
0.072500,0.039500,0.044000,0.064500,0.075000,0.057000,0.098000,0.087500,0.115500,0.176000,0.383500
0.072500,0.039500,0.044000,0.064500,0.075000,0.057000,0.098000,0.087500,0.115500,0.176000,0.383500
0.072500,0.039500,0.044000,0.064500,0.075000,0.057000,0.098000,0.087500,0.115500,0.176000,0.383500
0.072500,0.039500,0.044000,0.064500,0.075000,0.057000,0.098000,0.087500,0.115500,0.176000,0.383500
0.072500,0.039500,0.044000,0.064500,0.075000,0.057000,0.098000,0.087500,0.115500,0.176000,0.383500
0.072500,0.039500,0.044000,0.064500,0.075000,0.057000,0.098000,0.087500,0.115500,0.176000,0.383500
0.072500,0.039500,0.044000,0.064500,0.075000,0.057000,0.098000,0.087500,0.115500,0.176000,0.383500
0.072500,0.039500,0.044000,0.064500,0.075000,0.057000,0.098000,0.087500,0.115500,0.176000,0.383500
0.072500,0.039500,0.044000,0.064500,0.075000,0.057000,0.098000,0.087500,0.115500,0.176000,0.383500
0.072500,0.039500,0.044000,0.064500,0.075000,0.057000,0.098000,0.087500,0.115500,0.176000,0.383500
0.072500,0.039500,0.044000,0.064500,0.075000,0.057000,0.098000,0.087500,0.115500,0.176000,0.383500
0.072500,0.039500,0.044000,0.064500,0.075000,0.057000,0.098000,0.087500,0.115500,0.176000,0.383500
0.072500,0.039500,0.044000,0.064500,0.075000,0.057000,0.098000,0.087500,0.115500,0.176000,0.383500
0.072500,0.039500,0.044000,0.064500,0.075000,0.057000,0.098000,0.087500,0.115500,0.176000,0.383500
0.072500,0.039500,0.044000,0.064500,0.075000,0.057000,0.098000,0.087500,0.115500,0.176000,0.383500
0.072500,0.039500,0.044000,0.064500,0.075000,0.057000,0.098000,0.087500,0.115500,0.176000,0.383500
0.072500,0.039500,0.044000,0.064500,0.075000,0.057000,0.098000,0.087500,0.115500,0.176000,0.383500
0.072500,0.039500,0.044000,0.064500,0.075000,0.057000,0.098000,0.087500,0.115500,0.176000,0.383500
0.072500,0.039500,0.044000,0.064500,0.075000,0.057000,0.098000,0.087500,0.115500,0.176000,0.383500
0.072500,0.039500,0.044000,0.064500,0.075000,0.057000,0.098000,0.087500,0.115500,0.176000,0.383500
0.072500,0.039500,0.044000,0.064500,0.075000,0.057000,0.098000,0.087500,0.115500,0.176000,0.383500
0.072500,0.039500,0.044000,0.064500,0.075000,0.057000,0.098000,0.087500,0.115500,0.176000,0.383500
0.072500,0.039500,0.044000,0.064500,0.075000,0.057000,0.098000,0.087500,0.115500,0.176000,0.383500
0.072500,0.039500,0.044000,0.064500,0.075000,0.057000,0.098000,0.087500,0.115500,0.176000,0.383500
0.072500,0.039500,0.044000,0.064500,0.075000,0.057000,0.098000,0.087500,0.115500,0.176000,0.383500
0.072500,0.039500,0.044000,0.064500,0.075000,0.057000,0.098000,0.087500,0.115500,0.176000,0.383500
0.072500,0.039500,0.044000,0.064500,0.075000,0.057000,0.098000,0.087500,0.115500,0.176000,0.383500
0.072500,0.039500,0.044000,0.064500,0.075000,0.057000,0.098000,0.087500,0.115500,0.176000,0.383500
0.072500,0.039500,0.044000,0.064500,0.075000,0.057000,0.098000,0.087500,0.115500,0.176000,0.383500
0.072500,0.039500,0.044000,0.064500,0.075000,0.057000,0.098000,0.087500,0.115500,0.176000,0.383500
0.072500,0.039500,0.044000,0.064500,0.075000,0.057000,0.098000,0.087500,0.115500,0.176000,0.383500
0.072500,0.039500,0.044000,0.064500,0.075000,0.057000,0.098000,0.087500,0.115500,0.176000,0.383500
0.072500,0.039500,0.044000,0.064500,0.075000,0.057000,0.098000,0.087500,0.115500,0.176000,0.383500
0.072500,0.039500,0.044000,0.064500,0.075000,0.057000,0.098000,0.087500,0.115500,0.176000,0.383500
0.072500,0.039500,0.044000,0.064500,0.075000,0.057000,0.098000,0.087500,0.115500,0.176000,0.383500
0.072500,0.039500,0.044000,0.064500,0.075000,0.057000,0.098000,0.087500,0.115500,0.176000,0.383500
0.072500,0.039500,0.044000,0.064500,0.075000,0.057000,0.098000,0.087500,0.115500,0.176000,0.383500
0.072500,0.039500,0.044000,0.064500,0.075000,0.057000,0.098000,0.087500,0.115500,0.176000,0.383500
0.072500,0.039500,0.044000,0.064500,0.075000,0.057000,0.098000,0.087500,0.115500,0.176000,0.383500
0.072500,0.039500,0.044000,0.064500,0.762114,0.057000,0.098000,0.087500,0.115500,0.176000,0.383500
0.072500,0.039500,0.044000,0.064500,1.449227,0.057000,0.098000,0.087500,0.115500,0.176000,0.383500
0.072500,0.039500,0.044000,0.064500,2.136341,0.057000,0.098000,0.087500,0.115500,0.176000,0.383500
0.196121,0.039500,0.044000,0.064500,1.449227,0.057000,0.098000,0.087500,0.115500,0.176000,0.383500
0.319742,0.039500,0.044000,0.064500,0.762114,0.057000,0.098000,0.087500,0.115500,0.176000,0.383500
0.443363,0.324376,0.044000,0.064500,0.075000,0.057000,0.098000,0.087500,0.115500,0.176000,0.383500
0.319742,0.609253,0.044000,0.064500,0.075000,0.057000,0.098000,0.087500,0.115500,0.176000,0.383500
0.196121,0.894129,0.044000,0.064500,0.075000,0.057000,0.098000,0.087500,0.115500,0.176000,0.383500
0.072500,0.609253,0.044000,0.064500,0.075000,0.057000,0.098000,0.087500,0.115500,0.176000,0.383500
0.072500,0.324376,0.044000,0.064500,0.075000,0.057000,0.098000,0.087500,0.115500,0.176000,0.383500
0.072500,0.039500,0.103557,0.064500,0.075000,0.057000,0.098000,0.087500,0.115500,0.176000,0.383500
0.072500,0.039500,0.163114,0.064500,0.075000,0.057000,0.098000,0.087500,0.115500,0.176000,1.486876
0.072500,0.039500,0.222670,0.064500,0.075000,0.057000,0.098000,0.087500,0.115500,0.176000,2.590252
0.072500,0.039500,0.163114,0.064500,0.075000,0.057000,0.098000,0.087500,0.115500,0.176000,3.693628
0.072500,0.039500,0.103557,0.064500,0.075000,0.057000,0.098000,0.087500,0.115500,0.176000,4.797004
0.072500,0.039500,0.044000,0.064500,0.075000,0.057000,0.098000,0.087500,0.115500,0.176000,3.693628
0.072500,0.039500,0.044000,0.064500,0.075000,0.057000,0.098000,0.087500,0.115500,0.176000,2.590252
0.072500,0.039500,0.044000,0.064500,0.075000,0.057000,0.098000,0.087500,0.115500,0.176000,1.486876
0.072500,0.039500,0.044000,0.064500,0.075000,0.057000,0.098000,0.087500,0.115500,0.176000,0.383500
0.072500,0.039500,0.044000,0.064500,0.075000,0.057000,0.098000,0.087500,0.115500,0.176000,0.383500
0.072500,0.039500,0.044000,0.064500,0.075000,0.057000,0.446167,0.087500,0.115500,0.925627,0.383500
0.072500,0.039500,0.044000,0.064500,0.075000,0.057000,0.794335,0.531135,0.115500,1.675255,0.383500
0.072500,0.039500,0.044000,0.064500,0.075000,0.057000,1.142502,0.974770,0.115500,2.424882,0.383500
0.072500,0.039500,0.044000,0.064500,0.075000,0.057000,0.794335,1.418406,0.115500,1.675255,0.383500
0.072500,0.039500,0.044000,0.064500,0.075000,0.057000,0.446167,0.974770,0.115500,0.925627,0.383500
0.072500,0.039500,0.044000,0.064500,0.075000,0.057000,0.098000,0.531135,0.115500,0.176000,0.383500
0.072500,0.039500,0.044000,0.064500,0.075000,0.057000,0.098000,0.087500,0.115500,0.176000,0.383500
0.072500,0.039500,0.044000,0.064500,0.075000,0.057000,0.098000,0.087500,0.115500,0.176000,0.383500
0.072500,0.039500,0.044000,0.064500,0.075000,0.057000,0.098000,0.087500,0.115500,0.176000,0.383500
0.072500,0.039500,0.044000,0.064500,0.075000,0.057000,0.098000,0.087500,0.115500,0.176000,0.383500
0.072500,0.039500,0.044000,0.064500,0.075000,0.057000,0.098000,0.087500,0.115500,0.176000,0.383500
0.072500,0.039500,0.044000,0.064500,0.075000,0.057000,0.098000,0.087500,0.115500,0.176000,0.383500
0.072500,0.039500,0.044000,0.106319,0.075000,0.057000,0.098000,0.087500,0.115500,0.176000,0.383500
0.072500,0.039500,0.044000,0.148138,0.075000,0.057000,0.098000,0.087500,0.115500,0.176000,0.383500
0.072500,0.039500,0.044000,0.189957,0.075000,0.057000,0.098000,0.087500,0.115500,0.176000,0.383500
0.072500,0.039500,0.044000,0.148138,0.075000,0.057000,0.098000,0.087500,0.115500,0.176000,0.383500
0.072500,0.039500,0.044000,0.106319,0.075000,0.057000,0.098000,0.087500,0.115500,0.176000,0.383500
0.072500,0.039500,0.044000,0.064500,0.075000,0.057000,0.098000,0.087500,0.115500,0.176000,0.383500
0.072500,0.039500,0.044000,0.064500,0.075000,0.057000,0.098000,0.087500,0.115500,0.176000,0.383500
0.072500,0.039500,0.044000,0.064500,0.075000,0.057000,0.098000,0.087500,0.115500,0.176000,0.383500
0.072500,0.039500,0.044000,0.064500,0.075000,0.057000,0.098000,0.087500,0.115500,0.176000,0.383500
0.072500,0.039500,0.044000,0.064500,0.075000,0.057000,0.098000,0.087500,0.115500,0.176000,0.383500
0.072500,0.039500,0.044000,0.064500,0.075000,0.097048,0.098000,0.087500,0.115500,0.176000,0.383500
0.072500,0.039500,0.044000,0.064500,0.075000,0.137096,0.098000,0.087500,0.115500,0.176000,0.383500
0.072500,0.039500,0.044000,0.064500,0.075000,0.177144,0.098000,0.087500,0.559053,0.176000,0.383500
0.072500,0.039500,0.044000,0.064500,0.075000,0.137096,0.098000,0.087500,1.002606,0.176000,0.383500
0.072500,0.039500,0.044000,0.064500,0.075000,0.097048,0.098000,0.087500,1.446159,0.176000,0.383500
0.072500,0.039500,0.044000,0.064500,0.075000,0.057000,0.098000,0.087500,1.002606,0.176000,0.383500
0.072500,0.039500,0.044000,0.064500,0.075000,0.057000,0.098000,0.087500,0.559053,0.176000,0.383500
0.072500,0.039500,0.044000,0.064500,0.075000,0.057000,0.098000,0.087500,0.115500,0.176000,0.383500
0.072500,0.039500,0.044000,0.064500,0.075000,0.057000,0.098000,0.087500,0.115500,0.176000,0.383500
0.072500,0.039500,0.044000,0.064500,0.075000,0.057000,0.098000,0.087500,0.115500,0.176000,0.383500
0.072500,0.039500,0.044000,0.064500,0.075000,0.057000,0.098000,0.087500,0.115500,0.176000,0.383500
0.072500,0.039500,0.044000,0.064500,0.075000,0.057000,0.098000,0.087500,0.115500,0.176000,0.383500
0.072500,0.039500,0.044000,0.064500,0.075000,0.057000,0.098000,0.087500,0.115500,0.176000,0.383500
0.072500,0.039500,0.044000,0.064500,0.075000,0.057000,0.098000,0.087500,0.115500,0.176000,0.383500
0.072500,0.039500,0.044000,0.064500,0.075000,0.057000,0.098000,0.087500,0.115500,0.176000,0.383500
0.072500,0.039500,0.044000,0.064500,0.075000,0.057000,0.098000,0.087500,0.115500,0.176000,0.383500
0.072500,0.039500,0.044000,0.064500,0.075000,0.057000,0.098000,0.087500,0.115500,0.176000,0.383500
0.072500,0.039500,0.044000,0.064500,0.075000,0.057000,0.098000,0.087500,0.115500,0.176000,0.383500
0.072500,0.039500,0.044000,0.064500,0.075000,0.057000,0.098000,0.087500,0.115500,0.176000,0.383500
0.072500,0.039500,0.044000,0.064500,0.075000,0.057000,0.098000,0.087500,0.115500,0.176000,0.383500
0.072500,0.039500,0.044000,0.064500,0.075000,0.057000,0.098000,0.087500,0.115500,0.176000,0.383500
0.072500,0.039500,0.044000,0.064500,0.075000,0.057000,0.098000,0.087500,0.115500,0.176000,0.383500
0.072500,0.039500,0.044000,0.064500,0.075000,0.057000,0.098000,0.087500,0.115500,0.176000,0.383500
0.072500,0.039500,0.044000,0.064500,0.075000,0.057000,0.098000,0.087500,0.115500,0.176000,0.383500
0.072500,0.039500,0.044000,0.064500,0.075000,0.057000,0.098000,0.087500,0.115500,0.176000,0.383500
0.072500,0.039500,0.044000,0.064500,0.075000,0.057000,0.098000,0.087500,0.115500,0.176000,0.383500
0.072500,0.039500,0.044000,0.064500,0.075000,0.057000,0.098000,0.087500,0.115500,0.176000,0.383500
0.072500,0.039500,0.044000,0.064500,0.075000,0.057000,0.098000,0.087500,0.115500,0.176000,0.383500
0.072500,0.039500,0.044000,0.064500,0.075000,0.057000,0.098000,0.087500,0.115500,0.176000,0.383500
0.072500,0.039500,0.044000,0.064500,0.075000,0.057000,0.098000,0.087500,0.115500,0.176000,0.383500
0.072500,0.039500,0.044000,0.064500,0.075000,0.057000,0.098000,0.087500,0.115500,0.176000,0.383500
0.072500,0.039500,0.044000,0.064500,0.075000,0.057000,0.098000,0.087500,0.115500,0.176000,0.383500
0.072500,0.039500,0.044000,0.064500,0.075000,0.057000,0.098000,0.087500,0.115500,0.176000,0.383500
0.072500,0.039500,0.044000,0.064500,0.075000,0.057000,0.098000,0.087500,0.115500,0.176000,0.383500
0.072500,0.039500,0.044000,0.064500,0.075000,0.057000,0.098000,0.087500,0.115500,0.176000,0.383500
0.072500,0.039500,0.044000,0.064500,0.075000,0.057000,0.098000,0.087500,0.115500,0.176000,0.383500
0.072500,0.039500,0.044000,0.064500,0.075000,0.057000,0.098000,0.087500,0.115500,0.176000,0.383500
0.072500,0.039500,0.044000,0.064500,0.075000,0.057000,0.098000,0.087500,0.115500,0.176000,0.383500
0.072500,0.039500,0.044000,0.064500,0.075000,0.057000,0.098000,0.087500,0.115500,0.176000,0.383500
0.072500,0.039500,0.044000,0.064500,0.075000,0.057000,0.098000,0.087500,0.115500,0.176000,0.383500
0.072500,0.039500,0.044000,0.064500,0.075000,0.057000,0.098000,0.087500,0.115500,0.176000,0.383500
0.072500,0.039500,0.044000,0.064500,0.075000,0.057000,0.098000,0.087500,0.115500,0.176000,0.383500
0.072500,0.039500,0.044000,0.064500,0.075000,0.057000,0.098000,0.087500,0.115500,0.176000,0.383500
0.072500,0.039500,0.044000,0.064500,0.075000,0.057000,0.098000,0.087500,0.115500,0.176000,0.383500
0.072500,0.039500,0.044000,0.064500,0.075000,0.057000,0.098000,0.087500,0.115500,0.176000,0.383500
0.072500,0.039500,0.044000,0.064500,0.075000,0.057000,0.098000,0.087500,0.115500,0.176000,0.383500
0.072500,0.039500,0.044000,0.064500,0.075000,0.057000,0.098000,0.087500,0.115500,0.176000,0.383500
0.072500,0.039500,0.044000,0.064500,0.075000,0.057000,0.098000,0.087500,0.115500,0.176000,0.383500
0.072500,0.039500,0.044000,0.064500,0.075000,0.057000,0.098000,0.087500,0.115500,0.176000,0.383500
0.072500,0.039500,0.044000,0.064500,0.075000,0.057000,0.098000,0.087500,0.115500,0.176000,0.383500
0.072500,0.039500,0.044000,0.064500,0.075000,0.057000,0.098000,0.087500,0.115500,0.176000,0.383500
0.072500,0.039500,0.044000,0.064500,0.075000,0.057000,0.098000,0.087500,0.115500,0.176000,0.383500
0.072500,0.039500,0.044000,0.064500,0.075000,0.057000,0.098000,0.087500,0.115500,0.176000,0.383500
0.072500,0.039500,0.044000,0.064500,0.075000,0.057000,0.098000,0.087500,0.115500,0.176000,0.383500
0.072500,0.039500,0.044000,0.064500,0.075000,0.057000,0.098000,0.087500,0.115500,0.176000,0.383500
0.072500,0.039500,0.044000,0.064500,0.075000,0.057000,0.098000,0.087500,0.115500,0.176000,0.383500
0.072500,0.039500,0.044000,0.064500,0.075000,0.057000,0.098000,0.087500,0.115500,0.176000,0.383500
0.072500,0.039500,0.044000,0.064500,0.075000,0.057000,0.098000,0.087500,0.115500,0.176000,0.383500
0.072500,0.039500,0.044000,0.064500,0.075000,0.057000,0.098000,0.087500,0.115500,0.176000,0.383500
0.072500,0.039500,0.044000,0.064500,0.075000,0.057000,0.098000,0.087500,0.115500,0.176000,0.383500
0.072500,0.039500,0.044000,0.064500,0.075000,0.057000,0.098000,0.087500,0.115500,0.176000,0.383500
0.072500,0.039500,0.044000,0.064500,0.075000,0.057000,0.098000,0.087500,0.115500,0.176000,0.383500
0.072500,0.039500,0.044000,0.064500,0.075000,0.057000,0.098000,0.087500,0.115500,0.176000,0.383500
0.072500,0.039500,0.044000,0.064500,0.075000,0.057000,0.098000,0.087500,0.115500,0.176000,0.383500
0.072500,0.039500,0.044000,0.064500,0.075000,0.057000,0.098000,0.087500,0.115500,0.176000,0.383500
0.072500,0.039500,0.044000,0.064500,0.075000,0.057000,0.098000,0.087500,0.115500,0.176000,0.383500
0.072500,0.039500,0.044000,0.064500,0.075000,0.057000,0.098000,0.087500,0.115500,0.176000,0.383500
0.072500,0.039500,0.044000,0.064500,0.075000,0.057000,0.098000,0.087500,0.115500,0.176000,0.383500
0.072500,0.039500,0.044000,0.064500,0.075000,0.057000,0.098000,0.087500,0.115500,0.176000,0.383500
0.072500,0.039500,0.044000,0.064500,0.075000,0.057000,0.098000,0.087500,0.115500,0.176000,0.383500
0.072500,0.039500,0.044000,0.064500,0.075000,0.057000,0.098000,0.087500,0.115500,0.176000,0.383500
0.072500,0.039500,0.044000,0.064500,0.075000,0.057000,0.098000,0.087500,0.115500,0.176000,0.383500
0.072500,0.039500,0.044000,0.064500,0.075000,0.057000,0.098000,0.087500,0.115500,0.176000,0.383500
0.072500,0.039500,0.044000,0.064500,0.075000,0.057000,0.098000,0.087500,0.115500,0.176000,0.383500
0.072500,0.039500,0.044000,0.064500,0.075000,0.057000,0.098000,0.087500,0.115500,0.176000,0.383500
0.072500,0.039500,0.044000,0.064500,0.075000,0.057000,0.098000,0.087500,0.115500,0.176000,0.383500
0.072500,0.039500,0.044000,0.064500,0.075000,0.057000,0.098000,0.087500,0.115500,0.176000,0.383500
0.072500,0.039500,0.044000,0.064500,0.075000,0.057000,0.098000,0.087500,0.115500,0.176000,0.383500
0.072500,0.039500,0.044000,0.064500,0.075000,0.057000,0.098000,0.087500,0.115500,0.176000,0.383500
0.072500,0.039500,0.044000,0.064500,0.075000,0.057000,0.098000,0.087500,0.115500,0.176000,0.383500
0.072500,0.039500,0.044000,0.064500,0.075000,0.057000,0.098000,0.087500,0.115500,0.176000,0.383500
0.072500,0.039500,0.044000,0.064500,0.075000,0.057000,0.098000,0.087500,0.115500,0.176000,0.383500
0.072500,0.039500,0.044000,0.064500,0.075000,0.057000,0.098000,0.087500,0.115500,0.176000,0.383500
0.072500,0.039500,0.044000,0.064500,0.075000,0.057000,0.098000,0.087500,0.115500,0.176000,0.383500
0.072500,0.039500,0.044000,0.064500,0.075000,0.057000,0.098000,0.087500,0.115500,0.176000,0.383500
0.072500,0.039500,0.044000,0.064500,0.075000,0.057000,0.098000,0.087500,0.115500,0.176000,0.383500
0.072500,0.039500,0.044000,0.064500,0.075000,0.057000,0.098000,0.087500,0.115500,0.176000,0.383500
0.072500,0.039500,0.044000,0.064500,0.075000,0.057000,0.098000,0.087500,0.115500,0.176000,0.383500
0.072500,0.039500,0.044000,0.064500,0.075000,0.057000,0.098000,0.087500,0.115500,0.176000,0.383500
0.072500,0.039500,0.044000,0.064500,0.075000,0.057000,0.098000,0.087500,0.115500,0.176000,0.383500
0.072500,0.039500,0.044000,0.064500,0.075000,0.057000,0.098000,0.087500,0.115500,0.176000,0.383500
0.072500,0.039500,0.044000,0.064500,0.075000,0.057000,0.098000,0.087500,0.115500,0.176000,0.383500
0.072500,0.039500,0.044000,0.064500,0.075000,0.057000,0.098000,0.087500,0.115500,0.176000,0.383500
0.072500,0.039500,0.044000,0.064500,0.075000,0.057000,0.098000,0.087500,0.115500,0.176000,0.383500
0.072500,0.039500,0.044000,0.064500,0.075000,0.057000,0.098000,0.087500,0.115500,0.176000,0.383500
0.072500,0.039500,0.044000,0.064500,0.075000,0.057000,0.098000,0.087500,0.115500,0.176000,0.383500
0.072500,0.039500,0.044000,0.064500,0.075000,0.057000,0.098000,0.087500,0.115500,0.176000,0.383500
0.072500,0.039500,0.044000,0.064500,0.075000,0.057000,0.098000,0.087500,0.115500,0.176000,0.383500
0.072500,0.039500,0.044000,0.064500,0.075000,0.057000,0.098000,0.087500,0.115500,0.176000,0.383500
0.072500,0.039500,0.044000,0.064500,0.075000,0.057000,0.098000,0.087500,0.115500,0.176000,0.383500
0.072500,0.039500,0.044000,0.064500,0.075000,0.057000,0.098000,0.087500,0.115500,0.176000,0.383500
0.072500,0.039500,0.044000,0.064500,0.075000,0.057000,0.098000,0.087500,0.115500,0.176000,0.383500
0.072500,0.039500,0.044000,0.064500,0.075000,0.057000,0.098000,0.087500,0.115500,0.176000,0.383500
0.072500,0.039500,0.044000,0.064500,0.075000,0.057000,0.098000,0.087500,0.115500,0.176000,0.383500
0.072500,0.039500,0.044000,0.064500,0.075000,0.057000,0.098000,0.087500,0.115500,0.176000,0.383500
0.072500,0.039500,0.044000,0.064500,0.075000,0.057000,0.098000,0.087500,0.115500,0.176000,0.383500
0.072500,0.039500,0.044000,0.064500,0.075000,0.057000,0.098000,0.087500,0.115500,0.176000,0.383500
0.072500,0.039500,0.044000,0.064500,0.075000,0.057000,0.098000,0.087500,0.115500,0.176000,0.383500
0.072500,0.039500,0.044000,0.064500,0.075000,0.057000,0.098000,0.087500,0.115500,0.176000,0.383500
0.072500,0.039500,0.044000,0.064500,0.075000,0.057000,0.098000,0.087500,0.115500,0.176000,0.383500
0.072500,0.039500,0.044000,0.064500,0.075000,0.057000,0.098000,0.087500,0.115500,0.176000,0.383500
0.072500,0.039500,0.044000,0.064500,0.075000,0.057000,0.098000,0.087500,0.115500,0.176000,0.383500
0.072500,0.039500,0.044000,0.064500,0.075000,0.057000,0.098000,0.087500,0.115500,0.176000,0.383500
0.072500,0.039500,0.044000,0.064500,0.075000,0.057000,0.098000,0.087500,0.115500,0.176000,0.383500
0.072500,0.039500,0.044000,0.064500,0.075000,0.057000,0.098000,0.087500,0.115500,0.176000,0.383500
0.072500,0.039500,0.044000,0.064500,0.075000,0.057000,0.098000,0.087500,0.115500,0.176000,0.383500
0.072500,0.039500,0.044000,0.064500,0.075000,0.057000,0.098000,0.087500,0.115500,0.176000,0.383500
0.072500,0.039500,0.044000,0.064500,0.075000,0.057000,0.098000,0.087500,0.115500,0.176000,0.383500
0.072500,0.039500,0.044000,0.064500,0.075000,0.057000,0.098000,0.087500,0.115500,0.176000,0.383500
0.072500,0.039500,0.044000,0.064500,0.075000,0.057000,0.098000,0.087500,0.115500,0.176000,0.383500
0.072500,0.039500,0.044000,0.064500,0.075000,0.057000,0.098000,0.087500,0.115500,0.176000,0.383500
0.072500,0.039500,0.044000,0.064500,0.075000,0.057000,0.098000,0.087500,0.115500,0.176000,0.383500
0.072500,0.039500,0.044000,0.064500,0.075000,0.057000,0.098000,0.087500,0.115500,0.176000,0.383500
0.072500,0.039500,0.044000,0.064500,0.075000,0.057000,0.098000,0.087500,0.115500,0.176000,0.383500
0.072500,0.039500,0.044000,0.064500,0.075000,0.057000,0.098000,0.087500,0.115500,0.176000,0.383500
0.072500,0.039500,0.044000,0.064500,0.075000,0.057000,0.098000,0.087500,0.115500,0.176000,0.383500
0.072500,0.039500,0.044000,0.064500,0.075000,0.057000,0.098000,0.087500,0.115500,0.176000,0.383500
0.072500,0.039500,0.044000,0.064500,0.075000,0.057000,0.098000,0.087500,0.115500,0.176000,0.383500
0.072500,0.039500,0.044000,0.064500,0.075000,0.057000,0.098000,0.087500,0.115500,0.176000,0.383500
0.072500,0.039500,0.044000,0.064500,0.075000,0.057000,0.098000,0.087500,0.115500,0.176000,0.383500
0.072500,0.039500,0.044000,0.064500,0.075000,0.057000,0.098000,0.087500,0.115500,0.176000,0.383500
0.072500,0.039500,0.044000,0.064500,0.075000,0.057000,0.098000,0.087500,0.115500,0.176000,0.383500
0.072500,0.039500,0.044000,0.064500,0.075000,0.057000,0.098000,0.087500,0.115500,0.176000,0.383500
0.072500,0.039500,0.044000,0.064500,0.075000,0.057000,0.098000,0.087500,0.115500,0.176000,0.383500
0.072500,0.039500,0.044000,0.064500,0.075000,0.057000,0.098000,0.087500,0.115500,0.176000,0.383500
0.072500,0.039500,0.044000,0.064500,0.075000,0.057000,0.098000,0.087500,0.115500,0.176000,0.383500
0.072500,0.039500,0.044000,0.064500,0.075000,0.057000,0.098000,0.087500,0.115500,0.176000,0.383500
0.072500,0.039500,0.044000,0.064500,0.075000,0.057000,0.098000,0.087500,0.115500,0.176000,0.383500
0.072500,0.039500,0.044000,0.064500,0.075000,0.057000,0.098000,0.087500,0.115500,0.176000,0.383500
0.072500,0.039500,0.044000,0.064500,0.075000,0.057000,0.098000,0.087500,0.115500,0.176000,0.383500
0.072500,0.039500,0.044000,0.064500,0.075000,0.057000,0.098000,0.087500,0.115500,0.176000,0.383500
0.072500,0.039500,0.044000,0.064500,0.075000,0.057000,0.098000,0.087500,0.115500,0.176000,0.383500
0.072500,0.039500,0.044000,0.064500,0.075000,0.057000,0.098000,0.087500,0.115500,0.176000,0.383500
0.072500,0.039500,0.044000,0.064500,0.075000,0.057000,0.098000,0.087500,0.115500,0.176000,0.383500
0.072500,0.039500,0.044000,0.064500,0.075000,0.057000,0.098000,0.087500,0.115500,0.176000,0.383500
0.072500,0.039500,0.044000,0.064500,0.075000,0.057000,0.098000,0.087500,0.115500,0.176000,0.383500
0.072500,0.039500,0.044000,0.064500,0.075000,0.057000,0.098000,0.087500,0.115500,0.176000,0.383500
0.072500,0.039500,0.044000,0.064500,0.075000,0.057000,0.098000,0.087500,0.115500,0.176000,0.383500
0.072500,0.039500,0.044000,0.064500,0.075000,0.057000,0.098000,0.087500,0.115500,0.176000,0.383500
0.072500,0.039500,0.044000,0.064500,0.075000,0.057000,0.098000,0.087500,0.115500,0.176000,0.383500
0.072500,0.039500,0.044000,0.064500,0.075000,0.057000,0.098000,0.087500,0.115500,0.176000,0.383500
0.072500,0.039500,0.044000,0.064500,0.075000,0.057000,0.098000,0.087500,0.115500,0.176000,0.383500
0.072500,0.039500,0.044000,0.064500,0.075000,0.057000,0.098000,0.087500,0.115500,0.176000,0.383500
0.072500,0.039500,0.044000,0.064500,0.075000,0.057000,0.098000,0.087500,0.115500,0.176000,0.383500
0.072500,0.039500,0.044000,0.064500,0.075000,0.057000,0.098000,0.087500,0.115500,0.176000,0.383500
0.072500,0.039500,0.044000,0.064500,0.075000,0.057000,0.098000,0.087500,0.115500,0.176000,0.383500
0.072500,0.039500,0.044000,0.064500,0.075000,0.057000,0.098000,0.087500,0.115500,0.176000,0.383500
0.072500,0.039500,0.044000,0.064500,0.075000,0.057000,0.098000,0.087500,0.115500,0.176000,0.383500
0.072500,0.039500,0.044000,0.064500,0.075000,0.057000,0.098000,0.087500,0.115500,0.176000,0.383500
0.072500,0.039500,0.044000,0.064500,0.075000,0.057000,0.098000,0.087500,0.115500,0.176000,0.383500
0.072500,0.039500,0.044000,0.064500,0.075000,0.057000,0.098000,0.087500,0.115500,0.176000,0.383500
0.072500,0.039500,0.044000,0.064500,0.075000,0.057000,0.098000,0.087500,0.115500,0.176000,0.383500
0.072500,0.039500,0.044000,0.064500,0.075000,0.057000,0.098000,0.087500,0.115500,0.176000,0.383500
0.072500,0.039500,0.044000,0.064500,0.075000,0.057000,0.098000,0.087500,0.115500,0.176000,0.383500
0.072500,0.039500,0.044000,0.064500,0.075000,0.057000,0.098000,0.087500,0.115500,0.176000,0.383500
0.072500,0.039500,0.044000,0.064500,0.075000,0.057000,0.098000,0.087500,0.115500,0.176000,0.383500
0.072500,0.039500,0.044000,0.064500,0.075000,0.057000,0.098000,0.087500,0.115500,0.176000,0.383500
0.072500,0.039500,0.044000,0.064500,0.075000,0.057000,0.098000,0.087500,0.115500,0.176000,0.383500
0.072500,0.039500,0.044000,0.064500,0.075000,0.057000,0.098000,0.087500,0.115500,0.176000,0.383500
0.072500,0.039500,0.044000,0.064500,0.075000,0.057000,0.098000,0.087500,0.115500,0.176000,0.383500
0.072500,0.039500,0.044000,0.064500,0.075000,0.057000,0.098000,0.087500,0.115500,0.176000,0.383500
0.072500,0.039500,0.044000,0.064500,0.075000,0.057000,0.098000,0.087500,0.115500,0.176000,0.383500
0.072500,0.039500,0.044000,0.064500,0.075000,0.057000,0.098000,0.087500,0.115500,0.176000,0.383500
0.072500,0.039500,0.044000,0.064500,0.075000,0.057000,0.098000,0.087500,0.115500,0.176000,0.383500
0.072500,0.039500,0.044000,0.064500,0.075000,0.057000,0.098000,0.087500,0.115500,0.176000,0.383500
0.072500,0.039500,0.044000,0.064500,0.075000,0.057000,0.098000,0.087500,0.115500,0.176000,0.383500
0.072500,0.039500,0.044000,0.064500,0.075000,0.057000,0.098000,0.087500,0.115500,0.176000,0.383500
0.072500,0.039500,0.044000,0.064500,0.075000,0.057000,0.098000,0.087500,0.115500,0.176000,0.383500
0.072500,0.039500,0.044000,0.064500,0.075000,0.057000,0.098000,0.087500,0.115500,0.176000,0.383500
0.072500,0.039500,0.044000,0.064500,0.075000,0.057000,0.098000,0.087500,0.115500,0.176000,0.383500
0.072500,0.039500,0.044000,0.064500,0.075000,0.057000,0.098000,0.087500,0.115500,0.176000,0.383500
0.072500,0.039500,0.044000,0.064500,0.075000,0.057000,0.098000,0.087500,0.115500,0.176000,0.383500
0.072500,0.039500,0.044000,0.064500,0.075000,0.057000,0.098000,0.087500,0.115500,0.176000,0.383500
0.072500,0.039500,0.044000,0.064500,0.075000,0.057000,0.098000,0.087500,0.115500,0.176000,0.383500
0.072500,0.039500,0.044000,0.064500,0.075000,0.057000,0.098000,0.087500,0.115500,0.176000,0.383500
0.072500,0.039500,0.044000,0.064500,0.075000,0.057000,0.098000,0.087500,0.115500,0.176000,0.383500
0.072500,0.039500,0.044000,0.064500,0.075000,0.057000,0.098000,0.087500,0.115500,0.176000,0.383500
0.072500,0.039500,0.044000,0.064500,0.075000,0.057000,0.098000,0.087500,0.115500,0.176000,0.383500
0.072500,0.039500,0.044000,0.064500,0.075000,0.057000,0.098000,0.087500,0.115500,0.176000,0.383500
0.072500,0.039500,0.044000,0.064500,0.075000,0.057000,0.098000,0.087500,0.115500,0.176000,0.383500
0.072500,0.039500,0.044000,0.064500,0.075000,0.057000,0.098000,0.087500,0.115500,0.176000,0.383500
0.072500,0.039500,0.044000,0.064500,0.075000,0.057000,0.098000,0.087500,0.115500,0.176000,0.383500
0.072500,0.039500,0.044000,0.064500,0.075000,0.057000,0.098000,0.087500,0.115500,0.176000,0.383500
0.072500,0.039500,0.044000,0.064500,0.075000,0.057000,0.098000,0.087500,0.115500,0.176000,0.383500
0.072500,0.039500,0.044000,0.064500,0.075000,0.057000,0.098000,0.087500,0.115500,0.176000,0.383500
0.072500,0.039500,0.044000,0.064500,0.075000,0.057000,0.098000,0.087500,0.115500,0.176000,0.383500
0.072500,0.039500,0.044000,0.064500,0.075000,0.057000,0.098000,0.087500,0.115500,0.176000,0.383500
0.072500,0.039500,0.044000,0.064500,0.075000,0.057000,0.098000,0.087500,0.115500,0.176000,0.383500
0.072500,0.039500,0.044000,0.064500,0.075000,0.057000,0.098000,0.087500,0.115500,0.176000,0.383500
0.072500,0.039500,0.044000,0.064500,0.075000,0.057000,0.098000,0.087500,0.115500,0.176000,0.383500
0.072500,0.039500,0.044000,0.064500,0.075000,0.057000,0.098000,0.087500,0.115500,0.176000,0.383500
0.072500,0.039500,0.044000,0.064500,0.075000,0.057000,0.098000,0.087500,0.115500,0.176000,0.383500
0.072500,0.039500,0.044000,0.064500,0.075000,0.057000,0.098000,0.087500,0.115500,0.176000,0.383500
0.072500,0.039500,0.044000,0.064500,0.075000,0.057000,0.098000,0.087500,0.115500,0.176000,0.383500
0.072500,0.039500,0.044000,0.064500,0.075000,0.057000,0.098000,0.087500,0.115500,0.176000,0.383500
0.072500,0.039500,0.044000,0.064500,0.075000,0.057000,0.098000,0.087500,0.115500,0.176000,0.383500
0.072500,0.039500,0.044000,0.064500,0.075000,0.057000,0.098000,0.087500,0.115500,0.176000,0.383500
0.072500,0.039500,0.044000,0.064500,0.075000,0.057000,0.098000,0.087500,0.115500,0.176000,0.383500
0.072500,0.039500,0.044000,0.064500,0.075000,0.057000,0.098000,0.087500,0.115500,0.176000,0.383500
0.072500,0.039500,0.044000,0.064500,0.075000,0.057000,0.098000,0.087500,0.115500,0.176000,0.383500
0.072500,0.039500,0.044000,0.064500,0.075000,0.057000,0.098000,0.087500,0.115500,0.176000,0.383500
0.072500,0.039500,0.044000,0.064500,0.075000,0.057000,0.098000,0.087500,0.115500,0.176000,0.383500
0.072500,0.039500,0.044000,0.064500,0.075000,0.057000,0.098000,0.087500,0.115500,0.176000,0.383500
0.072500,0.039500,0.044000,0.064500,0.075000,0.057000,0.098000,0.087500,0.115500,0.176000,0.383500
0.072500,0.039500,0.044000,0.064500,0.075000,0.057000,0.098000,0.087500,0.115500,0.176000,0.383500
0.072500,0.039500,0.044000,0.064500,0.075000,0.057000,0.098000,0.087500,0.115500,0.176000,0.383500
0.072500,0.039500,0.044000,0.064500,0.075000,0.057000,0.098000,0.087500,0.115500,0.176000,0.383500
0.072500,0.039500,0.044000,0.064500,0.075000,0.057000,0.098000,0.087500,0.115500,0.176000,0.383500
0.072500,0.039500,0.044000,0.064500,0.075000,0.057000,0.098000,0.087500,0.115500,0.176000,0.383500
0.072500,0.039500,0.044000,0.064500,0.075000,0.057000,0.098000,0.087500,0.115500,0.176000,0.383500
0.072500,0.039500,0.044000,0.064500,0.075000,0.057000,0.098000,0.087500,0.115500,0.176000,0.383500
0.072500,0.039500,0.044000,0.064500,0.075000,0.057000,0.098000,0.087500,0.115500,0.176000,0.383500
0.072500,0.039500,0.044000,0.064500,0.075000,0.057000,0.098000,0.087500,0.115500,0.176000,0.383500
0.072500,0.039500,0.044000,0.064500,0.075000,0.057000,0.098000,0.087500,0.115500,0.176000,0.383500
0.072500,0.039500,0.044000,0.064500,0.075000,0.057000,0.098000,0.087500,0.115500,0.176000,0.383500
0.072500,0.039500,0.044000,0.064500,0.075000,0.057000,0.098000,0.087500,0.115500,0.176000,0.383500
0.072500,0.039500,0.044000,0.064500,0.075000,0.057000,0.098000,0.087500,0.115500,0.176000,0.383500
0.072500,0.039500,0.044000,0.064500,0.075000,0.057000,0.098000,0.087500,0.115500,0.176000,0.383500
0.072500,0.039500,0.044000,0.064500,0.075000,0.057000,0.098000,0.087500,0.115500,0.176000,0.383500
0.072500,0.039500,0.044000,0.064500,0.075000,0.057000,0.098000,0.087500,0.115500,0.176000,0.383500
0.072500,0.039500,0.044000,0.064500,0.075000,0.057000,0.098000,0.087500,0.115500,0.176000,0.383500
0.072500,0.039500,0.044000,0.064500,0.075000,0.057000,0.098000,0.087500,0.115500,0.176000,0.383500
0.072500,0.039500,0.044000,0.064500,0.075000,0.057000,0.098000,0.087500,0.115500,0.176000,0.383500
0.072500,0.039500,0.044000,0.064500,0.075000,0.057000,0.098000,0.087500,0.115500,0.176000,0.383500
0.072500,0.039500,0.044000,0.064500,0.075000,0.057000,0.098000,0.087500,0.115500,0.176000,0.383500
0.072500,0.039500,0.044000,0.064500,0.075000,0.057000,0.098000,0.087500,0.115500,0.176000,0.383500
0.072500,0.039500,0.044000,0.064500,0.075000,0.057000,0.098000,0.087500,0.115500,0.176000,0.383500
0.072500,0.039500,0.044000,0.064500,0.075000,0.057000,0.098000,0.087500,0.115500,0.176000,0.383500
0.072500,0.039500,0.044000,0.064500,0.075000,0.057000,0.098000,0.087500,0.115500,0.176000,0.383500
0.072500,0.039500,0.044000,0.064500,0.075000,0.057000,0.098000,0.087500,0.115500,0.176000,0.383500
0.072500,0.039500,0.044000,0.064500,0.075000,0.057000,0.098000,0.087500,0.115500,0.176000,0.383500
0.072500,0.039500,0.044000,0.064500,0.075000,0.057000,0.098000,0.087500,0.115500,0.176000,0.383500
0.072500,0.039500,0.044000,0.064500,0.075000,0.057000,0.098000,0.087500,0.115500,0.176000,0.383500
0.072500,0.039500,0.044000,0.064500,0.075000,0.057000,0.098000,0.087500,0.115500,0.176000,0.383500
0.072500,0.039500,0.044000,0.064500,0.075000,0.057000,0.098000,0.087500,0.115500,0.176000,0.383500
0.072500,0.039500,0.044000,0.064500,0.075000,0.057000,0.098000,0.087500,0.115500,0.176000,0.383500
0.072500,0.039500,0.044000,0.064500,0.075000,0.057000,0.098000,0.087500,0.115500,0.176000,0.383500
0.072500,0.039500,0.044000,0.064500,0.075000,0.057000,0.098000,0.087500,0.115500,0.176000,0.383500
0.072500,0.039500,0.044000,0.064500,0.075000,0.057000,0.098000,0.087500,0.115500,0.176000,0.383500
0.072500,0.039500,0.044000,0.064500,0.075000,0.057000,0.098000,0.087500,0.115500,0.176000,0.383500
0.072500,0.039500,0.044000,0.064500,0.075000,0.057000,0.098000,0.087500,0.115500,0.176000,0.383500
0.072500,0.039500,0.044000,0.064500,0.075000,0.057000,0.098000,0.087500,0.115500,0.176000,0.383500
0.072500,0.039500,0.044000,0.064500,0.075000,0.057000,0.098000,0.087500,0.115500,0.176000,0.383500
0.072500,0.039500,0.044000,0.064500,0.075000,0.057000,0.098000,0.087500,0.115500,0.176000,0.383500
0.072500,0.039500,0.044000,0.064500,0.075000,0.057000,0.098000,0.087500,0.115500,0.176000,0.383500
0.072500,0.039500,0.044000,0.064500,0.075000,0.057000,0.098000,0.087500,0.115500,0.176000,0.383500
0.072500,0.039500,0.044000,0.064500,0.075000,0.057000,0.098000,0.087500,0.115500,0.176000,0.383500
0.072500,0.039500,0.044000,0.064500,0.075000,0.057000,0.098000,0.087500,0.115500,0.176000,0.383500
0.072500,0.039500,0.044000,0.064500,0.075000,0.057000,0.098000,0.087500,0.115500,0.176000,0.383500
0.072500,0.039500,0.044000,0.064500,0.075000,0.057000,0.098000,0.087500,0.115500,0.176000,0.383500
0.072500,0.039500,0.044000,0.064500,0.075000,0.057000,0.098000,0.087500,0.115500,0.176000,0.383500
0.072500,0.039500,0.044000,0.064500,0.075000,0.057000,0.098000,0.087500,0.115500,0.176000,0.383500
0.072500,0.039500,0.044000,0.064500,0.075000,0.057000,0.098000,0.087500,0.115500,0.176000,0.383500
0.072500,0.039500,0.044000,0.064500,0.075000,0.057000,0.098000,0.087500,0.115500,0.176000,0.383500
0.072500,0.039500,0.044000,0.064500,0.075000,0.057000,0.098000,0.087500,0.115500,0.176000,0.383500
0.072500,0.039500,0.044000,0.064500,0.075000,0.057000,0.098000,0.087500,0.115500,0.176000,0.383500
0.072500,0.039500,0.044000,0.064500,0.075000,0.057000,0.098000,0.087500,0.115500,0.176000,0.383500
0.072500,0.039500,0.044000,0.064500,0.075000,0.057000,0.098000,0.087500,0.115500,0.176000,0.383500
0.072500,0.039500,0.044000,0.064500,0.075000,0.057000,0.098000,0.087500,0.115500,0.176000,0.383500
0.072500,0.039500,0.044000,0.064500,0.075000,0.057000,0.098000,0.087500,0.115500,0.176000,0.383500
0.072500,0.039500,0.044000,0.064500,0.075000,0.057000,0.098000,0.087500,0.115500,0.176000,0.383500
0.072500,0.039500,0.044000,0.064500,0.075000,0.057000,0.098000,0.087500,0.115500,0.176000,0.383500
0.072500,0.039500,0.044000,0.064500,0.075000,0.057000,0.098000,0.087500,0.115500,0.176000,0.383500
0.072500,0.039500,0.044000,0.064500,0.075000,0.057000,0.098000,0.087500,0.115500,0.176000,0.383500
0.072500,0.039500,0.044000,0.064500,0.075000,0.057000,0.098000,0.087500,0.115500,0.176000,0.383500
0.072500,0.039500,0.044000,0.064500,0.075000,0.057000,0.098000,0.087500,0.115500,0.176000,0.383500
0.072500,0.039500,0.044000,0.064500,0.075000,0.057000,0.098000,0.087500,0.115500,0.176000,0.383500
0.072500,0.039500,0.044000,0.064500,0.075000,0.057000,0.098000,0.087500,0.115500,0.176000,0.383500
0.072500,0.039500,0.044000,0.064500,0.075000,0.057000,0.098000,0.087500,0.115500,0.176000,0.383500
0.072500,0.039500,0.044000,0.064500,0.075000,0.057000,0.098000,0.087500,0.115500,0.176000,0.383500
0.072500,0.039500,0.044000,0.064500,0.075000,0.057000,0.098000,0.087500,0.115500,0.176000,0.383500
0.072500,0.039500,0.044000,0.064500,0.075000,0.057000,0.098000,0.087500,0.115500,0.176000,0.383500
0.072500,0.039500,0.044000,0.064500,0.075000,0.057000,0.098000,0.087500,0.115500,0.176000,0.383500
0.072500,0.039500,0.044000,0.064500,0.075000,0.057000,0.098000,0.087500,0.115500,0.176000,0.383500
0.072500,0.039500,0.044000,0.064500,0.075000,0.057000,0.098000,0.087500,0.115500,0.176000,0.383500
0.072500,0.039500,0.044000,0.064500,0.075000,0.057000,0.098000,0.087500,0.115500,0.176000,0.383500
0.072500,0.039500,0.044000,0.064500,0.075000,0.057000,0.098000,0.087500,0.115500,0.176000,0.383500
0.072500,0.039500,0.044000,0.064500,0.075000,0.057000,0.098000,0.087500,0.115500,0.176000,0.383500
0.072500,0.039500,0.044000,0.064500,0.075000,0.057000,0.098000,0.087500,0.115500,0.176000,0.383500
0.072500,0.039500,0.044000,0.064500,0.075000,0.057000,0.098000,0.087500,0.115500,0.176000,0.383500
0.072500,0.039500,0.044000,0.064500,0.075000,0.057000,0.098000,0.087500,0.115500,0.176000,0.383500
0.072500,0.039500,0.044000,0.064500,0.075000,0.057000,0.098000,0.087500,0.115500,0.176000,0.383500
0.072500,0.039500,0.044000,0.064500,0.075000,0.057000,0.098000,0.087500,0.115500,0.176000,0.383500
0.072500,0.039500,0.044000,0.064500,0.075000,0.057000,0.098000,0.087500,0.115500,0.176000,0.383500
0.072500,0.039500,0.044000,0.064500,0.075000,0.057000,0.098000,0.087500,0.115500,0.176000,0.383500
0.072500,0.039500,0.044000,0.064500,0.075000,0.057000,0.098000,0.087500,0.115500,0.176000,0.383500
0.072500,0.039500,0.044000,0.064500,0.075000,0.057000,0.098000,0.087500,0.115500,0.176000,0.383500
0.072500,0.039500,0.044000,0.064500,0.075000,0.057000,0.098000,0.087500,0.115500,0.176000,0.383500
0.072500,0.039500,0.044000,0.064500,0.075000,0.057000,0.098000,0.087500,0.115500,0.176000,0.383500
0.072500,0.039500,0.044000,0.064500,0.075000,0.057000,0.098000,0.087500,0.115500,0.176000,0.383500
0.072500,0.039500,0.044000,0.064500,0.075000,0.057000,0.098000,0.087500,0.115500,0.176000,0.383500
0.072500,0.039500,0.044000,0.064500,0.075000,0.057000,0.098000,0.087500,0.115500,0.176000,0.383500
0.072500,0.039500,0.044000,0.064500,0.075000,0.057000,0.098000,0.087500,0.115500,0.176000,0.383500
0.072500,0.039500,0.044000,0.064500,0.075000,0.057000,0.098000,0.087500,0.115500,0.176000,0.383500
0.072500,0.039500,0.044000,0.064500,0.075000,0.057000,0.098000,0.087500,0.115500,0.176000,0.383500
0.072500,0.039500,0.044000,0.064500,0.075000,0.057000,0.098000,0.087500,0.115500,0.176000,0.383500
0.072500,0.039500,0.044000,0.064500,0.075000,0.057000,0.098000,0.087500,0.115500,0.176000,0.383500
0.072500,0.039500,0.044000,0.064500,0.075000,0.057000,0.098000,0.087500,0.115500,0.176000,0.383500
0.072500,0.039500,0.044000,0.064500,0.075000,0.057000,0.098000,0.087500,0.115500,0.176000,0.383500
0.072500,0.039500,0.044000,0.064500,0.075000,0.057000,0.098000,0.087500,0.115500,0.176000,0.383500
0.072500,0.039500,0.044000,0.064500,0.075000,0.057000,0.098000,0.087500,0.115500,0.176000,0.383500
0.072500,0.039500,0.044000,0.064500,0.075000,0.057000,0.098000,0.087500,0.115500,0.176000,0.383500
0.072500,0.039500,0.044000,0.064500,0.075000,0.057000,0.098000,0.087500,0.115500,0.176000,0.383500
0.072500,0.039500,0.044000,0.064500,0.075000,0.057000,0.098000,0.087500,0.115500,0.176000,0.383500
0.072500,0.039500,0.044000,0.064500,0.075000,0.057000,0.098000,0.087500,0.115500,0.176000,0.383500
0.072500,0.039500,0.044000,0.064500,0.075000,0.057000,0.098000,0.087500,0.115500,0.176000,0.383500
0.072500,0.039500,0.044000,0.064500,0.075000,0.057000,0.098000,0.087500,0.115500,0.176000,0.383500
0.072500,0.039500,0.044000,0.064500,0.075000,0.057000,0.098000,0.087500,0.115500,0.176000,0.383500
0.072500,0.039500,0.044000,0.064500,0.075000,0.057000,0.098000,0.087500,0.115500,0.176000,0.383500
0.072500,0.039500,0.044000,0.064500,0.075000,0.057000,0.098000,0.087500,0.115500,0.176000,0.383500
0.072500,0.039500,0.044000,0.064500,0.075000,0.057000,0.098000,0.087500,0.115500,0.176000,0.383500
0.072500,0.039500,0.044000,0.064500,0.075000,0.057000,0.098000,0.087500,0.115500,0.176000,0.383500
0.072500,0.039500,0.044000,0.064500,0.075000,0.057000,0.098000,0.087500,0.115500,0.176000,0.383500
0.600510,0.039500,0.044000,0.064500,0.075000,0.057000,0.407910,0.087500,0.115500,0.176000,0.383500
1.128519,0.039500,0.872638,0.064500,0.075000,0.057000,0.717820,0.087500,0.115500,0.176000,0.383500
1.656529,0.039500,1.701276,0.064500,0.075000,0.057000,1.027730,0.087500,0.115500,0.176000,0.383500
1.128519,0.039500,2.529914,0.064500,0.075000,0.057000,0.717820,0.087500,0.115500,0.176000,0.383500
0.600510,0.039500,1.701276,0.064500,0.075000,0.057000,0.407910,0.468486,0.115500,0.176000,0.383500
0.072500,0.039500,0.872638,0.064500,0.075000,0.057000,0.098000,0.849471,0.115500,0.176000,0.383500
0.072500,0.039500,0.044000,0.064500,0.075000,0.057000,0.098000,1.230457,0.115500,0.176000,0.383500
0.072500,0.039500,0.044000,0.064500,0.075000,0.057000,0.098000,0.849471,0.115500,0.176000,0.383500
0.072500,0.039500,0.044000,0.064500,0.075000,0.057000,0.098000,0.468486,0.115500,0.176000,0.383500
0.072500,0.039500,0.044000,0.064500,0.075000,0.057000,0.098000,0.087500,0.115500,0.176000,0.383500
0.072500,0.039500,0.044000,0.064500,0.075000,0.057000,0.098000,0.087500,0.115500,0.176000,0.383500
0.072500,0.039500,0.044000,0.064500,0.075000,0.057000,0.098000,0.087500,0.115500,0.176000,0.383500
0.072500,0.039500,0.044000,0.064500,0.075000,0.057000,0.098000,0.087500,0.115500,0.176000,0.383500
0.072500,0.039500,0.044000,0.064500,0.075000,0.057000,0.098000,0.087500,0.115500,0.176000,0.383500
0.072500,0.039500,0.044000,0.064500,0.075000,0.057000,0.098000,0.087500,0.115500,0.176000,0.383500
0.072500,0.039500,0.044000,0.064500,0.075000,0.057000,0.098000,0.087500,0.115500,0.176000,0.383500
0.072500,0.039500,0.044000,0.064500,0.075000,0.057000,0.098000,0.087500,0.115500,0.176000,0.383500
0.072500,0.039500,0.044000,0.064500,0.075000,0.057000,0.098000,0.087500,0.115500,0.176000,0.383500
0.072500,0.039500,0.044000,0.064500,0.075000,0.057000,0.098000,0.087500,0.115500,0.176000,0.383500
0.072500,0.039500,0.044000,0.064500,0.075000,0.057000,0.098000,0.087500,0.115500,0.176000,0.383500
0.072500,0.039500,0.044000,0.064500,0.075000,0.057000,0.098000,0.087500,0.115500,0.176000,0.383500
0.072500,0.039500,0.044000,0.064500,0.075000,0.057000,0.098000,0.087500,0.115500,0.176000,0.383500
0.072500,0.148359,0.044000,0.064500,0.075000,0.057000,0.098000,0.087500,0.115500,0.176000,0.383500
0.072500,0.257218,0.044000,0.341711,0.075000,0.057000,0.098000,0.087500,0.115500,0.176000,0.383500
0.072500,0.366077,0.044000,0.618921,0.075000,0.057000,0.098000,0.087500,0.115500,0.176000,0.383500
0.072500,0.257218,0.044000,0.896132,0.075000,0.057000,0.098000,0.087500,0.115500,0.176000,0.383500
0.072500,0.148359,0.044000,0.618921,0.075000,0.057000,0.098000,0.087500,0.115500,0.176000,0.383500
0.072500,0.039500,0.044000,0.341711,0.075000,0.057000,0.098000,0.087500,0.115500,0.176000,0.383500
0.072500,0.039500,0.044000,0.064500,0.075000,0.057000,0.098000,0.087500,0.115500,0.176000,0.383500
0.072500,0.039500,0.044000,0.064500,0.075000,0.057000,0.098000,0.087500,0.115500,0.176000,0.383500
0.072500,0.039500,0.044000,0.064500,0.075000,0.057000,0.098000,0.087500,0.349332,0.176000,0.383500
0.072500,0.039500,0.044000,0.064500,0.075000,0.057000,0.098000,0.087500,0.583164,0.176000,0.383500
0.072500,0.039500,0.044000,0.064500,0.075000,0.057000,0.098000,0.087500,0.816997,0.176000,0.383500
0.072500,0.039500,0.044000,0.064500,0.075000,0.057000,0.098000,0.087500,0.583164,0.176000,0.383500
0.072500,0.039500,0.044000,0.064500,0.075000,0.057000,0.098000,0.087500,0.349332,0.176000,0.869774
0.072500,0.039500,0.044000,0.064500,0.075000,0.057000,0.098000,0.087500,0.115500,0.176000,1.356048
0.072500,0.039500,0.044000,0.064500,0.075000,0.057000,0.098000,0.087500,0.115500,0.176000,1.842323
0.072500,0.039500,0.044000,0.064500,0.075000,0.057000,0.098000,0.087500,0.115500,0.176000,2.328597
0.072500,0.039500,0.044000,0.064500,0.352049,0.057000,0.098000,0.087500,0.115500,0.176000,1.842323
0.072500,0.039500,0.044000,0.064500,0.629099,0.057000,0.098000,0.087500,0.115500,0.176000,1.356048
0.072500,0.039500,0.044000,0.064500,0.906148,0.057000,0.098000,0.087500,0.115500,0.176000,0.869774
0.072500,0.039500,0.044000,0.064500,0.629099,0.057000,0.098000,0.087500,0.115500,0.176000,0.383500
0.072500,0.039500,0.044000,0.064500,0.352049,0.057000,0.098000,0.087500,0.115500,0.176000,0.383500
0.072500,0.039500,0.044000,0.064500,0.075000,0.057000,0.098000,0.087500,0.115500,0.176000,0.383500
0.072500,0.039500,0.044000,0.064500,0.075000,0.057000,0.098000,0.087500,0.115500,0.176000,0.383500
0.072500,0.039500,0.044000,0.064500,0.075000,0.057000,0.098000,0.087500,0.115500,1.264999,0.383500
0.072500,0.039500,0.044000,0.064500,0.075000,0.057000,0.098000,0.087500,0.115500,2.353998,0.383500
0.072500,0.039500,0.044000,0.064500,0.075000,0.057000,0.098000,0.087500,0.115500,3.442998,0.383500
0.072500,0.039500,0.044000,0.064500,0.075000,0.057000,0.098000,0.087500,0.115500,2.353998,0.383500
0.072500,0.039500,0.044000,0.064500,0.075000,0.057000,0.098000,0.087500,0.115500,1.264999,0.383500
0.072500,0.039500,0.044000,0.064500,0.075000,0.057000,0.098000,0.087500,0.115500,0.176000,0.383500
0.072500,0.039500,0.044000,0.064500,0.075000,0.431062,0.098000,0.087500,0.115500,0.176000,0.383500
0.072500,0.039500,0.044000,0.064500,0.075000,0.805124,0.098000,0.087500,0.115500,0.176000,0.383500
0.072500,0.039500,0.044000,0.064500,0.075000,1.179185,0.098000,0.087500,0.115500,0.176000,0.383500
0.072500,0.039500,0.044000,0.064500,0.075000,0.805124,0.098000,0.087500,0.115500,0.176000,0.383500
0.072500,0.039500,0.044000,0.064500,0.075000,0.431062,0.098000,0.087500,0.115500,0.176000,0.383500
0.072500,0.039500,0.044000,0.064500,0.075000,0.057000,0.098000,0.087500,0.115500,0.176000,0.383500
0.072500,0.039500,0.044000,0.064500,0.075000,0.057000,0.098000,0.087500,0.115500,0.176000,0.383500
0.072500,0.039500,0.044000,0.064500,0.075000,0.057000,0.098000,0.087500,0.115500,0.176000,0.383500
0.072500,0.039500,0.044000,0.064500,0.075000,0.057000,0.098000,0.087500,0.115500,0.176000,0.383500
0.072500,0.039500,0.044000,0.064500,0.075000,0.057000,0.098000,0.087500,0.115500,0.176000,0.383500
0.072500,0.039500,0.044000,0.064500,0.075000,0.057000,0.098000,0.087500,0.115500,0.176000,0.383500
0.072500,0.039500,0.044000,0.064500,0.075000,0.057000,0.098000,0.087500,0.115500,0.176000,0.383500
0.072500,0.039500,0.044000,0.064500,0.075000,0.057000,0.098000,0.087500,0.115500,0.176000,0.383500
0.072500,0.039500,0.044000,0.064500,0.075000,0.057000,0.098000,0.087500,0.115500,0.176000,0.383500
0.072500,0.039500,0.044000,0.064500,0.075000,0.057000,0.098000,0.087500,0.115500,0.176000,0.383500
0.072500,0.039500,0.044000,0.064500,0.075000,0.057000,0.098000,0.087500,0.115500,0.176000,0.383500
0.072500,0.039500,0.044000,0.064500,0.075000,0.057000,0.098000,0.087500,0.115500,0.176000,0.383500
0.072500,0.039500,0.044000,0.064500,0.075000,0.057000,0.098000,0.087500,0.115500,0.176000,0.383500
0.072500,0.039500,0.044000,0.064500,0.075000,0.057000,0.098000,0.087500,0.115500,0.176000,0.383500
0.072500,0.039500,0.044000,0.064500,0.075000,0.057000,0.098000,0.087500,0.115500,0.176000,0.383500
0.072500,0.039500,0.044000,0.064500,0.075000,0.057000,0.098000,0.087500,0.115500,0.176000,0.383500
0.072500,0.039500,0.044000,0.064500,0.075000,0.057000,0.098000,0.087500,0.115500,0.176000,0.383500
0.072500,0.039500,0.044000,0.064500,0.075000,0.057000,0.098000,0.087500,0.115500,0.176000,0.383500
0.072500,0.039500,0.044000,0.064500,0.075000,0.057000,0.098000,0.087500,0.115500,0.176000,0.383500
0.072500,0.039500,0.044000,0.064500,0.075000,0.057000,0.098000,0.087500,0.115500,0.176000,0.383500
0.072500,0.039500,0.044000,0.064500,0.075000,0.057000,0.098000,0.087500,0.115500,0.176000,0.383500
0.072500,0.039500,0.044000,0.064500,0.075000,0.057000,0.098000,0.087500,0.115500,0.176000,0.383500
0.072500,0.039500,0.044000,0.064500,0.075000,0.057000,0.098000,0.087500,0.115500,0.176000,0.383500
0.072500,0.039500,0.044000,0.064500,0.075000,0.057000,0.098000,0.087500,0.115500,0.176000,0.383500
0.072500,0.039500,0.044000,0.064500,0.075000,0.057000,0.098000,0.087500,0.115500,0.176000,0.383500
0.072500,0.039500,0.044000,0.064500,0.075000,0.057000,0.098000,0.087500,0.115500,0.176000,0.383500
0.072500,0.039500,0.044000,0.064500,0.075000,0.057000,0.098000,0.087500,0.115500,0.176000,0.383500
0.072500,0.039500,0.044000,0.064500,0.075000,0.057000,0.098000,0.087500,0.115500,0.176000,0.383500
0.072500,0.039500,0.044000,0.064500,0.075000,0.057000,0.098000,0.087500,0.115500,0.176000,0.383500
0.072500,0.039500,0.044000,0.064500,0.075000,0.057000,0.098000,0.087500,0.115500,0.176000,0.383500
0.072500,0.039500,0.044000,0.064500,0.075000,0.057000,0.098000,0.087500,0.115500,0.176000,0.383500
0.072500,0.039500,0.044000,0.064500,0.075000,0.057000,0.098000,0.087500,0.115500,0.176000,0.383500
0.072500,0.039500,0.044000,0.064500,0.075000,0.057000,0.098000,0.087500,0.115500,0.176000,0.383500
0.072500,0.039500,0.044000,0.064500,0.075000,0.057000,0.098000,0.087500,0.115500,0.176000,0.383500
0.072500,0.039500,0.044000,0.064500,0.075000,0.057000,0.098000,0.087500,0.115500,0.176000,0.383500
0.072500,0.039500,0.044000,0.064500,0.075000,0.057000,0.098000,0.087500,0.115500,0.176000,0.383500
0.072500,0.039500,0.044000,0.064500,0.075000,0.057000,0.098000,0.087500,0.115500,0.176000,0.383500
0.072500,0.039500,0.044000,0.064500,0.075000,0.057000,0.098000,0.087500,0.115500,0.176000,0.383500
0.072500,0.039500,0.044000,0.064500,0.075000,0.057000,0.098000,0.087500,0.115500,0.176000,0.383500
0.072500,0.039500,0.044000,0.064500,0.075000,0.057000,0.098000,0.087500,0.115500,0.176000,0.383500
0.072500,0.039500,0.044000,0.064500,0.075000,0.057000,0.098000,0.087500,0.115500,0.176000,0.383500
0.072500,0.039500,0.044000,0.064500,0.075000,0.057000,0.098000,0.087500,0.115500,0.176000,0.383500
0.072500,0.039500,0.044000,0.064500,0.075000,0.057000,0.098000,0.087500,0.115500,0.176000,0.383500
0.072500,0.039500,0.044000,0.064500,0.075000,0.057000,0.098000,0.087500,0.115500,0.176000,0.383500
0.072500,0.039500,0.044000,0.064500,0.075000,0.057000,0.098000,0.087500,0.115500,0.176000,0.383500
0.072500,0.039500,0.044000,0.064500,0.075000,0.057000,0.098000,0.087500,0.115500,0.176000,0.383500
0.072500,0.039500,0.044000,0.064500,0.075000,0.057000,0.098000,0.087500,0.115500,0.176000,0.383500
0.072500,0.039500,0.044000,0.064500,0.075000,0.057000,0.098000,0.087500,0.115500,0.176000,0.383500
0.072500,0.039500,0.044000,0.064500,0.075000,0.057000,0.098000,0.087500,0.115500,0.176000,0.383500
0.072500,0.039500,0.044000,0.064500,0.075000,0.057000,0.098000,0.087500,0.115500,0.176000,0.383500
0.072500,0.039500,0.044000,0.064500,0.075000,0.057000,0.098000,0.087500,0.115500,0.176000,0.383500
0.072500,0.039500,0.044000,0.064500,0.075000,0.057000,0.098000,0.087500,0.115500,0.176000,0.383500
0.072500,0.039500,0.044000,0.064500,0.075000,0.057000,0.098000,0.087500,0.115500,0.176000,0.383500
0.072500,0.039500,0.044000,0.064500,0.075000,0.057000,0.098000,0.087500,0.115500,0.176000,0.383500
0.072500,0.039500,0.044000,0.064500,0.075000,0.057000,0.098000,0.087500,0.115500,0.176000,0.383500
0.072500,0.039500,0.044000,0.064500,0.075000,0.057000,0.098000,0.087500,0.115500,0.176000,0.383500
0.072500,0.039500,0.044000,0.064500,0.075000,0.057000,0.098000,0.087500,0.115500,0.176000,0.383500
0.072500,0.039500,0.044000,0.064500,0.075000,0.057000,0.098000,0.087500,0.115500,0.176000,0.383500
0.072500,0.039500,0.044000,0.064500,0.075000,0.057000,0.098000,0.087500,0.115500,0.176000,0.383500
0.072500,0.039500,0.044000,0.064500,0.075000,0.057000,0.098000,0.087500,0.115500,0.176000,0.383500
0.072500,0.039500,0.044000,0.064500,0.075000,0.057000,0.098000,0.087500,0.115500,0.176000,0.383500
0.072500,0.039500,0.044000,0.064500,0.075000,0.057000,0.098000,0.087500,0.115500,0.176000,0.383500
0.072500,0.039500,0.044000,0.064500,0.075000,0.057000,0.098000,0.087500,0.115500,0.176000,0.383500
0.072500,0.039500,0.044000,0.064500,0.075000,0.057000,0.098000,0.087500,0.115500,0.176000,0.383500
0.072500,0.039500,0.044000,0.064500,0.075000,0.057000,0.098000,0.087500,0.115500,0.176000,0.383500
0.072500,0.039500,0.044000,0.064500,0.075000,0.057000,0.098000,0.087500,0.115500,0.176000,0.383500
0.072500,0.039500,0.044000,0.064500,0.075000,0.057000,0.098000,0.087500,0.115500,0.176000,0.383500
0.072500,0.039500,0.044000,0.064500,0.075000,0.057000,0.098000,0.087500,0.115500,0.176000,0.383500
0.072500,0.039500,0.044000,0.064500,0.075000,0.057000,0.098000,0.087500,0.115500,0.176000,0.383500
0.072500,0.039500,0.044000,0.064500,0.075000,0.057000,0.098000,0.087500,0.115500,0.176000,0.383500
0.072500,0.039500,0.044000,0.064500,0.075000,0.057000,0.098000,0.087500,0.115500,0.176000,0.383500
0.072500,0.039500,0.044000,0.064500,0.075000,0.057000,0.098000,0.087500,0.115500,0.176000,0.383500
0.072500,0.039500,0.044000,0.064500,0.075000,0.057000,0.098000,0.087500,0.115500,0.176000,0.383500
0.072500,0.039500,0.044000,0.064500,0.075000,0.057000,0.098000,0.087500,0.115500,0.176000,0.383500
0.072500,0.039500,0.044000,0.064500,0.075000,0.057000,0.098000,0.087500,0.115500,0.176000,0.383500
0.072500,0.039500,0.044000,0.064500,0.075000,0.057000,0.098000,0.087500,0.115500,0.176000,0.383500
0.072500,0.039500,0.044000,0.064500,0.075000,0.057000,0.098000,0.087500,0.115500,0.176000,0.383500
0.072500,0.039500,0.044000,0.064500,0.075000,0.057000,0.098000,0.087500,0.115500,0.176000,0.383500
0.072500,0.039500,0.044000,0.064500,0.075000,0.057000,0.098000,0.087500,0.115500,0.176000,0.383500
0.072500,0.039500,0.044000,0.064500,0.075000,0.057000,0.098000,0.087500,0.115500,0.176000,0.383500
0.072500,0.039500,0.044000,0.064500,0.075000,0.057000,0.098000,0.087500,0.115500,0.176000,0.383500
0.072500,0.039500,0.044000,0.064500,0.075000,0.057000,0.098000,0.087500,0.115500,0.176000,0.383500
0.072500,0.039500,0.044000,0.064500,0.075000,0.057000,0.098000,0.087500,0.115500,0.176000,0.383500
0.072500,0.039500,0.044000,0.064500,0.075000,0.057000,0.098000,0.087500,0.115500,0.176000,0.383500
0.072500,0.039500,0.044000,0.064500,0.075000,0.057000,0.098000,0.087500,0.115500,0.176000,0.383500
0.072500,0.039500,0.044000,0.064500,0.075000,0.057000,0.098000,0.087500,0.115500,0.176000,0.383500
0.072500,0.039500,0.044000,0.064500,0.075000,0.057000,0.098000,0.087500,0.115500,0.176000,0.383500
0.072500,0.039500,0.044000,0.064500,0.075000,0.057000,0.098000,0.087500,0.115500,0.176000,0.383500
0.072500,0.039500,0.044000,0.064500,0.075000,0.057000,0.098000,0.087500,0.115500,0.176000,0.383500
0.072500,0.039500,0.044000,0.064500,0.075000,0.057000,0.098000,0.087500,0.115500,0.176000,0.383500
0.072500,0.039500,0.044000,0.064500,0.075000,0.057000,0.098000,0.087500,0.115500,0.176000,0.383500
0.072500,0.039500,0.044000,0.064500,0.075000,0.057000,0.098000,0.087500,0.115500,0.176000,0.383500
0.072500,0.039500,0.044000,0.064500,0.075000,0.057000,0.098000,0.087500,0.115500,0.176000,0.383500
0.072500,0.039500,0.044000,0.064500,0.075000,0.057000,0.098000,0.087500,0.115500,0.176000,0.383500
0.072500,0.039500,0.044000,0.064500,0.075000,0.057000,0.098000,0.087500,0.115500,0.176000,0.383500
0.072500,0.039500,0.044000,0.064500,0.075000,0.057000,0.098000,0.087500,0.115500,0.176000,0.383500
0.072500,0.039500,0.044000,0.064500,0.075000,0.057000,0.098000,0.087500,0.115500,0.176000,0.383500
0.072500,0.039500,0.044000,0.064500,0.075000,0.057000,0.098000,0.087500,0.115500,0.176000,0.383500
0.072500,0.039500,0.044000,0.064500,0.075000,0.057000,0.098000,0.087500,0.115500,0.176000,0.383500
0.072500,0.039500,0.044000,0.064500,0.075000,0.057000,0.098000,0.087500,0.115500,0.176000,0.383500
0.072500,0.039500,0.044000,0.064500,0.075000,0.057000,0.098000,0.087500,0.115500,0.176000,0.383500
0.072500,0.039500,0.044000,0.064500,0.075000,0.057000,0.098000,0.087500,0.115500,0.176000,0.383500
0.072500,0.039500,0.044000,0.064500,0.075000,0.057000,0.098000,0.087500,0.115500,0.176000,0.383500
0.072500,0.039500,0.044000,0.064500,0.075000,0.057000,0.098000,0.087500,0.115500,0.176000,0.383500
0.072500,0.039500,0.044000,0.064500,0.075000,0.057000,0.098000,0.087500,0.115500,0.176000,0.383500
0.072500,0.039500,0.044000,0.064500,0.075000,0.057000,0.098000,0.087500,0.115500,0.176000,0.383500
0.072500,0.039500,0.044000,0.064500,0.075000,0.057000,0.098000,0.087500,0.115500,0.176000,0.383500
0.072500,0.039500,0.044000,0.064500,0.075000,0.057000,0.098000,0.087500,0.115500,0.176000,0.383500
0.072500,0.039500,0.044000,0.064500,0.075000,0.057000,0.098000,0.087500,0.115500,0.176000,0.383500
0.072500,0.039500,0.044000,0.064500,0.075000,0.057000,0.098000,0.087500,0.115500,0.176000,0.383500
0.072500,0.039500,0.044000,0.064500,0.075000,0.057000,0.098000,0.087500,0.115500,0.176000,0.383500
0.072500,0.039500,0.044000,0.064500,0.075000,0.057000,0.098000,0.087500,0.115500,0.176000,0.383500
0.072500,0.039500,0.044000,0.064500,0.075000,0.057000,0.098000,0.087500,0.115500,0.176000,0.383500
0.072500,0.039500,0.044000,0.064500,0.075000,0.057000,0.098000,0.087500,0.115500,0.176000,0.383500
0.072500,0.039500,0.044000,0.064500,0.075000,0.057000,0.098000,0.087500,0.115500,0.176000,0.383500
0.072500,0.039500,0.044000,0.064500,0.075000,0.057000,0.098000,0.087500,0.115500,0.176000,0.383500
0.072500,0.039500,0.044000,0.064500,0.075000,0.057000,0.098000,0.087500,0.115500,0.176000,0.383500
0.072500,0.039500,0.044000,0.064500,0.075000,0.057000,0.098000,0.087500,0.115500,0.176000,0.383500
0.072500,0.039500,0.044000,0.064500,0.075000,0.057000,0.098000,0.087500,0.115500,0.176000,0.383500
0.072500,0.039500,0.044000,0.064500,0.075000,0.057000,0.098000,0.087500,0.115500,0.176000,0.383500
0.072500,0.039500,0.044000,0.064500,0.075000,0.057000,0.098000,0.087500,0.115500,0.176000,0.383500
0.072500,0.039500,0.044000,0.064500,0.075000,0.057000,0.098000,0.087500,0.115500,0.176000,0.383500
0.072500,0.039500,0.044000,0.064500,0.075000,0.057000,0.098000,0.087500,0.115500,0.176000,0.383500
0.072500,0.039500,0.044000,0.064500,0.075000,0.057000,0.098000,0.087500,0.115500,0.176000,0.383500
0.072500,0.039500,0.044000,0.064500,0.075000,0.057000,0.098000,0.087500,0.115500,0.176000,0.383500
0.072500,0.039500,0.044000,0.064500,0.075000,0.057000,0.098000,0.087500,0.115500,0.176000,0.383500
0.072500,0.039500,0.044000,0.064500,0.075000,0.057000,0.098000,0.087500,0.115500,0.176000,0.383500
0.072500,0.039500,0.044000,0.064500,0.075000,0.057000,0.098000,0.087500,0.115500,0.176000,0.383500
0.072500,0.039500,0.044000,0.064500,0.075000,0.057000,0.098000,0.087500,0.115500,0.176000,0.383500
0.072500,0.039500,0.044000,0.064500,0.075000,0.057000,0.098000,0.087500,0.115500,0.176000,0.383500
0.072500,0.039500,0.044000,0.064500,0.075000,0.057000,0.098000,0.087500,0.115500,0.176000,0.383500
0.072500,0.039500,0.044000,0.064500,0.075000,0.057000,0.098000,0.087500,0.115500,0.176000,0.383500
0.072500,0.039500,0.044000,0.064500,0.075000,0.057000,0.098000,0.087500,0.115500,0.176000,0.383500
0.072500,0.039500,0.044000,0.064500,0.075000,0.057000,0.098000,0.087500,0.115500,0.176000,0.383500
0.072500,0.039500,0.044000,0.064500,0.075000,0.057000,0.098000,0.087500,0.115500,0.176000,0.383500
0.072500,0.039500,0.044000,0.064500,0.075000,0.057000,0.098000,0.087500,0.115500,0.176000,0.383500
0.072500,0.039500,0.044000,0.064500,0.075000,0.057000,0.098000,0.087500,0.115500,0.176000,0.383500
0.072500,0.039500,0.044000,0.064500,0.075000,0.057000,0.098000,0.087500,0.115500,0.176000,0.383500
0.072500,0.039500,0.044000,0.064500,0.075000,0.057000,0.098000,0.087500,0.115500,0.176000,0.383500
0.072500,0.039500,0.044000,0.064500,0.075000,0.057000,0.098000,0.087500,0.115500,0.176000,0.383500
0.072500,0.039500,0.044000,0.064500,0.075000,0.057000,0.098000,0.087500,0.115500,0.176000,0.383500
0.072500,0.039500,0.044000,0.064500,0.075000,0.057000,0.098000,0.087500,0.115500,0.176000,0.383500
0.072500,0.039500,0.044000,0.064500,0.075000,0.057000,0.098000,0.087500,0.115500,0.176000,0.383500
0.072500,0.039500,0.044000,0.064500,0.075000,0.057000,0.098000,0.087500,0.115500,0.176000,0.383500
0.072500,0.039500,0.044000,0.064500,0.075000,0.057000,0.098000,0.087500,0.115500,0.176000,0.383500
0.072500,0.039500,0.044000,0.064500,0.075000,0.057000,0.098000,0.087500,0.115500,0.176000,0.383500
0.072500,0.039500,0.044000,0.064500,0.075000,0.057000,0.098000,0.087500,0.115500,0.176000,0.383500
0.072500,0.039500,0.044000,0.064500,0.075000,0.057000,0.098000,0.087500,0.115500,0.176000,0.383500
0.072500,0.039500,0.044000,0.064500,0.075000,0.057000,0.098000,0.087500,0.115500,0.176000,0.383500
0.072500,0.039500,0.044000,0.064500,0.075000,0.057000,0.098000,0.087500,0.115500,0.176000,0.383500
0.072500,0.039500,0.044000,0.064500,0.075000,0.057000,0.098000,0.087500,0.115500,0.176000,0.383500
0.072500,0.039500,0.044000,0.064500,0.075000,0.057000,0.098000,0.087500,0.115500,0.176000,0.383500
0.072500,0.039500,0.044000,0.064500,0.075000,0.057000,0.098000,0.087500,0.115500,0.176000,0.383500
0.072500,0.039500,0.044000,0.064500,0.075000,0.057000,0.098000,0.087500,0.115500,0.176000,0.383500
0.072500,0.039500,0.044000,0.064500,0.075000,0.057000,0.098000,0.087500,0.115500,0.176000,0.383500
0.072500,0.039500,0.044000,0.064500,0.075000,0.057000,0.098000,0.087500,0.115500,0.176000,0.383500
0.072500,0.039500,0.044000,0.064500,0.075000,0.057000,0.098000,0.087500,0.115500,0.176000,0.383500
0.072500,0.039500,0.044000,0.064500,0.075000,0.057000,0.098000,0.087500,0.115500,0.176000,0.383500
0.072500,0.039500,0.044000,0.064500,0.075000,0.057000,0.098000,0.087500,0.115500,0.176000,0.383500
0.072500,0.039500,0.044000,0.064500,0.075000,0.057000,0.098000,0.087500,0.115500,0.176000,0.383500
0.072500,0.039500,0.044000,0.064500,0.075000,0.057000,0.098000,0.087500,0.115500,0.176000,0.383500
0.072500,0.039500,0.044000,0.064500,0.075000,0.057000,0.098000,0.087500,0.115500,0.176000,0.383500
0.072500,0.039500,0.044000,0.064500,0.075000,0.057000,0.098000,0.087500,0.115500,0.176000,0.383500
0.072500,0.039500,0.044000,0.064500,0.075000,0.057000,0.098000,0.087500,0.115500,0.176000,0.383500
0.072500,0.039500,0.044000,0.064500,0.075000,0.057000,0.098000,0.087500,0.115500,0.176000,0.383500
0.072500,0.039500,0.044000,0.064500,0.075000,0.057000,0.098000,0.087500,0.115500,0.176000,0.383500
0.072500,0.039500,0.044000,0.064500,0.075000,0.057000,0.098000,0.087500,0.115500,0.176000,0.383500
0.072500,0.039500,0.044000,0.064500,0.075000,0.057000,0.098000,0.087500,0.115500,0.176000,0.383500
0.072500,0.039500,0.044000,0.064500,0.075000,0.057000,0.098000,0.087500,0.115500,0.176000,0.383500
0.072500,0.039500,0.044000,0.064500,0.075000,0.057000,0.098000,0.087500,0.115500,0.176000,0.383500
0.072500,0.039500,0.044000,0.064500,0.075000,0.057000,0.098000,0.087500,0.115500,0.176000,0.383500
0.072500,0.039500,0.044000,0.064500,0.075000,0.057000,0.098000,0.087500,0.115500,0.176000,0.383500
0.072500,0.039500,0.044000,0.064500,0.075000,0.057000,0.098000,0.087500,0.115500,0.176000,0.383500
0.072500,0.039500,0.044000,0.064500,0.075000,0.057000,0.098000,0.087500,0.115500,0.176000,0.383500
0.072500,0.039500,0.044000,0.064500,0.075000,0.057000,0.098000,0.087500,0.115500,0.176000,0.383500
0.072500,0.039500,0.044000,0.064500,0.075000,0.057000,0.098000,0.087500,0.115500,0.176000,0.383500
0.072500,0.039500,0.044000,0.064500,0.075000,0.057000,0.098000,0.087500,0.115500,0.176000,0.383500
0.072500,0.039500,0.044000,0.064500,0.075000,0.057000,0.098000,0.087500,0.115500,0.176000,0.383500
0.072500,0.039500,0.044000,0.064500,0.075000,0.057000,0.098000,0.087500,0.115500,0.176000,0.383500
0.072500,0.039500,0.044000,0.064500,0.075000,0.057000,0.098000,0.087500,0.115500,0.176000,0.383500
0.072500,0.039500,0.044000,0.064500,0.075000,0.057000,0.098000,0.087500,0.115500,0.176000,0.383500
0.072500,0.039500,0.044000,0.064500,0.075000,0.057000,0.098000,0.087500,0.115500,0.176000,0.383500
0.072500,0.039500,0.044000,0.064500,0.075000,0.057000,0.098000,0.087500,0.115500,0.176000,0.383500
0.072500,0.039500,0.044000,0.064500,0.075000,0.057000,0.098000,0.087500,0.115500,0.176000,0.383500
0.072500,0.039500,0.044000,0.064500,0.075000,0.057000,0.098000,0.087500,0.115500,0.176000,0.383500
0.072500,0.039500,0.044000,0.064500,0.075000,0.057000,0.098000,0.087500,0.115500,0.176000,0.383500
0.072500,0.039500,0.044000,0.064500,0.075000,0.057000,0.098000,0.087500,0.115500,0.176000,0.383500
0.072500,0.039500,0.044000,0.064500,0.075000,0.057000,0.098000,0.087500,0.115500,0.176000,0.383500
0.072500,0.039500,0.044000,0.064500,0.075000,0.057000,0.098000,0.087500,0.115500,0.176000,0.383500
0.072500,0.039500,0.044000,0.064500,0.075000,0.057000,0.098000,0.087500,0.115500,0.176000,0.383500
0.072500,0.039500,0.044000,0.064500,0.075000,0.057000,0.098000,0.087500,0.115500,0.176000,0.383500
0.072500,0.039500,0.044000,0.064500,0.075000,0.057000,0.098000,0.087500,0.115500,0.176000,0.383500
0.072500,0.039500,0.044000,0.064500,0.075000,0.057000,0.098000,0.087500,0.115500,0.176000,0.383500
0.072500,0.039500,0.044000,0.064500,0.075000,0.057000,0.098000,0.087500,0.115500,0.176000,0.383500
0.072500,0.039500,0.044000,0.064500,0.075000,0.057000,0.098000,0.087500,0.115500,0.176000,0.383500
0.072500,0.039500,0.044000,0.064500,0.075000,0.057000,0.098000,0.087500,0.115500,0.176000,0.383500
0.072500,0.039500,0.044000,0.064500,0.075000,0.057000,0.098000,0.087500,0.115500,0.176000,0.383500
0.072500,0.039500,0.044000,0.064500,0.075000,0.057000,0.098000,0.087500,0.115500,0.176000,0.383500
0.072500,0.039500,0.044000,0.064500,0.075000,0.057000,0.098000,0.087500,0.115500,0.176000,0.383500
0.072500,0.039500,0.044000,0.064500,0.075000,0.057000,0.098000,0.087500,0.115500,0.176000,0.383500
0.072500,0.039500,0.044000,0.064500,0.075000,0.057000,0.098000,0.087500,0.115500,0.176000,0.383500
0.072500,0.039500,0.044000,0.064500,0.075000,0.057000,0.098000,0.087500,0.115500,0.176000,0.383500
0.072500,0.039500,0.044000,0.064500,0.075000,0.057000,0.098000,0.087500,0.115500,0.176000,0.383500
0.072500,0.039500,0.044000,0.064500,0.075000,0.057000,0.098000,0.087500,0.115500,0.176000,0.383500
0.072500,0.039500,0.044000,0.064500,0.075000,0.057000,0.098000,0.087500,0.115500,0.176000,0.383500
0.072500,0.039500,0.044000,0.064500,0.075000,0.057000,0.098000,0.087500,0.115500,0.176000,0.383500
0.072500,0.039500,0.044000,0.064500,0.075000,0.057000,0.098000,0.087500,0.115500,0.176000,0.383500
0.072500,0.039500,0.044000,0.064500,0.075000,0.057000,0.098000,0.087500,0.115500,0.176000,0.383500
0.072500,0.039500,0.044000,0.064500,0.075000,0.057000,0.098000,0.087500,0.115500,0.176000,0.383500
0.072500,0.039500,0.044000,0.064500,0.075000,0.057000,0.098000,0.087500,0.115500,0.176000,0.383500
0.072500,0.039500,0.044000,0.064500,0.075000,0.057000,0.098000,0.087500,0.115500,0.176000,0.383500
0.072500,0.039500,0.044000,0.064500,0.075000,0.057000,0.098000,0.087500,0.115500,0.176000,0.383500
0.072500,0.039500,0.044000,0.064500,0.075000,0.057000,0.098000,0.087500,0.115500,0.176000,0.383500
0.072500,0.039500,0.044000,0.064500,0.075000,0.057000,0.098000,0.087500,0.115500,0.176000,0.383500
0.072500,0.039500,0.044000,0.064500,0.075000,0.057000,0.098000,0.087500,0.115500,0.176000,0.383500
0.072500,0.039500,0.044000,0.064500,0.075000,0.057000,0.098000,0.087500,0.115500,0.176000,0.383500
0.072500,0.039500,0.044000,0.064500,0.075000,0.057000,0.098000,0.087500,0.115500,0.176000,0.383500
0.072500,0.039500,0.044000,0.064500,0.075000,0.057000,0.098000,0.087500,0.115500,0.176000,0.383500
0.072500,0.039500,0.044000,0.064500,0.075000,0.057000,0.098000,0.087500,0.115500,0.176000,0.383500
0.072500,0.039500,0.044000,0.064500,0.075000,0.057000,0.098000,0.087500,0.115500,0.176000,0.383500
0.072500,0.039500,0.044000,0.064500,0.075000,0.057000,0.098000,0.087500,0.115500,0.176000,0.383500
0.072500,0.039500,0.044000,0.064500,0.075000,0.057000,0.098000,0.087500,0.115500,0.176000,0.383500
0.072500,0.039500,0.044000,0.064500,0.075000,0.057000,0.098000,0.087500,0.115500,0.176000,0.383500
0.072500,0.039500,0.044000,0.064500,0.075000,0.057000,0.098000,0.087500,0.115500,0.176000,0.383500
0.072500,0.039500,0.044000,0.064500,0.075000,0.057000,0.098000,0.087500,0.115500,0.176000,0.383500
0.072500,0.039500,0.044000,0.064500,0.075000,0.057000,0.098000,0.087500,0.115500,0.176000,0.383500
0.072500,0.039500,0.044000,0.064500,0.075000,0.057000,0.098000,0.087500,0.115500,0.176000,0.383500
0.072500,0.039500,0.044000,0.064500,0.075000,0.057000,0.098000,0.087500,0.115500,0.176000,0.383500
0.072500,0.039500,0.044000,0.064500,0.075000,0.057000,0.098000,0.087500,0.115500,0.176000,0.383500
0.072500,0.039500,0.044000,0.064500,0.075000,0.057000,0.098000,0.087500,0.115500,0.176000,0.383500
0.072500,0.039500,0.044000,0.064500,0.075000,0.057000,0.098000,0.087500,0.115500,0.176000,0.383500
0.072500,0.039500,0.044000,0.064500,0.075000,0.057000,0.098000,0.087500,0.115500,0.176000,0.383500
0.072500,0.039500,0.044000,0.064500,0.075000,0.057000,0.098000,0.087500,0.115500,0.176000,0.383500
0.072500,0.039500,0.044000,0.064500,0.075000,0.057000,0.098000,0.087500,0.115500,0.176000,0.383500
0.072500,0.039500,0.044000,0.064500,0.075000,0.057000,0.098000,0.087500,0.115500,0.176000,0.383500
0.072500,0.039500,0.044000,0.064500,0.075000,0.057000,0.098000,0.087500,0.115500,0.176000,0.383500
0.072500,0.039500,0.044000,0.064500,0.075000,0.057000,0.098000,0.087500,0.115500,0.176000,0.383500
0.072500,0.039500,0.044000,0.064500,0.075000,0.057000,0.098000,0.087500,0.115500,0.176000,0.383500
0.072500,0.039500,0.044000,0.064500,0.075000,0.057000,0.098000,0.087500,0.115500,0.176000,0.383500
0.072500,0.039500,0.044000,0.064500,0.075000,0.057000,0.098000,0.087500,0.115500,0.176000,0.383500
0.072500,0.039500,0.044000,0.064500,0.075000,0.057000,0.098000,0.087500,0.115500,0.176000,0.383500
0.072500,0.039500,0.044000,0.064500,0.075000,0.057000,0.098000,0.087500,0.115500,0.176000,0.383500
0.072500,0.039500,0.044000,0.064500,0.075000,0.057000,0.098000,0.087500,0.115500,0.176000,0.383500
0.072500,0.039500,0.044000,0.064500,0.075000,0.057000,0.098000,0.087500,0.115500,0.176000,0.383500
0.072500,0.039500,0.044000,0.064500,0.075000,0.057000,0.098000,0.087500,0.115500,0.176000,0.383500
0.072500,0.039500,0.044000,0.064500,0.075000,0.057000,0.098000,0.087500,0.115500,0.176000,0.383500
0.072500,0.039500,0.044000,0.064500,0.075000,0.057000,0.098000,0.087500,0.115500,0.176000,0.383500
0.072500,0.039500,0.044000,0.064500,0.075000,0.057000,0.098000,0.087500,0.115500,0.176000,0.383500
0.072500,0.039500,0.044000,0.064500,0.075000,0.057000,0.098000,0.087500,0.115500,0.176000,0.383500
0.072500,0.039500,0.044000,0.064500,0.075000,0.057000,0.098000,0.087500,0.115500,0.176000,0.383500
0.072500,0.039500,0.044000,0.064500,0.075000,0.057000,0.098000,0.087500,0.115500,0.176000,0.383500
0.072500,0.039500,0.044000,0.064500,0.075000,0.057000,0.098000,0.087500,0.115500,0.176000,0.383500
0.072500,0.039500,0.044000,0.064500,0.075000,0.057000,0.098000,0.087500,0.115500,0.176000,0.383500
0.072500,0.039500,0.044000,0.064500,0.075000,0.057000,0.098000,0.087500,0.115500,0.176000,0.383500
0.072500,0.039500,0.044000,0.064500,0.075000,0.057000,0.098000,0.087500,0.115500,0.176000,0.383500
0.072500,0.039500,0.044000,0.064500,0.075000,0.057000,0.098000,0.087500,0.115500,0.176000,0.383500
0.072500,0.039500,0.044000,0.064500,0.075000,0.057000,0.098000,0.087500,0.115500,0.176000,0.383500
0.072500,0.039500,0.044000,0.064500,0.075000,0.057000,0.098000,0.087500,0.115500,0.176000,0.383500
0.072500,0.039500,0.044000,0.064500,0.075000,0.057000,0.098000,0.087500,0.115500,0.176000,0.383500
0.072500,0.039500,0.044000,0.064500,0.075000,0.057000,0.098000,0.087500,0.115500,0.176000,0.383500
0.072500,0.039500,0.044000,0.064500,0.075000,0.057000,0.098000,0.087500,0.115500,0.176000,0.383500
0.072500,0.039500,0.044000,0.064500,0.075000,0.057000,0.098000,0.087500,0.115500,0.176000,0.383500
0.072500,0.039500,0.044000,0.064500,0.075000,0.057000,0.098000,0.087500,0.115500,0.176000,0.383500
0.072500,0.039500,0.044000,0.064500,0.075000,0.057000,0.098000,0.087500,0.115500,0.176000,0.383500
0.072500,0.039500,0.044000,0.064500,0.075000,0.057000,0.098000,0.087500,0.115500,0.176000,0.383500
0.072500,0.039500,0.044000,0.064500,0.075000,0.057000,0.098000,0.087500,0.115500,0.176000,0.383500
0.072500,0.039500,0.044000,0.064500,0.075000,0.057000,0.098000,0.087500,0.115500,0.176000,0.383500
0.072500,0.039500,0.044000,0.064500,0.075000,0.057000,0.098000,0.087500,0.115500,0.176000,0.383500
0.072500,0.039500,0.044000,0.064500,0.075000,0.057000,0.098000,0.087500,0.115500,0.176000,0.383500
0.072500,0.039500,0.044000,0.064500,0.075000,0.057000,0.098000,0.087500,0.115500,0.176000,0.383500
0.072500,0.039500,0.044000,0.064500,0.075000,0.057000,0.098000,0.087500,0.115500,0.176000,0.383500
0.072500,0.039500,0.044000,0.064500,0.075000,0.057000,0.098000,0.087500,0.115500,0.176000,0.383500
0.072500,0.039500,0.044000,0.064500,0.075000,0.057000,0.098000,0.087500,0.115500,0.176000,0.383500
0.072500,0.039500,0.044000,0.064500,0.075000,0.057000,0.098000,0.087500,0.115500,0.176000,0.383500
0.072500,0.039500,0.044000,0.064500,0.075000,0.057000,0.098000,0.087500,0.115500,0.176000,0.383500
0.072500,0.039500,0.044000,0.064500,0.075000,0.057000,0.098000,0.087500,0.115500,0.176000,0.383500
0.072500,0.039500,0.044000,0.064500,0.075000,0.057000,0.098000,0.087500,0.115500,0.176000,0.383500
0.072500,0.039500,0.044000,0.064500,0.075000,0.057000,0.098000,0.087500,0.115500,0.176000,0.383500
0.072500,0.039500,0.044000,0.064500,0.075000,0.057000,0.098000,0.087500,0.115500,0.176000,0.383500
0.072500,0.039500,0.044000,0.064500,0.075000,0.057000,0.098000,0.087500,0.115500,0.176000,0.383500
0.072500,0.039500,0.044000,0.064500,0.075000,0.057000,0.098000,0.087500,0.115500,0.176000,0.383500
0.072500,0.039500,0.044000,0.064500,0.075000,0.057000,0.098000,0.087500,0.115500,0.176000,0.383500
0.072500,0.039500,0.044000,0.064500,0.075000,0.057000,0.098000,0.087500,0.115500,0.176000,0.383500
0.072500,0.039500,0.044000,0.064500,0.075000,0.057000,0.098000,0.087500,0.115500,0.176000,0.383500
0.072500,0.039500,0.044000,0.064500,0.075000,0.057000,0.098000,0.087500,0.115500,0.176000,0.383500
0.072500,0.039500,0.044000,0.064500,0.075000,0.057000,0.098000,0.087500,0.115500,0.176000,0.383500
0.072500,0.039500,0.044000,0.064500,0.075000,0.057000,0.098000,0.087500,0.115500,0.176000,0.383500
0.072500,0.039500,0.044000,0.064500,0.075000,0.057000,0.098000,0.087500,0.115500,0.176000,0.383500
0.072500,0.039500,0.044000,0.064500,0.075000,0.057000,0.098000,0.087500,0.115500,0.176000,0.383500
0.072500,0.039500,0.044000,0.064500,0.075000,0.057000,0.098000,0.087500,0.115500,0.176000,0.383500
0.072500,0.039500,0.044000,0.064500,0.075000,0.057000,0.098000,0.087500,0.115500,0.176000,0.383500
0.072500,0.039500,0.044000,0.064500,0.075000,0.057000,0.098000,0.087500,0.115500,0.176000,0.383500
0.072500,0.039500,0.044000,0.064500,0.075000,0.057000,0.098000,0.087500,0.115500,0.176000,0.383500
0.072500,0.039500,0.044000,0.064500,0.075000,0.057000,0.098000,0.087500,0.115500,0.176000,0.383500
0.072500,0.039500,0.044000,0.064500,0.075000,0.057000,0.098000,0.087500,0.115500,0.176000,0.383500
0.072500,0.039500,0.044000,0.064500,0.075000,0.057000,0.098000,0.087500,0.115500,0.176000,0.383500
0.072500,0.039500,0.044000,0.064500,0.075000,0.057000,0.098000,0.087500,0.115500,0.176000,0.383500
0.072500,0.039500,0.044000,0.064500,0.075000,0.057000,0.098000,0.087500,0.115500,0.176000,0.383500
0.072500,0.039500,0.044000,0.064500,0.075000,0.057000,0.098000,0.087500,0.115500,0.176000,0.383500
0.072500,0.039500,0.044000,0.064500,0.075000,0.057000,0.098000,0.087500,0.115500,0.176000,0.383500
0.072500,0.039500,0.044000,0.064500,0.075000,0.057000,0.098000,0.087500,0.115500,0.176000,0.383500
0.072500,0.039500,0.044000,0.064500,0.075000,0.057000,0.098000,0.087500,0.115500,0.176000,0.383500
0.072500,0.039500,0.044000,0.064500,0.075000,0.057000,0.098000,0.087500,0.115500,0.176000,0.383500
0.072500,0.039500,0.044000,0.064500,0.075000,0.057000,0.098000,0.087500,0.115500,0.176000,0.383500
0.072500,0.039500,0.044000,0.064500,0.075000,0.057000,0.098000,0.087500,0.115500,0.176000,0.383500
0.072500,0.039500,0.044000,0.064500,0.075000,0.057000,0.098000,0.087500,0.115500,0.176000,0.383500
0.072500,0.039500,0.044000,0.064500,0.075000,0.057000,0.098000,0.087500,0.115500,0.176000,0.383500
0.072500,0.039500,0.044000,0.064500,0.075000,0.057000,0.098000,0.087500,0.115500,0.176000,0.383500
0.072500,0.039500,0.044000,0.064500,0.075000,0.057000,0.098000,0.087500,0.115500,0.176000,0.383500
0.072500,0.039500,0.044000,0.064500,0.075000,0.057000,0.098000,0.087500,0.115500,0.176000,0.383500
0.072500,0.039500,0.044000,0.064500,0.075000,0.057000,0.098000,0.087500,0.115500,0.176000,0.383500
0.839774,0.039500,0.044000,0.064500,0.075000,0.057000,0.098000,0.087500,0.115500,0.176000,0.383500
1.607048,0.039500,0.044000,0.064500,0.075000,0.057000,0.098000,0.087500,0.115500,0.176000,0.383500
2.374323,0.039500,0.044000,0.064500,0.075000,0.057000,0.098000,0.087500,0.115500,0.176000,0.383500
1.607048,0.039500,0.044000,0.064500,0.075000,0.057000,0.098000,0.087500,0.115500,0.176000,0.383500
0.839774,0.039500,0.044000,0.201652,0.075000,0.057000,0.098000,0.087500,0.115500,0.176000,0.383500
0.072500,0.039500,0.044000,0.338804,0.075000,0.057000,0.098000,0.087500,0.115500,0.176000,0.383500
0.072500,0.039500,0.044000,0.475956,0.075000,0.057000,0.098000,0.087500,0.115500,0.176000,0.383500
0.072500,0.039500,0.044000,0.338804,0.075000,0.057000,0.098000,0.087500,0.115500,0.176000,0.383500
0.072500,0.039500,0.044000,0.201652,0.075000,0.057000,0.098000,0.087500,0.115500,0.176000,0.383500
0.072500,0.039500,0.044000,0.064500,0.075000,0.057000,0.098000,0.087500,0.115500,0.176000,0.383500
0.072500,0.039500,0.044000,0.064500,0.075000,0.057000,0.098000,0.087500,0.115500,0.176000,0.383500
0.072500,0.039500,0.044000,0.064500,0.075000,0.057000,0.098000,0.087500,0.115500,0.176000,0.383500
0.072500,0.039500,0.044000,0.064500,0.075000,0.057000,0.098000,0.087500,0.115500,0.176000,0.383500
0.072500,0.039500,0.044000,0.064500,0.075000,0.057000,0.098000,0.087500,0.115500,0.176000,0.383500
0.072500,0.039500,0.044000,0.064500,0.075000,0.057000,0.098000,0.087500,0.115500,0.176000,0.383500
0.072500,0.039500,0.044000,0.064500,0.075000,0.057000,0.098000,0.087500,0.115500,0.176000,0.383500
0.072500,0.039500,0.044000,0.064500,0.075000,0.057000,0.098000,0.087500,0.115500,0.176000,0.383500
0.072500,0.039500,0.044000,0.064500,0.075000,0.331518,0.098000,0.087500,0.115500,0.176000,0.383500
0.072500,0.039500,0.044000,0.064500,0.075000,0.606036,0.098000,0.087500,0.115500,0.176000,0.383500
0.072500,0.039500,0.044000,0.064500,0.075000,0.880554,0.098000,0.087500,0.115500,0.176000,0.383500
0.072500,0.039500,0.044000,0.064500,0.075000,0.606036,0.098000,0.087500,0.115500,0.176000,0.383500
0.072500,0.039500,0.044000,0.064500,0.075000,0.331518,0.098000,0.087500,0.115500,0.176000,0.383500
0.072500,0.039500,0.044000,0.064500,0.075000,0.057000,0.098000,0.087500,0.115500,0.176000,0.383500
0.072500,0.039500,0.044000,0.064500,0.075000,0.057000,0.098000,0.087500,0.115500,0.176000,0.383500
0.072500,0.039500,0.044000,0.064500,0.075000,0.057000,0.098000,0.087500,0.115500,0.176000,1.642838
0.072500,0.039500,0.044000,0.064500,0.075000,0.057000,1.065561,0.087500,0.115500,0.176000,2.902176
0.072500,0.039500,0.044000,0.064500,0.075000,0.057000,2.033122,0.087500,0.115500,0.176000,4.161513
0.072500,0.039500,0.044000,0.064500,0.075000,0.057000,3.000682,0.087500,0.115500,0.176000,5.420851
0.072500,0.039500,0.044000,0.064500,0.075000,0.057000,2.033122,0.087500,0.115500,0.176000,4.161513
0.072500,0.039500,0.044000,0.064500,0.075000,0.057000,1.065561,0.087500,0.115500,0.176000,2.902176
0.072500,0.039500,0.044000,0.064500,0.075000,0.057000,0.098000,0.087500,0.115500,0.176000,1.642838
0.072500,0.039500,0.044000,0.064500,0.075000,0.057000,0.098000,0.087500,0.115500,0.176000,0.383500
0.072500,0.039500,0.044000,0.064500,0.101492,0.057000,0.098000,0.087500,0.115500,0.176000,0.383500
0.072500,0.039500,0.044000,0.064500,0.127983,0.057000,0.098000,0.087500,0.115500,0.176000,0.383500
0.072500,0.039500,0.044000,0.064500,0.154475,0.057000,0.098000,0.087500,0.115500,0.176000,0.383500
0.072500,0.039500,0.044000,0.064500,0.127983,0.057000,0.098000,0.087500,0.115500,0.176000,0.383500
0.072500,0.039500,0.044000,0.064500,0.101492,0.057000,0.098000,0.087500,0.115500,0.176000,0.383500
0.072500,0.039500,0.044000,0.064500,0.075000,0.057000,0.098000,0.087500,0.115500,0.176000,0.383500
0.072500,0.039500,0.044000,0.064500,0.075000,0.057000,0.098000,0.087500,0.115500,0.176000,0.383500
0.072500,0.039500,0.044000,0.064500,0.075000,0.057000,0.098000,0.087500,0.115500,0.176000,0.383500
0.072500,0.039500,0.044000,0.064500,0.075000,0.057000,0.098000,0.087500,0.115500,0.176000,0.383500
0.072500,0.039500,0.841011,0.064500,0.075000,0.057000,0.098000,0.087500,0.115500,0.176000,0.383500
0.072500,0.039500,1.638023,0.064500,0.075000,0.057000,0.098000,0.087500,0.115500,0.176000,0.383500
0.072500,0.039500,2.435034,0.064500,0.075000,0.057000,0.098000,0.491962,0.115500,0.176000,0.383500
0.072500,0.039500,1.638023,0.064500,0.075000,0.057000,0.098000,0.896424,0.115500,0.176000,0.383500
0.072500,0.039500,0.841011,0.064500,0.075000,0.057000,0.098000,1.300885,0.115500,0.176000,0.383500
0.072500,0.039500,0.044000,0.064500,0.075000,0.057000,0.098000,0.896424,0.115500,0.176000,0.383500
0.072500,0.039500,0.044000,0.064500,0.075000,0.057000,0.098000,0.491962,0.115500,0.176000,0.383500
0.072500,0.409732,0.044000,0.064500,0.075000,0.057000,0.098000,0.087500,0.115500,0.176000,0.383500
0.072500,0.779963,0.044000,0.064500,0.075000,0.057000,0.098000,0.087500,0.115500,1.105043,0.383500
0.072500,1.150195,0.044000,0.064500,0.075000,0.057000,0.098000,0.087500,0.115500,2.034086,0.383500
0.072500,0.779963,0.044000,0.064500,0.075000,0.057000,0.098000,0.087500,0.115500,2.963130,0.383500
0.072500,0.409732,0.044000,0.064500,0.075000,0.057000,0.098000,0.087500,0.115500,2.034086,0.383500
0.072500,0.039500,0.044000,0.064500,0.075000,0.057000,0.098000,0.087500,0.115500,1.105043,0.383500
0.072500,0.039500,0.044000,0.064500,0.075000,0.057000,0.098000,0.087500,0.115500,0.176000,0.383500
0.072500,0.039500,0.044000,0.064500,0.075000,0.057000,0.098000,0.087500,0.115500,0.176000,0.383500
0.072500,0.039500,0.044000,0.064500,0.075000,0.057000,0.098000,0.087500,0.115500,0.176000,0.383500
0.072500,0.039500,0.044000,0.064500,0.075000,0.057000,0.098000,0.087500,0.115500,0.176000,0.383500
0.072500,0.039500,0.044000,0.064500,0.075000,0.057000,0.098000,0.087500,0.619981,0.176000,0.383500
0.072500,0.039500,0.044000,0.064500,0.075000,0.057000,0.098000,0.087500,1.124463,0.176000,0.383500
0.072500,0.039500,0.044000,0.064500,0.075000,0.057000,0.098000,0.087500,1.628944,0.176000,0.383500
0.072500,0.039500,0.044000,0.064500,0.075000,0.057000,0.098000,0.087500,1.124463,0.176000,0.383500
0.072500,0.039500,0.044000,0.064500,0.075000,0.057000,0.098000,0.087500,0.619981,0.176000,0.383500
0.072500,0.039500,0.044000,0.064500,0.075000,0.057000,0.098000,0.087500,0.115500,0.176000,0.383500
0.072500,0.039500,0.044000,0.064500,0.075000,0.057000,0.098000,0.087500,0.115500,0.176000,0.383500
0.072500,0.039500,0.044000,0.064500,0.075000,0.057000,0.098000,0.087500,0.115500,0.176000,0.383500
0.072500,0.039500,0.044000,0.064500,0.075000,0.057000,0.098000,0.087500,0.115500,0.176000,0.383500
0.072500,0.039500,0.044000,0.064500,0.075000,0.057000,0.098000,0.087500,0.115500,0.176000,0.383500
0.072500,0.039500,0.044000,0.064500,0.075000,0.057000,0.098000,0.087500,0.115500,0.176000,0.383500
0.072500,0.039500,0.044000,0.064500,0.075000,0.057000,0.098000,0.087500,0.115500,0.176000,0.383500
0.072500,0.039500,0.044000,0.064500,0.075000,0.057000,0.098000,0.087500,0.115500,0.176000,0.383500
0.072500,0.039500,0.044000,0.064500,0.075000,0.057000,0.098000,0.087500,0.115500,0.176000,0.383500
0.072500,0.039500,0.044000,0.064500,0.075000,0.057000,0.098000,0.087500,0.115500,0.176000,0.383500
0.072500,0.039500,0.044000,0.064500,0.075000,0.057000,0.098000,0.087500,0.115500,0.176000,0.383500
0.072500,0.039500,0.044000,0.064500,0.075000,0.057000,0.098000,0.087500,0.115500,0.176000,0.383500
0.072500,0.039500,0.044000,0.064500,0.075000,0.057000,0.098000,0.087500,0.115500,0.176000,0.383500
0.072500,0.039500,0.044000,0.064500,0.075000,0.057000,0.098000,0.087500,0.115500,0.176000,0.383500
0.072500,0.039500,0.044000,0.064500,0.075000,0.057000,0.098000,0.087500,0.115500,0.176000,0.383500
0.072500,0.039500,0.044000,0.064500,0.075000,0.057000,0.098000,0.087500,0.115500,0.176000,0.383500
0.072500,0.039500,0.044000,0.064500,0.075000,0.057000,0.098000,0.087500,0.115500,0.176000,0.383500
0.072500,0.039500,0.044000,0.064500,0.075000,0.057000,0.098000,0.087500,0.115500,0.176000,0.383500
0.072500,0.039500,0.044000,0.064500,0.075000,0.057000,0.098000,0.087500,0.115500,0.176000,0.383500
0.072500,0.039500,0.044000,0.064500,0.075000,0.057000,0.098000,0.087500,0.115500,0.176000,0.383500
0.072500,0.039500,0.044000,0.064500,0.075000,0.057000,0.098000,0.087500,0.115500,0.176000,0.383500
0.072500,0.039500,0.044000,0.064500,0.075000,0.057000,0.098000,0.087500,0.115500,0.176000,0.383500
0.072500,0.039500,0.044000,0.064500,0.075000,0.057000,0.098000,0.087500,0.115500,0.176000,0.383500
0.072500,0.039500,0.044000,0.064500,0.075000,0.057000,0.098000,0.087500,0.115500,0.176000,0.383500
0.072500,0.039500,0.044000,0.064500,0.075000,0.057000,0.098000,0.087500,0.115500,0.176000,0.383500
0.072500,0.039500,0.044000,0.064500,0.075000,0.057000,0.098000,0.087500,0.115500,0.176000,0.383500
0.072500,0.039500,0.044000,0.064500,0.075000,0.057000,0.098000,0.087500,0.115500,0.176000,0.383500
0.072500,0.039500,0.044000,0.064500,0.075000,0.057000,0.098000,0.087500,0.115500,0.176000,0.383500
0.072500,0.039500,0.044000,0.064500,0.075000,0.057000,0.098000,0.087500,0.115500,0.176000,0.383500
0.072500,0.039500,0.044000,0.064500,0.075000,0.057000,0.098000,0.087500,0.115500,0.176000,0.383500
0.072500,0.039500,0.044000,0.064500,0.075000,0.057000,0.098000,0.087500,0.115500,0.176000,0.383500
0.072500,0.039500,0.044000,0.064500,0.075000,0.057000,0.098000,0.087500,0.115500,0.176000,0.383500
0.072500,0.039500,0.044000,0.064500,0.075000,0.057000,0.098000,0.087500,0.115500,0.176000,0.383500
0.072500,0.039500,0.044000,0.064500,0.075000,0.057000,0.098000,0.087500,0.115500,0.176000,0.383500
0.072500,0.039500,0.044000,0.064500,0.075000,0.057000,0.098000,0.087500,0.115500,0.176000,0.383500
0.072500,0.039500,0.044000,0.064500,0.075000,0.057000,0.098000,0.087500,0.115500,0.176000,0.383500
0.072500,0.039500,0.044000,0.064500,0.075000,0.057000,0.098000,0.087500,0.115500,0.176000,0.383500
0.072500,0.039500,0.044000,0.064500,0.075000,0.057000,0.098000,0.087500,0.115500,0.176000,0.383500
0.072500,0.039500,0.044000,0.064500,0.075000,0.057000,0.098000,0.087500,0.115500,0.176000,0.383500
0.072500,0.039500,0.044000,0.064500,0.075000,0.057000,0.098000,0.087500,0.115500,0.176000,0.383500
0.072500,0.039500,0.044000,0.064500,0.075000,0.057000,0.098000,0.087500,0.115500,0.176000,0.383500
0.072500,0.039500,0.044000,0.064500,0.075000,0.057000,0.098000,0.087500,0.115500,0.176000,0.383500
0.072500,0.039500,0.044000,0.064500,0.075000,0.057000,0.098000,0.087500,0.115500,0.176000,0.383500
0.072500,0.039500,0.044000,0.064500,0.075000,0.057000,0.098000,0.087500,0.115500,0.176000,0.383500
0.072500,0.039500,0.044000,0.064500,0.075000,0.057000,0.098000,0.087500,0.115500,0.176000,0.383500
0.072500,0.039500,0.044000,0.064500,0.075000,0.057000,0.098000,0.087500,0.115500,0.176000,0.383500
0.072500,0.039500,0.044000,0.064500,0.075000,0.057000,0.098000,0.087500,0.115500,0.176000,0.383500
0.072500,0.039500,0.044000,0.064500,0.075000,0.057000,0.098000,0.087500,0.115500,0.176000,0.383500
0.072500,0.039500,0.044000,0.064500,0.075000,0.057000,0.098000,0.087500,0.115500,0.176000,0.383500
0.072500,0.039500,0.044000,0.064500,0.075000,0.057000,0.098000,0.087500,0.115500,0.176000,0.383500
0.072500,0.039500,0.044000,0.064500,0.075000,0.057000,0.098000,0.087500,0.115500,0.176000,0.383500
0.072500,0.039500,0.044000,0.064500,0.075000,0.057000,0.098000,0.087500,0.115500,0.176000,0.383500
0.072500,0.039500,0.044000,0.064500,0.075000,0.057000,0.098000,0.087500,0.115500,0.176000,0.383500
0.072500,0.039500,0.044000,0.064500,0.075000,0.057000,0.098000,0.087500,0.115500,0.176000,0.383500
0.072500,0.039500,0.044000,0.064500,0.075000,0.057000,0.098000,0.087500,0.115500,0.176000,0.383500
0.072500,0.039500,0.044000,0.064500,0.075000,0.057000,0.098000,0.087500,0.115500,0.176000,0.383500
0.072500,0.039500,0.044000,0.064500,0.075000,0.057000,0.098000,0.087500,0.115500,0.176000,0.383500
0.072500,0.039500,0.044000,0.064500,0.075000,0.057000,0.098000,0.087500,0.115500,0.176000,0.383500
0.072500,0.039500,0.044000,0.064500,0.075000,0.057000,0.098000,0.087500,0.115500,0.176000,0.383500
0.072500,0.039500,0.044000,0.064500,0.075000,0.057000,0.098000,0.087500,0.115500,0.176000,0.383500
0.072500,0.039500,0.044000,0.064500,0.075000,0.057000,0.098000,0.087500,0.115500,0.176000,0.383500
0.072500,0.039500,0.044000,0.064500,0.075000,0.057000,0.098000,0.087500,0.115500,0.176000,0.383500
0.072500,0.039500,0.044000,0.064500,0.075000,0.057000,0.098000,0.087500,0.115500,0.176000,0.383500
0.072500,0.039500,0.044000,0.064500,0.075000,0.057000,0.098000,0.087500,0.115500,0.176000,0.383500
0.072500,0.039500,0.044000,0.064500,0.075000,0.057000,0.098000,0.087500,0.115500,0.176000,0.383500
0.072500,0.039500,0.044000,0.064500,0.075000,0.057000,0.098000,0.087500,0.115500,0.176000,0.383500
0.072500,0.039500,0.044000,0.064500,0.075000,0.057000,0.098000,0.087500,0.115500,0.176000,0.383500
0.072500,0.039500,0.044000,0.064500,0.075000,0.057000,0.098000,0.087500,0.115500,0.176000,0.383500
0.072500,0.039500,0.044000,0.064500,0.075000,0.057000,0.098000,0.087500,0.115500,0.176000,0.383500
0.072500,0.039500,0.044000,0.064500,0.075000,0.057000,0.098000,0.087500,0.115500,0.176000,0.383500
0.072500,0.039500,0.044000,0.064500,0.075000,0.057000,0.098000,0.087500,0.115500,0.176000,0.383500
0.072500,0.039500,0.044000,0.064500,0.075000,0.057000,0.098000,0.087500,0.115500,0.176000,0.383500
0.072500,0.039500,0.044000,0.064500,0.075000,0.057000,0.098000,0.087500,0.115500,0.176000,0.383500
0.072500,0.039500,0.044000,0.064500,0.075000,0.057000,0.098000,0.087500,0.115500,0.176000,0.383500
0.072500,0.039500,0.044000,0.064500,0.075000,0.057000,0.098000,0.087500,0.115500,0.176000,0.383500
0.072500,0.039500,0.044000,0.064500,0.075000,0.057000,0.098000,0.087500,0.115500,0.176000,0.383500
0.072500,0.039500,0.044000,0.064500,0.075000,0.057000,0.098000,0.087500,0.115500,0.176000,0.383500
0.072500,0.039500,0.044000,0.064500,0.075000,0.057000,0.098000,0.087500,0.115500,0.176000,0.383500
0.072500,0.039500,0.044000,0.064500,0.075000,0.057000,0.098000,0.087500,0.115500,0.176000,0.383500
0.072500,0.039500,0.044000,0.064500,0.075000,0.057000,0.098000,0.087500,0.115500,0.176000,0.383500
0.072500,0.039500,0.044000,0.064500,0.075000,0.057000,0.098000,0.087500,0.115500,0.176000,0.383500
0.072500,0.039500,0.044000,0.064500,0.075000,0.057000,0.098000,0.087500,0.115500,0.176000,0.383500
0.072500,0.039500,0.044000,0.064500,0.075000,0.057000,0.098000,0.087500,0.115500,0.176000,0.383500
0.072500,0.039500,0.044000,0.064500,0.075000,0.057000,0.098000,0.087500,0.115500,0.176000,0.383500
0.072500,0.039500,0.044000,0.064500,0.075000,0.057000,0.098000,0.087500,0.115500,0.176000,0.383500
0.072500,0.039500,0.044000,0.064500,0.075000,0.057000,0.098000,0.087500,0.115500,0.176000,0.383500
0.072500,0.039500,0.044000,0.064500,0.075000,0.057000,0.098000,0.087500,0.115500,0.176000,0.383500
0.072500,0.039500,0.044000,0.064500,0.075000,0.057000,0.098000,0.087500,0.115500,0.176000,0.383500
0.072500,0.039500,0.044000,0.064500,0.075000,0.057000,0.098000,0.087500,0.115500,0.176000,0.383500
0.072500,0.039500,0.044000,0.064500,0.075000,0.057000,0.098000,0.087500,0.115500,0.176000,0.383500
0.072500,0.039500,0.044000,0.064500,0.075000,0.057000,0.098000,0.087500,0.115500,0.176000,0.383500
0.072500,0.039500,0.044000,0.064500,0.075000,0.057000,0.098000,0.087500,0.115500,0.176000,0.383500
0.072500,0.039500,0.044000,0.064500,0.075000,0.057000,0.098000,0.087500,0.115500,0.176000,0.383500
0.072500,0.039500,0.044000,0.064500,0.075000,0.057000,0.098000,0.087500,0.115500,0.176000,0.383500
0.072500,0.039500,0.044000,0.064500,0.075000,0.057000,0.098000,0.087500,0.115500,0.176000,0.383500
0.072500,0.039500,0.044000,0.064500,0.075000,0.057000,0.098000,0.087500,0.115500,0.176000,0.383500
0.072500,0.039500,0.044000,0.064500,0.075000,0.057000,0.098000,0.087500,0.115500,0.176000,0.383500
0.072500,0.039500,0.044000,0.064500,0.075000,0.057000,0.098000,0.087500,0.115500,0.176000,0.383500
0.072500,0.039500,0.044000,0.064500,0.075000,0.057000,0.098000,0.087500,0.115500,0.176000,0.383500
0.072500,0.039500,0.044000,0.064500,0.075000,0.057000,0.098000,0.087500,0.115500,0.176000,0.383500
0.072500,0.039500,0.044000,0.064500,0.075000,0.057000,0.098000,0.087500,0.115500,0.176000,0.383500
0.072500,0.039500,0.044000,0.064500,0.075000,0.057000,0.098000,0.087500,0.115500,0.176000,0.383500
0.072500,0.039500,0.044000,0.064500,0.075000,0.057000,0.098000,0.087500,0.115500,0.176000,0.383500
0.072500,0.039500,0.044000,0.064500,0.075000,0.057000,0.098000,0.087500,0.115500,0.176000,0.383500
0.072500,0.039500,0.044000,0.064500,0.075000,0.057000,0.098000,0.087500,0.115500,0.176000,0.383500
0.072500,0.039500,0.044000,0.064500,0.075000,0.057000,0.098000,0.087500,0.115500,0.176000,0.383500
0.072500,0.039500,0.044000,0.064500,0.075000,0.057000,0.098000,0.087500,0.115500,0.176000,0.383500
0.072500,0.039500,0.044000,0.064500,0.075000,0.057000,0.098000,0.087500,0.115500,0.176000,0.383500
0.072500,0.039500,0.044000,0.064500,0.075000,0.057000,0.098000,0.087500,0.115500,0.176000,0.383500
0.072500,0.039500,0.044000,0.064500,0.075000,0.057000,0.098000,0.087500,0.115500,0.176000,0.383500
0.072500,0.039500,0.044000,0.064500,0.075000,0.057000,0.098000,0.087500,0.115500,0.176000,0.383500
0.072500,0.039500,0.044000,0.064500,0.075000,0.057000,0.098000,0.087500,0.115500,0.176000,0.383500
0.072500,0.039500,0.044000,0.064500,0.075000,0.057000,0.098000,0.087500,0.115500,0.176000,0.383500
0.072500,0.039500,0.044000,0.064500,0.075000,0.057000,0.098000,0.087500,0.115500,0.176000,0.383500
0.072500,0.039500,0.044000,0.064500,0.075000,0.057000,0.098000,0.087500,0.115500,0.176000,0.383500
0.072500,0.039500,0.044000,0.064500,0.075000,0.057000,0.098000,0.087500,0.115500,0.176000,0.383500
0.072500,0.039500,0.044000,0.064500,0.075000,0.057000,0.098000,0.087500,0.115500,0.176000,0.383500
0.072500,0.039500,0.044000,0.064500,0.075000,0.057000,0.098000,0.087500,0.115500,0.176000,0.383500
0.072500,0.039500,0.044000,0.064500,0.075000,0.057000,0.098000,0.087500,0.115500,0.176000,0.383500
0.072500,0.039500,0.044000,0.064500,0.075000,0.057000,0.098000,0.087500,0.115500,0.176000,0.383500
0.072500,0.039500,0.044000,0.064500,0.075000,0.057000,0.098000,0.087500,0.115500,0.176000,0.383500
0.072500,0.039500,0.044000,0.064500,0.075000,0.057000,0.098000,0.087500,0.115500,0.176000,0.383500
0.072500,0.039500,0.044000,0.064500,0.075000,0.057000,0.098000,0.087500,0.115500,0.176000,0.383500
0.072500,0.039500,0.044000,0.064500,0.075000,0.057000,0.098000,0.087500,0.115500,0.176000,0.383500
0.072500,0.039500,0.044000,0.064500,0.075000,0.057000,0.098000,0.087500,0.115500,0.176000,0.383500
0.072500,0.039500,0.044000,0.064500,0.075000,0.057000,0.098000,0.087500,0.115500,0.176000,0.383500
0.072500,0.039500,0.044000,0.064500,0.075000,0.057000,0.098000,0.087500,0.115500,0.176000,0.383500
0.072500,0.039500,0.044000,0.064500,0.075000,0.057000,0.098000,0.087500,0.115500,0.176000,0.383500
0.072500,0.039500,0.044000,0.064500,0.075000,0.057000,0.098000,0.087500,0.115500,0.176000,0.383500
0.072500,0.039500,0.044000,0.064500,0.075000,0.057000,0.098000,0.087500,0.115500,0.176000,0.383500
0.072500,0.039500,0.044000,0.064500,0.075000,0.057000,0.098000,0.087500,0.115500,0.176000,0.383500
0.072500,0.039500,0.044000,0.064500,0.075000,0.057000,0.098000,0.087500,0.115500,0.176000,0.383500
0.072500,0.039500,0.044000,0.064500,0.075000,0.057000,0.098000,0.087500,0.115500,0.176000,0.383500
0.072500,0.039500,0.044000,0.064500,0.075000,0.057000,0.098000,0.087500,0.115500,0.176000,0.383500
0.072500,0.039500,0.044000,0.064500,0.075000,0.057000,0.098000,0.087500,0.115500,0.176000,0.383500
0.072500,0.039500,0.044000,0.064500,0.075000,0.057000,0.098000,0.087500,0.115500,0.176000,0.383500
0.072500,0.039500,0.044000,0.064500,0.075000,0.057000,0.098000,0.087500,0.115500,0.176000,0.383500
0.072500,0.039500,0.044000,0.064500,0.075000,0.057000,0.098000,0.087500,0.115500,0.176000,0.383500
0.072500,0.039500,0.044000,0.064500,0.075000,0.057000,0.098000,0.087500,0.115500,0.176000,0.383500
0.072500,0.039500,0.044000,0.064500,0.075000,0.057000,0.098000,0.087500,0.115500,0.176000,0.383500
0.072500,0.039500,0.044000,0.064500,0.075000,0.057000,0.098000,0.087500,0.115500,0.176000,0.383500
0.072500,0.039500,0.044000,0.064500,0.075000,0.057000,0.098000,0.087500,0.115500,0.176000,0.383500
0.072500,0.039500,0.044000,0.064500,0.075000,0.057000,0.098000,0.087500,0.115500,0.176000,0.383500
0.072500,0.039500,0.044000,0.064500,0.075000,0.057000,0.098000,0.087500,0.115500,0.176000,0.383500
0.072500,0.039500,0.044000,0.064500,0.075000,0.057000,0.098000,0.087500,0.115500,0.176000,0.383500
0.072500,0.039500,0.044000,0.064500,0.075000,0.057000,0.098000,0.087500,0.115500,0.176000,0.383500
0.072500,0.039500,0.044000,0.064500,0.075000,0.057000,0.098000,0.087500,0.115500,0.176000,0.383500
0.072500,0.039500,0.044000,0.064500,0.075000,0.057000,0.098000,0.087500,0.115500,0.176000,0.383500
0.072500,0.039500,0.044000,0.064500,0.075000,0.057000,0.098000,0.087500,0.115500,0.176000,0.383500
0.072500,0.039500,0.044000,0.064500,0.075000,0.057000,0.098000,0.087500,0.115500,0.176000,0.383500
0.072500,0.039500,0.044000,0.064500,0.075000,0.057000,0.098000,0.087500,0.115500,0.176000,0.383500
0.072500,0.039500,0.044000,0.064500,0.075000,0.057000,0.098000,0.087500,0.115500,0.176000,0.383500
0.072500,0.039500,0.044000,0.064500,0.075000,0.057000,0.098000,0.087500,0.115500,0.176000,0.383500
0.072500,0.039500,0.044000,0.064500,0.075000,0.057000,0.098000,0.087500,0.115500,0.176000,0.383500
0.072500,0.039500,0.044000,0.064500,0.075000,0.057000,0.098000,0.087500,0.115500,0.176000,0.383500
0.072500,0.039500,0.044000,0.064500,0.075000,0.057000,0.098000,0.087500,0.115500,0.176000,0.383500
0.072500,0.039500,0.044000,0.064500,0.075000,0.057000,0.098000,0.087500,0.115500,0.176000,0.383500
0.072500,0.039500,0.044000,0.064500,0.075000,0.057000,0.098000,0.087500,0.115500,0.176000,0.383500
0.072500,0.039500,0.044000,0.064500,0.075000,0.057000,0.098000,0.087500,0.115500,0.176000,0.383500
0.072500,0.039500,0.044000,0.064500,0.075000,0.057000,0.098000,0.087500,0.115500,0.176000,0.383500
0.072500,0.039500,0.044000,0.064500,0.075000,0.057000,0.098000,0.087500,0.115500,0.176000,0.383500
0.072500,0.039500,0.044000,0.064500,0.075000,0.057000,0.098000,0.087500,0.115500,0.176000,0.383500
0.072500,0.039500,0.044000,0.064500,0.075000,0.057000,0.098000,0.087500,0.115500,0.176000,0.383500
0.072500,0.039500,0.044000,0.064500,0.075000,0.057000,0.098000,0.087500,0.115500,0.176000,0.383500
0.072500,0.039500,0.044000,0.064500,0.075000,0.057000,0.098000,0.087500,0.115500,0.176000,0.383500
0.072500,0.039500,0.044000,0.064500,0.075000,0.057000,0.098000,0.087500,0.115500,0.176000,0.383500
0.072500,0.039500,0.044000,0.064500,0.075000,0.057000,0.098000,0.087500,0.115500,0.176000,0.383500
0.072500,0.039500,0.044000,0.064500,0.075000,0.057000,0.098000,0.087500,0.115500,0.176000,0.383500
0.072500,0.039500,0.044000,0.064500,0.075000,0.057000,0.098000,0.087500,0.115500,0.176000,0.383500
0.072500,0.039500,0.044000,0.064500,0.075000,0.057000,0.098000,0.087500,0.115500,0.176000,0.383500
0.072500,0.039500,0.044000,0.064500,0.075000,0.057000,0.098000,0.087500,0.115500,0.176000,0.383500
0.072500,0.039500,0.044000,0.064500,0.075000,0.057000,0.098000,0.087500,0.115500,0.176000,0.383500
0.072500,0.039500,0.044000,0.064500,0.075000,0.057000,0.098000,0.087500,0.115500,0.176000,0.383500
0.072500,0.039500,0.044000,0.064500,0.075000,0.057000,0.098000,0.087500,0.115500,0.176000,0.383500
0.072500,0.039500,0.044000,0.064500,0.075000,0.057000,0.098000,0.087500,0.115500,0.176000,0.383500
0.072500,0.039500,0.044000,0.064500,0.075000,0.057000,0.098000,0.087500,0.115500,0.176000,0.383500
0.072500,0.039500,0.044000,0.064500,0.075000,0.057000,0.098000,0.087500,0.115500,0.176000,0.383500
0.072500,0.039500,0.044000,0.064500,0.075000,0.057000,0.098000,0.087500,0.115500,0.176000,0.383500
0.072500,0.039500,0.044000,0.064500,0.075000,0.057000,0.098000,0.087500,0.115500,0.176000,0.383500
0.072500,0.039500,0.044000,0.064500,0.075000,0.057000,0.098000,0.087500,0.115500,0.176000,0.383500
0.072500,0.039500,0.044000,0.064500,0.075000,0.057000,0.098000,0.087500,0.115500,0.176000,0.383500
0.072500,0.039500,0.044000,0.064500,0.075000,0.057000,0.098000,0.087500,0.115500,0.176000,0.383500
0.072500,0.039500,0.044000,0.064500,0.075000,0.057000,0.098000,0.087500,0.115500,0.176000,0.383500
0.072500,0.039500,0.044000,0.064500,0.075000,0.057000,0.098000,0.087500,0.115500,0.176000,0.383500
0.072500,0.039500,0.044000,0.064500,0.075000,0.057000,0.098000,0.087500,0.115500,0.176000,0.383500
0.072500,0.039500,0.044000,0.064500,0.075000,0.057000,0.098000,0.087500,0.115500,0.176000,0.383500
0.072500,0.039500,0.044000,0.064500,0.075000,0.057000,0.098000,0.087500,0.115500,0.176000,0.383500
0.072500,0.039500,0.044000,0.064500,0.075000,0.057000,0.098000,0.087500,0.115500,0.176000,0.383500
0.072500,0.039500,0.044000,0.064500,0.075000,0.057000,0.098000,0.087500,0.115500,0.176000,0.383500
0.072500,0.039500,0.044000,0.064500,0.075000,0.057000,0.098000,0.087500,0.115500,0.176000,0.383500
0.072500,0.039500,0.044000,0.064500,0.075000,0.057000,0.098000,0.087500,0.115500,0.176000,0.383500
0.072500,0.039500,0.044000,0.064500,0.075000,0.057000,0.098000,0.087500,0.115500,0.176000,0.383500
0.072500,0.039500,0.044000,0.064500,0.075000,0.057000,0.098000,0.087500,0.115500,0.176000,0.383500
0.072500,0.039500,0.044000,0.064500,0.075000,0.057000,0.098000,0.087500,0.115500,0.176000,0.383500
0.072500,0.039500,0.044000,0.064500,0.075000,0.057000,0.098000,0.087500,0.115500,0.176000,0.383500
0.072500,0.039500,0.044000,0.064500,0.075000,0.057000,0.098000,0.087500,0.115500,0.176000,0.383500
0.072500,0.039500,0.044000,0.064500,0.075000,0.057000,0.098000,0.087500,0.115500,0.176000,0.383500
0.072500,0.039500,0.044000,0.064500,0.075000,0.057000,0.098000,0.087500,0.115500,0.176000,0.383500
0.072500,0.039500,0.044000,0.064500,0.075000,0.057000,0.098000,0.087500,0.115500,0.176000,0.383500
0.072500,0.039500,0.044000,0.064500,0.075000,0.057000,0.098000,0.087500,0.115500,0.176000,0.383500
0.072500,0.039500,0.044000,0.064500,0.075000,0.057000,0.098000,0.087500,0.115500,0.176000,0.383500
0.072500,0.039500,0.044000,0.064500,0.075000,0.057000,0.098000,0.087500,0.115500,0.176000,0.383500
0.072500,0.039500,0.044000,0.064500,0.075000,0.057000,0.098000,0.087500,0.115500,0.176000,0.383500
0.072500,0.039500,0.044000,0.064500,0.075000,0.057000,0.098000,0.087500,0.115500,0.176000,0.383500
0.072500,0.039500,0.044000,0.064500,0.075000,0.057000,0.098000,0.087500,0.115500,0.176000,0.383500
0.072500,0.039500,0.044000,0.064500,0.075000,0.057000,0.098000,0.087500,0.115500,0.176000,0.383500
0.072500,0.039500,0.044000,0.064500,0.075000,0.057000,0.098000,0.087500,0.115500,0.176000,0.383500
0.072500,0.039500,0.044000,0.064500,0.075000,0.057000,0.098000,0.087500,0.115500,0.176000,0.383500
0.072500,0.039500,0.044000,0.064500,0.075000,0.057000,0.098000,0.087500,0.115500,0.176000,0.383500
0.072500,0.039500,0.044000,0.064500,0.075000,0.057000,0.098000,0.087500,0.115500,0.176000,0.383500
0.072500,0.039500,0.044000,0.064500,0.075000,0.057000,0.098000,0.087500,0.115500,0.176000,0.383500
0.072500,0.039500,0.044000,0.064500,0.075000,0.057000,0.098000,0.087500,0.115500,0.176000,0.383500
0.072500,0.039500,0.044000,0.064500,0.075000,0.057000,0.098000,0.087500,0.115500,0.176000,0.383500
0.072500,0.039500,0.044000,0.064500,0.075000,0.057000,0.098000,0.087500,0.115500,0.176000,0.383500
0.072500,0.039500,0.044000,0.064500,0.075000,0.057000,0.098000,0.087500,0.115500,0.176000,0.383500
0.072500,0.039500,0.044000,0.064500,0.075000,0.057000,0.098000,0.087500,0.115500,0.176000,0.383500
0.072500,0.039500,0.044000,0.064500,0.075000,0.057000,0.098000,0.087500,0.115500,0.176000,0.383500
0.072500,0.039500,0.044000,0.064500,0.075000,0.057000,0.098000,0.087500,0.115500,0.176000,0.383500
0.072500,0.039500,0.044000,0.064500,0.075000,0.057000,0.098000,0.087500,0.115500,0.176000,0.383500
0.072500,0.039500,0.044000,0.064500,0.075000,0.057000,0.098000,0.087500,0.115500,0.176000,0.383500
0.072500,0.039500,0.044000,0.064500,0.075000,0.057000,0.098000,0.087500,0.115500,0.176000,0.383500
0.072500,0.039500,0.044000,0.064500,0.075000,0.057000,0.098000,0.087500,0.115500,0.176000,0.383500
0.072500,0.039500,0.044000,0.064500,0.075000,0.057000,0.098000,0.087500,0.115500,0.176000,0.383500
0.072500,0.039500,0.044000,0.064500,0.075000,0.057000,0.098000,0.087500,0.115500,0.176000,0.383500
0.072500,0.039500,0.044000,0.064500,0.075000,0.057000,0.098000,0.087500,0.115500,0.176000,0.383500
0.072500,0.039500,0.044000,0.064500,0.075000,0.057000,0.098000,0.087500,0.115500,0.176000,0.383500
0.072500,0.039500,0.044000,0.064500,0.075000,0.057000,0.098000,0.087500,0.115500,0.176000,0.383500
0.072500,0.039500,0.044000,0.064500,0.075000,0.057000,0.098000,0.087500,0.115500,0.176000,0.383500
0.072500,0.039500,0.044000,0.064500,0.075000,0.057000,0.098000,0.087500,0.115500,0.176000,0.383500
0.072500,0.039500,0.044000,0.064500,0.075000,0.057000,0.098000,0.087500,0.115500,0.176000,0.383500
0.072500,0.039500,0.044000,0.064500,0.075000,0.057000,0.098000,0.087500,0.115500,0.176000,0.383500
0.072500,0.039500,0.044000,0.064500,0.075000,0.057000,0.098000,0.087500,0.115500,0.176000,0.383500
0.072500,0.039500,0.044000,0.064500,0.075000,0.057000,0.098000,0.087500,0.115500,0.176000,0.383500
0.072500,0.039500,0.044000,0.064500,0.075000,0.057000,0.098000,0.087500,0.115500,0.176000,0.383500
0.072500,0.039500,0.044000,0.064500,0.075000,0.057000,0.098000,0.087500,0.115500,0.176000,0.383500
0.072500,0.039500,0.044000,0.064500,0.075000,0.057000,0.098000,0.087500,0.115500,0.176000,0.383500
0.072500,0.039500,0.044000,0.064500,0.075000,0.057000,0.098000,0.087500,0.115500,0.176000,0.383500
0.072500,0.039500,0.044000,0.064500,0.075000,0.057000,0.098000,0.087500,0.115500,0.176000,0.383500
0.072500,0.039500,0.044000,0.064500,0.075000,0.057000,0.098000,0.087500,0.115500,0.176000,0.383500
0.072500,0.039500,0.044000,0.064500,0.075000,0.057000,0.098000,0.087500,0.115500,0.176000,0.383500
0.072500,0.039500,0.044000,0.064500,0.075000,0.057000,0.098000,0.087500,0.115500,0.176000,0.383500
0.072500,0.039500,0.044000,0.064500,0.075000,0.057000,0.098000,0.087500,0.115500,0.176000,0.383500
0.072500,0.039500,0.044000,0.064500,0.075000,0.057000,0.098000,0.087500,0.115500,0.176000,0.383500
0.072500,0.039500,0.044000,0.064500,0.075000,0.057000,0.098000,0.087500,0.115500,0.176000,0.383500
0.072500,0.039500,0.044000,0.064500,0.075000,0.057000,0.098000,0.087500,0.115500,0.176000,0.383500
0.072500,0.039500,0.044000,0.064500,0.075000,0.057000,0.098000,0.087500,0.115500,0.176000,0.383500
0.072500,0.039500,0.044000,0.064500,0.075000,0.057000,0.098000,0.087500,0.115500,0.176000,0.383500
0.072500,0.039500,0.044000,0.064500,0.075000,0.057000,0.098000,0.087500,0.115500,0.176000,0.383500
0.072500,0.039500,0.044000,0.064500,0.075000,0.057000,0.098000,0.087500,0.115500,0.176000,0.383500
0.072500,0.039500,0.044000,0.064500,0.075000,0.057000,0.098000,0.087500,0.115500,0.176000,0.383500
0.072500,0.039500,0.044000,0.064500,0.075000,0.057000,0.098000,0.087500,0.115500,0.176000,0.383500
0.072500,0.039500,0.044000,0.064500,0.075000,0.057000,0.098000,0.087500,0.115500,0.176000,0.383500
0.072500,0.039500,0.044000,0.064500,0.075000,0.057000,0.098000,0.087500,0.115500,0.176000,0.383500
0.072500,0.039500,0.044000,0.064500,0.075000,0.057000,0.098000,0.087500,0.115500,0.176000,0.383500
0.072500,0.039500,0.044000,0.064500,0.075000,0.057000,0.098000,0.087500,0.115500,0.176000,0.383500
0.072500,0.039500,0.044000,0.064500,0.075000,0.057000,0.098000,0.087500,0.115500,0.176000,0.383500
0.072500,0.039500,0.044000,0.064500,0.075000,0.057000,0.098000,0.087500,0.115500,0.176000,0.383500
0.072500,0.039500,0.044000,0.064500,0.075000,0.057000,0.098000,0.087500,0.115500,0.176000,0.383500
0.072500,0.039500,0.044000,0.064500,0.075000,0.057000,0.098000,0.087500,0.115500,0.176000,0.383500
0.072500,0.039500,0.044000,0.064500,0.075000,0.057000,0.098000,0.087500,0.115500,0.176000,0.383500
0.072500,0.039500,0.044000,0.064500,0.075000,0.057000,0.098000,0.087500,0.115500,0.176000,0.383500
0.072500,0.039500,0.044000,0.064500,0.075000,0.057000,0.098000,0.087500,0.115500,0.176000,0.383500
0.072500,0.039500,0.044000,0.064500,0.075000,0.057000,0.098000,0.087500,0.115500,0.176000,0.383500
0.072500,0.039500,0.044000,0.064500,0.075000,0.057000,0.098000,0.087500,0.115500,0.176000,0.383500
0.072500,0.039500,0.044000,0.064500,0.075000,0.057000,0.098000,0.087500,0.115500,0.176000,0.383500
0.072500,0.039500,0.044000,0.064500,0.075000,0.057000,0.098000,0.087500,0.115500,0.176000,0.383500
0.072500,0.039500,0.044000,0.064500,0.075000,0.057000,0.098000,0.087500,0.115500,0.176000,0.383500
0.072500,0.039500,0.044000,0.064500,0.075000,0.057000,0.098000,0.087500,0.115500,0.176000,0.383500
0.072500,0.039500,0.044000,0.064500,0.075000,0.057000,0.098000,0.087500,0.115500,0.176000,0.383500
0.072500,0.039500,0.044000,0.064500,0.075000,0.057000,0.098000,0.087500,0.115500,0.176000,0.383500
0.072500,0.039500,0.044000,0.064500,0.075000,0.057000,0.098000,0.087500,0.115500,0.176000,0.383500
0.072500,0.039500,0.044000,0.064500,0.075000,0.057000,0.098000,0.087500,0.115500,0.176000,0.383500
0.072500,0.039500,0.044000,0.064500,0.075000,0.057000,0.098000,0.087500,0.115500,0.176000,0.383500
0.072500,0.039500,0.044000,0.064500,0.075000,0.057000,0.098000,0.087500,0.115500,0.176000,0.383500
0.072500,0.039500,0.044000,0.064500,0.075000,0.057000,0.098000,0.087500,0.115500,0.176000,0.383500
0.072500,0.039500,0.044000,0.064500,0.075000,0.057000,0.098000,0.087500,0.115500,0.176000,0.383500
0.072500,0.039500,0.044000,0.064500,0.075000,0.057000,0.098000,0.087500,0.115500,0.176000,0.383500
0.072500,0.039500,0.044000,0.064500,0.075000,0.057000,0.098000,0.087500,0.115500,0.176000,0.383500
0.072500,0.039500,0.044000,0.064500,0.075000,0.057000,0.098000,0.087500,0.115500,0.176000,0.383500
0.072500,0.039500,0.044000,0.064500,0.075000,0.057000,0.098000,0.087500,0.115500,0.176000,0.383500
0.072500,0.039500,0.044000,0.064500,0.075000,0.057000,0.098000,0.087500,0.115500,0.176000,0.383500
0.072500,0.039500,0.044000,0.064500,0.075000,0.057000,0.098000,0.087500,0.115500,0.176000,0.383500
0.072500,0.039500,0.044000,0.064500,0.075000,0.057000,0.098000,0.087500,0.115500,0.176000,0.383500
0.072500,0.039500,0.044000,0.064500,0.075000,0.057000,0.098000,0.087500,0.115500,0.176000,0.383500
0.072500,0.039500,0.044000,0.064500,0.075000,0.057000,0.098000,0.087500,0.115500,0.176000,0.383500
0.072500,0.039500,0.044000,0.064500,0.075000,0.057000,0.098000,0.087500,0.115500,0.176000,0.383500
0.072500,0.039500,0.044000,0.064500,0.075000,0.057000,0.098000,0.087500,0.115500,0.176000,0.383500
0.072500,0.039500,0.044000,0.064500,0.075000,0.057000,0.098000,0.087500,0.115500,0.176000,0.383500
0.072500,0.039500,0.044000,0.064500,0.075000,0.057000,0.098000,0.087500,0.115500,0.176000,0.383500
0.072500,0.039500,0.044000,0.064500,0.075000,0.057000,0.098000,0.087500,0.115500,0.176000,0.383500
0.072500,0.039500,0.044000,0.064500,0.075000,0.057000,0.098000,0.087500,0.115500,0.176000,0.383500
0.072500,0.039500,0.044000,0.064500,0.075000,0.057000,0.098000,0.087500,0.115500,0.176000,0.383500
0.072500,0.039500,0.044000,0.064500,0.075000,0.057000,0.098000,0.087500,0.115500,0.176000,0.383500
0.072500,0.039500,0.044000,0.064500,0.075000,0.057000,0.098000,0.087500,0.115500,0.176000,0.383500
0.072500,0.039500,0.044000,0.064500,0.075000,0.057000,0.098000,0.087500,0.115500,0.176000,0.383500
0.072500,0.039500,0.044000,0.064500,0.075000,0.057000,0.098000,0.087500,0.115500,0.176000,0.383500
0.072500,0.039500,0.044000,0.064500,0.075000,0.057000,0.098000,0.087500,0.115500,0.176000,0.383500
0.072500,0.039500,0.044000,0.064500,0.075000,0.057000,0.098000,0.087500,0.115500,0.176000,0.383500
0.072500,0.039500,0.044000,0.064500,0.075000,0.057000,0.098000,0.087500,0.115500,0.176000,0.383500
0.072500,0.039500,0.044000,0.064500,0.075000,0.057000,0.098000,0.087500,0.115500,0.176000,0.383500
0.072500,0.039500,0.044000,0.064500,0.075000,0.057000,0.098000,0.087500,0.115500,0.176000,0.383500
0.072500,0.039500,0.044000,0.064500,0.075000,0.057000,0.098000,0.087500,0.115500,0.176000,0.383500
0.072500,0.039500,0.044000,0.064500,0.075000,0.057000,0.098000,0.087500,0.115500,0.176000,0.383500
0.072500,0.039500,0.044000,0.064500,0.075000,0.057000,0.098000,0.087500,0.115500,0.176000,0.383500
0.072500,0.039500,0.044000,0.547910,0.075000,0.057000,0.098000,0.087500,0.115500,0.176000,0.383500
0.072500,0.039500,0.044000,1.031320,0.075000,0.057000,0.098000,0.087500,0.115500,0.176000,0.383500
0.072500,0.039500,0.044000,1.514730,0.075000,0.057000,0.098000,0.087500,0.115500,0.176000,0.383500
0.072500,0.039500,0.044000,1.031320,0.075000,0.057000,0.098000,0.087500,0.115500,0.176000,0.383500
0.072500,0.039500,0.044000,0.547910,0.075000,0.057000,0.098000,0.087500,0.115500,0.176000,0.383500
0.072500,0.039500,0.044000,0.064500,0.075000,0.057000,0.098000,0.087500,0.115500,0.176000,0.383500
0.072500,0.039500,0.044000,0.064500,0.075000,0.057000,0.098000,0.087500,0.115500,0.176000,0.383500
0.072500,0.039500,0.044000,0.064500,0.075000,0.057000,0.098000,0.087500,0.115500,0.176000,0.383500
0.072500,0.039500,0.044000,0.064500,0.075000,0.057000,0.098000,0.087500,0.115500,0.176000,0.383500
0.072500,0.039500,0.044000,0.064500,0.075000,0.057000,0.098000,0.087500,0.115500,0.176000,0.383500
0.072500,0.039500,0.044000,0.064500,0.075000,0.057000,0.098000,0.087500,0.115500,0.176000,0.383500
0.072500,0.039500,0.044000,0.064500,0.075000,0.057000,0.098000,0.087500,0.115500,0.176000,0.383500
0.072500,0.039500,0.044000,0.064500,0.075000,0.057000,0.098000,0.087500,0.115500,0.176000,0.383500
0.072500,0.039500,0.044000,0.064500,0.075000,0.057000,0.098000,0.087500,0.115500,0.176000,0.383500
0.072500,0.039500,0.044000,0.064500,0.075000,0.057000,0.098000,0.087500,0.115500,0.176000,0.383500
0.072500,0.039500,0.057724,0.064500,0.075000,0.057000,0.098000,0.087500,0.115500,0.176000,0.383500
0.072500,0.039500,0.071448,0.064500,0.075000,0.057000,0.098000,0.087500,0.115500,0.176000,0.383500
0.072500,0.039500,0.085172,0.064500,0.075000,0.057000,0.098000,0.087500,0.115500,0.176000,0.383500
0.072500,0.039500,0.071448,0.064500,0.075000,0.057000,0.098000,0.087500,0.115500,0.176000,0.383500
0.072500,0.039500,0.057724,0.064500,0.075000,0.057000,0.098000,0.087500,0.115500,0.176000,0.383500
0.072500,0.039500,0.044000,0.064500,0.075000,0.057000,0.098000,0.087500,0.115500,0.176000,0.383500
0.072500,0.039500,0.044000,0.064500,0.075000,0.057000,0.098000,0.087500,0.115500,0.176000,0.383500
0.072500,0.039500,0.044000,0.064500,0.075000,0.057000,0.098000,0.087500,0.838668,0.176000,0.383500
0.072500,0.039500,0.044000,0.064500,0.075000,0.057000,0.098000,0.087500,1.561837,0.176000,0.383500
0.072500,0.039500,0.044000,0.064500,0.075000,0.057000,0.098000,0.087500,2.285005,0.176000,0.383500
0.072500,0.039500,0.044000,0.064500,0.075000,0.057000,0.098000,0.374579,1.561837,0.176000,0.383500
0.072500,0.039500,0.044000,0.064500,0.075000,0.057000,0.098000,0.661658,0.838668,0.176000,0.383500
0.072500,0.039500,0.044000,0.064500,0.075000,0.057000,0.098000,0.948737,0.115500,0.176000,0.383500
0.072500,0.039500,0.044000,0.064500,0.075000,0.057000,0.098000,0.661658,0.115500,0.176000,0.383500
0.072500,0.039500,0.044000,0.064500,0.075000,0.057000,0.098000,0.374579,0.115500,0.176000,0.383500
0.072500,0.039500,0.044000,0.064500,0.075000,0.057000,0.098000,0.087500,0.115500,0.176000,0.383500
0.072500,0.039500,0.044000,0.064500,0.075000,0.057000,0.098000,0.087500,0.115500,0.176000,0.383500
0.072500,0.039500,0.044000,0.064500,0.075000,0.057000,0.098000,0.087500,0.115500,0.176000,1.089407
0.072500,0.039500,0.044000,0.064500,0.075000,0.057000,0.098000,0.087500,0.115500,0.176000,1.795315
0.072500,0.039500,0.044000,0.064500,0.075000,0.057000,0.098000,0.087500,0.115500,0.176000,2.501222
0.072500,0.039500,0.044000,0.064500,0.075000,0.057000,0.098000,0.087500,0.115500,0.405715,3.207130
0.072500,0.039500,0.044000,0.064500,0.075000,0.057000,0.098000,0.087500,0.115500,0.635430,2.501222
0.072500,0.039500,0.044000,0.064500,0.075000,0.057000,0.098000,0.087500,0.115500,0.865146,1.795315
0.072500,0.039500,0.044000,0.064500,0.075000,0.057000,0.098000,0.087500,0.115500,0.635430,1.089407
0.072500,0.039500,0.044000,0.064500,0.075000,0.057000,1.986989,0.087500,0.115500,0.405715,0.383500
0.072500,0.039500,0.044000,0.064500,0.075000,0.057000,3.875979,0.087500,0.115500,0.176000,0.383500
0.072500,0.039500,0.044000,0.064500,0.075000,0.391188,5.764968,0.087500,0.115500,0.176000,0.383500
0.072500,0.039500,0.044000,0.064500,0.075000,0.725377,3.875979,0.087500,0.115500,0.176000,0.383500
0.072500,0.039500,0.044000,0.064500,0.075000,1.059565,1.986989,0.087500,0.115500,0.176000,0.383500
0.072500,0.039500,0.044000,0.064500,0.075000,0.725377,0.098000,0.087500,0.115500,0.176000,0.383500
0.072500,0.039500,0.044000,0.064500,0.075000,0.391188,0.098000,0.087500,0.115500,0.176000,0.383500
0.346677,0.039500,0.044000,0.064500,0.075000,0.057000,0.098000,0.087500,0.115500,0.176000,0.383500
0.620855,0.039500,0.044000,0.064500,0.075000,0.057000,0.098000,0.087500,0.115500,0.176000,0.383500
0.895032,0.039500,0.044000,0.064500,0.075000,0.057000,0.098000,0.087500,0.115500,0.176000,0.383500
0.620855,0.039500,0.044000,0.064500,0.075000,0.057000,0.098000,0.087500,0.115500,0.176000,0.383500
0.346677,0.039500,0.044000,0.064500,0.075000,0.057000,0.098000,0.087500,0.115500,0.176000,0.383500
0.072500,0.149377,0.044000,0.064500,1.105168,0.057000,0.098000,0.087500,0.115500,0.176000,0.383500
0.072500,0.259253,0.044000,0.064500,2.135336,0.057000,0.098000,0.087500,0.115500,0.176000,0.383500
0.072500,0.369130,0.044000,0.064500,3.165504,0.057000,0.098000,0.087500,0.115500,0.176000,0.383500
0.072500,0.259253,0.044000,0.064500,2.135336,0.057000,0.098000,0.087500,0.115500,0.176000,0.383500
0.072500,0.149377,0.044000,0.064500,1.105168,0.057000,0.098000,0.087500,0.115500,0.176000,0.383500
0.072500,0.039500,0.044000,0.064500,0.075000,0.057000,0.098000,0.087500,0.115500,0.176000,0.383500
0.072500,0.039500,0.044000,0.064500,0.075000,0.057000,0.098000,0.087500,0.115500,0.176000,0.383500
0.072500,0.039500,0.044000,0.064500,0.075000,0.057000,0.098000,0.087500,0.115500,0.176000,0.383500
0.072500,0.039500,0.044000,0.064500,0.075000,0.057000,0.098000,0.087500,0.115500,0.176000,0.383500
0.072500,0.039500,0.044000,0.064500,0.075000,0.057000,0.098000,0.087500,0.115500,0.176000,0.383500
0.072500,0.039500,0.044000,0.064500,0.075000,0.057000,0.098000,0.087500,0.115500,0.176000,0.383500
0.072500,0.039500,0.044000,0.064500,0.075000,0.057000,0.098000,0.087500,0.115500,0.176000,0.383500
0.072500,0.039500,0.044000,0.064500,0.075000,0.057000,0.098000,0.087500,0.115500,0.176000,0.383500
0.072500,0.039500,0.044000,0.064500,0.075000,0.057000,0.098000,0.087500,0.115500,0.176000,0.383500
0.072500,0.039500,0.044000,0.064500,0.075000,0.057000,0.098000,0.087500,0.115500,0.176000,0.383500
0.072500,0.039500,0.044000,0.064500,0.075000,0.057000,0.098000,0.087500,0.115500,0.176000,0.383500
0.072500,0.039500,0.044000,0.064500,0.075000,0.057000,0.098000,0.087500,0.115500,0.176000,0.383500
0.072500,0.039500,0.044000,0.064500,0.075000,0.057000,0.098000,0.087500,0.115500,0.176000,0.383500
0.072500,0.039500,0.044000,0.064500,0.075000,0.057000,0.098000,0.087500,0.115500,0.176000,0.383500
0.072500,0.039500,0.044000,0.064500,0.075000,0.057000,0.098000,0.087500,0.115500,0.176000,0.383500
0.072500,0.039500,0.044000,0.064500,0.075000,0.057000,0.098000,0.087500,0.115500,0.176000,0.383500
0.072500,0.039500,0.044000,0.064500,0.075000,0.057000,0.098000,0.087500,0.115500,0.176000,0.383500
0.072500,0.039500,0.044000,0.064500,0.075000,0.057000,0.098000,0.087500,0.115500,0.176000,0.383500
0.072500,0.039500,0.044000,0.064500,0.075000,0.057000,0.098000,0.087500,0.115500,0.176000,0.383500
0.072500,0.039500,0.044000,0.064500,0.075000,0.057000,0.098000,0.087500,0.115500,0.176000,0.383500
0.072500,0.039500,0.044000,0.064500,0.075000,0.057000,0.098000,0.087500,0.115500,0.176000,0.383500
0.072500,0.039500,0.044000,0.064500,0.075000,0.057000,0.098000,0.087500,0.115500,0.176000,0.383500
0.072500,0.039500,0.044000,0.064500,0.075000,0.057000,0.098000,0.087500,0.115500,0.176000,0.383500
0.072500,0.039500,0.044000,0.064500,0.075000,0.057000,0.098000,0.087500,0.115500,0.176000,0.383500
0.072500,0.039500,0.044000,0.064500,0.075000,0.057000,0.098000,0.087500,0.115500,0.176000,0.383500
0.072500,0.039500,0.044000,0.064500,0.075000,0.057000,0.098000,0.087500,0.115500,0.176000,0.383500
0.072500,0.039500,0.044000,0.064500,0.075000,0.057000,0.098000,0.087500,0.115500,0.176000,0.383500
0.072500,0.039500,0.044000,0.064500,0.075000,0.057000,0.098000,0.087500,0.115500,0.176000,0.383500
0.072500,0.039500,0.044000,0.064500,0.075000,0.057000,0.098000,0.087500,0.115500,0.176000,0.383500
0.072500,0.039500,0.044000,0.064500,0.075000,0.057000,0.098000,0.087500,0.115500,0.176000,0.383500
0.072500,0.039500,0.044000,0.064500,0.075000,0.057000,0.098000,0.087500,0.115500,0.176000,0.383500
0.072500,0.039500,0.044000,0.064500,0.075000,0.057000,0.098000,0.087500,0.115500,0.176000,0.383500
0.072500,0.039500,0.044000,0.064500,0.075000,0.057000,0.098000,0.087500,0.115500,0.176000,0.383500
0.072500,0.039500,0.044000,0.064500,0.075000,0.057000,0.098000,0.087500,0.115500,0.176000,0.383500
0.072500,0.039500,0.044000,0.064500,0.075000,0.057000,0.098000,0.087500,0.115500,0.176000,0.383500
0.072500,0.039500,0.044000,0.064500,0.075000,0.057000,0.098000,0.087500,0.115500,0.176000,0.383500
0.072500,0.039500,0.044000,0.064500,0.075000,0.057000,0.098000,0.087500,0.115500,0.176000,0.383500
0.072500,0.039500,0.044000,0.064500,0.075000,0.057000,0.098000,0.087500,0.115500,0.176000,0.383500
0.072500,0.039500,0.044000,0.064500,0.075000,0.057000,0.098000,0.087500,0.115500,0.176000,0.383500
0.072500,0.039500,0.044000,0.064500,0.075000,0.057000,0.098000,0.087500,0.115500,0.176000,0.383500
0.072500,0.039500,0.044000,0.064500,0.075000,0.057000,0.098000,0.087500,0.115500,0.176000,0.383500
0.072500,0.039500,0.044000,0.064500,0.075000,0.057000,0.098000,0.087500,0.115500,0.176000,0.383500
0.072500,0.039500,0.044000,0.064500,0.075000,0.057000,0.098000,0.087500,0.115500,0.176000,0.383500
0.072500,0.039500,0.044000,0.064500,0.075000,0.057000,0.098000,0.087500,0.115500,0.176000,0.383500
0.072500,0.039500,0.044000,0.064500,0.075000,0.057000,0.098000,0.087500,0.115500,0.176000,0.383500
0.072500,0.039500,0.044000,0.064500,0.075000,0.057000,0.098000,0.087500,0.115500,0.176000,0.383500
0.072500,0.039500,0.044000,0.064500,0.075000,0.057000,0.098000,0.087500,0.115500,0.176000,0.383500
0.072500,0.039500,0.044000,0.064500,0.075000,0.057000,0.098000,0.087500,0.115500,0.176000,0.383500
0.072500,0.039500,0.044000,0.064500,0.075000,0.057000,0.098000,0.087500,0.115500,0.176000,0.383500
0.072500,0.039500,0.044000,0.064500,0.075000,0.057000,0.098000,0.087500,0.115500,0.176000,0.383500
0.072500,0.039500,0.044000,0.064500,0.075000,0.057000,0.098000,0.087500,0.115500,0.176000,0.383500
0.072500,0.039500,0.044000,0.064500,0.075000,0.057000,0.098000,0.087500,0.115500,0.176000,0.383500
0.072500,0.039500,0.044000,0.064500,0.075000,0.057000,0.098000,0.087500,0.115500,0.176000,0.383500
0.072500,0.039500,0.044000,0.064500,0.075000,0.057000,0.098000,0.087500,0.115500,0.176000,0.383500
0.072500,0.039500,0.044000,0.064500,0.075000,0.057000,0.098000,0.087500,0.115500,0.176000,0.383500
0.072500,0.039500,0.044000,0.064500,0.075000,0.057000,0.098000,0.087500,0.115500,0.176000,0.383500
0.072500,0.039500,0.044000,0.064500,0.075000,0.057000,0.098000,0.087500,0.115500,0.176000,0.383500
0.072500,0.039500,0.044000,0.064500,0.075000,0.057000,0.098000,0.087500,0.115500,0.176000,0.383500
0.072500,0.039500,0.044000,0.064500,0.075000,0.057000,0.098000,0.087500,0.115500,0.176000,0.383500
0.072500,0.039500,0.044000,0.064500,0.075000,0.057000,0.098000,0.087500,0.115500,0.176000,0.383500
0.072500,0.039500,0.044000,0.064500,0.075000,0.057000,0.098000,0.087500,0.115500,0.176000,0.383500
0.072500,0.039500,0.044000,0.064500,0.075000,0.057000,0.098000,0.087500,0.115500,0.176000,0.383500
0.072500,0.039500,0.044000,0.064500,0.075000,0.057000,0.098000,0.087500,0.115500,0.176000,0.383500
0.072500,0.039500,0.044000,0.064500,0.075000,0.057000,0.098000,0.087500,0.115500,0.176000,0.383500
0.072500,0.039500,0.044000,0.064500,0.075000,0.057000,0.098000,0.087500,0.115500,0.176000,0.383500
0.072500,0.039500,0.044000,0.064500,0.075000,0.057000,0.098000,0.087500,0.115500,0.176000,0.383500
0.072500,0.039500,0.044000,0.064500,0.075000,0.057000,0.098000,0.087500,0.115500,0.176000,0.383500
0.072500,0.039500,0.044000,0.064500,0.075000,0.057000,0.098000,0.087500,0.115500,0.176000,0.383500
0.072500,0.039500,0.044000,0.064500,0.075000,0.057000,0.098000,0.087500,0.115500,0.176000,0.383500
0.072500,0.039500,0.044000,0.064500,0.075000,0.057000,0.098000,0.087500,0.115500,0.176000,0.383500
0.072500,0.039500,0.044000,0.064500,0.075000,0.057000,0.098000,0.087500,0.115500,0.176000,0.383500
0.072500,0.039500,0.044000,0.064500,0.075000,0.057000,0.098000,0.087500,0.115500,0.176000,0.383500
0.072500,0.039500,0.044000,0.064500,0.075000,0.057000,0.098000,0.087500,0.115500,0.176000,0.383500
0.072500,0.039500,0.044000,0.064500,0.075000,0.057000,0.098000,0.087500,0.115500,0.176000,0.383500
0.072500,0.039500,0.044000,0.064500,0.075000,0.057000,0.098000,0.087500,0.115500,0.176000,0.383500
0.072500,0.039500,0.044000,0.064500,0.075000,0.057000,0.098000,0.087500,0.115500,0.176000,0.383500
0.072500,0.039500,0.044000,0.064500,0.075000,0.057000,0.098000,0.087500,0.115500,0.176000,0.383500
0.072500,0.039500,0.044000,0.064500,0.075000,0.057000,0.098000,0.087500,0.115500,0.176000,0.383500
0.072500,0.039500,0.044000,0.064500,0.075000,0.057000,0.098000,0.087500,0.115500,0.176000,0.383500
0.072500,0.039500,0.044000,0.064500,0.075000,0.057000,0.098000,0.087500,0.115500,0.176000,0.383500
0.072500,0.039500,0.044000,0.064500,0.075000,0.057000,0.098000,0.087500,0.115500,0.176000,0.383500
0.072500,0.039500,0.044000,0.064500,0.075000,0.057000,0.098000,0.087500,0.115500,0.176000,0.383500
0.072500,0.039500,0.044000,0.064500,0.075000,0.057000,0.098000,0.087500,0.115500,0.176000,0.383500
0.072500,0.039500,0.044000,0.064500,0.075000,0.057000,0.098000,0.087500,0.115500,0.176000,0.383500
0.072500,0.039500,0.044000,0.064500,0.075000,0.057000,0.098000,0.087500,0.115500,0.176000,0.383500
0.072500,0.039500,0.044000,0.064500,0.075000,0.057000,0.098000,0.087500,0.115500,0.176000,0.383500
0.072500,0.039500,0.044000,0.064500,0.075000,0.057000,0.098000,0.087500,0.115500,0.176000,0.383500
0.072500,0.039500,0.044000,0.064500,0.075000,0.057000,0.098000,0.087500,0.115500,0.176000,0.383500
0.072500,0.039500,0.044000,0.064500,0.075000,0.057000,0.098000,0.087500,0.115500,0.176000,0.383500
0.072500,0.039500,0.044000,0.064500,0.075000,0.057000,0.098000,0.087500,0.115500,0.176000,0.383500
0.072500,0.039500,0.044000,0.064500,0.075000,0.057000,0.098000,0.087500,0.115500,0.176000,0.383500
0.072500,0.039500,0.044000,0.064500,0.075000,0.057000,0.098000,0.087500,0.115500,0.176000,0.383500
0.072500,0.039500,0.044000,0.064500,0.075000,0.057000,0.098000,0.087500,0.115500,0.176000,0.383500
0.072500,0.039500,0.044000,0.064500,0.075000,0.057000,0.098000,0.087500,0.115500,0.176000,0.383500
0.072500,0.039500,0.044000,0.064500,0.075000,0.057000,0.098000,0.087500,0.115500,0.176000,0.383500
0.072500,0.039500,0.044000,0.064500,0.075000,0.057000,0.098000,0.087500,0.115500,0.176000,0.383500
0.072500,0.039500,0.044000,0.064500,0.075000,0.057000,0.098000,0.087500,0.115500,0.176000,0.383500
0.072500,0.039500,0.044000,0.064500,0.075000,0.057000,0.098000,0.087500,0.115500,0.176000,0.383500
0.072500,0.039500,0.044000,0.064500,0.075000,0.057000,0.098000,0.087500,0.115500,0.176000,0.383500
0.072500,0.039500,0.044000,0.064500,0.075000,0.057000,0.098000,0.087500,0.115500,0.176000,0.383500
0.072500,0.039500,0.044000,0.064500,0.075000,0.057000,0.098000,0.087500,0.115500,0.176000,0.383500
0.072500,0.039500,0.044000,0.064500,0.075000,0.057000,0.098000,0.087500,0.115500,0.176000,0.383500
0.072500,0.039500,0.044000,0.064500,0.075000,0.057000,0.098000,0.087500,0.115500,0.176000,0.383500
0.072500,0.039500,0.044000,0.064500,0.075000,0.057000,0.098000,0.087500,0.115500,0.176000,0.383500
0.072500,0.039500,0.044000,0.064500,0.075000,0.057000,0.098000,0.087500,0.115500,0.176000,0.383500
0.072500,0.039500,0.044000,0.064500,0.075000,0.057000,0.098000,0.087500,0.115500,0.176000,0.383500
0.072500,0.039500,0.044000,0.064500,0.075000,0.057000,0.098000,0.087500,0.115500,0.176000,0.383500
0.072500,0.039500,0.044000,0.064500,0.075000,0.057000,0.098000,0.087500,0.115500,0.176000,0.383500
0.072500,0.039500,0.044000,0.064500,0.075000,0.057000,0.098000,0.087500,0.115500,0.176000,0.383500
0.072500,0.039500,0.044000,0.064500,0.075000,0.057000,0.098000,0.087500,0.115500,0.176000,0.383500
0.072500,0.039500,0.044000,0.064500,0.075000,0.057000,0.098000,0.087500,0.115500,0.176000,0.383500
0.072500,0.039500,0.044000,0.064500,0.075000,0.057000,0.098000,0.087500,0.115500,0.176000,0.383500
0.072500,0.039500,0.044000,0.064500,0.075000,0.057000,0.098000,0.087500,0.115500,0.176000,0.383500
0.072500,0.039500,0.044000,0.064500,0.075000,0.057000,0.098000,0.087500,0.115500,0.176000,0.383500
0.072500,0.039500,0.044000,0.064500,0.075000,0.057000,0.098000,0.087500,0.115500,0.176000,0.383500
0.072500,0.039500,0.044000,0.064500,0.075000,0.057000,0.098000,0.087500,0.115500,0.176000,0.383500
0.072500,0.039500,0.044000,0.064500,0.075000,0.057000,0.098000,0.087500,0.115500,0.176000,0.383500
0.072500,0.039500,0.044000,0.064500,0.075000,0.057000,0.098000,0.087500,0.115500,0.176000,0.383500
0.072500,0.039500,0.044000,0.064500,0.075000,0.057000,0.098000,0.087500,0.115500,0.176000,0.383500
0.072500,0.039500,0.044000,0.064500,0.075000,0.057000,0.098000,0.087500,0.115500,0.176000,0.383500
0.072500,0.039500,0.044000,0.064500,0.075000,0.057000,0.098000,0.087500,0.115500,0.176000,0.383500
0.072500,0.039500,0.044000,0.064500,0.075000,0.057000,0.098000,0.087500,0.115500,0.176000,0.383500
0.072500,0.039500,0.044000,0.064500,0.075000,0.057000,0.098000,0.087500,0.115500,0.176000,0.383500
0.072500,0.039500,0.044000,0.064500,0.075000,0.057000,0.098000,0.087500,0.115500,0.176000,0.383500
0.072500,0.039500,0.044000,0.064500,0.075000,0.057000,0.098000,0.087500,0.115500,0.176000,0.383500
0.072500,0.039500,0.044000,0.064500,0.075000,0.057000,0.098000,0.087500,0.115500,0.176000,0.383500
0.072500,0.039500,0.044000,0.064500,0.075000,0.057000,0.098000,0.087500,0.115500,0.176000,0.383500
0.072500,0.039500,0.044000,0.064500,0.075000,0.057000,0.098000,0.087500,0.115500,0.176000,0.383500
0.072500,0.039500,0.044000,0.064500,0.075000,0.057000,0.098000,0.087500,0.115500,0.176000,0.383500
0.072500,0.039500,0.044000,0.064500,0.075000,0.057000,0.098000,0.087500,0.115500,0.176000,0.383500
0.072500,0.039500,0.044000,0.064500,0.075000,0.057000,0.098000,0.087500,0.115500,0.176000,0.383500
0.072500,0.039500,0.044000,0.064500,0.075000,0.057000,0.098000,0.087500,0.115500,0.176000,0.383500
0.072500,0.039500,0.044000,0.064500,0.075000,0.057000,0.098000,0.087500,0.115500,0.176000,0.383500
0.072500,0.039500,0.044000,0.064500,0.075000,0.057000,0.098000,0.087500,0.115500,0.176000,0.383500
0.072500,0.039500,0.044000,0.064500,0.075000,0.057000,0.098000,0.087500,0.115500,0.176000,0.383500
0.072500,0.039500,0.044000,0.064500,0.075000,0.057000,0.098000,0.087500,0.115500,0.176000,0.383500
0.072500,0.039500,0.044000,0.064500,0.075000,0.057000,0.098000,0.087500,0.115500,0.176000,0.383500
0.072500,0.039500,0.044000,0.064500,0.075000,0.057000,0.098000,0.087500,0.115500,0.176000,0.383500
0.072500,0.039500,0.044000,0.064500,0.075000,0.057000,0.098000,0.087500,0.115500,0.176000,0.383500
0.072500,0.039500,0.044000,0.064500,0.075000,0.057000,0.098000,0.087500,0.115500,0.176000,0.383500
0.072500,0.039500,0.044000,0.064500,0.075000,0.057000,0.098000,0.087500,0.115500,0.176000,0.383500
0.072500,0.039500,0.044000,0.064500,0.075000,0.057000,0.098000,0.087500,0.115500,0.176000,0.383500
0.072500,0.039500,0.044000,0.064500,0.075000,0.057000,0.098000,0.087500,0.115500,0.176000,0.383500
0.072500,0.039500,0.044000,0.064500,0.075000,0.057000,0.098000,0.087500,0.115500,0.176000,0.383500
0.072500,0.039500,0.044000,0.064500,0.075000,0.057000,0.098000,0.087500,0.115500,0.176000,0.383500
0.072500,0.039500,0.044000,0.064500,0.075000,0.057000,0.098000,0.087500,0.115500,0.176000,0.383500
0.072500,0.039500,0.044000,0.064500,0.075000,0.057000,0.098000,0.087500,0.115500,0.176000,0.383500
0.072500,0.039500,0.044000,0.064500,0.075000,0.057000,0.098000,0.087500,0.115500,0.176000,0.383500
0.072500,0.039500,0.044000,0.064500,0.075000,0.057000,0.098000,0.087500,0.115500,0.176000,0.383500
0.072500,0.039500,0.044000,0.064500,0.075000,0.057000,0.098000,0.087500,0.115500,0.176000,0.383500
0.072500,0.039500,0.044000,0.064500,0.075000,0.057000,0.098000,0.087500,0.115500,0.176000,0.383500
0.072500,0.039500,0.044000,0.064500,0.075000,0.057000,0.098000,0.087500,0.115500,0.176000,0.383500
0.072500,0.039500,0.044000,0.064500,0.075000,0.057000,0.098000,0.087500,0.115500,0.176000,0.383500
0.072500,0.039500,0.044000,0.064500,0.075000,0.057000,0.098000,0.087500,0.115500,0.176000,0.383500
0.072500,0.039500,0.044000,0.064500,0.075000,0.057000,0.098000,0.087500,0.115500,0.176000,0.383500
0.072500,0.039500,0.044000,0.064500,0.075000,0.057000,0.098000,0.087500,0.115500,0.176000,0.383500
0.072500,0.039500,0.044000,0.064500,0.075000,0.057000,0.098000,0.087500,0.115500,0.176000,0.383500
0.072500,0.039500,0.044000,0.064500,0.075000,0.057000,0.098000,0.087500,0.115500,0.176000,0.383500
0.072500,0.039500,0.044000,0.064500,0.075000,0.057000,0.098000,0.087500,0.115500,0.176000,0.383500
0.072500,0.039500,0.044000,0.064500,0.075000,0.057000,0.098000,0.087500,0.115500,0.176000,0.383500
0.072500,0.039500,0.044000,0.064500,0.075000,0.057000,0.098000,0.087500,0.115500,0.176000,0.383500
0.072500,0.039500,0.044000,0.064500,0.075000,0.057000,0.098000,0.087500,0.115500,0.176000,0.383500
0.072500,0.039500,0.044000,0.064500,0.075000,0.057000,0.098000,0.087500,0.115500,0.176000,0.383500
0.072500,0.039500,0.044000,0.064500,0.075000,0.057000,0.098000,0.087500,0.115500,0.176000,0.383500
0.072500,0.039500,0.044000,0.064500,0.075000,0.057000,0.098000,0.087500,0.115500,0.176000,0.383500
0.072500,0.039500,0.044000,0.064500,0.075000,0.057000,0.098000,0.087500,0.115500,0.176000,0.383500
0.072500,0.039500,0.044000,0.064500,0.075000,0.057000,0.098000,0.087500,0.115500,0.176000,0.383500
0.072500,0.039500,0.044000,0.064500,0.075000,0.057000,0.098000,0.087500,0.115500,0.176000,0.383500
0.072500,0.039500,0.044000,0.064500,0.075000,0.057000,0.098000,0.087500,0.115500,0.176000,0.383500
0.072500,0.039500,0.044000,0.064500,0.075000,0.057000,0.098000,0.087500,0.115500,0.176000,0.383500
0.072500,0.039500,0.044000,0.064500,0.075000,0.057000,0.098000,0.087500,0.115500,0.176000,0.383500
0.072500,0.039500,0.044000,0.064500,0.075000,0.057000,0.098000,0.087500,0.115500,0.176000,0.383500
0.072500,0.039500,0.044000,0.064500,0.075000,0.057000,0.098000,0.087500,0.115500,0.176000,0.383500
0.072500,0.039500,0.044000,0.064500,0.075000,0.057000,0.098000,0.087500,0.115500,0.176000,0.383500
0.072500,0.039500,0.044000,0.064500,0.075000,0.057000,0.098000,0.087500,0.115500,0.176000,0.383500
0.072500,0.039500,0.044000,0.064500,0.075000,0.057000,0.098000,0.087500,0.115500,0.176000,0.383500
0.072500,0.039500,0.044000,0.064500,0.075000,0.057000,0.098000,0.087500,0.115500,0.176000,0.383500
0.072500,0.039500,0.044000,0.064500,0.075000,0.057000,0.098000,0.087500,0.115500,0.176000,0.383500
0.072500,0.039500,0.044000,0.064500,0.075000,0.057000,0.098000,0.087500,0.115500,0.176000,0.383500
0.072500,0.039500,0.044000,0.064500,0.075000,0.057000,0.098000,0.087500,0.115500,0.176000,0.383500
0.072500,0.039500,0.044000,0.064500,0.075000,0.057000,0.098000,0.087500,0.115500,0.176000,0.383500
0.072500,0.039500,0.044000,0.064500,0.075000,0.057000,0.098000,0.087500,0.115500,0.176000,0.383500
0.072500,0.039500,0.044000,0.064500,0.075000,0.057000,0.098000,0.087500,0.115500,0.176000,0.383500
0.072500,0.039500,0.044000,0.064500,0.075000,0.057000,0.098000,0.087500,0.115500,0.176000,0.383500
0.072500,0.039500,0.044000,0.064500,0.075000,0.057000,0.098000,0.087500,0.115500,0.176000,0.383500
0.072500,0.039500,0.044000,0.064500,0.075000,0.057000,0.098000,0.087500,0.115500,0.176000,0.383500
0.072500,0.039500,0.044000,0.064500,0.075000,0.057000,0.098000,0.087500,0.115500,0.176000,0.383500
0.072500,0.039500,0.044000,0.064500,0.075000,0.057000,0.098000,0.087500,0.115500,0.176000,0.383500
0.072500,0.039500,0.044000,0.064500,0.075000,0.057000,0.098000,0.087500,0.115500,0.176000,0.383500
0.072500,0.039500,0.044000,0.064500,0.075000,0.057000,0.098000,0.087500,0.115500,0.176000,0.383500
0.072500,0.039500,0.044000,0.064500,0.075000,0.057000,0.098000,0.087500,0.115500,0.176000,0.383500
0.072500,0.039500,0.044000,0.064500,0.075000,0.057000,0.098000,0.087500,0.115500,0.176000,0.383500
0.072500,0.039500,0.044000,0.064500,0.075000,0.057000,0.098000,0.087500,0.115500,0.176000,0.383500
0.072500,0.039500,0.044000,0.064500,0.075000,0.057000,0.098000,0.087500,0.115500,0.176000,0.383500
0.072500,0.039500,0.044000,0.064500,0.075000,0.057000,0.098000,0.087500,0.115500,0.176000,0.383500
0.072500,0.039500,0.044000,0.064500,0.075000,0.057000,0.098000,0.087500,0.115500,0.176000,0.383500
0.072500,0.039500,0.044000,0.064500,0.075000,0.057000,0.098000,0.087500,0.115500,0.176000,0.383500
0.072500,0.039500,0.044000,0.064500,0.075000,0.057000,0.098000,0.087500,0.115500,0.176000,0.383500
0.072500,0.039500,0.044000,0.064500,0.075000,0.057000,0.098000,0.087500,0.115500,0.176000,0.383500
0.072500,0.039500,0.044000,0.064500,0.075000,0.057000,0.098000,0.087500,0.115500,0.176000,0.383500
0.072500,0.039500,0.044000,0.064500,0.075000,0.057000,0.098000,0.087500,0.115500,0.176000,0.383500
0.072500,0.039500,0.044000,0.064500,0.075000,0.057000,0.098000,0.087500,0.115500,0.176000,0.383500
0.072500,0.039500,0.044000,0.064500,0.075000,0.057000,0.098000,0.087500,0.115500,0.176000,0.383500
0.072500,0.039500,0.044000,0.064500,0.075000,0.057000,0.098000,0.087500,0.115500,0.176000,0.383500
0.072500,0.039500,0.044000,0.064500,0.075000,0.057000,0.098000,0.087500,0.115500,0.176000,0.383500
0.072500,0.039500,0.044000,0.064500,0.075000,0.057000,0.098000,0.087500,0.115500,0.176000,0.383500
0.072500,0.039500,0.044000,0.064500,0.075000,0.057000,0.098000,0.087500,0.115500,0.176000,0.383500
0.072500,0.039500,0.044000,0.064500,0.075000,0.057000,0.098000,0.087500,0.115500,0.176000,0.383500
0.072500,0.039500,0.044000,0.064500,0.075000,0.057000,0.098000,0.087500,0.115500,0.176000,0.383500
0.072500,0.039500,0.044000,0.064500,0.075000,0.057000,0.098000,0.087500,0.115500,0.176000,0.383500
0.072500,0.039500,0.044000,0.064500,0.075000,0.057000,0.098000,0.087500,0.115500,0.176000,0.383500
0.072500,0.039500,0.044000,0.064500,0.075000,0.057000,0.098000,0.087500,0.115500,0.176000,0.383500
0.072500,0.039500,0.044000,0.064500,0.075000,0.057000,0.098000,0.087500,0.115500,0.176000,0.383500
0.072500,0.039500,0.044000,0.064500,0.075000,0.057000,0.098000,0.087500,0.115500,0.176000,0.383500
0.072500,0.039500,0.044000,0.064500,0.075000,0.057000,0.098000,0.087500,0.115500,0.176000,0.383500
0.072500,0.039500,0.044000,0.064500,0.075000,0.057000,0.098000,0.087500,0.115500,0.176000,0.383500
0.072500,0.039500,0.044000,0.064500,0.075000,0.057000,0.098000,0.087500,0.115500,0.176000,0.383500
0.072500,0.039500,0.044000,0.064500,0.075000,0.057000,0.098000,0.087500,0.115500,0.176000,0.383500
0.072500,0.039500,0.044000,0.064500,0.075000,0.057000,0.098000,0.087500,0.115500,0.176000,0.383500
0.072500,0.039500,0.044000,0.064500,0.075000,0.057000,0.098000,0.087500,0.115500,0.176000,0.383500
0.072500,0.039500,0.044000,0.064500,0.075000,0.057000,0.098000,0.087500,0.115500,0.176000,0.383500
0.072500,0.039500,0.044000,0.064500,0.075000,0.057000,0.098000,0.087500,0.115500,0.176000,0.383500
0.072500,0.039500,0.044000,0.064500,0.075000,0.057000,0.098000,0.087500,0.115500,0.176000,0.383500
0.072500,0.039500,0.044000,0.064500,0.075000,0.057000,0.098000,0.087500,0.115500,0.176000,0.383500
0.072500,0.039500,0.044000,0.064500,0.075000,0.057000,0.098000,0.087500,0.115500,0.176000,0.383500
0.072500,0.039500,0.044000,0.064500,0.075000,0.057000,0.098000,0.087500,0.115500,0.176000,0.383500
0.072500,0.039500,0.044000,0.064500,0.075000,0.057000,0.098000,0.087500,0.115500,0.176000,0.383500
0.072500,0.039500,0.044000,0.064500,0.075000,0.057000,0.098000,0.087500,0.115500,0.176000,0.383500
0.072500,0.039500,0.044000,0.064500,0.075000,0.057000,0.098000,0.087500,0.115500,0.176000,0.383500
0.072500,0.039500,0.044000,0.064500,0.075000,0.057000,0.098000,0.087500,0.115500,0.176000,0.383500
0.072500,0.039500,0.044000,0.064500,0.075000,0.057000,0.098000,0.087500,0.115500,0.176000,0.383500
0.072500,0.039500,0.044000,0.064500,0.075000,0.057000,0.098000,0.087500,0.115500,0.176000,0.383500
0.072500,0.039500,0.044000,0.064500,0.075000,0.057000,0.098000,0.087500,0.115500,0.176000,0.383500
0.072500,0.039500,0.044000,0.064500,0.075000,0.057000,0.098000,0.087500,0.115500,0.176000,0.383500
0.072500,0.039500,0.044000,0.064500,0.075000,0.057000,0.098000,0.087500,0.115500,0.176000,0.383500
0.072500,0.039500,0.044000,0.064500,0.075000,0.057000,0.098000,0.087500,0.115500,0.176000,0.383500
0.072500,0.039500,0.044000,0.064500,0.075000,0.057000,0.098000,0.087500,0.115500,0.176000,0.383500
0.072500,0.039500,0.044000,0.064500,0.075000,0.057000,0.098000,0.087500,0.115500,0.176000,0.383500
0.072500,0.039500,0.044000,0.064500,0.075000,0.057000,0.098000,0.087500,0.115500,0.176000,0.383500
0.072500,0.039500,0.044000,0.064500,0.075000,0.057000,0.098000,0.087500,0.115500,0.176000,0.383500
0.072500,0.039500,0.044000,0.064500,0.075000,0.057000,0.098000,0.087500,0.115500,0.176000,0.383500
0.072500,0.039500,0.044000,0.064500,0.075000,0.057000,0.098000,0.087500,0.115500,0.176000,0.383500
0.072500,0.039500,0.044000,0.064500,0.075000,0.057000,0.098000,0.087500,0.115500,0.176000,0.383500
0.072500,0.039500,0.044000,0.064500,0.075000,0.057000,0.098000,0.087500,0.115500,0.176000,0.383500
0.072500,0.039500,0.044000,0.064500,0.075000,0.057000,0.098000,0.087500,0.115500,0.176000,0.383500
0.072500,0.039500,0.044000,0.064500,0.075000,0.057000,0.098000,0.087500,0.115500,0.176000,0.383500
0.072500,0.039500,0.044000,0.064500,0.075000,0.057000,0.098000,0.087500,0.115500,0.176000,0.383500
0.072500,0.039500,0.044000,0.064500,0.075000,0.057000,0.098000,0.087500,0.115500,0.176000,0.383500
0.072500,0.039500,0.044000,0.064500,0.075000,0.057000,0.098000,0.087500,0.115500,0.176000,0.383500
0.072500,0.039500,0.044000,0.064500,0.075000,0.057000,0.098000,0.087500,0.115500,0.176000,0.383500
0.072500,0.039500,0.044000,0.064500,0.075000,0.057000,0.098000,0.087500,0.115500,0.176000,0.383500
0.072500,0.039500,0.044000,0.064500,0.075000,0.057000,0.098000,0.087500,0.115500,0.176000,0.383500
0.072500,0.039500,0.044000,0.064500,0.075000,0.057000,0.098000,0.087500,0.115500,0.176000,0.383500
0.072500,0.039500,0.044000,0.064500,0.075000,0.057000,0.098000,0.087500,0.115500,0.176000,0.383500
0.072500,0.039500,0.044000,0.064500,0.075000,0.057000,0.098000,0.087500,0.115500,0.176000,0.383500
0.072500,0.039500,0.044000,0.064500,0.075000,0.057000,0.098000,0.087500,0.115500,0.176000,0.383500
0.072500,0.039500,0.044000,0.064500,0.075000,0.057000,0.098000,0.087500,0.115500,0.176000,0.383500
0.072500,0.039500,0.044000,0.064500,0.075000,0.057000,0.098000,0.087500,0.115500,0.176000,0.383500
0.072500,0.039500,0.044000,0.064500,0.075000,0.057000,0.098000,0.087500,0.115500,0.176000,0.383500
0.072500,0.039500,0.044000,0.064500,0.075000,0.057000,0.098000,0.087500,0.115500,0.176000,0.383500
0.072500,0.039500,0.044000,0.064500,0.075000,0.057000,0.098000,0.087500,0.115500,0.176000,0.383500
0.072500,0.039500,0.044000,0.064500,0.075000,0.057000,0.098000,0.087500,0.115500,0.176000,0.383500
0.072500,0.039500,0.044000,0.064500,0.075000,0.057000,0.098000,0.087500,0.115500,0.176000,0.383500
0.072500,0.039500,0.044000,0.064500,0.075000,0.057000,0.098000,0.087500,0.115500,0.176000,0.383500
0.072500,0.039500,0.044000,0.064500,0.075000,0.057000,0.098000,0.087500,0.115500,0.176000,0.383500
0.072500,0.039500,0.044000,0.064500,0.075000,0.057000,0.098000,0.087500,0.115500,0.176000,0.383500
0.072500,0.039500,0.044000,0.064500,0.075000,0.057000,0.098000,0.087500,0.115500,0.176000,0.383500
0.072500,0.039500,0.044000,0.064500,0.075000,0.057000,0.098000,0.087500,0.115500,0.176000,0.383500
0.072500,0.039500,0.044000,0.064500,0.075000,0.057000,0.098000,0.087500,0.115500,0.176000,0.383500
0.072500,0.039500,0.044000,0.064500,0.075000,0.057000,0.098000,0.087500,0.115500,0.176000,0.383500
0.072500,0.039500,0.044000,0.064500,0.075000,0.057000,0.098000,0.087500,0.115500,0.176000,0.383500
0.072500,0.039500,0.044000,0.064500,0.075000,0.057000,0.098000,0.087500,0.115500,0.176000,0.383500
0.072500,0.039500,0.044000,0.064500,0.075000,0.057000,0.098000,0.087500,0.115500,0.176000,0.383500
0.072500,0.039500,0.044000,0.064500,0.075000,0.057000,0.098000,0.087500,0.115500,0.176000,0.383500
0.072500,0.039500,0.044000,0.064500,0.075000,0.057000,0.098000,0.087500,0.115500,0.176000,0.383500
0.072500,0.039500,0.044000,0.064500,0.075000,0.057000,0.098000,0.087500,0.115500,0.176000,0.383500
0.072500,0.039500,0.044000,0.064500,0.075000,0.057000,0.098000,0.087500,0.115500,0.176000,0.383500
0.072500,0.039500,0.044000,0.064500,0.075000,0.057000,0.098000,0.087500,0.115500,0.176000,0.383500
0.072500,0.039500,0.044000,0.064500,0.075000,0.057000,0.098000,0.087500,0.115500,0.176000,0.383500
0.072500,0.039500,0.044000,0.064500,0.075000,0.057000,0.098000,0.087500,0.115500,0.176000,0.383500
0.072500,0.039500,0.044000,0.064500,0.075000,0.057000,0.098000,0.087500,0.115500,0.176000,0.383500
0.072500,0.039500,0.044000,0.064500,0.075000,0.057000,0.098000,0.087500,0.115500,0.176000,0.383500
0.072500,0.039500,0.044000,0.064500,0.075000,0.057000,0.098000,0.087500,0.115500,0.176000,0.383500
0.072500,0.039500,0.044000,0.064500,0.075000,0.057000,0.098000,0.087500,0.115500,0.176000,0.383500
0.072500,0.039500,0.044000,0.064500,0.075000,0.057000,0.098000,0.087500,0.115500,0.176000,0.383500
0.072500,0.039500,0.044000,0.064500,0.075000,0.057000,0.098000,0.087500,0.115500,0.176000,0.383500
0.072500,0.039500,0.044000,0.064500,0.075000,0.057000,0.098000,0.087500,0.115500,0.176000,0.383500
0.072500,0.039500,0.044000,0.064500,0.075000,0.057000,0.098000,0.087500,0.115500,0.176000,0.383500
0.072500,0.039500,0.044000,0.064500,0.075000,0.057000,0.098000,0.087500,0.115500,0.176000,0.383500
0.072500,0.039500,0.044000,0.064500,0.075000,0.057000,0.098000,0.087500,0.115500,0.176000,0.383500
0.072500,0.039500,0.044000,0.064500,0.075000,0.057000,0.098000,0.087500,0.115500,0.176000,0.383500
0.072500,0.039500,0.044000,0.064500,0.075000,0.057000,0.098000,0.087500,0.115500,0.176000,0.383500
0.072500,0.039500,0.044000,0.064500,0.075000,0.057000,0.098000,0.087500,0.115500,0.176000,0.383500
0.072500,0.039500,0.044000,0.064500,0.075000,0.057000,0.098000,0.087500,0.115500,0.176000,0.383500
0.072500,0.039500,0.044000,0.064500,0.075000,0.057000,0.098000,0.087500,0.115500,0.176000,0.383500
0.072500,0.039500,0.044000,0.064500,0.075000,0.057000,0.098000,0.087500,0.115500,0.176000,0.383500
0.072500,0.039500,0.044000,0.064500,0.075000,0.057000,0.098000,0.087500,0.115500,0.176000,0.383500
0.072500,0.039500,0.044000,0.064500,0.075000,0.057000,0.098000,0.087500,0.115500,0.176000,0.383500
0.072500,0.039500,0.044000,0.064500,0.075000,0.057000,0.098000,0.087500,0.115500,0.176000,0.383500
0.072500,0.039500,0.044000,0.064500,0.075000,0.057000,0.098000,0.087500,0.115500,0.176000,0.383500
0.072500,0.039500,0.044000,0.064500,0.075000,0.057000,0.098000,0.087500,0.115500,0.176000,0.383500
0.072500,0.039500,0.044000,0.064500,0.075000,0.057000,0.098000,0.087500,0.115500,0.176000,0.383500
0.072500,0.039500,0.044000,0.064500,0.075000,0.057000,0.098000,0.087500,0.115500,0.176000,0.383500
0.072500,0.039500,0.044000,0.064500,0.075000,0.057000,0.098000,0.087500,0.115500,0.176000,0.383500
0.072500,0.039500,0.044000,0.064500,0.075000,0.057000,0.098000,0.087500,0.115500,0.176000,0.383500
0.072500,0.039500,0.044000,0.064500,0.075000,0.057000,0.098000,0.087500,0.115500,0.176000,0.383500
0.072500,0.039500,0.044000,0.064500,0.075000,0.057000,0.098000,0.087500,0.115500,0.176000,0.383500
0.072500,0.039500,0.044000,0.064500,0.075000,0.057000,0.098000,0.087500,0.115500,0.176000,0.383500
0.072500,0.039500,0.044000,0.064500,0.075000,0.057000,0.098000,0.087500,0.115500,0.176000,0.383500
0.072500,0.039500,0.044000,0.064500,0.075000,0.057000,0.098000,0.087500,0.115500,0.176000,0.383500
0.072500,0.039500,0.044000,0.064500,0.075000,0.591383,0.098000,0.087500,0.115500,0.176000,0.383500
0.072500,0.039500,0.044000,0.064500,0.075000,1.125767,0.098000,0.087500,0.115500,0.176000,0.383500
0.072500,0.039500,0.044000,0.064500,0.075000,1.660150,0.098000,0.429043,0.115500,0.176000,0.383500
0.072500,0.039500,0.044000,0.064500,0.075000,1.125767,0.809080,0.770587,0.115500,0.176000,0.383500
0.072500,0.039500,0.044000,0.064500,0.075000,0.591383,1.520159,1.112130,0.115500,0.176000,0.383500
0.072500,0.039500,0.044000,0.064500,0.075000,0.057000,2.231239,0.770587,0.115500,0.176000,0.383500
0.072500,0.039500,0.044000,0.064500,0.075000,0.057000,1.520159,0.429043,0.115500,1.030917,0.383500
0.072500,0.039500,0.044000,0.064500,0.075000,0.057000,0.809080,0.087500,0.115500,1.885834,0.383500
0.072500,0.039500,0.044000,0.064500,0.075000,0.057000,0.098000,0.087500,0.115500,2.740751,0.383500
0.072500,0.039500,0.044000,0.064500,0.075000,0.057000,0.098000,0.087500,0.115500,1.885834,0.383500
0.072500,0.039500,0.044000,0.064500,0.075000,0.057000,0.098000,0.087500,0.115500,1.030917,0.383500
0.072500,0.039500,0.044000,0.064500,0.075000,0.057000,0.098000,0.087500,0.115500,0.176000,0.383500
0.072500,0.039500,0.044000,0.064500,0.075000,0.057000,0.098000,0.087500,0.115500,0.176000,0.383500
0.072500,0.039500,0.044000,0.064500,0.075000,0.057000,0.098000,0.087500,0.115500,0.176000,0.383500
0.072500,0.039500,0.044000,0.064500,0.075000,0.057000,0.098000,0.087500,0.115500,0.176000,0.383500
0.072500,0.039500,0.044000,0.064500,0.075000,0.057000,0.098000,0.087500,0.115500,0.176000,0.383500
0.072500,0.039500,0.044000,0.064500,0.075000,0.057000,0.098000,0.087500,0.115500,0.176000,0.383500
0.072500,0.039500,0.044000,0.064500,0.075000,0.057000,0.098000,0.087500,0.115500,0.176000,0.383500
0.072500,0.039500,0.044000,0.064500,0.075000,0.057000,0.098000,0.087500,0.115500,0.176000,0.383500
0.072500,0.039500,0.044000,0.064500,0.075000,0.057000,0.098000,0.087500,0.115500,0.176000,0.383500
0.072500,0.039500,0.044000,0.064500,0.075000,0.057000,0.098000,0.087500,0.115500,0.176000,0.383500
0.072500,0.039500,0.044000,0.918310,0.075000,0.057000,0.098000,0.087500,0.115500,0.176000,0.383500
0.072500,0.039500,0.044000,1.772121,0.075000,0.057000,0.098000,0.087500,0.115500,0.176000,0.383500
0.072500,0.039500,0.044000,2.625931,0.075000,0.057000,0.098000,0.087500,0.115500,0.176000,0.383500
0.072500,0.039500,0.044000,1.772121,0.075000,0.057000,0.098000,0.087500,0.115500,0.176000,0.383500
0.072500,0.039500,0.044000,0.918310,0.075000,0.057000,0.098000,0.087500,0.115500,0.176000,0.383500
0.072500,0.039500,0.044000,0.064500,0.075000,0.057000,0.098000,0.087500,0.115500,0.176000,0.383500
0.072500,0.039500,0.044000,0.064500,0.075000,0.057000,0.098000,0.087500,0.115500,0.176000,0.383500
0.072500,0.039500,0.044000,0.064500,0.075000,0.057000,0.098000,0.087500,0.115500,0.176000,0.383500
0.072500,0.039500,0.044000,0.064500,0.075000,0.057000,0.098000,0.087500,0.115500,0.176000,0.383500
0.072500,0.039500,0.044000,0.064500,0.075000,0.057000,0.098000,0.087500,0.115500,0.176000,0.383500
0.072500,0.039500,0.044000,0.064500,0.075000,0.057000,0.098000,0.087500,0.115500,0.176000,0.383500
0.072500,0.039500,0.044000,0.064500,0.075000,0.057000,0.098000,0.087500,0.115500,0.176000,0.383500
0.072500,0.039500,0.044000,0.064500,0.075000,0.057000,0.098000,0.087500,0.115500,0.176000,0.383500
0.072500,0.039500,0.044000,0.064500,0.075000,0.057000,0.098000,0.087500,0.115500,0.176000,0.383500
0.072500,0.061174,0.044000,0.064500,0.075000,0.057000,0.098000,0.087500,0.115500,0.176000,0.383500
0.072500,0.082848,0.044000,0.064500,0.075000,0.057000,0.098000,0.087500,0.115500,0.176000,0.383500
0.072500,0.104522,0.044000,0.064500,0.075000,0.057000,0.098000,0.087500,0.115500,0.176000,0.383500
0.072500,0.082848,0.044000,0.064500,0.075000,0.057000,0.098000,0.087500,0.115500,0.176000,0.383500
0.072500,0.061174,0.044000,0.064500,0.075000,0.057000,0.098000,0.087500,0.115500,0.176000,0.383500
0.072500,0.039500,0.044000,0.064500,0.773893,0.057000,0.098000,0.087500,0.115500,0.176000,0.383500
0.072500,0.039500,0.044000,0.064500,1.472787,0.057000,0.098000,0.087500,0.115500,0.176000,0.383500
0.072500,0.039500,0.044000,0.064500,2.171680,0.057000,0.098000,0.087500,0.493950,0.176000,0.383500
0.072500,0.039500,0.044000,0.064500,1.472787,0.057000,0.098000,0.087500,0.872401,0.176000,0.383500
0.072500,0.039500,0.044000,0.064500,0.773893,0.057000,0.098000,0.087500,1.250851,0.176000,0.383500
0.072500,0.039500,0.044000,0.064500,0.075000,0.057000,0.098000,0.087500,0.872401,0.176000,0.383500
0.072500,0.039500,0.044000,0.064500,0.075000,0.057000,0.098000,0.087500,0.493950,0.176000,0.383500
0.072500,0.039500,0.044000,0.064500,0.075000,0.057000,0.098000,0.087500,0.115500,0.176000,3.514843
0.072500,0.039500,0.044000,0.064500,0.075000,0.057000,0.098000,0.087500,0.115500,0.176000,6.646187
0.072500,0.039500,0.044000,0.064500,0.075000,0.057000,0.098000,0.087500,0.115500,0.176000,9.777530
0.072500,0.039500,0.044000,0.064500,0.075000,0.057000,0.098000,0.087500,0.115500,0.176000,12.908873
0.072500,0.039500,0.044000,0.064500,0.075000,0.057000,0.098000,0.087500,0.115500,0.176000,9.777530
0.684537,0.039500,0.044000,0.064500,0.075000,0.057000,0.098000,0.087500,0.115500,0.176000,6.646187
1.296573,0.039500,0.044000,0.064500,0.075000,0.057000,0.098000,0.087500,0.115500,0.176000,3.514843
1.908610,0.039500,0.044000,0.064500,0.075000,0.057000,0.098000,0.087500,0.115500,0.176000,0.383500
1.296573,0.039500,0.044000,0.064500,0.075000,0.057000,0.098000,0.087500,0.115500,0.176000,0.383500
0.684537,0.039500,0.044000,0.064500,0.075000,0.057000,0.098000,0.087500,0.115500,0.176000,0.383500
0.072500,0.039500,0.044000,0.064500,0.075000,0.057000,0.098000,0.087500,0.115500,0.176000,0.383500
0.072500,0.039500,0.044000,0.064500,0.075000,0.057000,0.098000,0.087500,0.115500,0.176000,0.383500
0.072500,0.039500,0.044000,0.064500,0.075000,0.057000,0.098000,0.087500,0.115500,0.176000,0.383500
0.072500,0.039500,0.044000,0.064500,0.075000,0.057000,0.098000,0.087500,0.115500,0.176000,0.383500
0.072500,0.039500,0.044000,0.064500,0.075000,0.057000,0.098000,0.087500,0.115500,0.176000,0.383500
0.072500,0.039500,0.044000,0.064500,0.075000,0.057000,0.098000,0.087500,0.115500,0.176000,0.383500
0.072500,0.039500,0.044000,0.064500,0.075000,0.057000,0.098000,0.087500,0.115500,0.176000,0.383500
0.072500,0.039500,0.044000,0.064500,0.075000,0.057000,0.098000,0.087500,0.115500,0.176000,0.383500
0.072500,0.039500,0.044000,0.064500,0.075000,0.057000,0.098000,0.087500,0.115500,0.176000,0.383500
0.072500,0.039500,0.044000,0.064500,0.075000,0.057000,0.098000,0.087500,0.115500,0.176000,0.383500
0.072500,0.039500,0.044000,0.064500,0.075000,0.057000,0.098000,0.087500,0.115500,0.176000,0.383500
0.072500,0.039500,0.044000,0.064500,0.075000,0.057000,0.098000,0.087500,0.115500,0.176000,0.383500
0.072500,0.039500,0.044000,0.064500,0.075000,0.057000,0.098000,0.087500,0.115500,0.176000,0.383500
0.072500,0.039500,0.044000,0.064500,0.075000,0.057000,0.098000,0.087500,0.115500,0.176000,0.383500
0.072500,0.039500,0.044000,0.064500,0.075000,0.057000,0.098000,0.087500,0.115500,0.176000,0.383500
0.072500,0.039500,0.044000,0.064500,0.075000,0.057000,0.098000,0.087500,0.115500,0.176000,0.383500
0.072500,0.039500,0.044000,0.064500,0.075000,0.057000,0.098000,0.087500,0.115500,0.176000,0.383500
0.072500,0.039500,0.044000,0.064500,0.075000,0.057000,0.098000,0.087500,0.115500,0.176000,0.383500
0.072500,0.039500,0.044000,0.064500,0.075000,0.057000,0.098000,0.087500,0.115500,0.176000,0.383500
0.072500,0.039500,0.044000,0.064500,0.075000,0.057000,0.098000,0.087500,0.115500,0.176000,0.383500
0.072500,0.039500,0.044000,0.064500,0.075000,0.057000,0.098000,0.087500,0.115500,0.176000,0.383500
0.072500,0.039500,0.044000,0.064500,0.075000,0.057000,0.098000,0.087500,0.115500,0.176000,0.383500
0.072500,0.039500,0.044000,0.064500,0.075000,0.057000,0.098000,0.087500,0.115500,0.176000,0.383500
0.072500,0.039500,0.044000,0.064500,0.075000,0.057000,0.098000,0.087500,0.115500,0.176000,0.383500
0.072500,0.039500,0.044000,0.064500,0.075000,0.057000,0.098000,0.087500,0.115500,0.176000,0.383500
0.072500,0.039500,0.044000,0.064500,0.075000,0.057000,0.098000,0.087500,0.115500,0.176000,0.383500
0.072500,0.039500,0.044000,0.064500,0.075000,0.057000,0.098000,0.087500,0.115500,0.176000,0.383500
0.072500,0.039500,0.044000,0.064500,0.075000,0.057000,0.098000,0.087500,0.115500,0.176000,0.383500
0.072500,0.039500,0.044000,0.064500,0.075000,0.057000,0.098000,0.087500,0.115500,0.176000,0.383500
0.072500,0.039500,0.044000,0.064500,0.075000,0.057000,0.098000,0.087500,0.115500,0.176000,0.383500
0.072500,0.039500,0.044000,0.064500,0.075000,0.057000,0.098000,0.087500,0.115500,0.176000,0.383500
0.072500,0.039500,0.044000,0.064500,0.075000,0.057000,0.098000,0.087500,0.115500,0.176000,0.383500
0.072500,0.039500,0.044000,0.064500,0.075000,0.057000,0.098000,0.087500,0.115500,0.176000,0.383500
0.072500,0.039500,0.044000,0.064500,0.075000,0.057000,0.098000,0.087500,0.115500,0.176000,0.383500
0.072500,0.039500,0.044000,0.064500,0.075000,0.057000,0.098000,0.087500,0.115500,0.176000,0.383500
0.072500,0.039500,0.044000,0.064500,0.075000,0.057000,0.098000,0.087500,0.115500,0.176000,0.383500
0.072500,0.039500,0.044000,0.064500,0.075000,0.057000,0.098000,0.087500,0.115500,0.176000,0.383500
0.072500,0.039500,0.044000,0.064500,0.075000,0.057000,0.098000,0.087500,0.115500,0.176000,0.383500
0.072500,0.039500,0.044000,0.064500,0.075000,0.057000,0.098000,0.087500,0.115500,0.176000,0.383500
0.072500,0.039500,0.044000,0.064500,0.075000,0.057000,0.098000,0.087500,0.115500,0.176000,0.383500
0.072500,0.039500,0.044000,0.064500,0.075000,0.057000,0.098000,0.087500,0.115500,0.176000,0.383500
0.072500,0.039500,0.044000,0.064500,0.075000,0.057000,0.098000,0.087500,0.115500,0.176000,0.383500
0.072500,0.039500,0.044000,0.064500,0.075000,0.057000,0.098000,0.087500,0.115500,0.176000,0.383500
0.072500,0.039500,0.044000,0.064500,0.075000,0.057000,0.098000,0.087500,0.115500,0.176000,0.383500
0.072500,0.039500,0.044000,0.064500,0.075000,0.057000,0.098000,0.087500,0.115500,0.176000,0.383500
0.072500,0.039500,0.044000,0.064500,0.075000,0.057000,0.098000,0.087500,0.115500,0.176000,0.383500
0.072500,0.039500,0.044000,0.064500,0.075000,0.057000,0.098000,0.087500,0.115500,0.176000,0.383500
0.072500,0.039500,0.044000,0.064500,0.075000,0.057000,0.098000,0.087500,0.115500,0.176000,0.383500
0.072500,0.039500,0.044000,0.064500,0.075000,0.057000,0.098000,0.087500,0.115500,0.176000,0.383500
0.072500,0.039500,0.044000,0.064500,0.075000,0.057000,0.098000,0.087500,0.115500,0.176000,0.383500
0.072500,0.039500,0.044000,0.064500,0.075000,0.057000,0.098000,0.087500,0.115500,0.176000,0.383500
0.072500,0.039500,0.044000,0.064500,0.075000,0.057000,0.098000,0.087500,0.115500,0.176000,0.383500
0.072500,0.039500,0.044000,0.064500,0.075000,0.057000,0.098000,0.087500,0.115500,0.176000,0.383500
0.072500,0.039500,0.044000,0.064500,0.075000,0.057000,0.098000,0.087500,0.115500,0.176000,0.383500
0.072500,0.039500,0.044000,0.064500,0.075000,0.057000,0.098000,0.087500,0.115500,0.176000,0.383500
0.072500,0.039500,0.044000,0.064500,0.075000,0.057000,0.098000,0.087500,0.115500,0.176000,0.383500
0.072500,0.039500,0.044000,0.064500,0.075000,0.057000,0.098000,0.087500,0.115500,0.176000,0.383500
0.072500,0.039500,0.044000,0.064500,0.075000,0.057000,0.098000,0.087500,0.115500,0.176000,0.383500
0.072500,0.039500,0.044000,0.064500,0.075000,0.057000,0.098000,0.087500,0.115500,0.176000,0.383500
0.072500,0.039500,0.044000,0.064500,0.075000,0.057000,0.098000,0.087500,0.115500,0.176000,0.383500
0.072500,0.039500,0.044000,0.064500,0.075000,0.057000,0.098000,0.087500,0.115500,0.176000,0.383500
0.072500,0.039500,0.044000,0.064500,0.075000,0.057000,0.098000,0.087500,0.115500,0.176000,0.383500
0.072500,0.039500,0.044000,0.064500,0.075000,0.057000,0.098000,0.087500,0.115500,0.176000,0.383500
0.072500,0.039500,0.044000,0.064500,0.075000,0.057000,0.098000,0.087500,0.115500,0.176000,0.383500
0.072500,0.039500,0.044000,0.064500,0.075000,0.057000,0.098000,0.087500,0.115500,0.176000,0.383500
0.072500,0.039500,0.044000,0.064500,0.075000,0.057000,0.098000,0.087500,0.115500,0.176000,0.383500
0.072500,0.039500,0.044000,0.064500,0.075000,0.057000,0.098000,0.087500,0.115500,0.176000,0.383500
0.072500,0.039500,0.044000,0.064500,0.075000,0.057000,0.098000,0.087500,0.115500,0.176000,0.383500
0.072500,0.039500,0.044000,0.064500,0.075000,0.057000,0.098000,0.087500,0.115500,0.176000,0.383500
0.072500,0.039500,0.044000,0.064500,0.075000,0.057000,0.098000,0.087500,0.115500,0.176000,0.383500
0.072500,0.039500,0.044000,0.064500,0.075000,0.057000,0.098000,0.087500,0.115500,0.176000,0.383500
0.072500,0.039500,0.044000,0.064500,0.075000,0.057000,0.098000,0.087500,0.115500,0.176000,0.383500
0.072500,0.039500,0.044000,0.064500,0.075000,0.057000,0.098000,0.087500,0.115500,0.176000,0.383500
0.072500,0.039500,0.044000,0.064500,0.075000,0.057000,0.098000,0.087500,0.115500,0.176000,0.383500
0.072500,0.039500,0.044000,0.064500,0.075000,0.057000,0.098000,0.087500,0.115500,0.176000,0.383500
0.072500,0.039500,0.044000,0.064500,0.075000,0.057000,0.098000,0.087500,0.115500,0.176000,0.383500
0.072500,0.039500,0.044000,0.064500,0.075000,0.057000,0.098000,0.087500,0.115500,0.176000,0.383500
0.072500,0.039500,0.044000,0.064500,0.075000,0.057000,0.098000,0.087500,0.115500,0.176000,0.383500
0.072500,0.039500,0.044000,0.064500,0.075000,0.057000,0.098000,0.087500,0.115500,0.176000,0.383500
0.072500,0.039500,0.044000,0.064500,0.075000,0.057000,0.098000,0.087500,0.115500,0.176000,0.383500
0.072500,0.039500,0.044000,0.064500,0.075000,0.057000,0.098000,0.087500,0.115500,0.176000,0.383500
0.072500,0.039500,0.044000,0.064500,0.075000,0.057000,0.098000,0.087500,0.115500,0.176000,0.383500
0.072500,0.039500,0.044000,0.064500,0.075000,0.057000,0.098000,0.087500,0.115500,0.176000,0.383500
0.072500,0.039500,0.044000,0.064500,0.075000,0.057000,0.098000,0.087500,0.115500,0.176000,0.383500
0.072500,0.039500,0.044000,0.064500,0.075000,0.057000,0.098000,0.087500,0.115500,0.176000,0.383500
0.072500,0.039500,0.044000,0.064500,0.075000,0.057000,0.098000,0.087500,0.115500,0.176000,0.383500
0.072500,0.039500,0.044000,0.064500,0.075000,0.057000,0.098000,0.087500,0.115500,0.176000,0.383500
0.072500,0.039500,0.044000,0.064500,0.075000,0.057000,0.098000,0.087500,0.115500,0.176000,0.383500
0.072500,0.039500,0.044000,0.064500,0.075000,0.057000,0.098000,0.087500,0.115500,0.176000,0.383500
0.072500,0.039500,0.044000,0.064500,0.075000,0.057000,0.098000,0.087500,0.115500,0.176000,0.383500
0.072500,0.039500,0.044000,0.064500,0.075000,0.057000,0.098000,0.087500,0.115500,0.176000,0.383500
0.072500,0.039500,0.044000,0.064500,0.075000,0.057000,0.098000,0.087500,0.115500,0.176000,0.383500
0.072500,0.039500,0.044000,0.064500,0.075000,0.057000,0.098000,0.087500,0.115500,0.176000,0.383500
0.072500,0.039500,0.044000,0.064500,0.075000,0.057000,0.098000,0.087500,0.115500,0.176000,0.383500
0.072500,0.039500,0.044000,0.064500,0.075000,0.057000,0.098000,0.087500,0.115500,0.176000,0.383500
0.072500,0.039500,0.044000,0.064500,0.075000,0.057000,0.098000,0.087500,0.115500,0.176000,0.383500
0.072500,0.039500,0.044000,0.064500,0.075000,0.057000,0.098000,0.087500,0.115500,0.176000,0.383500
0.072500,0.039500,0.044000,0.064500,0.075000,0.057000,0.098000,0.087500,0.115500,0.176000,0.383500
0.072500,0.039500,0.044000,0.064500,0.075000,0.057000,0.098000,0.087500,0.115500,0.176000,0.383500
0.072500,0.039500,0.044000,0.064500,0.075000,0.057000,0.098000,0.087500,0.115500,0.176000,0.383500
0.072500,0.039500,0.044000,0.064500,0.075000,0.057000,0.098000,0.087500,0.115500,0.176000,0.383500
0.072500,0.039500,0.044000,0.064500,0.075000,0.057000,0.098000,0.087500,0.115500,0.176000,0.383500
0.072500,0.039500,0.044000,0.064500,0.075000,0.057000,0.098000,0.087500,0.115500,0.176000,0.383500
0.072500,0.039500,0.044000,0.064500,0.075000,0.057000,0.098000,0.087500,0.115500,0.176000,0.383500
0.072500,0.039500,0.044000,0.064500,0.075000,0.057000,0.098000,0.087500,0.115500,0.176000,0.383500
0.072500,0.039500,0.044000,0.064500,0.075000,0.057000,0.098000,0.087500,0.115500,0.176000,0.383500
0.072500,0.039500,0.044000,0.064500,0.075000,0.057000,0.098000,0.087500,0.115500,0.176000,0.383500
0.072500,0.039500,0.044000,0.064500,0.075000,0.057000,0.098000,0.087500,0.115500,0.176000,0.383500
0.072500,0.039500,0.044000,0.064500,0.075000,0.057000,0.098000,0.087500,0.115500,0.176000,0.383500
0.072500,0.039500,0.044000,0.064500,0.075000,0.057000,0.098000,0.087500,0.115500,0.176000,0.383500
0.072500,0.039500,0.044000,0.064500,0.075000,0.057000,0.098000,0.087500,0.115500,0.176000,0.383500
0.072500,0.039500,0.044000,0.064500,0.075000,0.057000,0.098000,0.087500,0.115500,0.176000,0.383500
0.072500,0.039500,0.044000,0.064500,0.075000,0.057000,0.098000,0.087500,0.115500,0.176000,0.383500
0.072500,0.039500,0.044000,0.064500,0.075000,0.057000,0.098000,0.087500,0.115500,0.176000,0.383500
0.072500,0.039500,0.044000,0.064500,0.075000,0.057000,0.098000,0.087500,0.115500,0.176000,0.383500
0.072500,0.039500,0.044000,0.064500,0.075000,0.057000,0.098000,0.087500,0.115500,0.176000,0.383500
0.072500,0.039500,0.044000,0.064500,0.075000,0.057000,0.098000,0.087500,0.115500,0.176000,0.383500
0.072500,0.039500,0.044000,0.064500,0.075000,0.057000,0.098000,0.087500,0.115500,0.176000,0.383500
0.072500,0.039500,0.044000,0.064500,0.075000,0.057000,0.098000,0.087500,0.115500,0.176000,0.383500
0.072500,0.039500,0.044000,0.064500,0.075000,0.057000,0.098000,0.087500,0.115500,0.176000,0.383500
0.072500,0.039500,0.044000,0.064500,0.075000,0.057000,0.098000,0.087500,0.115500,0.176000,0.383500
0.072500,0.039500,0.044000,0.064500,0.075000,0.057000,0.098000,0.087500,0.115500,0.176000,0.383500
0.072500,0.039500,0.044000,0.064500,0.075000,0.057000,0.098000,0.087500,0.115500,0.176000,0.383500
0.072500,0.039500,0.044000,0.064500,0.075000,0.057000,0.098000,0.087500,0.115500,0.176000,0.383500
0.072500,0.039500,0.044000,0.064500,0.075000,0.057000,0.098000,0.087500,0.115500,0.176000,0.383500
0.072500,0.039500,0.044000,0.064500,0.075000,0.057000,0.098000,0.087500,0.115500,0.176000,0.383500
0.072500,0.039500,0.044000,0.064500,0.075000,0.057000,0.098000,0.087500,0.115500,0.176000,0.383500
0.072500,0.039500,0.044000,0.064500,0.075000,0.057000,0.098000,0.087500,0.115500,0.176000,0.383500
0.072500,0.039500,0.044000,0.064500,0.075000,0.057000,0.098000,0.087500,0.115500,0.176000,0.383500
0.072500,0.039500,0.044000,0.064500,0.075000,0.057000,0.098000,0.087500,0.115500,0.176000,0.383500
0.072500,0.039500,0.044000,0.064500,0.075000,0.057000,0.098000,0.087500,0.115500,0.176000,0.383500
0.072500,0.039500,0.044000,0.064500,0.075000,0.057000,0.098000,0.087500,0.115500,0.176000,0.383500
0.072500,0.039500,0.044000,0.064500,0.075000,0.057000,0.098000,0.087500,0.115500,0.176000,0.383500
0.072500,0.039500,0.044000,0.064500,0.075000,0.057000,0.098000,0.087500,0.115500,0.176000,0.383500
0.072500,0.039500,0.044000,0.064500,0.075000,0.057000,0.098000,0.087500,0.115500,0.176000,0.383500
0.072500,0.039500,0.044000,0.064500,0.075000,0.057000,0.098000,0.087500,0.115500,0.176000,0.383500
0.072500,0.039500,0.044000,0.064500,0.075000,0.057000,0.098000,0.087500,0.115500,0.176000,0.383500
0.072500,0.039500,0.044000,0.064500,0.075000,0.057000,0.098000,0.087500,0.115500,0.176000,0.383500
0.072500,0.039500,0.044000,0.064500,0.075000,0.057000,0.098000,0.087500,0.115500,0.176000,0.383500
0.072500,0.039500,0.044000,0.064500,0.075000,0.057000,0.098000,0.087500,0.115500,0.176000,0.383500
0.072500,0.039500,0.044000,0.064500,0.075000,0.057000,0.098000,0.087500,0.115500,0.176000,0.383500
0.072500,0.039500,0.044000,0.064500,0.075000,0.057000,0.098000,0.087500,0.115500,0.176000,0.383500
0.072500,0.039500,0.044000,0.064500,0.075000,0.057000,0.098000,0.087500,0.115500,0.176000,0.383500
0.072500,0.039500,0.044000,0.064500,0.075000,0.057000,0.098000,0.087500,0.115500,0.176000,0.383500
0.072500,0.039500,0.044000,0.064500,0.075000,0.057000,0.098000,0.087500,0.115500,0.176000,0.383500
0.072500,0.039500,0.044000,0.064500,0.075000,0.057000,0.098000,0.087500,0.115500,0.176000,0.383500
0.072500,0.039500,0.044000,0.064500,0.075000,0.057000,0.098000,0.087500,0.115500,0.176000,0.383500
0.072500,0.039500,0.044000,0.064500,0.075000,0.057000,0.098000,0.087500,0.115500,0.176000,0.383500
0.072500,0.039500,0.044000,0.064500,0.075000,0.057000,0.098000,0.087500,0.115500,0.176000,0.383500
0.072500,0.039500,0.044000,0.064500,0.075000,0.057000,0.098000,0.087500,0.115500,0.176000,0.383500
0.072500,0.039500,0.044000,0.064500,0.075000,0.057000,0.098000,0.087500,0.115500,0.176000,0.383500
0.072500,0.039500,0.044000,0.064500,0.075000,0.057000,0.098000,0.087500,0.115500,0.176000,0.383500
0.072500,0.039500,0.044000,0.064500,0.075000,0.057000,0.098000,0.087500,0.115500,0.176000,0.383500
0.072500,0.039500,0.044000,0.064500,0.075000,0.057000,0.098000,0.087500,0.115500,0.176000,0.383500
0.072500,0.039500,0.044000,0.064500,0.075000,0.057000,0.098000,0.087500,0.115500,0.176000,0.383500
0.072500,0.039500,0.044000,0.064500,0.075000,0.057000,0.098000,0.087500,0.115500,0.176000,0.383500
0.072500,0.039500,0.044000,0.064500,0.075000,0.057000,0.098000,0.087500,0.115500,0.176000,0.383500
0.072500,0.039500,0.044000,0.064500,0.075000,0.057000,0.098000,0.087500,0.115500,0.176000,0.383500
0.072500,0.039500,0.044000,0.064500,0.075000,0.057000,0.098000,0.087500,0.115500,0.176000,0.383500
0.072500,0.039500,0.044000,0.064500,0.075000,0.057000,0.098000,0.087500,0.115500,0.176000,0.383500
0.072500,0.039500,0.044000,0.064500,0.075000,0.057000,0.098000,0.087500,0.115500,0.176000,0.383500
0.072500,0.039500,0.044000,0.064500,0.075000,0.057000,0.098000,0.087500,0.115500,0.176000,0.383500
0.072500,0.039500,0.044000,0.064500,0.075000,0.057000,0.098000,0.087500,0.115500,0.176000,0.383500
0.072500,0.039500,0.044000,0.064500,0.075000,0.057000,0.098000,0.087500,0.115500,0.176000,0.383500
0.072500,0.039500,0.044000,0.064500,0.075000,0.057000,0.098000,0.087500,0.115500,0.176000,0.383500
0.072500,0.039500,0.044000,0.064500,0.075000,0.057000,0.098000,0.087500,0.115500,0.176000,0.383500
0.072500,0.039500,0.044000,0.064500,0.075000,0.057000,0.098000,0.087500,0.115500,0.176000,0.383500
0.072500,0.039500,0.044000,0.064500,0.075000,0.057000,0.098000,0.087500,0.115500,0.176000,0.383500
0.072500,0.039500,0.044000,0.064500,0.075000,0.057000,0.098000,0.087500,0.115500,0.176000,0.383500
0.072500,0.039500,0.044000,0.064500,0.075000,0.057000,0.098000,0.087500,0.115500,0.176000,0.383500
0.072500,0.039500,0.044000,0.064500,0.075000,0.057000,0.098000,0.087500,0.115500,0.176000,0.383500
0.072500,0.039500,0.044000,0.064500,0.075000,0.057000,0.098000,0.087500,0.115500,0.176000,0.383500
0.072500,0.039500,0.044000,0.064500,0.075000,0.057000,0.098000,0.087500,0.115500,0.176000,0.383500
0.072500,0.039500,0.044000,0.064500,0.075000,0.057000,0.098000,0.087500,0.115500,0.176000,0.383500
0.072500,0.039500,0.044000,0.064500,0.075000,0.057000,0.098000,0.087500,0.115500,0.176000,0.383500
0.072500,0.039500,0.044000,0.064500,0.075000,0.057000,0.098000,0.087500,0.115500,0.176000,0.383500
0.072500,0.039500,0.044000,0.064500,0.075000,0.057000,0.098000,0.087500,0.115500,0.176000,0.383500
0.072500,0.039500,0.044000,0.064500,0.075000,0.057000,0.098000,0.087500,0.115500,0.176000,0.383500
0.072500,0.039500,0.044000,0.064500,0.075000,0.057000,0.098000,0.087500,0.115500,0.176000,0.383500
0.072500,0.039500,0.044000,0.064500,0.075000,0.057000,0.098000,0.087500,0.115500,0.176000,0.383500
0.072500,0.039500,0.044000,0.064500,0.075000,0.057000,0.098000,0.087500,0.115500,0.176000,0.383500
0.072500,0.039500,0.044000,0.064500,0.075000,0.057000,0.098000,0.087500,0.115500,0.176000,0.383500
0.072500,0.039500,0.044000,0.064500,0.075000,0.057000,0.098000,0.087500,0.115500,0.176000,0.383500
0.072500,0.039500,0.044000,0.064500,0.075000,0.057000,0.098000,0.087500,0.115500,0.176000,0.383500
0.072500,0.039500,0.044000,0.064500,0.075000,0.057000,0.098000,0.087500,0.115500,0.176000,0.383500
0.072500,0.039500,0.044000,0.064500,0.075000,0.057000,0.098000,0.087500,0.115500,0.176000,0.383500
0.072500,0.039500,0.044000,0.064500,0.075000,0.057000,0.098000,0.087500,0.115500,0.176000,0.383500
0.072500,0.039500,0.044000,0.064500,0.075000,0.057000,0.098000,0.087500,0.115500,0.176000,0.383500
0.072500,0.039500,0.044000,0.064500,0.075000,0.057000,0.098000,0.087500,0.115500,0.176000,0.383500
0.072500,0.039500,0.044000,0.064500,0.075000,0.057000,0.098000,0.087500,0.115500,0.176000,0.383500
0.072500,0.039500,0.044000,0.064500,0.075000,0.057000,0.098000,0.087500,0.115500,0.176000,0.383500
0.072500,0.039500,0.044000,0.064500,0.075000,0.057000,0.098000,0.087500,0.115500,0.176000,0.383500
0.072500,0.039500,0.044000,0.064500,0.075000,0.057000,0.098000,0.087500,0.115500,0.176000,0.383500
0.072500,0.039500,0.044000,0.064500,0.075000,0.057000,0.098000,0.087500,0.115500,0.176000,0.383500
0.072500,0.039500,0.044000,0.064500,0.075000,0.057000,0.098000,0.087500,0.115500,0.176000,0.383500
0.072500,0.039500,0.044000,0.064500,0.075000,0.057000,0.098000,0.087500,0.115500,0.176000,0.383500
0.072500,0.039500,0.044000,0.064500,0.075000,0.057000,0.098000,0.087500,0.115500,0.176000,0.383500
0.072500,0.039500,0.044000,0.064500,0.075000,0.057000,0.098000,0.087500,0.115500,0.176000,0.383500
0.072500,0.039500,0.044000,0.064500,0.075000,0.057000,0.098000,0.087500,0.115500,0.176000,0.383500
0.072500,0.039500,0.044000,0.064500,0.075000,0.057000,0.098000,0.087500,0.115500,0.176000,0.383500
0.072500,0.039500,0.044000,0.064500,0.075000,0.057000,0.098000,0.087500,0.115500,0.176000,0.383500
0.072500,0.039500,0.044000,0.064500,0.075000,0.057000,0.098000,0.087500,0.115500,0.176000,0.383500
0.072500,0.039500,0.044000,0.064500,0.075000,0.057000,0.098000,0.087500,0.115500,0.176000,0.383500
0.072500,0.039500,0.044000,0.064500,0.075000,0.057000,0.098000,0.087500,0.115500,0.176000,0.383500
0.072500,0.039500,0.044000,0.064500,0.075000,0.057000,0.098000,0.087500,0.115500,0.176000,0.383500
0.072500,0.039500,0.044000,0.064500,0.075000,0.057000,0.098000,0.087500,0.115500,0.176000,0.383500
0.072500,0.039500,0.044000,0.064500,0.075000,0.057000,0.098000,0.087500,0.115500,0.176000,0.383500
0.072500,0.039500,0.044000,0.064500,0.075000,0.057000,0.098000,0.087500,0.115500,0.176000,0.383500
0.072500,0.039500,0.044000,0.064500,0.075000,0.057000,0.098000,0.087500,0.115500,0.176000,0.383500
0.072500,0.039500,0.044000,0.064500,0.075000,0.057000,0.098000,0.087500,0.115500,0.176000,0.383500
0.072500,0.039500,0.044000,0.064500,0.075000,0.057000,0.098000,0.087500,0.115500,0.176000,0.383500
0.072500,0.039500,0.044000,0.064500,0.075000,0.057000,0.098000,0.087500,0.115500,0.176000,0.383500
0.072500,0.039500,0.044000,0.064500,0.075000,0.057000,0.098000,0.087500,0.115500,0.176000,0.383500
0.072500,0.039500,0.044000,0.064500,0.075000,0.057000,0.098000,0.087500,0.115500,0.176000,0.383500
0.072500,0.039500,0.044000,0.064500,0.075000,0.057000,0.098000,0.087500,0.115500,0.176000,0.383500
0.072500,0.039500,0.044000,0.064500,0.075000,0.057000,0.098000,0.087500,0.115500,0.176000,0.383500
0.072500,0.039500,0.044000,0.064500,0.075000,0.057000,0.098000,0.087500,0.115500,0.176000,0.383500
0.072500,0.039500,0.044000,0.064500,0.075000,0.057000,0.098000,0.087500,0.115500,0.176000,0.383500
0.072500,0.039500,0.044000,0.064500,0.075000,0.057000,0.098000,0.087500,0.115500,0.176000,0.383500
0.072500,0.039500,0.044000,0.064500,0.075000,0.057000,0.098000,0.087500,0.115500,0.176000,0.383500
0.072500,0.039500,0.044000,0.064500,0.075000,0.057000,0.098000,0.087500,0.115500,0.176000,0.383500
0.072500,0.039500,0.044000,0.064500,0.075000,0.057000,0.098000,0.087500,0.115500,0.176000,0.383500
0.072500,0.039500,0.044000,0.064500,0.075000,0.057000,0.098000,0.087500,0.115500,0.176000,0.383500
0.072500,0.039500,0.044000,0.064500,0.075000,0.057000,0.098000,0.087500,0.115500,0.176000,0.383500
0.072500,0.039500,0.044000,0.064500,0.075000,0.057000,0.098000,0.087500,0.115500,0.176000,0.383500
0.072500,0.039500,0.044000,0.064500,0.075000,0.057000,0.098000,0.087500,0.115500,0.176000,0.383500
0.072500,0.039500,0.044000,0.064500,0.075000,0.057000,0.098000,0.087500,0.115500,0.176000,0.383500
0.072500,0.039500,0.044000,0.064500,0.075000,0.057000,0.098000,0.087500,0.115500,0.176000,0.383500
0.072500,0.039500,0.044000,0.064500,0.075000,0.057000,0.098000,0.087500,0.115500,0.176000,0.383500
0.072500,0.039500,0.044000,0.064500,0.075000,0.057000,0.098000,0.087500,0.115500,0.176000,0.383500
0.072500,0.039500,0.044000,0.064500,0.075000,0.057000,0.098000,0.087500,0.115500,0.176000,0.383500
0.072500,0.039500,0.044000,0.064500,0.075000,0.057000,0.098000,0.087500,0.115500,0.176000,0.383500
0.072500,0.039500,0.044000,0.064500,0.075000,0.057000,0.098000,0.087500,0.115500,0.176000,0.383500
0.072500,0.039500,0.044000,0.064500,0.075000,0.057000,0.098000,0.087500,0.115500,0.176000,0.383500
0.072500,0.039500,0.044000,0.064500,0.075000,0.057000,0.098000,0.087500,0.115500,0.176000,0.383500
0.072500,0.039500,0.044000,0.064500,0.075000,0.057000,0.098000,0.087500,0.115500,0.176000,0.383500
0.072500,0.039500,0.044000,0.064500,0.075000,0.057000,0.098000,0.087500,0.115500,0.176000,0.383500
0.072500,0.039500,0.044000,0.064500,0.075000,0.057000,0.098000,0.087500,0.115500,0.176000,0.383500
0.072500,0.039500,0.044000,0.064500,0.075000,0.057000,0.098000,0.087500,0.115500,0.176000,0.383500
0.072500,0.039500,0.044000,0.064500,0.075000,0.057000,0.098000,0.087500,0.115500,0.176000,0.383500
0.072500,0.039500,0.044000,0.064500,0.075000,0.057000,0.098000,0.087500,0.115500,0.176000,0.383500
0.072500,0.039500,0.044000,0.064500,0.075000,0.057000,0.098000,0.087500,0.115500,0.176000,0.383500
0.072500,0.039500,0.044000,0.064500,0.075000,0.057000,0.098000,0.087500,0.115500,0.176000,0.383500
0.072500,0.039500,0.044000,0.064500,0.075000,0.057000,0.098000,0.087500,0.115500,0.176000,0.383500
0.072500,0.039500,0.044000,0.064500,0.075000,0.057000,0.098000,0.087500,0.115500,0.176000,0.383500
0.072500,0.039500,0.044000,0.064500,0.075000,0.057000,0.098000,0.087500,0.115500,0.176000,0.383500
0.072500,0.039500,0.044000,0.064500,0.075000,0.057000,0.098000,0.087500,0.115500,0.176000,0.383500
0.072500,0.039500,0.044000,0.064500,0.075000,0.057000,0.098000,0.087500,0.115500,0.176000,0.383500
0.072500,0.039500,0.044000,0.064500,0.075000,0.057000,0.098000,0.087500,0.115500,0.176000,0.383500
0.072500,0.039500,0.044000,0.064500,0.075000,0.057000,0.098000,0.087500,0.115500,0.176000,0.383500
0.072500,0.039500,0.044000,0.064500,0.075000,0.057000,0.098000,0.087500,0.115500,0.176000,0.383500
0.072500,0.039500,0.044000,0.064500,0.075000,0.057000,0.098000,0.087500,0.115500,0.176000,0.383500
0.072500,0.039500,0.044000,0.064500,0.075000,0.057000,0.098000,0.087500,0.115500,0.176000,0.383500
0.072500,0.039500,0.044000,0.064500,0.075000,0.057000,0.098000,0.087500,0.115500,0.176000,0.383500
0.072500,0.039500,0.044000,0.064500,0.075000,0.057000,0.098000,0.087500,0.115500,0.176000,0.383500
0.072500,0.039500,0.044000,0.064500,0.075000,0.057000,0.098000,0.087500,0.115500,0.176000,0.383500
0.072500,0.039500,0.044000,0.064500,0.075000,0.057000,0.098000,0.087500,0.115500,0.176000,0.383500
0.072500,0.039500,0.044000,0.064500,0.075000,0.057000,0.098000,0.087500,0.115500,0.176000,0.383500
0.072500,0.039500,0.044000,0.064500,0.075000,0.057000,0.098000,0.087500,0.115500,0.176000,0.383500
0.072500,0.039500,0.044000,0.064500,0.075000,0.057000,0.098000,0.087500,0.115500,0.176000,0.383500
0.072500,0.039500,0.044000,0.064500,0.075000,0.057000,0.098000,0.087500,0.115500,0.176000,0.383500
0.072500,0.039500,0.044000,0.064500,0.075000,0.057000,0.098000,0.087500,0.115500,0.176000,0.383500
0.072500,0.039500,0.044000,0.064500,0.075000,0.057000,0.098000,0.087500,0.115500,0.176000,0.383500
0.072500,0.039500,0.044000,0.064500,0.075000,0.057000,0.098000,0.087500,0.115500,0.176000,0.383500
0.072500,0.039500,0.044000,0.064500,0.075000,0.057000,0.098000,0.087500,0.115500,0.176000,0.383500
0.072500,0.039500,0.044000,0.064500,0.075000,0.057000,0.098000,0.087500,0.115500,0.176000,0.383500
0.072500,0.039500,0.044000,0.064500,0.075000,0.057000,0.098000,0.087500,0.115500,0.176000,0.383500
0.072500,0.039500,0.044000,0.064500,0.075000,0.057000,0.098000,0.087500,0.115500,0.176000,0.383500
0.072500,0.039500,0.044000,0.064500,0.075000,0.057000,0.098000,0.087500,0.115500,0.176000,0.383500
0.072500,0.039500,0.044000,0.064500,0.075000,0.057000,0.098000,0.087500,0.115500,0.176000,0.383500
0.072500,0.039500,0.044000,0.064500,0.075000,0.057000,0.098000,0.087500,0.115500,0.176000,0.383500
0.072500,0.039500,0.044000,0.064500,0.075000,0.057000,0.098000,0.087500,0.115500,0.176000,0.383500
0.072500,0.039500,0.044000,0.064500,0.075000,0.057000,0.098000,0.087500,0.115500,0.176000,0.383500
0.072500,0.039500,0.044000,0.064500,0.075000,0.057000,0.098000,0.087500,0.115500,0.176000,0.383500
0.072500,0.039500,0.044000,0.064500,0.075000,0.057000,0.098000,0.087500,0.115500,0.176000,0.383500
0.072500,0.039500,0.044000,0.064500,0.075000,0.057000,0.098000,0.087500,0.115500,0.176000,0.383500
0.072500,0.039500,0.044000,0.064500,0.075000,0.057000,0.098000,0.087500,0.115500,0.176000,0.383500
0.072500,0.039500,0.044000,0.064500,0.075000,0.057000,0.098000,0.087500,0.115500,0.176000,0.383500
0.072500,0.039500,0.044000,0.064500,0.075000,0.057000,0.098000,0.087500,0.115500,0.176000,0.383500
0.072500,0.039500,0.044000,0.064500,0.075000,0.057000,0.098000,0.087500,0.115500,0.176000,0.383500
0.072500,0.039500,0.044000,0.064500,0.075000,0.057000,0.098000,0.087500,0.115500,0.176000,0.383500
0.072500,0.039500,0.044000,0.064500,0.075000,0.057000,0.098000,0.087500,0.115500,0.176000,0.383500
0.072500,0.039500,0.044000,0.064500,0.075000,0.057000,0.098000,0.087500,0.115500,0.176000,0.383500
0.072500,0.039500,0.044000,0.064500,0.075000,0.057000,0.098000,0.087500,0.115500,0.176000,0.383500
0.072500,0.039500,0.044000,0.064500,0.075000,0.057000,0.098000,0.087500,0.115500,0.176000,0.383500
0.072500,0.039500,0.044000,0.064500,0.075000,0.057000,0.098000,0.087500,0.115500,0.176000,0.383500
0.072500,0.039500,0.044000,0.064500,0.075000,0.057000,0.098000,0.087500,0.115500,0.176000,0.383500
0.072500,0.039500,0.044000,0.064500,0.075000,0.057000,0.098000,0.087500,0.115500,0.176000,0.383500
0.072500,0.039500,0.044000,0.064500,0.075000,0.057000,0.098000,0.087500,0.115500,0.176000,0.383500
0.072500,0.039500,0.044000,0.064500,0.075000,0.057000,0.098000,0.087500,0.115500,0.176000,0.383500
0.072500,0.039500,0.044000,0.064500,0.075000,0.057000,0.098000,0.087500,0.115500,0.176000,0.383500
0.072500,0.039500,0.044000,0.064500,0.075000,0.057000,0.098000,0.087500,0.115500,0.176000,0.383500
0.072500,0.039500,0.044000,0.064500,0.075000,0.057000,0.098000,0.087500,0.115500,0.176000,0.383500
0.072500,0.039500,0.044000,0.064500,0.075000,0.057000,0.098000,0.087500,0.115500,0.176000,0.383500
0.072500,0.039500,0.044000,0.064500,0.075000,0.057000,0.098000,0.087500,0.115500,0.176000,0.383500
0.072500,0.039500,0.044000,0.064500,0.075000,0.057000,0.098000,0.087500,0.115500,0.176000,0.383500
0.072500,0.039500,0.044000,0.064500,0.075000,0.057000,0.098000,0.087500,0.115500,0.176000,0.383500
0.072500,0.039500,0.044000,0.064500,0.075000,0.057000,0.098000,0.087500,0.115500,0.176000,0.383500
0.072500,0.039500,0.044000,0.064500,0.075000,0.057000,0.098000,0.087500,0.115500,0.176000,0.383500
0.072500,0.039500,0.044000,0.064500,0.075000,0.057000,0.098000,0.087500,0.115500,0.176000,0.383500
0.072500,0.039500,0.044000,0.064500,0.075000,0.057000,0.098000,0.087500,0.115500,0.176000,0.383500
0.072500,0.039500,0.044000,0.064500,0.075000,0.057000,0.098000,0.087500,0.115500,0.176000,0.383500
0.072500,0.039500,0.044000,0.064500,0.075000,0.057000,0.098000,0.087500,0.115500,0.176000,0.383500
0.072500,0.039500,0.044000,0.064500,0.075000,0.057000,0.098000,0.087500,0.115500,0.176000,0.383500
0.072500,0.039500,0.044000,0.064500,0.075000,0.057000,0.098000,0.087500,0.115500,0.176000,0.383500
0.072500,0.039500,0.044000,0.064500,0.075000,0.057000,0.098000,0.087500,0.115500,0.176000,0.383500
0.072500,0.039500,0.044000,0.064500,0.075000,0.057000,0.098000,0.087500,0.115500,0.176000,0.383500
0.072500,0.039500,0.044000,0.064500,0.075000,0.057000,0.098000,0.087500,0.115500,0.176000,0.383500
0.072500,0.039500,0.044000,0.064500,0.075000,0.057000,0.098000,0.087500,0.115500,0.176000,0.383500
0.072500,0.039500,0.044000,0.064500,0.075000,0.057000,0.098000,0.087500,0.115500,0.176000,0.383500
0.072500,0.039500,0.044000,1.257568,0.075000,0.057000,0.098000,0.087500,0.115500,0.176000,0.383500
0.072500,0.039500,0.044000,2.450636,0.075000,0.057000,0.098000,0.087500,0.115500,0.176000,0.383500
0.072500,0.462618,0.044000,3.643704,0.075000,0.057000,0.098000,0.087500,0.387705,3.069675,0.383500
0.072500,0.885736,0.044000,2.450636,0.075000,0.057000,0.098000,0.087500,0.659910,5.963350,0.383500
0.072500,1.308855,0.044000,1.257568,0.075000,0.057000,0.098000,0.087500,0.932115,8.857025,0.383500
0.072500,0.885736,0.044000,0.064500,0.075000,0.057000,0.098000,0.087500,0.659910,5.963350,0.383500
0.072500,0.462618,0.044000,0.064500,0.075000,0.057000,0.098000,0.087500,0.387705,3.069675,0.383500
0.072500,0.039500,0.044000,0.064500,0.075000,0.057000,0.098000,0.087500,0.115500,0.176000,0.383500
0.072500,0.039500,0.044000,0.064500,0.075000,0.057000,0.098000,0.087500,0.115500,0.176000,2.689903
0.072500,0.039500,0.044000,0.064500,0.386214,0.057000,0.098000,0.087500,0.115500,0.176000,4.996306
0.072500,0.039500,0.044000,0.064500,0.697428,0.057000,0.098000,0.087500,0.115500,0.176000,7.302708
0.072500,0.039500,0.044000,0.064500,1.008643,0.057000,0.098000,0.087500,0.115500,0.176000,9.609111
0.072500,0.039500,0.044000,0.064500,0.697428,0.057000,0.098000,0.087500,0.115500,0.176000,7.302708
0.072500,0.039500,0.044000,0.064500,0.386214,0.057000,0.098000,0.087500,0.115500,0.176000,4.996306
0.072500,0.039500,0.044000,0.064500,0.075000,0.057000,0.098000,0.087500,0.115500,0.176000,2.689903
0.072500,0.039500,0.044000,0.064500,0.075000,0.057000,0.098000,0.087500,0.115500,0.176000,0.383500
0.072500,0.039500,0.044000,0.064500,0.075000,0.057000,0.098000,0.087500,0.115500,0.176000,0.383500
0.072500,0.039500,0.044000,0.064500,0.075000,0.057000,0.098000,0.087500,0.115500,0.176000,0.383500
0.072500,0.039500,0.044000,0.064500,0.075000,0.057000,0.098000,0.087500,0.115500,0.176000,0.383500
0.072500,0.039500,0.044000,0.064500,0.075000,0.057000,0.098000,0.087500,0.115500,0.176000,0.383500
0.072500,0.039500,0.044000,0.064500,0.075000,0.057000,0.098000,0.087500,0.115500,0.176000,0.383500
0.072500,0.039500,0.044000,0.064500,0.075000,0.057000,0.098000,0.087500,0.115500,0.176000,0.383500
0.072500,0.039500,0.044000,0.064500,0.075000,0.057000,0.098000,0.087500,0.115500,0.176000,0.383500
0.072500,0.039500,0.044000,0.064500,0.075000,0.057000,0.098000,0.087500,0.115500,0.176000,0.383500
0.072500,0.039500,0.044000,0.064500,0.075000,0.057000,0.098000,0.087500,0.115500,0.176000,0.383500
0.072500,0.039500,0.044000,0.064500,0.075000,0.208583,0.098000,0.087500,0.115500,0.176000,0.383500
0.758044,0.039500,0.044000,0.064500,0.075000,0.360166,0.098000,0.087500,0.115500,0.176000,0.383500
1.443588,0.039500,0.044000,0.064500,0.075000,0.511749,0.098000,0.087500,0.115500,0.176000,0.383500
2.129132,0.039500,0.044000,0.064500,0.075000,0.360166,0.098000,0.087500,0.115500,0.176000,0.383500
1.443588,0.039500,0.044000,0.064500,0.075000,0.208583,0.098000,0.087500,0.115500,0.176000,0.383500
0.758044,0.039500,0.044000,0.064500,0.075000,0.057000,0.098000,0.087500,0.115500,0.176000,0.383500
0.072500,0.039500,0.044000,0.064500,0.075000,0.057000,0.098000,0.087500,0.115500,0.176000,0.383500
0.072500,0.039500,0.044000,0.064500,0.075000,0.057000,0.098000,0.087500,0.115500,0.176000,0.383500
0.072500,0.039500,0.044000,0.064500,0.075000,0.057000,0.098000,0.087500,0.115500,0.176000,0.383500
0.072500,0.039500,0.044000,0.064500,0.075000,0.057000,0.098000,0.087500,0.115500,0.176000,0.383500
0.072500,0.039500,0.044000,0.064500,0.075000,0.057000,0.098000,0.087500,0.115500,0.176000,0.383500
0.072500,0.039500,0.044000,0.064500,0.075000,0.057000,0.098000,0.087500,0.115500,0.176000,0.383500
0.072500,0.039500,0.044000,0.064500,0.075000,0.057000,0.098000,0.087500,0.115500,0.176000,0.383500
0.072500,0.039500,0.044000,0.064500,0.075000,0.057000,0.098000,0.087500,0.115500,0.176000,0.383500
0.072500,0.039500,0.044000,0.064500,0.075000,0.057000,0.098000,0.087500,0.115500,0.176000,0.383500
0.072500,0.039500,0.044000,0.064500,0.075000,0.057000,0.098000,0.087500,0.115500,0.176000,0.383500
0.072500,0.039500,0.044000,0.064500,0.075000,0.057000,0.098000,0.087500,0.115500,0.176000,0.383500
0.072500,0.039500,0.044000,0.064500,0.075000,0.057000,0.098000,0.087500,0.115500,0.176000,0.383500
0.072500,0.039500,0.044000,0.064500,0.075000,0.057000,0.098000,0.527538,0.115500,0.176000,0.383500
0.072500,0.039500,0.044000,0.064500,0.075000,0.057000,0.098000,0.967577,0.115500,0.176000,0.383500
0.072500,0.039500,0.044000,0.064500,0.075000,0.057000,0.098000,1.407615,0.115500,0.176000,0.383500
0.072500,0.039500,0.044000,0.064500,0.075000,0.057000,0.098000,0.967577,0.115500,0.176000,0.383500
0.072500,0.039500,0.044000,0.064500,0.075000,0.057000,0.098000,0.527538,0.115500,0.176000,0.383500
0.072500,0.039500,0.169770,0.064500,0.075000,0.057000,0.098000,0.087500,0.115500,0.176000,0.383500
0.072500,0.039500,0.295541,0.064500,0.075000,0.057000,0.098000,0.087500,0.115500,0.176000,0.383500
0.072500,0.039500,0.421311,0.064500,0.075000,0.057000,1.534842,0.087500,0.115500,0.176000,0.383500
0.072500,0.039500,0.295541,0.064500,0.075000,0.057000,2.971685,0.087500,0.115500,0.176000,0.383500
0.072500,0.039500,0.169770,0.064500,0.075000,0.057000,4.408527,0.087500,0.115500,0.176000,0.383500
0.072500,0.039500,0.044000,0.064500,0.075000,0.057000,2.971685,0.087500,0.115500,0.176000,0.383500
0.072500,0.039500,0.044000,0.064500,0.075000,0.057000,1.534842,0.087500,0.115500,0.176000,0.383500
0.072500,0.039500,0.044000,0.064500,0.075000,0.057000,0.098000,0.087500,0.115500,0.176000,0.383500
0.072500,0.039500,0.044000,0.064500,0.075000,0.057000,0.098000,0.087500,0.115500,0.176000,0.383500
0.072500,0.039500,0.044000,0.064500,0.075000,0.057000,0.098000,0.087500,0.115500,0.176000,0.383500
0.072500,0.039500,0.044000,0.064500,0.075000,0.057000,0.098000,0.087500,0.115500,0.176000,0.383500
0.072500,0.039500,0.044000,0.064500,0.075000,0.057000,0.098000,0.087500,0.115500,0.176000,0.383500
0.072500,0.039500,0.044000,0.064500,0.075000,0.057000,0.098000,0.087500,0.115500,0.176000,0.383500
0.072500,0.039500,0.044000,0.064500,0.075000,0.057000,0.098000,0.087500,0.115500,0.176000,0.383500
0.072500,0.039500,0.044000,0.064500,0.075000,0.057000,0.098000,0.087500,0.115500,0.176000,0.383500
0.072500,0.039500,0.044000,0.064500,0.075000,0.057000,0.098000,0.087500,0.115500,0.176000,0.383500
0.072500,0.039500,0.044000,0.064500,0.075000,0.057000,0.098000,0.087500,0.115500,0.176000,0.383500
0.072500,0.039500,0.044000,0.064500,0.075000,0.057000,0.098000,0.087500,0.115500,0.176000,0.383500
0.072500,0.039500,0.044000,0.064500,0.075000,0.057000,0.098000,0.087500,0.115500,0.176000,0.383500
0.072500,0.039500,0.044000,0.064500,0.075000,0.057000,0.098000,0.087500,0.115500,0.176000,0.383500
0.072500,0.039500,0.044000,0.064500,0.075000,0.057000,0.098000,0.087500,0.115500,0.176000,0.383500
0.072500,0.039500,0.044000,0.064500,0.075000,0.057000,0.098000,0.087500,0.115500,0.176000,0.383500
0.072500,0.039500,0.044000,0.064500,0.075000,0.057000,0.098000,0.087500,0.115500,0.176000,0.383500
0.072500,0.039500,0.044000,0.064500,0.075000,0.057000,0.098000,0.087500,0.115500,0.176000,0.383500
0.072500,0.039500,0.044000,0.064500,0.075000,0.057000,0.098000,0.087500,0.115500,0.176000,0.383500
0.072500,0.039500,0.044000,0.064500,0.075000,0.057000,0.098000,0.087500,0.115500,0.176000,0.383500
0.072500,0.039500,0.044000,0.064500,0.075000,0.057000,0.098000,0.087500,0.115500,0.176000,0.383500
0.072500,0.039500,0.044000,0.064500,0.075000,0.057000,0.098000,0.087500,0.115500,0.176000,0.383500
0.072500,0.039500,0.044000,0.064500,0.075000,0.057000,0.098000,0.087500,0.115500,0.176000,0.383500
0.072500,0.039500,0.044000,0.064500,0.075000,0.057000,0.098000,0.087500,0.115500,0.176000,0.383500
0.072500,0.039500,0.044000,0.064500,0.075000,0.057000,0.098000,0.087500,0.115500,0.176000,0.383500
0.072500,0.039500,0.044000,0.064500,0.075000,0.057000,0.098000,0.087500,0.115500,0.176000,0.383500
0.072500,0.039500,0.044000,0.064500,0.075000,0.057000,0.098000,0.087500,0.115500,0.176000,0.383500
0.072500,0.039500,0.044000,0.064500,0.075000,0.057000,0.098000,0.087500,0.115500,0.176000,0.383500
0.072500,0.039500,0.044000,0.064500,0.075000,0.057000,0.098000,0.087500,0.115500,0.176000,0.383500
0.072500,0.039500,0.044000,0.064500,0.075000,0.057000,0.098000,0.087500,0.115500,0.176000,0.383500
0.072500,0.039500,0.044000,0.064500,0.075000,0.057000,0.098000,0.087500,0.115500,0.176000,0.383500
0.072500,0.039500,0.044000,0.064500,0.075000,0.057000,0.098000,0.087500,0.115500,0.176000,0.383500
0.072500,0.039500,0.044000,0.064500,0.075000,0.057000,0.098000,0.087500,0.115500,0.176000,0.383500
0.072500,0.039500,0.044000,0.064500,0.075000,0.057000,0.098000,0.087500,0.115500,0.176000,0.383500
0.072500,0.039500,0.044000,0.064500,0.075000,0.057000,0.098000,0.087500,0.115500,0.176000,0.383500
0.072500,0.039500,0.044000,0.064500,0.075000,0.057000,0.098000,0.087500,0.115500,0.176000,0.383500
0.072500,0.039500,0.044000,0.064500,0.075000,0.057000,0.098000,0.087500,0.115500,0.176000,0.383500
0.072500,0.039500,0.044000,0.064500,0.075000,0.057000,0.098000,0.087500,0.115500,0.176000,0.383500
0.072500,0.039500,0.044000,0.064500,0.075000,0.057000,0.098000,0.087500,0.115500,0.176000,0.383500
0.072500,0.039500,0.044000,0.064500,0.075000,0.057000,0.098000,0.087500,0.115500,0.176000,0.383500
0.072500,0.039500,0.044000,0.064500,0.075000,0.057000,0.098000,0.087500,0.115500,0.176000,0.383500
0.072500,0.039500,0.044000,0.064500,0.075000,0.057000,0.098000,0.087500,0.115500,0.176000,0.383500
0.072500,0.039500,0.044000,0.064500,0.075000,0.057000,0.098000,0.087500,0.115500,0.176000,0.383500
0.072500,0.039500,0.044000,0.064500,0.075000,0.057000,0.098000,0.087500,0.115500,0.176000,0.383500
0.072500,0.039500,0.044000,0.064500,0.075000,0.057000,0.098000,0.087500,0.115500,0.176000,0.383500
0.072500,0.039500,0.044000,0.064500,0.075000,0.057000,0.098000,0.087500,0.115500,0.176000,0.383500
0.072500,0.039500,0.044000,0.064500,0.075000,0.057000,0.098000,0.087500,0.115500,0.176000,0.383500
0.072500,0.039500,0.044000,0.064500,0.075000,0.057000,0.098000,0.087500,0.115500,0.176000,0.383500
0.072500,0.039500,0.044000,0.064500,0.075000,0.057000,0.098000,0.087500,0.115500,0.176000,0.383500
0.072500,0.039500,0.044000,0.064500,0.075000,0.057000,0.098000,0.087500,0.115500,0.176000,0.383500
0.072500,0.039500,0.044000,0.064500,0.075000,0.057000,0.098000,0.087500,0.115500,0.176000,0.383500
0.072500,0.039500,0.044000,0.064500,0.075000,0.057000,0.098000,0.087500,0.115500,0.176000,0.383500
0.072500,0.039500,0.044000,0.064500,0.075000,0.057000,0.098000,0.087500,0.115500,0.176000,0.383500
0.072500,0.039500,0.044000,0.064500,0.075000,0.057000,0.098000,0.087500,0.115500,0.176000,0.383500
0.072500,0.039500,0.044000,0.064500,0.075000,0.057000,0.098000,0.087500,0.115500,0.176000,0.383500
0.072500,0.039500,0.044000,0.064500,0.075000,0.057000,0.098000,0.087500,0.115500,0.176000,0.383500
0.072500,0.039500,0.044000,0.064500,0.075000,0.057000,0.098000,0.087500,0.115500,0.176000,0.383500
0.072500,0.039500,0.044000,0.064500,0.075000,0.057000,0.098000,0.087500,0.115500,0.176000,0.383500
0.072500,0.039500,0.044000,0.064500,0.075000,0.057000,0.098000,0.087500,0.115500,0.176000,0.383500
0.072500,0.039500,0.044000,0.064500,0.075000,0.057000,0.098000,0.087500,0.115500,0.176000,0.383500
0.072500,0.039500,0.044000,0.064500,0.075000,0.057000,0.098000,0.087500,0.115500,0.176000,0.383500
0.072500,0.039500,0.044000,0.064500,0.075000,0.057000,0.098000,0.087500,0.115500,0.176000,0.383500
0.072500,0.039500,0.044000,0.064500,0.075000,0.057000,0.098000,0.087500,0.115500,0.176000,0.383500
0.072500,0.039500,0.044000,0.064500,0.075000,0.057000,0.098000,0.087500,0.115500,0.176000,0.383500
0.072500,0.039500,0.044000,0.064500,0.075000,0.057000,0.098000,0.087500,0.115500,0.176000,0.383500
0.072500,0.039500,0.044000,0.064500,0.075000,0.057000,0.098000,0.087500,0.115500,0.176000,0.383500
0.072500,0.039500,0.044000,0.064500,0.075000,0.057000,0.098000,0.087500,0.115500,0.176000,0.383500
0.072500,0.039500,0.044000,0.064500,0.075000,0.057000,0.098000,0.087500,0.115500,0.176000,0.383500
0.072500,0.039500,0.044000,0.064500,0.075000,0.057000,0.098000,0.087500,0.115500,0.176000,0.383500
0.072500,0.039500,0.044000,0.064500,0.075000,0.057000,0.098000,0.087500,0.115500,0.176000,0.383500
0.072500,0.039500,0.044000,0.064500,0.075000,0.057000,0.098000,0.087500,0.115500,0.176000,0.383500
0.072500,0.039500,0.044000,0.064500,0.075000,0.057000,0.098000,0.087500,0.115500,0.176000,0.383500
0.072500,0.039500,0.044000,0.064500,0.075000,0.057000,0.098000,0.087500,0.115500,0.176000,0.383500
0.072500,0.039500,0.044000,0.064500,0.075000,0.057000,0.098000,0.087500,0.115500,0.176000,0.383500
0.072500,0.039500,0.044000,0.064500,0.075000,0.057000,0.098000,0.087500,0.115500,0.176000,0.383500
0.072500,0.039500,0.044000,0.064500,0.075000,0.057000,0.098000,0.087500,0.115500,0.176000,0.383500
0.072500,0.039500,0.044000,0.064500,0.075000,0.057000,0.098000,0.087500,0.115500,0.176000,0.383500
0.072500,0.039500,0.044000,0.064500,0.075000,0.057000,0.098000,0.087500,0.115500,0.176000,0.383500
0.072500,0.039500,0.044000,0.064500,0.075000,0.057000,0.098000,0.087500,0.115500,0.176000,0.383500
0.072500,0.039500,0.044000,0.064500,0.075000,0.057000,0.098000,0.087500,0.115500,0.176000,0.383500
0.072500,0.039500,0.044000,0.064500,0.075000,0.057000,0.098000,0.087500,0.115500,0.176000,0.383500
0.072500,0.039500,0.044000,0.064500,0.075000,0.057000,0.098000,0.087500,0.115500,0.176000,0.383500
0.072500,0.039500,0.044000,0.064500,0.075000,0.057000,0.098000,0.087500,0.115500,0.176000,0.383500
0.072500,0.039500,0.044000,0.064500,0.075000,0.057000,0.098000,0.087500,0.115500,0.176000,0.383500
0.072500,0.039500,0.044000,0.064500,0.075000,0.057000,0.098000,0.087500,0.115500,0.176000,0.383500
0.072500,0.039500,0.044000,0.064500,0.075000,0.057000,0.098000,0.087500,0.115500,0.176000,0.383500
0.072500,0.039500,0.044000,0.064500,0.075000,0.057000,0.098000,0.087500,0.115500,0.176000,0.383500
0.072500,0.039500,0.044000,0.064500,0.075000,0.057000,0.098000,0.087500,0.115500,0.176000,0.383500
0.072500,0.039500,0.044000,0.064500,0.075000,0.057000,0.098000,0.087500,0.115500,0.176000,0.383500
0.072500,0.039500,0.044000,0.064500,0.075000,0.057000,0.098000,0.087500,0.115500,0.176000,0.383500
0.072500,0.039500,0.044000,0.064500,0.075000,0.057000,0.098000,0.087500,0.115500,0.176000,0.383500
0.072500,0.039500,0.044000,0.064500,0.075000,0.057000,0.098000,0.087500,0.115500,0.176000,0.383500
0.072500,0.039500,0.044000,0.064500,0.075000,0.057000,0.098000,0.087500,0.115500,0.176000,0.383500
0.072500,0.039500,0.044000,0.064500,0.075000,0.057000,0.098000,0.087500,0.115500,0.176000,0.383500
0.072500,0.039500,0.044000,0.064500,0.075000,0.057000,0.098000,0.087500,0.115500,0.176000,0.383500
0.072500,0.039500,0.044000,0.064500,0.075000,0.057000,0.098000,0.087500,0.115500,0.176000,0.383500
0.072500,0.039500,0.044000,0.064500,0.075000,0.057000,0.098000,0.087500,0.115500,0.176000,0.383500
0.072500,0.039500,0.044000,0.064500,0.075000,0.057000,0.098000,0.087500,0.115500,0.176000,0.383500
0.072500,0.039500,0.044000,0.064500,0.075000,0.057000,0.098000,0.087500,0.115500,0.176000,0.383500
0.072500,0.039500,0.044000,0.064500,0.075000,0.057000,0.098000,0.087500,0.115500,0.176000,0.383500
0.072500,0.039500,0.044000,0.064500,0.075000,0.057000,0.098000,0.087500,0.115500,0.176000,0.383500
0.072500,0.039500,0.044000,0.064500,0.075000,0.057000,0.098000,0.087500,0.115500,0.176000,0.383500
0.072500,0.039500,0.044000,0.064500,0.075000,0.057000,0.098000,0.087500,0.115500,0.176000,0.383500
0.072500,0.039500,0.044000,0.064500,0.075000,0.057000,0.098000,0.087500,0.115500,0.176000,0.383500
0.072500,0.039500,0.044000,0.064500,0.075000,0.057000,0.098000,0.087500,0.115500,0.176000,0.383500
0.072500,0.039500,0.044000,0.064500,0.075000,0.057000,0.098000,0.087500,0.115500,0.176000,0.383500
0.072500,0.039500,0.044000,0.064500,0.075000,0.057000,0.098000,0.087500,0.115500,0.176000,0.383500
0.072500,0.039500,0.044000,0.064500,0.075000,0.057000,0.098000,0.087500,0.115500,0.176000,0.383500
0.072500,0.039500,0.044000,0.064500,0.075000,0.057000,0.098000,0.087500,0.115500,0.176000,0.383500
0.072500,0.039500,0.044000,0.064500,0.075000,0.057000,0.098000,0.087500,0.115500,0.176000,0.383500
0.072500,0.039500,0.044000,0.064500,0.075000,0.057000,0.098000,0.087500,0.115500,0.176000,0.383500
0.072500,0.039500,0.044000,0.064500,0.075000,0.057000,0.098000,0.087500,0.115500,0.176000,0.383500
0.072500,0.039500,0.044000,0.064500,0.075000,0.057000,0.098000,0.087500,0.115500,0.176000,0.383500
0.072500,0.039500,0.044000,0.064500,0.075000,0.057000,0.098000,0.087500,0.115500,0.176000,0.383500
0.072500,0.039500,0.044000,0.064500,0.075000,0.057000,0.098000,0.087500,0.115500,0.176000,0.383500
0.072500,0.039500,0.044000,0.064500,0.075000,0.057000,0.098000,0.087500,0.115500,0.176000,0.383500
0.072500,0.039500,0.044000,0.064500,0.075000,0.057000,0.098000,0.087500,0.115500,0.176000,0.383500
0.072500,0.039500,0.044000,0.064500,0.075000,0.057000,0.098000,0.087500,0.115500,0.176000,0.383500
0.072500,0.039500,0.044000,0.064500,0.075000,0.057000,0.098000,0.087500,0.115500,0.176000,0.383500
0.072500,0.039500,0.044000,0.064500,0.075000,0.057000,0.098000,0.087500,0.115500,0.176000,0.383500
0.072500,0.039500,0.044000,0.064500,0.075000,0.057000,0.098000,0.087500,0.115500,0.176000,0.383500
0.072500,0.039500,0.044000,0.064500,0.075000,0.057000,0.098000,0.087500,0.115500,0.176000,0.383500
0.072500,0.039500,0.044000,0.064500,0.075000,0.057000,0.098000,0.087500,0.115500,0.176000,0.383500
0.072500,0.039500,0.044000,0.064500,0.075000,0.057000,0.098000,0.087500,0.115500,0.176000,0.383500
0.072500,0.039500,0.044000,0.064500,0.075000,0.057000,0.098000,0.087500,0.115500,0.176000,0.383500
0.072500,0.039500,0.044000,0.064500,0.075000,0.057000,0.098000,0.087500,0.115500,0.176000,0.383500
0.072500,0.039500,0.044000,0.064500,0.075000,0.057000,0.098000,0.087500,0.115500,0.176000,0.383500
0.072500,0.039500,0.044000,0.064500,0.075000,0.057000,0.098000,0.087500,0.115500,0.176000,0.383500
0.072500,0.039500,0.044000,0.064500,0.075000,0.057000,0.098000,0.087500,0.115500,0.176000,0.383500
0.072500,0.039500,0.044000,0.064500,0.075000,0.057000,0.098000,0.087500,0.115500,0.176000,0.383500
0.072500,0.039500,0.044000,0.064500,0.075000,0.057000,0.098000,0.087500,0.115500,0.176000,0.383500
0.072500,0.039500,0.044000,0.064500,0.075000,0.057000,0.098000,0.087500,0.115500,0.176000,0.383500
0.072500,0.039500,0.044000,0.064500,0.075000,0.057000,0.098000,0.087500,0.115500,0.176000,0.383500
0.072500,0.039500,0.044000,0.064500,0.075000,0.057000,0.098000,0.087500,0.115500,0.176000,0.383500
0.072500,0.039500,0.044000,0.064500,0.075000,0.057000,0.098000,0.087500,0.115500,0.176000,0.383500
0.072500,0.039500,0.044000,0.064500,0.075000,0.057000,0.098000,0.087500,0.115500,0.176000,0.383500
0.072500,0.039500,0.044000,0.064500,0.075000,0.057000,0.098000,0.087500,0.115500,0.176000,0.383500
0.072500,0.039500,0.044000,0.064500,0.075000,0.057000,0.098000,0.087500,0.115500,0.176000,0.383500
0.072500,0.039500,0.044000,0.064500,0.075000,0.057000,0.098000,0.087500,0.115500,0.176000,0.383500
0.072500,0.039500,0.044000,0.064500,0.075000,0.057000,0.098000,0.087500,0.115500,0.176000,0.383500
0.072500,0.039500,0.044000,0.064500,0.075000,0.057000,0.098000,0.087500,0.115500,0.176000,0.383500
0.072500,0.039500,0.044000,0.064500,0.075000,0.057000,0.098000,0.087500,0.115500,0.176000,0.383500
0.072500,0.039500,0.044000,0.064500,0.075000,0.057000,0.098000,0.087500,0.115500,0.176000,0.383500
0.072500,0.039500,0.044000,0.064500,0.075000,0.057000,0.098000,0.087500,0.115500,0.176000,0.383500
0.072500,0.039500,0.044000,0.064500,0.075000,0.057000,0.098000,0.087500,0.115500,0.176000,0.383500
0.072500,0.039500,0.044000,0.064500,0.075000,0.057000,0.098000,0.087500,0.115500,0.176000,0.383500
0.072500,0.039500,0.044000,0.064500,0.075000,0.057000,0.098000,0.087500,0.115500,0.176000,0.383500
0.072500,0.039500,0.044000,0.064500,0.075000,0.057000,0.098000,0.087500,0.115500,0.176000,0.383500
0.072500,0.039500,0.044000,0.064500,0.075000,0.057000,0.098000,0.087500,0.115500,0.176000,0.383500
0.072500,0.039500,0.044000,0.064500,0.075000,0.057000,0.098000,0.087500,0.115500,0.176000,0.383500
0.072500,0.039500,0.044000,0.064500,0.075000,0.057000,0.098000,0.087500,0.115500,0.176000,0.383500
0.072500,0.039500,0.044000,0.064500,0.075000,0.057000,0.098000,0.087500,0.115500,0.176000,0.383500
0.072500,0.039500,0.044000,0.064500,0.075000,0.057000,0.098000,0.087500,0.115500,0.176000,0.383500
0.072500,0.039500,0.044000,0.064500,0.075000,0.057000,0.098000,0.087500,0.115500,0.176000,0.383500
0.072500,0.039500,0.044000,0.064500,0.075000,0.057000,0.098000,0.087500,0.115500,0.176000,0.383500
0.072500,0.039500,0.044000,0.064500,0.075000,0.057000,0.098000,0.087500,0.115500,0.176000,0.383500
0.072500,0.039500,0.044000,0.064500,0.075000,0.057000,0.098000,0.087500,0.115500,0.176000,0.383500
0.072500,0.039500,0.044000,0.064500,0.075000,0.057000,0.098000,0.087500,0.115500,0.176000,0.383500
0.072500,0.039500,0.044000,0.064500,0.075000,0.057000,0.098000,0.087500,0.115500,0.176000,0.383500
0.072500,0.039500,0.044000,0.064500,0.075000,0.057000,0.098000,0.087500,0.115500,0.176000,0.383500
0.072500,0.039500,0.044000,0.064500,0.075000,0.057000,0.098000,0.087500,0.115500,0.176000,0.383500
0.072500,0.039500,0.044000,0.064500,0.075000,0.057000,0.098000,0.087500,0.115500,0.176000,0.383500
0.072500,0.039500,0.044000,0.064500,0.075000,0.057000,0.098000,0.087500,0.115500,0.176000,0.383500
0.072500,0.039500,0.044000,0.064500,0.075000,0.057000,0.098000,0.087500,0.115500,0.176000,0.383500
0.072500,0.039500,0.044000,0.064500,0.075000,0.057000,0.098000,0.087500,0.115500,0.176000,0.383500
0.072500,0.039500,0.044000,0.064500,0.075000,0.057000,0.098000,0.087500,0.115500,0.176000,0.383500
0.072500,0.039500,0.044000,0.064500,0.075000,0.057000,0.098000,0.087500,0.115500,0.176000,0.383500
0.072500,0.039500,0.044000,0.064500,0.075000,0.057000,0.098000,0.087500,0.115500,0.176000,0.383500
0.072500,0.039500,0.044000,0.064500,0.075000,0.057000,0.098000,0.087500,0.115500,0.176000,0.383500
0.072500,0.039500,0.044000,0.064500,0.075000,0.057000,0.098000,0.087500,0.115500,0.176000,0.383500
0.072500,0.039500,0.044000,0.064500,0.075000,0.057000,0.098000,0.087500,0.115500,0.176000,0.383500
0.072500,0.039500,0.044000,0.064500,0.075000,0.057000,0.098000,0.087500,0.115500,0.176000,0.383500
0.072500,0.039500,0.044000,0.064500,0.075000,0.057000,0.098000,0.087500,0.115500,0.176000,0.383500
0.072500,0.039500,0.044000,0.064500,0.075000,0.057000,0.098000,0.087500,0.115500,0.176000,0.383500
0.072500,0.039500,0.044000,0.064500,0.075000,0.057000,0.098000,0.087500,0.115500,0.176000,0.383500
0.072500,0.039500,0.044000,0.064500,0.075000,0.057000,0.098000,0.087500,0.115500,0.176000,0.383500
0.072500,0.039500,0.044000,0.064500,0.075000,0.057000,0.098000,0.087500,0.115500,0.176000,0.383500
0.072500,0.039500,0.044000,0.064500,0.075000,0.057000,0.098000,0.087500,0.115500,0.176000,0.383500
0.072500,0.039500,0.044000,0.064500,0.075000,0.057000,0.098000,0.087500,0.115500,0.176000,0.383500
0.072500,0.039500,0.044000,0.064500,0.075000,0.057000,0.098000,0.087500,0.115500,0.176000,0.383500
0.072500,0.039500,0.044000,0.064500,0.075000,0.057000,0.098000,0.087500,0.115500,0.176000,0.383500
0.072500,0.039500,0.044000,0.064500,0.075000,0.057000,0.098000,0.087500,0.115500,0.176000,0.383500
0.072500,0.039500,0.044000,0.064500,0.075000,0.057000,0.098000,0.087500,0.115500,0.176000,0.383500
0.072500,0.039500,0.044000,0.064500,0.075000,0.057000,0.098000,0.087500,0.115500,0.176000,0.383500
0.072500,0.039500,0.044000,0.064500,0.075000,0.057000,0.098000,0.087500,0.115500,0.176000,0.383500
0.072500,0.039500,0.044000,0.064500,0.075000,0.057000,0.098000,0.087500,0.115500,0.176000,0.383500
0.072500,0.039500,0.044000,0.064500,0.075000,0.057000,0.098000,0.087500,0.115500,0.176000,0.383500
0.072500,0.039500,0.044000,0.064500,0.075000,0.057000,0.098000,0.087500,0.115500,0.176000,0.383500
0.072500,0.039500,0.044000,0.064500,0.075000,0.057000,0.098000,0.087500,0.115500,0.176000,0.383500
0.072500,0.039500,0.044000,0.064500,0.075000,0.057000,0.098000,0.087500,0.115500,0.176000,0.383500
0.072500,0.039500,0.044000,0.064500,0.075000,0.057000,0.098000,0.087500,0.115500,0.176000,0.383500
0.072500,0.039500,0.044000,0.064500,0.075000,0.057000,0.098000,0.087500,0.115500,0.176000,0.383500
0.072500,0.039500,0.044000,0.064500,0.075000,0.057000,0.098000,0.087500,0.115500,0.176000,0.383500
0.072500,0.039500,0.044000,0.064500,0.075000,0.057000,0.098000,0.087500,0.115500,0.176000,0.383500
0.072500,0.039500,0.044000,0.064500,0.075000,0.057000,0.098000,0.087500,0.115500,0.176000,0.383500
0.072500,0.039500,0.044000,0.064500,0.075000,0.057000,0.098000,0.087500,0.115500,0.176000,0.383500
0.072500,0.039500,0.044000,0.064500,0.075000,0.057000,0.098000,0.087500,0.115500,0.176000,0.383500
0.072500,0.039500,0.044000,0.064500,0.075000,0.057000,0.098000,0.087500,0.115500,0.176000,0.383500
0.072500,0.039500,0.044000,0.064500,0.075000,0.057000,0.098000,0.087500,0.115500,0.176000,0.383500
0.072500,0.039500,0.044000,0.064500,0.075000,0.057000,0.098000,0.087500,0.115500,0.176000,0.383500
0.072500,0.039500,0.044000,0.064500,0.075000,0.057000,0.098000,0.087500,0.115500,0.176000,0.383500
0.072500,0.039500,0.044000,0.064500,0.075000,0.057000,0.098000,0.087500,0.115500,0.176000,0.383500
0.072500,0.039500,0.044000,0.064500,0.075000,0.057000,0.098000,0.087500,0.115500,0.176000,0.383500
0.072500,0.039500,0.044000,0.064500,0.075000,0.057000,0.098000,0.087500,0.115500,0.176000,0.383500
0.072500,0.039500,0.044000,0.064500,0.075000,0.057000,0.098000,0.087500,0.115500,0.176000,0.383500
0.072500,0.039500,0.044000,0.064500,0.075000,0.057000,0.098000,0.087500,0.115500,0.176000,0.383500
0.072500,0.039500,0.044000,0.064500,0.075000,0.057000,0.098000,0.087500,0.115500,0.176000,0.383500
0.072500,0.039500,0.044000,0.064500,0.075000,0.057000,0.098000,0.087500,0.115500,0.176000,0.383500
0.072500,0.039500,0.044000,0.064500,0.075000,0.057000,0.098000,0.087500,0.115500,0.176000,0.383500
0.072500,0.039500,0.044000,0.064500,0.075000,0.057000,0.098000,0.087500,0.115500,0.176000,0.383500
0.072500,0.039500,0.044000,0.064500,0.075000,0.057000,0.098000,0.087500,0.115500,0.176000,0.383500
0.072500,0.039500,0.044000,0.064500,0.075000,0.057000,0.098000,0.087500,0.115500,0.176000,0.383500
0.072500,0.039500,0.044000,0.064500,0.075000,0.057000,0.098000,0.087500,0.115500,0.176000,0.383500
0.072500,0.039500,0.044000,0.064500,0.075000,0.057000,0.098000,0.087500,0.115500,0.176000,0.383500
0.072500,0.039500,0.044000,0.064500,0.075000,0.057000,0.098000,0.087500,0.115500,0.176000,0.383500
0.072500,0.039500,0.044000,0.064500,0.075000,0.057000,0.098000,0.087500,0.115500,0.176000,0.383500
0.072500,0.039500,0.044000,0.064500,0.075000,0.057000,0.098000,0.087500,0.115500,0.176000,0.383500
0.072500,0.039500,0.044000,0.064500,0.075000,0.057000,0.098000,0.087500,0.115500,0.176000,0.383500
0.072500,0.039500,0.044000,0.064500,0.075000,0.057000,0.098000,0.087500,0.115500,0.176000,0.383500
0.072500,0.039500,0.044000,0.064500,0.075000,0.057000,0.098000,0.087500,0.115500,0.176000,0.383500
0.072500,0.039500,0.044000,0.064500,0.075000,0.057000,0.098000,0.087500,0.115500,0.176000,0.383500
0.072500,0.039500,0.044000,0.064500,0.075000,0.057000,0.098000,0.087500,0.115500,0.176000,0.383500
0.072500,0.039500,0.044000,0.064500,0.075000,0.057000,0.098000,0.087500,0.115500,0.176000,0.383500
0.072500,0.039500,0.044000,0.064500,0.075000,0.057000,0.098000,0.087500,0.115500,0.176000,0.383500
0.072500,0.039500,0.044000,0.064500,0.075000,0.057000,0.098000,0.087500,0.115500,0.176000,0.383500
0.072500,0.039500,0.044000,0.064500,0.075000,0.057000,0.098000,0.087500,0.115500,0.176000,0.383500
0.072500,0.039500,0.044000,0.064500,0.075000,0.057000,0.098000,0.087500,0.115500,0.176000,0.383500
0.072500,0.039500,0.044000,0.064500,0.075000,0.057000,0.098000,0.087500,0.115500,0.176000,0.383500
0.072500,0.039500,0.044000,0.064500,0.075000,0.057000,0.098000,0.087500,0.115500,0.176000,0.383500
0.072500,0.039500,0.044000,0.064500,0.075000,0.057000,0.098000,0.087500,0.115500,0.176000,0.383500
0.072500,0.039500,0.044000,0.064500,0.075000,0.057000,0.098000,0.087500,0.115500,0.176000,0.383500
0.072500,0.039500,0.044000,0.064500,0.075000,0.057000,0.098000,0.087500,0.115500,0.176000,0.383500
0.072500,0.039500,0.044000,0.064500,0.075000,0.057000,0.098000,0.087500,0.115500,0.176000,0.383500
0.072500,0.039500,0.044000,0.064500,0.075000,0.057000,0.098000,0.087500,0.115500,0.176000,0.383500
0.072500,0.039500,0.044000,0.064500,0.075000,0.057000,0.098000,0.087500,0.115500,0.176000,0.383500
0.072500,0.039500,0.044000,0.064500,0.075000,0.057000,0.098000,0.087500,0.115500,0.176000,0.383500
0.072500,0.039500,0.044000,0.064500,0.075000,0.057000,0.098000,0.087500,0.115500,0.176000,0.383500
0.072500,0.039500,0.044000,0.064500,0.075000,0.057000,0.098000,0.087500,0.115500,0.176000,0.383500
0.072500,0.039500,0.044000,0.064500,0.075000,0.057000,0.098000,0.087500,0.115500,0.176000,0.383500
0.072500,0.039500,0.044000,0.064500,0.075000,0.057000,0.098000,0.087500,0.115500,0.176000,0.383500
0.072500,0.039500,0.044000,0.064500,0.075000,0.057000,0.098000,0.087500,0.115500,0.176000,0.383500
0.072500,0.039500,0.044000,0.064500,0.075000,0.057000,0.098000,0.087500,0.115500,0.176000,0.383500
0.072500,0.039500,0.044000,0.064500,0.075000,0.057000,0.098000,0.087500,0.115500,0.176000,0.383500
0.072500,0.039500,0.044000,0.064500,0.075000,0.057000,0.098000,0.087500,0.115500,0.176000,0.383500
0.072500,0.039500,0.044000,0.064500,0.075000,0.057000,0.098000,0.087500,0.115500,0.176000,0.383500
0.072500,0.039500,0.044000,0.064500,0.075000,0.057000,0.098000,0.087500,0.115500,0.176000,0.383500
0.072500,0.039500,0.044000,0.064500,0.075000,0.057000,0.098000,0.087500,0.115500,0.176000,0.383500
0.072500,0.039500,0.044000,0.064500,0.075000,0.057000,0.098000,0.087500,0.115500,0.176000,0.383500
0.072500,0.039500,0.044000,0.064500,0.075000,0.057000,0.098000,0.087500,0.115500,0.176000,0.383500
0.072500,0.039500,0.044000,0.064500,0.075000,0.057000,0.098000,0.087500,0.115500,0.176000,0.383500
0.072500,0.039500,0.044000,0.064500,0.075000,0.057000,0.098000,0.087500,0.115500,0.176000,0.383500
0.072500,0.039500,0.044000,0.064500,0.075000,0.057000,0.098000,0.087500,0.115500,0.176000,0.383500
0.072500,0.039500,0.044000,0.064500,0.075000,0.057000,0.098000,0.087500,0.115500,0.176000,0.383500
0.072500,0.039500,0.044000,0.064500,0.075000,0.057000,0.098000,0.087500,0.115500,0.176000,0.383500
0.072500,0.039500,0.044000,0.064500,0.075000,0.057000,0.098000,0.087500,0.115500,0.176000,0.383500
0.072500,0.039500,0.044000,0.064500,0.075000,0.057000,0.098000,0.087500,0.115500,0.176000,0.383500
0.072500,0.039500,0.044000,0.064500,0.075000,0.057000,0.098000,0.087500,0.115500,0.176000,0.383500
0.072500,0.039500,0.044000,0.064500,0.075000,0.057000,0.098000,0.087500,0.115500,0.176000,0.383500
0.072500,0.039500,0.044000,0.064500,0.075000,0.057000,0.098000,0.087500,0.115500,0.176000,0.383500
0.072500,0.039500,0.044000,0.064500,0.075000,0.057000,0.098000,0.087500,0.115500,0.176000,0.383500
0.072500,0.039500,0.044000,0.064500,0.075000,0.057000,0.098000,0.087500,0.115500,0.176000,0.383500
0.072500,0.039500,0.044000,0.064500,0.075000,0.057000,0.098000,0.087500,0.115500,0.176000,0.383500
0.072500,0.039500,0.044000,0.064500,0.075000,0.057000,0.098000,0.087500,0.115500,0.176000,0.383500
0.072500,0.039500,0.044000,0.064500,0.075000,0.057000,0.098000,0.087500,0.115500,0.176000,0.383500
0.072500,0.039500,0.044000,0.064500,0.075000,0.057000,0.098000,0.087500,0.115500,0.176000,0.383500
0.072500,0.039500,0.044000,0.064500,0.075000,0.057000,0.098000,0.087500,0.115500,0.176000,0.383500
0.072500,0.039500,0.044000,0.064500,0.075000,0.057000,0.098000,0.087500,0.115500,0.176000,0.383500
0.072500,0.039500,0.044000,0.064500,0.075000,0.057000,0.098000,0.087500,0.115500,0.176000,0.383500
0.072500,0.039500,0.044000,0.064500,0.075000,0.057000,0.098000,0.087500,0.115500,0.176000,0.383500
0.072500,0.039500,0.044000,0.064500,0.075000,0.057000,0.098000,0.087500,0.115500,0.176000,0.383500
0.072500,0.039500,0.044000,0.064500,0.075000,0.057000,0.098000,0.087500,0.115500,0.176000,0.383500
0.072500,0.039500,0.044000,0.064500,0.075000,0.057000,0.098000,0.087500,0.115500,0.176000,0.383500
0.072500,0.039500,0.044000,0.064500,0.075000,0.057000,0.098000,0.087500,0.115500,0.176000,0.383500
0.072500,0.039500,0.044000,0.064500,0.075000,0.057000,0.098000,0.087500,0.115500,0.176000,0.383500
0.072500,0.039500,0.044000,0.064500,0.075000,0.057000,0.098000,0.087500,0.115500,0.176000,0.383500
0.072500,0.039500,0.044000,0.064500,0.075000,0.057000,0.098000,0.087500,0.115500,0.176000,0.383500
0.072500,0.039500,0.044000,0.064500,0.075000,0.057000,0.098000,0.087500,0.115500,0.176000,0.383500
0.072500,0.039500,0.044000,0.064500,0.075000,0.057000,0.098000,0.087500,0.115500,0.176000,0.383500
0.072500,0.039500,0.044000,0.064500,0.075000,0.057000,0.098000,0.087500,0.115500,0.176000,0.383500
0.072500,0.039500,0.044000,0.064500,0.075000,0.057000,0.098000,0.087500,0.115500,0.176000,0.383500
0.072500,0.039500,0.044000,0.064500,0.075000,0.057000,0.098000,0.087500,0.115500,0.176000,0.383500
0.072500,0.039500,0.044000,0.064500,0.075000,0.057000,0.098000,0.087500,0.115500,0.176000,0.383500
0.072500,0.039500,0.044000,0.064500,0.075000,0.057000,0.098000,0.087500,0.115500,0.176000,0.383500
0.072500,0.039500,0.044000,0.064500,0.075000,0.057000,0.098000,0.087500,0.115500,0.176000,0.383500
0.072500,0.039500,0.044000,0.064500,0.075000,0.057000,0.098000,0.087500,0.115500,0.176000,0.383500
0.072500,0.039500,0.044000,0.064500,0.075000,0.057000,0.098000,0.087500,0.115500,0.176000,0.383500
0.072500,0.039500,0.044000,0.064500,0.075000,0.057000,0.098000,0.087500,0.115500,0.176000,0.383500
0.072500,0.039500,0.044000,0.064500,0.075000,0.057000,0.098000,0.087500,0.115500,0.176000,0.383500
0.072500,0.039500,0.044000,0.064500,0.075000,0.057000,0.098000,0.087500,0.115500,0.176000,0.383500
0.072500,0.039500,0.044000,0.064500,0.075000,0.057000,0.098000,0.087500,0.115500,0.176000,0.383500
0.072500,0.039500,0.044000,0.064500,0.075000,0.057000,0.098000,0.087500,0.115500,0.176000,0.383500
0.072500,0.039500,0.044000,0.064500,0.075000,0.057000,0.098000,0.087500,0.115500,0.176000,0.383500
0.072500,0.039500,0.044000,0.064500,0.075000,0.057000,0.098000,0.087500,0.115500,0.176000,0.383500
0.072500,0.039500,0.044000,0.064500,0.075000,0.057000,0.098000,0.087500,0.115500,0.176000,0.383500
0.072500,0.039500,0.044000,0.064500,0.075000,0.057000,0.098000,0.087500,0.115500,0.176000,0.383500
0.072500,0.039500,0.044000,0.064500,0.075000,0.057000,0.098000,0.087500,0.115500,0.176000,0.383500
0.072500,0.039500,0.044000,0.064500,0.075000,0.057000,0.098000,0.087500,0.115500,0.176000,0.383500
0.072500,0.039500,0.044000,0.064500,0.075000,0.057000,0.098000,0.087500,0.115500,0.176000,0.383500
0.072500,0.039500,0.044000,0.064500,0.075000,0.057000,0.098000,0.087500,0.115500,0.176000,0.383500
0.072500,0.039500,0.044000,0.064500,0.075000,0.057000,0.098000,0.087500,0.115500,0.176000,0.383500
0.072500,0.039500,0.044000,0.064500,0.075000,0.057000,0.098000,0.087500,0.115500,0.176000,0.383500
0.072500,0.039500,0.044000,0.064500,0.075000,0.057000,0.098000,0.087500,0.115500,0.176000,0.383500
0.072500,0.039500,0.044000,0.064500,0.075000,0.057000,0.098000,0.087500,0.115500,0.176000,0.383500
0.072500,0.039500,0.044000,0.064500,0.075000,0.057000,0.098000,0.087500,0.115500,0.176000,0.383500
0.072500,0.039500,0.044000,0.064500,0.075000,0.057000,0.098000,0.087500,0.115500,0.176000,0.383500
0.072500,0.039500,0.044000,0.064500,0.075000,0.057000,0.098000,0.087500,0.115500,0.176000,0.383500
0.072500,0.039500,0.044000,0.064500,0.075000,0.057000,0.098000,0.087500,0.115500,0.176000,0.383500
0.072500,0.039500,0.044000,0.064500,0.075000,0.057000,0.098000,0.087500,0.115500,0.176000,0.383500
0.072500,0.039500,0.044000,0.064500,0.075000,0.057000,0.098000,0.087500,0.115500,0.176000,0.383500
0.072500,0.039500,0.044000,0.064500,0.075000,0.057000,0.098000,0.305609,0.115500,0.176000,3.963428
0.072500,0.039500,0.044000,0.064500,0.075000,0.057000,0.098000,0.523718,0.115500,0.176000,7.543356
0.072500,0.039500,0.044000,0.064500,0.075000,0.057000,0.098000,0.741828,0.115500,0.176000,11.123285
0.072500,0.039500,0.044000,0.064500,0.075000,0.057000,0.098000,0.523718,0.115500,0.176000,14.703213
0.072500,0.039500,0.044000,0.064500,0.075000,0.057000,0.098000,0.305609,1.376543,0.176000,11.123285
0.072500,0.039500,0.044000,0.064500,0.075000,0.057000,0.098000,0.087500,2.637585,0.176000,7.543356
0.072500,0.039500,0.044000,0.064500,0.075000,0.057000,0.098000,0.087500,3.898628,0.176000,3.963428
0.072500,0.039500,0.044000,0.064500,0.075000,0.057000,0.098000,0.087500,2.637585,0.176000,0.383500
0.072500,0.039500,0.044000,0.064500,0.075000,0.057000,0.098000,0.087500,1.376543,0.176000,0.383500
0.072500,0.039500,0.044000,0.064500,0.435796,0.057000,0.098000,0.087500,0.115500,0.176000,0.383500
0.072500,0.039500,0.044000,0.064500,0.796593,0.057000,0.098000,0.087500,0.115500,0.176000,0.383500
0.072500,0.039500,0.044000,0.064500,1.157389,0.057000,0.098000,0.087500,0.115500,0.176000,0.383500
0.072500,0.039500,0.044000,0.064500,0.796593,0.057000,0.098000,0.087500,0.115500,0.176000,0.383500
0.072500,0.039500,0.044000,0.064500,0.435796,0.057000,0.098000,0.087500,0.115500,0.176000,0.383500
0.072500,0.039500,0.044000,0.064500,0.075000,0.057000,0.098000,0.087500,0.115500,0.176000,0.383500
0.072500,0.039500,0.044000,0.064500,0.075000,0.057000,0.098000,0.087500,0.115500,0.176000,0.383500
0.072500,0.039500,0.044000,0.064500,0.075000,0.057000,0.098000,0.087500,0.115500,0.176000,0.383500
0.072500,0.039500,0.044000,0.064500,0.075000,0.057000,0.098000,0.087500,0.115500,0.176000,0.383500
0.072500,0.039500,0.044000,0.064500,0.075000,0.057000,0.593596,0.087500,0.115500,0.176000,0.383500
0.072500,0.039500,0.044000,0.064500,0.075000,0.057000,1.089193,0.087500,0.115500,0.176000,0.383500
0.072500,0.039500,0.044000,0.064500,0.075000,0.057000,1.584789,0.087500,0.115500,0.176000,0.383500
0.072500,0.039500,0.044000,0.064500,0.075000,0.057000,1.089193,0.087500,0.115500,0.176000,0.383500
0.072500,0.039500,0.044000,0.064500,0.075000,0.057000,0.593596,0.087500,0.115500,0.176000,0.383500
0.072500,0.039500,0.044000,0.064500,0.075000,0.057000,0.098000,0.087500,0.115500,0.176000,0.383500
0.072500,0.255729,0.044000,0.064500,0.075000,0.057000,0.098000,0.087500,0.115500,0.176000,0.383500
0.072500,0.471958,0.044000,0.064500,0.075000,0.057000,0.098000,0.087500,0.115500,0.176000,0.383500
0.072500,0.688187,0.044000,0.064500,0.075000,0.057000,0.098000,0.087500,0.115500,0.176000,0.383500
0.072500,0.471958,0.044000,0.064500,0.075000,0.057000,0.098000,0.087500,0.115500,0.176000,0.383500
0.072500,0.255729,0.044000,0.064500,0.075000,0.057000,0.098000,0.087500,0.115500,0.176000,0.383500
0.072500,0.039500,0.044000,0.064500,0.075000,0.057000,0.098000,0.087500,0.115500,0.176000,0.383500
0.072500,0.039500,0.044000,0.064500,0.075000,0.057000,0.098000,0.087500,0.115500,0.176000,0.383500
0.504789,0.039500,0.044000,0.064500,0.075000,0.057000,0.098000,0.087500,0.115500,0.176000,0.383500
0.937079,0.039500,0.076400,0.064500,0.075000,0.057000,0.098000,0.087500,0.115500,0.176000,0.383500
1.369368,0.039500,0.108801,0.064500,0.075000,0.057000,0.098000,0.087500,0.115500,0.365088,0.383500
0.937079,0.039500,0.141201,0.064500,0.075000,0.057000,0.098000,0.087500,0.115500,0.554175,0.383500
0.504789,0.039500,0.108801,0.064500,0.075000,0.057000,0.098000,0.087500,0.115500,0.743263,0.383500
0.072500,0.039500,0.076400,0.064500,0.075000,0.057000,0.098000,0.087500,0.115500,0.554175,0.383500
0.072500,0.039500,0.044000,0.064500,0.075000,0.057000,0.098000,0.087500,0.115500,0.365088,0.383500
0.072500,0.039500,0.044000,0.064500,0.075000,0.057000,0.098000,0.087500,0.115500,0.176000,0.383500
0.072500,0.039500,0.044000,0.064500,0.075000,0.057000,0.098000,0.087500,0.115500,0.176000,0.383500
0.072500,0.039500,0.044000,0.064500,0.075000,0.057000,0.098000,0.087500,0.115500,0.176000,0.383500
0.072500,0.039500,0.044000,0.064500,0.075000,0.057000,0.098000,0.087500,0.115500,0.176000,0.383500
0.072500,0.039500,0.044000,0.064500,0.075000,0.057000,0.098000,0.087500,0.115500,0.176000,0.383500
0.072500,0.039500,0.044000,0.064500,0.075000,0.057000,0.098000,0.087500,0.115500,0.176000,0.383500
0.072500,0.039500,0.044000,0.064500,0.075000,0.057000,0.098000,0.087500,0.115500,0.176000,0.383500
0.072500,0.039500,0.044000,0.064500,0.075000,0.057000,0.098000,0.087500,0.115500,0.176000,0.383500
0.072500,0.039500,0.044000,0.064500,0.075000,0.057000,0.098000,0.087500,0.115500,0.176000,0.383500
0.072500,0.039500,0.044000,0.064500,0.075000,0.057000,0.098000,0.087500,0.115500,0.176000,0.383500
0.072500,0.039500,0.044000,0.064500,0.075000,0.057135,0.098000,0.087500,0.115500,0.176000,0.383500
0.072500,0.039500,0.044000,0.064500,0.075000,0.057270,0.098000,0.087500,0.115500,0.176000,0.383500
0.072500,0.039500,0.044000,0.064500,0.075000,0.057405,0.098000,0.087500,0.115500,0.176000,0.383500
0.072500,0.039500,0.044000,0.064500,0.075000,0.057270,0.098000,0.087500,0.115500,0.176000,0.383500
0.072500,0.039500,0.044000,0.064500,0.075000,0.057135,0.098000,0.087500,0.115500,0.176000,0.383500
0.072500,0.039500,0.044000,0.064500,0.075000,0.057000,0.098000,0.087500,0.115500,0.176000,0.383500
0.072500,0.039500,0.044000,0.683965,0.075000,0.057000,0.098000,0.087500,0.115500,0.176000,0.383500
0.072500,0.039500,0.044000,1.303431,0.075000,0.057000,0.098000,0.087500,0.115500,0.176000,0.383500
0.072500,0.039500,0.044000,1.922896,0.075000,0.057000,0.098000,0.087500,0.115500,0.176000,0.383500
0.072500,0.039500,0.044000,1.303431,0.075000,0.057000,0.098000,0.087500,0.115500,0.176000,0.383500
0.072500,0.039500,0.044000,0.683965,0.075000,0.057000,0.098000,0.087500,0.115500,0.176000,0.383500
0.072500,0.039500,0.044000,0.064500,0.075000,0.057000,0.098000,0.087500,0.115500,0.176000,0.383500
0.072500,0.039500,0.044000,0.064500,0.075000,0.057000,0.098000,0.087500,0.115500,0.176000,0.383500
0.072500,0.039500,0.044000,0.064500,0.075000,0.057000,0.098000,0.087500,0.115500,0.176000,0.383500
0.072500,0.039500,0.044000,0.064500,0.075000,0.057000,0.098000,0.087500,0.115500,0.176000,0.383500
0.072500,0.039500,0.044000,0.064500,0.075000,0.057000,0.098000,0.087500,0.115500,0.176000,0.383500
0.072500,0.039500,0.044000,0.064500,0.075000,0.057000,0.098000,0.087500,0.115500,0.176000,0.383500
0.072500,0.039500,0.044000,0.064500,0.075000,0.057000,0.098000,0.087500,0.115500,0.176000,0.383500
0.072500,0.039500,0.044000,0.064500,0.075000,0.057000,0.098000,0.087500,0.115500,0.176000,0.383500
0.072500,0.039500,0.044000,0.064500,0.075000,0.057000,0.098000,0.087500,0.115500,0.176000,0.383500
0.072500,0.039500,0.044000,0.064500,0.075000,0.057000,0.098000,0.087500,0.115500,0.176000,0.383500
0.072500,0.039500,0.044000,0.064500,0.075000,0.057000,0.098000,0.087500,0.115500,0.176000,0.383500
0.072500,0.039500,0.044000,0.064500,0.075000,0.057000,0.098000,0.087500,0.115500,0.176000,0.383500
0.072500,0.039500,0.044000,0.064500,0.075000,0.057000,0.098000,0.087500,0.115500,0.176000,0.383500
0.072500,0.039500,0.044000,0.064500,0.075000,0.057000,0.098000,0.087500,0.115500,0.176000,0.383500
0.072500,0.039500,0.044000,0.064500,0.075000,0.057000,0.098000,0.087500,0.115500,0.176000,0.383500
0.072500,0.039500,0.044000,0.064500,0.075000,0.057000,0.098000,0.087500,0.115500,0.176000,0.383500
0.072500,0.039500,0.044000,0.064500,0.075000,0.057000,0.098000,0.087500,0.115500,0.176000,0.383500
0.072500,0.039500,0.044000,0.064500,0.075000,0.057000,0.098000,0.087500,0.115500,0.176000,0.383500
0.072500,0.039500,0.044000,0.064500,0.075000,0.057000,0.098000,0.087500,0.115500,0.176000,0.383500
0.072500,0.039500,0.044000,0.064500,0.075000,0.057000,0.098000,0.087500,0.115500,0.176000,0.383500
0.072500,0.039500,0.044000,0.064500,0.075000,0.057000,0.098000,0.087500,0.115500,0.176000,0.383500
0.072500,0.039500,0.044000,0.064500,0.075000,0.057000,0.098000,0.087500,0.115500,0.176000,0.383500
0.072500,0.039500,0.044000,0.064500,0.075000,0.057000,0.098000,0.087500,0.115500,0.176000,0.383500
0.072500,0.039500,0.044000,0.064500,0.075000,0.057000,0.098000,0.087500,0.115500,0.176000,0.383500
0.072500,0.039500,0.044000,0.064500,0.075000,0.057000,0.098000,0.087500,0.115500,0.176000,0.383500
0.072500,0.039500,0.044000,0.064500,0.075000,0.057000,0.098000,0.087500,0.115500,0.176000,0.383500
0.072500,0.039500,0.044000,0.064500,0.075000,0.057000,0.098000,0.087500,0.115500,0.176000,0.383500
0.072500,0.039500,0.044000,0.064500,0.075000,0.057000,0.098000,0.087500,0.115500,0.176000,0.383500
0.072500,0.039500,0.044000,0.064500,0.075000,0.057000,0.098000,0.087500,0.115500,0.176000,0.383500
0.072500,0.039500,0.044000,0.064500,0.075000,0.057000,0.098000,0.087500,0.115500,0.176000,0.383500
0.072500,0.039500,0.044000,0.064500,0.075000,0.057000,0.098000,0.087500,0.115500,0.176000,0.383500
0.072500,0.039500,0.044000,0.064500,0.075000,0.057000,0.098000,0.087500,0.115500,0.176000,0.383500
0.072500,0.039500,0.044000,0.064500,0.075000,0.057000,0.098000,0.087500,0.115500,0.176000,0.383500
0.072500,0.039500,0.044000,0.064500,0.075000,0.057000,0.098000,0.087500,0.115500,0.176000,0.383500
0.072500,0.039500,0.044000,0.064500,0.075000,0.057000,0.098000,0.087500,0.115500,0.176000,0.383500
0.072500,0.039500,0.044000,0.064500,0.075000,0.057000,0.098000,0.087500,0.115500,0.176000,0.383500
0.072500,0.039500,0.044000,0.064500,0.075000,0.057000,0.098000,0.087500,0.115500,0.176000,0.383500
0.072500,0.039500,0.044000,0.064500,0.075000,0.057000,0.098000,0.087500,0.115500,0.176000,0.383500
0.072500,0.039500,0.044000,0.064500,0.075000,0.057000,0.098000,0.087500,0.115500,0.176000,0.383500
0.072500,0.039500,0.044000,0.064500,0.075000,0.057000,0.098000,0.087500,0.115500,0.176000,0.383500
0.072500,0.039500,0.044000,0.064500,0.075000,0.057000,0.098000,0.087500,0.115500,0.176000,0.383500
0.072500,0.039500,0.044000,0.064500,0.075000,0.057000,0.098000,0.087500,0.115500,0.176000,0.383500
0.072500,0.039500,0.044000,0.064500,0.075000,0.057000,0.098000,0.087500,0.115500,0.176000,0.383500
0.072500,0.039500,0.044000,0.064500,0.075000,0.057000,0.098000,0.087500,0.115500,0.176000,0.383500
0.072500,0.039500,0.044000,0.064500,0.075000,0.057000,0.098000,0.087500,0.115500,0.176000,0.383500
0.072500,0.039500,0.044000,0.064500,0.075000,0.057000,0.098000,0.087500,0.115500,0.176000,0.383500
0.072500,0.039500,0.044000,0.064500,0.075000,0.057000,0.098000,0.087500,0.115500,0.176000,0.383500
0.072500,0.039500,0.044000,0.064500,0.075000,0.057000,0.098000,0.087500,0.115500,0.176000,0.383500
0.072500,0.039500,0.044000,0.064500,0.075000,0.057000,0.098000,0.087500,0.115500,0.176000,0.383500
0.072500,0.039500,0.044000,0.064500,0.075000,0.057000,0.098000,0.087500,0.115500,0.176000,0.383500
0.072500,0.039500,0.044000,0.064500,0.075000,0.057000,0.098000,0.087500,0.115500,0.176000,0.383500
0.072500,0.039500,0.044000,0.064500,0.075000,0.057000,0.098000,0.087500,0.115500,0.176000,0.383500
0.072500,0.039500,0.044000,0.064500,0.075000,0.057000,0.098000,0.087500,0.115500,0.176000,0.383500
0.072500,0.039500,0.044000,0.064500,0.075000,0.057000,0.098000,0.087500,0.115500,0.176000,0.383500
0.072500,0.039500,0.044000,0.064500,0.075000,0.057000,0.098000,0.087500,0.115500,0.176000,0.383500
0.072500,0.039500,0.044000,0.064500,0.075000,0.057000,0.098000,0.087500,0.115500,0.176000,0.383500
0.072500,0.039500,0.044000,0.064500,0.075000,0.057000,0.098000,0.087500,0.115500,0.176000,0.383500
0.072500,0.039500,0.044000,0.064500,0.075000,0.057000,0.098000,0.087500,0.115500,0.176000,0.383500
0.072500,0.039500,0.044000,0.064500,0.075000,0.057000,0.098000,0.087500,0.115500,0.176000,0.383500
0.072500,0.039500,0.044000,0.064500,0.075000,0.057000,0.098000,0.087500,0.115500,0.176000,0.383500
0.072500,0.039500,0.044000,0.064500,0.075000,0.057000,0.098000,0.087500,0.115500,0.176000,0.383500
0.072500,0.039500,0.044000,0.064500,0.075000,0.057000,0.098000,0.087500,0.115500,0.176000,0.383500
0.072500,0.039500,0.044000,0.064500,0.075000,0.057000,0.098000,0.087500,0.115500,0.176000,0.383500
0.072500,0.039500,0.044000,0.064500,0.075000,0.057000,0.098000,0.087500,0.115500,0.176000,0.383500
0.072500,0.039500,0.044000,0.064500,0.075000,0.057000,0.098000,0.087500,0.115500,0.176000,0.383500
0.072500,0.039500,0.044000,0.064500,0.075000,0.057000,0.098000,0.087500,0.115500,0.176000,0.383500
0.072500,0.039500,0.044000,0.064500,0.075000,0.057000,0.098000,0.087500,0.115500,0.176000,0.383500
0.072500,0.039500,0.044000,0.064500,0.075000,0.057000,0.098000,0.087500,0.115500,0.176000,0.383500
0.072500,0.039500,0.044000,0.064500,0.075000,0.057000,0.098000,0.087500,0.115500,0.176000,0.383500
0.072500,0.039500,0.044000,0.064500,0.075000,0.057000,0.098000,0.087500,0.115500,0.176000,0.383500
0.072500,0.039500,0.044000,0.064500,0.075000,0.057000,0.098000,0.087500,0.115500,0.176000,0.383500
0.072500,0.039500,0.044000,0.064500,0.075000,0.057000,0.098000,0.087500,0.115500,0.176000,0.383500
0.072500,0.039500,0.044000,0.064500,0.075000,0.057000,0.098000,0.087500,0.115500,0.176000,0.383500
0.072500,0.039500,0.044000,0.064500,0.075000,0.057000,0.098000,0.087500,0.115500,0.176000,0.383500
0.072500,0.039500,0.044000,0.064500,0.075000,0.057000,0.098000,0.087500,0.115500,0.176000,0.383500
0.072500,0.039500,0.044000,0.064500,0.075000,0.057000,0.098000,0.087500,0.115500,0.176000,0.383500
0.072500,0.039500,0.044000,0.064500,0.075000,0.057000,0.098000,0.087500,0.115500,0.176000,0.383500
0.072500,0.039500,0.044000,0.064500,0.075000,0.057000,0.098000,0.087500,0.115500,0.176000,0.383500
0.072500,0.039500,0.044000,0.064500,0.075000,0.057000,0.098000,0.087500,0.115500,0.176000,0.383500
0.072500,0.039500,0.044000,0.064500,0.075000,0.057000,0.098000,0.087500,0.115500,0.176000,0.383500
0.072500,0.039500,0.044000,0.064500,0.075000,0.057000,0.098000,0.087500,0.115500,0.176000,0.383500
0.072500,0.039500,0.044000,0.064500,0.075000,0.057000,0.098000,0.087500,0.115500,0.176000,0.383500
0.072500,0.039500,0.044000,0.064500,0.075000,0.057000,0.098000,0.087500,0.115500,0.176000,0.383500
0.072500,0.039500,0.044000,0.064500,0.075000,0.057000,0.098000,0.087500,0.115500,0.176000,0.383500
0.072500,0.039500,0.044000,0.064500,0.075000,0.057000,0.098000,0.087500,0.115500,0.176000,0.383500
0.072500,0.039500,0.044000,0.064500,0.075000,0.057000,0.098000,0.087500,0.115500,0.176000,0.383500
0.072500,0.039500,0.044000,0.064500,0.075000,0.057000,0.098000,0.087500,0.115500,0.176000,0.383500
0.072500,0.039500,0.044000,0.064500,0.075000,0.057000,0.098000,0.087500,0.115500,0.176000,0.383500
0.072500,0.039500,0.044000,0.064500,0.075000,0.057000,0.098000,0.087500,0.115500,0.176000,0.383500
0.072500,0.039500,0.044000,0.064500,0.075000,0.057000,0.098000,0.087500,0.115500,0.176000,0.383500
0.072500,0.039500,0.044000,0.064500,0.075000,0.057000,0.098000,0.087500,0.115500,0.176000,0.383500
0.072500,0.039500,0.044000,0.064500,0.075000,0.057000,0.098000,0.087500,0.115500,0.176000,0.383500
0.072500,0.039500,0.044000,0.064500,0.075000,0.057000,0.098000,0.087500,0.115500,0.176000,0.383500
0.072500,0.039500,0.044000,0.064500,0.075000,0.057000,0.098000,0.087500,0.115500,0.176000,0.383500
0.072500,0.039500,0.044000,0.064500,0.075000,0.057000,0.098000,0.087500,0.115500,0.176000,0.383500
0.072500,0.039500,0.044000,0.064500,0.075000,0.057000,0.098000,0.087500,0.115500,0.176000,0.383500
0.072500,0.039500,0.044000,0.064500,0.075000,0.057000,0.098000,0.087500,0.115500,0.176000,0.383500
0.072500,0.039500,0.044000,0.064500,0.075000,0.057000,0.098000,0.087500,0.115500,0.176000,0.383500
0.072500,0.039500,0.044000,0.064500,0.075000,0.057000,0.098000,0.087500,0.115500,0.176000,0.383500
0.072500,0.039500,0.044000,0.064500,0.075000,0.057000,0.098000,0.087500,0.115500,0.176000,0.383500
0.072500,0.039500,0.044000,0.064500,0.075000,0.057000,0.098000,0.087500,0.115500,0.176000,0.383500
0.072500,0.039500,0.044000,0.064500,0.075000,0.057000,0.098000,0.087500,0.115500,0.176000,0.383500
0.072500,0.039500,0.044000,0.064500,0.075000,0.057000,0.098000,0.087500,0.115500,0.176000,0.383500
0.072500,0.039500,0.044000,0.064500,0.075000,0.057000,0.098000,0.087500,0.115500,0.176000,0.383500
0.072500,0.039500,0.044000,0.064500,0.075000,0.057000,0.098000,0.087500,0.115500,0.176000,0.383500
0.072500,0.039500,0.044000,0.064500,0.075000,0.057000,0.098000,0.087500,0.115500,0.176000,0.383500
0.072500,0.039500,0.044000,0.064500,0.075000,0.057000,0.098000,0.087500,0.115500,0.176000,0.383500
0.072500,0.039500,0.044000,0.064500,0.075000,0.057000,0.098000,0.087500,0.115500,0.176000,0.383500
0.072500,0.039500,0.044000,0.064500,0.075000,0.057000,0.098000,0.087500,0.115500,0.176000,0.383500
0.072500,0.039500,0.044000,0.064500,0.075000,0.057000,0.098000,0.087500,0.115500,0.176000,0.383500
0.072500,0.039500,0.044000,0.064500,0.075000,0.057000,0.098000,0.087500,0.115500,0.176000,0.383500
0.072500,0.039500,0.044000,0.064500,0.075000,0.057000,0.098000,0.087500,0.115500,0.176000,0.383500
0.072500,0.039500,0.044000,0.064500,0.075000,0.057000,0.098000,0.087500,0.115500,0.176000,0.383500
0.072500,0.039500,0.044000,0.064500,0.075000,0.057000,0.098000,0.087500,0.115500,0.176000,0.383500
0.072500,0.039500,0.044000,0.064500,0.075000,0.057000,0.098000,0.087500,0.115500,0.176000,0.383500
0.072500,0.039500,0.044000,0.064500,0.075000,0.057000,0.098000,0.087500,0.115500,0.176000,0.383500
0.072500,0.039500,0.044000,0.064500,0.075000,0.057000,0.098000,0.087500,0.115500,0.176000,0.383500
0.072500,0.039500,0.044000,0.064500,0.075000,0.057000,0.098000,0.087500,0.115500,0.176000,0.383500
0.072500,0.039500,0.044000,0.064500,0.075000,0.057000,0.098000,0.087500,0.115500,0.176000,0.383500
0.072500,0.039500,0.044000,0.064500,0.075000,0.057000,0.098000,0.087500,0.115500,0.176000,0.383500
0.072500,0.039500,0.044000,0.064500,0.075000,0.057000,0.098000,0.087500,0.115500,0.176000,0.383500
0.072500,0.039500,0.044000,0.064500,0.075000,0.057000,0.098000,0.087500,0.115500,0.176000,0.383500
0.072500,0.039500,0.044000,0.064500,0.075000,0.057000,0.098000,0.087500,0.115500,0.176000,0.383500
0.072500,0.039500,0.044000,0.064500,0.075000,0.057000,0.098000,0.087500,0.115500,0.176000,0.383500
0.072500,0.039500,0.044000,0.064500,0.075000,0.057000,0.098000,0.087500,0.115500,0.176000,0.383500
0.072500,0.039500,0.044000,0.064500,0.075000,0.057000,0.098000,0.087500,0.115500,0.176000,0.383500
0.072500,0.039500,0.044000,0.064500,0.075000,0.057000,0.098000,0.087500,0.115500,0.176000,0.383500
0.072500,0.039500,0.044000,0.064500,0.075000,0.057000,0.098000,0.087500,0.115500,0.176000,0.383500
0.072500,0.039500,0.044000,0.064500,0.075000,0.057000,0.098000,0.087500,0.115500,0.176000,0.383500
0.072500,0.039500,0.044000,0.064500,0.075000,0.057000,0.098000,0.087500,0.115500,0.176000,0.383500
0.072500,0.039500,0.044000,0.064500,0.075000,0.057000,0.098000,0.087500,0.115500,0.176000,0.383500
0.072500,0.039500,0.044000,0.064500,0.075000,0.057000,0.098000,0.087500,0.115500,0.176000,0.383500
0.072500,0.039500,0.044000,0.064500,0.075000,0.057000,0.098000,0.087500,0.115500,0.176000,0.383500
0.072500,0.039500,0.044000,0.064500,0.075000,0.057000,0.098000,0.087500,0.115500,0.176000,0.383500
0.072500,0.039500,0.044000,0.064500,0.075000,0.057000,0.098000,0.087500,0.115500,0.176000,0.383500
0.072500,0.039500,0.044000,0.064500,0.075000,0.057000,0.098000,0.087500,0.115500,0.176000,0.383500
0.072500,0.039500,0.044000,0.064500,0.075000,0.057000,0.098000,0.087500,0.115500,0.176000,0.383500
0.072500,0.039500,0.044000,0.064500,0.075000,0.057000,0.098000,0.087500,0.115500,0.176000,0.383500
0.072500,0.039500,0.044000,0.064500,0.075000,0.057000,0.098000,0.087500,0.115500,0.176000,0.383500
0.072500,0.039500,0.044000,0.064500,0.075000,0.057000,0.098000,0.087500,0.115500,0.176000,0.383500
0.072500,0.039500,0.044000,0.064500,0.075000,0.057000,0.098000,0.087500,0.115500,0.176000,0.383500
0.072500,0.039500,0.044000,0.064500,0.075000,0.057000,0.098000,0.087500,0.115500,0.176000,0.383500
0.072500,0.039500,0.044000,0.064500,0.075000,0.057000,0.098000,0.087500,0.115500,0.176000,0.383500
0.072500,0.039500,0.044000,0.064500,0.075000,0.057000,0.098000,0.087500,0.115500,0.176000,0.383500
0.072500,0.039500,0.044000,0.064500,0.075000,0.057000,0.098000,0.087500,0.115500,0.176000,0.383500
0.072500,0.039500,0.044000,0.064500,0.075000,0.057000,0.098000,0.087500,0.115500,0.176000,0.383500
0.072500,0.039500,0.044000,0.064500,0.075000,0.057000,0.098000,0.087500,0.115500,0.176000,0.383500
0.072500,0.039500,0.044000,0.064500,0.075000,0.057000,0.098000,0.087500,0.115500,0.176000,0.383500
0.072500,0.039500,0.044000,0.064500,0.075000,0.057000,0.098000,0.087500,0.115500,0.176000,0.383500
0.072500,0.039500,0.044000,0.064500,0.075000,0.057000,0.098000,0.087500,0.115500,0.176000,0.383500
0.072500,0.039500,0.044000,0.064500,0.075000,0.057000,0.098000,0.087500,0.115500,0.176000,0.383500
0.072500,0.039500,0.044000,0.064500,0.075000,0.057000,0.098000,0.087500,0.115500,0.176000,0.383500
0.072500,0.039500,0.044000,0.064500,0.075000,0.057000,0.098000,0.087500,0.115500,0.176000,0.383500
0.072500,0.039500,0.044000,0.064500,0.075000,0.057000,0.098000,0.087500,0.115500,0.176000,0.383500
0.072500,0.039500,0.044000,0.064500,0.075000,0.057000,0.098000,0.087500,0.115500,0.176000,0.383500
0.072500,0.039500,0.044000,0.064500,0.075000,0.057000,0.098000,0.087500,0.115500,0.176000,0.383500
0.072500,0.039500,0.044000,0.064500,0.075000,0.057000,0.098000,0.087500,0.115500,0.176000,0.383500
0.072500,0.039500,0.044000,0.064500,0.075000,0.057000,0.098000,0.087500,0.115500,0.176000,0.383500
0.072500,0.039500,0.044000,0.064500,0.075000,0.057000,0.098000,0.087500,0.115500,0.176000,0.383500
0.072500,0.039500,0.044000,0.064500,0.075000,0.057000,0.098000,0.087500,0.115500,0.176000,0.383500
0.072500,0.039500,0.044000,0.064500,0.075000,0.057000,0.098000,0.087500,0.115500,0.176000,0.383500
0.072500,0.039500,0.044000,0.064500,0.075000,0.057000,0.098000,0.087500,0.115500,0.176000,0.383500
0.072500,0.039500,0.044000,0.064500,0.075000,0.057000,0.098000,0.087500,0.115500,0.176000,0.383500
0.072500,0.039500,0.044000,0.064500,0.075000,0.057000,0.098000,0.087500,0.115500,0.176000,0.383500
0.072500,0.039500,0.044000,0.064500,0.075000,0.057000,0.098000,0.087500,0.115500,0.176000,0.383500
0.072500,0.039500,0.044000,0.064500,0.075000,0.057000,0.098000,0.087500,0.115500,0.176000,0.383500
0.072500,0.039500,0.044000,0.064500,0.075000,0.057000,0.098000,0.087500,0.115500,0.176000,0.383500
0.072500,0.039500,0.044000,0.064500,0.075000,0.057000,0.098000,0.087500,0.115500,0.176000,0.383500
0.072500,0.039500,0.044000,0.064500,0.075000,0.057000,0.098000,0.087500,0.115500,0.176000,0.383500
0.072500,0.039500,0.044000,0.064500,0.075000,0.057000,0.098000,0.087500,0.115500,0.176000,0.383500
0.072500,0.039500,0.044000,0.064500,0.075000,0.057000,0.098000,0.087500,0.115500,0.176000,0.383500
0.072500,0.039500,0.044000,0.064500,0.075000,0.057000,0.098000,0.087500,0.115500,0.176000,0.383500
0.072500,0.039500,0.044000,0.064500,0.075000,0.057000,0.098000,0.087500,0.115500,0.176000,0.383500
0.072500,0.039500,0.044000,0.064500,0.075000,0.057000,0.098000,0.087500,0.115500,0.176000,0.383500
0.072500,0.039500,0.044000,0.064500,0.075000,0.057000,0.098000,0.087500,0.115500,0.176000,0.383500
0.072500,0.039500,0.044000,0.064500,0.075000,0.057000,0.098000,0.087500,0.115500,0.176000,0.383500
0.072500,0.039500,0.044000,0.064500,0.075000,0.057000,0.098000,0.087500,0.115500,0.176000,0.383500
0.072500,0.039500,0.044000,0.064500,0.075000,0.057000,0.098000,0.087500,0.115500,0.176000,0.383500
0.072500,0.039500,0.044000,0.064500,0.075000,0.057000,0.098000,0.087500,0.115500,0.176000,0.383500
0.072500,0.039500,0.044000,0.064500,0.075000,0.057000,0.098000,0.087500,0.115500,0.176000,0.383500
0.072500,0.039500,0.044000,0.064500,0.075000,0.057000,0.098000,0.087500,0.115500,0.176000,0.383500
0.072500,0.039500,0.044000,0.064500,0.075000,0.057000,0.098000,0.087500,0.115500,0.176000,0.383500
0.072500,0.039500,0.044000,0.064500,0.075000,0.057000,0.098000,0.087500,0.115500,0.176000,0.383500
0.072500,0.039500,0.044000,0.064500,0.075000,0.057000,0.098000,0.087500,0.115500,0.176000,0.383500
0.072500,0.039500,0.044000,0.064500,0.075000,0.057000,0.098000,0.087500,0.115500,0.176000,0.383500
0.072500,0.039500,0.044000,0.064500,0.075000,0.057000,0.098000,0.087500,0.115500,0.176000,0.383500
0.072500,0.039500,0.044000,0.064500,0.075000,0.057000,0.098000,0.087500,0.115500,0.176000,0.383500
0.072500,0.039500,0.044000,0.064500,0.075000,0.057000,0.098000,0.087500,0.115500,0.176000,0.383500
0.072500,0.039500,0.044000,0.064500,0.075000,0.057000,0.098000,0.087500,0.115500,0.176000,0.383500
0.072500,0.039500,0.044000,0.064500,0.075000,0.057000,0.098000,0.087500,0.115500,0.176000,0.383500
0.072500,0.039500,0.044000,0.064500,0.075000,0.057000,0.098000,0.087500,0.115500,0.176000,0.383500
0.072500,0.039500,0.044000,0.064500,0.075000,0.057000,0.098000,0.087500,0.115500,0.176000,0.383500
0.072500,0.039500,0.044000,0.064500,0.075000,0.057000,0.098000,0.087500,0.115500,0.176000,0.383500
0.072500,0.039500,0.044000,0.064500,0.075000,0.057000,0.098000,0.087500,0.115500,0.176000,0.383500
0.072500,0.039500,0.044000,0.064500,0.075000,0.057000,0.098000,0.087500,0.115500,0.176000,0.383500
0.072500,0.039500,0.044000,0.064500,0.075000,0.057000,0.098000,0.087500,0.115500,0.176000,0.383500
0.072500,0.039500,0.044000,0.064500,0.075000,0.057000,0.098000,0.087500,0.115500,0.176000,0.383500
0.072500,0.039500,0.044000,0.064500,0.075000,0.057000,0.098000,0.087500,0.115500,0.176000,0.383500
0.072500,0.039500,0.044000,0.064500,0.075000,0.057000,0.098000,0.087500,0.115500,0.176000,0.383500
0.072500,0.039500,0.044000,0.064500,0.075000,0.057000,0.098000,0.087500,0.115500,0.176000,0.383500
0.072500,0.039500,0.044000,0.064500,0.075000,0.057000,0.098000,0.087500,0.115500,0.176000,0.383500
0.072500,0.039500,0.044000,0.064500,0.075000,0.057000,0.098000,0.087500,0.115500,0.176000,0.383500
0.072500,0.039500,0.044000,0.064500,0.075000,0.057000,0.098000,0.087500,0.115500,0.176000,0.383500
0.072500,0.039500,0.044000,0.064500,0.075000,0.057000,0.098000,0.087500,0.115500,0.176000,0.383500
0.072500,0.039500,0.044000,0.064500,0.075000,0.057000,0.098000,0.087500,0.115500,0.176000,0.383500
0.072500,0.039500,0.044000,0.064500,0.075000,0.057000,0.098000,0.087500,0.115500,0.176000,0.383500
0.072500,0.039500,0.044000,0.064500,0.075000,0.057000,0.098000,0.087500,0.115500,0.176000,0.383500
0.072500,0.039500,0.044000,0.064500,0.075000,0.057000,0.098000,0.087500,0.115500,0.176000,0.383500
0.072500,0.039500,0.044000,0.064500,0.075000,0.057000,0.098000,0.087500,0.115500,0.176000,0.383500
0.072500,0.039500,0.044000,0.064500,0.075000,0.057000,0.098000,0.087500,0.115500,0.176000,0.383500
0.072500,0.039500,0.044000,0.064500,0.075000,0.057000,0.098000,0.087500,0.115500,0.176000,0.383500
0.072500,0.039500,0.044000,0.064500,0.075000,0.057000,0.098000,0.087500,0.115500,0.176000,0.383500
0.072500,0.039500,0.044000,0.064500,0.075000,0.057000,0.098000,0.087500,0.115500,0.176000,0.383500
0.072500,0.039500,0.044000,0.064500,0.075000,0.057000,0.098000,0.087500,0.115500,0.176000,0.383500
0.072500,0.039500,0.044000,0.064500,0.075000,0.057000,0.098000,0.087500,0.115500,0.176000,0.383500
0.072500,0.039500,0.044000,0.064500,0.075000,0.057000,0.098000,0.087500,0.115500,0.176000,0.383500
0.072500,0.039500,0.044000,0.064500,0.075000,0.057000,0.098000,0.087500,0.115500,0.176000,0.383500
0.072500,0.039500,0.044000,0.064500,0.075000,0.057000,0.098000,0.087500,0.115500,0.176000,0.383500
0.072500,0.039500,0.044000,0.064500,0.075000,0.057000,0.098000,0.087500,0.115500,0.176000,0.383500
0.072500,0.039500,0.044000,0.064500,0.075000,0.057000,0.098000,0.087500,0.115500,0.176000,0.383500
0.072500,0.039500,0.044000,0.064500,0.075000,0.057000,0.098000,0.087500,0.115500,0.176000,0.383500
0.072500,0.039500,0.044000,0.064500,0.075000,0.057000,0.098000,0.087500,0.115500,0.176000,0.383500
0.072500,0.039500,0.044000,0.064500,0.075000,0.057000,0.098000,0.087500,0.115500,0.176000,0.383500
0.072500,0.039500,0.044000,0.064500,0.075000,0.057000,0.098000,0.087500,0.115500,0.176000,0.383500
0.072500,0.039500,0.044000,0.064500,0.075000,0.057000,0.098000,0.087500,0.115500,0.176000,0.383500
0.072500,0.039500,0.044000,0.064500,0.075000,0.057000,0.098000,0.087500,0.115500,0.176000,0.383500
0.072500,0.039500,0.044000,0.064500,0.075000,0.057000,0.098000,0.087500,0.115500,0.176000,0.383500
0.072500,0.039500,0.044000,0.064500,0.075000,0.057000,0.098000,0.087500,0.115500,0.176000,0.383500
0.072500,0.039500,0.044000,0.064500,0.075000,0.057000,0.098000,0.087500,0.115500,0.176000,0.383500
0.072500,0.039500,0.044000,0.064500,0.075000,0.057000,0.098000,0.087500,0.115500,0.176000,0.383500
0.072500,0.039500,0.044000,0.064500,0.075000,0.057000,0.098000,0.087500,0.115500,0.176000,0.383500
0.072500,0.039500,0.044000,0.064500,0.075000,0.057000,0.098000,0.087500,0.115500,0.176000,0.383500
0.072500,0.039500,0.044000,0.064500,0.075000,0.057000,0.098000,0.087500,0.115500,0.176000,0.383500
0.072500,0.039500,0.044000,0.064500,0.075000,0.057000,0.098000,0.087500,0.115500,0.176000,0.383500
0.072500,0.039500,0.044000,0.064500,0.075000,0.057000,0.098000,0.087500,0.115500,0.176000,0.383500
0.072500,0.039500,0.044000,0.064500,0.075000,0.057000,0.098000,0.087500,0.115500,0.176000,0.383500
0.072500,0.039500,0.044000,0.064500,0.075000,0.057000,0.098000,0.087500,0.115500,0.176000,0.383500
0.072500,0.039500,0.044000,0.064500,0.075000,0.057000,0.098000,0.087500,0.115500,0.176000,0.383500
0.072500,0.039500,0.044000,0.064500,0.075000,0.057000,0.098000,0.087500,0.115500,0.176000,0.383500
0.072500,0.039500,0.044000,0.064500,0.075000,0.057000,0.098000,0.087500,0.115500,0.176000,0.383500
0.072500,0.039500,0.044000,0.064500,0.075000,0.057000,0.098000,0.087500,0.115500,0.176000,0.383500
0.072500,0.039500,0.044000,0.064500,0.075000,0.057000,0.098000,0.087500,0.115500,0.176000,0.383500
0.072500,0.039500,0.044000,0.064500,0.075000,0.057000,0.098000,0.087500,0.115500,0.176000,0.383500
0.072500,0.039500,0.044000,0.064500,0.075000,0.057000,0.098000,0.087500,0.115500,0.176000,0.383500
0.072500,0.039500,0.044000,0.064500,0.075000,0.057000,0.098000,0.087500,0.115500,0.176000,0.383500
0.072500,0.039500,0.044000,0.064500,0.075000,0.057000,0.098000,0.087500,0.115500,0.176000,0.383500
0.072500,0.039500,0.044000,0.064500,0.075000,0.057000,0.098000,0.087500,0.115500,0.176000,0.383500
0.072500,0.039500,0.044000,0.064500,0.075000,0.057000,0.098000,0.087500,0.115500,0.176000,0.383500
0.072500,0.039500,0.044000,0.064500,0.075000,0.057000,0.098000,0.087500,0.115500,0.176000,0.383500
0.072500,0.039500,0.044000,0.064500,0.075000,0.057000,0.098000,0.087500,0.115500,0.176000,0.383500
0.072500,0.039500,0.044000,0.064500,0.075000,0.057000,0.098000,0.087500,0.115500,0.176000,0.383500
0.072500,0.039500,0.044000,0.064500,0.075000,0.057000,0.098000,0.087500,0.115500,0.176000,0.383500
0.072500,0.039500,0.044000,0.064500,0.075000,0.057000,0.098000,0.087500,0.115500,0.176000,0.383500
0.072500,0.039500,0.044000,0.064500,0.075000,0.057000,0.098000,0.087500,0.115500,0.176000,0.383500
0.072500,0.039500,0.044000,0.064500,0.075000,0.057000,0.098000,0.087500,0.115500,0.176000,0.383500
0.072500,0.039500,0.044000,0.064500,0.075000,0.057000,0.098000,0.087500,0.115500,0.176000,0.383500
0.072500,0.039500,0.044000,0.064500,0.075000,0.057000,0.098000,0.087500,0.115500,0.176000,0.383500
0.072500,0.039500,0.044000,0.064500,0.075000,0.057000,0.098000,0.087500,0.115500,0.176000,0.383500
0.072500,0.039500,0.044000,0.064500,0.075000,0.057000,0.098000,0.087500,0.115500,0.176000,0.383500
0.072500,0.039500,0.044000,0.064500,0.075000,0.057000,0.098000,0.087500,0.115500,0.176000,0.383500
0.072500,0.039500,0.044000,0.064500,0.075000,0.057000,0.098000,0.087500,0.115500,0.176000,0.383500
0.072500,0.039500,0.044000,0.064500,0.075000,0.057000,0.098000,0.087500,0.115500,0.176000,0.383500
0.072500,0.039500,0.044000,0.064500,0.075000,0.057000,0.098000,0.087500,0.115500,0.176000,0.383500
0.072500,0.039500,0.044000,0.064500,0.075000,0.057000,0.098000,0.087500,0.115500,0.176000,0.383500
0.072500,0.039500,0.044000,0.064500,0.075000,0.057000,0.098000,0.087500,0.115500,0.176000,0.383500
0.072500,0.039500,0.044000,0.064500,0.075000,0.057000,0.098000,0.087500,0.115500,0.176000,0.383500
0.072500,0.039500,0.044000,0.064500,0.075000,0.057000,0.098000,0.087500,0.115500,0.176000,0.383500
0.072500,0.039500,0.044000,0.064500,0.075000,0.057000,0.098000,0.087500,0.115500,0.176000,0.383500
0.072500,0.039500,0.044000,0.064500,0.075000,0.057000,0.098000,0.087500,0.115500,0.176000,0.383500
0.072500,0.039500,0.044000,0.064500,0.075000,0.057000,0.098000,0.087500,0.115500,0.176000,0.383500
0.072500,0.039500,0.044000,0.064500,0.075000,0.057000,0.098000,0.087500,0.115500,0.176000,0.383500
0.072500,0.039500,0.044000,0.064500,0.075000,0.057000,0.098000,0.087500,0.115500,0.176000,0.383500
0.072500,0.039500,0.044000,0.064500,0.075000,0.057000,0.098000,0.087500,0.115500,0.176000,0.383500
0.072500,0.039500,0.044000,0.064500,0.075000,0.057000,0.098000,0.087500,0.115500,0.176000,0.383500
0.072500,0.039500,0.044000,0.064500,0.075000,0.057000,0.098000,0.087500,0.115500,0.176000,0.383500
0.072500,0.039500,0.044000,0.064500,0.075000,0.057000,0.098000,0.087500,0.115500,0.176000,0.383500
0.072500,0.039500,0.044000,0.064500,0.075000,0.057000,0.098000,0.087500,0.115500,0.176000,0.383500
0.072500,0.039500,0.044000,0.064500,0.075000,0.057000,0.098000,0.087500,0.115500,0.176000,0.383500
0.072500,0.039500,0.044000,0.064500,0.075000,0.057000,0.098000,0.087500,0.115500,0.176000,0.383500
0.072500,0.039500,0.044000,0.064500,0.075000,0.057000,0.098000,0.087500,0.115500,0.176000,0.383500
0.072500,0.039500,0.044000,0.064500,0.075000,0.057000,0.098000,0.087500,0.115500,0.176000,0.383500
0.072500,0.039500,0.044000,0.064500,0.075000,0.057000,0.098000,0.087500,0.115500,0.176000,0.383500
0.072500,0.039500,0.044000,0.064500,0.075000,0.057000,0.098000,0.087500,0.115500,0.176000,0.383500
0.072500,0.039500,0.044000,0.064500,0.075000,0.057000,0.098000,0.087500,0.115500,0.176000,0.383500
0.072500,0.039500,0.044000,0.064500,0.075000,0.057000,0.098000,0.087500,0.115500,0.176000,0.383500
0.072500,0.039500,0.044000,0.064500,0.075000,0.057000,0.098000,0.087500,0.115500,0.176000,0.383500
0.072500,0.039500,0.044000,0.064500,0.075000,0.057000,0.098000,0.087500,0.115500,0.176000,0.383500
0.072500,0.039500,0.044000,0.064500,0.075000,0.057000,0.098000,0.087500,0.115500,0.176000,0.383500
0.072500,0.039500,0.044000,0.064500,0.075000,0.057000,0.098000,0.087500,0.115500,0.176000,0.383500
0.072500,0.039500,0.044000,0.064500,0.075000,0.057000,0.098000,0.087500,0.115500,0.176000,0.383500
0.072500,0.039500,0.044000,0.064500,0.075000,0.057000,0.098000,0.087500,0.115500,0.176000,0.383500
0.072500,0.039500,0.044000,0.064500,0.075000,0.057000,0.098000,0.087500,0.115500,0.176000,0.383500
0.072500,0.039500,0.044000,0.064500,0.075000,0.057000,0.098000,0.087500,0.115500,0.176000,0.383500
0.072500,0.039500,0.044000,0.064500,0.075000,0.057000,0.098000,0.087500,0.115500,0.176000,0.383500
0.072500,0.039500,0.044000,0.064500,0.075000,0.057000,0.098000,0.087500,0.115500,0.176000,0.383500
0.072500,0.039500,0.044000,0.064500,0.075000,0.057000,0.098000,0.087500,0.115500,0.176000,0.383500
0.072500,0.039500,0.044000,0.064500,0.075000,0.057000,0.098000,0.087500,0.115500,0.176000,0.383500
0.072500,0.039500,0.044000,0.064500,0.075000,0.057000,0.098000,0.087500,0.115500,0.176000,0.383500
0.072500,0.039500,0.044000,0.064500,0.075000,0.057000,0.098000,0.087500,0.115500,0.176000,0.383500
0.072500,0.039500,0.044000,0.064500,0.075000,0.057000,0.098000,0.087500,0.115500,0.176000,0.383500
0.072500,0.039500,0.044000,0.064500,0.075000,0.057000,0.098000,0.087500,0.115500,0.176000,0.383500
0.072500,0.039500,0.044000,0.064500,0.075000,0.057000,0.098000,0.087500,0.115500,0.176000,0.383500
0.072500,0.039500,0.044000,0.064500,0.075000,0.057000,0.098000,0.087500,0.115500,0.176000,0.383500
0.072500,0.039500,0.044000,0.064500,0.814576,0.057000,0.098000,0.087500,0.115500,0.176000,0.383500
0.072500,0.039500,0.044000,0.064500,1.554152,0.057000,0.098000,0.087500,0.115500,0.176000,0.383500
0.072500,0.039500,0.044000,0.064500,2.293728,0.057000,0.098000,0.087500,0.115500,0.176000,0.383500
0.072500,0.039500,0.044000,0.064500,1.554152,0.057000,0.098000,0.087500,0.115500,0.176000,0.383500
0.072500,0.039500,0.044000,0.064500,0.814576,0.057000,0.098000,0.087500,0.115500,0.176000,0.383500
0.072500,0.039500,0.487845,0.064500,0.075000,0.057000,0.098000,0.087500,0.115500,0.176000,0.383500
0.072500,0.039500,0.931691,0.064500,0.075000,0.057000,0.098000,0.087500,0.115500,0.176000,0.383500
0.072500,0.039500,1.375536,0.064500,0.075000,0.057000,0.098000,0.087500,0.115500,0.176000,0.383500
0.072500,0.039500,0.931691,0.064500,0.075000,0.057000,0.098000,0.087500,0.115500,0.176000,0.383500
0.072500,0.039500,0.487845,0.064500,0.075000,0.057000,0.098000,0.087500,0.115500,0.176000,0.383500
0.072500,0.039500,0.044000,0.064500,0.075000,0.057000,0.098000,0.087500,0.115500,0.176000,0.383500
0.072500,0.039500,0.044000,0.064500,0.075000,0.057000,0.098000,0.087500,0.115500,0.176000,0.383500
0.072500,0.039500,0.044000,0.064500,0.075000,0.057000,0.098000,0.087500,0.115500,0.176000,0.383500
0.072500,0.039500,0.044000,0.064500,0.075000,0.057000,0.098000,0.087500,0.115500,0.176000,0.383500
0.072500,0.039500,0.044000,0.064500,0.075000,0.057000,0.098000,0.087500,0.115500,0.176000,0.383500
0.072500,0.039500,0.044000,0.064500,0.075000,0.057000,0.098000,0.087500,0.115500,0.176000,0.383500
0.072500,0.039500,0.044000,0.064500,0.075000,0.057000,0.098000,0.087500,0.115500,0.176000,0.383500
0.072500,0.039500,0.044000,0.064500,0.075000,0.057000,0.098000,0.087500,0.115500,0.176000,0.383500
0.072500,0.039500,0.044000,0.064500,0.075000,0.057000,0.098000,0.087500,0.115500,0.176000,0.383500
0.072500,0.039500,0.044000,0.064500,0.075000,0.057000,0.098000,0.087500,0.115500,0.176000,0.383500
0.072500,0.039500,0.044000,0.064500,0.075000,0.057000,0.098000,0.087500,0.115500,0.176000,0.383500
0.072500,0.039500,0.044000,0.064500,0.075000,0.057000,0.098000,0.087500,0.115500,0.176000,1.133450
0.072500,0.039500,0.044000,0.064500,0.075000,0.057000,0.098000,0.087500,0.115500,0.176000,1.883400
0.072500,0.039500,0.044000,0.064500,0.075000,0.057000,0.098000,0.087500,0.115500,0.176000,2.633350
0.072500,0.039500,0.044000,0.064500,0.075000,0.057000,0.098000,0.087500,0.115500,0.176000,3.383300
0.072500,0.039500,0.044000,0.064500,0.075000,0.057000,0.098000,0.087500,0.115500,0.176000,2.633350
0.684035,0.039500,0.044000,0.064500,0.075000,0.057000,0.098000,0.087500,0.115500,0.176000,1.883400
1.295571,0.039500,0.044000,0.064500,0.075000,0.057000,0.098000,0.087500,0.115500,0.176000,1.133450
1.907106,0.039500,0.044000,0.064500,0.075000,0.057000,0.098000,0.087500,0.115500,0.176000,0.383500
1.295571,0.039500,0.044000,0.064500,0.075000,0.129182,0.098000,0.087500,0.115500,0.176000,0.383500
0.684035,0.039500,0.044000,0.064500,0.075000,0.201364,0.098000,0.087500,0.115500,0.176000,0.383500
0.072500,0.039500,0.044000,0.064500,0.075000,0.273547,0.098000,0.087500,0.115500,0.176000,0.383500
0.072500,0.039500,0.044000,0.064500,0.075000,0.201364,0.098000,0.087500,0.115500,0.176000,0.383500
0.072500,0.039500,0.044000,0.064500,0.075000,0.129182,0.098000,0.087500,0.115500,0.198649,0.383500
0.072500,0.039500,0.044000,0.064500,0.075000,0.057000,0.098000,0.087500,0.115500,0.221298,0.383500
0.072500,0.039500,0.044000,0.064500,0.075000,0.057000,0.098000,0.087500,0.115500,0.243948,0.383500
0.072500,0.039500,0.044000,0.064500,0.075000,0.057000,0.098000,0.087500,0.115500,0.221298,0.383500
0.072500,0.039500,0.044000,0.064500,0.075000,0.057000,0.098000,0.488941,0.115500,0.198649,0.383500
0.072500,0.039500,0.044000,0.064500,0.075000,0.057000,0.098000,0.890381,0.115500,0.176000,0.383500
0.072500,0.039500,0.044000,0.064500,0.075000,0.057000,0.098000,1.291822,0.115500,0.176000,0.383500
0.072500,0.039500,0.044000,0.064500,0.075000,0.057000,0.098000,0.890381,0.115500,0.176000,0.383500
0.072500,0.039500,0.044000,0.064500,0.075000,0.057000,0.098000,0.488941,0.115500,0.176000,0.383500
0.072500,0.039500,0.044000,0.064500,0.075000,0.057000,1.704012,0.087500,0.115500,0.176000,0.383500
0.072500,0.039500,0.044000,0.064500,0.075000,0.057000,3.310024,0.087500,0.115500,0.176000,0.383500
0.072500,0.039500,0.044000,0.064500,0.075000,0.057000,4.916036,0.087500,0.115500,0.176000,0.383500
0.072500,0.039500,0.044000,0.064500,0.075000,0.057000,3.310024,0.087500,0.115500,0.176000,0.383500
0.072500,0.039500,0.044000,0.064500,0.075000,0.057000,1.704012,0.087500,0.115500,0.176000,0.383500
0.072500,0.039500,0.044000,0.064500,0.075000,0.057000,0.098000,0.087500,0.115500,0.176000,0.383500
0.072500,0.039500,0.044000,0.064500,0.075000,0.057000,0.098000,0.087500,0.115500,0.176000,0.383500
0.072500,0.039500,0.044000,0.064500,0.075000,0.057000,0.098000,0.087500,0.115500,0.176000,0.383500
0.072500,0.039500,0.044000,0.344563,0.075000,0.057000,0.098000,0.087500,0.115500,0.176000,0.383500
0.072500,0.039500,0.044000,0.624627,0.075000,0.057000,0.098000,0.087500,0.115500,0.176000,0.383500
0.072500,0.039500,0.044000,0.904690,0.075000,0.057000,0.098000,0.087500,0.115500,0.176000,0.383500
0.072500,0.039500,0.044000,0.624627,0.075000,0.057000,0.098000,0.087500,0.115500,0.176000,0.383500
0.072500,0.039500,0.044000,0.344563,0.075000,0.057000,0.098000,0.087500,0.115500,0.176000,0.383500
0.072500,0.039500,0.044000,0.064500,0.075000,0.057000,0.098000,0.087500,0.115500,0.176000,0.383500
0.072500,0.039500,0.044000,0.064500,0.075000,0.057000,0.098000,0.087500,0.115500,0.176000,0.383500
0.072500,0.039500,0.044000,0.064500,0.075000,0.057000,0.098000,0.087500,0.604443,0.176000,0.383500
0.072500,0.125555,0.044000,0.064500,0.075000,0.057000,0.098000,0.087500,1.093387,0.176000,0.383500
0.072500,0.211609,0.044000,0.064500,0.075000,0.057000,0.098000,0.087500,1.582330,0.176000,0.383500
0.072500,0.297664,0.044000,0.064500,0.075000,0.057000,0.098000,0.087500,1.093387,0.176000,0.383500
0.072500,0.211609,0.044000,0.064500,0.075000,0.057000,0.098000,0.087500,0.604443,0.176000,0.383500
0.072500,0.125555,0.044000,0.064500,0.075000,0.057000,0.098000,0.087500,0.115500,0.176000,0.383500
0.072500,0.039500,0.044000,0.064500,0.075000,0.057000,0.098000,0.087500,0.115500,0.176000,0.383500
0.072500,0.039500,0.044000,0.064500,0.075000,0.057000,0.098000,0.087500,0.115500,0.176000,0.383500
0.072500,0.039500,0.044000,0.064500,0.075000,0.057000,0.098000,0.087500,0.115500,0.176000,0.383500
0.072500,0.039500,0.044000,0.064500,0.075000,0.057000,0.098000,0.087500,0.115500,0.176000,0.383500
0.072500,0.039500,0.044000,0.064500,0.075000,0.057000,0.098000,0.087500,0.115500,0.176000,0.383500
0.072500,0.039500,0.044000,0.064500,0.075000,0.057000,0.098000,0.087500,0.115500,0.176000,0.383500
0.072500,0.039500,0.044000,0.064500,0.075000,0.057000,0.098000,0.087500,0.115500,0.176000,0.383500
0.072500,0.039500,0.044000,0.064500,0.075000,0.057000,0.098000,0.087500,0.115500,0.176000,0.383500
0.072500,0.039500,0.044000,0.064500,0.075000,0.057000,0.098000,0.087500,0.115500,0.176000,0.383500
0.072500,0.039500,0.044000,0.064500,0.075000,0.057000,0.098000,0.087500,0.115500,0.176000,0.383500
0.072500,0.039500,0.044000,0.064500,0.075000,0.057000,0.098000,0.087500,0.115500,0.176000,0.383500
0.072500,0.039500,0.044000,0.064500,0.075000,0.057000,0.098000,0.087500,0.115500,0.176000,0.383500
0.072500,0.039500,0.044000,0.064500,0.075000,0.057000,0.098000,0.087500,0.115500,0.176000,0.383500
0.072500,0.039500,0.044000,0.064500,0.075000,0.057000,0.098000,0.087500,0.115500,0.176000,0.383500
0.072500,0.039500,0.044000,0.064500,0.075000,0.057000,0.098000,0.087500,0.115500,0.176000,0.383500
0.072500,0.039500,0.044000,0.064500,0.075000,0.057000,0.098000,0.087500,0.115500,0.176000,0.383500
0.072500,0.039500,0.044000,0.064500,0.075000,0.057000,0.098000,0.087500,0.115500,0.176000,0.383500
0.072500,0.039500,0.044000,0.064500,0.075000,0.057000,0.098000,0.087500,0.115500,0.176000,0.383500
0.072500,0.039500,0.044000,0.064500,0.075000,0.057000,0.098000,0.087500,0.115500,0.176000,0.383500
0.072500,0.039500,0.044000,0.064500,0.075000,0.057000,0.098000,0.087500,0.115500,0.176000,0.383500
0.072500,0.039500,0.044000,0.064500,0.075000,0.057000,0.098000,0.087500,0.115500,0.176000,0.383500
0.072500,0.039500,0.044000,0.064500,0.075000,0.057000,0.098000,0.087500,0.115500,0.176000,0.383500
0.072500,0.039500,0.044000,0.064500,0.075000,0.057000,0.098000,0.087500,0.115500,0.176000,0.383500
0.072500,0.039500,0.044000,0.064500,0.075000,0.057000,0.098000,0.087500,0.115500,0.176000,0.383500
0.072500,0.039500,0.044000,0.064500,0.075000,0.057000,0.098000,0.087500,0.115500,0.176000,0.383500
0.072500,0.039500,0.044000,0.064500,0.075000,0.057000,0.098000,0.087500,0.115500,0.176000,0.383500
0.072500,0.039500,0.044000,0.064500,0.075000,0.057000,0.098000,0.087500,0.115500,0.176000,0.383500
0.072500,0.039500,0.044000,0.064500,0.075000,0.057000,0.098000,0.087500,0.115500,0.176000,0.383500
0.072500,0.039500,0.044000,0.064500,0.075000,0.057000,0.098000,0.087500,0.115500,0.176000,0.383500
0.072500,0.039500,0.044000,0.064500,0.075000,0.057000,0.098000,0.087500,0.115500,0.176000,0.383500
0.072500,0.039500,0.044000,0.064500,0.075000,0.057000,0.098000,0.087500,0.115500,0.176000,0.383500
0.072500,0.039500,0.044000,0.064500,0.075000,0.057000,0.098000,0.087500,0.115500,0.176000,0.383500
0.072500,0.039500,0.044000,0.064500,0.075000,0.057000,0.098000,0.087500,0.115500,0.176000,0.383500
0.072500,0.039500,0.044000,0.064500,0.075000,0.057000,0.098000,0.087500,0.115500,0.176000,0.383500
0.072500,0.039500,0.044000,0.064500,0.075000,0.057000,0.098000,0.087500,0.115500,0.176000,0.383500
0.072500,0.039500,0.044000,0.064500,0.075000,0.057000,0.098000,0.087500,0.115500,0.176000,0.383500
0.072500,0.039500,0.044000,0.064500,0.075000,0.057000,0.098000,0.087500,0.115500,0.176000,0.383500
0.072500,0.039500,0.044000,0.064500,0.075000,0.057000,0.098000,0.087500,0.115500,0.176000,0.383500
0.072500,0.039500,0.044000,0.064500,0.075000,0.057000,0.098000,0.087500,0.115500,0.176000,0.383500
0.072500,0.039500,0.044000,0.064500,0.075000,0.057000,0.098000,0.087500,0.115500,0.176000,0.383500
0.072500,0.039500,0.044000,0.064500,0.075000,0.057000,0.098000,0.087500,0.115500,0.176000,0.383500
0.072500,0.039500,0.044000,0.064500,0.075000,0.057000,0.098000,0.087500,0.115500,0.176000,0.383500
0.072500,0.039500,0.044000,0.064500,0.075000,0.057000,0.098000,0.087500,0.115500,0.176000,0.383500
0.072500,0.039500,0.044000,0.064500,0.075000,0.057000,0.098000,0.087500,0.115500,0.176000,0.383500
0.072500,0.039500,0.044000,0.064500,0.075000,0.057000,0.098000,0.087500,0.115500,0.176000,0.383500
0.072500,0.039500,0.044000,0.064500,0.075000,0.057000,0.098000,0.087500,0.115500,0.176000,0.383500
0.072500,0.039500,0.044000,0.064500,0.075000,0.057000,0.098000,0.087500,0.115500,0.176000,0.383500
0.072500,0.039500,0.044000,0.064500,0.075000,0.057000,0.098000,0.087500,0.115500,0.176000,0.383500
0.072500,0.039500,0.044000,0.064500,0.075000,0.057000,0.098000,0.087500,0.115500,0.176000,0.383500
0.072500,0.039500,0.044000,0.064500,0.075000,0.057000,0.098000,0.087500,0.115500,0.176000,0.383500
0.072500,0.039500,0.044000,0.064500,0.075000,0.057000,0.098000,0.087500,0.115500,0.176000,0.383500
0.072500,0.039500,0.044000,0.064500,0.075000,0.057000,0.098000,0.087500,0.115500,0.176000,0.383500
0.072500,0.039500,0.044000,0.064500,0.075000,0.057000,0.098000,0.087500,0.115500,0.176000,0.383500
0.072500,0.039500,0.044000,0.064500,0.075000,0.057000,0.098000,0.087500,0.115500,0.176000,0.383500
0.072500,0.039500,0.044000,0.064500,0.075000,0.057000,0.098000,0.087500,0.115500,0.176000,0.383500
0.072500,0.039500,0.044000,0.064500,0.075000,0.057000,0.098000,0.087500,0.115500,0.176000,0.383500
0.072500,0.039500,0.044000,0.064500,0.075000,0.057000,0.098000,0.087500,0.115500,0.176000,0.383500
0.072500,0.039500,0.044000,0.064500,0.075000,0.057000,0.098000,0.087500,0.115500,0.176000,0.383500
0.072500,0.039500,0.044000,0.064500,0.075000,0.057000,0.098000,0.087500,0.115500,0.176000,0.383500
0.072500,0.039500,0.044000,0.064500,0.075000,0.057000,0.098000,0.087500,0.115500,0.176000,0.383500
0.072500,0.039500,0.044000,0.064500,0.075000,0.057000,0.098000,0.087500,0.115500,0.176000,0.383500
0.072500,0.039500,0.044000,0.064500,0.075000,0.057000,0.098000,0.087500,0.115500,0.176000,0.383500
0.072500,0.039500,0.044000,0.064500,0.075000,0.057000,0.098000,0.087500,0.115500,0.176000,0.383500
0.072500,0.039500,0.044000,0.064500,0.075000,0.057000,0.098000,0.087500,0.115500,0.176000,0.383500
0.072500,0.039500,0.044000,0.064500,0.075000,0.057000,0.098000,0.087500,0.115500,0.176000,0.383500
0.072500,0.039500,0.044000,0.064500,0.075000,0.057000,0.098000,0.087500,0.115500,0.176000,0.383500
0.072500,0.039500,0.044000,0.064500,0.075000,0.057000,0.098000,0.087500,0.115500,0.176000,0.383500
0.072500,0.039500,0.044000,0.064500,0.075000,0.057000,0.098000,0.087500,0.115500,0.176000,0.383500
0.072500,0.039500,0.044000,0.064500,0.075000,0.057000,0.098000,0.087500,0.115500,0.176000,0.383500
0.072500,0.039500,0.044000,0.064500,0.075000,0.057000,0.098000,0.087500,0.115500,0.176000,0.383500
0.072500,0.039500,0.044000,0.064500,0.075000,0.057000,0.098000,0.087500,0.115500,0.176000,0.383500
0.072500,0.039500,0.044000,0.064500,0.075000,0.057000,0.098000,0.087500,0.115500,0.176000,0.383500
0.072500,0.039500,0.044000,0.064500,0.075000,0.057000,0.098000,0.087500,0.115500,0.176000,0.383500
0.072500,0.039500,0.044000,0.064500,0.075000,0.057000,0.098000,0.087500,0.115500,0.176000,0.383500
0.072500,0.039500,0.044000,0.064500,0.075000,0.057000,0.098000,0.087500,0.115500,0.176000,0.383500
0.072500,0.039500,0.044000,0.064500,0.075000,0.057000,0.098000,0.087500,0.115500,0.176000,0.383500
0.072500,0.039500,0.044000,0.064500,0.075000,0.057000,0.098000,0.087500,0.115500,0.176000,0.383500
0.072500,0.039500,0.044000,0.064500,0.075000,0.057000,0.098000,0.087500,0.115500,0.176000,0.383500
0.072500,0.039500,0.044000,0.064500,0.075000,0.057000,0.098000,0.087500,0.115500,0.176000,0.383500
0.072500,0.039500,0.044000,0.064500,0.075000,0.057000,0.098000,0.087500,0.115500,0.176000,0.383500
0.072500,0.039500,0.044000,0.064500,0.075000,0.057000,0.098000,0.087500,0.115500,0.176000,0.383500
0.072500,0.039500,0.044000,0.064500,0.075000,0.057000,0.098000,0.087500,0.115500,0.176000,0.383500
0.072500,0.039500,0.044000,0.064500,0.075000,0.057000,0.098000,0.087500,0.115500,0.176000,0.383500
0.072500,0.039500,0.044000,0.064500,0.075000,0.057000,0.098000,0.087500,0.115500,0.176000,0.383500
0.072500,0.039500,0.044000,0.064500,0.075000,0.057000,0.098000,0.087500,0.115500,0.176000,0.383500
0.072500,0.039500,0.044000,0.064500,0.075000,0.057000,0.098000,0.087500,0.115500,0.176000,0.383500
0.072500,0.039500,0.044000,0.064500,0.075000,0.057000,0.098000,0.087500,0.115500,0.176000,0.383500
0.072500,0.039500,0.044000,0.064500,0.075000,0.057000,0.098000,0.087500,0.115500,0.176000,0.383500
0.072500,0.039500,0.044000,0.064500,0.075000,0.057000,0.098000,0.087500,0.115500,0.176000,0.383500
0.072500,0.039500,0.044000,0.064500,0.075000,0.057000,0.098000,0.087500,0.115500,0.176000,0.383500
0.072500,0.039500,0.044000,0.064500,0.075000,0.057000,0.098000,0.087500,0.115500,0.176000,0.383500
0.072500,0.039500,0.044000,0.064500,0.075000,0.057000,0.098000,0.087500,0.115500,0.176000,0.383500
0.072500,0.039500,0.044000,0.064500,0.075000,0.057000,0.098000,0.087500,0.115500,0.176000,0.383500
0.072500,0.039500,0.044000,0.064500,0.075000,0.057000,0.098000,0.087500,0.115500,0.176000,0.383500
0.072500,0.039500,0.044000,0.064500,0.075000,0.057000,0.098000,0.087500,0.115500,0.176000,0.383500
0.072500,0.039500,0.044000,0.064500,0.075000,0.057000,0.098000,0.087500,0.115500,0.176000,0.383500
0.072500,0.039500,0.044000,0.064500,0.075000,0.057000,0.098000,0.087500,0.115500,0.176000,0.383500
0.072500,0.039500,0.044000,0.064500,0.075000,0.057000,0.098000,0.087500,0.115500,0.176000,0.383500
0.072500,0.039500,0.044000,0.064500,0.075000,0.057000,0.098000,0.087500,0.115500,0.176000,0.383500
0.072500,0.039500,0.044000,0.064500,0.075000,0.057000,0.098000,0.087500,0.115500,0.176000,0.383500
0.072500,0.039500,0.044000,0.064500,0.075000,0.057000,0.098000,0.087500,0.115500,0.176000,0.383500
0.072500,0.039500,0.044000,0.064500,0.075000,0.057000,0.098000,0.087500,0.115500,0.176000,0.383500
0.072500,0.039500,0.044000,0.064500,0.075000,0.057000,0.098000,0.087500,0.115500,0.176000,0.383500
0.072500,0.039500,0.044000,0.064500,0.075000,0.057000,0.098000,0.087500,0.115500,0.176000,0.383500
0.072500,0.039500,0.044000,0.064500,0.075000,0.057000,0.098000,0.087500,0.115500,0.176000,0.383500
0.072500,0.039500,0.044000,0.064500,0.075000,0.057000,0.098000,0.087500,0.115500,0.176000,0.383500
0.072500,0.039500,0.044000,0.064500,0.075000,0.057000,0.098000,0.087500,0.115500,0.176000,0.383500
0.072500,0.039500,0.044000,0.064500,0.075000,0.057000,0.098000,0.087500,0.115500,0.176000,0.383500
0.072500,0.039500,0.044000,0.064500,0.075000,0.057000,0.098000,0.087500,0.115500,0.176000,0.383500
0.072500,0.039500,0.044000,0.064500,0.075000,0.057000,0.098000,0.087500,0.115500,0.176000,0.383500
0.072500,0.039500,0.044000,0.064500,0.075000,0.057000,0.098000,0.087500,0.115500,0.176000,0.383500
0.072500,0.039500,0.044000,0.064500,0.075000,0.057000,0.098000,0.087500,0.115500,0.176000,0.383500
0.072500,0.039500,0.044000,0.064500,0.075000,0.057000,0.098000,0.087500,0.115500,0.176000,0.383500
0.072500,0.039500,0.044000,0.064500,0.075000,0.057000,0.098000,0.087500,0.115500,0.176000,0.383500
0.072500,0.039500,0.044000,0.064500,0.075000,0.057000,0.098000,0.087500,0.115500,0.176000,0.383500
0.072500,0.039500,0.044000,0.064500,0.075000,0.057000,0.098000,0.087500,0.115500,0.176000,0.383500
0.072500,0.039500,0.044000,0.064500,0.075000,0.057000,0.098000,0.087500,0.115500,0.176000,0.383500
0.072500,0.039500,0.044000,0.064500,0.075000,0.057000,0.098000,0.087500,0.115500,0.176000,0.383500
0.072500,0.039500,0.044000,0.064500,0.075000,0.057000,0.098000,0.087500,0.115500,0.176000,0.383500
0.072500,0.039500,0.044000,0.064500,0.075000,0.057000,0.098000,0.087500,0.115500,0.176000,0.383500
0.072500,0.039500,0.044000,0.064500,0.075000,0.057000,0.098000,0.087500,0.115500,0.176000,0.383500
0.072500,0.039500,0.044000,0.064500,0.075000,0.057000,0.098000,0.087500,0.115500,0.176000,0.383500
0.072500,0.039500,0.044000,0.064500,0.075000,0.057000,0.098000,0.087500,0.115500,0.176000,0.383500
0.072500,0.039500,0.044000,0.064500,0.075000,0.057000,0.098000,0.087500,0.115500,0.176000,0.383500
0.072500,0.039500,0.044000,0.064500,0.075000,0.057000,0.098000,0.087500,0.115500,0.176000,0.383500
0.072500,0.039500,0.044000,0.064500,0.075000,0.057000,0.098000,0.087500,0.115500,0.176000,0.383500
0.072500,0.039500,0.044000,0.064500,0.075000,0.057000,0.098000,0.087500,0.115500,0.176000,0.383500
0.072500,0.039500,0.044000,0.064500,0.075000,0.057000,0.098000,0.087500,0.115500,0.176000,0.383500
0.072500,0.039500,0.044000,0.064500,0.075000,0.057000,0.098000,0.087500,0.115500,0.176000,0.383500
0.072500,0.039500,0.044000,0.064500,0.075000,0.057000,0.098000,0.087500,0.115500,0.176000,0.383500
0.072500,0.039500,0.044000,0.064500,0.075000,0.057000,0.098000,0.087500,0.115500,0.176000,0.383500
0.072500,0.039500,0.044000,0.064500,0.075000,0.057000,0.098000,0.087500,0.115500,0.176000,0.383500
0.072500,0.039500,0.044000,0.064500,0.075000,0.057000,0.098000,0.087500,0.115500,0.176000,0.383500
0.072500,0.039500,0.044000,0.064500,0.075000,0.057000,0.098000,0.087500,0.115500,0.176000,0.383500
0.072500,0.039500,0.044000,0.064500,0.075000,0.057000,0.098000,0.087500,0.115500,0.176000,0.383500
0.072500,0.039500,0.044000,0.064500,0.075000,0.057000,0.098000,0.087500,0.115500,0.176000,0.383500
0.072500,0.039500,0.044000,0.064500,0.075000,0.057000,0.098000,0.087500,0.115500,0.176000,0.383500
0.072500,0.039500,0.044000,0.064500,0.075000,0.057000,0.098000,0.087500,0.115500,0.176000,0.383500
0.072500,0.039500,0.044000,0.064500,0.075000,0.057000,0.098000,0.087500,0.115500,0.176000,0.383500
0.072500,0.039500,0.044000,0.064500,0.075000,0.057000,0.098000,0.087500,0.115500,0.176000,0.383500
0.072500,0.039500,0.044000,0.064500,0.075000,0.057000,0.098000,0.087500,0.115500,0.176000,0.383500
0.072500,0.039500,0.044000,0.064500,0.075000,0.057000,0.098000,0.087500,0.115500,0.176000,0.383500
0.072500,0.039500,0.044000,0.064500,0.075000,0.057000,0.098000,0.087500,0.115500,0.176000,0.383500
0.072500,0.039500,0.044000,0.064500,0.075000,0.057000,0.098000,0.087500,0.115500,0.176000,0.383500
0.072500,0.039500,0.044000,0.064500,0.075000,0.057000,0.098000,0.087500,0.115500,0.176000,0.383500
0.072500,0.039500,0.044000,0.064500,0.075000,0.057000,0.098000,0.087500,0.115500,0.176000,0.383500
0.072500,0.039500,0.044000,0.064500,0.075000,0.057000,0.098000,0.087500,0.115500,0.176000,0.383500
0.072500,0.039500,0.044000,0.064500,0.075000,0.057000,0.098000,0.087500,0.115500,0.176000,0.383500
0.072500,0.039500,0.044000,0.064500,0.075000,0.057000,0.098000,0.087500,0.115500,0.176000,0.383500
0.072500,0.039500,0.044000,0.064500,0.075000,0.057000,0.098000,0.087500,0.115500,0.176000,0.383500
0.072500,0.039500,0.044000,0.064500,0.075000,0.057000,0.098000,0.087500,0.115500,0.176000,0.383500
0.072500,0.039500,0.044000,0.064500,0.075000,0.057000,0.098000,0.087500,0.115500,0.176000,0.383500
0.072500,0.039500,0.044000,0.064500,0.075000,0.057000,0.098000,0.087500,0.115500,0.176000,0.383500
0.072500,0.039500,0.044000,0.064500,0.075000,0.057000,0.098000,0.087500,0.115500,0.176000,0.383500
0.072500,0.039500,0.044000,0.064500,0.075000,0.057000,0.098000,0.087500,0.115500,0.176000,0.383500
0.072500,0.039500,0.044000,0.064500,0.075000,0.057000,0.098000,0.087500,0.115500,0.176000,0.383500
0.072500,0.039500,0.044000,0.064500,0.075000,0.057000,0.098000,0.087500,0.115500,0.176000,0.383500
0.072500,0.039500,0.044000,0.064500,0.075000,0.057000,0.098000,0.087500,0.115500,0.176000,0.383500
0.072500,0.039500,0.044000,0.064500,0.075000,0.057000,0.098000,0.087500,0.115500,0.176000,0.383500
0.072500,0.039500,0.044000,0.064500,0.075000,0.057000,0.098000,0.087500,0.115500,0.176000,0.383500
0.072500,0.039500,0.044000,0.064500,0.075000,0.057000,0.098000,0.087500,0.115500,0.176000,0.383500
0.072500,0.039500,0.044000,0.064500,0.075000,0.057000,0.098000,0.087500,0.115500,0.176000,0.383500
0.072500,0.039500,0.044000,0.064500,0.075000,0.057000,0.098000,0.087500,0.115500,0.176000,0.383500
0.072500,0.039500,0.044000,0.064500,0.075000,0.057000,0.098000,0.087500,0.115500,0.176000,0.383500
0.072500,0.039500,0.044000,0.064500,0.075000,0.057000,0.098000,0.087500,0.115500,0.176000,0.383500
0.072500,0.039500,0.044000,0.064500,0.075000,0.057000,0.098000,0.087500,0.115500,0.176000,0.383500
0.072500,0.039500,0.044000,0.064500,0.075000,0.057000,0.098000,0.087500,0.115500,0.176000,0.383500
0.072500,0.039500,0.044000,0.064500,0.075000,0.057000,0.098000,0.087500,0.115500,0.176000,0.383500
0.072500,0.039500,0.044000,0.064500,0.075000,0.057000,0.098000,0.087500,0.115500,0.176000,0.383500
0.072500,0.039500,0.044000,0.064500,0.075000,0.057000,0.098000,0.087500,0.115500,0.176000,0.383500
0.072500,0.039500,0.044000,0.064500,0.075000,0.057000,0.098000,0.087500,0.115500,0.176000,0.383500
0.072500,0.039500,0.044000,0.064500,0.075000,0.057000,0.098000,0.087500,0.115500,0.176000,0.383500
0.072500,0.039500,0.044000,0.064500,0.075000,0.057000,0.098000,0.087500,0.115500,0.176000,0.383500
0.072500,0.039500,0.044000,0.064500,0.075000,0.057000,0.098000,0.087500,0.115500,0.176000,0.383500
0.072500,0.039500,0.044000,0.064500,0.075000,0.057000,0.098000,0.087500,0.115500,0.176000,0.383500
0.072500,0.039500,0.044000,0.064500,0.075000,0.057000,0.098000,0.087500,0.115500,0.176000,0.383500
0.072500,0.039500,0.044000,0.064500,0.075000,0.057000,0.098000,0.087500,0.115500,0.176000,0.383500
0.072500,0.039500,0.044000,0.064500,0.075000,0.057000,0.098000,0.087500,0.115500,0.176000,0.383500
0.072500,0.039500,0.044000,0.064500,0.075000,0.057000,0.098000,0.087500,0.115500,0.176000,0.383500
0.072500,0.039500,0.044000,0.064500,0.075000,0.057000,0.098000,0.087500,0.115500,0.176000,0.383500
0.072500,0.039500,0.044000,0.064500,0.075000,0.057000,0.098000,0.087500,0.115500,0.176000,0.383500
0.072500,0.039500,0.044000,0.064500,0.075000,0.057000,0.098000,0.087500,0.115500,0.176000,0.383500
0.072500,0.039500,0.044000,0.064500,0.075000,0.057000,0.098000,0.087500,0.115500,0.176000,0.383500
0.072500,0.039500,0.044000,0.064500,0.075000,0.057000,0.098000,0.087500,0.115500,0.176000,0.383500
0.072500,0.039500,0.044000,0.064500,0.075000,0.057000,0.098000,0.087500,0.115500,0.176000,0.383500
0.072500,0.039500,0.044000,0.064500,0.075000,0.057000,0.098000,0.087500,0.115500,0.176000,0.383500
0.072500,0.039500,0.044000,0.064500,0.075000,0.057000,0.098000,0.087500,0.115500,0.176000,0.383500
0.072500,0.039500,0.044000,0.064500,0.075000,0.057000,0.098000,0.087500,0.115500,0.176000,0.383500
0.072500,0.039500,0.044000,0.064500,0.075000,0.057000,0.098000,0.087500,0.115500,0.176000,0.383500
0.072500,0.039500,0.044000,0.064500,0.075000,0.057000,0.098000,0.087500,0.115500,0.176000,0.383500
0.072500,0.039500,0.044000,0.064500,0.075000,0.057000,0.098000,0.087500,0.115500,0.176000,0.383500
0.072500,0.039500,0.044000,0.064500,0.075000,0.057000,0.098000,0.087500,0.115500,0.176000,0.383500
0.072500,0.039500,0.044000,0.064500,0.075000,0.057000,0.098000,0.087500,0.115500,0.176000,0.383500
0.072500,0.039500,0.044000,0.064500,0.075000,0.057000,0.098000,0.087500,0.115500,0.176000,0.383500
0.072500,0.039500,0.044000,0.064500,0.075000,0.057000,0.098000,0.087500,0.115500,0.176000,0.383500
0.072500,0.039500,0.044000,0.064500,0.075000,0.057000,0.098000,0.087500,0.115500,0.176000,0.383500
0.072500,0.039500,0.044000,0.064500,0.075000,0.057000,0.098000,0.087500,0.115500,0.176000,0.383500
0.072500,0.039500,0.044000,0.064500,0.075000,0.057000,0.098000,0.087500,0.115500,0.176000,0.383500
0.072500,0.039500,0.044000,0.064500,0.075000,0.057000,0.098000,0.087500,0.115500,0.176000,0.383500
0.072500,0.039500,0.044000,0.064500,0.075000,0.057000,0.098000,0.087500,0.115500,0.176000,0.383500
0.072500,0.039500,0.044000,0.064500,0.075000,0.057000,0.098000,0.087500,0.115500,0.176000,0.383500
0.072500,0.039500,0.044000,0.064500,0.075000,0.057000,0.098000,0.087500,0.115500,0.176000,0.383500
0.072500,0.039500,0.044000,0.064500,0.075000,0.057000,0.098000,0.087500,0.115500,0.176000,0.383500
0.072500,0.039500,0.044000,0.064500,0.075000,0.057000,0.098000,0.087500,0.115500,0.176000,0.383500
0.072500,0.039500,0.044000,0.064500,0.075000,0.057000,0.098000,0.087500,0.115500,0.176000,0.383500
0.072500,0.039500,0.044000,0.064500,0.075000,0.057000,0.098000,0.087500,0.115500,0.176000,0.383500
0.072500,0.039500,0.044000,0.064500,0.075000,0.057000,0.098000,0.087500,0.115500,0.176000,0.383500
0.072500,0.039500,0.044000,0.064500,0.075000,0.057000,0.098000,0.087500,0.115500,0.176000,0.383500
0.072500,0.039500,0.044000,0.064500,0.075000,0.057000,0.098000,0.087500,0.115500,0.176000,0.383500
0.072500,0.039500,0.044000,0.064500,0.075000,0.057000,0.098000,0.087500,0.115500,0.176000,0.383500
0.072500,0.039500,0.044000,0.064500,0.075000,0.057000,0.098000,0.087500,0.115500,0.176000,0.383500
0.072500,0.039500,0.044000,0.064500,0.075000,0.057000,0.098000,0.087500,0.115500,0.176000,0.383500
0.072500,0.039500,0.044000,0.064500,0.075000,0.057000,0.098000,0.087500,0.115500,0.176000,0.383500
0.072500,0.039500,0.044000,0.064500,0.075000,0.057000,0.098000,0.087500,0.115500,0.176000,0.383500
0.072500,0.039500,0.044000,0.064500,0.075000,0.057000,0.098000,0.087500,0.115500,0.176000,0.383500
0.072500,0.039500,0.044000,0.064500,0.075000,0.057000,0.098000,0.087500,0.115500,0.176000,0.383500
0.072500,0.039500,0.044000,0.064500,0.075000,0.057000,0.098000,0.087500,0.115500,0.176000,0.383500
0.072500,0.039500,0.044000,0.064500,0.075000,0.057000,0.098000,0.087500,0.115500,0.176000,0.383500
0.072500,0.039500,0.044000,0.064500,0.075000,0.057000,0.098000,0.087500,0.115500,0.176000,0.383500
0.072500,0.039500,0.044000,0.064500,0.075000,0.057000,0.098000,0.087500,0.115500,0.176000,0.383500
0.072500,0.039500,0.044000,0.064500,0.075000,0.057000,0.098000,0.087500,0.115500,0.176000,0.383500
0.072500,0.039500,0.044000,0.064500,0.075000,0.057000,0.098000,0.087500,0.115500,0.176000,0.383500
0.072500,0.039500,0.044000,0.064500,0.075000,0.057000,0.098000,0.087500,0.115500,0.176000,0.383500
0.072500,0.039500,0.044000,0.064500,0.075000,0.057000,0.098000,0.087500,0.115500,0.176000,0.383500
0.072500,0.039500,0.044000,0.064500,0.075000,0.057000,0.098000,0.087500,0.115500,0.176000,0.383500
0.072500,0.039500,0.044000,0.064500,0.075000,0.057000,0.098000,0.087500,0.115500,0.176000,0.383500
0.072500,0.039500,0.044000,0.064500,0.075000,0.057000,0.098000,0.087500,0.115500,0.176000,0.383500
0.072500,0.039500,0.044000,0.064500,0.075000,0.057000,0.098000,0.087500,0.115500,0.176000,0.383500
0.072500,0.039500,0.044000,0.064500,0.075000,0.057000,0.098000,0.087500,0.115500,0.176000,0.383500
0.072500,0.039500,0.044000,0.064500,0.075000,0.057000,0.098000,0.087500,0.115500,0.176000,0.383500
0.072500,0.039500,0.044000,0.064500,0.075000,0.057000,0.098000,0.087500,0.115500,0.176000,0.383500
0.072500,0.039500,0.044000,0.064500,0.075000,0.057000,0.098000,0.087500,0.115500,0.176000,0.383500
0.072500,0.039500,0.044000,0.064500,0.075000,0.057000,0.098000,0.087500,0.115500,0.176000,0.383500
0.072500,0.039500,0.044000,0.064500,0.075000,0.057000,0.098000,0.087500,0.115500,0.176000,0.383500
0.072500,0.039500,0.044000,0.064500,0.075000,0.057000,0.098000,0.087500,0.115500,0.176000,0.383500
0.072500,0.039500,0.044000,0.064500,0.075000,0.057000,0.098000,0.087500,0.115500,0.176000,0.383500
0.072500,0.039500,0.044000,0.064500,0.075000,0.057000,0.098000,0.087500,0.115500,0.176000,0.383500
0.072500,0.039500,0.044000,0.064500,0.075000,0.057000,0.098000,0.087500,0.115500,0.176000,0.383500
0.072500,0.039500,0.044000,0.064500,0.075000,0.057000,0.098000,0.087500,0.115500,0.176000,0.383500
0.072500,0.039500,0.044000,0.064500,0.075000,0.057000,0.098000,0.087500,0.115500,0.176000,0.383500
0.072500,0.039500,0.044000,0.064500,0.075000,0.057000,0.098000,0.087500,0.115500,0.176000,0.383500
0.072500,0.039500,0.044000,0.064500,0.075000,0.057000,0.098000,0.087500,0.115500,0.176000,0.383500
0.072500,0.039500,0.044000,0.064500,0.075000,0.057000,0.098000,0.087500,0.115500,0.176000,0.383500
0.072500,0.039500,0.044000,0.064500,0.075000,0.057000,0.098000,0.087500,0.115500,0.176000,0.383500
0.072500,0.039500,0.044000,0.064500,0.075000,0.057000,0.098000,0.087500,0.115500,0.176000,0.383500
0.072500,0.039500,0.044000,0.064500,0.075000,0.057000,0.098000,0.087500,0.115500,0.176000,0.383500
0.072500,0.039500,0.044000,0.064500,0.075000,0.057000,0.098000,0.087500,0.115500,0.176000,0.383500
0.072500,0.039500,0.044000,0.064500,0.075000,0.057000,0.098000,0.087500,0.115500,0.176000,0.383500
0.072500,0.039500,0.044000,0.064500,0.075000,0.057000,0.098000,0.087500,0.115500,0.176000,0.383500
0.072500,0.039500,0.044000,0.064500,0.075000,0.057000,0.098000,0.087500,0.115500,0.176000,0.383500
0.072500,0.039500,0.044000,0.064500,0.075000,0.057000,0.098000,0.087500,0.115500,0.176000,0.383500
0.072500,0.039500,0.044000,0.064500,0.075000,0.057000,0.098000,0.087500,0.115500,0.176000,0.383500
0.072500,0.039500,0.044000,0.064500,0.075000,0.057000,0.098000,0.087500,0.115500,0.176000,0.383500
0.072500,0.039500,0.044000,0.064500,0.075000,0.057000,0.098000,0.087500,0.115500,0.176000,0.383500
0.072500,0.039500,0.044000,0.064500,0.075000,0.057000,0.098000,0.087500,0.115500,0.176000,0.383500
0.072500,0.039500,0.044000,0.064500,0.075000,0.057000,0.098000,0.087500,0.115500,0.176000,0.383500
0.072500,0.039500,0.044000,0.064500,0.075000,0.057000,0.098000,0.087500,0.115500,0.176000,0.383500
0.072500,0.039500,0.044000,0.064500,0.075000,0.057000,0.098000,0.087500,0.115500,0.176000,0.383500
0.072500,0.039500,0.044000,0.064500,0.075000,0.057000,0.098000,0.087500,0.115500,0.176000,0.383500
0.072500,0.039500,0.044000,0.064500,0.075000,0.057000,0.098000,0.087500,0.115500,0.176000,0.383500
0.072500,0.039500,0.044000,0.064500,0.075000,0.057000,0.098000,0.087500,0.115500,0.176000,0.383500
0.072500,0.039500,0.044000,0.064500,0.075000,0.057000,0.098000,0.087500,0.115500,0.176000,0.383500
0.072500,0.039500,0.044000,0.064500,0.075000,0.057000,0.098000,0.087500,0.115500,0.176000,0.383500
0.072500,0.039500,0.044000,0.064500,0.075000,0.057000,0.098000,0.087500,0.115500,0.176000,0.383500
0.072500,0.039500,0.044000,0.064500,0.075000,0.057000,0.098000,0.087500,0.115500,0.176000,0.383500
0.072500,0.039500,0.044000,0.064500,0.075000,0.057000,0.098000,0.087500,0.115500,0.176000,0.383500
0.072500,0.039500,0.044000,0.064500,0.075000,0.057000,0.098000,0.087500,0.115500,0.176000,0.383500
0.072500,0.039500,0.044000,0.064500,0.075000,0.057000,0.098000,0.087500,0.115500,0.176000,0.383500
0.072500,0.039500,0.044000,0.064500,0.075000,0.057000,0.098000,0.087500,0.115500,0.176000,0.383500
0.072500,0.039500,0.044000,0.064500,0.075000,0.057000,0.098000,0.087500,0.115500,0.176000,0.383500
0.072500,0.039500,0.044000,0.064500,0.075000,0.057000,0.098000,0.087500,0.115500,0.176000,0.383500
0.072500,0.039500,0.044000,0.064500,0.075000,0.057000,0.098000,0.087500,0.115500,0.176000,0.383500
0.072500,0.039500,0.044000,0.064500,0.075000,0.057000,0.098000,0.087500,0.115500,0.176000,0.383500
0.072500,0.039500,0.044000,0.064500,0.075000,0.057000,0.098000,0.087500,0.115500,0.176000,0.383500
0.072500,0.039500,0.044000,0.064500,0.075000,0.057000,0.098000,0.087500,0.115500,0.176000,0.383500
0.072500,0.039500,0.044000,0.064500,0.075000,0.057000,0.098000,0.087500,0.115500,0.176000,0.383500
0.072500,0.039500,0.044000,0.064500,0.075000,0.057000,0.098000,0.087500,0.115500,0.176000,0.383500
0.072500,0.039500,0.044000,0.064500,0.075000,0.057000,0.098000,0.087500,0.115500,0.176000,0.383500
0.072500,0.039500,0.044000,0.064500,0.075000,0.057000,0.098000,0.087500,0.115500,0.176000,0.383500
0.072500,0.039500,0.044000,0.064500,0.075000,0.057000,0.098000,0.087500,0.115500,0.176000,0.383500
0.072500,0.039500,0.044000,0.064500,0.075000,0.057000,0.098000,0.087500,0.115500,0.176000,0.383500
0.072500,0.039500,0.044000,0.064500,0.075000,0.057000,0.098000,0.087500,0.115500,0.176000,0.383500
0.072500,0.039500,0.044000,0.064500,0.075000,0.057000,0.098000,0.087500,0.115500,0.176000,0.383500
0.072500,0.039500,0.044000,0.064500,0.075000,0.057000,0.098000,0.087500,0.115500,0.176000,0.383500
0.072500,0.039500,0.044000,0.064500,0.075000,0.057000,0.098000,0.087500,0.115500,0.176000,0.383500
0.072500,0.039500,0.044000,0.064500,0.075000,0.057000,0.098000,0.087500,0.115500,0.176000,0.383500
0.072500,0.039500,0.044000,0.064500,0.075000,0.057000,0.098000,0.087500,0.115500,0.176000,0.383500
0.072500,0.039500,0.044000,0.064500,0.075000,0.057000,0.098000,0.087500,0.115500,0.176000,0.383500
0.072500,0.039500,0.044000,0.064500,0.075000,0.057000,0.098000,0.087500,0.115500,0.176000,0.383500
0.072500,0.039500,0.044000,0.064500,0.075000,0.057000,0.098000,0.087500,0.115500,0.176000,0.383500
0.072500,0.039500,0.044000,0.064500,0.075000,0.057000,0.098000,0.087500,0.115500,0.176000,0.383500
0.072500,0.039500,0.044000,0.064500,0.075000,0.057000,0.098000,0.087500,0.115500,0.176000,0.383500
0.072500,0.039500,0.044000,0.064500,0.075000,0.057000,0.098000,0.087500,0.115500,0.176000,0.383500
0.072500,0.039500,0.044000,0.064500,0.075000,0.057000,0.098000,0.087500,0.115500,0.176000,0.383500
0.072500,0.039500,0.044000,0.064500,0.075000,0.057000,0.098000,0.087500,0.115500,0.176000,0.383500
0.072500,0.039500,0.044000,0.064500,0.075000,0.057000,0.098000,0.087500,0.115500,0.176000,0.383500
0.072500,0.039500,0.044000,0.064500,0.075000,0.057000,0.098000,0.087500,0.115500,0.176000,0.383500
0.072500,0.039500,0.044000,0.064500,0.075000,0.057000,0.098000,0.087500,0.115500,0.176000,0.383500
0.072500,0.039500,0.044000,0.064500,0.075000,0.057000,0.098000,0.087500,0.115500,0.176000,0.383500
0.072500,0.039500,0.044000,0.064500,0.075000,0.057000,0.098000,0.087500,0.115500,0.176000,0.383500
0.072500,0.039500,0.044000,0.064500,0.075000,0.057000,0.098000,0.087500,0.115500,0.176000,0.383500
0.072500,0.039500,0.044000,0.064500,0.075000,0.057000,0.098000,0.087500,0.115500,0.176000,0.383500
0.072500,0.039500,0.044000,0.064500,0.075000,0.057000,0.098000,0.087500,0.115500,0.176000,0.383500
0.072500,0.039500,0.044000,0.064500,0.075000,0.057000,0.098000,0.087500,0.115500,0.176000,0.383500
0.072500,0.039500,0.044000,0.064500,0.075000,0.057000,0.098000,0.087500,0.115500,0.176000,0.383500
0.072500,0.039500,0.044000,0.064500,0.075000,0.057000,0.098000,0.087500,0.115500,0.176000,0.383500
0.072500,0.039500,0.044000,0.064500,0.075000,0.057000,0.098000,0.087500,0.115500,0.176000,0.383500
0.072500,0.039500,0.044000,1.443687,0.075000,0.057000,0.098000,0.087500,0.447438,0.176000,0.383500
0.072500,0.039500,0.044000,2.822874,0.075000,0.057000,0.098000,1.248824,0.779376,0.176000,0.383500
0.072500,0.039500,0.044000,4.202062,0.075000,0.773852,0.098000,2.410149,1.111314,0.176000,0.383500
0.072500,0.039500,0.044000,2.822874,0.075000,1.490705,0.098000,3.571473,0.779376,0.176000,0.383500
0.072500,0.039500,0.044000,1.443687,0.075000,2.207557,0.098000,2.410149,0.447438,0.176000,0.383500
0.072500,0.039500,0.044000,0.064500,0.075000,1.490705,0.098000,1.248824,0.115500,0.176000,0.383500
0.072500,0.039500,0.044000,0.064500,0.075000,0.773852,0.098000,0.087500,0.115500,0.176000,0.383500
0.072500,0.039500,0.044000,0.064500,0.075000,0.057000,0.349295,0.087500,0.115500,0.176000,0.383500
0.072500,0.039500,0.044000,0.064500,0.075000,0.057000,0.600590,0.087500,0.115500,0.176000,0.383500
0.072500,0.039500,0.044000,0.064500,0.075000,0.057000,0.851885,0.087500,0.115500,0.176000,0.383500
0.072500,0.039500,0.044000,0.064500,0.075000,0.057000,0.600590,0.087500,0.115500,0.176000,0.383500
0.072500,0.039500,0.044000,0.064500,0.075000,0.057000,0.349295,0.087500,0.115500,0.176000,0.383500
0.072500,0.039500,0.044000,0.064500,0.075000,0.057000,0.098000,0.087500,0.115500,0.176000,0.383500
0.072500,0.062746,0.044000,0.064500,0.075000,0.057000,0.098000,0.087500,0.115500,0.176000,0.383500
0.072500,0.085992,0.044000,0.064500,0.075000,0.057000,0.098000,0.087500,0.115500,0.176000,0.383500
0.072500,0.109238,0.044000,0.064500,0.075000,0.057000,0.098000,0.087500,0.115500,0.176000,0.383500
0.072500,0.085992,0.044000,0.064500,0.075000,0.057000,0.098000,0.087500,0.115500,0.176000,0.383500
0.072500,0.062746,0.044000,0.064500,0.075000,0.057000,0.098000,0.087500,0.115500,0.176000,0.383500
0.072500,0.039500,0.044000,0.064500,0.075000,0.057000,0.098000,0.087500,0.115500,0.176000,1.395398
0.072500,0.039500,0.044000,0.064500,0.075000,0.057000,0.098000,0.087500,0.115500,0.176000,2.407296
0.072500,0.039500,0.044000,0.064500,0.075000,0.057000,0.098000,0.087500,0.115500,0.176000,3.419195
0.072500,0.039500,0.044000,0.064500,0.075000,0.057000,0.098000,0.087500,0.115500,0.176000,4.431093
0.072500,0.039500,0.044000,0.064500,0.075000,0.057000,0.098000,0.087500,0.115500,0.176000,3.419195
0.072500,0.039500,0.044000,0.064500,0.075000,0.057000,0.098000,0.087500,0.115500,0.176000,2.407296
0.072500,0.039500,0.044000,0.064500,0.075000,0.057000,0.098000,0.087500,0.115500,0.176000,1.395398
0.072500,0.039500,0.044000,0.064500,0.075000,0.057000,0.098000,0.087500,0.115500,0.176000,0.383500
0.072500,0.039500,0.044000,0.064500,0.075000,0.057000,0.098000,0.087500,0.115500,0.176000,0.383500
0.072500,0.039500,0.044000,0.064500,0.075000,0.057000,0.098000,0.087500,0.115500,0.176000,0.383500
0.072500,0.039500,0.044000,0.064500,0.075000,0.057000,0.098000,0.087500,0.115500,0.176000,0.383500
0.072500,0.039500,0.044000,0.064500,0.075000,0.057000,0.098000,0.087500,0.115500,0.176000,0.383500
0.072500,0.039500,0.044000,0.064500,0.075000,0.057000,0.098000,0.087500,0.115500,0.176000,0.383500
0.072500,0.039500,0.044000,0.064500,0.075000,0.057000,0.098000,0.087500,0.115500,0.176000,0.383500
0.072500,0.039500,0.044000,0.064500,0.075000,0.057000,0.098000,0.087500,0.115500,0.176000,0.383500
0.072500,0.039500,0.044000,0.064500,0.075000,0.057000,0.098000,0.087500,0.115500,0.176000,0.383500
0.072500,0.039500,0.044000,0.064500,0.075000,0.057000,0.098000,0.087500,0.115500,0.176000,0.383500
0.072500,0.039500,0.044000,0.064500,0.075000,0.057000,0.098000,0.087500,0.115500,0.176000,0.383500
0.072500,0.039500,0.044000,0.064500,0.075000,0.057000,0.098000,0.087500,0.115500,0.176000,0.383500
0.072500,0.039500,0.123867,0.064500,0.075000,0.057000,0.098000,0.087500,0.115500,0.176000,0.383500
0.072500,0.039500,0.203733,0.064500,0.075000,0.057000,0.098000,0.087500,0.115500,0.176000,0.383500
0.072500,0.039500,0.283600,0.064500,0.517612,0.057000,0.098000,0.087500,0.115500,0.176000,0.383500
0.072500,0.039500,0.203733,0.064500,0.960225,0.057000,0.098000,0.087500,0.115500,0.176000,0.383500
0.072500,0.039500,0.123867,0.064500,1.402837,0.057000,0.098000,0.087500,0.115500,0.176000,0.383500
0.072500,0.039500,0.044000,0.064500,0.960225,0.057000,0.098000,0.087500,0.115500,2.509136,0.383500
0.072500,0.039500,0.044000,0.064500,0.517612,0.057000,0.098000,0.087500,0.115500,4.842272,0.383500
0.072500,0.039500,0.044000,0.064500,0.075000,0.057000,0.098000,0.087500,0.115500,7.175407,0.383500
0.072500,0.039500,0.044000,0.064500,0.075000,0.057000,0.098000,0.087500,0.115500,4.842272,0.383500
0.072500,0.039500,0.044000,0.064500,0.075000,0.057000,0.098000,0.087500,0.115500,2.509136,0.383500
0.072500,0.039500,0.044000,0.064500,0.075000,0.057000,0.098000,0.087500,0.115500,0.176000,0.383500
0.072500,0.039500,0.044000,0.064500,0.075000,0.057000,0.098000,0.087500,0.115500,0.176000,0.383500
0.072500,0.039500,0.044000,0.064500,0.075000,0.057000,0.098000,0.087500,0.115500,0.176000,0.383500
0.072500,0.039500,0.044000,0.064500,0.075000,0.057000,0.098000,0.087500,0.115500,0.176000,0.383500
0.072500,0.039500,0.044000,0.064500,0.075000,0.057000,0.098000,0.087500,0.115500,0.176000,0.383500
0.072500,0.039500,0.044000,0.064500,0.075000,0.057000,0.098000,0.087500,0.115500,0.176000,0.383500
0.072500,0.039500,0.044000,0.064500,0.075000,0.057000,0.098000,0.087500,0.115500,0.176000,0.383500
0.072500,0.039500,0.044000,0.064500,0.075000,0.057000,0.098000,0.087500,0.115500,0.176000,0.383500
0.072500,0.039500,0.044000,0.064500,0.075000,0.057000,0.098000,0.087500,0.115500,0.176000,0.383500
0.072500,0.039500,0.044000,0.064500,0.075000,0.057000,0.098000,0.087500,0.115500,0.176000,0.383500
0.072500,0.039500,0.044000,0.064500,0.075000,0.057000,0.098000,0.087500,0.115500,0.176000,0.383500
0.072500,0.039500,0.044000,0.064500,0.075000,0.057000,0.098000,0.087500,0.115500,0.176000,0.383500
0.072500,0.039500,0.044000,0.064500,0.075000,0.057000,0.098000,0.087500,0.115500,0.176000,0.383500
0.072500,0.039500,0.044000,0.064500,0.075000,0.057000,0.098000,0.087500,0.115500,0.176000,0.383500
0.072500,0.039500,0.044000,0.064500,0.075000,0.057000,0.098000,0.087500,0.115500,0.176000,0.383500
0.072500,0.039500,0.044000,0.064500,0.075000,0.057000,0.098000,0.087500,0.115500,0.176000,0.383500
0.072500,0.039500,0.044000,0.064500,0.075000,0.057000,0.098000,0.087500,0.115500,0.176000,0.383500
0.072500,0.039500,0.044000,0.064500,0.075000,0.057000,0.098000,0.087500,0.115500,0.176000,0.383500
0.072500,0.039500,0.044000,0.064500,0.075000,0.057000,0.098000,0.087500,0.115500,0.176000,0.383500
0.072500,0.039500,0.044000,0.064500,0.075000,0.057000,0.098000,0.087500,0.115500,0.176000,0.383500
0.072500,0.039500,0.044000,0.064500,0.075000,0.057000,0.098000,0.087500,0.115500,0.176000,0.383500
0.072500,0.039500,0.044000,0.064500,0.075000,0.057000,0.098000,0.087500,0.115500,0.176000,0.383500
0.072500,0.039500,0.044000,0.064500,0.075000,0.057000,0.098000,0.087500,0.115500,0.176000,0.383500
0.072500,0.039500,0.044000,0.064500,0.075000,0.057000,0.098000,0.087500,0.115500,0.176000,0.383500
0.072500,0.039500,0.044000,0.064500,0.075000,0.057000,0.098000,0.087500,0.115500,0.176000,0.383500
0.072500,0.039500,0.044000,0.064500,0.075000,0.057000,0.098000,0.087500,0.115500,0.176000,0.383500
0.072500,0.039500,0.044000,0.064500,0.075000,0.057000,0.098000,0.087500,0.115500,0.176000,0.383500
0.072500,0.039500,0.044000,0.064500,0.075000,0.057000,0.098000,0.087500,0.115500,0.176000,0.383500
0.072500,0.039500,0.044000,0.064500,0.075000,0.057000,0.098000,0.087500,0.115500,0.176000,0.383500
0.072500,0.039500,0.044000,0.064500,0.075000,0.057000,0.098000,0.087500,0.115500,0.176000,0.383500
0.072500,0.039500,0.044000,0.064500,0.075000,0.057000,0.098000,0.087500,0.115500,0.176000,0.383500
0.072500,0.039500,0.044000,0.064500,0.075000,0.057000,0.098000,0.087500,0.115500,0.176000,0.383500
0.072500,0.039500,0.044000,0.064500,0.075000,0.057000,0.098000,0.087500,0.115500,0.176000,0.383500
0.072500,0.039500,0.044000,0.064500,0.075000,0.057000,0.098000,0.087500,0.115500,0.176000,0.383500
0.072500,0.039500,0.044000,0.064500,0.075000,0.057000,0.098000,0.087500,0.115500,0.176000,0.383500
0.072500,0.039500,0.044000,0.064500,0.075000,0.057000,0.098000,0.087500,0.115500,0.176000,0.383500
0.072500,0.039500,0.044000,0.064500,0.075000,0.057000,0.098000,0.087500,0.115500,0.176000,0.383500
0.072500,0.039500,0.044000,0.064500,0.075000,0.057000,0.098000,0.087500,0.115500,0.176000,0.383500
0.072500,0.039500,0.044000,0.064500,0.075000,0.057000,0.098000,0.087500,0.115500,0.176000,0.383500
0.072500,0.039500,0.044000,0.064500,0.075000,0.057000,0.098000,0.087500,0.115500,0.176000,0.383500
0.072500,0.039500,0.044000,0.064500,0.075000,0.057000,0.098000,0.087500,0.115500,0.176000,0.383500
0.072500,0.039500,0.044000,0.064500,0.075000,0.057000,0.098000,0.087500,0.115500,0.176000,0.383500
0.072500,0.039500,0.044000,0.064500,0.075000,0.057000,0.098000,0.087500,0.115500,0.176000,0.383500
0.072500,0.039500,0.044000,0.064500,0.075000,0.057000,0.098000,0.087500,0.115500,0.176000,0.383500
0.072500,0.039500,0.044000,0.064500,0.075000,0.057000,0.098000,0.087500,0.115500,0.176000,0.383500
0.072500,0.039500,0.044000,0.064500,0.075000,0.057000,0.098000,0.087500,0.115500,0.176000,0.383500
0.072500,0.039500,0.044000,0.064500,0.075000,0.057000,0.098000,0.087500,0.115500,0.176000,0.383500
0.072500,0.039500,0.044000,0.064500,0.075000,0.057000,0.098000,0.087500,0.115500,0.176000,0.383500
0.072500,0.039500,0.044000,0.064500,0.075000,0.057000,0.098000,0.087500,0.115500,0.176000,0.383500
0.072500,0.039500,0.044000,0.064500,0.075000,0.057000,0.098000,0.087500,0.115500,0.176000,0.383500
0.072500,0.039500,0.044000,0.064500,0.075000,0.057000,0.098000,0.087500,0.115500,0.176000,0.383500
0.072500,0.039500,0.044000,0.064500,0.075000,0.057000,0.098000,0.087500,0.115500,0.176000,0.383500
0.072500,0.039500,0.044000,0.064500,0.075000,0.057000,0.098000,0.087500,0.115500,0.176000,0.383500
0.072500,0.039500,0.044000,0.064500,0.075000,0.057000,0.098000,0.087500,0.115500,0.176000,0.383500
0.072500,0.039500,0.044000,0.064500,0.075000,0.057000,0.098000,0.087500,0.115500,0.176000,0.383500
0.072500,0.039500,0.044000,0.064500,0.075000,0.057000,0.098000,0.087500,0.115500,0.176000,0.383500
0.072500,0.039500,0.044000,0.064500,0.075000,0.057000,0.098000,0.087500,0.115500,0.176000,0.383500
0.072500,0.039500,0.044000,0.064500,0.075000,0.057000,0.098000,0.087500,0.115500,0.176000,0.383500
0.072500,0.039500,0.044000,0.064500,0.075000,0.057000,0.098000,0.087500,0.115500,0.176000,0.383500
0.072500,0.039500,0.044000,0.064500,0.075000,0.057000,0.098000,0.087500,0.115500,0.176000,0.383500
0.072500,0.039500,0.044000,0.064500,0.075000,0.057000,0.098000,0.087500,0.115500,0.176000,0.383500
0.072500,0.039500,0.044000,0.064500,0.075000,0.057000,0.098000,0.087500,0.115500,0.176000,0.383500
0.072500,0.039500,0.044000,0.064500,0.075000,0.057000,0.098000,0.087500,0.115500,0.176000,0.383500
0.072500,0.039500,0.044000,0.064500,0.075000,0.057000,0.098000,0.087500,0.115500,0.176000,0.383500
0.072500,0.039500,0.044000,0.064500,0.075000,0.057000,0.098000,0.087500,0.115500,0.176000,0.383500
0.072500,0.039500,0.044000,0.064500,0.075000,0.057000,0.098000,0.087500,0.115500,0.176000,0.383500
0.072500,0.039500,0.044000,0.064500,0.075000,0.057000,0.098000,0.087500,0.115500,0.176000,0.383500
0.072500,0.039500,0.044000,0.064500,0.075000,0.057000,0.098000,0.087500,0.115500,0.176000,0.383500
0.072500,0.039500,0.044000,0.064500,0.075000,0.057000,0.098000,0.087500,0.115500,0.176000,0.383500
0.072500,0.039500,0.044000,0.064500,0.075000,0.057000,0.098000,0.087500,0.115500,0.176000,0.383500
0.072500,0.039500,0.044000,0.064500,0.075000,0.057000,0.098000,0.087500,0.115500,0.176000,0.383500
0.072500,0.039500,0.044000,0.064500,0.075000,0.057000,0.098000,0.087500,0.115500,0.176000,0.383500
0.072500,0.039500,0.044000,0.064500,0.075000,0.057000,0.098000,0.087500,0.115500,0.176000,0.383500
0.072500,0.039500,0.044000,0.064500,0.075000,0.057000,0.098000,0.087500,0.115500,0.176000,0.383500
0.072500,0.039500,0.044000,0.064500,0.075000,0.057000,0.098000,0.087500,0.115500,0.176000,0.383500
0.072500,0.039500,0.044000,0.064500,0.075000,0.057000,0.098000,0.087500,0.115500,0.176000,0.383500
0.072500,0.039500,0.044000,0.064500,0.075000,0.057000,0.098000,0.087500,0.115500,0.176000,0.383500
0.072500,0.039500,0.044000,0.064500,0.075000,0.057000,0.098000,0.087500,0.115500,0.176000,0.383500
0.072500,0.039500,0.044000,0.064500,0.075000,0.057000,0.098000,0.087500,0.115500,0.176000,0.383500
0.072500,0.039500,0.044000,0.064500,0.075000,0.057000,0.098000,0.087500,0.115500,0.176000,0.383500
0.072500,0.039500,0.044000,0.064500,0.075000,0.057000,0.098000,0.087500,0.115500,0.176000,0.383500
0.072500,0.039500,0.044000,0.064500,0.075000,0.057000,0.098000,0.087500,0.115500,0.176000,0.383500
0.072500,0.039500,0.044000,0.064500,0.075000,0.057000,0.098000,0.087500,0.115500,0.176000,0.383500
0.072500,0.039500,0.044000,0.064500,0.075000,0.057000,0.098000,0.087500,0.115500,0.176000,0.383500
0.072500,0.039500,0.044000,0.064500,0.075000,0.057000,0.098000,0.087500,0.115500,0.176000,0.383500
0.072500,0.039500,0.044000,0.064500,0.075000,0.057000,0.098000,0.087500,0.115500,0.176000,0.383500
0.072500,0.039500,0.044000,0.064500,0.075000,0.057000,0.098000,0.087500,0.115500,0.176000,0.383500
0.072500,0.039500,0.044000,0.064500,0.075000,0.057000,0.098000,0.087500,0.115500,0.176000,0.383500
0.072500,0.039500,0.044000,0.064500,0.075000,0.057000,0.098000,0.087500,0.115500,0.176000,0.383500
0.072500,0.039500,0.044000,0.064500,0.075000,0.057000,0.098000,0.087500,0.115500,0.176000,0.383500
0.072500,0.039500,0.044000,0.064500,0.075000,0.057000,0.098000,0.087500,0.115500,0.176000,0.383500
0.072500,0.039500,0.044000,0.064500,0.075000,0.057000,0.098000,0.087500,0.115500,0.176000,0.383500
0.072500,0.039500,0.044000,0.064500,0.075000,0.057000,0.098000,0.087500,0.115500,0.176000,0.383500
0.072500,0.039500,0.044000,0.064500,0.075000,0.057000,0.098000,0.087500,0.115500,0.176000,0.383500
0.072500,0.039500,0.044000,0.064500,0.075000,0.057000,0.098000,0.087500,0.115500,0.176000,0.383500
0.072500,0.039500,0.044000,0.064500,0.075000,0.057000,0.098000,0.087500,0.115500,0.176000,0.383500
0.072500,0.039500,0.044000,0.064500,0.075000,0.057000,0.098000,0.087500,0.115500,0.176000,0.383500
0.072500,0.039500,0.044000,0.064500,0.075000,0.057000,0.098000,0.087500,0.115500,0.176000,0.383500
0.072500,0.039500,0.044000,0.064500,0.075000,0.057000,0.098000,0.087500,0.115500,0.176000,0.383500
0.072500,0.039500,0.044000,0.064500,0.075000,0.057000,0.098000,0.087500,0.115500,0.176000,0.383500
0.072500,0.039500,0.044000,0.064500,0.075000,0.057000,0.098000,0.087500,0.115500,0.176000,0.383500
0.072500,0.039500,0.044000,0.064500,0.075000,0.057000,0.098000,0.087500,0.115500,0.176000,0.383500
0.072500,0.039500,0.044000,0.064500,0.075000,0.057000,0.098000,0.087500,0.115500,0.176000,0.383500
0.072500,0.039500,0.044000,0.064500,0.075000,0.057000,0.098000,0.087500,0.115500,0.176000,0.383500
0.072500,0.039500,0.044000,0.064500,0.075000,0.057000,0.098000,0.087500,0.115500,0.176000,0.383500
0.072500,0.039500,0.044000,0.064500,0.075000,0.057000,0.098000,0.087500,0.115500,0.176000,0.383500
0.072500,0.039500,0.044000,0.064500,0.075000,0.057000,0.098000,0.087500,0.115500,0.176000,0.383500
0.072500,0.039500,0.044000,0.064500,0.075000,0.057000,0.098000,0.087500,0.115500,0.176000,0.383500
0.072500,0.039500,0.044000,0.064500,0.075000,0.057000,0.098000,0.087500,0.115500,0.176000,0.383500
0.072500,0.039500,0.044000,0.064500,0.075000,0.057000,0.098000,0.087500,0.115500,0.176000,0.383500
0.072500,0.039500,0.044000,0.064500,0.075000,0.057000,0.098000,0.087500,0.115500,0.176000,0.383500
0.072500,0.039500,0.044000,0.064500,0.075000,0.057000,0.098000,0.087500,0.115500,0.176000,0.383500
0.072500,0.039500,0.044000,0.064500,0.075000,0.057000,0.098000,0.087500,0.115500,0.176000,0.383500
0.072500,0.039500,0.044000,0.064500,0.075000,0.057000,0.098000,0.087500,0.115500,0.176000,0.383500
0.072500,0.039500,0.044000,0.064500,0.075000,0.057000,0.098000,0.087500,0.115500,0.176000,0.383500
0.072500,0.039500,0.044000,0.064500,0.075000,0.057000,0.098000,0.087500,0.115500,0.176000,0.383500
0.072500,0.039500,0.044000,0.064500,0.075000,0.057000,0.098000,0.087500,0.115500,0.176000,0.383500
0.072500,0.039500,0.044000,0.064500,0.075000,0.057000,0.098000,0.087500,0.115500,0.176000,0.383500
0.072500,0.039500,0.044000,0.064500,0.075000,0.057000,0.098000,0.087500,0.115500,0.176000,0.383500
0.072500,0.039500,0.044000,0.064500,0.075000,0.057000,0.098000,0.087500,0.115500,0.176000,0.383500
0.072500,0.039500,0.044000,0.064500,0.075000,0.057000,0.098000,0.087500,0.115500,0.176000,0.383500
0.072500,0.039500,0.044000,0.064500,0.075000,0.057000,0.098000,0.087500,0.115500,0.176000,0.383500
0.072500,0.039500,0.044000,0.064500,0.075000,0.057000,0.098000,0.087500,0.115500,0.176000,0.383500
0.072500,0.039500,0.044000,0.064500,0.075000,0.057000,0.098000,0.087500,0.115500,0.176000,0.383500
0.072500,0.039500,0.044000,0.064500,0.075000,0.057000,0.098000,0.087500,0.115500,0.176000,0.383500
0.072500,0.039500,0.044000,0.064500,0.075000,0.057000,0.098000,0.087500,0.115500,0.176000,0.383500
0.072500,0.039500,0.044000,0.064500,0.075000,0.057000,0.098000,0.087500,0.115500,0.176000,0.383500
0.072500,0.039500,0.044000,0.064500,0.075000,0.057000,0.098000,0.087500,0.115500,0.176000,0.383500
0.072500,0.039500,0.044000,0.064500,0.075000,0.057000,0.098000,0.087500,0.115500,0.176000,0.383500
0.072500,0.039500,0.044000,0.064500,0.075000,0.057000,0.098000,0.087500,0.115500,0.176000,0.383500
0.072500,0.039500,0.044000,0.064500,0.075000,0.057000,0.098000,0.087500,0.115500,0.176000,0.383500
0.072500,0.039500,0.044000,0.064500,0.075000,0.057000,0.098000,0.087500,0.115500,0.176000,0.383500
0.072500,0.039500,0.044000,0.064500,0.075000,0.057000,0.098000,0.087500,0.115500,0.176000,0.383500
0.072500,0.039500,0.044000,0.064500,0.075000,0.057000,0.098000,0.087500,0.115500,0.176000,0.383500
0.072500,0.039500,0.044000,0.064500,0.075000,0.057000,0.098000,0.087500,0.115500,0.176000,0.383500
0.072500,0.039500,0.044000,0.064500,0.075000,0.057000,0.098000,0.087500,0.115500,0.176000,0.383500
0.072500,0.039500,0.044000,0.064500,0.075000,0.057000,0.098000,0.087500,0.115500,0.176000,0.383500
0.072500,0.039500,0.044000,0.064500,0.075000,0.057000,0.098000,0.087500,0.115500,0.176000,0.383500
0.072500,0.039500,0.044000,0.064500,0.075000,0.057000,0.098000,0.087500,0.115500,0.176000,0.383500
0.072500,0.039500,0.044000,0.064500,0.075000,0.057000,0.098000,0.087500,0.115500,0.176000,0.383500
0.072500,0.039500,0.044000,0.064500,0.075000,0.057000,0.098000,0.087500,0.115500,0.176000,0.383500
0.072500,0.039500,0.044000,0.064500,0.075000,0.057000,0.098000,0.087500,0.115500,0.176000,0.383500
0.072500,0.039500,0.044000,0.064500,0.075000,0.057000,0.098000,0.087500,0.115500,0.176000,0.383500
0.072500,0.039500,0.044000,0.064500,0.075000,0.057000,0.098000,0.087500,0.115500,0.176000,0.383500
0.072500,0.039500,0.044000,0.064500,0.075000,0.057000,0.098000,0.087500,0.115500,0.176000,0.383500
0.072500,0.039500,0.044000,0.064500,0.075000,0.057000,0.098000,0.087500,0.115500,0.176000,0.383500
0.072500,0.039500,0.044000,0.064500,0.075000,0.057000,0.098000,0.087500,0.115500,0.176000,0.383500
0.072500,0.039500,0.044000,0.064500,0.075000,0.057000,0.098000,0.087500,0.115500,0.176000,0.383500
0.072500,0.039500,0.044000,0.064500,0.075000,0.057000,0.098000,0.087500,0.115500,0.176000,0.383500
0.072500,0.039500,0.044000,0.064500,0.075000,0.057000,0.098000,0.087500,0.115500,0.176000,0.383500
0.072500,0.039500,0.044000,0.064500,0.075000,0.057000,0.098000,0.087500,0.115500,0.176000,0.383500
0.072500,0.039500,0.044000,0.064500,0.075000,0.057000,0.098000,0.087500,0.115500,0.176000,0.383500
0.072500,0.039500,0.044000,0.064500,0.075000,0.057000,0.098000,0.087500,0.115500,0.176000,0.383500
0.072500,0.039500,0.044000,0.064500,0.075000,0.057000,0.098000,0.087500,0.115500,0.176000,0.383500
0.072500,0.039500,0.044000,0.064500,0.075000,0.057000,0.098000,0.087500,0.115500,0.176000,0.383500
0.072500,0.039500,0.044000,0.064500,0.075000,0.057000,0.098000,0.087500,0.115500,0.176000,0.383500
0.072500,0.039500,0.044000,0.064500,0.075000,0.057000,0.098000,0.087500,0.115500,0.176000,0.383500
0.072500,0.039500,0.044000,0.064500,0.075000,0.057000,0.098000,0.087500,0.115500,0.176000,0.383500
0.072500,0.039500,0.044000,0.064500,0.075000,0.057000,0.098000,0.087500,0.115500,0.176000,0.383500
0.072500,0.039500,0.044000,0.064500,0.075000,0.057000,0.098000,0.087500,0.115500,0.176000,0.383500
0.072500,0.039500,0.044000,0.064500,0.075000,0.057000,0.098000,0.087500,0.115500,0.176000,0.383500
0.072500,0.039500,0.044000,0.064500,0.075000,0.057000,0.098000,0.087500,0.115500,0.176000,0.383500
0.072500,0.039500,0.044000,0.064500,0.075000,0.057000,0.098000,0.087500,0.115500,0.176000,0.383500
0.072500,0.039500,0.044000,0.064500,0.075000,0.057000,0.098000,0.087500,0.115500,0.176000,0.383500
0.072500,0.039500,0.044000,0.064500,0.075000,0.057000,0.098000,0.087500,0.115500,0.176000,0.383500
0.072500,0.039500,0.044000,0.064500,0.075000,0.057000,0.098000,0.087500,0.115500,0.176000,0.383500
0.072500,0.039500,0.044000,0.064500,0.075000,0.057000,0.098000,0.087500,0.115500,0.176000,0.383500
0.072500,0.039500,0.044000,0.064500,0.075000,0.057000,0.098000,0.087500,0.115500,0.176000,0.383500
0.072500,0.039500,0.044000,0.064500,0.075000,0.057000,0.098000,0.087500,0.115500,0.176000,0.383500
0.072500,0.039500,0.044000,0.064500,0.075000,0.057000,0.098000,0.087500,0.115500,0.176000,0.383500
0.072500,0.039500,0.044000,0.064500,0.075000,0.057000,0.098000,0.087500,0.115500,0.176000,0.383500
0.072500,0.039500,0.044000,0.064500,0.075000,0.057000,0.098000,0.087500,0.115500,0.176000,0.383500
0.072500,0.039500,0.044000,0.064500,0.075000,0.057000,0.098000,0.087500,0.115500,0.176000,0.383500
0.072500,0.039500,0.044000,0.064500,0.075000,0.057000,0.098000,0.087500,0.115500,0.176000,0.383500
0.072500,0.039500,0.044000,0.064500,0.075000,0.057000,0.098000,0.087500,0.115500,0.176000,0.383500
0.072500,0.039500,0.044000,0.064500,0.075000,0.057000,0.098000,0.087500,0.115500,0.176000,0.383500
0.072500,0.039500,0.044000,0.064500,0.075000,0.057000,0.098000,0.087500,0.115500,0.176000,0.383500
0.072500,0.039500,0.044000,0.064500,0.075000,0.057000,0.098000,0.087500,0.115500,0.176000,0.383500
0.072500,0.039500,0.044000,0.064500,0.075000,0.057000,0.098000,0.087500,0.115500,0.176000,0.383500
0.072500,0.039500,0.044000,0.064500,0.075000,0.057000,0.098000,0.087500,0.115500,0.176000,0.383500
0.072500,0.039500,0.044000,0.064500,0.075000,0.057000,0.098000,0.087500,0.115500,0.176000,0.383500
0.072500,0.039500,0.044000,0.064500,0.075000,0.057000,0.098000,0.087500,0.115500,0.176000,0.383500
0.072500,0.039500,0.044000,0.064500,0.075000,0.057000,0.098000,0.087500,0.115500,0.176000,0.383500
0.072500,0.039500,0.044000,0.064500,0.075000,0.057000,0.098000,0.087500,0.115500,0.176000,0.383500
0.072500,0.039500,0.044000,0.064500,0.075000,0.057000,0.098000,0.087500,0.115500,0.176000,0.383500
0.072500,0.039500,0.044000,0.064500,0.075000,0.057000,0.098000,0.087500,0.115500,0.176000,0.383500
0.072500,0.039500,0.044000,0.064500,0.075000,0.057000,0.098000,0.087500,0.115500,0.176000,0.383500
0.072500,0.039500,0.044000,0.064500,0.075000,0.057000,0.098000,0.087500,0.115500,0.176000,0.383500
0.072500,0.039500,0.044000,0.064500,0.075000,0.057000,0.098000,0.087500,0.115500,0.176000,0.383500
0.072500,0.039500,0.044000,0.064500,0.075000,0.057000,0.098000,0.087500,0.115500,0.176000,0.383500
0.072500,0.039500,0.044000,0.064500,0.075000,0.057000,0.098000,0.087500,0.115500,0.176000,0.383500
0.072500,0.039500,0.044000,0.064500,0.075000,0.057000,0.098000,0.087500,0.115500,0.176000,0.383500
0.072500,0.039500,0.044000,0.064500,0.075000,0.057000,0.098000,0.087500,0.115500,0.176000,0.383500
0.072500,0.039500,0.044000,0.064500,0.075000,0.057000,0.098000,0.087500,0.115500,0.176000,0.383500
0.072500,0.039500,0.044000,0.064500,0.075000,0.057000,0.098000,0.087500,0.115500,0.176000,0.383500
0.072500,0.039500,0.044000,0.064500,0.075000,0.057000,0.098000,0.087500,0.115500,0.176000,0.383500
0.072500,0.039500,0.044000,0.064500,0.075000,0.057000,0.098000,0.087500,0.115500,0.176000,0.383500
0.072500,0.039500,0.044000,0.064500,0.075000,0.057000,0.098000,0.087500,0.115500,0.176000,0.383500
0.072500,0.039500,0.044000,0.064500,0.075000,0.057000,0.098000,0.087500,0.115500,0.176000,0.383500
0.072500,0.039500,0.044000,0.064500,0.075000,0.057000,0.098000,0.087500,0.115500,0.176000,0.383500
0.072500,0.039500,0.044000,0.064500,0.075000,0.057000,0.098000,0.087500,0.115500,0.176000,0.383500
0.072500,0.039500,0.044000,0.064500,0.075000,0.057000,0.098000,0.087500,0.115500,0.176000,0.383500
0.072500,0.039500,0.044000,0.064500,0.075000,0.057000,0.098000,0.087500,0.115500,0.176000,0.383500
0.072500,0.039500,0.044000,0.064500,0.075000,0.057000,0.098000,0.087500,0.115500,0.176000,0.383500
0.072500,0.039500,0.044000,0.064500,0.075000,0.057000,0.098000,0.087500,0.115500,0.176000,0.383500
0.072500,0.039500,0.044000,0.064500,0.075000,0.057000,0.098000,0.087500,0.115500,0.176000,0.383500
0.072500,0.039500,0.044000,0.064500,0.075000,0.057000,0.098000,0.087500,0.115500,0.176000,0.383500
0.072500,0.039500,0.044000,0.064500,0.075000,0.057000,0.098000,0.087500,0.115500,0.176000,0.383500
0.072500,0.039500,0.044000,0.064500,0.075000,0.057000,0.098000,0.087500,0.115500,0.176000,0.383500
0.072500,0.039500,0.044000,0.064500,0.075000,0.057000,0.098000,0.087500,0.115500,0.176000,0.383500
0.072500,0.039500,0.044000,0.064500,0.075000,0.057000,0.098000,0.087500,0.115500,0.176000,0.383500
0.072500,0.039500,0.044000,0.064500,0.075000,0.057000,0.098000,0.087500,0.115500,0.176000,0.383500
0.072500,0.039500,0.044000,0.064500,0.075000,0.057000,0.098000,0.087500,0.115500,0.176000,0.383500
0.072500,0.039500,0.044000,0.064500,0.075000,0.057000,0.098000,0.087500,0.115500,0.176000,0.383500
0.072500,0.039500,0.044000,0.064500,0.075000,0.057000,0.098000,0.087500,0.115500,0.176000,0.383500
0.072500,0.039500,0.044000,0.064500,0.075000,0.057000,0.098000,0.087500,0.115500,0.176000,0.383500
0.072500,0.039500,0.044000,0.064500,0.075000,0.057000,0.098000,0.087500,0.115500,0.176000,0.383500
0.072500,0.039500,0.044000,0.064500,0.075000,0.057000,0.098000,0.087500,0.115500,0.176000,0.383500
0.072500,0.039500,0.044000,0.064500,0.075000,0.057000,0.098000,0.087500,0.115500,0.176000,0.383500
0.072500,0.039500,0.044000,0.064500,0.075000,0.057000,0.098000,0.087500,0.115500,0.176000,0.383500
0.072500,0.039500,0.044000,0.064500,0.075000,0.057000,0.098000,0.087500,0.115500,0.176000,0.383500
0.072500,0.039500,0.044000,0.064500,0.075000,0.057000,0.098000,0.087500,0.115500,0.176000,0.383500
0.072500,0.039500,0.044000,0.064500,0.075000,0.057000,0.098000,0.087500,0.115500,0.176000,0.383500
0.072500,0.039500,0.044000,0.064500,0.075000,0.057000,0.098000,0.087500,0.115500,0.176000,0.383500
0.072500,0.039500,0.044000,0.064500,0.075000,0.057000,0.098000,0.087500,0.115500,0.176000,0.383500
0.072500,0.039500,0.044000,0.064500,0.075000,0.057000,0.098000,0.087500,0.115500,0.176000,0.383500
0.072500,0.039500,0.044000,0.064500,0.075000,0.057000,0.098000,0.087500,0.115500,0.176000,0.383500
0.072500,0.039500,0.044000,0.064500,0.075000,0.057000,0.098000,0.087500,0.115500,0.176000,0.383500
0.072500,0.039500,0.044000,0.064500,0.075000,0.057000,0.098000,0.087500,0.115500,0.176000,0.383500
0.072500,0.039500,0.044000,0.064500,0.075000,0.057000,0.098000,0.087500,0.115500,0.176000,0.383500
0.072500,0.039500,0.044000,0.064500,0.075000,0.057000,0.098000,0.087500,0.115500,0.176000,0.383500
0.072500,0.039500,0.044000,0.064500,0.075000,0.057000,0.098000,0.087500,0.115500,0.176000,0.383500
0.072500,0.039500,0.044000,0.064500,0.075000,0.057000,0.098000,0.087500,0.115500,0.176000,0.383500
0.072500,0.039500,0.044000,0.064500,0.075000,0.057000,0.098000,0.087500,0.115500,0.176000,0.383500
0.072500,0.039500,0.044000,0.064500,0.075000,0.057000,0.098000,0.087500,0.115500,0.176000,0.383500
0.072500,0.039500,0.044000,0.064500,0.075000,0.057000,0.098000,0.087500,0.115500,0.176000,0.383500
0.072500,0.039500,0.044000,0.064500,0.075000,0.057000,0.098000,0.087500,0.115500,0.176000,0.383500
0.072500,0.039500,0.044000,0.064500,0.075000,0.057000,0.098000,0.087500,0.115500,0.176000,0.383500
0.072500,0.039500,0.044000,0.064500,0.075000,0.057000,0.098000,0.087500,0.115500,0.176000,0.383500
0.072500,0.039500,0.044000,0.064500,0.075000,0.057000,0.098000,0.087500,0.115500,0.176000,0.383500
0.072500,0.039500,0.044000,0.064500,0.075000,0.057000,0.098000,0.087500,0.115500,0.176000,0.383500
0.072500,0.039500,0.044000,0.064500,0.075000,0.057000,0.098000,0.087500,0.115500,0.176000,0.383500
0.072500,0.039500,0.044000,0.064500,0.075000,0.057000,0.098000,0.087500,0.115500,0.176000,0.383500
0.072500,0.039500,0.044000,0.064500,0.075000,0.057000,0.098000,0.087500,0.115500,0.176000,0.383500
0.072500,0.039500,0.044000,0.064500,0.075000,0.057000,0.098000,0.087500,0.115500,0.176000,0.383500
0.072500,0.039500,0.044000,0.064500,0.075000,0.057000,0.098000,0.087500,0.115500,0.176000,0.383500
0.072500,0.039500,0.044000,0.064500,0.075000,0.057000,0.098000,0.087500,0.115500,0.176000,0.383500
0.072500,0.039500,0.044000,0.064500,0.075000,0.057000,0.098000,0.087500,0.115500,0.176000,0.383500
0.072500,0.039500,0.044000,0.064500,0.075000,0.057000,0.098000,0.087500,0.115500,0.176000,0.383500
0.072500,0.039500,0.044000,0.064500,0.075000,0.057000,0.098000,0.087500,0.115500,0.176000,0.383500
0.072500,0.039500,0.044000,0.064500,0.075000,0.057000,0.098000,0.087500,0.115500,0.176000,0.383500
0.072500,0.039500,0.044000,0.064500,0.075000,0.057000,0.098000,0.087500,0.115500,0.176000,0.383500
0.072500,0.039500,0.044000,0.064500,0.075000,0.057000,0.098000,0.087500,0.115500,0.176000,0.383500
0.072500,0.039500,0.044000,0.064500,0.075000,0.057000,0.098000,0.087500,0.115500,0.176000,0.383500
0.072500,0.039500,0.044000,0.064500,0.075000,0.057000,0.098000,0.087500,0.115500,0.176000,0.383500
0.072500,0.039500,0.044000,0.064500,0.075000,0.057000,0.098000,0.087500,0.115500,0.176000,0.383500
0.072500,0.039500,0.044000,0.064500,0.075000,0.057000,0.098000,0.087500,0.115500,0.176000,0.383500
0.072500,0.039500,0.044000,0.064500,0.075000,0.057000,0.098000,0.087500,0.115500,0.176000,0.383500
0.072500,0.039500,0.044000,0.064500,0.075000,0.057000,0.098000,0.087500,0.115500,0.176000,0.383500
0.072500,0.039500,0.044000,0.064500,0.075000,0.057000,0.098000,0.087500,0.115500,0.176000,0.383500
0.072500,0.039500,0.044000,0.064500,0.075000,0.057000,0.098000,0.087500,0.115500,0.176000,0.383500
0.072500,0.039500,0.044000,0.064500,0.075000,0.057000,0.098000,0.087500,0.115500,0.176000,0.383500
0.072500,0.039500,0.044000,0.064500,0.075000,0.057000,0.098000,0.087500,0.115500,0.176000,0.383500
0.072500,0.039500,0.044000,0.064500,0.075000,0.057000,0.098000,0.087500,0.115500,0.176000,0.383500
0.072500,0.039500,0.044000,0.064500,0.075000,0.057000,0.098000,0.087500,0.115500,0.176000,0.383500
0.072500,0.039500,0.044000,0.064500,0.075000,0.057000,0.098000,0.087500,0.115500,0.176000,0.383500
0.072500,0.039500,0.044000,0.064500,0.075000,0.057000,0.098000,0.087500,0.115500,0.176000,0.383500
0.072500,0.039500,0.044000,0.064500,0.075000,0.057000,0.098000,0.087500,0.115500,0.176000,0.383500
0.072500,0.039500,0.044000,0.064500,0.075000,0.057000,0.098000,0.087500,0.115500,0.176000,0.383500
0.072500,0.039500,0.044000,0.064500,0.075000,0.057000,0.098000,0.087500,0.115500,0.176000,0.383500
0.072500,0.039500,0.044000,0.064500,0.075000,0.057000,0.098000,0.087500,0.115500,0.176000,0.383500
0.072500,0.039500,0.044000,0.064500,0.075000,0.057000,0.098000,0.087500,0.115500,0.176000,0.383500
0.072500,0.039500,0.044000,0.064500,0.075000,0.057000,0.098000,0.087500,0.115500,0.176000,0.383500
0.072500,0.039500,0.044000,0.064500,0.075000,0.057000,0.098000,0.087500,0.115500,0.176000,0.383500
0.072500,0.039500,0.044000,0.064500,0.075000,0.057000,0.098000,0.087500,0.115500,0.176000,0.383500
0.072500,0.039500,0.044000,0.064500,0.075000,0.057000,0.098000,0.087500,0.115500,0.176000,0.383500
0.072500,0.039500,0.044000,0.064500,0.075000,0.057000,0.098000,0.087500,0.115500,0.176000,0.383500
0.072500,0.039500,0.044000,0.064500,0.075000,0.057000,0.098000,0.087500,0.115500,0.176000,0.383500
0.072500,0.039500,0.044000,0.064500,0.075000,0.057000,0.098000,0.087500,0.115500,0.176000,0.383500
0.072500,0.039500,0.044000,0.064500,0.075000,0.057000,0.098000,0.087500,0.115500,0.176000,0.383500
0.072500,0.039500,0.044000,0.064500,0.075000,0.057000,0.098000,0.087500,0.115500,0.176000,0.383500
0.072500,0.039500,0.044000,0.064500,0.075000,0.057000,0.098000,0.087500,0.115500,0.176000,0.383500
0.072500,0.039500,0.044000,0.064500,0.075000,0.057000,0.098000,0.087500,0.115500,0.176000,0.383500
0.072500,0.039500,0.044000,0.064500,0.075000,0.057000,0.098000,0.087500,0.115500,0.176000,0.383500
0.072500,0.039500,0.044000,0.064500,0.075000,0.057000,0.098000,0.087500,0.115500,0.176000,0.383500
0.072500,0.039500,0.044000,0.064500,0.075000,0.057000,0.098000,0.087500,0.115500,0.176000,0.383500
0.072500,0.039500,0.044000,0.064500,0.075000,0.057000,0.098000,0.087500,0.115500,0.176000,0.383500
0.072500,0.039500,0.044000,0.064500,0.075000,0.057000,0.098000,0.087500,0.115500,0.176000,0.383500
0.072500,0.039500,0.044000,0.064500,0.075000,0.057000,0.098000,0.087500,0.115500,0.176000,0.383500
0.072500,0.039500,0.044000,0.064500,0.075000,0.057000,0.098000,0.087500,0.115500,0.176000,0.383500
0.072500,0.039500,0.044000,0.064500,0.075000,0.057000,0.098000,0.087500,0.115500,0.176000,0.383500
0.072500,0.039500,0.044000,0.064500,0.075000,0.057000,0.098000,0.087500,0.115500,0.176000,0.383500
0.072500,0.039500,0.044000,0.064500,0.075000,0.057000,0.098000,0.087500,0.115500,0.176000,0.383500
0.072500,0.039500,0.044000,0.064500,0.075000,0.057000,0.098000,0.087500,0.115500,0.176000,0.383500
0.072500,0.039500,0.044000,0.064500,0.075000,0.057000,0.098000,0.087500,0.115500,0.176000,0.383500
0.072500,0.039500,0.044000,0.064500,0.075000,0.057000,0.098000,0.087500,0.115500,0.176000,0.383500
0.072500,0.039500,0.044000,0.064500,0.075000,0.057000,0.098000,0.087500,0.115500,0.176000,0.383500
0.072500,0.039500,0.044000,0.064500,0.075000,0.057000,0.098000,0.087500,0.115500,0.176000,0.383500
0.072500,0.039500,0.044000,0.064500,0.075000,0.057000,0.098000,0.087500,0.115500,0.176000,0.383500
0.072500,0.039500,0.044000,0.064500,0.075000,0.057000,0.098000,0.087500,0.115500,0.176000,0.383500
0.072500,0.039500,0.044000,0.064500,0.075000,0.057000,0.098000,0.087500,0.115500,0.176000,0.383500
0.072500,0.039500,0.044000,0.064500,0.075000,0.057000,0.098000,0.087500,0.115500,0.176000,0.383500
0.072500,0.039500,0.044000,0.064500,0.075000,0.057000,0.098000,0.087500,0.115500,0.176000,0.383500
0.072500,0.039500,0.044000,0.064500,0.075000,0.057000,0.098000,0.087500,0.115500,0.176000,0.383500
0.072500,0.039500,0.044000,0.064500,0.075000,0.057000,0.098000,0.087500,0.115500,0.176000,0.383500
0.072500,0.039500,0.044000,0.064500,0.075000,0.057000,0.098000,0.087500,0.115500,0.176000,0.383500
0.072500,0.039500,0.044000,0.064500,0.075000,0.057000,0.098000,0.087500,0.115500,0.176000,0.383500
0.072500,0.039500,0.044000,0.064500,0.075000,0.057000,0.098000,0.087500,0.115500,0.176000,0.383500
0.072500,0.039500,0.044000,0.064500,0.075000,0.057000,0.098000,0.087500,0.115500,0.176000,0.383500
0.072500,0.039500,0.044000,0.064500,0.075000,0.057000,0.098000,0.087500,0.115500,0.176000,0.383500
0.072500,0.039500,0.044000,0.064500,0.075000,0.057000,0.098000,0.087500,0.115500,0.176000,0.383500
0.072500,0.039500,0.044000,0.064500,0.075000,0.057000,0.098000,0.087500,0.115500,0.176000,0.383500
0.072500,0.039500,0.044000,1.426192,0.075000,0.057000,0.098000,0.087500,0.115500,0.176000,0.383500
0.072500,0.039500,0.044000,2.787884,0.075000,0.057000,0.098000,0.087500,0.115500,0.176000,0.383500
0.072500,0.039500,0.044000,4.149576,0.075000,0.057000,0.098000,0.087500,0.115500,0.176000,0.383500
0.072500,0.039500,0.044000,2.787884,0.075000,0.057000,0.098000,0.087500,0.115500,0.176000,0.383500
0.072500,0.039500,0.044000,1.426192,0.075000,0.057000,0.098000,0.087500,0.115500,0.176000,0.383500
0.072500,0.039500,0.044000,0.064500,0.075000,0.057000,0.098000,0.087500,0.115500,0.176000,0.383500
0.072500,0.372707,0.044000,0.064500,0.075000,0.057000,0.098000,0.087500,0.115500,0.176000,0.383500
0.072500,0.705913,0.044000,0.064500,0.075000,0.057000,0.098000,0.087500,0.115500,0.176000,0.383500
0.072500,1.039120,0.044000,0.064500,0.075000,0.057000,0.098000,0.087500,0.115500,0.176000,0.383500
0.072500,0.705913,0.044000,0.064500,0.075000,0.057000,0.098000,0.087500,0.115500,0.176000,0.383500
0.072500,0.372707,0.044000,0.064500,0.075000,0.061047,0.098000,0.087500,0.115500,0.176000,0.383500
0.072500,0.039500,0.044000,0.064500,0.075000,0.065094,0.098000,0.087500,0.115500,0.176000,0.383500
0.072500,0.039500,0.044000,0.064500,0.075000,0.069141,0.098000,0.087500,0.115500,0.176000,0.383500
0.072500,0.039500,0.044000,0.064500,0.075000,0.065094,0.098000,0.087500,0.115500,0.176000,0.383500
0.072500,0.039500,0.044000,0.064500,0.075000,0.061047,0.098000,0.087500,0.115500,0.176000,0.383500
0.072500,0.039500,0.044000,0.064500,0.075000,0.057000,0.098000,0.087500,0.115500,0.613291,0.383500
0.072500,0.039500,0.044000,0.064500,0.075000,0.057000,0.098000,0.087500,0.115500,1.050583,0.383500
0.072500,0.039500,0.044000,0.064500,0.075000,0.057000,0.098000,0.087500,0.115500,1.487874,0.383500
0.072500,0.039500,0.044000,0.064500,0.075000,0.057000,0.098000,0.087500,0.115500,1.050583,0.383500
0.072500,0.039500,0.044000,0.064500,0.075000,0.057000,0.098000,0.087500,0.115500,0.613291,0.383500
0.072500,0.039500,0.044000,0.064500,0.075000,0.057000,0.098000,0.087500,0.115500,0.176000,0.383500
0.072500,0.039500,0.044000,0.064500,0.075000,0.057000,0.098000,0.087500,0.115500,0.176000,0.383500
0.072500,0.039500,0.044000,0.064500,0.075000,0.057000,0.098000,0.087500,0.115500,0.176000,0.383500
0.072500,0.039500,0.044000,0.064500,0.075000,0.057000,0.098000,0.087500,0.115500,0.176000,0.383500
0.072500,0.039500,0.044000,0.064500,0.075000,0.057000,0.098000,0.087500,0.115500,0.176000,0.383500
0.072500,0.039500,0.172271,0.064500,0.075000,0.057000,0.098000,0.087500,0.115500,0.176000,0.383500
0.072500,0.039500,0.300543,0.064500,0.075000,0.057000,0.098000,0.087500,0.115500,0.176000,0.383500
0.072500,0.039500,0.428814,0.064500,0.075000,0.057000,0.098000,0.087500,0.115500,0.176000,0.383500
0.072500,0.039500,0.300543,0.064500,0.075000,0.057000,0.098000,0.087500,0.115500,0.176000,0.383500
0.072500,0.039500,0.172271,0.064500,0.075000,0.057000,0.098000,0.087500,0.115500,0.176000,0.383500
0.072500,0.039500,0.044000,0.064500,0.075000,0.057000,0.098000,0.087500,0.115500,0.176000,0.383500
0.072500,0.039500,0.044000,0.064500,0.075000,0.057000,0.098000,0.087500,0.115500,0.176000,1.617424
0.072500,0.039500,0.044000,0.064500,0.075000,0.057000,0.098000,0.390903,0.115500,0.176000,2.851349
0.072500,0.039500,0.044000,0.064500,0.075000,0.057000,0.098000,0.694306,0.115500,0.176000,4.085273
0.072500,0.039500,0.044000,0.064500,0.075000,0.057000,0.098000,0.997709,0.115500,0.176000,5.319197
0.072500,0.039500,0.044000,0.064500,0.075000,0.057000,0.098000,0.694306,0.115500,0.176000,4.085273
0.072500,0.039500,0.044000,0.064500,0.075000,0.057000,0.901513,0.390903,0.115500,0.176000,2.851349
0.072500,0.039500,0.044000,0.064500,0.075000,0.057000,1.705025,0.087500,0.115500,0.176000,1.617424
0.072500,0.039500,0.044000,0.064500,0.075000,0.057000,2.508538,0.087500,0.115500,0.176000,0.383500
0.072500,0.039500,0.044000,0.064500,0.075000,0.057000,1.705025,0.087500,0.115500,0.176000,0.383500
0.072500,0.039500,0.044000,0.064500,0.075000,0.057000,0.901513,0.087500,0.115500,0.176000,0.383500
0.072500,0.039500,0.044000,0.064500,0.075000,0.057000,0.098000,0.087500,0.115500,0.176000,0.383500
0.072500,0.039500,0.044000,0.064500,0.075000,0.057000,0.098000,0.087500,0.115500,0.176000,0.383500
0.072500,0.039500,0.044000,0.064500,0.075000,0.057000,0.098000,0.087500,0.115500,0.176000,0.383500
0.072500,0.039500,0.044000,0.064500,0.075000,0.057000,0.098000,0.087500,0.115500,0.176000,0.383500
0.072500,0.039500,0.044000,0.064500,0.075000,0.057000,0.098000,0.087500,0.115500,0.176000,0.383500
0.072500,0.039500,0.044000,0.064500,0.075000,0.057000,0.098000,0.087500,0.115500,0.176000,0.383500
0.072500,0.039500,0.044000,0.064500,0.075000,0.057000,0.098000,0.087500,0.115500,0.176000,0.383500
0.072500,0.039500,0.044000,0.064500,0.075000,0.057000,0.098000,0.087500,0.115500,0.176000,0.383500
0.072500,0.039500,0.044000,0.064500,0.075000,0.057000,0.098000,0.087500,0.115500,0.176000,0.383500
0.072500,0.039500,0.044000,0.064500,0.075000,0.057000,0.098000,0.087500,0.115500,0.176000,0.383500
0.072500,0.039500,0.044000,0.064500,0.075000,0.057000,0.098000,0.087500,0.115500,0.176000,0.383500
0.072500,0.039500,0.044000,0.064500,0.075000,0.057000,0.098000,0.087500,0.115500,0.176000,0.383500
0.072500,0.039500,0.044000,0.064500,0.075000,0.057000,0.098000,0.087500,0.115500,0.176000,0.383500
0.072500,0.039500,0.044000,0.064500,0.075000,0.057000,0.098000,0.087500,0.115500,0.176000,0.383500
0.156409,0.039500,0.044000,0.064500,0.075000,0.057000,0.098000,0.087500,0.115500,0.176000,0.383500
0.240317,0.039500,0.044000,0.064500,0.601538,0.057000,0.098000,0.087500,0.115500,0.176000,0.383500
0.324226,0.039500,0.044000,0.064500,1.128076,0.057000,0.098000,0.087500,1.223817,0.176000,0.383500
0.240317,0.039500,0.044000,0.064500,1.654614,0.057000,0.098000,0.087500,2.332134,0.176000,0.383500
0.156409,0.039500,0.044000,0.064500,1.128076,0.057000,0.098000,0.087500,3.440451,0.176000,0.383500
0.072500,0.039500,0.044000,0.064500,0.601538,0.057000,0.098000,0.087500,2.332134,0.176000,0.383500
0.072500,0.039500,0.044000,0.064500,0.075000,0.057000,0.098000,0.087500,1.223817,0.176000,0.383500
0.072500,0.039500,0.044000,0.064500,0.075000,0.057000,0.098000,0.087500,0.115500,0.176000,0.383500
0.072500,0.039500,0.044000,0.064500,0.075000,0.057000,0.098000,0.087500,0.115500,0.176000,0.383500
0.072500,0.039500,0.044000,0.064500,0.075000,0.057000,0.098000,0.087500,0.115500,0.176000,0.383500
0.072500,0.039500,0.044000,0.064500,0.075000,0.057000,0.098000,0.087500,0.115500,0.176000,0.383500
0.072500,0.039500,0.044000,0.064500,0.075000,0.057000,0.098000,0.087500,0.115500,0.176000,0.383500
0.072500,0.039500,0.044000,0.064500,0.075000,0.057000,0.098000,0.087500,0.115500,0.176000,0.383500
0.072500,0.039500,0.044000,0.064500,0.075000,0.057000,0.098000,0.087500,0.115500,0.176000,0.383500
0.072500,0.039500,0.044000,0.064500,0.075000,0.057000,0.098000,0.087500,0.115500,0.176000,0.383500
0.072500,0.039500,0.044000,0.064500,0.075000,0.057000,0.098000,0.087500,0.115500,0.176000,0.383500
0.072500,0.039500,0.044000,0.064500,0.075000,0.057000,0.098000,0.087500,0.115500,0.176000,0.383500
0.072500,0.039500,0.044000,0.064500,0.075000,0.057000,0.098000,0.087500,0.115500,0.176000,0.383500
0.072500,0.039500,0.044000,0.064500,0.075000,0.057000,0.098000,0.087500,0.115500,0.176000,0.383500
0.072500,0.039500,0.044000,0.064500,0.075000,0.057000,0.098000,0.087500,0.115500,0.176000,0.383500
0.072500,0.039500,0.044000,0.064500,0.075000,0.057000,0.098000,0.087500,0.115500,0.176000,0.383500
0.072500,0.039500,0.044000,0.064500,0.075000,0.057000,0.098000,0.087500,0.115500,0.176000,0.383500
0.072500,0.039500,0.044000,0.064500,0.075000,0.057000,0.098000,0.087500,0.115500,0.176000,0.383500
0.072500,0.039500,0.044000,0.064500,0.075000,0.057000,0.098000,0.087500,0.115500,0.176000,0.383500
0.072500,0.039500,0.044000,0.064500,0.075000,0.057000,0.098000,0.087500,0.115500,0.176000,0.383500
0.072500,0.039500,0.044000,0.064500,0.075000,0.057000,0.098000,0.087500,0.115500,0.176000,0.383500
0.072500,0.039500,0.044000,0.064500,0.075000,0.057000,0.098000,0.087500,0.115500,0.176000,0.383500
0.072500,0.039500,0.044000,0.064500,0.075000,0.057000,0.098000,0.087500,0.115500,0.176000,0.383500
0.072500,0.039500,0.044000,0.064500,0.075000,0.057000,0.098000,0.087500,0.115500,0.176000,0.383500
0.072500,0.039500,0.044000,0.064500,0.075000,0.057000,0.098000,0.087500,0.115500,0.176000,0.383500
0.072500,0.039500,0.044000,0.064500,0.075000,0.057000,0.098000,0.087500,0.115500,0.176000,0.383500
0.072500,0.039500,0.044000,0.064500,0.075000,0.057000,0.098000,0.087500,0.115500,0.176000,0.383500
0.072500,0.039500,0.044000,0.064500,0.075000,0.057000,0.098000,0.087500,0.115500,0.176000,0.383500
0.072500,0.039500,0.044000,0.064500,0.075000,0.057000,0.098000,0.087500,0.115500,0.176000,0.383500
0.072500,0.039500,0.044000,0.064500,0.075000,0.057000,0.098000,0.087500,0.115500,0.176000,0.383500
0.072500,0.039500,0.044000,0.064500,0.075000,0.057000,0.098000,0.087500,0.115500,0.176000,0.383500
0.072500,0.039500,0.044000,0.064500,0.075000,0.057000,0.098000,0.087500,0.115500,0.176000,0.383500
0.072500,0.039500,0.044000,0.064500,0.075000,0.057000,0.098000,0.087500,0.115500,0.176000,0.383500
0.072500,0.039500,0.044000,0.064500,0.075000,0.057000,0.098000,0.087500,0.115500,0.176000,0.383500
0.072500,0.039500,0.044000,0.064500,0.075000,0.057000,0.098000,0.087500,0.115500,0.176000,0.383500
0.072500,0.039500,0.044000,0.064500,0.075000,0.057000,0.098000,0.087500,0.115500,0.176000,0.383500
0.072500,0.039500,0.044000,0.064500,0.075000,0.057000,0.098000,0.087500,0.115500,0.176000,0.383500
0.072500,0.039500,0.044000,0.064500,0.075000,0.057000,0.098000,0.087500,0.115500,0.176000,0.383500
0.072500,0.039500,0.044000,0.064500,0.075000,0.057000,0.098000,0.087500,0.115500,0.176000,0.383500
0.072500,0.039500,0.044000,0.064500,0.075000,0.057000,0.098000,0.087500,0.115500,0.176000,0.383500
0.072500,0.039500,0.044000,0.064500,0.075000,0.057000,0.098000,0.087500,0.115500,0.176000,0.383500
0.072500,0.039500,0.044000,0.064500,0.075000,0.057000,0.098000,0.087500,0.115500,0.176000,0.383500
0.072500,0.039500,0.044000,0.064500,0.075000,0.057000,0.098000,0.087500,0.115500,0.176000,0.383500
0.072500,0.039500,0.044000,0.064500,0.075000,0.057000,0.098000,0.087500,0.115500,0.176000,0.383500
0.072500,0.039500,0.044000,0.064500,0.075000,0.057000,0.098000,0.087500,0.115500,0.176000,0.383500
0.072500,0.039500,0.044000,0.064500,0.075000,0.057000,0.098000,0.087500,0.115500,0.176000,0.383500
0.072500,0.039500,0.044000,0.064500,0.075000,0.057000,0.098000,0.087500,0.115500,0.176000,0.383500
0.072500,0.039500,0.044000,0.064500,0.075000,0.057000,0.098000,0.087500,0.115500,0.176000,0.383500
0.072500,0.039500,0.044000,0.064500,0.075000,0.057000,0.098000,0.087500,0.115500,0.176000,0.383500
0.072500,0.039500,0.044000,0.064500,0.075000,0.057000,0.098000,0.087500,0.115500,0.176000,0.383500
0.072500,0.039500,0.044000,0.064500,0.075000,0.057000,0.098000,0.087500,0.115500,0.176000,0.383500
0.072500,0.039500,0.044000,0.064500,0.075000,0.057000,0.098000,0.087500,0.115500,0.176000,0.383500
0.072500,0.039500,0.044000,0.064500,0.075000,0.057000,0.098000,0.087500,0.115500,0.176000,0.383500
0.072500,0.039500,0.044000,0.064500,0.075000,0.057000,0.098000,0.087500,0.115500,0.176000,0.383500
0.072500,0.039500,0.044000,0.064500,0.075000,0.057000,0.098000,0.087500,0.115500,0.176000,0.383500
0.072500,0.039500,0.044000,0.064500,0.075000,0.057000,0.098000,0.087500,0.115500,0.176000,0.383500
0.072500,0.039500,0.044000,0.064500,0.075000,0.057000,0.098000,0.087500,0.115500,0.176000,0.383500
0.072500,0.039500,0.044000,0.064500,0.075000,0.057000,0.098000,0.087500,0.115500,0.176000,0.383500
0.072500,0.039500,0.044000,0.064500,0.075000,0.057000,0.098000,0.087500,0.115500,0.176000,0.383500
0.072500,0.039500,0.044000,0.064500,0.075000,0.057000,0.098000,0.087500,0.115500,0.176000,0.383500
0.072500,0.039500,0.044000,0.064500,0.075000,0.057000,0.098000,0.087500,0.115500,0.176000,0.383500
0.072500,0.039500,0.044000,0.064500,0.075000,0.057000,0.098000,0.087500,0.115500,0.176000,0.383500
0.072500,0.039500,0.044000,0.064500,0.075000,0.057000,0.098000,0.087500,0.115500,0.176000,0.383500
0.072500,0.039500,0.044000,0.064500,0.075000,0.057000,0.098000,0.087500,0.115500,0.176000,0.383500
0.072500,0.039500,0.044000,0.064500,0.075000,0.057000,0.098000,0.087500,0.115500,0.176000,0.383500
0.072500,0.039500,0.044000,0.064500,0.075000,0.057000,0.098000,0.087500,0.115500,0.176000,0.383500
0.072500,0.039500,0.044000,0.064500,0.075000,0.057000,0.098000,0.087500,0.115500,0.176000,0.383500
0.072500,0.039500,0.044000,0.064500,0.075000,0.057000,0.098000,0.087500,0.115500,0.176000,0.383500
0.072500,0.039500,0.044000,0.064500,0.075000,0.057000,0.098000,0.087500,0.115500,0.176000,0.383500
0.072500,0.039500,0.044000,0.064500,0.075000,0.057000,0.098000,0.087500,0.115500,0.176000,0.383500
0.072500,0.039500,0.044000,0.064500,0.075000,0.057000,0.098000,0.087500,0.115500,0.176000,0.383500
0.072500,0.039500,0.044000,0.064500,0.075000,0.057000,0.098000,0.087500,0.115500,0.176000,0.383500
0.072500,0.039500,0.044000,0.064500,0.075000,0.057000,0.098000,0.087500,0.115500,0.176000,0.383500
0.072500,0.039500,0.044000,0.064500,0.075000,0.057000,0.098000,0.087500,0.115500,0.176000,0.383500
0.072500,0.039500,0.044000,0.064500,0.075000,0.057000,0.098000,0.087500,0.115500,0.176000,0.383500
0.072500,0.039500,0.044000,0.064500,0.075000,0.057000,0.098000,0.087500,0.115500,0.176000,0.383500
0.072500,0.039500,0.044000,0.064500,0.075000,0.057000,0.098000,0.087500,0.115500,0.176000,0.383500
0.072500,0.039500,0.044000,0.064500,0.075000,0.057000,0.098000,0.087500,0.115500,0.176000,0.383500
0.072500,0.039500,0.044000,0.064500,0.075000,0.057000,0.098000,0.087500,0.115500,0.176000,0.383500
0.072500,0.039500,0.044000,0.064500,0.075000,0.057000,0.098000,0.087500,0.115500,0.176000,0.383500
0.072500,0.039500,0.044000,0.064500,0.075000,0.057000,0.098000,0.087500,0.115500,0.176000,0.383500
0.072500,0.039500,0.044000,0.064500,0.075000,0.057000,0.098000,0.087500,0.115500,0.176000,0.383500
0.072500,0.039500,0.044000,0.064500,0.075000,0.057000,0.098000,0.087500,0.115500,0.176000,0.383500
0.072500,0.039500,0.044000,0.064500,0.075000,0.057000,0.098000,0.087500,0.115500,0.176000,0.383500
0.072500,0.039500,0.044000,0.064500,0.075000,0.057000,0.098000,0.087500,0.115500,0.176000,0.383500
0.072500,0.039500,0.044000,0.064500,0.075000,0.057000,0.098000,0.087500,0.115500,0.176000,0.383500
0.072500,0.039500,0.044000,0.064500,0.075000,0.057000,0.098000,0.087500,0.115500,0.176000,0.383500
0.072500,0.039500,0.044000,0.064500,0.075000,0.057000,0.098000,0.087500,0.115500,0.176000,0.383500
0.072500,0.039500,0.044000,0.064500,0.075000,0.057000,0.098000,0.087500,0.115500,0.176000,0.383500
0.072500,0.039500,0.044000,0.064500,0.075000,0.057000,0.098000,0.087500,0.115500,0.176000,0.383500
0.072500,0.039500,0.044000,0.064500,0.075000,0.057000,0.098000,0.087500,0.115500,0.176000,0.383500
0.072500,0.039500,0.044000,0.064500,0.075000,0.057000,0.098000,0.087500,0.115500,0.176000,0.383500
0.072500,0.039500,0.044000,0.064500,0.075000,0.057000,0.098000,0.087500,0.115500,0.176000,0.383500
0.072500,0.039500,0.044000,0.064500,0.075000,0.057000,0.098000,0.087500,0.115500,0.176000,0.383500
0.072500,0.039500,0.044000,0.064500,0.075000,0.057000,0.098000,0.087500,0.115500,0.176000,0.383500
0.072500,0.039500,0.044000,0.064500,0.075000,0.057000,0.098000,0.087500,0.115500,0.176000,0.383500
0.072500,0.039500,0.044000,0.064500,0.075000,0.057000,0.098000,0.087500,0.115500,0.176000,0.383500
0.072500,0.039500,0.044000,0.064500,0.075000,0.057000,0.098000,0.087500,0.115500,0.176000,0.383500
0.072500,0.039500,0.044000,0.064500,0.075000,0.057000,0.098000,0.087500,0.115500,0.176000,0.383500
0.072500,0.039500,0.044000,0.064500,0.075000,0.057000,0.098000,0.087500,0.115500,0.176000,0.383500
0.072500,0.039500,0.044000,0.064500,0.075000,0.057000,0.098000,0.087500,0.115500,0.176000,0.383500
0.072500,0.039500,0.044000,0.064500,0.075000,0.057000,0.098000,0.087500,0.115500,0.176000,0.383500
0.072500,0.039500,0.044000,0.064500,0.075000,0.057000,0.098000,0.087500,0.115500,0.176000,0.383500
0.072500,0.039500,0.044000,0.064500,0.075000,0.057000,0.098000,0.087500,0.115500,0.176000,0.383500
0.072500,0.039500,0.044000,0.064500,0.075000,0.057000,0.098000,0.087500,0.115500,0.176000,0.383500
0.072500,0.039500,0.044000,0.064500,0.075000,0.057000,0.098000,0.087500,0.115500,0.176000,0.383500
0.072500,0.039500,0.044000,0.064500,0.075000,0.057000,0.098000,0.087500,0.115500,0.176000,0.383500
0.072500,0.039500,0.044000,0.064500,0.075000,0.057000,0.098000,0.087500,0.115500,0.176000,0.383500
0.072500,0.039500,0.044000,0.064500,0.075000,0.057000,0.098000,0.087500,0.115500,0.176000,0.383500
0.072500,0.039500,0.044000,0.064500,0.075000,0.057000,0.098000,0.087500,0.115500,0.176000,0.383500
0.072500,0.039500,0.044000,0.064500,0.075000,0.057000,0.098000,0.087500,0.115500,0.176000,0.383500
0.072500,0.039500,0.044000,0.064500,0.075000,0.057000,0.098000,0.087500,0.115500,0.176000,0.383500
0.072500,0.039500,0.044000,0.064500,0.075000,0.057000,0.098000,0.087500,0.115500,0.176000,0.383500
0.072500,0.039500,0.044000,0.064500,0.075000,0.057000,0.098000,0.087500,0.115500,0.176000,0.383500
0.072500,0.039500,0.044000,0.064500,0.075000,0.057000,0.098000,0.087500,0.115500,0.176000,0.383500
0.072500,0.039500,0.044000,0.064500,0.075000,0.057000,0.098000,0.087500,0.115500,0.176000,0.383500
0.072500,0.039500,0.044000,0.064500,0.075000,0.057000,0.098000,0.087500,0.115500,0.176000,0.383500
0.072500,0.039500,0.044000,0.064500,0.075000,0.057000,0.098000,0.087500,0.115500,0.176000,0.383500
0.072500,0.039500,0.044000,0.064500,0.075000,0.057000,0.098000,0.087500,0.115500,0.176000,0.383500
0.072500,0.039500,0.044000,0.064500,0.075000,0.057000,0.098000,0.087500,0.115500,0.176000,0.383500
0.072500,0.039500,0.044000,0.064500,0.075000,0.057000,0.098000,0.087500,0.115500,0.176000,0.383500
0.072500,0.039500,0.044000,0.064500,0.075000,0.057000,0.098000,0.087500,0.115500,0.176000,0.383500
0.072500,0.039500,0.044000,0.064500,0.075000,0.057000,0.098000,0.087500,0.115500,0.176000,0.383500
0.072500,0.039500,0.044000,0.064500,0.075000,0.057000,0.098000,0.087500,0.115500,0.176000,0.383500
0.072500,0.039500,0.044000,0.064500,0.075000,0.057000,0.098000,0.087500,0.115500,0.176000,0.383500
0.072500,0.039500,0.044000,0.064500,0.075000,0.057000,0.098000,0.087500,0.115500,0.176000,0.383500
0.072500,0.039500,0.044000,0.064500,0.075000,0.057000,0.098000,0.087500,0.115500,0.176000,0.383500
0.072500,0.039500,0.044000,0.064500,0.075000,0.057000,0.098000,0.087500,0.115500,0.176000,0.383500
0.072500,0.039500,0.044000,0.064500,0.075000,0.057000,0.098000,0.087500,0.115500,0.176000,0.383500
0.072500,0.039500,0.044000,0.064500,0.075000,0.057000,0.098000,0.087500,0.115500,0.176000,0.383500
0.072500,0.039500,0.044000,0.064500,0.075000,0.057000,0.098000,0.087500,0.115500,0.176000,0.383500
0.072500,0.039500,0.044000,0.064500,0.075000,0.057000,0.098000,0.087500,0.115500,0.176000,0.383500
0.072500,0.039500,0.044000,0.064500,0.075000,0.057000,0.098000,0.087500,0.115500,0.176000,0.383500
0.072500,0.039500,0.044000,0.064500,0.075000,0.057000,0.098000,0.087500,0.115500,0.176000,0.383500
0.072500,0.039500,0.044000,0.064500,0.075000,0.057000,0.098000,0.087500,0.115500,0.176000,0.383500
0.072500,0.039500,0.044000,0.064500,0.075000,0.057000,0.098000,0.087500,0.115500,0.176000,0.383500
0.072500,0.039500,0.044000,0.064500,0.075000,0.057000,0.098000,0.087500,0.115500,0.176000,0.383500
0.072500,0.039500,0.044000,0.064500,0.075000,0.057000,0.098000,0.087500,0.115500,0.176000,0.383500
0.072500,0.039500,0.044000,0.064500,0.075000,0.057000,0.098000,0.087500,0.115500,0.176000,0.383500
0.072500,0.039500,0.044000,0.064500,0.075000,0.057000,0.098000,0.087500,0.115500,0.176000,0.383500
0.072500,0.039500,0.044000,0.064500,0.075000,0.057000,0.098000,0.087500,0.115500,0.176000,0.383500
0.072500,0.039500,0.044000,0.064500,0.075000,0.057000,0.098000,0.087500,0.115500,0.176000,0.383500
0.072500,0.039500,0.044000,0.064500,0.075000,0.057000,0.098000,0.087500,0.115500,0.176000,0.383500
0.072500,0.039500,0.044000,0.064500,0.075000,0.057000,0.098000,0.087500,0.115500,0.176000,0.383500
0.072500,0.039500,0.044000,0.064500,0.075000,0.057000,0.098000,0.087500,0.115500,0.176000,0.383500
0.072500,0.039500,0.044000,0.064500,0.075000,0.057000,0.098000,0.087500,0.115500,0.176000,0.383500
0.072500,0.039500,0.044000,0.064500,0.075000,0.057000,0.098000,0.087500,0.115500,0.176000,0.383500
0.072500,0.039500,0.044000,0.064500,0.075000,0.057000,0.098000,0.087500,0.115500,0.176000,0.383500
0.072500,0.039500,0.044000,0.064500,0.075000,0.057000,0.098000,0.087500,0.115500,0.176000,0.383500
0.072500,0.039500,0.044000,0.064500,0.075000,0.057000,0.098000,0.087500,0.115500,0.176000,0.383500
0.072500,0.039500,0.044000,0.064500,0.075000,0.057000,0.098000,0.087500,0.115500,0.176000,0.383500
0.072500,0.039500,0.044000,0.064500,0.075000,0.057000,0.098000,0.087500,0.115500,0.176000,0.383500
0.072500,0.039500,0.044000,0.064500,0.075000,0.057000,0.098000,0.087500,0.115500,0.176000,0.383500
0.072500,0.039500,0.044000,0.064500,0.075000,0.057000,0.098000,0.087500,0.115500,0.176000,0.383500
0.072500,0.039500,0.044000,0.064500,0.075000,0.057000,0.098000,0.087500,0.115500,0.176000,0.383500
0.072500,0.039500,0.044000,0.064500,0.075000,0.057000,0.098000,0.087500,0.115500,0.176000,0.383500
0.072500,0.039500,0.044000,0.064500,0.075000,0.057000,0.098000,0.087500,0.115500,0.176000,0.383500
0.072500,0.039500,0.044000,0.064500,0.075000,0.057000,0.098000,0.087500,0.115500,0.176000,0.383500
0.072500,0.039500,0.044000,0.064500,0.075000,0.057000,0.098000,0.087500,0.115500,0.176000,0.383500
0.072500,0.039500,0.044000,0.064500,0.075000,0.057000,0.098000,0.087500,0.115500,0.176000,0.383500
0.072500,0.039500,0.044000,0.064500,0.075000,0.057000,0.098000,0.087500,0.115500,0.176000,0.383500
0.072500,0.039500,0.044000,0.064500,0.075000,0.057000,0.098000,0.087500,0.115500,0.176000,0.383500
0.072500,0.039500,0.044000,0.064500,0.075000,0.057000,0.098000,0.087500,0.115500,0.176000,0.383500
0.072500,0.039500,0.044000,0.064500,0.075000,0.057000,0.098000,0.087500,0.115500,0.176000,0.383500
0.072500,0.039500,0.044000,0.064500,0.075000,0.057000,0.098000,0.087500,0.115500,0.176000,0.383500
0.072500,0.039500,0.044000,0.064500,0.075000,0.057000,0.098000,0.087500,0.115500,0.176000,0.383500
0.072500,0.039500,0.044000,0.064500,0.075000,0.057000,0.098000,0.087500,0.115500,0.176000,0.383500
0.072500,0.039500,0.044000,0.064500,0.075000,0.057000,0.098000,0.087500,0.115500,0.176000,0.383500
0.072500,0.039500,0.044000,0.064500,0.075000,0.057000,0.098000,0.087500,0.115500,0.176000,0.383500
0.072500,0.039500,0.044000,0.064500,0.075000,0.057000,0.098000,0.087500,0.115500,0.176000,0.383500
0.072500,0.039500,0.044000,0.064500,0.075000,0.057000,0.098000,0.087500,0.115500,0.176000,0.383500
0.072500,0.039500,0.044000,0.064500,0.075000,0.057000,0.098000,0.087500,0.115500,0.176000,0.383500
0.072500,0.039500,0.044000,0.064500,0.075000,0.057000,0.098000,0.087500,0.115500,0.176000,0.383500
0.072500,0.039500,0.044000,0.064500,0.075000,0.057000,0.098000,0.087500,0.115500,0.176000,0.383500
0.072500,0.039500,0.044000,0.064500,0.075000,0.057000,0.098000,0.087500,0.115500,0.176000,0.383500
0.072500,0.039500,0.044000,0.064500,0.075000,0.057000,0.098000,0.087500,0.115500,0.176000,0.383500
0.072500,0.039500,0.044000,0.064500,0.075000,0.057000,0.098000,0.087500,0.115500,0.176000,0.383500
0.072500,0.039500,0.044000,0.064500,0.075000,0.057000,0.098000,0.087500,0.115500,0.176000,0.383500
0.072500,0.039500,0.044000,0.064500,0.075000,0.057000,0.098000,0.087500,0.115500,0.176000,0.383500
0.072500,0.039500,0.044000,0.064500,0.075000,0.057000,0.098000,0.087500,0.115500,0.176000,0.383500
0.072500,0.039500,0.044000,0.064500,0.075000,0.057000,0.098000,0.087500,0.115500,0.176000,0.383500
0.072500,0.039500,0.044000,0.064500,0.075000,0.057000,0.098000,0.087500,0.115500,0.176000,0.383500
0.072500,0.039500,0.044000,0.064500,0.075000,0.057000,0.098000,0.087500,0.115500,0.176000,0.383500
0.072500,0.039500,0.044000,0.064500,0.075000,0.057000,0.098000,0.087500,0.115500,0.176000,0.383500
0.072500,0.039500,0.044000,0.064500,0.075000,0.057000,0.098000,0.087500,0.115500,0.176000,0.383500
0.072500,0.039500,0.044000,0.064500,0.075000,0.057000,0.098000,0.087500,0.115500,0.176000,0.383500
0.072500,0.039500,0.044000,0.064500,0.075000,0.057000,0.098000,0.087500,0.115500,0.176000,0.383500
0.072500,0.039500,0.044000,0.064500,0.075000,0.057000,0.098000,0.087500,0.115500,0.176000,0.383500
0.072500,0.039500,0.044000,0.064500,0.075000,0.057000,0.098000,0.087500,0.115500,0.176000,0.383500
0.072500,0.039500,0.044000,0.064500,0.075000,0.057000,0.098000,0.087500,0.115500,0.176000,0.383500
0.072500,0.039500,0.044000,0.064500,0.075000,0.057000,0.098000,0.087500,0.115500,0.176000,0.383500
0.072500,0.039500,0.044000,0.064500,0.075000,0.057000,0.098000,0.087500,0.115500,0.176000,0.383500
0.072500,0.039500,0.044000,0.064500,0.075000,0.057000,0.098000,0.087500,0.115500,0.176000,0.383500
0.072500,0.039500,0.044000,0.064500,0.075000,0.057000,0.098000,0.087500,0.115500,0.176000,0.383500
0.072500,0.039500,0.044000,0.064500,0.075000,0.057000,0.098000,0.087500,0.115500,0.176000,0.383500
0.072500,0.039500,0.044000,0.064500,0.075000,0.057000,0.098000,0.087500,0.115500,0.176000,0.383500
0.072500,0.039500,0.044000,0.064500,0.075000,0.057000,0.098000,0.087500,0.115500,0.176000,0.383500
0.072500,0.039500,0.044000,0.064500,0.075000,0.057000,0.098000,0.087500,0.115500,0.176000,0.383500
0.072500,0.039500,0.044000,0.064500,0.075000,0.057000,0.098000,0.087500,0.115500,0.176000,0.383500
0.072500,0.039500,0.044000,0.064500,0.075000,0.057000,0.098000,0.087500,0.115500,0.176000,0.383500
0.072500,0.039500,0.044000,0.064500,0.075000,0.057000,0.098000,0.087500,0.115500,0.176000,0.383500
0.072500,0.039500,0.044000,0.064500,0.075000,0.057000,0.098000,0.087500,0.115500,0.176000,0.383500
0.072500,0.039500,0.044000,0.064500,0.075000,0.057000,0.098000,0.087500,0.115500,0.176000,0.383500
0.072500,0.039500,0.044000,0.064500,0.075000,0.057000,0.098000,0.087500,0.115500,0.176000,0.383500
0.072500,0.039500,0.044000,0.064500,0.075000,0.057000,0.098000,0.087500,0.115500,0.176000,0.383500
0.072500,0.039500,0.044000,0.064500,0.075000,0.057000,0.098000,0.087500,0.115500,0.176000,0.383500
0.072500,0.039500,0.044000,0.064500,0.075000,0.057000,0.098000,0.087500,0.115500,0.176000,0.383500
0.072500,0.039500,0.044000,0.064500,0.075000,0.057000,0.098000,0.087500,0.115500,0.176000,0.383500
0.072500,0.039500,0.044000,0.064500,0.075000,0.057000,0.098000,0.087500,0.115500,0.176000,0.383500
0.072500,0.039500,0.044000,0.064500,0.075000,0.057000,0.098000,0.087500,0.115500,0.176000,0.383500
0.072500,0.039500,0.044000,0.064500,0.075000,0.057000,0.098000,0.087500,0.115500,0.176000,0.383500
0.072500,0.039500,0.044000,0.064500,0.075000,0.057000,0.098000,0.087500,0.115500,0.176000,0.383500
0.072500,0.039500,0.044000,0.064500,0.075000,0.057000,0.098000,0.087500,0.115500,0.176000,0.383500
0.072500,0.039500,0.044000,0.064500,0.075000,0.057000,0.098000,0.087500,0.115500,0.176000,0.383500
0.072500,0.039500,0.044000,0.064500,0.075000,0.057000,0.098000,0.087500,0.115500,0.176000,0.383500
0.072500,0.039500,0.044000,0.064500,0.075000,0.057000,0.098000,0.087500,0.115500,0.176000,0.383500
0.072500,0.039500,0.044000,0.064500,0.075000,0.057000,0.098000,0.087500,0.115500,0.176000,0.383500
0.072500,0.039500,0.044000,0.064500,0.075000,0.057000,0.098000,0.087500,0.115500,0.176000,0.383500
0.072500,0.039500,0.044000,0.064500,0.075000,0.057000,0.098000,0.087500,0.115500,0.176000,0.383500
0.072500,0.039500,0.044000,0.064500,0.075000,0.057000,0.098000,0.087500,0.115500,0.176000,0.383500
0.072500,0.039500,0.044000,0.064500,0.075000,0.057000,0.098000,0.087500,0.115500,0.176000,0.383500
0.072500,0.039500,0.044000,0.064500,0.075000,0.057000,0.098000,0.087500,0.115500,0.176000,0.383500
0.072500,0.039500,0.044000,0.064500,0.075000,0.057000,0.098000,0.087500,0.115500,0.176000,0.383500
0.072500,0.039500,0.044000,0.064500,0.075000,0.057000,0.098000,0.087500,0.115500,0.176000,0.383500
0.072500,0.039500,0.044000,0.064500,0.075000,0.057000,0.098000,0.087500,0.115500,0.176000,0.383500
0.072500,0.039500,0.044000,0.064500,0.075000,0.057000,0.098000,0.087500,0.115500,0.176000,0.383500
0.072500,0.039500,0.044000,0.064500,0.075000,0.057000,0.098000,0.087500,0.115500,0.176000,0.383500
0.072500,0.039500,0.044000,0.064500,0.075000,0.057000,0.098000,0.087500,0.115500,0.176000,0.383500
0.072500,0.039500,0.044000,0.064500,0.075000,0.057000,0.098000,0.087500,0.115500,0.176000,0.383500
0.072500,0.039500,0.044000,0.064500,0.075000,0.057000,0.098000,0.087500,0.115500,0.176000,0.383500
0.072500,0.039500,0.044000,0.064500,0.075000,0.057000,0.098000,0.087500,0.115500,0.176000,0.383500
0.072500,0.039500,0.044000,0.064500,0.075000,0.057000,0.098000,0.087500,0.115500,0.176000,0.383500
0.072500,0.039500,0.044000,0.064500,0.075000,0.057000,0.098000,0.087500,0.115500,0.176000,0.383500
0.072500,0.039500,0.044000,0.064500,0.075000,0.057000,0.098000,0.087500,0.115500,0.176000,0.383500
0.072500,0.039500,0.044000,0.064500,0.075000,0.057000,0.098000,0.087500,0.115500,0.176000,0.383500
0.072500,0.039500,0.044000,0.064500,0.075000,0.057000,0.098000,0.087500,0.115500,0.176000,0.383500
0.072500,0.039500,0.044000,0.064500,0.075000,0.057000,0.098000,0.087500,0.115500,0.176000,0.383500
0.072500,0.039500,0.044000,0.064500,0.075000,0.057000,0.098000,0.087500,0.115500,0.176000,0.383500
0.072500,0.039500,0.044000,0.064500,0.075000,0.057000,0.098000,0.087500,0.115500,0.176000,0.383500
0.072500,0.039500,0.044000,0.064500,0.075000,0.057000,0.098000,0.087500,0.115500,0.176000,0.383500
0.072500,0.039500,0.044000,0.064500,0.075000,0.057000,0.098000,0.087500,0.115500,0.176000,0.383500
0.072500,0.039500,0.044000,0.064500,0.075000,0.057000,0.098000,0.087500,0.115500,0.176000,0.383500
0.072500,0.039500,0.044000,0.064500,0.075000,0.057000,0.098000,0.087500,0.115500,0.176000,0.383500
0.072500,0.039500,0.044000,0.064500,0.075000,0.057000,0.098000,0.087500,0.115500,0.176000,0.383500
0.072500,0.039500,0.044000,0.064500,0.075000,0.057000,0.098000,0.087500,0.115500,0.176000,0.383500
0.072500,0.039500,0.044000,0.064500,0.075000,0.057000,0.098000,0.087500,0.115500,0.176000,0.383500
0.072500,0.039500,0.044000,0.064500,0.075000,0.057000,0.098000,0.087500,0.115500,0.176000,0.383500
0.072500,0.039500,0.044000,0.064500,0.075000,0.057000,0.098000,0.087500,0.115500,0.176000,0.383500
0.072500,0.039500,0.044000,0.064500,0.075000,0.057000,0.098000,0.087500,0.115500,0.176000,0.383500
0.072500,0.039500,0.044000,0.064500,0.075000,0.057000,0.098000,0.087500,0.115500,0.176000,0.383500
0.072500,0.039500,0.044000,0.064500,0.075000,0.057000,0.098000,0.087500,0.115500,0.176000,0.383500
0.072500,0.039500,0.044000,0.064500,0.075000,0.057000,0.098000,0.087500,0.115500,0.176000,0.383500
0.072500,0.039500,0.044000,0.064500,0.075000,0.057000,0.098000,0.087500,0.115500,0.176000,0.383500
0.072500,0.039500,0.044000,0.064500,0.075000,0.057000,0.098000,0.087500,0.115500,0.176000,0.383500
0.072500,0.039500,0.044000,0.064500,0.075000,0.057000,0.098000,0.087500,0.115500,0.176000,0.383500
0.072500,0.039500,0.044000,0.064500,0.075000,0.057000,0.098000,0.087500,0.115500,0.176000,0.383500
0.072500,0.039500,0.044000,0.064500,0.075000,0.057000,0.098000,0.087500,0.115500,0.176000,0.383500
0.072500,0.039500,0.044000,0.064500,0.075000,0.057000,0.098000,0.087500,0.115500,0.176000,0.383500
0.072500,0.039500,0.044000,0.064500,0.075000,0.057000,0.098000,0.087500,0.115500,0.176000,0.383500
0.072500,0.039500,0.044000,0.064500,0.075000,0.057000,0.098000,0.087500,0.115500,0.176000,0.383500
0.072500,0.039500,0.044000,0.064500,0.075000,0.057000,0.098000,0.087500,0.115500,0.176000,0.383500
0.072500,0.039500,0.044000,0.064500,0.075000,0.057000,0.098000,0.087500,0.115500,0.176000,0.383500
0.072500,0.039500,0.044000,0.064500,0.075000,0.057000,0.098000,0.087500,0.115500,0.176000,0.383500
0.072500,0.039500,0.044000,0.064500,0.075000,0.057000,0.098000,0.087500,0.115500,0.176000,0.383500
0.072500,0.039500,0.044000,0.064500,0.075000,0.057000,0.098000,0.087500,0.115500,0.176000,0.383500
0.072500,0.039500,0.044000,0.064500,0.075000,0.057000,0.098000,0.087500,0.115500,0.176000,0.383500
0.072500,0.039500,0.044000,0.064500,0.075000,0.057000,0.098000,0.087500,0.115500,0.176000,0.383500
0.072500,0.039500,0.044000,0.064500,0.075000,0.057000,0.098000,0.087500,0.115500,0.176000,0.383500
0.072500,0.039500,0.044000,0.064500,0.075000,0.057000,0.098000,0.087500,0.115500,0.176000,0.383500
0.072500,0.039500,0.044000,0.064500,0.075000,0.057000,0.098000,0.087500,0.115500,0.176000,0.383500
0.072500,0.039500,0.044000,0.064500,0.075000,0.057000,0.098000,0.087500,0.115500,0.176000,0.383500
0.072500,0.039500,0.044000,0.064500,0.075000,0.057000,0.098000,0.087500,0.115500,0.176000,0.383500
0.072500,0.039500,0.044000,0.064500,0.075000,0.057000,0.098000,0.087500,0.115500,0.176000,0.383500
0.072500,0.039500,0.044000,0.064500,0.075000,0.057000,0.098000,0.087500,0.115500,0.176000,0.383500
0.072500,0.039500,0.044000,0.064500,0.075000,0.057000,0.098000,0.087500,0.115500,0.176000,0.383500
0.072500,0.039500,0.044000,0.064500,0.075000,0.057000,0.098000,0.087500,0.115500,0.176000,0.383500
0.072500,0.039500,0.044000,0.064500,0.075000,0.057000,0.098000,0.087500,0.115500,0.176000,0.383500
0.072500,0.039500,0.044000,0.064500,0.075000,0.057000,0.098000,0.087500,0.115500,0.176000,0.383500
0.072500,0.039500,0.044000,0.064500,0.075000,0.057000,0.098000,0.087500,0.115500,0.176000,0.383500
0.072500,0.039500,0.044000,0.064500,0.075000,0.057000,0.098000,0.087500,0.115500,0.176000,0.383500
0.072500,0.039500,0.044000,0.064500,0.075000,0.057000,0.098000,0.087500,0.115500,0.176000,0.383500
0.072500,0.039500,0.044000,0.064500,0.075000,0.057000,0.098000,0.087500,0.115500,0.176000,0.383500
0.072500,0.039500,0.044000,0.064500,0.075000,0.057000,0.098000,0.087500,0.115500,0.176000,0.383500
0.072500,0.039500,0.044000,0.064500,0.075000,0.057000,0.098000,0.087500,0.115500,0.176000,0.383500
0.072500,0.039500,0.044000,0.064500,0.075000,0.057000,0.098000,0.087500,0.115500,0.176000,0.383500
0.072500,0.039500,0.044000,0.064500,0.075000,0.057000,0.098000,0.087500,0.115500,0.176000,0.383500
0.072500,0.039500,0.044000,0.064500,0.075000,0.057000,0.098000,0.087500,0.115500,0.176000,0.383500
0.072500,0.039500,0.044000,0.064500,0.075000,0.057000,0.098000,0.087500,0.115500,0.176000,0.383500
0.072500,0.039500,0.044000,0.064500,0.075000,0.057000,0.098000,0.087500,0.115500,0.176000,0.383500
0.072500,0.039500,0.044000,0.064500,0.075000,0.057000,0.098000,0.087500,0.115500,0.176000,0.383500
0.072500,0.039500,0.044000,0.064500,0.075000,0.057000,0.098000,0.087500,0.115500,0.176000,0.383500
0.072500,0.039500,0.044000,0.064500,0.075000,0.057000,0.098000,0.087500,0.115500,0.176000,0.383500
0.072500,0.039500,0.044000,0.064500,0.075000,0.057000,0.098000,0.087500,0.115500,0.176000,0.383500
0.072500,0.039500,0.044000,0.064500,0.075000,0.057000,0.098000,0.087500,0.115500,0.176000,0.383500
0.072500,0.039500,0.044000,0.064500,0.075000,0.057000,0.098000,0.087500,0.115500,0.176000,0.383500
0.072500,0.039500,0.044000,0.064500,0.075000,0.057000,0.098000,0.087500,0.115500,0.176000,0.383500
0.072500,0.039500,0.044000,0.064500,0.075000,0.057000,0.098000,0.087500,0.115500,0.176000,0.383500
0.072500,0.039500,0.044000,0.064500,0.075000,0.057000,0.098000,0.087500,0.115500,0.176000,0.383500
0.072500,0.039500,0.044000,0.064500,0.075000,0.057000,0.098000,0.087500,0.115500,0.176000,0.383500
0.072500,0.039500,0.044000,0.064500,0.075000,0.057000,0.098000,0.087500,0.115500,0.176000,0.383500
0.072500,0.039500,0.044000,0.064500,0.075000,0.057000,0.098000,0.087500,0.115500,0.176000,0.383500
0.072500,0.039500,0.044000,0.064500,0.075000,0.057000,0.098000,0.087500,0.115500,0.176000,0.383500
0.072500,0.039500,0.044000,0.064500,0.075000,0.057000,0.098000,0.087500,0.115500,0.176000,0.383500
0.072500,0.039500,0.044000,0.064500,0.075000,0.057000,0.098000,0.087500,0.115500,0.176000,0.383500
0.072500,0.039500,0.044000,0.064500,0.075000,0.057000,0.098000,0.087500,0.115500,0.176000,0.383500
0.072500,0.039500,0.044000,0.064500,0.075000,0.057000,0.098000,0.087500,0.115500,0.176000,0.383500
0.072500,0.039500,0.044000,0.064500,0.075000,0.057000,0.098000,0.087500,0.115500,0.176000,0.383500
0.072500,0.039500,0.044000,0.064500,0.075000,0.057000,0.098000,0.087500,0.115500,0.641761,0.383500
0.072500,0.039500,0.044000,0.064500,0.075000,0.057000,0.098000,0.087500,0.115500,1.107522,0.383500
0.072500,0.039500,0.044000,0.064500,0.075000,0.057000,0.098000,0.087500,0.115500,1.573283,0.383500
0.072500,0.039500,0.044000,0.064500,0.075000,0.057000,0.098000,0.087500,0.115500,1.107522,0.383500
0.072500,0.039500,0.044000,0.064500,0.075000,0.057000,0.098000,0.087500,0.115500,0.641761,0.383500
0.072500,0.039500,0.044000,0.064500,0.075000,0.057000,0.098000,0.087500,0.115500,0.176000,0.383500
0.072500,0.039500,0.044000,0.064500,0.075000,0.057000,0.098000,0.087500,0.115500,0.176000,0.383500
0.072500,0.039500,0.044000,0.204559,0.075000,0.057000,0.098000,0.087500,0.115500,0.176000,0.383500
0.072500,0.039500,0.044000,0.344619,0.075000,0.057000,0.098000,0.087500,0.115500,0.176000,0.383500
0.072500,0.447884,0.044000,0.484678,0.075000,0.057000,0.098000,0.087500,0.115500,0.176000,0.383500
0.072500,0.856269,0.044000,0.344619,0.075000,0.057000,0.098000,0.087500,0.115500,0.176000,0.383500
0.072500,1.264653,0.044000,0.204559,0.075000,0.057000,0.098000,0.087500,0.115500,0.176000,0.383500
0.072500,0.856269,0.324060,0.064500,0.075000,0.057000,0.098000,0.087500,0.115500,0.176000,0.383500
0.185286,0.447884,0.604120,0.064500,0.075000,0.057000,0.098000,0.087500,0.115500,0.176000,0.383500
0.298072,0.039500,0.884180,0.064500,0.075000,0.057000,0.098000,0.087500,0.115500,0.176000,0.383500
0.410858,0.039500,0.604120,0.064500,0.075000,0.320394,0.098000,0.087500,0.115500,0.176000,1.592804
0.298072,0.039500,0.324060,0.064500,0.075000,0.583788,0.098000,0.087500,0.115500,0.176000,2.802108
0.185286,0.039500,0.044000,0.064500,0.075000,0.847182,0.098000,0.087500,0.115500,0.176000,4.011412
0.072500,0.039500,0.044000,0.064500,0.075000,0.583788,0.098000,0.087500,0.115500,0.176000,5.220715
0.072500,0.039500,0.044000,0.064500,0.075000,0.320394,0.098000,0.087500,0.115500,0.176000,4.011412
0.072500,0.039500,0.044000,0.064500,0.075000,0.057000,0.098000,0.087500,0.115500,0.176000,2.802108
0.072500,0.039500,0.044000,0.064500,0.075000,0.057000,0.098000,0.087500,0.115500,0.176000,1.592804
0.072500,0.039500,0.044000,0.064500,0.075000,0.057000,0.098000,0.087500,0.115500,0.176000,0.383500
0.072500,0.039500,0.044000,0.064500,0.075000,0.057000,0.098000,0.087500,0.115500,0.176000,0.383500
0.072500,0.039500,0.044000,0.064500,0.075000,0.057000,0.098000,0.087500,0.115500,0.176000,0.383500
0.072500,0.039500,0.044000,0.064500,0.075000,0.057000,0.098000,0.087500,0.115500,0.176000,0.383500
0.072500,0.039500,0.044000,0.064500,0.075000,0.057000,0.098000,0.087500,0.115500,0.176000,0.383500
0.072500,0.039500,0.044000,0.064500,0.075000,0.057000,0.098000,0.087500,0.115500,0.176000,0.383500
0.072500,0.039500,0.044000,0.064500,0.075000,0.057000,0.098000,0.087500,0.115500,0.176000,0.383500
0.072500,0.039500,0.044000,0.064500,0.075000,0.057000,0.098000,0.087500,0.115500,0.176000,0.383500
0.072500,0.039500,0.044000,0.064500,0.075000,0.057000,0.098000,0.087500,0.115500,0.176000,0.383500
0.072500,0.039500,0.044000,0.064500,0.075000,0.057000,0.098000,0.087500,0.115500,0.176000,0.383500
0.072500,0.039500,0.044000,0.064500,0.075000,0.057000,0.098000,0.087500,0.115500,0.176000,0.383500
0.072500,0.039500,0.044000,0.064500,0.075000,0.057000,0.098000,0.087500,0.115500,0.176000,0.383500
0.072500,0.039500,0.044000,0.064500,0.075000,0.057000,0.098000,0.087500,0.115500,0.176000,0.383500
0.072500,0.039500,0.044000,0.064500,0.075000,0.057000,0.098000,0.087500,0.115500,0.176000,0.383500
0.072500,0.039500,0.044000,0.064500,0.075000,0.057000,0.098000,0.087500,0.115500,0.176000,0.383500
0.072500,0.039500,0.044000,0.064500,0.075000,0.057000,0.098000,0.087500,0.115500,0.176000,0.383500
0.072500,0.039500,0.044000,0.064500,0.306134,0.057000,0.508791,0.087500,0.115500,0.176000,0.383500
0.072500,0.039500,0.044000,0.064500,0.537268,0.057000,0.919583,0.087500,0.115500,0.176000,0.383500
0.072500,0.039500,0.044000,0.064500,0.768402,0.057000,1.330374,0.087500,0.115500,0.176000,0.383500
0.072500,0.039500,0.044000,0.064500,0.537268,0.057000,0.919583,0.087500,0.115500,0.176000,0.383500
0.072500,0.039500,0.044000,0.064500,0.306134,0.057000,0.508791,0.087500,0.115500,0.176000,0.383500
0.072500,0.039500,0.044000,0.064500,0.075000,0.057000,0.098000,0.087500,0.115500,0.176000,0.383500
0.072500,0.039500,0.044000,0.064500,0.075000,0.057000,0.098000,0.087500,0.115500,0.176000,0.383500
0.072500,0.039500,0.044000,0.064500,0.075000,0.057000,0.098000,0.087500,0.115500,0.176000,0.383500
0.072500,0.039500,0.044000,0.064500,0.075000,0.057000,0.098000,0.087500,0.115500,0.176000,0.383500
0.072500,0.039500,0.044000,0.064500,0.075000,0.057000,0.098000,0.087500,0.115500,0.176000,0.383500
0.072500,0.039500,0.044000,0.064500,0.075000,0.057000,0.098000,0.087500,0.115500,0.176000,0.383500
0.072500,0.039500,0.044000,0.064500,0.075000,0.057000,0.098000,0.087500,0.115500,0.176000,0.383500
0.072500,0.039500,0.044000,0.064500,0.075000,0.057000,0.098000,0.087500,0.115500,0.176000,0.383500
0.072500,0.039500,0.044000,0.064500,0.075000,0.057000,0.098000,0.087500,0.115500,0.176000,0.383500
0.072500,0.039500,0.044000,0.064500,0.075000,0.057000,0.098000,0.087500,0.115500,0.176000,0.383500
0.072500,0.039500,0.044000,0.064500,0.075000,0.057000,0.098000,0.087500,0.115500,0.176000,0.383500
0.072500,0.039500,0.044000,0.064500,0.075000,0.057000,0.098000,0.087500,0.115500,0.176000,0.383500
0.072500,0.039500,0.044000,0.064500,0.075000,0.057000,0.098000,0.087500,0.115500,0.176000,0.383500
0.072500,0.039500,0.044000,0.064500,0.075000,0.057000,0.098000,0.087500,0.115500,0.176000,0.383500
0.072500,0.039500,0.044000,0.064500,0.075000,0.057000,0.098000,0.087500,0.858972,0.176000,0.383500
0.072500,0.039500,0.044000,0.064500,0.075000,0.057000,0.098000,0.113015,1.602445,0.176000,0.383500
0.072500,0.039500,0.044000,0.064500,0.075000,0.057000,0.098000,0.138530,2.345917,0.176000,0.383500
0.072500,0.039500,0.044000,0.064500,0.075000,0.057000,0.098000,0.164046,1.602445,0.176000,0.383500
0.072500,0.039500,0.044000,0.064500,0.075000,0.057000,0.098000,0.138530,0.858972,0.176000,0.383500
0.072500,0.039500,0.044000,0.064500,0.075000,0.057000,0.098000,0.113015,0.115500,0.176000,0.383500
0.072500,0.039500,0.044000,0.064500,0.075000,0.057000,0.098000,0.087500,0.115500,0.176000,0.383500
0.072500,0.039500,0.044000,0.064500,0.075000,0.057000,0.098000,0.087500,0.115500,0.176000,0.383500
0.072500,0.039500,0.044000,0.064500,0.075000,0.057000,0.098000,0.087500,0.115500,0.176000,0.383500
0.072500,0.039500,0.044000,0.064500,0.075000,0.057000,0.098000,0.087500,0.115500,0.176000,0.383500
0.072500,0.039500,0.044000,0.064500,0.075000,0.057000,0.098000,0.087500,0.115500,0.176000,0.383500
0.072500,0.039500,0.044000,0.064500,0.075000,0.057000,0.098000,0.087500,0.115500,0.176000,0.383500
0.072500,0.039500,0.044000,0.064500,0.075000,0.057000,0.098000,0.087500,0.115500,0.176000,0.383500
0.072500,0.039500,0.044000,0.064500,0.075000,0.057000,0.098000,0.087500,0.115500,0.176000,0.383500
0.072500,0.039500,0.044000,0.064500,0.075000,0.057000,0.098000,0.087500,0.115500,0.176000,0.383500
0.072500,0.039500,0.044000,0.064500,0.075000,0.057000,0.098000,0.087500,0.115500,0.176000,0.383500
0.072500,0.039500,0.044000,0.064500,0.075000,0.057000,0.098000,0.087500,0.115500,0.176000,0.383500
0.072500,0.039500,0.044000,0.064500,0.075000,0.057000,0.098000,0.087500,0.115500,0.176000,0.383500
0.072500,0.039500,0.044000,0.064500,0.075000,0.057000,0.098000,0.087500,0.115500,0.176000,0.383500
0.072500,0.039500,0.044000,0.064500,0.075000,0.057000,0.098000,0.087500,0.115500,0.176000,0.383500
0.072500,0.039500,0.044000,0.064500,0.075000,0.057000,0.098000,0.087500,0.115500,0.176000,0.383500
0.072500,0.039500,0.044000,0.064500,0.075000,0.057000,0.098000,0.087500,0.115500,0.176000,0.383500
0.072500,0.039500,0.044000,0.064500,0.075000,0.057000,0.098000,0.087500,0.115500,0.176000,0.383500
0.072500,0.039500,0.044000,0.064500,0.075000,0.057000,0.098000,0.087500,0.115500,0.176000,0.383500
0.072500,0.039500,0.044000,0.064500,0.075000,0.057000,0.098000,0.087500,0.115500,0.176000,0.383500
0.072500,0.039500,0.044000,0.064500,0.075000,0.057000,0.098000,0.087500,0.115500,0.176000,0.383500
0.072500,0.039500,0.044000,0.064500,0.075000,0.057000,0.098000,0.087500,0.115500,0.176000,0.383500
0.072500,0.039500,0.044000,0.064500,0.075000,0.057000,0.098000,0.087500,0.115500,0.176000,0.383500
0.072500,0.039500,0.044000,0.064500,0.075000,0.057000,0.098000,0.087500,0.115500,0.176000,0.383500
0.072500,0.039500,0.044000,0.064500,0.075000,0.057000,0.098000,0.087500,0.115500,0.176000,0.383500
0.072500,0.039500,0.044000,0.064500,0.075000,0.057000,0.098000,0.087500,0.115500,0.176000,0.383500
0.072500,0.039500,0.044000,0.064500,0.075000,0.057000,0.098000,0.087500,0.115500,0.176000,0.383500
0.072500,0.039500,0.044000,0.064500,0.075000,0.057000,0.098000,0.087500,0.115500,0.176000,0.383500
0.072500,0.039500,0.044000,0.064500,0.075000,0.057000,0.098000,0.087500,0.115500,0.176000,0.383500
0.072500,0.039500,0.044000,0.064500,0.075000,0.057000,0.098000,0.087500,0.115500,0.176000,0.383500
0.072500,0.039500,0.044000,0.064500,0.075000,0.057000,0.098000,0.087500,0.115500,0.176000,0.383500
0.072500,0.039500,0.044000,0.064500,0.075000,0.057000,0.098000,0.087500,0.115500,0.176000,0.383500
0.072500,0.039500,0.044000,0.064500,0.075000,0.057000,0.098000,0.087500,0.115500,0.176000,0.383500
0.072500,0.039500,0.044000,0.064500,0.075000,0.057000,0.098000,0.087500,0.115500,0.176000,0.383500
0.072500,0.039500,0.044000,0.064500,0.075000,0.057000,0.098000,0.087500,0.115500,0.176000,0.383500
0.072500,0.039500,0.044000,0.064500,0.075000,0.057000,0.098000,0.087500,0.115500,0.176000,0.383500
0.072500,0.039500,0.044000,0.064500,0.075000,0.057000,0.098000,0.087500,0.115500,0.176000,0.383500
0.072500,0.039500,0.044000,0.064500,0.075000,0.057000,0.098000,0.087500,0.115500,0.176000,0.383500
0.072500,0.039500,0.044000,0.064500,0.075000,0.057000,0.098000,0.087500,0.115500,0.176000,0.383500
0.072500,0.039500,0.044000,0.064500,0.075000,0.057000,0.098000,0.087500,0.115500,0.176000,0.383500
0.072500,0.039500,0.044000,0.064500,0.075000,0.057000,0.098000,0.087500,0.115500,0.176000,0.383500
0.072500,0.039500,0.044000,0.064500,0.075000,0.057000,0.098000,0.087500,0.115500,0.176000,0.383500
0.072500,0.039500,0.044000,0.064500,0.075000,0.057000,0.098000,0.087500,0.115500,0.176000,0.383500
0.072500,0.039500,0.044000,0.064500,0.075000,0.057000,0.098000,0.087500,0.115500,0.176000,0.383500
0.072500,0.039500,0.044000,0.064500,0.075000,0.057000,0.098000,0.087500,0.115500,0.176000,0.383500
0.072500,0.039500,0.044000,0.064500,0.075000,0.057000,0.098000,0.087500,0.115500,0.176000,0.383500
0.072500,0.039500,0.044000,0.064500,0.075000,0.057000,0.098000,0.087500,0.115500,0.176000,0.383500
0.072500,0.039500,0.044000,0.064500,0.075000,0.057000,0.098000,0.087500,0.115500,0.176000,0.383500
0.072500,0.039500,0.044000,0.064500,0.075000,0.057000,0.098000,0.087500,0.115500,0.176000,0.383500
0.072500,0.039500,0.044000,0.064500,0.075000,0.057000,0.098000,0.087500,0.115500,0.176000,0.383500
0.072500,0.039500,0.044000,0.064500,0.075000,0.057000,0.098000,0.087500,0.115500,0.176000,0.383500
0.072500,0.039500,0.044000,0.064500,0.075000,0.057000,0.098000,0.087500,0.115500,0.176000,0.383500
0.072500,0.039500,0.044000,0.064500,0.075000,0.057000,0.098000,0.087500,0.115500,0.176000,0.383500
0.072500,0.039500,0.044000,0.064500,0.075000,0.057000,0.098000,0.087500,0.115500,0.176000,0.383500
0.072500,0.039500,0.044000,0.064500,0.075000,0.057000,0.098000,0.087500,0.115500,0.176000,0.383500
0.072500,0.039500,0.044000,0.064500,0.075000,0.057000,0.098000,0.087500,0.115500,0.176000,0.383500
0.072500,0.039500,0.044000,0.064500,0.075000,0.057000,0.098000,0.087500,0.115500,0.176000,0.383500
0.072500,0.039500,0.044000,0.064500,0.075000,0.057000,0.098000,0.087500,0.115500,0.176000,0.383500
0.072500,0.039500,0.044000,0.064500,0.075000,0.057000,0.098000,0.087500,0.115500,0.176000,0.383500
0.072500,0.039500,0.044000,0.064500,0.075000,0.057000,0.098000,0.087500,0.115500,0.176000,0.383500
0.072500,0.039500,0.044000,0.064500,0.075000,0.057000,0.098000,0.087500,0.115500,0.176000,0.383500
0.072500,0.039500,0.044000,0.064500,0.075000,0.057000,0.098000,0.087500,0.115500,0.176000,0.383500
0.072500,0.039500,0.044000,0.064500,0.075000,0.057000,0.098000,0.087500,0.115500,0.176000,0.383500
0.072500,0.039500,0.044000,0.064500,0.075000,0.057000,0.098000,0.087500,0.115500,0.176000,0.383500
0.072500,0.039500,0.044000,0.064500,0.075000,0.057000,0.098000,0.087500,0.115500,0.176000,0.383500
0.072500,0.039500,0.044000,0.064500,0.075000,0.057000,0.098000,0.087500,0.115500,0.176000,0.383500
0.072500,0.039500,0.044000,0.064500,0.075000,0.057000,0.098000,0.087500,0.115500,0.176000,0.383500
0.072500,0.039500,0.044000,0.064500,0.075000,0.057000,0.098000,0.087500,0.115500,0.176000,0.383500
0.072500,0.039500,0.044000,0.064500,0.075000,0.057000,0.098000,0.087500,0.115500,0.176000,0.383500
0.072500,0.039500,0.044000,0.064500,0.075000,0.057000,0.098000,0.087500,0.115500,0.176000,0.383500
0.072500,0.039500,0.044000,0.064500,0.075000,0.057000,0.098000,0.087500,0.115500,0.176000,0.383500
0.072500,0.039500,0.044000,0.064500,0.075000,0.057000,0.098000,0.087500,0.115500,0.176000,0.383500
0.072500,0.039500,0.044000,0.064500,0.075000,0.057000,0.098000,0.087500,0.115500,0.176000,0.383500
0.072500,0.039500,0.044000,0.064500,0.075000,0.057000,0.098000,0.087500,0.115500,0.176000,0.383500
0.072500,0.039500,0.044000,0.064500,0.075000,0.057000,0.098000,0.087500,0.115500,0.176000,0.383500
0.072500,0.039500,0.044000,0.064500,0.075000,0.057000,0.098000,0.087500,0.115500,0.176000,0.383500
0.072500,0.039500,0.044000,0.064500,0.075000,0.057000,0.098000,0.087500,0.115500,0.176000,0.383500
0.072500,0.039500,0.044000,0.064500,0.075000,0.057000,0.098000,0.087500,0.115500,0.176000,0.383500
0.072500,0.039500,0.044000,0.064500,0.075000,0.057000,0.098000,0.087500,0.115500,0.176000,0.383500
0.072500,0.039500,0.044000,0.064500,0.075000,0.057000,0.098000,0.087500,0.115500,0.176000,0.383500
0.072500,0.039500,0.044000,0.064500,0.075000,0.057000,0.098000,0.087500,0.115500,0.176000,0.383500
0.072500,0.039500,0.044000,0.064500,0.075000,0.057000,0.098000,0.087500,0.115500,0.176000,0.383500
0.072500,0.039500,0.044000,0.064500,0.075000,0.057000,0.098000,0.087500,0.115500,0.176000,0.383500
0.072500,0.039500,0.044000,0.064500,0.075000,0.057000,0.098000,0.087500,0.115500,0.176000,0.383500
0.072500,0.039500,0.044000,0.064500,0.075000,0.057000,0.098000,0.087500,0.115500,0.176000,0.383500
0.072500,0.039500,0.044000,0.064500,0.075000,0.057000,0.098000,0.087500,0.115500,0.176000,0.383500
0.072500,0.039500,0.044000,0.064500,0.075000,0.057000,0.098000,0.087500,0.115500,0.176000,0.383500
0.072500,0.039500,0.044000,0.064500,0.075000,0.057000,0.098000,0.087500,0.115500,0.176000,0.383500
0.072500,0.039500,0.044000,0.064500,0.075000,0.057000,0.098000,0.087500,0.115500,0.176000,0.383500
0.072500,0.039500,0.044000,0.064500,0.075000,0.057000,0.098000,0.087500,0.115500,0.176000,0.383500
0.072500,0.039500,0.044000,0.064500,0.075000,0.057000,0.098000,0.087500,0.115500,0.176000,0.383500
0.072500,0.039500,0.044000,0.064500,0.075000,0.057000,0.098000,0.087500,0.115500,0.176000,0.383500
0.072500,0.039500,0.044000,0.064500,0.075000,0.057000,0.098000,0.087500,0.115500,0.176000,0.383500
0.072500,0.039500,0.044000,0.064500,0.075000,0.057000,0.098000,0.087500,0.115500,0.176000,0.383500
0.072500,0.039500,0.044000,0.064500,0.075000,0.057000,0.098000,0.087500,0.115500,0.176000,0.383500
0.072500,0.039500,0.044000,0.064500,0.075000,0.057000,0.098000,0.087500,0.115500,0.176000,0.383500
0.072500,0.039500,0.044000,0.064500,0.075000,0.057000,0.098000,0.087500,0.115500,0.176000,0.383500
0.072500,0.039500,0.044000,0.064500,0.075000,0.057000,0.098000,0.087500,0.115500,0.176000,0.383500
0.072500,0.039500,0.044000,0.064500,0.075000,0.057000,0.098000,0.087500,0.115500,0.176000,0.383500
0.072500,0.039500,0.044000,0.064500,0.075000,0.057000,0.098000,0.087500,0.115500,0.176000,0.383500
0.072500,0.039500,0.044000,0.064500,0.075000,0.057000,0.098000,0.087500,0.115500,0.176000,0.383500
0.072500,0.039500,0.044000,0.064500,0.075000,0.057000,0.098000,0.087500,0.115500,0.176000,0.383500
0.072500,0.039500,0.044000,0.064500,0.075000,0.057000,0.098000,0.087500,0.115500,0.176000,0.383500
0.072500,0.039500,0.044000,0.064500,0.075000,0.057000,0.098000,0.087500,0.115500,0.176000,0.383500
0.072500,0.039500,0.044000,0.064500,0.075000,0.057000,0.098000,0.087500,0.115500,0.176000,0.383500
0.072500,0.039500,0.044000,0.064500,0.075000,0.057000,0.098000,0.087500,0.115500,0.176000,0.383500
0.072500,0.039500,0.044000,0.064500,0.075000,0.057000,0.098000,0.087500,0.115500,0.176000,0.383500
0.072500,0.039500,0.044000,0.064500,0.075000,0.057000,0.098000,0.087500,0.115500,0.176000,0.383500
0.072500,0.039500,0.044000,0.064500,0.075000,0.057000,0.098000,0.087500,0.115500,0.176000,0.383500
0.072500,0.039500,0.044000,0.064500,0.075000,0.057000,0.098000,0.087500,0.115500,0.176000,0.383500
0.072500,0.039500,0.044000,0.064500,0.075000,0.057000,0.098000,0.087500,0.115500,0.176000,0.383500
0.072500,0.039500,0.044000,0.064500,0.075000,0.057000,0.098000,0.087500,0.115500,0.176000,0.383500
0.072500,0.039500,0.044000,0.064500,0.075000,0.057000,0.098000,0.087500,0.115500,0.176000,0.383500
0.072500,0.039500,0.044000,0.064500,0.075000,0.057000,0.098000,0.087500,0.115500,0.176000,0.383500
0.072500,0.039500,0.044000,0.064500,0.075000,0.057000,0.098000,0.087500,0.115500,0.176000,0.383500
0.072500,0.039500,0.044000,0.064500,0.075000,0.057000,0.098000,0.087500,0.115500,0.176000,0.383500
0.072500,0.039500,0.044000,0.064500,0.075000,0.057000,0.098000,0.087500,0.115500,0.176000,0.383500
0.072500,0.039500,0.044000,0.064500,0.075000,0.057000,0.098000,0.087500,0.115500,0.176000,0.383500
0.072500,0.039500,0.044000,0.064500,0.075000,0.057000,0.098000,0.087500,0.115500,0.176000,0.383500
0.072500,0.039500,0.044000,0.064500,0.075000,0.057000,0.098000,0.087500,0.115500,0.176000,0.383500
0.072500,0.039500,0.044000,0.064500,0.075000,0.057000,0.098000,0.087500,0.115500,0.176000,0.383500
0.072500,0.039500,0.044000,0.064500,0.075000,0.057000,0.098000,0.087500,0.115500,0.176000,0.383500
0.072500,0.039500,0.044000,0.064500,0.075000,0.057000,0.098000,0.087500,0.115500,0.176000,0.383500
0.072500,0.039500,0.044000,0.064500,0.075000,0.057000,0.098000,0.087500,0.115500,0.176000,0.383500
0.072500,0.039500,0.044000,0.064500,0.075000,0.057000,0.098000,0.087500,0.115500,0.176000,0.383500
0.072500,0.039500,0.044000,0.064500,0.075000,0.057000,0.098000,0.087500,0.115500,0.176000,0.383500
0.072500,0.039500,0.044000,0.064500,0.075000,0.057000,0.098000,0.087500,0.115500,0.176000,0.383500
0.072500,0.039500,0.044000,0.064500,0.075000,0.057000,0.098000,0.087500,0.115500,0.176000,0.383500
0.072500,0.039500,0.044000,0.064500,0.075000,0.057000,0.098000,0.087500,0.115500,0.176000,0.383500
0.072500,0.039500,0.044000,0.064500,0.075000,0.057000,0.098000,0.087500,0.115500,0.176000,0.383500
0.072500,0.039500,0.044000,0.064500,0.075000,0.057000,0.098000,0.087500,0.115500,0.176000,0.383500
0.072500,0.039500,0.044000,0.064500,0.075000,0.057000,0.098000,0.087500,0.115500,0.176000,0.383500
0.072500,0.039500,0.044000,0.064500,0.075000,0.057000,0.098000,0.087500,0.115500,0.176000,0.383500
0.072500,0.039500,0.044000,0.064500,0.075000,0.057000,0.098000,0.087500,0.115500,0.176000,0.383500
0.072500,0.039500,0.044000,0.064500,0.075000,0.057000,0.098000,0.087500,0.115500,0.176000,0.383500
0.072500,0.039500,0.044000,0.064500,0.075000,0.057000,0.098000,0.087500,0.115500,0.176000,0.383500
0.072500,0.039500,0.044000,0.064500,0.075000,0.057000,0.098000,0.087500,0.115500,0.176000,0.383500
0.072500,0.039500,0.044000,0.064500,0.075000,0.057000,0.098000,0.087500,0.115500,0.176000,0.383500
0.072500,0.039500,0.044000,0.064500,0.075000,0.057000,0.098000,0.087500,0.115500,0.176000,0.383500
0.072500,0.039500,0.044000,0.064500,0.075000,0.057000,0.098000,0.087500,0.115500,0.176000,0.383500
0.072500,0.039500,0.044000,0.064500,0.075000,0.057000,0.098000,0.087500,0.115500,0.176000,0.383500
0.072500,0.039500,0.044000,0.064500,0.075000,0.057000,0.098000,0.087500,0.115500,0.176000,0.383500
0.072500,0.039500,0.044000,0.064500,0.075000,0.057000,0.098000,0.087500,0.115500,0.176000,0.383500
0.072500,0.039500,0.044000,0.064500,0.075000,0.057000,0.098000,0.087500,0.115500,0.176000,0.383500
0.072500,0.039500,0.044000,0.064500,0.075000,0.057000,0.098000,0.087500,0.115500,0.176000,0.383500
0.072500,0.039500,0.044000,0.064500,0.075000,0.057000,0.098000,0.087500,0.115500,0.176000,0.383500
0.072500,0.039500,0.044000,0.064500,0.075000,0.057000,0.098000,0.087500,0.115500,0.176000,0.383500
0.072500,0.039500,0.044000,0.064500,0.075000,0.057000,0.098000,0.087500,0.115500,0.176000,0.383500
0.072500,0.039500,0.044000,0.064500,0.075000,0.057000,0.098000,0.087500,0.115500,0.176000,0.383500
0.072500,0.039500,0.044000,0.064500,0.075000,0.057000,0.098000,0.087500,0.115500,0.176000,0.383500
0.072500,0.039500,0.044000,0.064500,0.075000,0.057000,0.098000,0.087500,0.115500,0.176000,0.383500
0.072500,0.039500,0.044000,0.064500,0.075000,0.057000,0.098000,0.087500,0.115500,0.176000,0.383500
0.072500,0.039500,0.044000,0.064500,0.075000,0.057000,0.098000,0.087500,0.115500,0.176000,0.383500
0.072500,0.039500,0.044000,0.064500,0.075000,0.057000,0.098000,0.087500,0.115500,0.176000,0.383500
0.072500,0.039500,0.044000,0.064500,0.075000,0.057000,0.098000,0.087500,0.115500,0.176000,0.383500
0.072500,0.039500,0.044000,0.064500,0.075000,0.057000,0.098000,0.087500,0.115500,0.176000,0.383500
0.072500,0.039500,0.044000,0.064500,0.075000,0.057000,0.098000,0.087500,0.115500,0.176000,0.383500
0.072500,0.039500,0.044000,0.064500,0.075000,0.057000,0.098000,0.087500,0.115500,0.176000,0.383500
0.072500,0.039500,0.044000,0.064500,0.075000,0.057000,0.098000,0.087500,0.115500,0.176000,0.383500
0.072500,0.039500,0.044000,0.064500,0.075000,0.057000,0.098000,0.087500,0.115500,0.176000,0.383500
0.072500,0.039500,0.044000,0.064500,0.075000,0.057000,0.098000,0.087500,0.115500,0.176000,0.383500
0.072500,0.039500,0.044000,0.064500,0.075000,0.057000,0.098000,0.087500,0.115500,0.176000,0.383500
0.072500,0.039500,0.044000,0.064500,0.075000,0.057000,0.098000,0.087500,0.115500,0.176000,0.383500
0.072500,0.039500,0.044000,0.064500,0.075000,0.057000,0.098000,0.087500,0.115500,0.176000,0.383500
0.072500,0.039500,0.044000,0.064500,0.075000,0.057000,0.098000,0.087500,0.115500,0.176000,0.383500
0.072500,0.039500,0.044000,0.064500,0.075000,0.057000,0.098000,0.087500,0.115500,0.176000,0.383500
0.072500,0.039500,0.044000,0.064500,0.075000,0.057000,0.098000,0.087500,0.115500,0.176000,0.383500
0.072500,0.039500,0.044000,0.064500,0.075000,0.057000,0.098000,0.087500,0.115500,0.176000,0.383500
0.072500,0.039500,0.044000,0.064500,0.075000,0.057000,0.098000,0.087500,0.115500,0.176000,0.383500
0.072500,0.039500,0.044000,0.064500,0.075000,0.057000,0.098000,0.087500,0.115500,0.176000,0.383500
0.072500,0.039500,0.044000,0.064500,0.075000,0.057000,0.098000,0.087500,0.115500,0.176000,0.383500
0.072500,0.039500,0.044000,0.064500,0.075000,0.057000,0.098000,0.087500,0.115500,0.176000,0.383500
0.072500,0.039500,0.044000,0.064500,0.075000,0.057000,0.098000,0.087500,0.115500,0.176000,0.383500
0.072500,0.039500,0.044000,0.064500,0.075000,0.057000,0.098000,0.087500,0.115500,0.176000,0.383500
0.072500,0.039500,0.044000,0.064500,0.075000,0.057000,0.098000,0.087500,0.115500,0.176000,0.383500
0.072500,0.039500,0.044000,0.064500,0.075000,0.057000,0.098000,0.087500,0.115500,0.176000,0.383500
0.072500,0.039500,0.044000,0.064500,0.075000,0.057000,0.098000,0.087500,0.115500,0.176000,0.383500
0.072500,0.039500,0.044000,0.064500,0.075000,0.057000,0.098000,0.087500,0.115500,0.176000,0.383500
0.072500,0.039500,0.044000,0.064500,0.075000,0.057000,0.098000,0.087500,0.115500,0.176000,0.383500
0.072500,0.039500,0.044000,0.064500,0.075000,0.057000,0.098000,0.087500,0.115500,0.176000,0.383500
0.072500,0.039500,0.044000,0.064500,0.075000,0.057000,0.098000,0.087500,0.115500,0.176000,0.383500
0.072500,0.039500,0.044000,0.064500,0.075000,0.057000,0.098000,0.087500,0.115500,0.176000,0.383500
0.072500,0.039500,0.044000,0.064500,0.075000,0.057000,0.098000,0.087500,0.115500,0.176000,0.383500
0.072500,0.039500,0.044000,0.064500,0.075000,0.057000,0.098000,0.087500,0.115500,0.176000,0.383500
0.072500,0.039500,0.044000,0.064500,0.075000,0.057000,0.098000,0.087500,0.115500,0.176000,0.383500
0.072500,0.039500,0.044000,0.064500,0.075000,0.057000,0.098000,0.087500,0.115500,0.176000,0.383500
0.072500,0.039500,0.044000,0.064500,0.075000,0.057000,0.098000,0.087500,0.115500,0.176000,0.383500
0.072500,0.039500,0.044000,0.064500,0.075000,0.057000,0.098000,0.087500,0.115500,0.176000,0.383500
0.072500,0.039500,0.044000,0.064500,0.075000,0.057000,0.098000,0.087500,0.115500,0.176000,0.383500
0.072500,0.039500,0.044000,0.064500,0.075000,0.057000,0.098000,0.087500,0.115500,0.176000,0.383500
0.072500,0.039500,0.044000,0.064500,0.075000,0.057000,0.098000,0.087500,0.115500,0.176000,0.383500
0.072500,0.039500,0.044000,0.064500,0.075000,0.057000,0.098000,0.087500,0.115500,0.176000,0.383500
0.072500,0.039500,0.044000,0.064500,0.075000,0.057000,0.098000,0.087500,0.115500,0.176000,0.383500
0.072500,0.039500,0.044000,0.064500,0.075000,0.057000,0.098000,0.087500,0.115500,0.176000,0.383500
0.072500,0.039500,0.044000,0.064500,0.075000,0.057000,0.098000,0.087500,0.115500,0.176000,0.383500
0.072500,0.039500,0.044000,0.064500,0.075000,0.057000,0.098000,0.087500,0.115500,0.176000,0.383500
0.072500,0.039500,0.044000,0.064500,0.075000,0.057000,0.098000,0.087500,0.115500,0.176000,0.383500
0.072500,0.039500,0.044000,0.064500,0.075000,0.057000,0.098000,0.087500,0.115500,0.176000,0.383500
0.072500,0.039500,0.044000,0.064500,0.075000,0.057000,0.098000,0.087500,0.115500,0.176000,0.383500
0.072500,0.039500,0.044000,0.064500,0.075000,0.057000,0.098000,0.087500,0.115500,0.176000,0.383500
0.072500,0.039500,0.044000,0.064500,0.075000,0.057000,0.098000,0.087500,0.115500,0.176000,0.383500
0.072500,0.039500,0.044000,0.064500,0.075000,0.057000,0.098000,0.087500,0.115500,0.176000,0.383500
0.072500,0.039500,0.044000,0.064500,0.075000,0.057000,0.098000,0.087500,0.115500,0.176000,0.383500
0.072500,0.039500,0.044000,0.064500,0.075000,0.057000,0.098000,0.087500,0.115500,0.176000,0.383500
0.072500,0.039500,0.044000,0.064500,0.075000,0.057000,0.098000,0.087500,0.115500,0.176000,0.383500
0.072500,0.039500,0.044000,0.064500,0.075000,0.057000,0.098000,0.087500,0.115500,0.176000,0.383500
0.072500,0.039500,0.044000,0.064500,0.075000,0.057000,0.098000,0.087500,0.115500,0.176000,0.383500
0.072500,0.039500,0.044000,0.064500,0.075000,0.057000,0.098000,0.087500,0.115500,0.176000,0.383500
0.072500,0.039500,0.044000,0.064500,0.075000,0.057000,0.098000,0.087500,0.115500,0.176000,0.383500
0.072500,0.039500,0.044000,0.064500,0.075000,0.057000,0.098000,0.087500,0.115500,0.176000,0.383500
0.072500,0.039500,0.044000,0.064500,0.075000,0.057000,0.098000,0.087500,0.115500,0.176000,0.383500
0.072500,0.039500,0.044000,0.064500,0.075000,0.057000,0.098000,0.087500,0.115500,0.176000,0.383500
0.072500,0.039500,0.044000,0.064500,0.075000,0.057000,0.098000,0.087500,0.115500,0.176000,0.383500
0.072500,0.039500,0.044000,0.064500,0.075000,0.057000,0.098000,0.087500,0.115500,0.176000,0.383500
0.072500,0.039500,0.044000,0.064500,0.075000,0.057000,0.098000,0.087500,0.115500,0.176000,0.383500
0.072500,0.039500,0.044000,0.064500,0.075000,0.057000,0.098000,0.087500,0.115500,0.176000,0.383500
0.072500,0.039500,0.044000,0.064500,0.075000,0.057000,0.098000,0.087500,0.115500,0.176000,0.383500
0.072500,0.039500,0.044000,0.064500,0.075000,0.057000,0.098000,0.087500,0.115500,0.176000,0.383500
0.072500,0.039500,0.044000,0.064500,0.075000,0.057000,0.098000,0.087500,0.115500,0.176000,0.383500
0.072500,0.039500,0.044000,0.064500,0.075000,0.057000,0.098000,0.087500,0.115500,0.176000,0.383500
0.072500,0.039500,0.044000,0.064500,0.075000,0.057000,0.098000,0.087500,0.115500,0.176000,0.383500
0.072500,0.039500,0.044000,0.064500,0.075000,0.057000,0.098000,0.087500,0.115500,0.176000,0.383500
0.072500,0.039500,0.044000,0.064500,0.075000,0.057000,0.098000,0.087500,0.115500,0.176000,0.383500
0.072500,0.039500,0.044000,0.064500,0.075000,0.057000,0.098000,0.087500,0.115500,0.176000,0.383500
0.072500,0.039500,0.044000,0.064500,0.075000,0.057000,0.098000,0.087500,0.115500,0.176000,0.383500
0.072500,0.039500,0.044000,0.064500,0.075000,0.057000,0.098000,0.087500,0.115500,0.176000,0.383500
0.072500,0.039500,0.044000,0.064500,0.075000,0.057000,0.098000,0.087500,0.115500,0.176000,0.383500
0.072500,0.039500,0.044000,0.064500,0.075000,0.057000,0.098000,0.087500,0.115500,0.176000,0.383500
0.072500,0.039500,0.044000,0.064500,0.075000,0.057000,0.098000,0.087500,0.115500,0.176000,0.383500
0.072500,0.039500,0.044000,0.064500,0.075000,0.057000,0.098000,0.087500,0.115500,0.176000,0.383500
0.072500,0.039500,0.044000,0.064500,0.075000,0.057000,0.098000,0.087500,0.115500,0.176000,0.383500
0.072500,0.039500,0.044000,0.064500,0.075000,0.057000,0.098000,0.087500,0.115500,0.176000,0.383500
0.072500,0.039500,0.044000,0.064500,0.075000,0.057000,0.098000,0.087500,0.115500,0.176000,0.383500
0.072500,0.039500,0.044000,0.064500,0.075000,0.057000,0.098000,0.087500,0.115500,0.176000,0.383500
0.072500,0.039500,0.044000,0.064500,0.075000,0.057000,0.098000,0.087500,0.115500,0.176000,0.383500
0.072500,0.039500,0.044000,0.064500,0.075000,0.057000,0.098000,0.087500,0.115500,0.176000,0.383500
0.072500,0.039500,0.044000,0.064500,0.075000,0.057000,0.098000,0.087500,0.115500,0.176000,0.383500
0.072500,0.039500,0.044000,0.064500,0.075000,0.057000,0.098000,0.087500,0.115500,0.176000,0.383500
0.072500,0.039500,0.044000,0.064500,0.075000,0.057000,0.098000,0.087500,0.115500,0.176000,0.383500
0.072500,0.039500,0.044000,0.064500,0.075000,0.057000,0.098000,0.087500,0.115500,0.176000,0.383500
0.072500,0.039500,0.044000,0.064500,0.075000,0.057000,0.098000,0.087500,0.115500,0.176000,0.383500
0.072500,0.039500,0.044000,0.064500,0.075000,0.057000,0.098000,0.087500,0.115500,0.176000,0.383500
0.072500,0.039500,0.044000,0.064500,0.075000,0.057000,0.098000,0.087500,0.115500,0.176000,0.383500
0.072500,0.039500,0.044000,0.064500,0.075000,0.057000,0.098000,0.087500,0.115500,0.176000,0.383500
0.072500,0.039500,0.044000,0.064500,0.075000,0.057000,0.098000,0.087500,0.115500,0.176000,0.383500
0.072500,0.039500,0.044000,0.064500,0.075000,0.057000,0.098000,0.087500,0.115500,0.176000,0.383500
0.072500,0.039500,0.044000,0.064500,0.075000,0.057000,0.098000,0.087500,0.115500,0.176000,0.383500
0.072500,0.039500,0.044000,0.064500,0.075000,0.057000,0.098000,0.087500,0.115500,0.176000,0.383500
0.072500,0.039500,0.044000,0.064500,0.075000,0.057000,0.098000,0.087500,0.115500,0.176000,0.383500
0.072500,0.039500,0.044000,0.064500,0.075000,0.057000,0.098000,0.087500,0.115500,0.176000,0.383500
0.072500,0.039500,0.044000,0.064500,0.075000,0.057000,0.098000,0.087500,0.115500,0.176000,0.383500
0.072500,0.039500,0.044000,0.064500,0.075000,0.057000,0.098000,0.087500,0.115500,0.176000,0.383500
0.072500,0.039500,0.044000,0.064500,0.075000,0.057000,0.098000,0.087500,0.115500,0.176000,0.383500
0.072500,0.039500,0.044000,0.064500,0.075000,0.057000,0.098000,0.087500,0.115500,0.176000,0.383500
0.072500,0.039500,0.044000,0.064500,0.075000,0.057000,0.098000,0.087500,0.115500,0.176000,0.383500
0.072500,0.039500,0.044000,0.064500,0.075000,0.057000,0.098000,0.087500,0.115500,0.176000,0.383500
0.072500,0.039500,0.044000,0.064500,0.075000,0.057000,0.098000,0.087500,0.115500,0.176000,0.383500
0.072500,0.039500,0.044000,0.064500,0.075000,0.057000,0.098000,0.087500,0.115500,0.176000,0.383500
0.072500,0.039500,0.044000,0.064500,0.075000,0.057000,0.098000,0.087500,0.115500,0.176000,0.383500
0.072500,0.039500,0.044000,0.064500,0.075000,0.057000,0.098000,0.087500,0.115500,0.176000,0.383500
0.072500,0.039500,0.044000,0.064500,0.075000,0.057000,0.098000,0.087500,0.115500,0.176000,0.383500
0.072500,0.039500,0.044000,0.064500,0.075000,0.057000,0.098000,0.087500,0.115500,0.176000,0.383500
0.072500,0.039500,0.044000,0.064500,0.075000,0.057000,0.098000,0.087500,0.115500,0.176000,0.383500
0.072500,0.039500,0.044000,0.064500,0.075000,0.057000,0.098000,0.087500,0.115500,0.176000,0.383500
0.072500,0.039500,0.044000,0.064500,0.075000,0.057000,0.098000,0.087500,0.115500,0.176000,0.383500
0.072500,0.039500,0.044000,0.064500,0.075000,0.057000,0.098000,0.087500,0.115500,0.176000,0.383500
0.072500,0.039500,0.044000,0.064500,0.075000,0.057000,0.098000,0.087500,0.115500,0.176000,0.383500
0.072500,0.039500,0.044000,0.064500,0.075000,0.057000,0.098000,0.087500,0.115500,0.176000,0.383500
0.072500,0.039500,0.044000,0.064500,0.075000,0.057000,0.098000,0.087500,0.115500,0.176000,0.383500
0.072500,0.039500,0.044000,0.064500,0.075000,0.057000,0.098000,0.087500,0.115500,0.176000,0.383500
0.072500,0.039500,0.044000,0.064500,0.075000,0.057000,0.098000,0.087500,0.115500,0.176000,0.383500
0.072500,0.039500,0.044000,0.064500,0.075000,0.057000,0.098000,0.087500,0.115500,0.176000,0.383500
0.072500,0.039500,0.044000,0.064500,0.075000,0.057000,0.098000,0.087500,0.115500,0.176000,0.383500
0.072500,0.039500,0.044000,0.064500,0.075000,0.057000,0.098000,0.087500,0.115500,0.176000,0.383500
0.072500,0.039500,0.044000,0.064500,0.075000,0.057000,0.098000,0.087500,0.115500,0.176000,0.383500
0.072500,0.039500,0.044000,0.064500,0.075000,0.057000,0.098000,0.087500,0.115500,0.176000,0.383500
0.072500,0.039500,0.044000,0.064500,0.075000,0.057000,0.098000,0.087500,0.115500,0.176000,0.383500
0.072500,0.039500,0.044000,0.064500,0.075000,0.057000,0.098000,0.087500,0.115500,0.176000,0.383500
0.072500,0.039500,0.044000,0.064500,0.075000,0.057000,0.098000,0.087500,0.115500,0.176000,0.383500
0.072500,0.039500,0.044000,0.064500,0.075000,0.057000,0.098000,0.087500,0.115500,0.176000,0.383500
0.072500,0.039500,0.044000,0.064500,0.075000,0.057000,0.098000,0.087500,0.115500,0.176000,0.383500
0.072500,0.039500,0.044000,0.064500,0.075000,0.057000,0.098000,0.087500,0.115500,0.176000,0.383500
0.072500,0.039500,0.044000,0.064500,0.075000,0.057000,0.098000,0.087500,0.115500,0.176000,0.383500
0.072500,0.039500,0.044000,0.064500,0.075000,0.057000,0.098000,0.087500,0.115500,0.176000,0.383500
0.072500,0.039500,0.044000,0.064500,0.075000,0.057000,0.098000,0.087500,0.115500,0.176000,0.383500
0.072500,0.039500,0.044000,0.064500,0.075000,0.057000,0.098000,0.087500,0.115500,0.176000,0.383500
0.072500,0.039500,0.044000,0.064500,0.075000,0.057000,0.098000,0.087500,0.115500,0.176000,0.383500
0.072500,0.039500,0.044000,0.064500,0.075000,0.057000,0.098000,0.087500,0.115500,0.176000,0.383500
0.072500,0.039500,0.044000,0.064500,0.075000,0.057000,0.098000,0.087500,0.115500,0.176000,0.383500
0.072500,0.039500,0.044000,0.064500,0.075000,0.057000,0.098000,0.087500,0.115500,0.176000,0.383500
0.072500,0.039500,0.044000,0.064500,0.075000,0.057000,0.098000,0.087500,0.115500,0.176000,0.383500
0.072500,0.039500,0.044000,0.064500,0.075000,0.057000,0.098000,0.087500,0.115500,0.176000,0.383500
0.072500,0.039500,0.044000,0.064500,0.075000,0.057000,0.098000,0.087500,0.115500,0.176000,0.383500
0.072500,0.039500,0.044000,0.064500,0.075000,0.057000,0.098000,0.087500,0.115500,0.176000,0.383500
0.072500,0.039500,0.044000,0.064500,0.075000,0.057000,0.098000,0.087500,0.115500,0.176000,0.383500
0.072500,0.039500,0.044000,0.064500,0.075000,0.057000,0.098000,0.087500,0.115500,0.176000,0.383500
0.072500,0.039500,0.044000,0.064500,0.075000,0.057000,0.098000,0.087500,0.115500,0.176000,0.383500
0.072500,0.039500,0.044000,0.064500,0.075000,0.057000,0.098000,0.087500,0.115500,0.176000,0.383500
0.072500,0.039500,0.044000,0.064500,0.075000,0.057000,0.098000,0.087500,0.115500,0.176000,0.383500
0.072500,0.039500,0.044000,0.064500,0.075000,0.057000,0.098000,0.087500,0.115500,0.176000,0.383500
0.072500,0.039500,0.044000,0.064500,0.075000,0.057000,0.098000,0.087500,0.115500,0.176000,0.383500
0.072500,0.039500,0.044000,0.064500,0.075000,0.057000,0.098000,0.087500,0.115500,0.176000,0.383500
0.072500,0.039500,0.044000,0.064500,0.075000,0.057000,0.098000,0.087500,0.115500,0.176000,0.383500
0.072500,0.039500,0.044000,0.064500,0.075000,0.057000,0.098000,0.087500,0.115500,0.176000,0.383500
0.072500,0.039500,0.044000,0.064500,0.075000,0.057000,0.098000,0.087500,0.115500,0.176000,0.383500
0.072500,0.039500,0.044000,0.064500,0.075000,0.057000,0.098000,0.087500,0.115500,0.176000,0.383500
0.072500,0.039500,0.044000,0.064500,0.075000,0.057000,0.098000,0.087500,0.115500,0.176000,0.383500
0.072500,0.039500,0.044000,0.064500,0.075000,0.057000,0.098000,0.087500,0.115500,0.176000,0.383500
0.072500,0.039500,0.044000,0.064500,0.075000,0.057000,0.098000,0.087500,0.115500,0.176000,0.383500
0.072500,0.039500,0.044000,0.064500,0.075000,0.057000,0.098000,0.087500,0.115500,0.176000,0.383500
0.072500,0.039500,0.044000,0.064500,0.075000,0.057000,0.098000,0.087500,0.115500,0.176000,0.383500
0.072500,0.039500,0.044000,0.064500,0.075000,0.057000,0.098000,0.087500,0.115500,0.176000,0.383500
0.072500,0.039500,0.044000,0.064500,0.075000,0.057000,0.098000,0.087500,0.115500,0.176000,0.383500
0.072500,0.039500,0.044000,0.064500,0.075000,0.057000,0.098000,0.087500,0.115500,0.176000,0.383500
0.072500,0.039500,0.044000,0.064500,0.075000,0.057000,0.098000,0.087500,0.115500,0.176000,0.383500
0.072500,0.039500,0.044000,0.064500,0.075000,0.057000,0.098000,0.087500,0.115500,0.176000,0.383500
0.072500,0.039500,0.044000,0.064500,0.075000,0.057000,1.232960,0.087500,0.115500,0.176000,0.383500
0.072500,0.039500,0.044000,0.064500,0.075000,0.057000,2.367919,0.087500,0.115500,0.176000,0.383500
0.072500,0.576068,0.044000,0.064500,0.075000,0.057000,3.502879,0.087500,0.115500,0.176000,0.383500
0.072500,1.112636,0.044000,0.064500,0.075000,0.057000,2.367919,0.087500,0.115500,0.176000,0.383500
0.072500,1.649204,0.044000,0.064500,0.075000,0.057000,1.232960,0.087500,0.115500,0.176000,0.383500
0.072500,1.112636,0.044000,0.064500,0.075000,0.057000,0.098000,0.087500,0.115500,0.176000,0.383500
0.640434,0.576068,0.044000,0.064500,0.075000,0.057000,0.098000,0.087500,0.115500,0.176000,0.383500
1.208367,0.039500,0.044000,0.064500,0.358523,0.057000,0.098000,0.087500,0.115500,0.176000,0.383500
1.776301,0.039500,0.044000,0.064500,0.642045,0.057000,0.098000,0.087500,0.115500,0.176000,0.383500
1.208367,0.039500,0.044000,0.064500,0.925568,0.057000,0.098000,0.087500,0.115500,0.176000,0.383500
0.640434,0.039500,0.044000,0.064500,0.642045,0.057000,0.098000,0.087500,0.115500,0.176000,0.383500
0.072500,0.039500,0.044000,0.064500,0.358523,1.132101,0.098000,0.087500,0.115500,0.176000,0.383500
0.072500,0.039500,0.044000,0.064500,0.075000,2.207203,0.098000,0.087500,0.115500,0.176000,0.383500
0.072500,0.039500,0.044000,0.064500,0.075000,3.282304,0.098000,0.087500,0.115500,0.176000,1.091045
0.072500,0.039500,0.044000,0.064500,0.075000,2.207203,0.098000,0.087500,0.115500,0.176000,1.798589
0.072500,0.039500,0.044000,0.064500,0.075000,1.132101,0.098000,0.087500,0.624718,0.176000,2.506134
0.072500,0.039500,0.044000,0.064500,0.075000,0.057000,0.098000,0.087500,1.133935,0.176000,3.213679
0.072500,0.039500,0.044000,0.064500,0.075000,0.057000,0.098000,0.087500,1.643153,0.176000,2.506134
0.072500,0.039500,0.044000,0.064500,0.075000,0.057000,0.098000,0.087500,1.133935,0.176000,1.798589
0.072500,0.039500,0.044000,0.064500,0.075000,0.057000,0.098000,0.087500,0.624718,0.176000,1.091045
0.072500,0.039500,0.044000,0.064500,0.075000,0.057000,0.098000,0.087500,0.115500,0.176000,0.383500
0.072500,0.039500,0.044000,0.064500,0.075000,0.057000,0.098000,0.087500,0.115500,0.176000,0.383500
0.072500,0.039500,0.044000,0.064500,0.075000,0.057000,0.098000,0.087500,0.115500,0.176000,0.383500
0.072500,0.039500,0.044000,0.064500,0.075000,0.057000,0.098000,0.087500,0.115500,0.176000,0.383500
0.072500,0.039500,0.044000,0.064500,0.075000,0.057000,0.098000,0.087500,0.115500,0.176000,0.383500
0.072500,0.039500,0.044000,0.064500,0.075000,0.057000,0.098000,0.087500,0.115500,0.176000,0.383500
0.072500,0.039500,0.044000,0.064500,0.075000,0.057000,0.098000,0.087500,0.115500,0.176000,0.383500
0.072500,0.039500,0.044000,0.064500,0.075000,0.057000,0.098000,0.087500,0.115500,0.176000,0.383500
0.072500,0.039500,0.044000,0.064500,0.075000,0.057000,0.098000,0.087500,0.115500,0.176000,0.383500
0.072500,0.039500,0.044000,0.064500,0.075000,0.057000,0.098000,0.087500,0.115500,0.176000,0.383500
0.072500,0.039500,0.044000,0.064500,0.075000,0.057000,0.098000,0.087500,0.115500,0.176000,0.383500
0.072500,0.039500,0.044000,0.064500,0.075000,0.057000,0.098000,0.087500,0.115500,0.176000,0.383500
0.072500,0.039500,0.044000,0.064500,0.075000,0.057000,0.098000,0.087500,0.115500,0.176000,0.383500
0.072500,0.039500,0.044000,0.064500,0.075000,0.057000,0.098000,0.087500,0.115500,1.064571,0.383500
0.072500,0.039500,0.044000,0.064500,0.075000,0.057000,0.098000,0.087500,0.115500,1.953142,0.383500
0.072500,0.039500,0.044000,0.064500,0.075000,0.057000,0.098000,0.087500,0.115500,2.841713,0.383500
0.072500,0.039500,0.044000,0.064500,0.075000,0.057000,0.098000,0.087500,0.115500,1.953142,0.383500
0.072500,0.039500,0.044000,0.064500,0.075000,0.057000,0.098000,0.087500,0.115500,1.064571,0.383500
0.072500,0.039500,0.044000,0.064500,0.075000,0.057000,0.098000,0.087500,0.115500,0.176000,0.383500
0.072500,0.039500,0.044000,0.064500,0.075000,0.057000,0.098000,0.087500,0.115500,0.176000,0.383500
0.072500,0.039500,0.044000,0.064500,0.075000,0.057000,0.098000,0.087500,0.115500,0.176000,0.383500
0.072500,0.039500,0.044000,0.064500,0.075000,0.057000,0.098000,0.087500,0.115500,0.176000,0.383500
0.072500,0.039500,0.044000,0.080235,0.075000,0.057000,0.098000,0.087500,0.115500,0.176000,0.383500
0.072500,0.039500,0.044000,0.095969,0.075000,0.057000,0.098000,0.087500,0.115500,0.176000,0.383500
0.072500,0.039500,0.044000,0.111704,0.075000,0.057000,0.098000,0.087500,0.115500,0.176000,0.383500
0.072500,0.039500,0.044000,0.095969,0.075000,0.057000,0.098000,0.087500,0.115500,0.176000,0.383500
0.072500,0.039500,0.044000,0.080235,0.075000,0.057000,0.098000,0.589478,0.115500,0.176000,0.383500
0.072500,0.039500,0.044000,0.064500,0.075000,0.057000,0.098000,1.091455,0.115500,0.176000,0.383500
0.072500,0.039500,0.044000,0.064500,0.075000,0.057000,0.098000,1.593433,0.115500,0.176000,0.383500
0.072500,0.039500,0.044000,0.064500,0.075000,0.057000,0.098000,1.091455,0.115500,0.176000,0.383500
0.072500,0.039500,0.044000,0.064500,0.075000,0.057000,0.098000,0.589478,0.115500,0.176000,0.383500
0.072500,0.039500,0.044000,0.064500,0.075000,0.057000,0.098000,0.087500,0.115500,0.176000,0.383500
0.072500,0.039500,0.044000,0.064500,0.075000,0.057000,0.098000,0.087500,0.115500,0.176000,0.383500
0.072500,0.039500,0.044000,0.064500,0.075000,0.057000,0.098000,0.087500,0.115500,0.176000,0.383500
0.072500,0.039500,0.044000,0.064500,0.075000,0.057000,0.098000,0.087500,0.115500,0.176000,0.383500
0.072500,0.039500,0.044000,0.064500,0.075000,0.057000,0.098000,0.087500,0.115500,0.176000,0.383500
0.072500,0.039500,0.044000,0.064500,0.075000,0.057000,0.098000,0.087500,0.115500,0.176000,0.383500
0.072500,0.039500,0.044000,0.064500,0.075000,0.057000,0.098000,0.087500,0.115500,0.176000,0.383500
0.072500,0.039500,0.044000,0.064500,0.075000,0.057000,0.098000,0.087500,0.115500,0.176000,0.383500
0.072500,0.039500,0.044000,0.064500,0.075000,0.057000,0.098000,0.087500,0.115500,0.176000,0.383500
0.072500,0.039500,0.044000,0.064500,0.075000,0.057000,0.098000,0.087500,0.115500,0.176000,0.383500
0.072500,0.039500,0.044000,0.064500,0.075000,0.057000,0.098000,0.087500,0.115500,0.176000,0.383500
0.072500,0.039500,0.044000,0.064500,0.075000,0.057000,0.098000,0.087500,0.115500,0.176000,0.383500
0.072500,0.039500,0.044000,0.064500,0.075000,0.057000,0.098000,0.087500,0.115500,0.176000,0.383500
0.072500,0.039500,0.044000,0.064500,0.075000,0.057000,0.098000,0.087500,0.115500,0.176000,0.383500
0.072500,0.039500,0.044000,0.064500,0.075000,0.057000,0.098000,0.087500,0.115500,0.176000,0.383500
0.072500,0.039500,0.044000,0.064500,0.075000,0.057000,0.098000,0.087500,0.115500,0.176000,0.383500
0.072500,0.039500,0.044000,0.064500,0.075000,0.057000,0.098000,0.087500,0.115500,0.176000,0.383500
0.072500,0.039500,0.044000,0.064500,0.075000,0.057000,0.098000,0.087500,0.115500,0.176000,0.383500
0.072500,0.039500,0.044000,0.064500,0.075000,0.057000,0.098000,0.087500,0.115500,0.176000,0.383500
0.072500,0.039500,0.044000,0.064500,0.075000,0.057000,0.098000,0.087500,0.115500,0.176000,0.383500
0.072500,0.039500,0.044000,0.064500,0.075000,0.057000,0.098000,0.087500,0.115500,0.176000,0.383500
0.072500,0.039500,0.044000,0.064500,0.075000,0.057000,0.098000,0.087500,0.115500,0.176000,0.383500
0.072500,0.039500,0.044000,0.064500,0.075000,0.057000,0.098000,0.087500,0.115500,0.176000,0.383500
0.072500,0.039500,0.044000,0.064500,0.075000,0.057000,0.098000,0.087500,0.115500,0.176000,0.383500
0.072500,0.039500,0.044000,0.064500,0.075000,0.057000,0.098000,0.087500,0.115500,0.176000,0.383500
0.072500,0.039500,0.044000,0.064500,0.075000,0.057000,0.098000,0.087500,0.115500,0.176000,0.383500
0.072500,0.039500,0.044000,0.064500,0.075000,0.057000,0.098000,0.087500,0.115500,0.176000,0.383500
0.072500,0.039500,0.044000,0.064500,0.075000,0.057000,0.098000,0.087500,0.115500,0.176000,0.383500
0.072500,0.039500,0.044000,0.064500,0.075000,0.057000,0.098000,0.087500,0.115500,0.176000,0.383500
0.072500,0.039500,0.044000,0.064500,0.075000,0.057000,0.098000,0.087500,0.115500,0.176000,0.383500
0.072500,0.039500,0.044000,0.064500,0.075000,0.057000,0.098000,0.087500,0.115500,0.176000,0.383500
0.072500,0.039500,0.044000,0.064500,0.075000,0.057000,0.098000,0.087500,0.115500,0.176000,0.383500
0.072500,0.039500,0.044000,0.064500,0.075000,0.057000,0.098000,0.087500,0.115500,0.176000,0.383500
0.072500,0.039500,0.044000,0.064500,0.075000,0.057000,0.098000,0.087500,0.115500,0.176000,0.383500
0.072500,0.039500,0.044000,0.064500,0.075000,0.057000,0.098000,0.087500,0.115500,0.176000,0.383500
0.072500,0.039500,0.044000,0.064500,0.075000,0.057000,0.098000,0.087500,0.115500,0.176000,0.383500
0.072500,0.039500,0.044000,0.064500,0.075000,0.057000,0.098000,0.087500,0.115500,0.176000,0.383500
0.072500,0.039500,0.044000,0.064500,0.075000,0.057000,0.098000,0.087500,0.115500,0.176000,0.383500
0.072500,0.039500,0.044000,0.064500,0.075000,0.057000,0.098000,0.087500,0.115500,0.176000,0.383500
0.072500,0.039500,0.044000,0.064500,0.075000,0.057000,0.098000,0.087500,0.115500,0.176000,0.383500
0.072500,0.039500,0.044000,0.064500,0.075000,0.057000,0.098000,0.087500,0.115500,0.176000,0.383500
0.072500,0.039500,0.044000,0.064500,0.075000,0.057000,0.098000,0.087500,0.115500,0.176000,0.383500
0.072500,0.039500,0.044000,0.064500,0.075000,0.057000,0.098000,0.087500,0.115500,0.176000,0.383500
0.072500,0.039500,0.044000,0.064500,0.075000,0.057000,0.098000,0.087500,0.115500,0.176000,0.383500
0.072500,0.039500,0.044000,0.064500,0.075000,0.057000,0.098000,0.087500,0.115500,0.176000,0.383500
0.072500,0.039500,0.044000,0.064500,0.075000,0.057000,0.098000,0.087500,0.115500,0.176000,0.383500
0.072500,0.039500,0.044000,0.064500,0.075000,0.057000,0.098000,0.087500,0.115500,0.176000,0.383500
0.072500,0.039500,0.044000,0.064500,0.075000,0.057000,0.098000,0.087500,0.115500,0.176000,0.383500
0.072500,0.039500,0.044000,0.064500,0.075000,0.057000,0.098000,0.087500,0.115500,0.176000,0.383500
0.072500,0.039500,0.044000,0.064500,0.075000,0.057000,0.098000,0.087500,0.115500,0.176000,0.383500
0.072500,0.039500,0.044000,0.064500,0.075000,0.057000,0.098000,0.087500,0.115500,0.176000,0.383500
0.072500,0.039500,0.044000,0.064500,0.075000,0.057000,0.098000,0.087500,0.115500,0.176000,0.383500
0.072500,0.039500,0.044000,0.064500,0.075000,0.057000,0.098000,0.087500,0.115500,0.176000,0.383500
0.072500,0.039500,0.044000,0.064500,0.075000,0.057000,0.098000,0.087500,0.115500,0.176000,0.383500
0.072500,0.039500,0.044000,0.064500,0.075000,0.057000,0.098000,0.087500,0.115500,0.176000,0.383500
0.072500,0.039500,0.044000,0.064500,0.075000,0.057000,0.098000,0.087500,0.115500,0.176000,0.383500
0.072500,0.039500,0.044000,0.064500,0.075000,0.057000,0.098000,0.087500,0.115500,0.176000,0.383500
0.072500,0.039500,0.044000,0.064500,0.075000,0.057000,0.098000,0.087500,0.115500,0.176000,0.383500
0.072500,0.039500,0.044000,0.064500,0.075000,0.057000,0.098000,0.087500,0.115500,0.176000,0.383500
0.072500,0.039500,0.044000,0.064500,0.075000,0.057000,0.098000,0.087500,0.115500,0.176000,0.383500
0.072500,0.039500,0.044000,0.064500,0.075000,0.057000,0.098000,0.087500,0.115500,0.176000,0.383500
0.072500,0.039500,0.044000,0.064500,0.075000,0.057000,0.098000,0.087500,0.115500,0.176000,0.383500
0.072500,0.039500,0.044000,0.064500,0.075000,0.057000,0.098000,0.087500,0.115500,0.176000,0.383500
0.072500,0.039500,0.044000,0.064500,0.075000,0.057000,0.098000,0.087500,0.115500,0.176000,0.383500
0.072500,0.039500,0.044000,0.064500,0.075000,0.057000,0.098000,0.087500,0.115500,0.176000,0.383500
0.072500,0.039500,0.044000,0.064500,0.075000,0.057000,0.098000,0.087500,0.115500,0.176000,0.383500
0.072500,0.039500,0.044000,0.064500,0.075000,0.057000,0.098000,0.087500,0.115500,0.176000,0.383500
0.072500,0.039500,0.044000,0.064500,0.075000,0.057000,0.098000,0.087500,0.115500,0.176000,0.383500
0.072500,0.039500,0.044000,0.064500,0.075000,0.057000,0.098000,0.087500,0.115500,0.176000,0.383500
0.072500,0.039500,0.044000,0.064500,0.075000,0.057000,0.098000,0.087500,0.115500,0.176000,0.383500
0.072500,0.039500,0.044000,0.064500,0.075000,0.057000,0.098000,0.087500,0.115500,0.176000,0.383500
0.072500,0.039500,0.044000,0.064500,0.075000,0.057000,0.098000,0.087500,0.115500,0.176000,0.383500
0.072500,0.039500,0.044000,0.064500,0.075000,0.057000,0.098000,0.087500,0.115500,0.176000,0.383500
0.072500,0.039500,0.044000,0.064500,0.075000,0.057000,0.098000,0.087500,0.115500,0.176000,0.383500
0.072500,0.039500,0.044000,0.064500,0.075000,0.057000,0.098000,0.087500,0.115500,0.176000,0.383500
0.072500,0.039500,0.044000,0.064500,0.075000,0.057000,0.098000,0.087500,0.115500,0.176000,0.383500
0.072500,0.039500,0.044000,0.064500,0.075000,0.057000,0.098000,0.087500,0.115500,0.176000,0.383500
0.072500,0.039500,0.044000,0.064500,0.075000,0.057000,0.098000,0.087500,0.115500,0.176000,0.383500
0.072500,0.039500,0.044000,0.064500,0.075000,0.057000,0.098000,0.087500,0.115500,0.176000,0.383500
0.072500,0.039500,0.044000,0.064500,0.075000,0.057000,0.098000,0.087500,0.115500,0.176000,0.383500
0.072500,0.039500,0.044000,0.064500,0.075000,0.057000,0.098000,0.087500,0.115500,0.176000,0.383500
0.072500,0.039500,0.044000,0.064500,0.075000,0.057000,0.098000,0.087500,0.115500,0.176000,0.383500
0.072500,0.039500,0.044000,0.064500,0.075000,0.057000,0.098000,0.087500,0.115500,0.176000,0.383500
0.072500,0.039500,0.044000,0.064500,0.075000,0.057000,0.098000,0.087500,0.115500,0.176000,0.383500
0.072500,0.039500,0.044000,0.064500,0.075000,0.057000,0.098000,0.087500,0.115500,0.176000,0.383500
0.072500,0.039500,0.044000,0.064500,0.075000,0.057000,0.098000,0.087500,0.115500,0.176000,0.383500
0.072500,0.039500,0.044000,0.064500,0.075000,0.057000,0.098000,0.087500,0.115500,0.176000,0.383500
0.072500,0.039500,0.044000,0.064500,0.075000,0.057000,0.098000,0.087500,0.115500,0.176000,0.383500
0.072500,0.039500,0.044000,0.064500,0.075000,0.057000,0.098000,0.087500,0.115500,0.176000,0.383500
0.072500,0.039500,0.044000,0.064500,0.075000,0.057000,0.098000,0.087500,0.115500,0.176000,0.383500
0.072500,0.039500,0.044000,0.064500,0.075000,0.057000,0.098000,0.087500,0.115500,0.176000,0.383500
0.072500,0.039500,0.044000,0.064500,0.075000,0.057000,0.098000,0.087500,0.115500,0.176000,0.383500
0.072500,0.039500,0.044000,0.064500,0.075000,0.057000,0.098000,0.087500,0.115500,0.176000,0.383500
0.072500,0.039500,0.044000,0.064500,0.075000,0.057000,0.098000,0.087500,0.115500,0.176000,0.383500
0.072500,0.039500,0.044000,0.064500,0.075000,0.057000,0.098000,0.087500,0.115500,0.176000,0.383500
0.072500,0.039500,0.044000,0.064500,0.075000,0.057000,0.098000,0.087500,0.115500,0.176000,0.383500
0.072500,0.039500,0.044000,0.064500,0.075000,0.057000,0.098000,0.087500,0.115500,0.176000,0.383500
0.072500,0.039500,0.044000,0.064500,0.075000,0.057000,0.098000,0.087500,0.115500,0.176000,0.383500
0.072500,0.039500,0.044000,0.064500,0.075000,0.057000,0.098000,0.087500,0.115500,0.176000,0.383500
0.072500,0.039500,0.044000,0.064500,0.075000,0.057000,0.098000,0.087500,0.115500,0.176000,0.383500
0.072500,0.039500,0.044000,0.064500,0.075000,0.057000,0.098000,0.087500,0.115500,0.176000,0.383500
0.072500,0.039500,0.044000,0.064500,0.075000,0.057000,0.098000,0.087500,0.115500,0.176000,0.383500
0.072500,0.039500,0.044000,0.064500,0.075000,0.057000,0.098000,0.087500,0.115500,0.176000,0.383500
0.072500,0.039500,0.044000,0.064500,0.075000,0.057000,0.098000,0.087500,0.115500,0.176000,0.383500
0.072500,0.039500,0.044000,0.064500,0.075000,0.057000,0.098000,0.087500,0.115500,0.176000,0.383500
0.072500,0.039500,0.044000,0.064500,0.075000,0.057000,0.098000,0.087500,0.115500,0.176000,0.383500
0.072500,0.039500,0.044000,0.064500,0.075000,0.057000,0.098000,0.087500,0.115500,0.176000,0.383500
0.072500,0.039500,0.044000,0.064500,0.075000,0.057000,0.098000,0.087500,0.115500,0.176000,0.383500
0.072500,0.039500,0.044000,0.064500,0.075000,0.057000,0.098000,0.087500,0.115500,0.176000,0.383500
0.072500,0.039500,0.044000,0.064500,0.075000,0.057000,0.098000,0.087500,0.115500,0.176000,0.383500
0.072500,0.039500,0.044000,0.064500,0.075000,0.057000,0.098000,0.087500,0.115500,0.176000,0.383500
0.072500,0.039500,0.044000,0.064500,0.075000,0.057000,0.098000,0.087500,0.115500,0.176000,0.383500
0.072500,0.039500,0.044000,0.064500,0.075000,0.057000,0.098000,0.087500,0.115500,0.176000,0.383500
0.072500,0.039500,0.044000,0.064500,0.075000,0.057000,0.098000,0.087500,0.115500,0.176000,0.383500
0.072500,0.039500,0.044000,0.064500,0.075000,0.057000,0.098000,0.087500,0.115500,0.176000,0.383500
0.072500,0.039500,0.044000,0.064500,0.075000,0.057000,0.098000,0.087500,0.115500,0.176000,0.383500
0.072500,0.039500,0.044000,0.064500,0.075000,0.057000,0.098000,0.087500,0.115500,0.176000,0.383500
0.072500,0.039500,0.044000,0.064500,0.075000,0.057000,0.098000,0.087500,0.115500,0.176000,0.383500
0.072500,0.039500,0.044000,0.064500,0.075000,0.057000,0.098000,0.087500,0.115500,0.176000,0.383500
0.072500,0.039500,0.044000,0.064500,0.075000,0.057000,0.098000,0.087500,0.115500,0.176000,0.383500
0.072500,0.039500,0.044000,0.064500,0.075000,0.057000,0.098000,0.087500,0.115500,0.176000,0.383500
0.072500,0.039500,0.044000,0.064500,0.075000,0.057000,0.098000,0.087500,0.115500,0.176000,0.383500
0.072500,0.039500,0.044000,0.064500,0.075000,0.057000,0.098000,0.087500,0.115500,0.176000,0.383500
0.072500,0.039500,0.044000,0.064500,0.075000,0.057000,0.098000,0.087500,0.115500,0.176000,0.383500
0.072500,0.039500,0.044000,0.064500,0.075000,0.057000,0.098000,0.087500,0.115500,0.176000,0.383500
0.072500,0.039500,0.044000,0.064500,0.075000,0.057000,0.098000,0.087500,0.115500,0.176000,0.383500
0.072500,0.039500,0.044000,0.064500,0.075000,0.057000,0.098000,0.087500,0.115500,0.176000,0.383500
0.072500,0.039500,0.044000,0.064500,0.075000,0.057000,0.098000,0.087500,0.115500,0.176000,0.383500
0.072500,0.039500,0.044000,0.064500,0.075000,0.057000,0.098000,0.087500,0.115500,0.176000,0.383500
0.072500,0.039500,0.044000,0.064500,0.075000,0.057000,0.098000,0.087500,0.115500,0.176000,0.383500
0.072500,0.039500,0.044000,0.064500,0.075000,0.057000,0.098000,0.087500,0.115500,0.176000,0.383500
0.072500,0.039500,0.044000,0.064500,0.075000,0.057000,0.098000,0.087500,0.115500,0.176000,0.383500
0.072500,0.039500,0.044000,0.064500,0.075000,0.057000,0.098000,0.087500,0.115500,0.176000,0.383500
0.072500,0.039500,0.044000,0.064500,0.075000,0.057000,0.098000,0.087500,0.115500,0.176000,0.383500
0.072500,0.039500,0.044000,0.064500,0.075000,0.057000,0.098000,0.087500,0.115500,0.176000,0.383500
0.072500,0.039500,0.044000,0.064500,0.075000,0.057000,0.098000,0.087500,0.115500,0.176000,0.383500
0.072500,0.039500,0.044000,0.064500,0.075000,0.057000,0.098000,0.087500,0.115500,0.176000,0.383500
0.072500,0.039500,0.044000,0.064500,0.075000,0.057000,0.098000,0.087500,0.115500,0.176000,0.383500
0.072500,0.039500,0.044000,0.064500,0.075000,0.057000,0.098000,0.087500,0.115500,0.176000,0.383500
0.072500,0.039500,0.044000,0.064500,0.075000,0.057000,0.098000,0.087500,0.115500,0.176000,0.383500
0.072500,0.039500,0.044000,0.064500,0.075000,0.057000,0.098000,0.087500,0.115500,0.176000,0.383500
0.072500,0.039500,0.044000,0.064500,0.075000,0.057000,0.098000,0.087500,0.115500,0.176000,0.383500
0.072500,0.039500,0.044000,0.064500,0.075000,0.057000,0.098000,0.087500,0.115500,0.176000,0.383500
0.072500,0.039500,0.044000,0.064500,0.075000,0.057000,0.098000,0.087500,0.115500,0.176000,0.383500
0.072500,0.039500,0.044000,0.064500,0.075000,0.057000,0.098000,0.087500,0.115500,0.176000,0.383500
0.072500,0.039500,0.044000,0.064500,0.075000,0.057000,0.098000,0.087500,0.115500,0.176000,0.383500
0.072500,0.039500,0.044000,0.064500,0.075000,0.057000,0.098000,0.087500,0.115500,0.176000,0.383500
0.072500,0.039500,0.044000,0.064500,0.075000,0.057000,0.098000,0.087500,0.115500,0.176000,0.383500
0.072500,0.039500,0.044000,0.064500,0.075000,0.057000,0.098000,0.087500,0.115500,0.176000,0.383500
0.072500,0.039500,0.044000,0.064500,0.075000,0.057000,0.098000,0.087500,0.115500,0.176000,0.383500
0.072500,0.039500,0.044000,0.064500,0.075000,0.057000,0.098000,0.087500,0.115500,0.176000,0.383500
0.072500,0.039500,0.044000,0.064500,0.075000,0.057000,0.098000,0.087500,0.115500,0.176000,0.383500
0.072500,0.039500,0.044000,0.064500,0.075000,0.057000,0.098000,0.087500,0.115500,0.176000,0.383500
0.072500,0.039500,0.044000,0.064500,0.075000,0.057000,0.098000,0.087500,0.115500,0.176000,0.383500
0.072500,0.039500,0.044000,0.064500,0.075000,0.057000,0.098000,0.087500,0.115500,0.176000,0.383500
0.072500,0.039500,0.044000,0.064500,0.075000,0.057000,0.098000,0.087500,0.115500,0.176000,0.383500
0.072500,0.039500,0.044000,0.064500,0.075000,0.057000,0.098000,0.087500,0.115500,0.176000,0.383500
0.072500,0.039500,0.044000,0.064500,0.075000,0.057000,0.098000,0.087500,0.115500,0.176000,0.383500
0.072500,0.039500,0.044000,0.064500,0.075000,0.057000,0.098000,0.087500,0.115500,0.176000,0.383500
0.072500,0.039500,0.044000,0.064500,0.075000,0.057000,0.098000,0.087500,0.115500,0.176000,0.383500
0.072500,0.039500,0.044000,0.064500,0.075000,0.057000,0.098000,0.087500,0.115500,0.176000,0.383500
0.072500,0.039500,0.044000,0.064500,0.075000,0.057000,0.098000,0.087500,0.115500,0.176000,0.383500
0.072500,0.039500,0.044000,0.064500,0.075000,0.057000,0.098000,0.087500,0.115500,0.176000,0.383500
0.072500,0.039500,0.044000,0.064500,0.075000,0.057000,0.098000,0.087500,0.115500,0.176000,0.383500
0.072500,0.039500,0.044000,0.064500,0.075000,0.057000,0.098000,0.087500,0.115500,0.176000,0.383500
0.072500,0.039500,0.044000,0.064500,0.075000,0.057000,0.098000,0.087500,0.115500,0.176000,0.383500
0.072500,0.039500,0.044000,0.064500,0.075000,0.057000,0.098000,0.087500,0.115500,0.176000,0.383500
0.072500,0.039500,0.044000,0.064500,0.075000,0.057000,0.098000,0.087500,0.115500,0.176000,0.383500
0.072500,0.039500,0.044000,0.064500,0.075000,0.057000,0.098000,0.087500,0.115500,0.176000,0.383500
0.072500,0.039500,0.044000,0.064500,0.075000,0.057000,0.098000,0.087500,0.115500,0.176000,0.383500
0.072500,0.039500,0.044000,0.064500,0.075000,0.057000,0.098000,0.087500,0.115500,0.176000,0.383500
0.072500,0.039500,0.044000,0.064500,0.075000,0.057000,0.098000,0.087500,0.115500,0.176000,0.383500
0.072500,0.039500,0.044000,0.064500,0.075000,0.057000,0.098000,0.087500,0.115500,0.176000,0.383500
0.072500,0.039500,0.044000,0.064500,0.075000,0.057000,0.098000,0.087500,0.115500,0.176000,0.383500
0.072500,0.039500,0.044000,0.064500,0.075000,0.057000,0.098000,0.087500,0.115500,0.176000,0.383500
0.072500,0.039500,0.044000,0.064500,0.075000,0.057000,0.098000,0.087500,0.115500,0.176000,0.383500
0.072500,0.039500,0.044000,0.064500,0.075000,0.057000,0.098000,0.087500,0.115500,0.176000,0.383500
0.072500,0.039500,0.044000,0.064500,0.075000,0.057000,0.098000,0.087500,0.115500,0.176000,0.383500
0.072500,0.039500,0.044000,0.064500,0.075000,0.057000,0.098000,0.087500,0.115500,0.176000,0.383500
0.072500,0.039500,0.044000,0.064500,0.075000,0.057000,0.098000,0.087500,0.115500,0.176000,0.383500
0.072500,0.039500,0.044000,0.064500,0.075000,0.057000,0.098000,0.087500,0.115500,0.176000,0.383500
0.072500,0.039500,0.044000,0.064500,0.075000,0.057000,0.098000,0.087500,0.115500,0.176000,0.383500
0.072500,0.039500,0.044000,0.064500,0.075000,0.057000,0.098000,0.087500,0.115500,0.176000,0.383500
0.072500,0.039500,0.044000,0.064500,0.075000,0.057000,0.098000,0.087500,0.115500,0.176000,0.383500
0.072500,0.039500,0.044000,0.064500,0.075000,0.057000,0.098000,0.087500,0.115500,0.176000,0.383500
0.072500,0.039500,0.044000,0.064500,0.075000,0.057000,0.098000,0.087500,0.115500,0.176000,0.383500
0.072500,0.039500,0.044000,0.064500,0.075000,0.057000,0.098000,0.087500,0.115500,0.176000,0.383500
0.072500,0.039500,0.044000,0.064500,0.075000,0.057000,0.098000,0.087500,0.115500,0.176000,0.383500
0.072500,0.039500,0.044000,0.064500,0.075000,0.057000,0.098000,0.087500,0.115500,0.176000,0.383500
0.072500,0.039500,0.044000,0.064500,0.075000,0.057000,0.098000,0.087500,0.115500,0.176000,0.383500
0.072500,0.039500,0.044000,0.064500,0.075000,0.057000,0.098000,0.087500,0.115500,0.176000,0.383500
0.072500,0.039500,0.044000,0.064500,0.075000,0.057000,0.098000,0.087500,0.115500,0.176000,0.383500
0.072500,0.039500,0.044000,0.064500,0.075000,0.057000,0.098000,0.087500,0.115500,0.176000,0.383500
0.072500,0.039500,0.044000,0.064500,0.075000,0.057000,0.098000,0.087500,0.115500,0.176000,0.383500
0.072500,0.039500,0.044000,0.064500,0.075000,0.057000,0.098000,0.087500,0.115500,0.176000,0.383500
0.072500,0.039500,0.044000,0.064500,0.075000,0.057000,0.098000,0.087500,0.115500,0.176000,0.383500
0.072500,0.039500,0.044000,0.064500,0.075000,0.057000,0.098000,0.087500,0.115500,0.176000,0.383500
0.072500,0.039500,0.044000,0.064500,0.075000,0.057000,0.098000,0.087500,0.115500,0.176000,0.383500
0.072500,0.039500,0.044000,0.064500,0.075000,0.057000,0.098000,0.087500,0.115500,0.176000,0.383500
0.072500,0.039500,0.044000,0.064500,0.075000,0.057000,0.098000,0.087500,0.115500,0.176000,0.383500
0.072500,0.039500,0.044000,0.064500,0.075000,0.057000,0.098000,0.087500,0.115500,0.176000,0.383500
0.072500,0.039500,0.044000,0.064500,0.075000,0.057000,0.098000,0.087500,0.115500,0.176000,0.383500
0.072500,0.039500,0.044000,0.064500,0.075000,0.057000,0.098000,0.087500,0.115500,0.176000,0.383500
0.072500,0.039500,0.044000,0.064500,0.075000,0.057000,0.098000,0.087500,0.115500,0.176000,0.383500
0.072500,0.039500,0.044000,0.064500,0.075000,0.057000,0.098000,0.087500,0.115500,0.176000,0.383500
0.072500,0.039500,0.044000,0.064500,0.075000,0.057000,0.098000,0.087500,0.115500,0.176000,0.383500
0.072500,0.039500,0.044000,0.064500,0.075000,0.057000,0.098000,0.087500,0.115500,0.176000,0.383500
0.072500,0.039500,0.044000,0.064500,0.075000,0.057000,0.098000,0.087500,0.115500,0.176000,0.383500
0.072500,0.039500,0.044000,0.064500,0.075000,0.057000,0.098000,0.087500,0.115500,0.176000,0.383500
0.072500,0.039500,0.044000,0.064500,0.075000,0.057000,0.098000,0.087500,0.115500,0.176000,0.383500
0.072500,0.039500,0.044000,0.064500,0.075000,0.057000,0.098000,0.087500,0.115500,0.176000,0.383500
0.072500,0.039500,0.044000,0.064500,0.075000,0.057000,0.098000,0.087500,0.115500,0.176000,0.383500
0.072500,0.039500,0.044000,0.064500,0.075000,0.057000,0.098000,0.087500,0.115500,0.176000,0.383500
0.072500,0.039500,0.044000,0.064500,0.075000,0.057000,0.098000,0.087500,0.115500,0.176000,0.383500
0.072500,0.039500,0.044000,0.064500,0.075000,0.057000,0.098000,0.087500,0.115500,0.176000,0.383500
0.072500,0.039500,0.044000,0.064500,0.075000,0.057000,0.098000,0.087500,0.115500,0.176000,0.383500
0.072500,0.039500,0.044000,0.064500,0.075000,0.057000,0.098000,0.087500,0.115500,0.176000,0.383500
0.072500,0.039500,0.044000,0.064500,0.075000,0.057000,0.098000,0.087500,0.115500,0.176000,0.383500
0.072500,0.039500,0.044000,0.064500,0.075000,0.057000,0.098000,0.087500,0.115500,0.176000,0.383500
0.072500,0.039500,0.044000,0.064500,0.075000,0.057000,0.098000,0.087500,0.115500,0.176000,0.383500
0.072500,0.039500,0.044000,0.064500,0.075000,0.057000,0.098000,0.087500,0.115500,0.176000,0.383500
0.072500,0.039500,0.044000,0.064500,0.075000,0.057000,0.098000,0.087500,0.115500,0.176000,0.383500
0.072500,0.039500,0.044000,0.064500,0.075000,0.057000,0.098000,0.087500,0.115500,0.176000,0.383500
0.072500,0.039500,0.044000,0.064500,0.075000,0.057000,0.098000,0.087500,0.115500,0.176000,0.383500
0.072500,0.039500,0.044000,0.064500,0.075000,0.057000,0.098000,0.087500,0.115500,0.176000,0.383500
0.072500,0.039500,0.044000,0.064500,0.075000,0.057000,0.098000,0.087500,0.115500,0.176000,0.383500
0.072500,0.039500,0.044000,0.064500,0.075000,0.057000,0.098000,0.087500,0.115500,0.176000,0.383500
0.072500,0.039500,0.044000,0.064500,0.075000,0.057000,0.098000,0.087500,0.115500,0.176000,0.383500
0.072500,0.039500,0.044000,0.064500,0.075000,0.057000,0.098000,0.087500,0.115500,0.176000,0.383500
0.072500,0.039500,0.044000,0.064500,0.075000,0.057000,0.098000,0.087500,0.115500,0.176000,0.383500
0.072500,0.039500,0.044000,0.064500,0.075000,0.057000,0.098000,0.087500,0.115500,0.176000,0.383500
0.072500,0.039500,0.044000,0.064500,0.075000,0.057000,0.098000,0.087500,0.115500,0.176000,0.383500
0.072500,0.039500,0.044000,0.064500,0.075000,0.057000,0.098000,0.087500,0.115500,0.176000,0.383500
0.072500,0.039500,0.044000,0.064500,0.075000,0.057000,0.098000,0.087500,0.115500,0.176000,0.383500
0.072500,0.039500,0.044000,0.064500,0.075000,0.057000,0.098000,0.087500,0.115500,0.176000,0.383500
0.072500,0.039500,0.044000,0.064500,0.075000,0.057000,0.098000,0.087500,0.115500,0.176000,0.383500
0.072500,0.039500,0.044000,0.064500,0.075000,0.057000,0.098000,0.087500,0.115500,0.176000,0.383500
0.072500,0.039500,0.044000,0.064500,0.075000,0.057000,0.098000,0.087500,0.115500,0.176000,0.383500
0.072500,0.039500,0.044000,0.064500,0.075000,0.057000,0.098000,0.087500,0.115500,0.176000,0.383500
0.072500,0.039500,0.044000,0.064500,0.075000,0.057000,0.098000,0.087500,0.115500,0.176000,0.383500
0.072500,0.039500,0.044000,0.064500,0.075000,0.057000,0.098000,0.087500,0.115500,0.176000,0.383500
0.072500,0.039500,0.044000,0.064500,0.075000,0.057000,0.098000,0.087500,0.115500,0.176000,0.383500
0.072500,0.039500,0.044000,0.064500,0.075000,0.057000,0.098000,0.087500,0.115500,0.176000,0.383500
0.072500,0.039500,0.044000,0.064500,0.075000,0.057000,0.098000,0.087500,0.115500,0.176000,0.383500
0.072500,0.039500,0.044000,0.064500,0.075000,0.057000,0.098000,0.087500,0.115500,0.176000,0.383500
0.072500,0.039500,0.044000,0.064500,0.075000,0.057000,0.098000,0.087500,0.115500,0.176000,0.383500
0.072500,0.039500,0.044000,0.064500,0.075000,0.057000,0.098000,0.087500,0.115500,0.176000,0.383500
0.072500,0.039500,0.044000,0.064500,0.075000,0.057000,0.098000,0.087500,0.115500,0.176000,0.383500
0.072500,0.039500,0.044000,0.064500,0.075000,0.057000,0.098000,0.087500,0.115500,0.176000,0.383500
0.072500,0.039500,0.044000,0.064500,0.075000,0.057000,0.098000,0.087500,0.115500,0.176000,0.383500
0.072500,0.039500,0.044000,0.064500,0.075000,0.057000,0.098000,0.087500,0.115500,0.176000,0.383500
0.072500,0.039500,0.044000,0.064500,0.075000,0.057000,0.098000,0.087500,0.115500,0.176000,0.383500
0.072500,0.039500,0.044000,0.064500,0.075000,0.057000,0.098000,0.087500,0.115500,0.176000,0.383500
0.072500,0.039500,0.044000,0.064500,0.075000,0.057000,0.098000,0.087500,0.115500,0.176000,0.383500
0.072500,0.039500,0.044000,0.064500,0.075000,0.057000,0.098000,0.087500,0.115500,0.176000,0.383500
0.072500,0.039500,0.044000,0.064500,0.075000,0.057000,0.098000,0.087500,0.115500,0.176000,0.383500
0.072500,0.039500,0.044000,0.064500,0.075000,0.057000,0.098000,0.087500,0.115500,0.176000,0.383500
0.072500,0.039500,0.044000,0.064500,0.075000,0.057000,0.098000,0.087500,0.115500,0.176000,0.383500
0.072500,0.039500,0.044000,0.064500,0.075000,0.057000,0.098000,0.087500,0.115500,0.176000,0.383500
0.072500,0.039500,0.044000,0.064500,0.075000,0.057000,0.098000,0.087500,0.115500,0.176000,0.383500
0.072500,0.039500,0.044000,0.064500,0.075000,0.057000,0.098000,0.087500,0.115500,0.176000,0.383500
0.072500,0.039500,0.044000,0.064500,0.075000,0.057000,0.098000,0.087500,0.115500,0.176000,0.383500
0.072500,0.039500,0.044000,0.064500,0.075000,0.057000,0.098000,0.087500,0.115500,0.176000,0.383500
0.072500,0.039500,0.044000,0.064500,0.075000,0.057000,0.098000,0.087500,0.115500,0.176000,0.383500
0.072500,0.039500,0.044000,0.064500,0.075000,0.057000,0.098000,0.087500,0.115500,0.176000,0.383500
0.072500,0.039500,0.044000,0.064500,0.075000,0.057000,0.098000,0.087500,0.115500,0.176000,0.383500
0.072500,0.039500,0.044000,0.064500,0.075000,0.057000,0.098000,0.087500,0.115500,0.176000,0.383500
0.072500,0.039500,0.044000,0.064500,0.075000,0.057000,0.098000,0.087500,0.115500,0.176000,0.383500
0.072500,0.039500,0.044000,0.064500,0.075000,0.057000,0.098000,0.087500,0.115500,0.176000,0.383500
0.072500,0.039500,0.044000,0.064500,0.075000,0.057000,0.098000,0.087500,0.115500,0.176000,0.383500
0.072500,0.039500,0.044000,0.064500,0.075000,0.057000,0.098000,0.087500,0.115500,0.176000,0.383500
0.072500,0.039500,0.044000,0.064500,0.075000,0.057000,0.098000,0.087500,0.115500,0.176000,0.383500
0.072500,0.039500,0.044000,0.064500,0.075000,0.057000,0.098000,0.087500,0.115500,0.176000,0.383500
0.072500,0.039500,0.044000,0.064500,0.075000,0.057000,0.098000,0.087500,0.115500,0.176000,0.383500
0.072500,0.039500,0.044000,0.064500,0.075000,0.057000,0.098000,0.087500,0.115500,0.176000,0.383500
0.072500,0.039500,0.044000,0.064500,0.075000,0.057000,0.098000,0.087500,0.115500,0.176000,0.383500
0.072500,0.039500,0.044000,0.064500,0.075000,0.057000,0.098000,0.087500,0.115500,0.176000,0.383500
0.072500,0.039500,0.044000,0.064500,0.075000,0.057000,0.098000,0.087500,0.115500,0.176000,0.383500
0.072500,0.039500,0.044000,0.064500,0.075000,0.057000,0.098000,0.087500,0.115500,0.176000,0.383500
0.072500,0.039500,0.044000,0.064500,0.075000,0.057000,0.098000,0.087500,0.115500,0.176000,0.383500
0.072500,0.039500,0.044000,0.064500,0.075000,0.057000,0.098000,0.087500,0.115500,0.176000,0.383500
0.072500,0.039500,0.044000,0.064500,0.075000,0.057000,0.098000,0.087500,0.115500,0.176000,0.383500
0.072500,0.039500,0.044000,0.064500,0.075000,0.057000,0.098000,0.087500,0.115500,0.176000,0.383500
0.072500,0.039500,0.044000,0.064500,0.075000,0.057000,0.098000,0.087500,0.115500,0.176000,0.383500
0.072500,0.039500,0.044000,0.064500,0.075000,0.057000,0.098000,0.087500,0.115500,0.176000,0.383500
0.072500,0.039500,0.044000,0.064500,0.075000,0.057000,0.098000,0.087500,0.115500,0.176000,0.383500
0.072500,0.039500,0.044000,0.064500,0.075000,0.057000,0.098000,0.087500,0.115500,0.176000,0.383500
0.072500,0.039500,0.044000,0.064500,0.075000,0.057000,0.098000,0.087500,0.115500,0.176000,0.383500
0.072500,0.039500,0.044000,0.064500,0.075000,0.057000,0.098000,0.087500,0.115500,0.176000,0.383500
0.072500,0.039500,0.044000,0.064500,0.075000,0.057000,0.098000,0.087500,0.115500,0.176000,0.383500
0.072500,0.039500,0.044000,0.064500,0.075000,0.057000,0.098000,0.087500,0.115500,0.176000,0.383500
0.072500,0.039500,0.044000,0.064500,0.075000,0.057000,0.098000,0.087500,0.115500,0.176000,0.383500
0.072500,0.039500,0.044000,0.064500,0.075000,0.057000,0.098000,0.087500,0.115500,0.176000,0.383500
0.072500,0.039500,0.044000,0.064500,0.075000,0.057000,0.098000,0.087500,0.115500,0.176000,0.383500
0.072500,0.039500,0.044000,0.064500,0.075000,0.057000,0.098000,0.087500,0.115500,0.176000,0.383500
0.072500,0.039500,0.044000,0.064500,0.075000,0.057000,0.098000,0.087500,0.115500,0.176000,0.383500
0.072500,0.039500,0.044000,0.064500,0.075000,0.057000,0.098000,0.087500,0.115500,0.176000,0.383500
0.072500,0.039500,0.044000,0.064500,0.075000,0.057000,0.098000,0.087500,0.115500,0.176000,0.383500
0.072500,0.039500,0.044000,0.064500,0.075000,0.057000,0.098000,0.087500,0.115500,0.176000,0.383500
0.072500,0.039500,0.044000,0.064500,0.075000,0.057000,0.098000,0.087500,0.115500,0.176000,0.383500
0.072500,0.039500,0.044000,0.064500,0.075000,0.057000,0.098000,0.087500,0.115500,0.176000,0.383500
0.072500,0.039500,0.044000,0.064500,0.075000,0.057000,0.098000,0.087500,0.115500,0.176000,0.383500
0.072500,0.039500,0.044000,0.064500,0.075000,0.057000,0.098000,0.087500,0.115500,0.176000,0.383500
0.072500,0.039500,0.044000,0.064500,0.075000,0.057000,0.098000,0.087500,0.115500,0.176000,0.383500
0.072500,0.039500,0.044000,0.064500,0.075000,0.057000,0.098000,0.087500,0.115500,0.176000,0.383500
0.072500,0.039500,0.044000,0.064500,0.075000,0.057000,0.098000,0.087500,0.115500,0.176000,0.383500
0.072500,0.039500,0.044000,0.064500,0.075000,0.057000,0.098000,0.087500,0.115500,0.176000,0.383500
0.072500,0.039500,0.044000,0.064500,0.075000,0.057000,0.098000,0.087500,0.115500,0.176000,0.383500
0.072500,0.039500,0.044000,0.064500,0.075000,0.057000,0.098000,0.087500,0.115500,0.176000,0.383500
0.072500,0.039500,0.044000,0.064500,0.075000,0.057000,0.098000,0.087500,0.115500,0.176000,0.383500
0.072500,0.039500,0.044000,0.064500,0.075000,0.057000,0.098000,0.087500,0.115500,0.176000,0.383500
0.072500,0.039500,0.044000,0.064500,0.075000,0.057000,0.098000,0.087500,0.115500,0.176000,0.383500
0.072500,0.039500,0.044000,0.064500,0.075000,0.057000,0.098000,0.087500,0.115500,0.176000,0.383500
0.072500,0.039500,0.044000,0.064500,0.075000,0.057000,0.098000,0.087500,0.115500,0.176000,0.383500
0.072500,0.039500,0.044000,0.064500,0.075000,0.057000,0.098000,0.087500,0.115500,0.176000,0.383500
0.072500,0.039500,0.044000,0.064500,0.075000,0.057000,0.098000,0.087500,0.115500,0.176000,0.383500
0.072500,0.039500,0.044000,0.064500,0.075000,0.057000,0.098000,0.087500,0.115500,0.176000,0.383500
0.072500,0.039500,0.044000,0.064500,0.075000,0.057000,0.098000,0.087500,0.115500,0.176000,0.383500
0.072500,0.039500,0.044000,0.064500,0.075000,0.057000,2.060335,0.087500,0.115500,1.166232,0.383500
0.072500,0.039500,0.044000,0.064500,0.075000,0.057000,4.022671,0.087500,0.115500,2.156463,0.383500
0.072500,0.039500,0.044000,0.064500,0.075000,0.057000,5.985006,0.087500,0.115500,3.146695,0.383500
0.072500,0.039500,0.044000,0.064500,0.075000,0.057000,4.022671,0.087500,0.115500,2.156463,0.383500
0.072500,0.039500,0.044000,0.064500,0.075000,0.057000,2.060335,0.087500,0.115500,1.166232,0.383500
0.072500,0.039500,0.044000,0.064500,0.075000,0.057000,0.098000,0.087500,0.115500,0.176000,0.383500
0.072500,0.039500,0.044000,0.064500,1.713826,0.057000,0.098000,0.087500,1.045359,0.176000,0.383500
0.072500,0.039500,0.044000,0.064500,3.352652,0.057000,0.098000,0.087500,1.975218,0.176000,0.383500
0.072500,0.108559,0.044000,0.064500,4.991478,0.057000,0.098000,0.087500,2.905077,0.176000,0.383500
0.072500,0.177618,0.044000,0.064500,3.352652,0.057000,0.098000,0.087500,1.975218,0.176000,0.383500
0.072500,0.246677,0.044000,0.064500,1.713826,0.057000,0.098000,0.087500,1.045359,0.176000,0.383500
0.072500,0.177618,0.674548,0.064500,0.075000,0.057000,0.098000,0.087500,0.115500,0.176000,0.383500
0.072500,0.108559,1.305097,0.064500,0.075000,0.057000,0.098000,0.087500,0.115500,0.176000,0.383500
0.072500,0.039500,1.935645,0.064500,0.075000,0.057000,0.098000,0.087500,0.115500,0.176000,0.383500
0.072500,0.039500,1.305097,0.064500,0.075000,0.057000,0.098000,0.087500,0.115500,0.176000,0.383500
0.072500,0.039500,0.674548,0.064500,0.075000,0.057000,0.098000,0.087500,0.115500,0.176000,0.383500
0.072500,0.039500,0.044000,0.064500,0.075000,0.057000,0.098000,0.087500,0.115500,0.176000,0.383500
0.072500,0.039500,0.044000,0.064500,0.075000,0.057000,0.098000,0.087500,0.115500,0.176000,0.383500
0.072500,0.039500,0.044000,0.064500,0.075000,0.057000,0.098000,0.087500,0.115500,0.176000,0.383500
0.072500,0.039500,0.044000,0.649125,0.075000,0.057000,0.098000,0.087500,0.115500,0.176000,0.383500
0.072500,0.039500,0.044000,1.233749,0.075000,0.057000,0.098000,0.087500,0.115500,0.176000,0.383500
0.072500,0.039500,0.044000,1.818374,0.075000,0.057000,0.098000,0.087500,0.115500,0.176000,0.383500
0.072500,0.039500,0.044000,1.233749,0.075000,0.057000,0.098000,0.087500,0.115500,0.176000,0.383500
0.072500,0.039500,0.044000,0.649125,0.075000,0.057000,0.098000,0.087500,0.115500,0.176000,0.383500
0.072500,0.039500,0.044000,0.064500,0.075000,0.057000,0.098000,0.087500,0.115500,0.176000,0.383500
0.072500,0.039500,0.044000,0.064500,0.075000,0.057000,0.098000,0.087500,0.115500,0.176000,0.383500
0.072500,0.039500,0.044000,0.064500,0.075000,0.057000,0.098000,0.087500,0.115500,0.176000,0.383500
0.072500,0.039500,0.044000,0.064500,0.075000,0.107022,0.098000,0.087500,0.115500,0.176000,0.383500
0.072500,0.039500,0.044000,0.064500,0.075000,0.157043,0.098000,0.087500,0.115500,0.176000,0.383500
0.072500,0.039500,0.044000,0.064500,0.075000,0.207065,0.098000,0.087500,0.115500,0.176000,0.383500
0.072500,0.039500,0.044000,0.064500,0.075000,0.157043,0.098000,0.087500,0.115500,0.176000,0.383500
0.072500,0.039500,0.044000,0.064500,0.075000,0.107022,0.098000,0.648680,0.115500,0.176000,1.610705
0.072500,0.039500,0.044000,0.064500,0.075000,0.057000,0.098000,1.209860,0.115500,0.176000,2.837911
0.072500,0.039500,0.044000,0.064500,0.075000,0.057000,0.098000,1.771040,0.115500,0.176000,4.065116
0.072500,0.039500,0.044000,0.064500,0.075000,0.057000,0.098000,1.209860,0.115500,0.176000,5.292321
0.072500,0.039500,0.044000,0.064500,0.075000,0.057000,0.098000,0.648680,0.115500,0.176000,4.065116
0.072500,0.039500,0.044000,0.064500,0.075000,0.057000,0.098000,0.087500,0.115500,0.176000,2.837911
0.072500,0.039500,0.044000,0.064500,0.075000,0.057000,0.098000,0.087500,0.115500,0.176000,1.610705
0.072500,0.039500,0.044000,0.064500,0.075000,0.057000,0.098000,0.087500,0.115500,0.176000,0.383500
0.072500,0.039500,0.044000,0.064500,0.075000,0.057000,0.098000,0.087500,0.115500,0.176000,0.383500
0.072500,0.039500,0.044000,0.064500,0.075000,0.057000,0.098000,0.087500,0.115500,0.176000,0.383500
0.176173,0.039500,0.044000,0.064500,0.075000,0.057000,0.098000,0.087500,0.115500,0.176000,0.383500
0.279846,0.039500,0.044000,0.064500,0.075000,0.057000,0.098000,0.087500,0.115500,0.176000,0.383500
0.383520,0.039500,0.044000,0.064500,0.075000,0.057000,0.098000,0.087500,0.115500,0.176000,0.383500
0.279846,0.039500,0.044000,0.064500,0.075000,0.057000,0.098000,0.087500,0.115500,0.176000,0.383500
0.176173,0.039500,0.044000,0.064500,0.075000,0.057000,0.098000,0.087500,0.115500,0.176000,0.383500
0.072500,0.039500,0.044000,0.064500,0.075000,0.057000,0.098000,0.087500,0.115500,0.176000,0.383500
0.072500,0.039500,0.044000,0.064500,0.075000,0.057000,0.098000,0.087500,0.115500,0.176000,0.383500
0.072500,0.039500,0.044000,0.064500,0.075000,0.057000,0.098000,0.087500,0.115500,0.176000,0.383500
0.072500,0.039500,0.044000,0.064500,0.075000,0.057000,0.098000,0.087500,0.115500,0.176000,0.383500
0.072500,0.039500,0.044000,0.064500,0.075000,0.057000,0.098000,0.087500,0.115500,0.176000,0.383500
0.072500,0.039500,0.044000,0.064500,0.075000,0.057000,0.098000,0.087500,0.115500,0.176000,0.383500
0.072500,0.039500,0.044000,0.064500,0.075000,0.057000,0.098000,0.087500,0.115500,0.176000,0.383500
0.072500,0.039500,0.044000,0.064500,0.075000,0.057000,0.098000,0.087500,0.115500,0.176000,0.383500
0.072500,0.039500,0.044000,0.064500,0.075000,0.057000,0.098000,0.087500,0.115500,0.176000,0.383500
0.072500,0.039500,0.044000,0.064500,0.075000,0.057000,0.098000,0.087500,0.115500,0.176000,0.383500
0.072500,0.039500,0.044000,0.064500,0.075000,0.057000,0.098000,0.087500,0.115500,0.176000,0.383500
0.072500,0.039500,0.044000,0.064500,0.075000,0.057000,0.098000,0.087500,0.115500,0.176000,0.383500
0.072500,0.039500,0.044000,0.064500,0.075000,0.057000,0.098000,0.087500,0.115500,0.176000,0.383500
0.072500,0.039500,0.044000,0.064500,0.075000,0.057000,0.098000,0.087500,0.115500,0.176000,0.383500
0.072500,0.039500,0.044000,0.064500,0.075000,0.057000,0.098000,0.087500,0.115500,0.176000,0.383500
0.072500,0.039500,0.044000,0.064500,0.075000,0.057000,0.098000,0.087500,0.115500,0.176000,0.383500
0.072500,0.039500,0.044000,0.064500,0.075000,0.057000,0.098000,0.087500,0.115500,0.176000,0.383500
0.072500,0.039500,0.044000,0.064500,0.075000,0.057000,0.098000,0.087500,0.115500,0.176000,0.383500
0.072500,0.039500,0.044000,0.064500,0.075000,0.057000,0.098000,0.087500,0.115500,0.176000,0.383500
0.072500,0.039500,0.044000,0.064500,0.075000,0.057000,0.098000,0.087500,0.115500,0.176000,0.383500
0.072500,0.039500,0.044000,0.064500,0.075000,0.057000,0.098000,0.087500,0.115500,0.176000,0.383500
0.072500,0.039500,0.044000,0.064500,0.075000,0.057000,0.098000,0.087500,0.115500,0.176000,0.383500
0.072500,0.039500,0.044000,0.064500,0.075000,0.057000,0.098000,0.087500,0.115500,0.176000,0.383500
0.072500,0.039500,0.044000,0.064500,0.075000,0.057000,0.098000,0.087500,0.115500,0.176000,0.383500
0.072500,0.039500,0.044000,0.064500,0.075000,0.057000,0.098000,0.087500,0.115500,0.176000,0.383500
0.072500,0.039500,0.044000,0.064500,0.075000,0.057000,0.098000,0.087500,0.115500,0.176000,0.383500
0.072500,0.039500,0.044000,0.064500,0.075000,0.057000,0.098000,0.087500,0.115500,0.176000,0.383500
0.072500,0.039500,0.044000,0.064500,0.075000,0.057000,0.098000,0.087500,0.115500,0.176000,0.383500
0.072500,0.039500,0.044000,0.064500,0.075000,0.057000,0.098000,0.087500,0.115500,0.176000,0.383500
0.072500,0.039500,0.044000,0.064500,0.075000,0.057000,0.098000,0.087500,0.115500,0.176000,0.383500
0.072500,0.039500,0.044000,0.064500,0.075000,0.057000,0.098000,0.087500,0.115500,0.176000,0.383500
0.072500,0.039500,0.044000,0.064500,0.075000,0.057000,0.098000,0.087500,0.115500,0.176000,0.383500
0.072500,0.039500,0.044000,0.064500,0.075000,0.057000,0.098000,0.087500,0.115500,0.176000,0.383500
0.072500,0.039500,0.044000,0.064500,0.075000,0.057000,0.098000,0.087500,0.115500,0.176000,0.383500
0.072500,0.039500,0.044000,0.064500,0.075000,0.057000,0.098000,0.087500,0.115500,0.176000,0.383500
0.072500,0.039500,0.044000,0.064500,0.075000,0.057000,0.098000,0.087500,0.115500,0.176000,0.383500
0.072500,0.039500,0.044000,0.064500,0.075000,0.057000,0.098000,0.087500,0.115500,0.176000,0.383500
0.072500,0.039500,0.044000,0.064500,0.075000,0.057000,0.098000,0.087500,0.115500,0.176000,0.383500
0.072500,0.039500,0.044000,0.064500,0.075000,0.057000,0.098000,0.087500,0.115500,0.176000,0.383500
0.072500,0.039500,0.044000,0.064500,0.075000,0.057000,0.098000,0.087500,0.115500,0.176000,0.383500
0.072500,0.039500,0.044000,0.064500,0.075000,0.057000,0.098000,0.087500,0.115500,0.176000,0.383500
0.072500,0.039500,0.044000,0.064500,0.075000,0.057000,0.098000,0.087500,0.115500,0.176000,0.383500
0.072500,0.039500,0.044000,0.064500,0.075000,0.057000,0.098000,0.087500,0.115500,0.176000,0.383500
0.072500,0.039500,0.044000,0.064500,0.075000,0.057000,0.098000,0.087500,0.115500,0.176000,0.383500
0.072500,0.039500,0.044000,0.064500,0.075000,0.057000,0.098000,0.087500,0.115500,0.176000,0.383500
0.072500,0.039500,0.044000,0.064500,0.075000,0.057000,0.098000,0.087500,0.115500,0.176000,0.383500
0.072500,0.039500,0.044000,0.064500,0.075000,0.057000,0.098000,0.087500,0.115500,0.176000,0.383500
0.072500,0.039500,0.044000,0.064500,0.075000,0.057000,0.098000,0.087500,0.115500,0.176000,0.383500
0.072500,0.039500,0.044000,0.064500,0.075000,0.057000,0.098000,0.087500,0.115500,0.176000,0.383500
0.072500,0.039500,0.044000,0.064500,0.075000,0.057000,0.098000,0.087500,0.115500,0.176000,0.383500
0.072500,0.039500,0.044000,0.064500,0.075000,0.057000,0.098000,0.087500,0.115500,0.176000,0.383500
0.072500,0.039500,0.044000,0.064500,0.075000,0.057000,0.098000,0.087500,0.115500,0.176000,0.383500
0.072500,0.039500,0.044000,0.064500,0.075000,0.057000,0.098000,0.087500,0.115500,0.176000,0.383500
0.072500,0.039500,0.044000,0.064500,0.075000,0.057000,0.098000,0.087500,0.115500,0.176000,0.383500
0.072500,0.039500,0.044000,0.064500,0.075000,0.057000,0.098000,0.087500,0.115500,0.176000,0.383500
0.072500,0.039500,0.044000,0.064500,0.075000,0.057000,0.098000,0.087500,0.115500,0.176000,0.383500
0.072500,0.039500,0.044000,0.064500,0.075000,0.057000,0.098000,0.087500,0.115500,0.176000,0.383500
0.072500,0.039500,0.044000,0.064500,0.075000,0.057000,0.098000,0.087500,0.115500,0.176000,0.383500
0.072500,0.039500,0.044000,0.064500,0.075000,0.057000,0.098000,0.087500,0.115500,0.176000,0.383500
0.072500,0.039500,0.044000,0.064500,0.075000,0.057000,0.098000,0.087500,0.115500,0.176000,0.383500
0.072500,0.039500,0.044000,0.064500,0.075000,0.057000,0.098000,0.087500,0.115500,0.176000,0.383500
0.072500,0.039500,0.044000,0.064500,0.075000,0.057000,0.098000,0.087500,0.115500,0.176000,0.383500
0.072500,0.039500,0.044000,0.064500,0.075000,0.057000,0.098000,0.087500,0.115500,0.176000,0.383500
0.072500,0.039500,0.044000,0.064500,0.075000,0.057000,0.098000,0.087500,0.115500,0.176000,0.383500
0.072500,0.039500,0.044000,0.064500,0.075000,0.057000,0.098000,0.087500,0.115500,0.176000,0.383500
0.072500,0.039500,0.044000,0.064500,0.075000,0.057000,0.098000,0.087500,0.115500,0.176000,0.383500
0.072500,0.039500,0.044000,0.064500,0.075000,0.057000,0.098000,0.087500,0.115500,0.176000,0.383500
0.072500,0.039500,0.044000,0.064500,0.075000,0.057000,0.098000,0.087500,0.115500,0.176000,0.383500
0.072500,0.039500,0.044000,0.064500,0.075000,0.057000,0.098000,0.087500,0.115500,0.176000,0.383500
0.072500,0.039500,0.044000,0.064500,0.075000,0.057000,0.098000,0.087500,0.115500,0.176000,0.383500
0.072500,0.039500,0.044000,0.064500,0.075000,0.057000,0.098000,0.087500,0.115500,0.176000,0.383500
0.072500,0.039500,0.044000,0.064500,0.075000,0.057000,0.098000,0.087500,0.115500,0.176000,0.383500
0.072500,0.039500,0.044000,0.064500,0.075000,0.057000,0.098000,0.087500,0.115500,0.176000,0.383500
0.072500,0.039500,0.044000,0.064500,0.075000,0.057000,0.098000,0.087500,0.115500,0.176000,0.383500
0.072500,0.039500,0.044000,0.064500,0.075000,0.057000,0.098000,0.087500,0.115500,0.176000,0.383500
0.072500,0.039500,0.044000,0.064500,0.075000,0.057000,0.098000,0.087500,0.115500,0.176000,0.383500
0.072500,0.039500,0.044000,0.064500,0.075000,0.057000,0.098000,0.087500,0.115500,0.176000,0.383500
0.072500,0.039500,0.044000,0.064500,0.075000,0.057000,0.098000,0.087500,0.115500,0.176000,0.383500
0.072500,0.039500,0.044000,0.064500,0.075000,0.057000,0.098000,0.087500,0.115500,0.176000,0.383500
0.072500,0.039500,0.044000,0.064500,0.075000,0.057000,0.098000,0.087500,0.115500,0.176000,0.383500
0.072500,0.039500,0.044000,0.064500,0.075000,0.057000,0.098000,0.087500,0.115500,0.176000,0.383500
0.072500,0.039500,0.044000,0.064500,0.075000,0.057000,0.098000,0.087500,0.115500,0.176000,0.383500
0.072500,0.039500,0.044000,0.064500,0.075000,0.057000,0.098000,0.087500,0.115500,0.176000,0.383500
0.072500,0.039500,0.044000,0.064500,0.075000,0.057000,0.098000,0.087500,0.115500,0.176000,0.383500
0.072500,0.039500,0.044000,0.064500,0.075000,0.057000,0.098000,0.087500,0.115500,0.176000,0.383500
0.072500,0.039500,0.044000,0.064500,0.075000,0.057000,0.098000,0.087500,0.115500,0.176000,0.383500
0.072500,0.039500,0.044000,0.064500,0.075000,0.057000,0.098000,0.087500,0.115500,0.176000,0.383500
0.072500,0.039500,0.044000,0.064500,0.075000,0.057000,0.098000,0.087500,0.115500,0.176000,0.383500
0.072500,0.039500,0.044000,0.064500,0.075000,0.057000,0.098000,0.087500,0.115500,0.176000,0.383500
0.072500,0.039500,0.044000,0.064500,0.075000,0.057000,0.098000,0.087500,0.115500,0.176000,0.383500
0.072500,0.039500,0.044000,0.064500,0.075000,0.057000,0.098000,0.087500,0.115500,0.176000,0.383500
0.072500,0.039500,0.044000,0.064500,0.075000,0.057000,0.098000,0.087500,0.115500,0.176000,0.383500
0.072500,0.039500,0.044000,0.064500,0.075000,0.057000,0.098000,0.087500,0.115500,0.176000,0.383500
0.072500,0.039500,0.044000,0.064500,0.075000,0.057000,0.098000,0.087500,0.115500,0.176000,0.383500
0.072500,0.039500,0.044000,0.064500,0.075000,0.057000,0.098000,0.087500,0.115500,0.176000,0.383500
0.072500,0.039500,0.044000,0.064500,0.075000,0.057000,0.098000,0.087500,0.115500,0.176000,0.383500
0.072500,0.039500,0.044000,0.064500,0.075000,0.057000,0.098000,0.087500,0.115500,0.176000,0.383500
0.072500,0.039500,0.044000,0.064500,0.075000,0.057000,0.098000,0.087500,0.115500,0.176000,0.383500
0.072500,0.039500,0.044000,0.064500,0.075000,0.057000,0.098000,0.087500,0.115500,0.176000,0.383500
0.072500,0.039500,0.044000,0.064500,0.075000,0.057000,0.098000,0.087500,0.115500,0.176000,0.383500
0.072500,0.039500,0.044000,0.064500,0.075000,0.057000,0.098000,0.087500,0.115500,0.176000,0.383500
0.072500,0.039500,0.044000,0.064500,0.075000,0.057000,0.098000,0.087500,0.115500,0.176000,0.383500
0.072500,0.039500,0.044000,0.064500,0.075000,0.057000,0.098000,0.087500,0.115500,0.176000,0.383500
0.072500,0.039500,0.044000,0.064500,0.075000,0.057000,0.098000,0.087500,0.115500,0.176000,0.383500
0.072500,0.039500,0.044000,0.064500,0.075000,0.057000,0.098000,0.087500,0.115500,0.176000,0.383500
0.072500,0.039500,0.044000,0.064500,0.075000,0.057000,0.098000,0.087500,0.115500,0.176000,0.383500
0.072500,0.039500,0.044000,0.064500,0.075000,0.057000,0.098000,0.087500,0.115500,0.176000,0.383500
0.072500,0.039500,0.044000,0.064500,0.075000,0.057000,0.098000,0.087500,0.115500,0.176000,0.383500
0.072500,0.039500,0.044000,0.064500,0.075000,0.057000,0.098000,0.087500,0.115500,0.176000,0.383500
0.072500,0.039500,0.044000,0.064500,0.075000,0.057000,0.098000,0.087500,0.115500,0.176000,0.383500
0.072500,0.039500,0.044000,0.064500,0.075000,0.057000,0.098000,0.087500,0.115500,0.176000,0.383500
0.072500,0.039500,0.044000,0.064500,0.075000,0.057000,0.098000,0.087500,0.115500,0.176000,0.383500
0.072500,0.039500,0.044000,0.064500,0.075000,0.057000,0.098000,0.087500,0.115500,0.176000,0.383500
0.072500,0.039500,0.044000,0.064500,0.075000,0.057000,0.098000,0.087500,0.115500,0.176000,0.383500
0.072500,0.039500,0.044000,0.064500,0.075000,0.057000,0.098000,0.087500,0.115500,0.176000,0.383500
0.072500,0.039500,0.044000,0.064500,0.075000,0.057000,0.098000,0.087500,0.115500,0.176000,0.383500
0.072500,0.039500,0.044000,0.064500,0.075000,0.057000,0.098000,0.087500,0.115500,0.176000,0.383500
0.072500,0.039500,0.044000,0.064500,0.075000,0.057000,0.098000,0.087500,0.115500,0.176000,0.383500
0.072500,0.039500,0.044000,0.064500,0.075000,0.057000,0.098000,0.087500,0.115500,0.176000,0.383500
0.072500,0.039500,0.044000,0.064500,0.075000,0.057000,0.098000,0.087500,0.115500,0.176000,0.383500
0.072500,0.039500,0.044000,0.064500,0.075000,0.057000,0.098000,0.087500,0.115500,0.176000,0.383500
0.072500,0.039500,0.044000,0.064500,0.075000,0.057000,0.098000,0.087500,0.115500,0.176000,0.383500
0.072500,0.039500,0.044000,0.064500,0.075000,0.057000,0.098000,0.087500,0.115500,0.176000,0.383500
0.072500,0.039500,0.044000,0.064500,0.075000,0.057000,0.098000,0.087500,0.115500,0.176000,0.383500
0.072500,0.039500,0.044000,0.064500,0.075000,0.057000,0.098000,0.087500,0.115500,0.176000,0.383500
0.072500,0.039500,0.044000,0.064500,0.075000,0.057000,0.098000,0.087500,0.115500,0.176000,0.383500
0.072500,0.039500,0.044000,0.064500,0.075000,0.057000,0.098000,0.087500,0.115500,0.176000,0.383500
0.072500,0.039500,0.044000,0.064500,0.075000,0.057000,0.098000,0.087500,0.115500,0.176000,0.383500
0.072500,0.039500,0.044000,0.064500,0.075000,0.057000,0.098000,0.087500,0.115500,0.176000,0.383500
0.072500,0.039500,0.044000,0.064500,0.075000,0.057000,0.098000,0.087500,0.115500,0.176000,0.383500
0.072500,0.039500,0.044000,0.064500,0.075000,0.057000,0.098000,0.087500,0.115500,0.176000,0.383500
0.072500,0.039500,0.044000,0.064500,0.075000,0.057000,0.098000,0.087500,0.115500,0.176000,0.383500
0.072500,0.039500,0.044000,0.064500,0.075000,0.057000,0.098000,0.087500,0.115500,0.176000,0.383500
0.072500,0.039500,0.044000,0.064500,0.075000,0.057000,0.098000,0.087500,0.115500,0.176000,0.383500
0.072500,0.039500,0.044000,0.064500,0.075000,0.057000,0.098000,0.087500,0.115500,0.176000,0.383500
0.072500,0.039500,0.044000,0.064500,0.075000,0.057000,0.098000,0.087500,0.115500,0.176000,0.383500
0.072500,0.039500,0.044000,0.064500,0.075000,0.057000,0.098000,0.087500,0.115500,0.176000,0.383500
0.072500,0.039500,0.044000,0.064500,0.075000,0.057000,0.098000,0.087500,0.115500,0.176000,0.383500
0.072500,0.039500,0.044000,0.064500,0.075000,0.057000,0.098000,0.087500,0.115500,0.176000,0.383500
0.072500,0.039500,0.044000,0.064500,0.075000,0.057000,0.098000,0.087500,0.115500,0.176000,0.383500
0.072500,0.039500,0.044000,0.064500,0.075000,0.057000,0.098000,0.087500,0.115500,0.176000,0.383500
0.072500,0.039500,0.044000,0.064500,0.075000,0.057000,0.098000,0.087500,0.115500,0.176000,0.383500
0.072500,0.039500,0.044000,0.064500,0.075000,0.057000,0.098000,0.087500,0.115500,0.176000,0.383500
0.072500,0.039500,0.044000,0.064500,0.075000,0.057000,0.098000,0.087500,0.115500,0.176000,0.383500
0.072500,0.039500,0.044000,0.064500,0.075000,0.057000,0.098000,0.087500,0.115500,0.176000,0.383500
0.072500,0.039500,0.044000,0.064500,0.075000,0.057000,0.098000,0.087500,0.115500,0.176000,0.383500
0.072500,0.039500,0.044000,0.064500,0.075000,0.057000,0.098000,0.087500,0.115500,0.176000,0.383500
0.072500,0.039500,0.044000,0.064500,0.075000,0.057000,0.098000,0.087500,0.115500,0.176000,0.383500
0.072500,0.039500,0.044000,0.064500,0.075000,0.057000,0.098000,0.087500,0.115500,0.176000,0.383500
0.072500,0.039500,0.044000,0.064500,0.075000,0.057000,0.098000,0.087500,0.115500,0.176000,0.383500
0.072500,0.039500,0.044000,0.064500,0.075000,0.057000,0.098000,0.087500,0.115500,0.176000,0.383500
0.072500,0.039500,0.044000,0.064500,0.075000,0.057000,0.098000,0.087500,0.115500,0.176000,0.383500
0.072500,0.039500,0.044000,0.064500,0.075000,0.057000,0.098000,0.087500,0.115500,0.176000,0.383500
0.072500,0.039500,0.044000,0.064500,0.075000,0.057000,0.098000,0.087500,0.115500,0.176000,0.383500
0.072500,0.039500,0.044000,0.064500,0.075000,0.057000,0.098000,0.087500,0.115500,0.176000,0.383500
0.072500,0.039500,0.044000,0.064500,0.075000,0.057000,0.098000,0.087500,0.115500,0.176000,0.383500
0.072500,0.039500,0.044000,0.064500,0.075000,0.057000,0.098000,0.087500,0.115500,0.176000,0.383500
0.072500,0.039500,0.044000,0.064500,0.075000,0.057000,0.098000,0.087500,0.115500,0.176000,0.383500
0.072500,0.039500,0.044000,0.064500,0.075000,0.057000,0.098000,0.087500,0.115500,0.176000,0.383500
0.072500,0.039500,0.044000,0.064500,0.075000,0.057000,0.098000,0.087500,0.115500,0.176000,0.383500
0.072500,0.039500,0.044000,0.064500,0.075000,0.057000,0.098000,0.087500,0.115500,0.176000,0.383500
0.072500,0.039500,0.044000,0.064500,0.075000,0.057000,0.098000,0.087500,0.115500,0.176000,0.383500
0.072500,0.039500,0.044000,0.064500,0.075000,0.057000,0.098000,0.087500,0.115500,0.176000,0.383500
0.072500,0.039500,0.044000,0.064500,0.075000,0.057000,0.098000,0.087500,0.115500,0.176000,0.383500
0.072500,0.039500,0.044000,0.064500,0.075000,0.057000,0.098000,0.087500,0.115500,0.176000,0.383500
0.072500,0.039500,0.044000,0.064500,0.075000,0.057000,0.098000,0.087500,0.115500,0.176000,0.383500
0.072500,0.039500,0.044000,0.064500,0.075000,0.057000,0.098000,0.087500,0.115500,0.176000,0.383500
0.072500,0.039500,0.044000,0.064500,0.075000,0.057000,0.098000,0.087500,0.115500,0.176000,0.383500
0.072500,0.039500,0.044000,0.064500,0.075000,0.057000,0.098000,0.087500,0.115500,0.176000,0.383500
0.072500,0.039500,0.044000,0.064500,0.075000,0.057000,0.098000,0.087500,0.115500,0.176000,0.383500
0.072500,0.039500,0.044000,0.064500,0.075000,0.057000,0.098000,0.087500,0.115500,0.176000,0.383500
0.072500,0.039500,0.044000,0.064500,0.075000,0.057000,0.098000,0.087500,0.115500,0.176000,0.383500
0.072500,0.039500,0.044000,0.064500,0.075000,0.057000,0.098000,0.087500,0.115500,0.176000,0.383500
0.072500,0.039500,0.044000,0.064500,0.075000,0.057000,0.098000,0.087500,0.115500,0.176000,0.383500
0.072500,0.039500,0.044000,0.064500,0.075000,0.057000,0.098000,0.087500,0.115500,0.176000,0.383500
0.072500,0.039500,0.044000,0.064500,0.075000,0.057000,0.098000,0.087500,0.115500,0.176000,0.383500
0.072500,0.039500,0.044000,0.064500,0.075000,0.057000,0.098000,0.087500,0.115500,0.176000,0.383500
0.072500,0.039500,0.044000,0.064500,0.075000,0.057000,0.098000,0.087500,0.115500,0.176000,0.383500
0.072500,0.039500,0.044000,0.064500,0.075000,0.057000,0.098000,0.087500,0.115500,0.176000,0.383500
0.072500,0.039500,0.044000,0.064500,0.075000,0.057000,0.098000,0.087500,0.115500,0.176000,0.383500
0.072500,0.039500,0.044000,0.064500,0.075000,0.057000,0.098000,0.087500,0.115500,0.176000,0.383500
0.072500,0.039500,0.044000,0.064500,0.075000,0.057000,0.098000,0.087500,0.115500,0.176000,0.383500
0.072500,0.039500,0.044000,0.064500,0.075000,0.057000,0.098000,0.087500,0.115500,0.176000,0.383500
0.072500,0.039500,0.044000,0.064500,0.075000,0.057000,0.098000,0.087500,0.115500,0.176000,0.383500
0.072500,0.039500,0.044000,0.064500,0.075000,0.057000,0.098000,0.087500,0.115500,0.176000,0.383500
0.072500,0.039500,0.044000,0.064500,0.075000,0.057000,0.098000,0.087500,0.115500,0.176000,0.383500
0.072500,0.039500,0.044000,0.064500,0.075000,0.057000,0.098000,0.087500,0.115500,0.176000,0.383500
0.072500,0.039500,0.044000,0.064500,0.075000,0.057000,0.098000,0.087500,0.115500,0.176000,0.383500
0.072500,0.039500,0.044000,0.064500,0.075000,0.057000,0.098000,0.087500,0.115500,0.176000,0.383500
0.072500,0.039500,0.044000,0.064500,0.075000,0.057000,0.098000,0.087500,0.115500,0.176000,0.383500
0.072500,0.039500,0.044000,0.064500,0.075000,0.057000,0.098000,0.087500,0.115500,0.176000,0.383500
0.072500,0.039500,0.044000,0.064500,0.075000,0.057000,0.098000,0.087500,0.115500,0.176000,0.383500
0.072500,0.039500,0.044000,0.064500,0.075000,0.057000,0.098000,0.087500,0.115500,0.176000,0.383500
0.072500,0.039500,0.044000,0.064500,0.075000,0.057000,0.098000,0.087500,0.115500,0.176000,0.383500
0.072500,0.039500,0.044000,0.064500,0.075000,0.057000,0.098000,0.087500,0.115500,0.176000,0.383500
0.072500,0.039500,0.044000,0.064500,0.075000,0.057000,0.098000,0.087500,0.115500,0.176000,0.383500
0.072500,0.039500,0.044000,0.064500,0.075000,0.057000,0.098000,0.087500,0.115500,0.176000,0.383500
0.072500,0.039500,0.044000,0.064500,0.075000,0.057000,0.098000,0.087500,0.115500,0.176000,0.383500
0.072500,0.039500,0.044000,0.064500,0.075000,0.057000,0.098000,0.087500,0.115500,0.176000,0.383500
0.072500,0.039500,0.044000,0.064500,0.075000,0.057000,0.098000,0.087500,0.115500,0.176000,0.383500
0.072500,0.039500,0.044000,0.064500,0.075000,0.057000,0.098000,0.087500,0.115500,0.176000,0.383500
0.072500,0.039500,0.044000,0.064500,0.075000,0.057000,0.098000,0.087500,0.115500,0.176000,0.383500
0.072500,0.039500,0.044000,0.064500,0.075000,0.057000,0.098000,0.087500,0.115500,0.176000,0.383500
0.072500,0.039500,0.044000,0.064500,0.075000,0.057000,0.098000,0.087500,0.115500,0.176000,0.383500
0.072500,0.039500,0.044000,0.064500,0.075000,0.057000,0.098000,0.087500,0.115500,0.176000,0.383500
0.072500,0.039500,0.044000,0.064500,0.075000,0.057000,0.098000,0.087500,0.115500,0.176000,0.383500
0.072500,0.039500,0.044000,0.064500,0.075000,0.057000,0.098000,0.087500,0.115500,0.176000,0.383500
0.072500,0.039500,0.044000,0.064500,0.075000,0.057000,0.098000,0.087500,0.115500,0.176000,0.383500
0.072500,0.039500,0.044000,0.064500,0.075000,0.057000,0.098000,0.087500,0.115500,0.176000,0.383500
0.072500,0.039500,0.044000,0.064500,0.075000,0.057000,0.098000,0.087500,0.115500,0.176000,0.383500
0.072500,0.039500,0.044000,0.064500,0.075000,0.057000,0.098000,0.087500,0.115500,0.176000,0.383500
0.072500,0.039500,0.044000,0.064500,0.075000,0.057000,0.098000,0.087500,0.115500,0.176000,0.383500
0.072500,0.039500,0.044000,0.064500,0.075000,0.057000,0.098000,0.087500,0.115500,0.176000,0.383500
0.072500,0.039500,0.044000,0.064500,0.075000,0.057000,0.098000,0.087500,0.115500,0.176000,0.383500
0.072500,0.039500,0.044000,0.064500,0.075000,0.057000,0.098000,0.087500,0.115500,0.176000,0.383500
0.072500,0.039500,0.044000,0.064500,0.075000,0.057000,0.098000,0.087500,0.115500,0.176000,0.383500
0.072500,0.039500,0.044000,0.064500,0.075000,0.057000,0.098000,0.087500,0.115500,0.176000,0.383500
0.072500,0.039500,0.044000,0.064500,0.075000,0.057000,0.098000,0.087500,0.115500,0.176000,0.383500
0.072500,0.039500,0.044000,0.064500,0.075000,0.057000,0.098000,0.087500,0.115500,0.176000,0.383500
0.072500,0.039500,0.044000,0.064500,0.075000,0.057000,0.098000,0.087500,0.115500,0.176000,0.383500
0.072500,0.039500,0.044000,0.064500,0.075000,0.057000,0.098000,0.087500,0.115500,0.176000,0.383500
0.072500,0.039500,0.044000,0.064500,0.075000,0.057000,0.098000,0.087500,0.115500,0.176000,0.383500
0.072500,0.039500,0.044000,0.064500,0.075000,0.057000,0.098000,0.087500,0.115500,0.176000,0.383500
0.072500,0.039500,0.044000,0.064500,0.075000,0.057000,0.098000,0.087500,0.115500,0.176000,0.383500
0.072500,0.039500,0.044000,0.064500,0.075000,0.057000,0.098000,0.087500,0.115500,0.176000,0.383500
0.072500,0.039500,0.044000,0.064500,0.075000,0.057000,0.098000,0.087500,0.115500,0.176000,0.383500
0.072500,0.039500,0.044000,0.064500,0.075000,0.057000,0.098000,0.087500,0.115500,0.176000,0.383500
0.072500,0.039500,0.044000,0.064500,0.075000,0.057000,0.098000,0.087500,0.115500,0.176000,0.383500
0.072500,0.039500,0.044000,0.064500,0.075000,0.057000,0.098000,0.087500,0.115500,0.176000,0.383500
0.072500,0.039500,0.044000,0.064500,0.075000,0.057000,0.098000,0.087500,0.115500,0.176000,0.383500
0.072500,0.039500,0.044000,0.064500,0.075000,0.057000,0.098000,0.087500,0.115500,0.176000,0.383500
0.072500,0.039500,0.044000,0.064500,0.075000,0.057000,0.098000,0.087500,0.115500,0.176000,0.383500
0.072500,0.039500,0.044000,0.064500,0.075000,0.057000,0.098000,0.087500,0.115500,0.176000,0.383500
0.072500,0.039500,0.044000,0.064500,0.075000,0.057000,0.098000,0.087500,0.115500,0.176000,0.383500
0.072500,0.039500,0.044000,0.064500,0.075000,0.057000,0.098000,0.087500,0.115500,0.176000,0.383500
0.072500,0.039500,0.044000,0.064500,0.075000,0.057000,0.098000,0.087500,0.115500,0.176000,0.383500
0.072500,0.039500,0.044000,0.064500,0.075000,0.057000,0.098000,0.087500,0.115500,0.176000,0.383500
0.072500,0.039500,0.044000,0.064500,0.075000,0.057000,0.098000,0.087500,0.115500,0.176000,0.383500
0.072500,0.039500,0.044000,0.064500,0.075000,0.057000,0.098000,0.087500,0.115500,0.176000,0.383500
0.072500,0.039500,0.044000,0.064500,0.075000,0.057000,0.098000,0.087500,0.115500,0.176000,0.383500
0.072500,0.039500,0.044000,0.064500,0.075000,0.057000,0.098000,0.087500,0.115500,0.176000,0.383500
0.072500,0.039500,0.044000,0.064500,0.075000,0.057000,0.098000,0.087500,0.115500,0.176000,0.383500
0.072500,0.039500,0.044000,0.064500,0.075000,0.057000,0.098000,0.087500,0.115500,0.176000,0.383500
0.072500,0.039500,0.044000,0.064500,0.075000,0.057000,0.098000,0.087500,0.115500,0.176000,0.383500
0.072500,0.039500,0.044000,0.064500,0.075000,0.057000,0.098000,0.087500,0.115500,0.176000,0.383500
0.072500,0.039500,0.044000,0.064500,0.075000,0.057000,0.098000,0.087500,0.115500,0.176000,0.383500
0.072500,0.039500,0.044000,0.064500,0.075000,0.057000,0.098000,0.087500,0.115500,0.176000,0.383500
0.072500,0.039500,0.044000,0.064500,0.075000,0.057000,0.098000,0.087500,0.115500,0.176000,0.383500
0.072500,0.039500,0.044000,0.064500,0.075000,0.057000,0.098000,0.087500,0.115500,0.176000,0.383500
0.072500,0.039500,0.044000,0.064500,0.075000,0.057000,0.098000,0.087500,0.115500,0.176000,0.383500
0.072500,0.039500,0.044000,0.064500,0.075000,0.057000,0.098000,0.087500,0.115500,0.176000,0.383500
0.072500,0.039500,0.044000,0.064500,0.075000,0.057000,0.098000,0.087500,0.115500,0.176000,0.383500
0.072500,0.039500,0.044000,0.064500,0.075000,0.057000,0.098000,0.087500,0.115500,0.176000,0.383500
0.072500,0.039500,0.044000,0.064500,0.075000,0.057000,0.098000,0.087500,0.115500,0.176000,0.383500
0.072500,0.039500,0.044000,0.064500,0.075000,0.057000,0.098000,0.087500,0.115500,0.176000,0.383500
0.072500,0.039500,0.044000,0.064500,0.075000,0.057000,0.098000,0.087500,0.115500,0.176000,0.383500
0.072500,0.039500,0.044000,0.064500,0.075000,0.057000,0.098000,0.087500,0.115500,0.176000,0.383500
0.072500,0.039500,0.044000,0.064500,0.075000,0.057000,0.098000,0.087500,0.115500,0.176000,0.383500
0.072500,0.039500,0.044000,0.064500,0.075000,0.057000,0.098000,0.087500,0.115500,0.176000,0.383500
0.072500,0.039500,0.044000,0.064500,0.075000,0.057000,0.098000,0.087500,0.115500,0.176000,0.383500
0.072500,0.039500,0.044000,0.064500,0.075000,0.057000,0.098000,0.087500,0.115500,0.176000,0.383500
0.072500,0.039500,0.044000,0.064500,0.075000,0.057000,0.098000,0.087500,0.115500,0.176000,0.383500
0.072500,0.039500,0.044000,0.064500,0.075000,0.057000,0.098000,0.087500,0.115500,0.176000,0.383500
0.072500,0.039500,0.044000,0.064500,0.075000,0.057000,0.098000,0.087500,0.115500,0.176000,0.383500
0.072500,0.039500,0.044000,0.064500,0.075000,0.057000,0.098000,0.087500,0.115500,0.176000,0.383500
0.072500,0.039500,0.044000,0.064500,0.075000,0.057000,0.098000,0.087500,0.115500,0.176000,0.383500
0.072500,0.039500,0.044000,0.064500,0.075000,0.057000,0.098000,0.087500,0.115500,0.176000,0.383500
0.072500,0.039500,0.044000,0.064500,0.075000,0.057000,0.098000,0.087500,0.115500,0.176000,0.383500
0.072500,0.039500,0.044000,0.064500,0.075000,0.057000,0.098000,0.087500,0.115500,0.176000,0.383500
0.072500,0.039500,0.044000,0.064500,0.075000,0.057000,0.098000,0.087500,0.115500,0.176000,0.383500
0.072500,0.039500,0.044000,0.064500,0.075000,0.057000,0.098000,0.087500,0.115500,0.176000,0.383500
0.072500,0.039500,0.044000,0.064500,0.075000,0.057000,0.098000,0.087500,0.115500,0.176000,0.383500
0.072500,0.039500,0.044000,0.064500,0.075000,0.057000,0.098000,0.087500,0.115500,0.176000,0.383500
0.072500,0.039500,0.044000,0.064500,0.075000,0.057000,0.098000,0.087500,0.115500,0.176000,0.383500
0.072500,0.039500,0.044000,0.064500,0.075000,0.057000,0.098000,0.087500,0.115500,0.176000,0.383500
0.072500,0.039500,0.044000,0.064500,0.075000,0.057000,0.098000,0.087500,0.115500,0.176000,0.383500
0.072500,0.039500,0.044000,0.064500,0.075000,0.057000,0.098000,0.087500,0.115500,0.176000,0.383500
0.072500,0.039500,0.044000,0.064500,0.075000,0.057000,0.098000,0.087500,0.115500,0.176000,0.383500
0.072500,0.039500,0.044000,0.064500,0.075000,0.057000,0.098000,0.087500,0.115500,0.176000,0.383500
0.072500,0.039500,0.044000,0.064500,0.075000,0.057000,0.098000,0.087500,0.115500,0.176000,0.383500
0.072500,0.039500,0.044000,0.064500,0.075000,0.057000,0.098000,0.087500,0.115500,0.176000,0.383500
0.072500,0.039500,0.044000,0.064500,0.075000,0.057000,0.098000,0.087500,0.115500,0.176000,0.383500
0.072500,0.039500,0.044000,0.064500,0.075000,0.057000,0.098000,0.087500,0.115500,0.176000,0.383500
0.072500,0.039500,0.044000,0.064500,0.075000,0.057000,0.098000,0.087500,0.115500,0.176000,0.383500
0.072500,0.039500,0.044000,0.064500,0.075000,0.057000,0.098000,0.087500,0.115500,0.176000,0.383500
0.072500,0.039500,0.044000,0.064500,0.075000,0.057000,0.098000,0.087500,0.115500,0.176000,0.383500
0.072500,0.039500,0.044000,0.064500,0.075000,0.057000,0.098000,0.087500,0.115500,0.176000,0.383500
0.072500,0.039500,0.044000,0.064500,0.075000,0.057000,0.098000,0.087500,0.115500,0.176000,0.383500
0.072500,0.039500,0.044000,0.064500,0.075000,0.057000,0.098000,0.087500,0.115500,0.176000,0.383500
0.072500,0.039500,0.044000,0.064500,0.075000,0.057000,0.098000,0.087500,0.115500,0.176000,0.383500
0.072500,0.039500,0.044000,0.064500,0.075000,0.057000,0.098000,0.087500,0.115500,0.176000,0.383500
0.072500,0.039500,0.044000,0.064500,0.075000,0.057000,0.098000,0.087500,0.115500,0.176000,0.383500
0.072500,0.039500,0.044000,0.064500,0.075000,0.057000,0.098000,0.087500,0.115500,0.176000,0.383500
0.072500,0.039500,0.044000,0.064500,0.075000,0.057000,0.098000,0.087500,0.115500,0.176000,0.383500
0.072500,0.039500,0.044000,0.064500,0.075000,0.057000,0.098000,0.087500,0.115500,0.176000,0.383500
0.072500,0.039500,0.044000,0.064500,0.075000,0.057000,0.098000,0.087500,0.115500,0.176000,0.383500
0.072500,0.039500,0.044000,0.064500,0.075000,0.057000,0.098000,0.087500,0.115500,0.176000,0.383500
0.072500,0.039500,0.044000,0.064500,0.075000,0.057000,0.098000,0.087500,0.115500,0.176000,0.383500
0.072500,0.039500,0.044000,0.064500,0.075000,0.057000,0.098000,0.087500,0.115500,0.176000,0.383500
0.072500,0.039500,0.044000,0.064500,0.075000,0.057000,0.098000,0.087500,0.115500,0.176000,0.383500
0.072500,0.039500,0.044000,0.064500,0.075000,0.057000,0.098000,0.087500,0.115500,0.176000,0.383500
0.072500,0.039500,0.044000,0.064500,0.075000,0.057000,0.098000,0.087500,0.115500,0.176000,0.383500
0.072500,0.039500,0.044000,0.064500,0.075000,0.057000,0.098000,0.087500,0.115500,0.176000,0.383500
0.072500,0.039500,0.044000,0.064500,0.075000,0.057000,0.098000,0.087500,0.115500,0.176000,0.383500
0.072500,0.039500,0.044000,0.064500,0.075000,0.057000,0.098000,0.087500,0.115500,0.176000,0.383500
0.072500,0.039500,0.044000,0.064500,0.075000,0.057000,0.098000,0.087500,0.115500,0.176000,0.383500
0.072500,0.039500,0.044000,0.064500,0.075000,0.057000,0.098000,0.087500,0.115500,0.176000,0.383500
0.072500,0.039500,0.044000,0.064500,0.075000,0.057000,0.098000,0.087500,0.115500,0.176000,0.383500
0.072500,0.039500,0.044000,0.064500,0.075000,0.057000,0.098000,0.087500,0.115500,0.176000,0.383500
0.072500,0.039500,0.044000,0.064500,0.075000,0.074006,0.098000,0.087500,0.115500,0.176000,0.383500
0.072500,0.039500,0.044000,0.064500,0.075000,0.091012,0.098000,0.087500,0.115500,0.176000,0.383500
0.072500,0.039500,0.044000,0.064500,0.075000,0.108018,0.098000,0.087500,0.115500,0.176000,0.383500
0.072500,0.039500,0.044000,0.064500,0.075000,0.091012,0.098000,0.087500,0.115500,0.176000,0.383500
0.072500,0.039500,0.044000,0.064500,0.075000,0.074006,0.098000,0.087500,0.115500,0.176000,0.383500
0.072500,0.039500,0.044000,0.064500,0.075000,0.057000,0.098000,0.087500,0.115500,0.176000,0.383500
0.072500,0.039500,0.044000,0.064500,0.075000,0.057000,0.098000,0.087500,0.115500,0.176000,0.383500
0.072500,0.039500,0.044000,0.064500,0.075000,0.057000,0.098000,0.087500,0.115500,0.176000,0.383500
0.072500,0.039500,0.044000,0.064500,0.075000,0.057000,0.098000,0.087500,0.115500,0.176000,0.383500
0.072500,0.039500,0.044000,0.064500,0.075000,0.057000,0.098000,0.087500,0.115500,0.176000,0.383500
0.072500,0.039500,0.044000,0.064500,0.075000,0.057000,0.098000,0.087500,0.115500,0.176000,0.383500
0.072500,0.039500,0.044000,0.064500,0.075000,0.057000,0.098000,0.087500,0.115500,0.176000,0.383500
0.072500,0.039500,0.044000,0.064500,0.075000,0.057000,0.098000,0.087500,0.115500,0.176000,1.077618
0.072500,0.039500,0.044000,0.064500,0.075000,0.057000,0.098000,0.087500,0.115500,0.176000,1.771736
0.072500,0.039500,0.044000,0.064500,0.075000,0.057000,0.098000,0.087500,0.115500,0.176000,2.465854
0.072500,0.039500,0.465656,0.064500,0.075000,0.057000,0.098000,0.087500,0.115500,0.176000,3.159972
0.072500,0.039500,0.887311,0.064500,0.075000,0.057000,0.098000,0.087500,0.115500,0.176000,2.465854
0.072500,0.039500,1.308967,0.064500,0.075000,0.057000,0.098000,0.087500,0.115500,0.176000,1.771736
0.072500,0.039500,0.887311,0.064500,0.075000,0.057000,0.098000,0.087500,0.115500,0.176000,1.077618
0.072500,0.039500,0.465656,0.064500,0.075000,0.057000,0.098000,0.087500,0.115500,0.176000,0.383500
0.072500,0.039500,0.044000,0.064500,0.075000,0.057000,0.098000,0.087500,0.115500,3.059117,0.383500
0.072500,0.039500,0.044000,0.064500,0.075000,0.057000,0.098000,0.087500,0.115500,5.942233,0.383500
0.072500,0.039500,0.044000,0.064500,0.075000,0.057000,0.098000,0.087500,0.115500,8.825350,0.383500
0.072500,0.039500,0.044000,0.064500,0.075000,0.057000,0.098000,0.087500,0.115500,5.942233,0.383500
0.072500,0.039500,0.044000,0.064500,0.075000,0.057000,0.098000,0.087500,0.115500,3.059117,0.383500
0.072500,0.039500,0.044000,0.064500,0.075000,0.057000,0.098000,0.087500,0.115500,0.176000,0.383500
0.072500,0.039500,0.044000,0.641214,0.075000,0.057000,0.098000,0.087500,0.559449,0.176000,0.383500
0.072500,0.039500,0.044000,1.217929,0.075000,0.057000,0.098000,0.087500,1.003398,0.176000,0.383500
0.072500,0.039500,0.044000,1.794643,0.075000,0.057000,0.098000,0.087500,1.447347,0.176000,0.383500
0.072500,0.039500,0.044000,1.217929,0.075000,0.057000,0.098000,0.087500,1.003398,0.176000,0.383500
0.072500,0.048839,0.044000,0.641214,0.075000,0.057000,0.098000,0.087500,0.559449,0.176000,0.383500
0.072500,0.058178,0.044000,0.064500,0.075000,0.057000,0.098000,0.087500,0.115500,0.176000,0.383500
0.072500,0.067517,0.044000,0.064500,0.075000,0.057000,0.098000,0.087500,0.115500,0.176000,0.383500
0.072500,0.058178,0.044000,0.064500,0.075000,0.057000,0.098000,0.087500,0.115500,0.176000,0.383500
0.072500,0.048839,0.044000,0.064500,0.075000,0.057000,0.098000,0.087500,0.115500,0.176000,0.383500
0.072500,0.039500,0.044000,0.064500,0.075000,0.057000,0.098000,0.087500,0.115500,0.176000,0.383500
0.387187,0.039500,0.044000,0.064500,0.075000,0.057000,0.098000,0.087500,0.115500,0.176000,0.383500
0.701874,0.039500,0.044000,0.064500,0.075000,0.057000,0.098000,0.087500,0.115500,0.176000,0.383500
1.016561,0.039500,0.044000,0.064500,0.075000,0.057000,0.098000,0.087500,0.115500,0.176000,0.383500
0.701874,0.039500,0.044000,0.064500,0.075000,0.057000,0.098000,0.087500,0.115500,0.176000,0.383500
0.387187,0.039500,0.044000,0.064500,0.075000,0.057000,0.098000,0.087500,0.115500,0.176000,0.383500
0.072500,0.039500,0.044000,0.064500,0.075000,0.057000,0.098000,0.087500,0.115500,0.176000,0.383500
0.072500,0.039500,0.044000,0.064500,0.075000,0.057000,0.098000,0.087500,0.115500,0.176000,0.383500
0.072500,0.039500,0.044000,0.064500,0.075000,0.057000,0.098000,0.914930,0.115500,0.176000,0.383500
0.072500,0.039500,0.044000,0.064500,0.075000,0.057000,0.098000,1.742361,0.115500,0.176000,0.383500
0.072500,0.039500,0.044000,0.064500,0.499780,0.057000,0.098000,2.569791,0.115500,0.176000,0.383500
0.072500,0.039500,0.044000,0.064500,0.924560,0.057000,0.098000,1.742361,0.115500,0.176000,0.383500
0.072500,0.039500,0.044000,0.064500,1.349339,0.057000,0.464474,0.914930,0.115500,0.176000,0.383500
0.072500,0.039500,0.044000,0.064500,0.924560,0.057000,0.830948,0.087500,0.115500,0.176000,0.383500
0.072500,0.039500,0.044000,0.064500,0.499780,0.057000,1.197422,0.087500,0.115500,0.176000,0.383500
0.072500,0.039500,0.044000,0.064500,0.075000,0.057000,0.830948,0.087500,0.115500,0.176000,0.383500
0.072500,0.039500,0.044000,0.064500,0.075000,0.057000,0.464474,0.087500,0.115500,0.176000,0.383500
0.072500,0.039500,0.044000,0.064500,0.075000,0.057000,0.098000,0.087500,0.115500,0.176000,0.383500
0.072500,0.039500,0.044000,0.064500,0.075000,0.057000,0.098000,0.087500,0.115500,0.176000,0.383500
0.072500,0.039500,0.044000,0.064500,0.075000,0.057000,0.098000,0.087500,0.115500,0.176000,0.383500
0.072500,0.039500,0.044000,0.064500,0.075000,0.057000,0.098000,0.087500,0.115500,0.176000,0.383500
0.072500,0.039500,0.044000,0.064500,0.075000,0.057000,0.098000,0.087500,0.115500,0.176000,0.383500
0.072500,0.039500,0.044000,0.064500,0.075000,0.057000,0.098000,0.087500,0.115500,0.176000,0.383500
0.072500,0.039500,0.044000,0.064500,0.075000,0.057000,0.098000,0.087500,0.115500,0.176000,0.383500
0.072500,0.039500,0.044000,0.064500,0.075000,0.057000,0.098000,0.087500,0.115500,0.176000,0.383500
0.072500,0.039500,0.044000,0.064500,0.075000,0.057000,0.098000,0.087500,0.115500,0.176000,0.383500
0.072500,0.039500,0.044000,0.064500,0.075000,0.057000,0.098000,0.087500,0.115500,0.176000,0.383500
0.072500,0.039500,0.044000,0.064500,0.075000,0.057000,0.098000,0.087500,0.115500,0.176000,0.383500
0.072500,0.039500,0.044000,0.064500,0.075000,0.057000,0.098000,0.087500,0.115500,0.176000,0.383500
0.072500,0.039500,0.044000,0.064500,0.075000,0.057000,0.098000,0.087500,0.115500,0.176000,0.383500
0.072500,0.039500,0.044000,0.064500,0.075000,0.057000,0.098000,0.087500,0.115500,0.176000,0.383500
0.072500,0.039500,0.044000,0.064500,0.075000,0.057000,0.098000,0.087500,0.115500,0.176000,0.383500
0.072500,0.039500,0.044000,0.064500,0.075000,0.057000,0.098000,0.087500,0.115500,0.176000,0.383500
0.072500,0.039500,0.044000,0.064500,0.075000,0.057000,0.098000,0.087500,0.115500,0.176000,0.383500
0.072500,0.039500,0.044000,0.064500,0.075000,0.057000,0.098000,0.087500,0.115500,0.176000,0.383500
0.072500,0.039500,0.044000,0.064500,0.075000,0.057000,0.098000,0.087500,0.115500,0.176000,0.383500
0.072500,0.039500,0.044000,0.064500,0.075000,0.057000,0.098000,0.087500,0.115500,0.176000,0.383500
0.072500,0.039500,0.044000,0.064500,0.075000,0.057000,0.098000,0.087500,0.115500,0.176000,0.383500
0.072500,0.039500,0.044000,0.064500,0.075000,0.057000,0.098000,0.087500,0.115500,0.176000,0.383500
0.072500,0.039500,0.044000,0.064500,0.075000,0.057000,0.098000,0.087500,0.115500,0.176000,0.383500
0.072500,0.039500,0.044000,0.064500,0.075000,0.057000,0.098000,0.087500,0.115500,0.176000,0.383500
0.072500,0.039500,0.044000,0.064500,0.075000,0.057000,0.098000,0.087500,0.115500,0.176000,0.383500
0.072500,0.039500,0.044000,0.064500,0.075000,0.057000,0.098000,0.087500,0.115500,0.176000,0.383500
0.072500,0.039500,0.044000,0.064500,0.075000,0.057000,0.098000,0.087500,0.115500,0.176000,0.383500
0.072500,0.039500,0.044000,0.064500,0.075000,0.057000,0.098000,0.087500,0.115500,0.176000,0.383500
0.072500,0.039500,0.044000,0.064500,0.075000,0.057000,0.098000,0.087500,0.115500,0.176000,0.383500
0.072500,0.039500,0.044000,0.064500,0.075000,0.057000,0.098000,0.087500,0.115500,0.176000,0.383500
0.072500,0.039500,0.044000,0.064500,0.075000,0.057000,0.098000,0.087500,0.115500,0.176000,0.383500
0.072500,0.039500,0.044000,0.064500,0.075000,0.057000,0.098000,0.087500,0.115500,0.176000,0.383500
0.072500,0.039500,0.044000,0.064500,0.075000,0.057000,0.098000,0.087500,0.115500,0.176000,0.383500
0.072500,0.039500,0.044000,0.064500,0.075000,0.057000,0.098000,0.087500,0.115500,0.176000,0.383500
0.072500,0.039500,0.044000,0.064500,0.075000,0.057000,0.098000,0.087500,0.115500,0.176000,0.383500
0.072500,0.039500,0.044000,0.064500,0.075000,0.057000,0.098000,0.087500,0.115500,0.176000,0.383500
0.072500,0.039500,0.044000,0.064500,0.075000,0.057000,0.098000,0.087500,0.115500,0.176000,0.383500
0.072500,0.039500,0.044000,0.064500,0.075000,0.057000,0.098000,0.087500,0.115500,0.176000,0.383500
0.072500,0.039500,0.044000,0.064500,0.075000,0.057000,0.098000,0.087500,0.115500,0.176000,0.383500
0.072500,0.039500,0.044000,0.064500,0.075000,0.057000,0.098000,0.087500,0.115500,0.176000,0.383500
0.072500,0.039500,0.044000,0.064500,0.075000,0.057000,0.098000,0.087500,0.115500,0.176000,0.383500
0.072500,0.039500,0.044000,0.064500,0.075000,0.057000,0.098000,0.087500,0.115500,0.176000,0.383500
0.072500,0.039500,0.044000,0.064500,0.075000,0.057000,0.098000,0.087500,0.115500,0.176000,0.383500
0.072500,0.039500,0.044000,0.064500,0.075000,0.057000,0.098000,0.087500,0.115500,0.176000,0.383500
0.072500,0.039500,0.044000,0.064500,0.075000,0.057000,0.098000,0.087500,0.115500,0.176000,0.383500
0.072500,0.039500,0.044000,0.064500,0.075000,0.057000,0.098000,0.087500,0.115500,0.176000,0.383500
0.072500,0.039500,0.044000,0.064500,0.075000,0.057000,0.098000,0.087500,0.115500,0.176000,0.383500
0.072500,0.039500,0.044000,0.064500,0.075000,0.057000,0.098000,0.087500,0.115500,0.176000,0.383500
0.072500,0.039500,0.044000,0.064500,0.075000,0.057000,0.098000,0.087500,0.115500,0.176000,0.383500
0.072500,0.039500,0.044000,0.064500,0.075000,0.057000,0.098000,0.087500,0.115500,0.176000,0.383500
0.072500,0.039500,0.044000,0.064500,0.075000,0.057000,0.098000,0.087500,0.115500,0.176000,0.383500
0.072500,0.039500,0.044000,0.064500,0.075000,0.057000,0.098000,0.087500,0.115500,0.176000,0.383500
0.072500,0.039500,0.044000,0.064500,0.075000,0.057000,0.098000,0.087500,0.115500,0.176000,0.383500
0.072500,0.039500,0.044000,0.064500,0.075000,0.057000,0.098000,0.087500,0.115500,0.176000,0.383500
0.072500,0.039500,0.044000,0.064500,0.075000,0.057000,0.098000,0.087500,0.115500,0.176000,0.383500
0.072500,0.039500,0.044000,0.064500,0.075000,0.057000,0.098000,0.087500,0.115500,0.176000,0.383500
0.072500,0.039500,0.044000,0.064500,0.075000,0.057000,0.098000,0.087500,0.115500,0.176000,0.383500
0.072500,0.039500,0.044000,0.064500,0.075000,0.057000,0.098000,0.087500,0.115500,0.176000,0.383500
0.072500,0.039500,0.044000,0.064500,0.075000,0.057000,0.098000,0.087500,0.115500,0.176000,0.383500
0.072500,0.039500,0.044000,0.064500,0.075000,0.057000,0.098000,0.087500,0.115500,0.176000,0.383500
0.072500,0.039500,0.044000,0.064500,0.075000,0.057000,0.098000,0.087500,0.115500,0.176000,0.383500
0.072500,0.039500,0.044000,0.064500,0.075000,0.057000,0.098000,0.087500,0.115500,0.176000,0.383500
0.072500,0.039500,0.044000,0.064500,0.075000,0.057000,0.098000,0.087500,0.115500,0.176000,0.383500
0.072500,0.039500,0.044000,0.064500,0.075000,0.057000,0.098000,0.087500,0.115500,0.176000,0.383500
0.072500,0.039500,0.044000,0.064500,0.075000,0.057000,0.098000,0.087500,0.115500,0.176000,0.383500
0.072500,0.039500,0.044000,0.064500,0.075000,0.057000,0.098000,0.087500,0.115500,0.176000,0.383500
0.072500,0.039500,0.044000,0.064500,0.075000,0.057000,0.098000,0.087500,0.115500,0.176000,0.383500
0.072500,0.039500,0.044000,0.064500,0.075000,0.057000,0.098000,0.087500,0.115500,0.176000,0.383500
0.072500,0.039500,0.044000,0.064500,0.075000,0.057000,0.098000,0.087500,0.115500,0.176000,0.383500
0.072500,0.039500,0.044000,0.064500,0.075000,0.057000,0.098000,0.087500,0.115500,0.176000,0.383500
0.072500,0.039500,0.044000,0.064500,0.075000,0.057000,0.098000,0.087500,0.115500,0.176000,0.383500
0.072500,0.039500,0.044000,0.064500,0.075000,0.057000,0.098000,0.087500,0.115500,0.176000,0.383500
0.072500,0.039500,0.044000,0.064500,0.075000,0.057000,0.098000,0.087500,0.115500,0.176000,0.383500
0.072500,0.039500,0.044000,0.064500,0.075000,0.057000,0.098000,0.087500,0.115500,0.176000,0.383500
0.072500,0.039500,0.044000,0.064500,0.075000,0.057000,0.098000,0.087500,0.115500,0.176000,0.383500
0.072500,0.039500,0.044000,0.064500,0.075000,0.057000,0.098000,0.087500,0.115500,0.176000,0.383500
0.072500,0.039500,0.044000,0.064500,0.075000,0.057000,0.098000,0.087500,0.115500,0.176000,0.383500
0.072500,0.039500,0.044000,0.064500,0.075000,0.057000,0.098000,0.087500,0.115500,0.176000,0.383500
0.072500,0.039500,0.044000,0.064500,0.075000,0.057000,0.098000,0.087500,0.115500,0.176000,0.383500
0.072500,0.039500,0.044000,0.064500,0.075000,0.057000,0.098000,0.087500,0.115500,0.176000,0.383500
0.072500,0.039500,0.044000,0.064500,0.075000,0.057000,0.098000,0.087500,0.115500,0.176000,0.383500
0.072500,0.039500,0.044000,0.064500,0.075000,0.057000,0.098000,0.087500,0.115500,0.176000,0.383500
0.072500,0.039500,0.044000,0.064500,0.075000,0.057000,0.098000,0.087500,0.115500,0.176000,0.383500
0.072500,0.039500,0.044000,0.064500,0.075000,0.057000,0.098000,0.087500,0.115500,0.176000,0.383500
0.072500,0.039500,0.044000,0.064500,0.075000,0.057000,0.098000,0.087500,0.115500,0.176000,0.383500
0.072500,0.039500,0.044000,0.064500,0.075000,0.057000,0.098000,0.087500,0.115500,0.176000,0.383500
0.072500,0.039500,0.044000,0.064500,0.075000,0.057000,0.098000,0.087500,0.115500,0.176000,0.383500
0.072500,0.039500,0.044000,0.064500,0.075000,0.057000,0.098000,0.087500,0.115500,0.176000,0.383500
0.072500,0.039500,0.044000,0.064500,0.075000,0.057000,0.098000,0.087500,0.115500,0.176000,0.383500
0.072500,0.039500,0.044000,0.064500,0.075000,0.057000,0.098000,0.087500,0.115500,0.176000,0.383500
0.072500,0.039500,0.044000,0.064500,0.075000,0.057000,0.098000,0.087500,0.115500,0.176000,0.383500
0.072500,0.039500,0.044000,0.064500,0.075000,0.057000,0.098000,0.087500,0.115500,0.176000,0.383500
0.072500,0.039500,0.044000,0.064500,0.075000,0.057000,0.098000,0.087500,0.115500,0.176000,0.383500
0.072500,0.039500,0.044000,0.064500,0.075000,0.057000,0.098000,0.087500,0.115500,0.176000,0.383500
0.072500,0.039500,0.044000,0.064500,0.075000,0.057000,0.098000,0.087500,0.115500,0.176000,0.383500
0.072500,0.039500,0.044000,0.064500,0.075000,0.057000,0.098000,0.087500,0.115500,0.176000,0.383500
0.072500,0.039500,0.044000,0.064500,0.075000,0.057000,0.098000,0.087500,0.115500,0.176000,0.383500
0.072500,0.039500,0.044000,0.064500,0.075000,0.057000,0.098000,0.087500,0.115500,0.176000,0.383500
0.072500,0.039500,0.044000,0.064500,0.075000,0.057000,0.098000,0.087500,0.115500,0.176000,0.383500
0.072500,0.039500,0.044000,0.064500,0.075000,0.057000,0.098000,0.087500,0.115500,0.176000,0.383500
0.072500,0.039500,0.044000,0.064500,0.075000,0.057000,0.098000,0.087500,0.115500,0.176000,0.383500
0.072500,0.039500,0.044000,0.064500,0.075000,0.057000,0.098000,0.087500,0.115500,0.176000,0.383500
0.072500,0.039500,0.044000,0.064500,0.075000,0.057000,0.098000,0.087500,0.115500,0.176000,0.383500
0.072500,0.039500,0.044000,0.064500,0.075000,0.057000,0.098000,0.087500,0.115500,0.176000,0.383500
0.072500,0.039500,0.044000,0.064500,0.075000,0.057000,0.098000,0.087500,0.115500,0.176000,0.383500
0.072500,0.039500,0.044000,0.064500,0.075000,0.057000,0.098000,0.087500,0.115500,0.176000,0.383500
0.072500,0.039500,0.044000,0.064500,0.075000,0.057000,0.098000,0.087500,0.115500,0.176000,0.383500
0.072500,0.039500,0.044000,0.064500,0.075000,0.057000,0.098000,0.087500,0.115500,0.176000,0.383500
0.072500,0.039500,0.044000,0.064500,0.075000,0.057000,0.098000,0.087500,0.115500,0.176000,0.383500
0.072500,0.039500,0.044000,0.064500,0.075000,0.057000,0.098000,0.087500,0.115500,0.176000,0.383500
0.072500,0.039500,0.044000,0.064500,0.075000,0.057000,0.098000,0.087500,0.115500,0.176000,0.383500
0.072500,0.039500,0.044000,0.064500,0.075000,0.057000,0.098000,0.087500,0.115500,0.176000,0.383500
0.072500,0.039500,0.044000,0.064500,0.075000,0.057000,0.098000,0.087500,0.115500,0.176000,0.383500
0.072500,0.039500,0.044000,0.064500,0.075000,0.057000,0.098000,0.087500,0.115500,0.176000,0.383500
0.072500,0.039500,0.044000,0.064500,0.075000,0.057000,0.098000,0.087500,0.115500,0.176000,0.383500
0.072500,0.039500,0.044000,0.064500,0.075000,0.057000,0.098000,0.087500,0.115500,0.176000,0.383500
0.072500,0.039500,0.044000,0.064500,0.075000,0.057000,0.098000,0.087500,0.115500,0.176000,0.383500
0.072500,0.039500,0.044000,0.064500,0.075000,0.057000,0.098000,0.087500,0.115500,0.176000,0.383500
0.072500,0.039500,0.044000,0.064500,0.075000,0.057000,0.098000,0.087500,0.115500,0.176000,0.383500
0.072500,0.039500,0.044000,0.064500,0.075000,0.057000,0.098000,0.087500,0.115500,0.176000,0.383500
0.072500,0.039500,0.044000,0.064500,0.075000,0.057000,0.098000,0.087500,0.115500,0.176000,0.383500
0.072500,0.039500,0.044000,0.064500,0.075000,0.057000,0.098000,0.087500,0.115500,0.176000,0.383500
0.072500,0.039500,0.044000,0.064500,0.075000,0.057000,0.098000,0.087500,0.115500,0.176000,0.383500
0.072500,0.039500,0.044000,0.064500,0.075000,0.057000,0.098000,0.087500,0.115500,0.176000,0.383500
0.072500,0.039500,0.044000,0.064500,0.075000,0.057000,0.098000,0.087500,0.115500,0.176000,0.383500
0.072500,0.039500,0.044000,0.064500,0.075000,0.057000,0.098000,0.087500,0.115500,0.176000,0.383500
0.072500,0.039500,0.044000,0.064500,0.075000,0.057000,0.098000,0.087500,0.115500,0.176000,0.383500
0.072500,0.039500,0.044000,0.064500,0.075000,0.057000,0.098000,0.087500,0.115500,0.176000,0.383500
0.072500,0.039500,0.044000,0.064500,0.075000,0.057000,0.098000,0.087500,0.115500,0.176000,0.383500
0.072500,0.039500,0.044000,0.064500,0.075000,0.057000,0.098000,0.087500,0.115500,0.176000,0.383500
0.072500,0.039500,0.044000,0.064500,0.075000,0.057000,0.098000,0.087500,0.115500,0.176000,0.383500
0.072500,0.039500,0.044000,0.064500,0.075000,0.057000,0.098000,0.087500,0.115500,0.176000,0.383500
0.072500,0.039500,0.044000,0.064500,0.075000,0.057000,0.098000,0.087500,0.115500,0.176000,0.383500
0.072500,0.039500,0.044000,0.064500,0.075000,0.057000,0.098000,0.087500,0.115500,0.176000,0.383500
0.072500,0.039500,0.044000,0.064500,0.075000,0.057000,0.098000,0.087500,0.115500,0.176000,0.383500
0.072500,0.039500,0.044000,0.064500,0.075000,0.057000,0.098000,0.087500,0.115500,0.176000,0.383500
0.072500,0.039500,0.044000,0.064500,0.075000,0.057000,0.098000,0.087500,0.115500,0.176000,0.383500
0.072500,0.039500,0.044000,0.064500,0.075000,0.057000,0.098000,0.087500,0.115500,0.176000,0.383500
0.072500,0.039500,0.044000,0.064500,0.075000,0.057000,0.098000,0.087500,0.115500,0.176000,0.383500
0.072500,0.039500,0.044000,0.064500,0.075000,0.057000,0.098000,0.087500,0.115500,0.176000,0.383500
0.072500,0.039500,0.044000,0.064500,0.075000,0.057000,0.098000,0.087500,0.115500,0.176000,0.383500
0.072500,0.039500,0.044000,0.064500,0.075000,0.057000,0.098000,0.087500,0.115500,0.176000,0.383500
0.072500,0.039500,0.044000,0.064500,0.075000,0.057000,0.098000,0.087500,0.115500,0.176000,0.383500
0.072500,0.039500,0.044000,0.064500,0.075000,0.057000,0.098000,0.087500,0.115500,0.176000,0.383500
0.072500,0.039500,0.044000,0.064500,0.075000,0.057000,0.098000,0.087500,0.115500,0.176000,0.383500
0.072500,0.039500,0.044000,0.064500,0.075000,0.057000,0.098000,0.087500,0.115500,0.176000,0.383500
0.072500,0.039500,0.044000,0.064500,0.075000,0.057000,0.098000,0.087500,0.115500,0.176000,0.383500
0.072500,0.039500,0.044000,0.064500,0.075000,0.057000,0.098000,0.087500,0.115500,0.176000,0.383500
0.072500,0.039500,0.044000,0.064500,0.075000,0.057000,0.098000,0.087500,0.115500,0.176000,0.383500
0.072500,0.039500,0.044000,0.064500,0.075000,0.057000,0.098000,0.087500,0.115500,0.176000,0.383500
0.072500,0.039500,0.044000,0.064500,0.075000,0.057000,0.098000,0.087500,0.115500,0.176000,0.383500
0.072500,0.039500,0.044000,0.064500,0.075000,0.057000,0.098000,0.087500,0.115500,0.176000,0.383500
0.072500,0.039500,0.044000,0.064500,0.075000,0.057000,0.098000,0.087500,0.115500,0.176000,0.383500
0.072500,0.039500,0.044000,0.064500,0.075000,0.057000,0.098000,0.087500,0.115500,0.176000,0.383500
0.072500,0.039500,0.044000,0.064500,0.075000,0.057000,0.098000,0.087500,0.115500,0.176000,0.383500
0.072500,0.039500,0.044000,0.064500,0.075000,0.057000,0.098000,0.087500,0.115500,0.176000,0.383500
0.072500,0.039500,0.044000,0.064500,0.075000,0.057000,0.098000,0.087500,0.115500,0.176000,0.383500
0.072500,0.039500,0.044000,0.064500,0.075000,0.057000,0.098000,0.087500,0.115500,0.176000,0.383500
0.072500,0.039500,0.044000,0.064500,0.075000,0.057000,0.098000,0.087500,0.115500,0.176000,0.383500
0.072500,0.039500,0.044000,0.064500,0.075000,0.057000,0.098000,0.087500,0.115500,0.176000,0.383500
0.072500,0.039500,0.044000,0.064500,0.075000,0.057000,0.098000,0.087500,0.115500,0.176000,0.383500
0.072500,0.039500,0.044000,0.064500,0.075000,0.057000,0.098000,0.087500,0.115500,0.176000,0.383500
0.072500,0.039500,0.044000,0.064500,0.075000,0.057000,0.098000,0.087500,0.115500,0.176000,0.383500
0.072500,0.039500,0.044000,0.064500,0.075000,0.057000,0.098000,0.087500,0.115500,0.176000,0.383500
0.072500,0.039500,0.044000,0.064500,0.075000,0.057000,0.098000,0.087500,0.115500,0.176000,0.383500
0.072500,0.039500,0.044000,0.064500,0.075000,0.057000,0.098000,0.087500,0.115500,0.176000,0.383500
0.072500,0.039500,0.044000,0.064500,0.075000,0.057000,0.098000,0.087500,0.115500,0.176000,0.383500
0.072500,0.039500,0.044000,0.064500,0.075000,0.057000,0.098000,0.087500,0.115500,0.176000,0.383500
0.072500,0.039500,0.044000,0.064500,0.075000,0.057000,0.098000,0.087500,0.115500,0.176000,0.383500
0.072500,0.039500,0.044000,0.064500,0.075000,0.057000,0.098000,0.087500,0.115500,0.176000,0.383500
0.072500,0.039500,0.044000,0.064500,0.075000,0.057000,0.098000,0.087500,0.115500,0.176000,0.383500
0.072500,0.039500,0.044000,0.064500,0.075000,0.057000,0.098000,0.087500,0.115500,0.176000,0.383500
0.072500,0.039500,0.044000,0.064500,0.075000,0.057000,0.098000,0.087500,0.115500,0.176000,0.383500
0.072500,0.039500,0.044000,0.064500,0.075000,0.057000,0.098000,0.087500,0.115500,0.176000,0.383500
0.072500,0.039500,0.044000,0.064500,0.075000,0.057000,0.098000,0.087500,0.115500,0.176000,0.383500
0.072500,0.039500,0.044000,0.064500,0.075000,0.057000,0.098000,0.087500,0.115500,0.176000,0.383500
0.072500,0.039500,0.044000,0.064500,0.075000,0.057000,0.098000,0.087500,0.115500,0.176000,0.383500
0.072500,0.039500,0.044000,0.064500,0.075000,0.057000,0.098000,0.087500,0.115500,0.176000,0.383500
0.072500,0.039500,0.044000,0.064500,0.075000,0.057000,0.098000,0.087500,0.115500,0.176000,0.383500
0.072500,0.039500,0.044000,0.064500,0.075000,0.057000,0.098000,0.087500,0.115500,0.176000,0.383500
0.072500,0.039500,0.044000,0.064500,0.075000,0.057000,0.098000,0.087500,0.115500,0.176000,0.383500
0.072500,0.039500,0.044000,0.064500,0.075000,0.057000,0.098000,0.087500,0.115500,0.176000,0.383500
0.072500,0.039500,0.044000,0.064500,0.075000,0.057000,0.098000,0.087500,0.115500,0.176000,0.383500
0.072500,0.039500,0.044000,0.064500,0.075000,0.057000,0.098000,0.087500,0.115500,0.176000,0.383500
0.072500,0.039500,0.044000,0.064500,0.075000,0.057000,0.098000,0.087500,0.115500,0.176000,0.383500
0.072500,0.039500,0.044000,0.064500,0.075000,0.057000,0.098000,0.087500,0.115500,0.176000,0.383500
0.072500,0.039500,0.044000,0.064500,0.075000,0.057000,0.098000,0.087500,0.115500,0.176000,0.383500
0.072500,0.039500,0.044000,0.064500,0.075000,0.057000,0.098000,0.087500,0.115500,0.176000,0.383500
0.072500,0.039500,0.044000,0.064500,0.075000,0.057000,0.098000,0.087500,0.115500,0.176000,0.383500
0.072500,0.039500,0.044000,0.064500,0.075000,0.057000,0.098000,0.087500,0.115500,0.176000,0.383500
0.072500,0.039500,0.044000,0.064500,0.075000,0.057000,0.098000,0.087500,0.115500,0.176000,0.383500
0.072500,0.039500,0.044000,0.064500,0.075000,0.057000,0.098000,0.087500,0.115500,0.176000,0.383500
0.072500,0.039500,0.044000,0.064500,0.075000,0.057000,0.098000,0.087500,0.115500,0.176000,0.383500
0.072500,0.039500,0.044000,0.064500,0.075000,0.057000,0.098000,0.087500,0.115500,0.176000,0.383500
0.072500,0.039500,0.044000,0.064500,0.075000,0.057000,0.098000,0.087500,0.115500,0.176000,0.383500
0.072500,0.039500,0.044000,0.064500,0.075000,0.057000,0.098000,0.087500,0.115500,0.176000,0.383500
0.072500,0.039500,0.044000,0.064500,0.075000,0.057000,0.098000,0.087500,0.115500,0.176000,0.383500
0.072500,0.039500,0.044000,0.064500,0.075000,0.057000,0.098000,0.087500,0.115500,0.176000,0.383500
0.072500,0.039500,0.044000,0.064500,0.075000,0.057000,0.098000,0.087500,0.115500,0.176000,0.383500
0.072500,0.039500,0.044000,0.064500,0.075000,0.057000,0.098000,0.087500,0.115500,0.176000,0.383500
0.072500,0.039500,0.044000,0.064500,0.075000,0.057000,0.098000,0.087500,0.115500,0.176000,0.383500
0.072500,0.039500,0.044000,0.064500,0.075000,0.057000,0.098000,0.087500,0.115500,0.176000,0.383500
0.072500,0.039500,0.044000,0.064500,0.075000,0.057000,0.098000,0.087500,0.115500,0.176000,0.383500
0.072500,0.039500,0.044000,0.064500,0.075000,0.057000,0.098000,0.087500,0.115500,0.176000,0.383500
0.072500,0.039500,0.044000,0.064500,0.075000,0.057000,0.098000,0.087500,0.115500,0.176000,0.383500
0.072500,0.039500,0.044000,0.064500,0.075000,0.057000,0.098000,0.087500,0.115500,0.176000,0.383500
0.072500,0.039500,0.044000,0.064500,0.075000,0.057000,0.098000,0.087500,0.115500,0.176000,0.383500
0.072500,0.039500,0.044000,0.064500,0.075000,0.057000,0.098000,0.087500,0.115500,0.176000,0.383500
0.072500,0.039500,0.044000,0.064500,0.075000,0.057000,0.098000,0.087500,0.115500,0.176000,0.383500
0.072500,0.039500,0.044000,0.064500,0.075000,0.057000,0.098000,0.087500,0.115500,0.176000,0.383500
0.072500,0.039500,0.044000,0.064500,0.075000,0.057000,0.098000,0.087500,0.115500,0.176000,0.383500
0.072500,0.039500,0.044000,0.064500,0.075000,0.057000,0.098000,0.087500,0.115500,0.176000,0.383500
0.072500,0.039500,0.044000,0.064500,0.075000,0.057000,0.098000,0.087500,0.115500,0.176000,0.383500
0.072500,0.039500,0.044000,0.064500,0.075000,0.057000,0.098000,0.087500,0.115500,0.176000,0.383500
0.072500,0.039500,0.044000,0.064500,0.075000,0.057000,0.098000,0.087500,0.115500,0.176000,0.383500
0.072500,0.039500,0.044000,0.064500,0.075000,0.057000,0.098000,0.087500,0.115500,0.176000,0.383500
0.072500,0.039500,0.044000,0.064500,0.075000,0.057000,0.098000,0.087500,0.115500,0.176000,0.383500
0.072500,0.039500,0.044000,0.064500,0.075000,0.057000,0.098000,0.087500,0.115500,0.176000,0.383500
0.072500,0.039500,0.044000,0.064500,0.075000,0.057000,0.098000,0.087500,0.115500,0.176000,0.383500
0.072500,0.039500,0.044000,0.064500,0.075000,0.057000,0.098000,0.087500,0.115500,0.176000,0.383500
0.072500,0.039500,0.044000,0.064500,0.075000,0.057000,0.098000,0.087500,0.115500,0.176000,0.383500
0.072500,0.039500,0.044000,0.064500,0.075000,0.057000,0.098000,0.087500,0.115500,0.176000,0.383500
0.072500,0.039500,0.044000,0.064500,0.075000,0.057000,0.098000,0.087500,0.115500,0.176000,0.383500
0.072500,0.039500,0.044000,0.064500,0.075000,0.057000,0.098000,0.087500,0.115500,0.176000,0.383500
0.072500,0.039500,0.044000,0.064500,0.075000,0.057000,0.098000,0.087500,0.115500,0.176000,0.383500
0.072500,0.039500,0.044000,0.064500,0.075000,0.057000,0.098000,0.087500,0.115500,0.176000,0.383500
0.072500,0.039500,0.044000,0.064500,0.075000,0.057000,0.098000,0.087500,0.115500,0.176000,0.383500
0.072500,0.039500,0.044000,0.064500,0.075000,0.057000,0.098000,0.087500,0.115500,0.176000,0.383500
0.072500,0.039500,0.044000,0.064500,0.075000,0.057000,0.098000,0.087500,0.115500,0.176000,0.383500
0.072500,0.039500,0.044000,0.064500,0.075000,0.057000,0.098000,0.087500,0.115500,0.176000,0.383500
0.072500,0.039500,0.044000,0.064500,0.075000,0.057000,0.098000,0.087500,0.115500,0.176000,0.383500
0.072500,0.039500,0.044000,0.064500,0.075000,0.057000,0.098000,0.087500,0.115500,0.176000,0.383500
0.072500,0.039500,0.044000,0.064500,0.075000,0.057000,0.098000,0.087500,0.115500,0.176000,0.383500
0.072500,0.039500,0.044000,0.064500,0.075000,0.057000,0.098000,0.087500,0.115500,0.176000,0.383500
0.072500,0.039500,0.044000,0.064500,0.075000,0.057000,0.098000,0.087500,0.115500,0.176000,0.383500
0.072500,0.039500,0.044000,0.064500,0.075000,0.057000,0.098000,0.087500,0.115500,0.176000,0.383500
0.072500,0.039500,0.044000,0.064500,0.075000,0.057000,0.098000,0.087500,0.115500,0.176000,0.383500
0.072500,0.039500,0.044000,0.064500,0.075000,0.057000,0.098000,0.087500,0.115500,0.176000,0.383500
0.072500,0.039500,0.044000,0.064500,0.075000,0.057000,0.098000,0.087500,0.115500,0.176000,0.383500
0.072500,0.039500,0.044000,0.064500,0.075000,0.057000,0.098000,0.087500,0.115500,0.176000,0.383500
0.072500,0.039500,0.044000,0.064500,0.075000,0.057000,0.098000,0.087500,0.115500,0.176000,0.383500
0.072500,0.039500,0.044000,0.064500,0.075000,0.057000,0.098000,0.087500,0.115500,0.176000,0.383500
0.072500,0.039500,0.044000,0.064500,0.075000,0.057000,0.098000,0.087500,0.115500,0.176000,0.383500
0.072500,0.039500,0.044000,0.064500,0.075000,0.057000,0.098000,0.087500,0.115500,0.176000,0.383500
0.072500,0.039500,0.044000,0.064500,0.075000,0.057000,0.098000,0.087500,0.115500,0.176000,0.383500
0.072500,0.039500,0.044000,0.064500,0.075000,0.057000,0.098000,0.087500,0.115500,0.176000,0.383500
0.072500,0.039500,0.044000,0.064500,0.075000,0.057000,0.098000,0.087500,0.115500,0.176000,0.383500
0.072500,0.039500,0.044000,0.064500,0.075000,0.057000,0.098000,0.087500,0.115500,0.176000,0.383500
0.072500,0.039500,0.044000,0.064500,0.075000,0.057000,0.098000,0.087500,0.115500,0.176000,0.383500
0.072500,0.039500,0.044000,0.064500,0.075000,0.057000,0.098000,0.087500,0.115500,0.176000,0.383500
0.072500,0.039500,0.044000,0.064500,0.075000,0.057000,0.098000,0.087500,0.115500,0.176000,0.383500
0.072500,0.039500,0.044000,0.064500,0.075000,0.057000,0.098000,0.087500,0.115500,0.176000,0.383500
0.072500,0.039500,0.044000,0.064500,0.075000,0.057000,0.098000,0.087500,0.115500,0.176000,0.383500
0.072500,0.039500,0.044000,0.064500,0.075000,0.057000,0.098000,0.087500,0.115500,0.176000,0.383500
0.072500,0.039500,0.044000,0.064500,0.075000,0.057000,0.098000,0.087500,0.115500,0.176000,0.383500
0.072500,0.039500,0.044000,0.064500,0.075000,0.057000,0.098000,0.087500,0.115500,0.176000,0.383500
0.072500,0.039500,0.044000,0.064500,0.075000,0.057000,0.098000,0.087500,0.115500,0.176000,0.383500
0.072500,0.039500,0.044000,0.064500,0.075000,0.057000,0.098000,0.087500,0.115500,0.176000,0.383500
0.072500,0.039500,0.044000,0.064500,0.075000,0.057000,0.098000,0.087500,0.115500,0.176000,0.383500
0.072500,0.039500,0.044000,0.064500,0.075000,0.057000,0.098000,0.087500,0.115500,0.176000,0.383500
0.072500,0.039500,0.044000,0.064500,0.075000,0.057000,0.098000,0.087500,0.115500,0.176000,0.383500
0.072500,0.039500,0.044000,0.064500,0.075000,0.057000,0.098000,0.087500,0.115500,0.176000,0.383500
0.072500,0.039500,0.044000,0.064500,0.075000,0.057000,0.098000,0.087500,0.115500,0.176000,0.383500
0.072500,0.039500,0.044000,0.064500,0.075000,0.057000,0.098000,0.087500,0.115500,0.176000,0.383500
0.072500,0.039500,0.044000,0.064500,0.075000,0.057000,0.098000,0.087500,0.115500,0.176000,0.383500
0.072500,0.039500,0.044000,0.064500,0.075000,0.057000,0.098000,0.087500,0.115500,0.176000,0.383500
0.072500,0.039500,0.044000,0.064500,0.075000,0.057000,0.098000,0.087500,0.115500,0.176000,0.383500
0.072500,0.039500,0.044000,0.064500,0.075000,0.057000,0.098000,0.087500,0.115500,0.176000,0.383500
0.072500,0.039500,0.044000,0.064500,0.075000,0.057000,0.098000,0.087500,0.115500,0.176000,0.383500
0.072500,0.039500,0.044000,0.064500,0.075000,0.057000,0.098000,0.087500,0.115500,0.176000,0.383500
0.072500,0.039500,0.044000,0.064500,0.075000,0.057000,0.098000,0.087500,0.115500,0.176000,0.383500
0.072500,0.039500,0.044000,0.064500,0.075000,0.057000,0.098000,0.087500,0.115500,0.176000,0.383500
0.072500,0.039500,0.044000,0.064500,0.075000,0.057000,0.098000,0.087500,0.115500,0.176000,0.383500
0.072500,0.039500,0.044000,0.064500,0.075000,0.057000,0.098000,0.087500,0.115500,0.176000,0.383500
0.072500,0.039500,0.044000,0.064500,0.075000,0.057000,0.098000,0.087500,0.115500,0.176000,0.383500
0.072500,0.039500,0.044000,0.064500,0.075000,0.057000,0.098000,0.087500,0.115500,0.176000,0.383500
0.072500,0.039500,0.044000,0.064500,0.075000,0.057000,0.098000,0.087500,0.115500,0.176000,0.383500
0.072500,0.039500,0.044000,0.064500,0.075000,0.057000,0.098000,0.087500,0.115500,0.176000,0.383500
0.072500,0.039500,0.044000,0.064500,0.075000,0.057000,0.098000,0.087500,0.115500,0.176000,0.383500
0.072500,0.039500,0.044000,0.064500,0.075000,0.057000,0.098000,0.087500,0.115500,0.176000,0.383500
0.072500,0.039500,0.044000,0.064500,0.075000,0.057000,0.098000,0.087500,0.115500,0.176000,0.383500
0.072500,0.039500,0.044000,0.064500,0.075000,0.057000,0.098000,0.087500,0.115500,0.176000,0.383500
0.072500,0.039500,0.044000,0.064500,0.075000,0.057000,0.098000,0.087500,0.115500,0.176000,0.383500
0.072500,0.039500,0.044000,0.064500,0.075000,0.057000,0.098000,0.087500,0.115500,0.176000,0.383500
0.072500,0.039500,0.044000,0.064500,0.075000,0.057000,0.098000,0.087500,0.115500,0.176000,0.383500
0.072500,0.039500,0.044000,0.064500,0.075000,0.057000,0.098000,0.087500,0.115500,0.176000,0.383500
0.072500,0.039500,0.044000,0.064500,0.075000,0.057000,0.098000,0.087500,0.115500,0.176000,0.383500
0.072500,0.039500,0.044000,0.064500,0.075000,0.057000,0.098000,0.087500,0.115500,0.176000,0.383500
0.072500,0.039500,0.044000,0.064500,0.075000,0.057000,0.098000,0.087500,0.115500,0.176000,0.383500
0.072500,0.039500,0.044000,0.064500,0.075000,0.057000,0.098000,0.087500,0.115500,0.176000,0.383500
0.072500,0.039500,0.044000,0.064500,0.075000,0.057000,0.098000,0.087500,0.115500,0.176000,0.383500
0.072500,0.039500,0.044000,0.064500,0.075000,0.057000,0.098000,0.087500,0.115500,0.176000,0.383500
0.072500,0.039500,0.044000,0.064500,0.075000,0.057000,0.098000,0.087500,0.115500,0.176000,0.383500
0.072500,0.039500,0.044000,0.064500,0.075000,0.057000,0.098000,0.087500,0.115500,0.176000,0.383500
0.072500,0.039500,0.044000,0.064500,0.075000,0.057000,0.098000,0.087500,0.115500,0.176000,0.383500
0.072500,0.039500,0.044000,0.064500,0.075000,0.057000,0.098000,0.087500,0.115500,0.176000,0.383500
0.072500,0.039500,0.044000,0.064500,0.075000,0.057000,0.098000,0.087500,0.115500,0.176000,0.383500
0.072500,0.039500,0.044000,0.064500,0.075000,0.057000,0.098000,0.087500,0.115500,0.176000,0.383500
0.072500,0.039500,0.044000,0.064500,0.075000,0.057000,0.098000,0.087500,0.115500,0.176000,0.383500
0.072500,0.039500,0.044000,0.064500,0.075000,0.057000,0.098000,0.087500,0.115500,0.176000,0.383500
0.072500,0.039500,0.044000,0.064500,0.075000,0.057000,0.098000,0.087500,0.115500,0.176000,0.383500
0.072500,0.039500,0.044000,0.064500,0.075000,0.057000,0.098000,0.087500,0.115500,0.176000,0.383500
0.072500,0.039500,0.044000,0.064500,0.075000,0.057000,0.098000,0.087500,0.115500,0.176000,0.383500
0.072500,0.039500,0.044000,0.064500,0.075000,0.057000,0.098000,0.087500,0.115500,0.176000,0.383500
0.072500,0.039500,0.044000,0.064500,0.075000,0.057000,0.098000,0.087500,0.115500,0.176000,0.383500
0.072500,0.039500,0.044000,0.064500,0.075000,0.057000,0.098000,0.087500,0.115500,0.176000,0.383500
0.072500,0.039500,0.044000,0.064500,0.075000,0.057000,0.098000,0.087500,0.115500,1.808763,0.383500
0.072500,0.039500,0.044000,0.064500,0.075000,0.057000,0.098000,0.087500,0.115500,3.441525,0.383500
0.072500,0.039500,0.044000,0.064500,0.075000,0.057000,0.098000,0.087500,0.115500,5.074288,0.383500
0.072500,0.039500,0.044000,0.064500,0.075000,0.057000,0.098000,0.087500,0.115500,3.441525,0.383500
0.072500,0.039500,0.044000,0.064500,0.075000,0.057000,0.098000,0.087500,0.115500,1.808763,0.383500
0.072500,0.039500,0.044000,0.064500,0.075000,0.057000,0.098000,0.087500,0.115500,0.176000,0.383500
0.072500,0.039500,0.044000,0.713380,0.075000,0.057000,0.098000,0.087500,0.115500,0.176000,0.383500
0.072500,0.039500,0.044000,1.362261,0.075000,0.057000,0.098000,0.087500,0.115500,0.176000,0.383500
0.072500,0.039500,0.044000,2.011141,0.075000,0.057000,0.098000,0.087500,0.115500,0.176000,0.383500
0.072500,0.039500,0.044000,1.362261,0.075000,0.057000,0.098000,0.087500,0.115500,0.176000,0.383500
0.072500,0.039500,0.044000,0.713380,0.075000,0.057000,0.098000,0.087500,0.115500,0.176000,0.383500
0.072500,0.039500,0.044000,0.064500,0.075000,0.057000,0.098000,0.087500,0.115500,0.176000,0.383500
0.072500,0.039500,0.044000,0.064500,0.075000,0.057000,0.098000,0.087500,0.115500,0.176000,0.383500
0.072500,0.039500,0.044000,0.064500,0.075000,0.057000,0.098000,0.087500,0.115500,0.176000,1.278551
0.072500,0.039500,0.044000,0.064500,0.322025,0.057000,0.098000,0.087500,0.115500,0.176000,2.173602
0.072500,0.039500,0.044000,0.064500,0.569050,0.057000,0.098000,0.087500,0.115500,0.176000,3.068653
0.072500,0.039500,0.044000,0.064500,0.816075,0.057000,0.098000,0.087500,0.115500,0.176000,3.963704
0.072500,0.039500,0.044000,0.064500,0.569050,0.057000,0.098000,0.087500,0.115500,0.176000,3.068653
0.072500,0.039500,0.044000,0.064500,0.322025,0.057000,0.098000,0.087500,0.115500,0.176000,2.173602
0.072500,0.039500,0.044000,0.064500,0.075000,0.057000,0.493345,0.087500,0.115500,0.176000,1.278551
0.072500,0.039500,0.044000,0.064500,0.075000,0.057000,0.888690,0.087500,0.115500,0.176000,0.383500
0.072500,0.039500,0.044000,0.064500,0.075000,0.057000,1.284035,0.087500,0.115500,0.176000,0.383500
0.072500,0.039500,0.044000,0.064500,0.075000,0.057000,0.888690,0.087500,0.115500,0.176000,0.383500
0.072500,0.039500,0.044000,0.064500,0.075000,0.057000,0.493345,0.087500,0.115500,0.176000,0.383500
0.072500,0.039500,0.044000,0.064500,0.075000,0.057000,0.098000,0.087500,0.115500,0.176000,0.383500
0.072500,0.039500,0.044000,0.064500,0.075000,0.057000,0.098000,0.087500,0.115500,0.176000,0.383500
0.072500,0.039500,0.044000,0.064500,0.075000,0.057000,0.098000,0.087500,0.115500,0.176000,0.383500
0.072500,0.039500,0.044000,0.064500,0.075000,0.057000,0.098000,0.087500,0.115500,0.176000,0.383500
0.072500,0.039500,0.044000,0.064500,0.075000,0.057000,0.098000,0.087500,0.115500,0.176000,0.383500
0.072500,0.039500,0.044000,0.064500,0.075000,0.057000,0.098000,0.087500,0.115500,0.176000,0.383500
0.072500,0.039500,0.044000,0.064500,0.075000,0.057000,0.098000,0.087500,0.115500,0.176000,0.383500
0.072500,0.039500,0.044000,0.064500,0.075000,0.057000,0.098000,0.390343,0.115500,0.176000,0.383500
0.072500,0.039500,0.044000,0.064500,0.075000,0.057000,0.098000,0.693187,0.115500,0.176000,0.383500
0.072500,0.039500,0.044000,0.064500,0.075000,0.057000,0.098000,0.996030,0.115500,0.176000,0.383500
0.072500,0.039500,0.044000,0.064500,0.075000,0.057000,0.098000,0.693187,0.115500,0.176000,0.383500
0.072500,0.039500,0.044000,0.064500,0.075000,0.057000,0.098000,0.390343,0.115500,0.176000,0.383500
0.072500,0.039500,0.044000,0.064500,0.075000,0.057000,0.098000,0.087500,0.115500,0.176000,0.383500
0.072500,0.039500,0.044000,0.064500,0.075000,0.057000,0.098000,0.087500,0.115500,0.176000,0.383500
0.072500,0.039500,0.044000,0.064500,0.075000,0.057000,0.098000,0.087500,0.115500,0.176000,0.383500
0.072500,0.039500,0.044000,0.064500,0.075000,0.057000,0.098000,0.087500,0.115500,0.176000,0.383500
0.072500,0.039500,0.044000,0.064500,0.075000,0.057000,0.098000,0.087500,0.115500,0.176000,0.383500
0.072500,0.039500,0.044000,0.064500,0.075000,0.057000,0.098000,0.087500,0.115500,0.176000,0.383500
0.072500,0.039500,0.044000,0.064500,0.075000,0.057000,0.098000,0.087500,0.115500,0.176000,0.383500
0.072500,0.039500,0.044000,0.064500,0.075000,0.057000,0.098000,0.087500,0.115500,0.176000,0.383500
0.861518,0.039500,0.044000,0.064500,0.075000,0.057000,0.098000,0.087500,0.115500,0.176000,0.383500
1.650537,0.039500,0.044000,0.064500,0.075000,0.057000,0.098000,0.087500,0.115500,0.176000,0.383500
2.439555,0.039500,0.044000,0.064500,0.075000,0.057000,0.098000,0.087500,0.115500,0.176000,0.383500
1.650537,0.039500,0.044000,0.064500,0.075000,0.057000,0.098000,0.087500,0.115500,0.176000,0.383500
0.861518,0.039500,0.044000,0.064500,0.075000,0.057000,0.098000,0.087500,0.115500,0.176000,0.383500
0.072500,0.039500,0.044000,0.064500,0.075000,0.057000,0.098000,0.087500,0.115500,0.176000,0.383500
0.072500,0.039500,0.379231,0.064500,0.075000,0.057000,0.098000,0.087500,0.115500,0.176000,0.383500
0.072500,0.039500,0.714462,0.064500,0.075000,0.057000,0.098000,0.087500,0.178774,0.176000,0.383500
0.072500,0.039500,1.049693,0.064500,0.075000,0.427036,0.098000,0.087500,0.242048,0.176000,0.383500
0.072500,0.039500,0.714462,0.064500,0.075000,0.797072,0.098000,0.087500,0.305323,0.176000,0.383500
0.072500,0.039500,0.379231,0.064500,0.075000,1.167108,0.098000,0.087500,0.242048,0.176000,0.383500
0.072500,0.039500,0.044000,0.064500,0.075000,0.797072,0.098000,0.087500,0.178774,0.176000,0.383500
0.072500,0.039500,0.044000,0.064500,0.075000,0.427036,0.098000,0.087500,0.115500,0.176000,0.383500
0.072500,0.039500,0.044000,0.064500,0.075000,0.057000,0.098000,0.087500,0.115500,0.176000,0.383500
0.072500,0.039500,0.044000,0.064500,0.075000,0.057000,0.098000,0.087500,0.115500,0.176000,0.383500
0.072500,0.146029,0.044000,0.064500,0.075000,0.057000,0.098000,0.087500,0.115500,0.176000,0.383500
0.072500,0.252558,0.044000,0.064500,0.075000,0.057000,0.098000,0.087500,0.115500,0.176000,0.383500
0.072500,0.359088,0.044000,0.064500,0.075000,0.057000,0.098000,0.087500,0.115500,0.176000,0.383500
0.072500,0.252558,0.044000,0.064500,0.075000,0.057000,0.098000,0.087500,0.115500,0.176000,0.383500
0.072500,0.146029,0.044000,0.064500,0.075000,0.057000,0.098000,0.087500,0.115500,0.176000,0.383500
0.072500,0.039500,0.044000,0.064500,0.075000,0.057000,0.098000,0.087500,0.115500,0.176000,0.383500
0.072500,0.039500,0.044000,0.064500,0.075000,0.057000,0.098000,0.087500,0.115500,0.176000,0.383500
0.072500,0.039500,0.044000,0.064500,0.075000,0.057000,0.098000,0.087500,0.115500,0.176000,0.383500
0.072500,0.039500,0.044000,0.064500,0.075000,0.057000,0.098000,0.087500,0.115500,0.176000,0.383500
0.072500,0.039500,0.044000,0.064500,0.075000,0.057000,0.098000,0.087500,0.115500,0.176000,0.383500
0.072500,0.039500,0.044000,0.064500,0.075000,0.057000,0.098000,0.087500,0.115500,0.176000,0.383500
0.072500,0.039500,0.044000,0.064500,0.075000,0.057000,0.098000,0.087500,0.115500,0.176000,0.383500
0.072500,0.039500,0.044000,0.064500,0.075000,0.057000,0.098000,0.087500,0.115500,0.176000,0.383500
0.072500,0.039500,0.044000,0.064500,0.075000,0.057000,0.098000,0.087500,0.115500,0.176000,0.383500
0.072500,0.039500,0.044000,0.064500,0.075000,0.057000,0.098000,0.087500,0.115500,0.176000,0.383500
0.072500,0.039500,0.044000,0.064500,0.075000,0.057000,0.098000,0.087500,0.115500,0.176000,0.383500
0.072500,0.039500,0.044000,0.064500,0.075000,0.057000,0.098000,0.087500,0.115500,0.176000,0.383500
0.072500,0.039500,0.044000,0.064500,0.075000,0.057000,0.098000,0.087500,0.115500,0.176000,0.383500
0.072500,0.039500,0.044000,0.064500,0.075000,0.057000,0.098000,0.087500,0.115500,0.176000,0.383500
0.072500,0.039500,0.044000,0.064500,0.075000,0.057000,0.098000,0.087500,0.115500,0.176000,0.383500
0.072500,0.039500,0.044000,0.064500,0.075000,0.057000,0.098000,0.087500,0.115500,0.176000,0.383500
0.072500,0.039500,0.044000,0.064500,0.075000,0.057000,0.098000,0.087500,0.115500,0.176000,0.383500
0.072500,0.039500,0.044000,0.064500,0.075000,0.057000,0.098000,0.087500,0.115500,0.176000,0.383500
0.072500,0.039500,0.044000,0.064500,0.075000,0.057000,0.098000,0.087500,0.115500,0.176000,0.383500
0.072500,0.039500,0.044000,0.064500,0.075000,0.057000,0.098000,0.087500,0.115500,0.176000,0.383500
0.072500,0.039500,0.044000,0.064500,0.075000,0.057000,0.098000,0.087500,0.115500,0.176000,0.383500
0.072500,0.039500,0.044000,0.064500,0.075000,0.057000,0.098000,0.087500,0.115500,0.176000,0.383500
0.072500,0.039500,0.044000,0.064500,0.075000,0.057000,0.098000,0.087500,0.115500,0.176000,0.383500
0.072500,0.039500,0.044000,0.064500,0.075000,0.057000,0.098000,0.087500,0.115500,0.176000,0.383500
0.072500,0.039500,0.044000,0.064500,0.075000,0.057000,0.098000,0.087500,0.115500,0.176000,0.383500
0.072500,0.039500,0.044000,0.064500,0.075000,0.057000,0.098000,0.087500,0.115500,0.176000,0.383500
0.072500,0.039500,0.044000,0.064500,0.075000,0.057000,0.098000,0.087500,0.115500,0.176000,0.383500
0.072500,0.039500,0.044000,0.064500,0.075000,0.057000,0.098000,0.087500,0.115500,0.176000,0.383500
0.072500,0.039500,0.044000,0.064500,0.075000,0.057000,0.098000,0.087500,0.115500,0.176000,0.383500
0.072500,0.039500,0.044000,0.064500,0.075000,0.057000,0.098000,0.087500,0.115500,0.176000,0.383500
0.072500,0.039500,0.044000,0.064500,0.075000,0.057000,0.098000,0.087500,0.115500,0.176000,0.383500
0.072500,0.039500,0.044000,0.064500,0.075000,0.057000,0.098000,0.087500,0.115500,0.176000,0.383500
0.072500,0.039500,0.044000,0.064500,0.075000,0.057000,0.098000,0.087500,0.115500,0.176000,0.383500
0.072500,0.039500,0.044000,0.064500,0.075000,0.057000,0.098000,0.087500,0.115500,0.176000,0.383500
0.072500,0.039500,0.044000,0.064500,0.075000,0.057000,0.098000,0.087500,0.115500,0.176000,0.383500
0.072500,0.039500,0.044000,0.064500,0.075000,0.057000,0.098000,0.087500,0.115500,0.176000,0.383500
0.072500,0.039500,0.044000,0.064500,0.075000,0.057000,0.098000,0.087500,0.115500,0.176000,0.383500
0.072500,0.039500,0.044000,0.064500,0.075000,0.057000,0.098000,0.087500,0.115500,0.176000,0.383500
0.072500,0.039500,0.044000,0.064500,0.075000,0.057000,0.098000,0.087500,0.115500,0.176000,0.383500
0.072500,0.039500,0.044000,0.064500,0.075000,0.057000,0.098000,0.087500,0.115500,0.176000,0.383500
0.072500,0.039500,0.044000,0.064500,0.075000,0.057000,0.098000,0.087500,0.115500,0.176000,0.383500
0.072500,0.039500,0.044000,0.064500,0.075000,0.057000,0.098000,0.087500,0.115500,0.176000,0.383500
0.072500,0.039500,0.044000,0.064500,0.075000,0.057000,0.098000,0.087500,0.115500,0.176000,0.383500
0.072500,0.039500,0.044000,0.064500,0.075000,0.057000,0.098000,0.087500,0.115500,0.176000,0.383500
0.072500,0.039500,0.044000,0.064500,0.075000,0.057000,0.098000,0.087500,0.115500,0.176000,0.383500
0.072500,0.039500,0.044000,0.064500,0.075000,0.057000,0.098000,0.087500,0.115500,0.176000,0.383500
0.072500,0.039500,0.044000,0.064500,0.075000,0.057000,0.098000,0.087500,0.115500,0.176000,0.383500
0.072500,0.039500,0.044000,0.064500,0.075000,0.057000,0.098000,0.087500,0.115500,0.176000,0.383500
0.072500,0.039500,0.044000,0.064500,0.075000,0.057000,0.098000,0.087500,0.115500,0.176000,0.383500
0.072500,0.039500,0.044000,0.064500,0.075000,0.057000,0.098000,0.087500,0.115500,0.176000,0.383500
0.072500,0.039500,0.044000,0.064500,0.075000,0.057000,0.098000,0.087500,0.115500,0.176000,0.383500
0.072500,0.039500,0.044000,0.064500,0.075000,0.057000,0.098000,0.087500,0.115500,0.176000,0.383500
0.072500,0.039500,0.044000,0.064500,0.075000,0.057000,0.098000,0.087500,0.115500,0.176000,0.383500
0.072500,0.039500,0.044000,0.064500,0.075000,0.057000,0.098000,0.087500,0.115500,0.176000,0.383500
0.072500,0.039500,0.044000,0.064500,0.075000,0.057000,0.098000,0.087500,0.115500,0.176000,0.383500
0.072500,0.039500,0.044000,0.064500,0.075000,0.057000,0.098000,0.087500,0.115500,0.176000,0.383500
0.072500,0.039500,0.044000,0.064500,0.075000,0.057000,0.098000,0.087500,0.115500,0.176000,0.383500
0.072500,0.039500,0.044000,0.064500,0.075000,0.057000,0.098000,0.087500,0.115500,0.176000,0.383500
0.072500,0.039500,0.044000,0.064500,0.075000,0.057000,0.098000,0.087500,0.115500,0.176000,0.383500
0.072500,0.039500,0.044000,0.064500,0.075000,0.057000,0.098000,0.087500,0.115500,0.176000,0.383500
0.072500,0.039500,0.044000,0.064500,0.075000,0.057000,0.098000,0.087500,0.115500,0.176000,0.383500
0.072500,0.039500,0.044000,0.064500,0.075000,0.057000,0.098000,0.087500,0.115500,0.176000,0.383500
0.072500,0.039500,0.044000,0.064500,0.075000,0.057000,0.098000,0.087500,0.115500,0.176000,0.383500
0.072500,0.039500,0.044000,0.064500,0.075000,0.057000,0.098000,0.087500,0.115500,0.176000,0.383500
0.072500,0.039500,0.044000,0.064500,0.075000,0.057000,0.098000,0.087500,0.115500,0.176000,0.383500
0.072500,0.039500,0.044000,0.064500,0.075000,0.057000,0.098000,0.087500,0.115500,0.176000,0.383500
0.072500,0.039500,0.044000,0.064500,0.075000,0.057000,0.098000,0.087500,0.115500,0.176000,0.383500
0.072500,0.039500,0.044000,0.064500,0.075000,0.057000,0.098000,0.087500,0.115500,0.176000,0.383500
0.072500,0.039500,0.044000,0.064500,0.075000,0.057000,0.098000,0.087500,0.115500,0.176000,0.383500
0.072500,0.039500,0.044000,0.064500,0.075000,0.057000,0.098000,0.087500,0.115500,0.176000,0.383500
0.072500,0.039500,0.044000,0.064500,0.075000,0.057000,0.098000,0.087500,0.115500,0.176000,0.383500
0.072500,0.039500,0.044000,0.064500,0.075000,0.057000,0.098000,0.087500,0.115500,0.176000,0.383500
0.072500,0.039500,0.044000,0.064500,0.075000,0.057000,0.098000,0.087500,0.115500,0.176000,0.383500
0.072500,0.039500,0.044000,0.064500,0.075000,0.057000,0.098000,0.087500,0.115500,0.176000,0.383500
0.072500,0.039500,0.044000,0.064500,0.075000,0.057000,0.098000,0.087500,0.115500,0.176000,0.383500
0.072500,0.039500,0.044000,0.064500,0.075000,0.057000,0.098000,0.087500,0.115500,0.176000,0.383500
0.072500,0.039500,0.044000,0.064500,0.075000,0.057000,0.098000,0.087500,0.115500,0.176000,0.383500
0.072500,0.039500,0.044000,0.064500,0.075000,0.057000,0.098000,0.087500,0.115500,0.176000,0.383500
0.072500,0.039500,0.044000,0.064500,0.075000,0.057000,0.098000,0.087500,0.115500,0.176000,0.383500
0.072500,0.039500,0.044000,0.064500,0.075000,0.057000,0.098000,0.087500,0.115500,0.176000,0.383500
0.072500,0.039500,0.044000,0.064500,0.075000,0.057000,0.098000,0.087500,0.115500,0.176000,0.383500
0.072500,0.039500,0.044000,0.064500,0.075000,0.057000,0.098000,0.087500,0.115500,0.176000,0.383500
0.072500,0.039500,0.044000,0.064500,0.075000,0.057000,0.098000,0.087500,0.115500,0.176000,0.383500
0.072500,0.039500,0.044000,0.064500,0.075000,0.057000,0.098000,0.087500,0.115500,0.176000,0.383500
0.072500,0.039500,0.044000,0.064500,0.075000,0.057000,0.098000,0.087500,0.115500,0.176000,0.383500
0.072500,0.039500,0.044000,0.064500,0.075000,0.057000,0.098000,0.087500,0.115500,0.176000,0.383500
0.072500,0.039500,0.044000,0.064500,0.075000,0.057000,0.098000,0.087500,0.115500,0.176000,0.383500
0.072500,0.039500,0.044000,0.064500,0.075000,0.057000,0.098000,0.087500,0.115500,0.176000,0.383500
0.072500,0.039500,0.044000,0.064500,0.075000,0.057000,0.098000,0.087500,0.115500,0.176000,0.383500
0.072500,0.039500,0.044000,0.064500,0.075000,0.057000,0.098000,0.087500,0.115500,0.176000,0.383500
0.072500,0.039500,0.044000,0.064500,0.075000,0.057000,0.098000,0.087500,0.115500,0.176000,0.383500
0.072500,0.039500,0.044000,0.064500,0.075000,0.057000,0.098000,0.087500,0.115500,0.176000,0.383500
0.072500,0.039500,0.044000,0.064500,0.075000,0.057000,0.098000,0.087500,0.115500,0.176000,0.383500
0.072500,0.039500,0.044000,0.064500,0.075000,0.057000,0.098000,0.087500,0.115500,0.176000,0.383500
0.072500,0.039500,0.044000,0.064500,0.075000,0.057000,0.098000,0.087500,0.115500,0.176000,0.383500
0.072500,0.039500,0.044000,0.064500,0.075000,0.057000,0.098000,0.087500,0.115500,0.176000,0.383500
0.072500,0.039500,0.044000,0.064500,0.075000,0.057000,0.098000,0.087500,0.115500,0.176000,0.383500
0.072500,0.039500,0.044000,0.064500,0.075000,0.057000,0.098000,0.087500,0.115500,0.176000,0.383500
0.072500,0.039500,0.044000,0.064500,0.075000,0.057000,0.098000,0.087500,0.115500,0.176000,0.383500
0.072500,0.039500,0.044000,0.064500,0.075000,0.057000,0.098000,0.087500,0.115500,0.176000,0.383500
0.072500,0.039500,0.044000,0.064500,0.075000,0.057000,0.098000,0.087500,0.115500,0.176000,0.383500
0.072500,0.039500,0.044000,0.064500,0.075000,0.057000,0.098000,0.087500,0.115500,0.176000,0.383500
0.072500,0.039500,0.044000,0.064500,0.075000,0.057000,0.098000,0.087500,0.115500,0.176000,0.383500
0.072500,0.039500,0.044000,0.064500,0.075000,0.057000,0.098000,0.087500,0.115500,0.176000,0.383500
0.072500,0.039500,0.044000,0.064500,0.075000,0.057000,0.098000,0.087500,0.115500,0.176000,0.383500
0.072500,0.039500,0.044000,0.064500,0.075000,0.057000,0.098000,0.087500,0.115500,0.176000,0.383500
0.072500,0.039500,0.044000,0.064500,0.075000,0.057000,0.098000,0.087500,0.115500,0.176000,0.383500
0.072500,0.039500,0.044000,0.064500,0.075000,0.057000,0.098000,0.087500,0.115500,0.176000,0.383500
0.072500,0.039500,0.044000,0.064500,0.075000,0.057000,0.098000,0.087500,0.115500,0.176000,0.383500
0.072500,0.039500,0.044000,0.064500,0.075000,0.057000,0.098000,0.087500,0.115500,0.176000,0.383500
0.072500,0.039500,0.044000,0.064500,0.075000,0.057000,0.098000,0.087500,0.115500,0.176000,0.383500
0.072500,0.039500,0.044000,0.064500,0.075000,0.057000,0.098000,0.087500,0.115500,0.176000,0.383500
0.072500,0.039500,0.044000,0.064500,0.075000,0.057000,0.098000,0.087500,0.115500,0.176000,0.383500
0.072500,0.039500,0.044000,0.064500,0.075000,0.057000,0.098000,0.087500,0.115500,0.176000,0.383500
0.072500,0.039500,0.044000,0.064500,0.075000,0.057000,0.098000,0.087500,0.115500,0.176000,0.383500
0.072500,0.039500,0.044000,0.064500,0.075000,0.057000,0.098000,0.087500,0.115500,0.176000,0.383500
0.072500,0.039500,0.044000,0.064500,0.075000,0.057000,0.098000,0.087500,0.115500,0.176000,0.383500
0.072500,0.039500,0.044000,0.064500,0.075000,0.057000,0.098000,0.087500,0.115500,0.176000,0.383500
0.072500,0.039500,0.044000,0.064500,0.075000,0.057000,0.098000,0.087500,0.115500,0.176000,0.383500
0.072500,0.039500,0.044000,0.064500,0.075000,0.057000,0.098000,0.087500,0.115500,0.176000,0.383500
0.072500,0.039500,0.044000,0.064500,0.075000,0.057000,0.098000,0.087500,0.115500,0.176000,0.383500
0.072500,0.039500,0.044000,0.064500,0.075000,0.057000,0.098000,0.087500,0.115500,0.176000,0.383500
0.072500,0.039500,0.044000,0.064500,0.075000,0.057000,0.098000,0.087500,0.115500,0.176000,0.383500
0.072500,0.039500,0.044000,0.064500,0.075000,0.057000,0.098000,0.087500,0.115500,0.176000,0.383500
0.072500,0.039500,0.044000,0.064500,0.075000,0.057000,0.098000,0.087500,0.115500,0.176000,0.383500
0.072500,0.039500,0.044000,0.064500,0.075000,0.057000,0.098000,0.087500,0.115500,0.176000,0.383500
0.072500,0.039500,0.044000,0.064500,0.075000,0.057000,0.098000,0.087500,0.115500,0.176000,0.383500
0.072500,0.039500,0.044000,0.064500,0.075000,0.057000,0.098000,0.087500,0.115500,0.176000,0.383500
0.072500,0.039500,0.044000,0.064500,0.075000,0.057000,0.098000,0.087500,0.115500,0.176000,0.383500
0.072500,0.039500,0.044000,0.064500,0.075000,0.057000,0.098000,0.087500,0.115500,0.176000,0.383500
0.072500,0.039500,0.044000,0.064500,0.075000,0.057000,0.098000,0.087500,0.115500,0.176000,0.383500
0.072500,0.039500,0.044000,0.064500,0.075000,0.057000,0.098000,0.087500,0.115500,0.176000,0.383500
0.072500,0.039500,0.044000,0.064500,0.075000,0.057000,0.098000,0.087500,0.115500,0.176000,0.383500
0.072500,0.039500,0.044000,0.064500,0.075000,0.057000,0.098000,0.087500,0.115500,0.176000,0.383500
0.072500,0.039500,0.044000,0.064500,0.075000,0.057000,0.098000,0.087500,0.115500,0.176000,0.383500
0.072500,0.039500,0.044000,0.064500,0.075000,0.057000,0.098000,0.087500,0.115500,0.176000,0.383500
0.072500,0.039500,0.044000,0.064500,0.075000,0.057000,0.098000,0.087500,0.115500,0.176000,0.383500
0.072500,0.039500,0.044000,0.064500,0.075000,0.057000,0.098000,0.087500,0.115500,0.176000,0.383500
0.072500,0.039500,0.044000,0.064500,0.075000,0.057000,0.098000,0.087500,0.115500,0.176000,0.383500
0.072500,0.039500,0.044000,0.064500,0.075000,0.057000,0.098000,0.087500,0.115500,0.176000,0.383500
0.072500,0.039500,0.044000,0.064500,0.075000,0.057000,0.098000,0.087500,0.115500,0.176000,0.383500
0.072500,0.039500,0.044000,0.064500,0.075000,0.057000,0.098000,0.087500,0.115500,0.176000,0.383500
0.072500,0.039500,0.044000,0.064500,0.075000,0.057000,0.098000,0.087500,0.115500,0.176000,0.383500
0.072500,0.039500,0.044000,0.064500,0.075000,0.057000,0.098000,0.087500,0.115500,0.176000,0.383500
0.072500,0.039500,0.044000,0.064500,0.075000,0.057000,0.098000,0.087500,0.115500,0.176000,0.383500
0.072500,0.039500,0.044000,0.064500,0.075000,0.057000,0.098000,0.087500,0.115500,0.176000,0.383500
0.072500,0.039500,0.044000,0.064500,0.075000,0.057000,0.098000,0.087500,0.115500,0.176000,0.383500
0.072500,0.039500,0.044000,0.064500,0.075000,0.057000,0.098000,0.087500,0.115500,0.176000,0.383500
0.072500,0.039500,0.044000,0.064500,0.075000,0.057000,0.098000,0.087500,0.115500,0.176000,0.383500
0.072500,0.039500,0.044000,0.064500,0.075000,0.057000,0.098000,0.087500,0.115500,0.176000,0.383500
0.072500,0.039500,0.044000,0.064500,0.075000,0.057000,0.098000,0.087500,0.115500,0.176000,0.383500
0.072500,0.039500,0.044000,0.064500,0.075000,0.057000,0.098000,0.087500,0.115500,0.176000,0.383500
0.072500,0.039500,0.044000,0.064500,0.075000,0.057000,0.098000,0.087500,0.115500,0.176000,0.383500
0.072500,0.039500,0.044000,0.064500,0.075000,0.057000,0.098000,0.087500,0.115500,0.176000,0.383500
0.072500,0.039500,0.044000,0.064500,0.075000,0.057000,0.098000,0.087500,0.115500,0.176000,0.383500
0.072500,0.039500,0.044000,0.064500,0.075000,0.057000,0.098000,0.087500,0.115500,0.176000,0.383500
0.072500,0.039500,0.044000,0.064500,0.075000,0.057000,0.098000,0.087500,0.115500,0.176000,0.383500
0.072500,0.039500,0.044000,0.064500,0.075000,0.057000,0.098000,0.087500,0.115500,0.176000,0.383500
0.072500,0.039500,0.044000,0.064500,0.075000,0.057000,0.098000,0.087500,0.115500,0.176000,0.383500
0.072500,0.039500,0.044000,0.064500,0.075000,0.057000,0.098000,0.087500,0.115500,0.176000,0.383500
0.072500,0.039500,0.044000,0.064500,0.075000,0.057000,0.098000,0.087500,0.115500,0.176000,0.383500
0.072500,0.039500,0.044000,0.064500,0.075000,0.057000,0.098000,0.087500,0.115500,0.176000,0.383500
0.072500,0.039500,0.044000,0.064500,0.075000,0.057000,0.098000,0.087500,0.115500,0.176000,0.383500
0.072500,0.039500,0.044000,0.064500,0.075000,0.057000,0.098000,0.087500,0.115500,0.176000,0.383500
0.072500,0.039500,0.044000,0.064500,0.075000,0.057000,0.098000,0.087500,0.115500,0.176000,0.383500
0.072500,0.039500,0.044000,0.064500,0.075000,0.057000,0.098000,0.087500,0.115500,0.176000,0.383500
0.072500,0.039500,0.044000,0.064500,0.075000,0.057000,0.098000,0.087500,0.115500,0.176000,0.383500
0.072500,0.039500,0.044000,0.064500,0.075000,0.057000,0.098000,0.087500,0.115500,0.176000,0.383500
0.072500,0.039500,0.044000,0.064500,0.075000,0.057000,0.098000,0.087500,0.115500,0.176000,0.383500
0.072500,0.039500,0.044000,0.064500,0.075000,0.057000,0.098000,0.087500,0.115500,0.176000,0.383500
0.072500,0.039500,0.044000,0.064500,0.075000,0.057000,0.098000,0.087500,0.115500,0.176000,0.383500
0.072500,0.039500,0.044000,0.064500,0.075000,0.057000,0.098000,0.087500,0.115500,0.176000,0.383500
0.072500,0.039500,0.044000,0.064500,0.075000,0.057000,0.098000,0.087500,0.115500,0.176000,0.383500
0.072500,0.039500,0.044000,0.064500,0.075000,0.057000,0.098000,0.087500,0.115500,0.176000,0.383500
0.072500,0.039500,0.044000,0.064500,0.075000,0.057000,0.098000,0.087500,0.115500,0.176000,0.383500
0.072500,0.039500,0.044000,0.064500,0.075000,0.057000,0.098000,0.087500,0.115500,0.176000,0.383500
0.072500,0.039500,0.044000,0.064500,0.075000,0.057000,0.098000,0.087500,0.115500,0.176000,0.383500
0.072500,0.039500,0.044000,0.064500,0.075000,0.057000,0.098000,0.087500,0.115500,0.176000,0.383500
0.072500,0.039500,0.044000,0.064500,0.075000,0.057000,0.098000,0.087500,0.115500,0.176000,0.383500
0.072500,0.039500,0.044000,0.064500,0.075000,0.057000,0.098000,0.087500,0.115500,0.176000,0.383500
0.072500,0.039500,0.044000,0.064500,0.075000,0.057000,0.098000,0.087500,0.115500,0.176000,0.383500
0.072500,0.039500,0.044000,0.064500,0.075000,0.057000,0.098000,0.087500,0.115500,0.176000,0.383500
0.072500,0.039500,0.044000,0.064500,0.075000,0.057000,0.098000,0.087500,0.115500,0.176000,0.383500
0.072500,0.039500,0.044000,0.064500,0.075000,0.057000,0.098000,0.087500,0.115500,0.176000,0.383500
0.072500,0.039500,0.044000,0.064500,0.075000,0.057000,0.098000,0.087500,0.115500,0.176000,0.383500
0.072500,0.039500,0.044000,0.064500,0.075000,0.057000,0.098000,0.087500,0.115500,0.176000,0.383500
0.072500,0.039500,0.044000,0.064500,0.075000,0.057000,0.098000,0.087500,0.115500,0.176000,0.383500
0.072500,0.039500,0.044000,0.064500,0.075000,0.057000,0.098000,0.087500,0.115500,0.176000,0.383500
0.072500,0.039500,0.044000,0.064500,0.075000,0.057000,0.098000,0.087500,0.115500,0.176000,0.383500
0.072500,0.039500,0.044000,0.064500,0.075000,0.057000,0.098000,0.087500,0.115500,0.176000,0.383500
0.072500,0.039500,0.044000,0.064500,0.075000,0.057000,0.098000,0.087500,0.115500,0.176000,0.383500
0.072500,0.039500,0.044000,0.064500,0.075000,0.057000,0.098000,0.087500,0.115500,0.176000,0.383500
0.072500,0.039500,0.044000,0.064500,0.075000,0.057000,0.098000,0.087500,0.115500,0.176000,0.383500
0.072500,0.039500,0.044000,0.064500,0.075000,0.057000,0.098000,0.087500,0.115500,0.176000,0.383500
0.072500,0.039500,0.044000,0.064500,0.075000,0.057000,0.098000,0.087500,0.115500,0.176000,0.383500
0.072500,0.039500,0.044000,0.064500,0.075000,0.057000,0.098000,0.087500,0.115500,0.176000,0.383500
0.072500,0.039500,0.044000,0.064500,0.075000,0.057000,0.098000,0.087500,0.115500,0.176000,0.383500
0.072500,0.039500,0.044000,0.064500,0.075000,0.057000,0.098000,0.087500,0.115500,0.176000,0.383500
0.072500,0.039500,0.044000,0.064500,0.075000,0.057000,0.098000,0.087500,0.115500,0.176000,0.383500
0.072500,0.039500,0.044000,0.064500,0.075000,0.057000,0.098000,0.087500,0.115500,0.176000,0.383500
0.072500,0.039500,0.044000,0.064500,0.075000,0.057000,0.098000,0.087500,0.115500,0.176000,0.383500
0.072500,0.039500,0.044000,0.064500,0.075000,0.057000,0.098000,0.087500,0.115500,0.176000,0.383500
0.072500,0.039500,0.044000,0.064500,0.075000,0.057000,0.098000,0.087500,0.115500,0.176000,0.383500
0.072500,0.039500,0.044000,0.064500,0.075000,0.057000,0.098000,0.087500,0.115500,0.176000,0.383500
0.072500,0.039500,0.044000,0.064500,0.075000,0.057000,0.098000,0.087500,0.115500,0.176000,0.383500
0.072500,0.039500,0.044000,0.064500,0.075000,0.057000,0.098000,0.087500,0.115500,0.176000,0.383500
0.072500,0.039500,0.044000,0.064500,0.075000,0.057000,0.098000,0.087500,0.115500,0.176000,0.383500
0.072500,0.039500,0.044000,0.064500,0.075000,0.057000,0.098000,0.087500,0.115500,0.176000,0.383500
0.072500,0.039500,0.044000,0.064500,0.075000,0.057000,0.098000,0.087500,0.115500,0.176000,0.383500
0.072500,0.039500,0.044000,0.064500,0.075000,0.057000,0.098000,0.087500,0.115500,0.176000,0.383500
0.072500,0.039500,0.044000,0.064500,0.075000,0.057000,0.098000,0.087500,0.115500,0.176000,0.383500
0.072500,0.039500,0.044000,0.064500,0.075000,0.057000,0.098000,0.087500,0.115500,0.176000,0.383500
0.072500,0.039500,0.044000,0.064500,0.075000,0.057000,0.098000,0.087500,0.115500,0.176000,0.383500
0.072500,0.039500,0.044000,0.064500,0.075000,0.057000,0.098000,0.087500,0.115500,0.176000,0.383500
0.072500,0.039500,0.044000,0.064500,0.075000,0.057000,0.098000,0.087500,0.115500,0.176000,0.383500
0.072500,0.039500,0.044000,0.064500,0.075000,0.057000,0.098000,0.087500,0.115500,0.176000,0.383500
0.072500,0.039500,0.044000,0.064500,0.075000,0.057000,0.098000,0.087500,0.115500,0.176000,0.383500
0.072500,0.039500,0.044000,0.064500,0.075000,0.057000,0.098000,0.087500,0.115500,0.176000,0.383500
0.072500,0.039500,0.044000,0.064500,0.075000,0.057000,0.098000,0.087500,0.115500,0.176000,0.383500
0.072500,0.039500,0.044000,0.064500,0.075000,0.057000,0.098000,0.087500,0.115500,0.176000,0.383500
0.072500,0.039500,0.044000,0.064500,0.075000,0.057000,0.098000,0.087500,0.115500,0.176000,0.383500
0.072500,0.039500,0.044000,0.064500,0.075000,0.057000,0.098000,0.087500,0.115500,0.176000,0.383500
0.072500,0.039500,0.044000,0.064500,0.075000,0.057000,0.098000,0.087500,0.115500,0.176000,0.383500
0.072500,0.039500,0.044000,0.064500,0.075000,0.057000,0.098000,0.087500,0.115500,0.176000,0.383500
0.072500,0.039500,0.044000,0.064500,0.075000,0.057000,0.098000,0.087500,0.115500,0.176000,0.383500
0.072500,0.039500,0.044000,0.064500,0.075000,0.057000,0.098000,0.087500,0.115500,0.176000,0.383500
0.072500,0.039500,0.044000,0.064500,0.075000,0.057000,0.098000,0.087500,0.115500,0.176000,0.383500
0.072500,0.039500,0.044000,0.064500,0.075000,0.057000,0.098000,0.087500,0.115500,0.176000,0.383500
0.072500,0.039500,0.044000,0.064500,0.075000,0.057000,0.098000,0.087500,0.115500,0.176000,0.383500
0.072500,0.039500,0.044000,0.064500,0.075000,0.057000,0.098000,0.087500,0.115500,0.176000,0.383500
0.072500,0.039500,0.044000,0.064500,0.075000,0.057000,0.098000,0.087500,0.115500,0.176000,0.383500
0.072500,0.039500,0.044000,0.064500,0.075000,0.057000,0.098000,0.087500,0.115500,0.176000,0.383500
0.072500,0.039500,0.044000,0.064500,0.075000,0.057000,0.098000,0.087500,0.115500,0.176000,0.383500
0.072500,0.039500,0.044000,0.064500,0.075000,0.057000,0.098000,0.087500,0.115500,0.176000,0.383500
0.072500,0.039500,0.044000,0.064500,0.075000,0.057000,0.098000,0.087500,0.115500,0.176000,0.383500
0.072500,0.039500,0.044000,0.064500,0.075000,0.057000,0.098000,0.087500,0.115500,0.176000,0.383500
0.072500,0.039500,0.044000,0.064500,0.075000,0.057000,0.098000,0.087500,0.115500,0.176000,0.383500
0.072500,0.039500,0.044000,0.064500,0.075000,0.057000,0.098000,0.087500,0.115500,0.176000,0.383500
0.072500,0.039500,0.044000,0.064500,0.075000,0.057000,0.098000,0.087500,0.115500,0.176000,0.383500
0.072500,0.039500,0.044000,0.064500,0.075000,0.057000,0.098000,0.087500,0.115500,0.176000,0.383500
0.072500,0.039500,0.044000,0.064500,0.075000,0.057000,0.098000,0.087500,0.115500,0.176000,0.383500
0.072500,0.039500,0.044000,0.064500,0.075000,0.057000,0.098000,0.087500,0.115500,0.176000,0.383500
0.072500,0.039500,0.044000,0.064500,0.075000,0.057000,0.098000,0.087500,0.115500,0.176000,0.383500
0.072500,0.039500,0.044000,0.064500,0.075000,0.057000,0.098000,0.087500,0.115500,0.176000,0.383500
0.072500,0.039500,0.044000,0.064500,0.075000,0.057000,0.098000,0.087500,0.115500,0.176000,0.383500
0.072500,0.039500,0.044000,0.064500,0.075000,0.057000,0.098000,0.087500,0.115500,0.176000,0.383500
0.072500,0.039500,0.044000,0.064500,0.075000,0.057000,0.098000,0.087500,0.115500,0.176000,0.383500
0.072500,0.039500,0.044000,0.064500,0.075000,0.057000,0.098000,0.087500,0.115500,0.176000,0.383500
0.072500,0.039500,0.044000,0.064500,0.075000,0.057000,0.098000,0.087500,0.115500,0.176000,0.383500
0.072500,0.039500,0.044000,0.064500,0.075000,0.057000,0.098000,0.087500,0.115500,0.176000,0.383500
0.072500,0.039500,0.044000,0.064500,0.075000,0.057000,0.098000,0.087500,0.115500,0.176000,0.383500
0.072500,0.039500,0.044000,0.064500,0.075000,0.057000,0.098000,0.087500,0.115500,0.176000,0.383500
0.072500,0.039500,0.044000,0.064500,0.075000,0.057000,0.098000,0.087500,0.115500,0.176000,0.383500
0.072500,0.039500,0.044000,0.064500,0.075000,0.057000,0.098000,0.087500,0.115500,0.176000,0.383500
0.072500,0.039500,0.044000,0.064500,0.075000,0.057000,0.098000,0.087500,0.115500,0.176000,0.383500
0.072500,0.039500,0.044000,0.064500,0.075000,0.057000,0.098000,0.087500,0.115500,0.176000,0.383500
0.072500,0.039500,0.044000,0.064500,0.075000,0.057000,0.098000,0.087500,0.115500,0.176000,0.383500
0.072500,0.039500,0.044000,0.064500,0.075000,0.057000,0.098000,0.087500,0.115500,0.176000,0.383500
0.072500,0.039500,0.044000,0.064500,0.075000,0.057000,0.098000,0.087500,0.115500,0.176000,0.383500
0.072500,0.039500,0.044000,0.064500,0.075000,0.057000,0.098000,0.087500,0.115500,0.176000,0.383500
0.072500,0.039500,0.044000,0.064500,0.075000,0.057000,0.098000,0.087500,0.115500,0.176000,0.383500
0.072500,0.039500,0.044000,0.064500,0.075000,0.057000,0.098000,0.087500,0.115500,0.176000,0.383500
0.072500,0.039500,0.044000,0.064500,0.075000,0.057000,0.098000,0.087500,0.115500,0.176000,0.383500
0.072500,0.039500,0.044000,0.064500,0.075000,0.057000,0.098000,0.087500,0.115500,0.176000,0.383500
0.072500,0.039500,0.044000,0.064500,0.075000,0.057000,0.098000,0.087500,0.115500,0.176000,0.383500
0.072500,0.039500,0.044000,0.064500,0.075000,0.057000,0.098000,0.087500,0.115500,0.176000,0.383500
0.072500,0.039500,0.044000,0.064500,0.075000,0.057000,0.098000,0.087500,0.115500,0.176000,0.383500
0.072500,0.039500,0.044000,0.064500,0.075000,0.057000,0.098000,0.087500,0.115500,0.176000,0.383500
0.072500,0.039500,0.044000,0.064500,0.075000,0.057000,0.098000,0.087500,0.115500,0.176000,0.383500
0.072500,0.039500,0.044000,0.064500,0.075000,0.057000,0.098000,0.087500,0.115500,0.176000,0.383500
0.072500,0.039500,0.044000,0.064500,0.075000,0.057000,0.098000,0.087500,0.115500,0.176000,0.383500
0.072500,0.039500,0.044000,0.064500,0.075000,0.057000,0.098000,0.087500,0.115500,0.176000,0.383500
0.072500,0.039500,0.044000,0.064500,0.075000,0.057000,0.098000,0.087500,0.115500,0.176000,0.383500
0.072500,0.039500,0.044000,0.064500,0.075000,0.057000,0.098000,0.087500,0.115500,0.176000,0.383500
0.072500,0.039500,0.044000,0.064500,0.075000,0.057000,0.098000,0.087500,0.115500,0.176000,0.383500
0.072500,0.039500,0.044000,0.064500,0.075000,0.057000,0.098000,0.087500,0.115500,0.176000,0.383500
0.072500,0.039500,0.044000,0.064500,0.075000,0.057000,0.098000,0.087500,0.115500,0.176000,0.383500
0.072500,0.039500,0.044000,0.064500,0.075000,0.057000,0.098000,0.087500,0.115500,0.176000,0.383500
0.072500,0.039500,0.044000,0.064500,0.075000,0.057000,0.098000,0.087500,0.115500,0.176000,0.383500
0.072500,0.039500,0.044000,0.064500,0.075000,0.057000,0.098000,0.087500,0.115500,0.176000,0.383500
0.072500,0.039500,0.044000,0.064500,0.075000,0.057000,0.098000,0.087500,0.115500,0.176000,0.383500
0.072500,0.039500,0.044000,0.064500,0.075000,0.057000,0.098000,0.087500,0.115500,0.176000,0.383500
0.072500,0.039500,0.044000,0.064500,0.075000,0.057000,0.098000,0.087500,0.115500,0.176000,0.383500
0.072500,0.039500,0.044000,0.064500,0.075000,0.057000,0.098000,0.087500,0.115500,0.176000,0.383500
0.072500,0.039500,0.044000,0.064500,0.075000,0.057000,0.098000,0.087500,0.115500,0.176000,0.383500
0.072500,0.039500,0.044000,0.064500,0.075000,0.057000,0.098000,0.087500,0.115500,0.176000,0.383500
0.072500,0.039500,0.044000,0.064500,0.075000,0.057000,0.098000,0.087500,0.115500,0.176000,0.383500
0.072500,0.039500,0.044000,0.064500,0.075000,0.057000,0.098000,0.087500,0.115500,0.176000,0.383500
0.072500,0.039500,0.044000,0.064500,0.075000,0.057000,0.098000,0.087500,0.115500,0.176000,0.383500
0.072500,0.039500,0.044000,0.064500,0.075000,0.057000,0.098000,0.087500,0.115500,0.176000,0.383500
0.072500,0.039500,0.044000,0.064500,0.075000,0.057000,0.098000,0.087500,0.115500,0.176000,0.383500
0.072500,0.039500,0.044000,0.064500,0.075000,0.057000,0.098000,0.087500,0.115500,0.176000,0.383500
0.072500,0.039500,0.044000,0.064500,0.075000,0.057000,0.098000,0.087500,0.115500,0.176000,0.383500
0.072500,0.039500,0.044000,0.064500,0.075000,0.057000,0.098000,0.087500,0.115500,0.176000,0.383500
0.072500,0.039500,0.044000,0.064500,0.075000,0.057000,0.098000,0.087500,0.115500,0.176000,0.383500
0.072500,0.039500,0.044000,0.064500,0.075000,0.057000,0.098000,0.087500,0.115500,0.176000,0.383500
0.072500,0.039500,0.044000,0.064500,0.075000,0.057000,0.098000,0.087500,0.115500,0.176000,0.383500
0.072500,0.039500,0.044000,0.064500,0.075000,0.057000,0.098000,0.087500,0.115500,0.176000,0.383500
0.072500,0.039500,0.044000,0.064500,0.075000,0.057000,0.098000,0.087500,0.115500,0.176000,0.383500
0.072500,0.039500,0.044000,0.064500,0.075000,0.057000,0.098000,0.087500,0.115500,0.176000,0.383500
0.072500,0.039500,0.044000,0.064500,0.075000,0.057000,0.098000,0.087500,0.115500,0.176000,0.383500
0.072500,0.039500,0.044000,0.064500,0.075000,0.057000,0.098000,0.087500,0.115500,0.176000,0.383500
0.072500,0.039500,0.044000,0.064500,0.075000,0.057000,0.098000,0.087500,0.115500,0.176000,0.383500
0.072500,0.101158,0.044000,0.064500,0.075000,0.057000,0.098000,0.087500,0.115500,0.176000,0.383500
0.072500,0.162816,0.044000,0.064500,0.075000,0.057000,0.098000,0.087500,0.115500,0.176000,0.383500
0.072500,0.224474,0.044000,0.064500,0.075000,0.057000,0.098000,0.087500,0.115500,0.176000,0.383500
0.072500,0.162816,0.044000,0.064500,0.075000,0.057000,0.098000,0.087500,0.115500,0.176000,0.383500
0.072500,0.101158,0.044000,0.064500,0.075000,0.057000,0.098000,0.087500,0.115500,0.176000,0.383500
0.072500,0.039500,0.044000,0.064500,0.075000,0.057000,0.098000,0.087500,0.115500,0.176000,0.383500
0.072500,0.039500,0.044000,0.064500,0.075000,0.057000,0.098000,0.087500,0.115500,0.176000,0.383500
0.072500,0.039500,0.044000,0.064500,0.075000,0.057000,0.098000,0.087500,0.115500,0.176000,0.383500
0.072500,0.039500,0.044000,0.064500,0.075000,0.057000,0.098000,0.087500,0.115500,0.176000,0.383500
0.072500,0.039500,0.044000,0.064500,0.075000,0.057000,0.098000,1.775349,0.115500,0.176000,0.383500
0.072500,0.039500,0.044000,0.064500,0.075000,0.057000,0.098000,3.463198,0.115500,0.176000,0.383500
0.072500,0.039500,0.044000,0.064500,0.075000,0.057000,0.098000,5.151048,0.115500,0.176000,0.383500
0.072500,0.039500,0.187875,0.064500,0.075000,0.057000,0.098000,3.463198,0.115500,0.176000,0.383500
0.072500,0.039500,0.331749,0.064500,0.075000,0.057000,0.098000,1.775349,0.115500,0.176000,0.383500
0.072500,0.039500,0.475624,0.064500,0.075000,0.057000,0.098000,0.087500,0.115500,0.176000,0.383500
0.072500,0.039500,0.331749,0.064500,0.075000,0.057000,0.098000,0.087500,0.115500,0.176000,0.383500
0.072500,0.039500,0.187875,0.064500,0.075000,0.057000,0.098000,0.087500,0.115500,0.176000,0.383500
0.072500,0.039500,0.044000,0.064500,0.075000,0.057000,0.098000,0.087500,0.115500,0.176000,0.383500
0.072500,0.039500,0.044000,0.064500,0.075000,0.057000,0.098000,0.087500,0.115500,0.176000,0.383500
0.072500,0.039500,0.044000,0.064500,0.075000,0.057000,0.098000,0.087500,0.115500,0.176000,0.383500
0.072500,0.039500,0.044000,0.064500,0.075000,0.057000,0.098000,0.087500,0.115500,0.176000,0.383500
0.391507,0.039500,0.044000,0.064500,0.075000,0.057000,0.098000,0.087500,0.115500,0.176000,0.383500
0.710514,0.039500,0.044000,0.064500,0.075000,0.057000,0.098000,0.087500,0.115500,0.176000,0.383500
1.029522,0.039500,0.044000,0.064500,0.075000,0.057000,0.442630,0.087500,0.115500,0.176000,0.383500
0.710514,0.039500,0.044000,0.064500,0.107351,0.057000,0.787259,0.087500,0.115500,0.176000,0.383500
0.391507,0.039500,0.044000,0.064500,0.139702,0.057000,1.131889,0.087500,0.115500,0.176000,0.383500
0.072500,0.039500,0.044000,0.064500,0.172052,0.057000,0.787259,0.087500,0.115500,0.176000,0.383500
0.072500,0.039500,0.044000,0.064500,0.139702,0.057000,0.442630,0.087500,0.115500,0.176000,0.383500
0.072500,0.039500,0.044000,0.064500,0.107351,0.057000,0.098000,0.087500,0.115500,0.176000,0.383500
0.072500,0.039500,0.044000,0.064500,0.075000,0.057000,0.098000,0.087500,0.115500,0.176000,0.383500
0.072500,0.039500,0.044000,0.064500,0.075000,0.057000,0.098000,0.087500,0.115500,0.176000,0.383500
0.072500,0.039500,0.044000,0.064500,0.075000,0.057000,0.098000,0.087500,0.115500,0.176000,0.383500
0.072500,0.039500,0.044000,0.064500,0.075000,0.057000,0.098000,0.087500,0.115500,0.176000,0.383500
0.072500,0.039500,0.044000,0.064500,0.075000,0.057000,0.098000,0.087500,0.115500,0.176000,0.383500
0.072500,0.039500,0.044000,0.064500,0.075000,0.057000,0.098000,0.087500,0.115500,0.176000,0.383500
0.072500,0.039500,0.044000,0.064500,0.075000,0.057000,0.098000,0.087500,0.115500,0.176000,0.383500
0.072500,0.039500,0.044000,0.064500,0.075000,0.057000,0.098000,0.087500,0.115500,0.176000,0.383500
0.072500,0.039500,0.044000,0.064500,0.075000,0.057000,0.098000,0.087500,0.424708,0.176000,0.383500
0.072500,0.039500,0.044000,0.064500,0.075000,0.057000,0.098000,0.087500,0.733916,0.176000,0.383500
0.072500,0.039500,0.044000,0.064500,0.075000,0.057000,0.098000,0.087500,1.043125,0.176000,0.383500
0.072500,0.039500,0.044000,0.064500,0.075000,0.057000,0.098000,0.087500,0.733916,0.176000,0.383500
0.072500,0.039500,0.044000,0.064500,0.075000,0.057000,0.098000,0.087500,0.424708,0.176000,0.383500
0.072500,0.039500,0.044000,0.064500,0.075000,0.057000,0.098000,0.087500,0.115500,0.643031,0.383500
0.072500,0.039500,0.044000,0.064500,0.075000,0.057000,0.098000,0.087500,0.115500,1.110063,0.383500
0.072500,0.039500,0.044000,0.064500,0.075000,0.057000,0.098000,0.087500,0.115500,1.577094,0.383500
0.072500,0.039500,0.044000,0.064500,0.075000,0.057000,0.098000,0.087500,0.115500,1.110063,0.383500
0.072500,0.039500,0.044000,0.064500,0.075000,0.057000,0.098000,0.087500,0.115500,0.643031,0.383500
0.072500,0.039500,0.044000,0.064500,0.075000,0.057000,0.098000,0.087500,0.115500,0.176000,0.383500
0.072500,0.039500,0.044000,0.064500,0.075000,0.057000,0.098000,0.087500,0.115500,0.176000,0.383500
0.072500,0.039500,0.044000,0.064500,0.075000,0.057000,0.098000,0.087500,0.115500,0.176000,0.383500
0.072500,0.039500,0.044000,0.064500,0.075000,0.057000,0.098000,0.087500,0.115500,0.176000,0.383500
0.072500,0.039500,0.044000,0.064500,0.075000,0.057000,0.098000,0.087500,0.115500,0.176000,0.383500
0.072500,0.039500,0.044000,0.064500,0.075000,0.057000,0.098000,0.087500,0.115500,0.176000,0.383500
0.072500,0.039500,0.044000,0.064500,0.075000,0.057000,0.098000,0.087500,0.115500,0.176000,0.383500
0.072500,0.039500,0.044000,0.267041,0.075000,0.057000,0.098000,0.087500,0.115500,0.176000,1.933935
0.072500,0.039500,0.044000,0.469583,0.075000,0.057000,0.098000,0.087500,0.115500,0.176000,3.484370
0.072500,0.039500,0.044000,0.672124,0.075000,0.057000,0.098000,0.087500,0.115500,0.176000,5.034805
0.072500,0.039500,0.044000,0.469583,0.075000,0.057000,0.098000,0.087500,0.115500,0.176000,6.585240
0.072500,0.039500,0.044000,0.267041,0.075000,0.057000,0.098000,0.087500,0.115500,0.176000,5.034805
0.072500,0.039500,0.044000,0.064500,0.075000,0.057000,0.098000,0.087500,0.115500,0.176000,3.484370
0.072500,0.039500,0.044000,0.064500,0.075000,0.057000,0.098000,0.087500,0.115500,0.176000,1.933935
0.072500,0.039500,0.044000,0.064500,0.075000,0.057000,0.098000,0.087500,0.115500,0.176000,0.383500
0.072500,0.039500,0.044000,0.064500,0.075000,0.057000,0.098000,0.087500,0.115500,0.176000,0.383500
0.072500,0.039500,0.044000,0.064500,0.075000,0.057000,0.098000,0.087500,0.115500,0.176000,0.383500
0.072500,0.039500,0.044000,0.064500,0.075000,0.057000,0.098000,0.087500,0.115500,0.176000,0.383500
0.072500,0.039500,0.044000,0.064500,0.075000,0.057000,0.098000,0.087500,0.115500,0.176000,0.383500
0.072500,0.039500,0.044000,0.064500,0.075000,0.057000,0.098000,0.087500,0.115500,0.176000,0.383500
0.072500,0.039500,0.044000,0.064500,0.075000,0.057000,0.098000,0.087500,0.115500,0.176000,0.383500
0.072500,0.039500,0.044000,0.064500,0.075000,0.057000,0.098000,0.087500,0.115500,0.176000,0.383500
0.072500,0.039500,0.044000,0.064500,0.075000,0.057000,0.098000,0.087500,0.115500,0.176000,0.383500
0.072500,0.039500,0.044000,0.064500,0.075000,0.057000,0.098000,0.087500,0.115500,0.176000,0.383500
0.072500,0.039500,0.044000,0.064500,0.075000,0.057000,0.098000,0.087500,0.115500,0.176000,0.383500
0.072500,0.039500,0.044000,0.064500,0.075000,0.057000,0.098000,0.087500,0.115500,0.176000,0.383500
0.072500,0.039500,0.044000,0.064500,0.075000,0.057000,0.098000,0.087500,0.115500,0.176000,0.383500
0.072500,0.039500,0.044000,0.064500,0.075000,0.057000,0.098000,0.087500,0.115500,0.176000,0.383500
0.072500,0.039500,0.044000,0.064500,0.075000,0.057000,0.098000,0.087500,0.115500,0.176000,0.383500
0.072500,0.039500,0.044000,0.064500,0.075000,0.057000,0.098000,0.087500,0.115500,0.176000,0.383500
0.072500,0.039500,0.044000,0.064500,0.075000,0.057000,0.098000,0.087500,0.115500,0.176000,0.383500
0.072500,0.039500,0.044000,0.064500,0.075000,0.057000,0.098000,0.087500,0.115500,0.176000,0.383500
0.072500,0.039500,0.044000,0.064500,0.075000,0.057000,0.098000,0.087500,0.115500,0.176000,0.383500
0.072500,0.039500,0.044000,0.064500,0.075000,0.057000,0.098000,0.087500,0.115500,0.176000,0.383500
0.072500,0.039500,0.044000,0.064500,0.075000,0.057000,0.098000,0.087500,0.115500,0.176000,0.383500
0.072500,0.039500,0.044000,0.064500,0.075000,0.057000,0.098000,0.087500,0.115500,0.176000,0.383500
0.072500,0.039500,0.044000,0.064500,0.075000,0.057000,0.098000,0.087500,0.115500,0.176000,0.383500
0.072500,0.039500,0.044000,0.064500,0.075000,0.057000,0.098000,0.087500,0.115500,0.176000,0.383500
0.072500,0.039500,0.044000,0.064500,0.075000,0.057000,0.098000,0.087500,0.115500,0.176000,0.383500
0.072500,0.039500,0.044000,0.064500,0.075000,0.057000,0.098000,0.087500,0.115500,0.176000,0.383500
0.072500,0.039500,0.044000,0.064500,0.075000,0.057000,0.098000,0.087500,0.115500,0.176000,0.383500
0.072500,0.039500,0.044000,0.064500,0.075000,0.057000,0.098000,0.087500,0.115500,0.176000,0.383500
0.072500,0.039500,0.044000,0.064500,0.075000,0.057000,0.098000,0.087500,0.115500,0.176000,0.383500
0.072500,0.039500,0.044000,0.064500,0.075000,0.057000,0.098000,0.087500,0.115500,0.176000,0.383500
0.072500,0.039500,0.044000,0.064500,0.075000,0.057000,0.098000,0.087500,0.115500,0.176000,0.383500
0.072500,0.039500,0.044000,0.064500,0.075000,0.057000,0.098000,0.087500,0.115500,0.176000,0.383500
0.072500,0.039500,0.044000,0.064500,0.075000,0.057000,0.098000,0.087500,0.115500,0.176000,0.383500
0.072500,0.039500,0.044000,0.064500,0.075000,0.057000,0.098000,0.087500,0.115500,0.176000,0.383500
0.072500,0.039500,0.044000,0.064500,0.075000,0.057000,0.098000,0.087500,0.115500,0.176000,0.383500
0.072500,0.039500,0.044000,0.064500,0.075000,0.057000,0.098000,0.087500,0.115500,0.176000,0.383500
0.072500,0.039500,0.044000,0.064500,0.075000,0.057000,0.098000,0.087500,0.115500,0.176000,0.383500
0.072500,0.039500,0.044000,0.064500,0.075000,0.057000,0.098000,0.087500,0.115500,0.176000,0.383500
0.072500,0.039500,0.044000,0.064500,0.075000,0.057000,0.098000,0.087500,0.115500,0.176000,0.383500
0.072500,0.039500,0.044000,0.064500,0.075000,0.057000,0.098000,0.087500,0.115500,0.176000,0.383500
0.072500,0.039500,0.044000,0.064500,0.075000,0.057000,0.098000,0.087500,0.115500,0.176000,0.383500
0.072500,0.039500,0.044000,0.064500,0.075000,0.057000,0.098000,0.087500,0.115500,0.176000,0.383500
0.072500,0.039500,0.044000,0.064500,0.075000,0.057000,0.098000,0.087500,0.115500,0.176000,0.383500
0.072500,0.039500,0.044000,0.064500,0.075000,0.057000,0.098000,0.087500,0.115500,0.176000,0.383500
0.072500,0.039500,0.044000,0.064500,0.075000,0.057000,0.098000,0.087500,0.115500,0.176000,0.383500
0.072500,0.039500,0.044000,0.064500,0.075000,0.057000,0.098000,0.087500,0.115500,0.176000,0.383500
0.072500,0.039500,0.044000,0.064500,0.075000,0.057000,0.098000,0.087500,0.115500,0.176000,0.383500
0.072500,0.039500,0.044000,0.064500,0.075000,0.057000,0.098000,0.087500,0.115500,0.176000,0.383500
0.072500,0.039500,0.044000,0.064500,0.075000,0.057000,0.098000,0.087500,0.115500,0.176000,0.383500
0.072500,0.039500,0.044000,0.064500,0.075000,0.057000,0.098000,0.087500,0.115500,0.176000,0.383500
0.072500,0.039500,0.044000,0.064500,0.075000,0.057000,0.098000,0.087500,0.115500,0.176000,0.383500
0.072500,0.039500,0.044000,0.064500,0.075000,0.057000,0.098000,0.087500,0.115500,0.176000,0.383500
0.072500,0.039500,0.044000,0.064500,0.075000,0.057000,0.098000,0.087500,0.115500,0.176000,0.383500
0.072500,0.039500,0.044000,0.064500,0.075000,0.057000,0.098000,0.087500,0.115500,0.176000,0.383500
0.072500,0.039500,0.044000,0.064500,0.075000,0.057000,0.098000,0.087500,0.115500,0.176000,0.383500
0.072500,0.039500,0.044000,0.064500,0.075000,0.057000,0.098000,0.087500,0.115500,0.176000,0.383500
0.072500,0.039500,0.044000,0.064500,0.075000,0.057000,0.098000,0.087500,0.115500,0.176000,0.383500
0.072500,0.039500,0.044000,0.064500,0.075000,0.057000,0.098000,0.087500,0.115500,0.176000,0.383500
0.072500,0.039500,0.044000,0.064500,0.075000,0.057000,0.098000,0.087500,0.115500,0.176000,0.383500
0.072500,0.039500,0.044000,0.064500,0.075000,0.057000,0.098000,0.087500,0.115500,0.176000,0.383500
0.072500,0.039500,0.044000,0.064500,0.075000,0.057000,0.098000,0.087500,0.115500,0.176000,0.383500
0.072500,0.039500,0.044000,0.064500,0.075000,0.057000,0.098000,0.087500,0.115500,0.176000,0.383500
0.072500,0.039500,0.044000,0.064500,0.075000,0.057000,0.098000,0.087500,0.115500,0.176000,0.383500
0.072500,0.039500,0.044000,0.064500,0.075000,0.057000,0.098000,0.087500,0.115500,0.176000,0.383500
0.072500,0.039500,0.044000,0.064500,0.075000,0.057000,0.098000,0.087500,0.115500,0.176000,0.383500
0.072500,0.039500,0.044000,0.064500,0.075000,0.057000,0.098000,0.087500,0.115500,0.176000,0.383500
0.072500,0.039500,0.044000,0.064500,0.075000,0.057000,0.098000,0.087500,0.115500,0.176000,0.383500
0.072500,0.039500,0.044000,0.064500,0.075000,0.057000,0.098000,0.087500,0.115500,0.176000,0.383500
0.072500,0.039500,0.044000,0.064500,0.075000,0.057000,0.098000,0.087500,0.115500,0.176000,0.383500
0.072500,0.039500,0.044000,0.064500,0.075000,0.057000,0.098000,0.087500,0.115500,0.176000,0.383500
0.072500,0.039500,0.044000,0.064500,0.075000,0.057000,0.098000,0.087500,0.115500,0.176000,0.383500
0.072500,0.039500,0.044000,0.064500,0.075000,0.057000,0.098000,0.087500,0.115500,0.176000,0.383500
0.072500,0.039500,0.044000,0.064500,0.075000,0.057000,0.098000,0.087500,0.115500,0.176000,0.383500
0.072500,0.039500,0.044000,0.064500,0.075000,0.057000,0.098000,0.087500,0.115500,0.176000,0.383500
0.072500,0.039500,0.044000,0.064500,0.075000,0.057000,0.098000,0.087500,0.115500,0.176000,0.383500
0.072500,0.039500,0.044000,0.064500,0.075000,0.057000,0.098000,0.087500,0.115500,0.176000,0.383500
0.072500,0.039500,0.044000,0.064500,0.075000,0.057000,0.098000,0.087500,0.115500,0.176000,0.383500
0.072500,0.039500,0.044000,0.064500,0.075000,0.057000,0.098000,0.087500,0.115500,0.176000,0.383500
0.072500,0.039500,0.044000,0.064500,0.075000,0.057000,0.098000,0.087500,0.115500,0.176000,0.383500
0.072500,0.039500,0.044000,0.064500,0.075000,0.057000,0.098000,0.087500,0.115500,0.176000,0.383500
0.072500,0.039500,0.044000,0.064500,0.075000,0.057000,0.098000,0.087500,0.115500,0.176000,0.383500
0.072500,0.039500,0.044000,0.064500,0.075000,0.057000,0.098000,0.087500,0.115500,0.176000,0.383500
0.072500,0.039500,0.044000,0.064500,0.075000,0.057000,0.098000,0.087500,0.115500,0.176000,0.383500
0.072500,0.039500,0.044000,0.064500,0.075000,0.057000,0.098000,0.087500,0.115500,0.176000,0.383500
0.072500,0.039500,0.044000,0.064500,0.075000,0.057000,0.098000,0.087500,0.115500,0.176000,0.383500
0.072500,0.039500,0.044000,0.064500,0.075000,0.057000,0.098000,0.087500,0.115500,0.176000,0.383500
0.072500,0.039500,0.044000,0.064500,0.075000,0.057000,0.098000,0.087500,0.115500,0.176000,0.383500
0.072500,0.039500,0.044000,0.064500,0.075000,0.057000,0.098000,0.087500,0.115500,0.176000,0.383500
0.072500,0.039500,0.044000,0.064500,0.075000,0.057000,0.098000,0.087500,0.115500,0.176000,0.383500
0.072500,0.039500,0.044000,0.064500,0.075000,0.057000,0.098000,0.087500,0.115500,0.176000,0.383500
0.072500,0.039500,0.044000,0.064500,0.075000,0.057000,0.098000,0.087500,0.115500,0.176000,0.383500
0.072500,0.039500,0.044000,0.064500,0.075000,0.057000,0.098000,0.087500,0.115500,0.176000,0.383500
0.072500,0.039500,0.044000,0.064500,0.075000,0.057000,0.098000,0.087500,0.115500,0.176000,0.383500
0.072500,0.039500,0.044000,0.064500,0.075000,0.057000,0.098000,0.087500,0.115500,0.176000,0.383500
0.072500,0.039500,0.044000,0.064500,0.075000,0.057000,0.098000,0.087500,0.115500,0.176000,0.383500
0.072500,0.039500,0.044000,0.064500,0.075000,0.057000,0.098000,0.087500,0.115500,0.176000,0.383500
0.072500,0.039500,0.044000,0.064500,0.075000,0.057000,0.098000,0.087500,0.115500,0.176000,0.383500
0.072500,0.039500,0.044000,0.064500,0.075000,0.057000,0.098000,0.087500,0.115500,0.176000,0.383500
0.072500,0.039500,0.044000,0.064500,0.075000,0.057000,0.098000,0.087500,0.115500,0.176000,0.383500
0.072500,0.039500,0.044000,0.064500,0.075000,0.057000,0.098000,0.087500,0.115500,0.176000,0.383500
0.072500,0.039500,0.044000,0.064500,0.075000,0.057000,0.098000,0.087500,0.115500,0.176000,0.383500
0.072500,0.039500,0.044000,0.064500,0.075000,0.057000,0.098000,0.087500,0.115500,0.176000,0.383500
0.072500,0.039500,0.044000,0.064500,0.075000,0.057000,0.098000,0.087500,0.115500,0.176000,0.383500
0.072500,0.039500,0.044000,0.064500,0.075000,0.057000,0.098000,0.087500,0.115500,0.176000,0.383500
0.072500,0.039500,0.044000,0.064500,0.075000,0.057000,0.098000,0.087500,0.115500,0.176000,0.383500
0.072500,0.039500,0.044000,0.064500,0.075000,0.057000,0.098000,0.087500,0.115500,0.176000,0.383500
0.072500,0.039500,0.044000,0.064500,0.075000,0.057000,0.098000,0.087500,0.115500,0.176000,0.383500
0.072500,0.039500,0.044000,0.064500,0.075000,0.057000,0.098000,0.087500,0.115500,0.176000,0.383500
0.072500,0.039500,0.044000,0.064500,0.075000,0.057000,0.098000,0.087500,0.115500,0.176000,0.383500
0.072500,0.039500,0.044000,0.064500,0.075000,0.057000,0.098000,0.087500,0.115500,0.176000,0.383500
0.072500,0.039500,0.044000,0.064500,0.075000,0.057000,0.098000,0.087500,0.115500,0.176000,0.383500
0.072500,0.039500,0.044000,0.064500,0.075000,0.057000,0.098000,0.087500,0.115500,0.176000,0.383500
0.072500,0.039500,0.044000,0.064500,0.075000,0.057000,0.098000,0.087500,0.115500,0.176000,0.383500
0.072500,0.039500,0.044000,0.064500,0.075000,0.057000,0.098000,0.087500,0.115500,0.176000,0.383500
0.072500,0.039500,0.044000,0.064500,0.075000,0.057000,0.098000,0.087500,0.115500,0.176000,0.383500
0.072500,0.039500,0.044000,0.064500,0.075000,0.057000,0.098000,0.087500,0.115500,0.176000,0.383500
0.072500,0.039500,0.044000,0.064500,0.075000,0.057000,0.098000,0.087500,0.115500,0.176000,0.383500
0.072500,0.039500,0.044000,0.064500,0.075000,0.057000,0.098000,0.087500,0.115500,0.176000,0.383500
0.072500,0.039500,0.044000,0.064500,0.075000,0.057000,0.098000,0.087500,0.115500,0.176000,0.383500
0.072500,0.039500,0.044000,0.064500,0.075000,0.057000,0.098000,0.087500,0.115500,0.176000,0.383500
0.072500,0.039500,0.044000,0.064500,0.075000,0.057000,0.098000,0.087500,0.115500,0.176000,0.383500
0.072500,0.039500,0.044000,0.064500,0.075000,0.057000,0.098000,0.087500,0.115500,0.176000,0.383500
0.072500,0.039500,0.044000,0.064500,0.075000,0.057000,0.098000,0.087500,0.115500,0.176000,0.383500
0.072500,0.039500,0.044000,0.064500,0.075000,0.057000,0.098000,0.087500,0.115500,0.176000,0.383500
0.072500,0.039500,0.044000,0.064500,0.075000,0.057000,0.098000,0.087500,0.115500,0.176000,0.383500
0.072500,0.039500,0.044000,0.064500,0.075000,0.057000,0.098000,0.087500,0.115500,0.176000,0.383500
0.072500,0.039500,0.044000,0.064500,0.075000,0.057000,0.098000,0.087500,0.115500,0.176000,0.383500
0.072500,0.039500,0.044000,0.064500,0.075000,0.057000,0.098000,0.087500,0.115500,0.176000,0.383500
0.072500,0.039500,0.044000,0.064500,0.075000,0.057000,0.098000,0.087500,0.115500,0.176000,0.383500
0.072500,0.039500,0.044000,0.064500,0.075000,0.057000,0.098000,0.087500,0.115500,0.176000,0.383500
0.072500,0.039500,0.044000,0.064500,0.075000,0.057000,0.098000,0.087500,0.115500,0.176000,0.383500
0.072500,0.039500,0.044000,0.064500,0.075000,0.057000,0.098000,0.087500,0.115500,0.176000,0.383500
0.072500,0.039500,0.044000,0.064500,0.075000,0.057000,0.098000,0.087500,0.115500,0.176000,0.383500
0.072500,0.039500,0.044000,0.064500,0.075000,0.057000,0.098000,0.087500,0.115500,0.176000,0.383500
0.072500,0.039500,0.044000,0.064500,0.075000,0.057000,0.098000,0.087500,0.115500,0.176000,0.383500
0.072500,0.039500,0.044000,0.064500,0.075000,0.057000,0.098000,0.087500,0.115500,0.176000,0.383500
0.072500,0.039500,0.044000,0.064500,0.075000,0.057000,0.098000,0.087500,0.115500,0.176000,0.383500
0.072500,0.039500,0.044000,0.064500,0.075000,0.057000,0.098000,0.087500,0.115500,0.176000,0.383500
0.072500,0.039500,0.044000,0.064500,0.075000,0.057000,0.098000,0.087500,0.115500,0.176000,0.383500
0.072500,0.039500,0.044000,0.064500,0.075000,0.057000,0.098000,0.087500,0.115500,0.176000,0.383500
0.072500,0.039500,0.044000,0.064500,0.075000,0.057000,0.098000,0.087500,0.115500,0.176000,0.383500
0.072500,0.039500,0.044000,0.064500,0.075000,0.057000,0.098000,0.087500,0.115500,0.176000,0.383500
0.072500,0.039500,0.044000,0.064500,0.075000,0.057000,0.098000,0.087500,0.115500,0.176000,0.383500
0.072500,0.039500,0.044000,0.064500,0.075000,0.057000,0.098000,0.087500,0.115500,0.176000,0.383500
0.072500,0.039500,0.044000,0.064500,0.075000,0.057000,0.098000,0.087500,0.115500,0.176000,0.383500
0.072500,0.039500,0.044000,0.064500,0.075000,0.057000,0.098000,0.087500,0.115500,0.176000,0.383500
0.072500,0.039500,0.044000,0.064500,0.075000,0.057000,0.098000,0.087500,0.115500,0.176000,0.383500
0.072500,0.039500,0.044000,0.064500,0.075000,0.057000,0.098000,0.087500,0.115500,0.176000,0.383500
0.072500,0.039500,0.044000,0.064500,0.075000,0.057000,0.098000,0.087500,0.115500,0.176000,0.383500
0.072500,0.039500,0.044000,0.064500,0.075000,0.057000,0.098000,0.087500,0.115500,0.176000,0.383500
0.072500,0.039500,0.044000,0.064500,0.075000,0.057000,0.098000,0.087500,0.115500,0.176000,0.383500
0.072500,0.039500,0.044000,0.064500,0.075000,0.057000,0.098000,0.087500,0.115500,0.176000,0.383500
0.072500,0.039500,0.044000,0.064500,0.075000,0.057000,0.098000,0.087500,0.115500,0.176000,0.383500
0.072500,0.039500,0.044000,0.064500,0.075000,0.057000,0.098000,0.087500,0.115500,0.176000,0.383500
0.072500,0.039500,0.044000,0.064500,0.075000,0.057000,0.098000,0.087500,0.115500,0.176000,0.383500
0.072500,0.039500,0.044000,0.064500,0.075000,0.057000,0.098000,0.087500,0.115500,0.176000,0.383500
0.072500,0.039500,0.044000,0.064500,0.075000,0.057000,0.098000,0.087500,0.115500,0.176000,0.383500
0.072500,0.039500,0.044000,0.064500,0.075000,0.057000,0.098000,0.087500,0.115500,0.176000,0.383500
0.072500,0.039500,0.044000,0.064500,0.075000,0.057000,0.098000,0.087500,0.115500,0.176000,0.383500
0.072500,0.039500,0.044000,0.064500,0.075000,0.057000,0.098000,0.087500,0.115500,0.176000,0.383500
0.072500,0.039500,0.044000,0.064500,0.075000,0.057000,0.098000,0.087500,0.115500,0.176000,0.383500
0.072500,0.039500,0.044000,0.064500,0.075000,0.057000,0.098000,0.087500,0.115500,0.176000,0.383500
0.072500,0.039500,0.044000,0.064500,0.075000,0.057000,0.098000,0.087500,0.115500,0.176000,0.383500
0.072500,0.039500,0.044000,0.064500,0.075000,0.057000,0.098000,0.087500,0.115500,0.176000,0.383500
0.072500,0.039500,0.044000,0.064500,0.075000,0.057000,0.098000,0.087500,0.115500,0.176000,0.383500
0.072500,0.039500,0.044000,0.064500,0.075000,0.057000,0.098000,0.087500,0.115500,0.176000,0.383500
0.072500,0.039500,0.044000,0.064500,0.075000,0.057000,0.098000,0.087500,0.115500,0.176000,0.383500
0.072500,0.039500,0.044000,0.064500,0.075000,0.057000,0.098000,0.087500,0.115500,0.176000,0.383500
0.072500,0.039500,0.044000,0.064500,0.075000,0.057000,0.098000,0.087500,0.115500,0.176000,0.383500
0.072500,0.039500,0.044000,0.064500,0.075000,0.057000,0.098000,0.087500,0.115500,0.176000,0.383500
0.072500,0.039500,0.044000,0.064500,0.075000,0.057000,0.098000,0.087500,0.115500,0.176000,0.383500
0.072500,0.039500,0.044000,0.064500,0.075000,0.057000,0.098000,0.087500,0.115500,0.176000,0.383500
0.072500,0.039500,0.044000,0.064500,0.075000,0.057000,0.098000,0.087500,0.115500,0.176000,0.383500
0.072500,0.039500,0.044000,0.064500,0.075000,0.057000,0.098000,0.087500,0.115500,0.176000,0.383500
0.072500,0.039500,0.044000,0.064500,0.075000,0.057000,0.098000,0.087500,0.115500,0.176000,0.383500
0.072500,0.039500,0.044000,0.064500,0.075000,0.057000,0.098000,0.087500,0.115500,0.176000,0.383500
0.072500,0.039500,0.044000,0.064500,0.075000,0.057000,0.098000,0.087500,0.115500,0.176000,0.383500
0.072500,0.039500,0.044000,0.064500,0.075000,0.057000,0.098000,0.087500,0.115500,0.176000,0.383500
0.072500,0.039500,0.044000,0.064500,0.075000,0.057000,0.098000,0.087500,0.115500,0.176000,0.383500
0.072500,0.039500,0.044000,0.064500,0.075000,0.057000,0.098000,0.087500,0.115500,0.176000,0.383500
0.072500,0.039500,0.044000,0.064500,0.075000,0.057000,0.098000,0.087500,0.115500,0.176000,0.383500
0.072500,0.039500,0.044000,0.064500,0.075000,0.057000,0.098000,0.087500,0.115500,0.176000,0.383500
0.072500,0.039500,0.044000,0.064500,0.075000,0.057000,0.098000,0.087500,0.115500,0.176000,0.383500
0.072500,0.039500,0.044000,0.064500,0.075000,0.057000,0.098000,0.087500,0.115500,0.176000,0.383500
0.072500,0.039500,0.044000,0.064500,0.075000,0.057000,0.098000,0.087500,0.115500,0.176000,0.383500
0.072500,0.039500,0.044000,0.064500,0.075000,0.057000,0.098000,0.087500,0.115500,0.176000,0.383500
0.072500,0.039500,0.044000,0.064500,0.075000,0.057000,0.098000,0.087500,0.115500,0.176000,0.383500
0.072500,0.039500,0.044000,0.064500,0.075000,0.057000,0.098000,0.087500,0.115500,0.176000,0.383500
0.072500,0.039500,0.044000,0.064500,0.075000,0.057000,0.098000,0.087500,0.115500,0.176000,0.383500
0.072500,0.039500,0.044000,0.064500,0.075000,0.057000,0.098000,0.087500,0.115500,0.176000,0.383500
0.072500,0.039500,0.044000,0.064500,0.075000,0.057000,0.098000,0.087500,0.115500,0.176000,0.383500
0.072500,0.039500,0.044000,0.064500,0.075000,0.057000,0.098000,0.087500,0.115500,0.176000,0.383500
0.072500,0.039500,0.044000,0.064500,0.075000,0.057000,0.098000,0.087500,0.115500,0.176000,0.383500
0.072500,0.039500,0.044000,0.064500,0.075000,0.057000,0.098000,0.087500,0.115500,0.176000,0.383500
0.072500,0.039500,0.044000,0.064500,0.075000,0.057000,0.098000,0.087500,0.115500,0.176000,0.383500
0.072500,0.039500,0.044000,0.064500,0.075000,0.057000,0.098000,0.087500,0.115500,0.176000,0.383500
0.072500,0.039500,0.044000,0.064500,0.075000,0.057000,0.098000,0.087500,0.115500,0.176000,0.383500
0.072500,0.039500,0.044000,0.064500,0.075000,0.057000,0.098000,0.087500,0.115500,0.176000,0.383500
0.072500,0.039500,0.044000,0.064500,0.075000,0.057000,0.098000,0.087500,0.115500,0.176000,0.383500
0.072500,0.039500,0.044000,0.064500,0.075000,0.057000,0.098000,0.087500,0.115500,0.176000,0.383500
0.072500,0.039500,0.044000,0.064500,0.075000,0.057000,0.098000,0.087500,0.115500,0.176000,0.383500
0.072500,0.039500,0.044000,0.064500,0.075000,0.057000,0.098000,0.087500,0.115500,0.176000,0.383500
0.072500,0.039500,0.044000,0.064500,0.075000,0.057000,0.098000,0.087500,0.115500,0.176000,0.383500
0.072500,0.039500,0.044000,0.064500,0.075000,0.057000,0.098000,0.087500,0.115500,0.176000,0.383500
0.072500,0.039500,0.044000,0.064500,0.075000,0.057000,0.098000,0.087500,0.115500,0.176000,0.383500
0.072500,0.039500,0.044000,0.064500,0.075000,0.057000,0.098000,0.087500,0.115500,0.176000,0.383500
0.072500,0.039500,0.044000,0.064500,0.075000,0.057000,0.098000,0.087500,0.115500,0.176000,0.383500
0.072500,0.039500,0.044000,0.064500,0.075000,0.057000,0.098000,0.087500,0.115500,0.176000,0.383500
0.072500,0.039500,0.044000,0.064500,0.075000,0.057000,0.098000,0.087500,0.115500,0.176000,0.383500
0.072500,0.039500,0.044000,0.064500,0.075000,0.057000,0.098000,0.087500,0.115500,0.176000,0.383500
0.072500,0.039500,0.044000,0.064500,0.075000,0.057000,0.098000,0.087500,0.115500,0.176000,0.383500
0.072500,0.039500,0.044000,0.064500,0.075000,0.057000,0.098000,0.087500,0.115500,0.176000,0.383500
0.072500,0.039500,0.044000,0.064500,0.075000,0.057000,0.098000,0.087500,0.115500,0.176000,0.383500
0.072500,0.039500,0.044000,0.064500,0.075000,0.057000,0.098000,0.087500,0.115500,0.176000,0.383500
0.072500,0.039500,0.044000,0.064500,0.075000,0.057000,0.098000,0.087500,0.115500,0.176000,0.383500
0.072500,0.039500,0.044000,0.064500,0.075000,0.057000,0.098000,0.087500,0.115500,0.176000,0.383500
0.072500,0.039500,0.044000,0.064500,0.075000,0.057000,0.098000,0.087500,0.115500,0.176000,0.383500
0.072500,0.039500,0.044000,0.064500,0.075000,0.057000,0.098000,0.087500,0.115500,0.176000,0.383500
0.072500,0.039500,0.044000,0.064500,0.075000,0.057000,0.098000,0.087500,0.115500,0.176000,0.383500
0.072500,0.039500,0.044000,0.064500,0.075000,0.057000,0.098000,0.087500,0.115500,0.176000,0.383500
0.072500,0.039500,0.044000,0.064500,0.075000,0.057000,0.098000,0.087500,0.115500,0.176000,0.383500
0.072500,0.039500,0.044000,0.064500,0.075000,0.057000,0.098000,0.087500,0.115500,0.176000,0.383500
0.072500,0.039500,0.044000,0.064500,0.075000,0.057000,0.098000,0.087500,0.115500,0.176000,0.383500
0.072500,0.039500,0.044000,0.064500,0.075000,0.057000,0.098000,0.087500,0.115500,0.176000,0.383500
0.072500,0.039500,0.044000,0.064500,0.075000,0.057000,0.098000,0.087500,0.115500,0.176000,0.383500
0.072500,0.039500,0.044000,0.064500,0.075000,0.057000,0.098000,0.087500,0.115500,0.176000,0.383500
0.072500,0.039500,0.044000,0.064500,0.075000,0.057000,0.098000,0.087500,0.115500,0.176000,0.383500
0.072500,0.039500,0.044000,0.064500,0.075000,0.057000,0.098000,0.087500,0.115500,0.176000,0.383500
0.072500,0.039500,0.044000,0.064500,0.075000,0.057000,0.098000,0.087500,0.115500,0.176000,0.383500
0.072500,0.039500,0.044000,0.064500,0.075000,0.057000,0.098000,0.087500,0.115500,0.176000,0.383500
0.072500,0.039500,0.044000,0.064500,0.075000,0.057000,0.098000,0.087500,0.115500,0.176000,0.383500
0.072500,0.039500,0.044000,0.064500,0.075000,0.057000,0.098000,0.087500,0.115500,0.176000,0.383500
0.072500,0.039500,0.044000,0.064500,0.075000,0.057000,0.098000,0.087500,0.115500,0.176000,0.383500
0.072500,0.039500,0.044000,0.064500,0.075000,0.057000,0.098000,0.087500,0.115500,0.176000,0.383500
0.072500,0.039500,0.044000,0.064500,0.075000,0.057000,0.098000,0.087500,0.115500,0.176000,0.383500
0.072500,0.039500,0.044000,0.064500,0.075000,0.057000,0.098000,0.087500,0.115500,0.176000,0.383500
0.072500,0.039500,0.044000,0.064500,0.075000,0.057000,0.098000,0.087500,0.115500,0.176000,0.383500
0.072500,0.039500,0.044000,0.064500,0.075000,0.057000,0.098000,0.087500,0.115500,0.176000,0.383500
0.072500,0.039500,0.044000,0.064500,0.075000,0.057000,0.098000,0.087500,0.115500,0.176000,0.383500
0.072500,0.039500,0.044000,0.064500,0.075000,0.057000,0.098000,0.087500,0.115500,0.176000,0.383500
0.072500,0.039500,0.044000,0.064500,0.075000,0.057000,0.098000,0.087500,0.115500,0.176000,0.383500
0.072500,0.039500,0.044000,0.064500,0.075000,0.057000,0.098000,0.087500,0.115500,0.176000,0.383500
0.072500,0.039500,0.044000,0.064500,0.075000,0.057000,0.098000,0.087500,0.115500,0.176000,0.383500
0.072500,0.039500,0.044000,0.064500,0.075000,0.057000,0.098000,0.087500,0.115500,0.176000,0.383500
0.072500,0.039500,0.044000,0.064500,0.075000,0.057000,0.098000,0.087500,0.115500,0.176000,0.383500
0.072500,0.039500,0.044000,0.064500,0.075000,0.057000,0.098000,0.087500,0.115500,0.176000,0.383500
0.072500,0.039500,0.044000,0.064500,0.075000,0.057000,0.098000,0.087500,0.115500,0.176000,0.383500
0.072500,0.039500,0.044000,0.064500,0.075000,0.057000,0.098000,0.087500,0.115500,0.176000,0.383500
0.072500,0.039500,0.044000,0.064500,0.075000,0.057000,0.098000,0.087500,0.115500,0.176000,0.383500
0.072500,0.039500,0.044000,0.064500,0.075000,0.057000,0.098000,0.087500,0.115500,0.176000,0.383500
0.072500,0.039500,0.044000,0.064500,0.075000,0.057000,0.098000,0.087500,0.115500,0.176000,0.383500
0.072500,0.039500,0.044000,0.064500,0.075000,0.057000,0.098000,0.087500,0.115500,0.176000,0.383500
0.072500,0.039500,0.044000,0.064500,0.075000,0.057000,0.098000,0.087500,0.115500,0.176000,0.383500
0.072500,0.039500,0.044000,0.064500,0.075000,0.057000,0.098000,0.087500,0.115500,0.176000,0.383500
0.072500,0.039500,0.044000,0.064500,0.075000,0.057000,0.098000,0.087500,0.115500,0.176000,0.383500
0.072500,0.039500,0.044000,0.064500,0.075000,0.057000,0.098000,0.087500,0.115500,0.176000,0.383500
0.072500,0.039500,0.044000,0.064500,0.075000,0.057000,0.098000,0.087500,0.115500,0.176000,0.383500
0.072500,0.039500,0.044000,0.064500,0.075000,0.057000,0.098000,0.087500,0.115500,0.176000,0.383500
0.072500,0.039500,0.044000,0.064500,0.075000,0.057000,0.098000,0.087500,0.115500,0.176000,0.383500
0.072500,0.039500,0.044000,0.064500,0.075000,0.057000,0.098000,0.087500,0.115500,0.176000,0.383500
0.072500,0.039500,0.044000,0.064500,0.075000,0.057000,0.098000,0.087500,0.115500,0.176000,0.383500
0.072500,0.039500,0.044000,0.064500,0.075000,0.057000,0.098000,0.087500,0.115500,0.176000,0.383500
0.072500,0.039500,0.044000,0.064500,0.075000,0.057000,0.098000,0.087500,0.115500,0.176000,0.383500
0.072500,0.039500,0.044000,0.064500,0.075000,0.057000,0.098000,0.087500,0.115500,0.176000,0.383500
0.072500,0.039500,0.044000,0.064500,0.075000,0.057000,0.098000,0.087500,0.115500,0.176000,0.383500
0.072500,0.039500,0.044000,0.064500,0.075000,0.057000,0.098000,0.087500,0.115500,0.176000,0.383500
0.072500,0.039500,0.044000,0.064500,0.075000,0.057000,0.098000,0.087500,0.115500,0.176000,0.383500
0.072500,0.039500,0.044000,0.064500,0.075000,0.057000,0.098000,0.087500,0.115500,0.176000,0.383500
0.072500,0.039500,0.044000,0.064500,0.075000,0.057000,0.098000,0.087500,0.115500,0.176000,0.383500
0.072500,0.039500,0.044000,0.064500,0.075000,0.057000,0.098000,0.087500,0.115500,0.176000,0.383500
0.072500,0.039500,0.044000,0.064500,0.075000,0.057000,0.098000,0.087500,0.115500,0.176000,0.383500
0.072500,0.039500,0.044000,0.064500,0.075000,0.057000,0.098000,0.087500,0.115500,0.176000,0.383500
0.072500,0.039500,0.044000,0.064500,0.075000,0.057000,0.098000,0.087500,0.115500,0.176000,0.383500
0.072500,0.039500,0.044000,0.064500,0.075000,0.057000,0.098000,0.087500,0.115500,0.176000,0.383500
0.072500,0.039500,0.044000,0.064500,0.075000,0.057000,0.098000,0.087500,0.115500,0.176000,0.383500
0.072500,0.039500,0.044000,0.064500,0.075000,0.057000,0.098000,0.087500,0.115500,0.176000,0.383500
0.072500,0.039500,0.044000,0.064500,0.075000,0.057000,0.098000,0.087500,0.115500,0.176000,0.383500
0.072500,0.039500,0.044000,0.064500,0.075000,0.057000,0.098000,0.087500,0.115500,0.176000,0.383500
0.072500,0.039500,0.044000,0.064500,0.075000,0.057000,0.098000,0.087500,0.115500,0.176000,0.383500
0.072500,0.039500,0.044000,0.064500,0.075000,0.057000,0.098000,0.087500,0.115500,0.176000,0.383500
0.072500,0.039500,0.044000,0.064500,0.075000,0.057000,0.098000,0.087500,0.115500,0.176000,0.383500
0.072500,0.039500,0.044000,0.064500,0.075000,0.057000,0.098000,0.087500,0.115500,0.176000,0.383500
0.072500,0.039500,0.044000,0.064500,0.075000,0.057000,0.098000,0.087500,0.115500,0.176000,0.383500
0.072500,0.039500,0.044000,0.064500,0.075000,0.057000,0.098000,0.087500,0.115500,0.176000,0.383500
0.072500,0.039500,0.044000,0.064500,0.075000,0.057000,0.098000,0.087500,0.115500,0.176000,0.383500
0.072500,0.039500,0.044000,0.064500,0.075000,0.057000,0.098000,0.087500,0.115500,0.176000,0.383500
0.072500,0.039500,0.044000,0.064500,0.075000,0.057000,0.098000,0.087500,0.115500,0.176000,0.383500
0.072500,0.039500,0.044000,0.064500,0.075000,0.057000,0.098000,0.087500,0.115500,0.176000,0.383500
0.072500,0.039500,0.044000,0.064500,0.075000,0.057000,0.098000,0.087500,0.115500,0.176000,0.383500
0.072500,0.039500,0.044000,0.064500,0.075000,0.057000,0.098000,0.087500,0.115500,0.176000,0.383500
0.072500,0.039500,0.044000,0.064500,0.075000,0.057000,0.098000,0.087500,0.115500,0.176000,0.383500
0.072500,0.039500,0.044000,0.064500,0.075000,0.057000,0.098000,0.087500,0.115500,0.176000,0.383500
0.072500,0.039500,0.044000,0.064500,0.075000,0.057000,0.098000,0.087500,0.115500,0.176000,0.383500
0.072500,0.039500,0.044000,0.064500,0.075000,0.057000,0.098000,0.087500,0.115500,0.176000,0.383500
0.072500,0.039500,0.044000,0.064500,0.075000,0.057000,0.098000,0.087500,0.115500,0.176000,0.383500
0.072500,0.039500,0.044000,0.064500,0.075000,0.057000,0.098000,0.087500,0.115500,0.176000,0.383500
0.072500,0.039500,0.044000,0.064500,0.075000,0.057000,0.098000,0.087500,0.115500,0.176000,0.383500
0.072500,0.039500,0.044000,0.064500,0.075000,0.057000,0.098000,0.087500,0.115500,0.176000,0.383500
0.072500,0.039500,0.044000,0.064500,0.075000,0.057000,0.098000,0.087500,0.115500,0.176000,0.383500
0.072500,0.039500,0.044000,0.064500,0.075000,0.057000,0.098000,0.087500,0.115500,0.176000,0.383500
0.072500,0.039500,0.044000,0.064500,0.075000,0.057000,0.098000,0.087500,0.115500,0.176000,0.383500
0.072500,0.039500,0.044000,0.064500,0.075000,0.057000,0.098000,0.087500,0.115500,0.176000,0.383500
0.072500,0.039500,0.044000,0.064500,0.075000,0.057000,0.098000,0.087500,0.115500,0.176000,0.383500
0.072500,0.039500,0.044000,0.064500,0.075000,0.057000,0.098000,0.666440,0.115500,0.176000,0.383500
0.072500,0.039500,0.883314,0.064500,0.075000,0.057000,0.098000,1.245380,0.115500,0.176000,0.383500
0.072500,0.039500,1.722628,0.064500,0.075000,0.427915,0.098000,1.824320,0.115500,0.176000,0.383500
0.072500,0.039500,2.561941,0.064500,0.075000,0.798831,0.098000,1.245380,0.115500,0.176000,0.383500
0.072500,0.039500,1.722628,0.064500,0.075000,1.169746,0.098000,0.666440,0.115500,0.176000,0.383500
0.072500,0.039500,0.883314,0.064500,0.075000,0.798831,0.098000,0.087500,0.115500,0.176000,0.383500
0.072500,0.039500,0.044000,0.064500,0.075000,0.427915,0.098000,0.087500,0.115500,0.176000,0.383500
0.072500,0.039500,0.044000,0.064500,0.075000,0.057000,0.098000,0.087500,0.115500,0.176000,0.383500
0.072500,0.039500,0.044000,0.064500,0.075000,0.057000,0.098000,0.087500,0.115500,0.176000,0.383500
0.072500,0.039500,0.044000,0.064500,0.075000,0.057000,0.098000,0.087500,0.115500,0.176000,0.383500
0.072500,0.039500,0.044000,0.064500,0.075000,0.057000,0.098000,0.087500,0.115500,0.176000,0.383500
0.072500,0.039500,0.044000,0.064500,0.075000,0.057000,0.098000,0.087500,0.115500,0.176000,0.383500
0.072500,0.039500,0.044000,0.064500,0.075000,0.057000,0.098000,0.087500,0.115500,0.176000,0.383500
0.072500,0.039500,0.044000,0.064500,0.075000,0.057000,0.098000,0.087500,0.115500,0.176000,0.383500
0.072500,0.039500,0.044000,0.064500,0.075000,0.057000,0.098000,0.087500,0.115500,0.176000,0.383500
0.072500,0.039500,0.044000,0.573952,0.075000,0.057000,0.098000,0.087500,0.115500,0.176000,0.383500
0.072500,0.039500,0.044000,1.083404,0.075000,0.057000,0.098000,0.087500,0.115500,0.176000,0.383500
0.072500,0.039500,0.044000,1.592856,0.075000,0.057000,0.098000,0.087500,0.115500,0.809742,0.383500
0.072500,0.039500,0.044000,1.083404,0.075000,0.057000,0.098000,0.087500,0.115500,1.443485,0.383500
0.072500,0.039500,0.044000,0.573952,0.075000,0.057000,0.098000,0.087500,0.115500,2.077227,0.383500
0.072500,0.039500,0.044000,0.064500,0.075000,0.057000,0.098000,0.087500,0.115500,1.443485,0.383500
0.072500,0.039500,0.044000,0.064500,0.075000,0.057000,0.098000,0.087500,0.115500,0.809742,0.383500
0.072500,0.039500,0.044000,0.064500,0.075000,0.057000,0.098000,0.087500,0.115500,0.176000,0.383500
0.072500,0.039500,0.044000,0.064500,0.075000,0.057000,0.098000,0.087500,0.678731,0.176000,0.383500
0.072500,0.039500,0.044000,0.064500,0.075000,0.057000,0.098000,0.087500,1.241961,0.176000,0.383500
0.072500,0.039500,0.044000,0.064500,0.075000,0.057000,0.098000,0.087500,1.805192,0.176000,0.383500
0.072500,0.039500,0.044000,0.064500,0.075000,0.057000,0.098000,0.087500,1.241961,0.176000,0.383500
0.072500,0.039500,0.044000,0.064500,0.075000,0.057000,0.098000,0.087500,0.678731,0.176000,0.383500
0.072500,0.039500,0.044000,0.064500,0.075000,0.057000,0.098000,0.087500,0.115500,0.176000,0.383500
0.072500,0.039500,0.044000,0.064500,0.075000,0.057000,0.098000,0.087500,0.115500,0.176000,0.383500
0.072500,0.039500,0.044000,0.064500,0.075000,0.057000,0.098000,0.087500,0.115500,0.176000,0.383500
0.072500,0.039500,0.044000,0.064500,0.075000,0.057000,0.098000,0.087500,0.115500,0.176000,0.383500
0.072500,0.039500,0.044000,0.064500,0.075000,0.057000,0.098000,0.087500,0.115500,0.176000,0.383500
0.072500,0.039500,0.044000,0.064500,0.075000,0.057000,0.098000,0.087500,0.115500,0.176000,0.383500
0.072500,0.039500,0.044000,0.064500,0.075000,0.057000,0.098000,0.087500,0.115500,0.176000,0.383500
0.072500,0.039500,0.044000,0.064500,0.075000,0.057000,0.098000,0.087500,0.115500,0.176000,0.383500
0.072500,0.039500,0.044000,0.064500,0.075000,0.057000,0.098000,0.087500,0.115500,0.176000,0.383500
0.072500,0.039500,0.044000,0.064500,0.075000,0.057000,0.098000,0.087500,0.115500,0.176000,0.383500
0.072500,0.039500,0.044000,0.064500,0.075000,0.057000,0.098000,0.087500,0.115500,0.176000,0.383500
0.072500,0.039500,0.044000,0.064500,0.075000,0.057000,0.098000,0.087500,0.115500,0.176000,0.383500
0.072500,0.039500,0.044000,0.064500,0.075000,0.057000,0.098000,0.087500,0.115500,0.176000,0.383500
0.362587,0.039500,0.044000,0.064500,0.075000,0.057000,0.131975,0.087500,0.115500,0.176000,0.383500
0.652673,0.039500,0.044000,0.064500,0.075000,0.057000,0.165949,0.087500,0.115500,0.176000,0.383500
0.942760,0.039500,0.044000,0.064500,0.075000,0.057000,0.199924,0.087500,0.115500,0.176000,0.383500
0.652673,0.039500,0.044000,0.064500,0.075000,0.057000,0.165949,0.087500,0.115500,0.176000,0.383500
0.362587,0.039500,0.044000,0.064500,0.075000,0.057000,0.131975,0.087500,0.115500,0.176000,0.383500
0.072500,0.039500,0.044000,0.064500,0.075000,0.057000,0.098000,0.087500,0.115500,0.176000,0.383500
0.072500,0.039500,0.044000,0.064500,0.075000,0.057000,0.098000,0.087500,0.115500,0.176000,0.383500
0.072500,0.039500,0.044000,0.064500,0.075000,0.057000,0.098000,0.087500,0.115500,0.176000,0.383500
0.072500,0.039500,0.044000,0.064500,0.075000,0.057000,0.098000,0.087500,0.115500,0.176000,0.948202
0.072500,0.039500,0.044000,0.064500,0.075000,0.057000,0.098000,0.087500,0.115500,0.176000,1.512904
0.072500,0.039500,0.044000,0.064500,0.075000,0.057000,0.098000,0.087500,0.115500,0.176000,2.077606
0.072500,0.039500,0.044000,0.064500,1.784918,0.057000,0.098000,0.087500,0.115500,0.176000,2.642307
0.072500,0.039500,0.044000,0.064500,3.494836,0.057000,0.098000,0.087500,0.115500,0.176000,2.077606
0.072500,0.039500,0.044000,0.064500,5.204753,0.057000,0.098000,0.087500,0.115500,0.176000,1.512904
0.072500,0.039500,0.044000,0.064500,3.494836,0.057000,0.098000,0.087500,0.115500,0.176000,0.948202
0.072500,0.039500,0.044000,0.064500,1.784918,0.057000,0.098000,0.087500,0.115500,0.176000,0.383500
0.072500,0.039500,0.044000,0.064500,0.075000,0.057000,0.098000,0.087500,0.115500,0.176000,0.383500
0.072500,0.039500,0.044000,0.064500,0.075000,0.057000,0.098000,0.087500,0.115500,0.176000,0.383500
0.072500,0.230178,0.044000,0.064500,0.075000,0.057000,0.098000,0.087500,0.115500,0.176000,0.383500
0.072500,0.420855,0.044000,0.064500,0.075000,0.057000,0.098000,0.087500,0.115500,0.176000,0.383500
0.072500,0.611533,0.044000,0.064500,0.075000,0.057000,0.098000,0.087500,0.115500,0.176000,0.383500
0.072500,0.420855,0.044000,0.064500,0.075000,0.057000,0.098000,0.087500,0.115500,0.176000,0.383500
0.072500,0.230178,0.044000,0.064500,0.075000,0.057000,0.098000,0.087500,0.115500,0.176000,0.383500
0.072500,0.039500,0.044000,0.064500,0.075000,0.057000,0.098000,0.087500,0.115500,0.176000,0.383500
0.072500,0.039500,0.044000,0.064500,0.075000,0.057000,0.098000,0.087500,0.115500,0.176000,0.383500
0.072500,0.039500,0.044000,0.064500,0.075000,0.057000,0.098000,0.087500,0.115500,0.176000,0.383500
0.072500,0.039500,0.044000,0.064500,0.075000,0.057000,0.098000,0.087500,0.115500,0.176000,0.383500
0.072500,0.039500,0.044000,0.064500,0.075000,0.057000,0.098000,0.087500,0.115500,0.176000,0.383500
0.072500,0.039500,0.044000,0.064500,0.075000,0.057000,0.098000,0.087500,0.115500,0.176000,0.383500
0.072500,0.039500,0.044000,0.064500,0.075000,0.057000,0.098000,0.087500,0.115500,0.176000,0.383500
0.072500,0.039500,0.044000,0.064500,0.075000,0.057000,0.098000,0.087500,0.115500,0.176000,0.383500
0.072500,0.039500,0.044000,0.064500,0.075000,0.057000,0.098000,0.087500,0.115500,0.176000,0.383500
0.072500,0.039500,0.044000,0.064500,0.075000,0.057000,0.098000,0.087500,0.115500,0.176000,0.383500
0.072500,0.039500,0.044000,0.064500,0.075000,0.057000,0.098000,0.087500,0.115500,0.176000,0.383500
0.072500,0.039500,0.044000,0.064500,0.075000,0.057000,0.098000,0.087500,0.115500,0.176000,0.383500
0.072500,0.039500,0.044000,0.064500,0.075000,0.057000,0.098000,0.087500,0.115500,0.176000,0.383500
0.072500,0.039500,0.044000,0.064500,0.075000,0.057000,0.098000,0.087500,0.115500,0.176000,0.383500
0.072500,0.039500,0.044000,0.064500,0.075000,0.057000,0.098000,0.087500,0.115500,0.176000,0.383500
0.072500,0.039500,0.044000,0.064500,0.075000,0.057000,0.098000,0.087500,0.115500,0.176000,0.383500
0.072500,0.039500,0.044000,0.064500,0.075000,0.057000,0.098000,0.087500,0.115500,0.176000,0.383500
0.072500,0.039500,0.044000,0.064500,0.075000,0.057000,0.098000,0.087500,0.115500,0.176000,0.383500
0.072500,0.039500,0.044000,0.064500,0.075000,0.057000,0.098000,0.087500,0.115500,0.176000,0.383500
0.072500,0.039500,0.044000,0.064500,0.075000,0.057000,0.098000,0.087500,0.115500,0.176000,0.383500
0.072500,0.039500,0.044000,0.064500,0.075000,0.057000,0.098000,0.087500,0.115500,0.176000,0.383500
0.072500,0.039500,0.044000,0.064500,0.075000,0.057000,0.098000,0.087500,0.115500,0.176000,0.383500
0.072500,0.039500,0.044000,0.064500,0.075000,0.057000,0.098000,0.087500,0.115500,0.176000,0.383500
0.072500,0.039500,0.044000,0.064500,0.075000,0.057000,0.098000,0.087500,0.115500,0.176000,0.383500
0.072500,0.039500,0.044000,0.064500,0.075000,0.057000,0.098000,0.087500,0.115500,0.176000,0.383500
0.072500,0.039500,0.044000,0.064500,0.075000,0.057000,0.098000,0.087500,0.115500,0.176000,0.383500
0.072500,0.039500,0.044000,0.064500,0.075000,0.057000,0.098000,0.087500,0.115500,0.176000,0.383500
0.072500,0.039500,0.044000,0.064500,0.075000,0.057000,0.098000,0.087500,0.115500,0.176000,0.383500
0.072500,0.039500,0.044000,0.064500,0.075000,0.057000,0.098000,0.087500,0.115500,0.176000,0.383500
0.072500,0.039500,0.044000,0.064500,0.075000,0.057000,0.098000,0.087500,0.115500,0.176000,0.383500
0.072500,0.039500,0.044000,0.064500,0.075000,0.057000,0.098000,0.087500,0.115500,0.176000,0.383500
0.072500,0.039500,0.044000,0.064500,0.075000,0.057000,0.098000,0.087500,0.115500,0.176000,0.383500
0.072500,0.039500,0.044000,0.064500,0.075000,0.057000,0.098000,0.087500,0.115500,0.176000,0.383500
0.072500,0.039500,0.044000,0.064500,0.075000,0.057000,0.098000,0.087500,0.115500,0.176000,0.383500
0.072500,0.039500,0.044000,0.064500,0.075000,0.057000,0.098000,0.087500,0.115500,0.176000,0.383500
0.072500,0.039500,0.044000,0.064500,0.075000,0.057000,0.098000,0.087500,0.115500,0.176000,0.383500
0.072500,0.039500,0.044000,0.064500,0.075000,0.057000,0.098000,0.087500,0.115500,0.176000,0.383500
0.072500,0.039500,0.044000,0.064500,0.075000,0.057000,0.098000,0.087500,0.115500,0.176000,0.383500
0.072500,0.039500,0.044000,0.064500,0.075000,0.057000,0.098000,0.087500,0.115500,0.176000,0.383500
0.072500,0.039500,0.044000,0.064500,0.075000,0.057000,0.098000,0.087500,0.115500,0.176000,0.383500
0.072500,0.039500,0.044000,0.064500,0.075000,0.057000,0.098000,0.087500,0.115500,0.176000,0.383500
0.072500,0.039500,0.044000,0.064500,0.075000,0.057000,0.098000,0.087500,0.115500,0.176000,0.383500
0.072500,0.039500,0.044000,0.064500,0.075000,0.057000,0.098000,0.087500,0.115500,0.176000,0.383500
0.072500,0.039500,0.044000,0.064500,0.075000,0.057000,0.098000,0.087500,0.115500,0.176000,0.383500
0.072500,0.039500,0.044000,0.064500,0.075000,0.057000,0.098000,0.087500,0.115500,0.176000,0.383500
0.072500,0.039500,0.044000,0.064500,0.075000,0.057000,0.098000,0.087500,0.115500,0.176000,0.383500
0.072500,0.039500,0.044000,0.064500,0.075000,0.057000,0.098000,0.087500,0.115500,0.176000,0.383500
0.072500,0.039500,0.044000,0.064500,0.075000,0.057000,0.098000,0.087500,0.115500,0.176000,0.383500
0.072500,0.039500,0.044000,0.064500,0.075000,0.057000,0.098000,0.087500,0.115500,0.176000,0.383500
0.072500,0.039500,0.044000,0.064500,0.075000,0.057000,0.098000,0.087500,0.115500,0.176000,0.383500
0.072500,0.039500,0.044000,0.064500,0.075000,0.057000,0.098000,0.087500,0.115500,0.176000,0.383500
0.072500,0.039500,0.044000,0.064500,0.075000,0.057000,0.098000,0.087500,0.115500,0.176000,0.383500
0.072500,0.039500,0.044000,0.064500,0.075000,0.057000,0.098000,0.087500,0.115500,0.176000,0.383500
0.072500,0.039500,0.044000,0.064500,0.075000,0.057000,0.098000,0.087500,0.115500,0.176000,0.383500
0.072500,0.039500,0.044000,0.064500,0.075000,0.057000,0.098000,0.087500,0.115500,0.176000,0.383500
0.072500,0.039500,0.044000,0.064500,0.075000,0.057000,0.098000,0.087500,0.115500,0.176000,0.383500
0.072500,0.039500,0.044000,0.064500,0.075000,0.057000,0.098000,0.087500,0.115500,0.176000,0.383500
0.072500,0.039500,0.044000,0.064500,0.075000,0.057000,0.098000,0.087500,0.115500,0.176000,0.383500
0.072500,0.039500,0.044000,0.064500,0.075000,0.057000,0.098000,0.087500,0.115500,0.176000,0.383500
0.072500,0.039500,0.044000,0.064500,0.075000,0.057000,0.098000,0.087500,0.115500,0.176000,0.383500
0.072500,0.039500,0.044000,0.064500,0.075000,0.057000,0.098000,0.087500,0.115500,0.176000,0.383500
0.072500,0.039500,0.044000,0.064500,0.075000,0.057000,0.098000,0.087500,0.115500,0.176000,0.383500
0.072500,0.039500,0.044000,0.064500,0.075000,0.057000,0.098000,0.087500,0.115500,0.176000,0.383500
0.072500,0.039500,0.044000,0.064500,0.075000,0.057000,0.098000,0.087500,0.115500,0.176000,0.383500
0.072500,0.039500,0.044000,0.064500,0.075000,0.057000,0.098000,0.087500,0.115500,0.176000,0.383500
0.072500,0.039500,0.044000,0.064500,0.075000,0.057000,0.098000,0.087500,0.115500,0.176000,0.383500
0.072500,0.039500,0.044000,0.064500,0.075000,0.057000,0.098000,0.087500,0.115500,0.176000,0.383500
0.072500,0.039500,0.044000,0.064500,0.075000,0.057000,0.098000,0.087500,0.115500,0.176000,0.383500
0.072500,0.039500,0.044000,0.064500,0.075000,0.057000,0.098000,0.087500,0.115500,0.176000,0.383500
0.072500,0.039500,0.044000,0.064500,0.075000,0.057000,0.098000,0.087500,0.115500,0.176000,0.383500
0.072500,0.039500,0.044000,0.064500,0.075000,0.057000,0.098000,0.087500,0.115500,0.176000,0.383500
0.072500,0.039500,0.044000,0.064500,0.075000,0.057000,0.098000,0.087500,0.115500,0.176000,0.383500
0.072500,0.039500,0.044000,0.064500,0.075000,0.057000,0.098000,0.087500,0.115500,0.176000,0.383500
0.072500,0.039500,0.044000,0.064500,0.075000,0.057000,0.098000,0.087500,0.115500,0.176000,0.383500
0.072500,0.039500,0.044000,0.064500,0.075000,0.057000,0.098000,0.087500,0.115500,0.176000,0.383500
0.072500,0.039500,0.044000,0.064500,0.075000,0.057000,0.098000,0.087500,0.115500,0.176000,0.383500
0.072500,0.039500,0.044000,0.064500,0.075000,0.057000,0.098000,0.087500,0.115500,0.176000,0.383500
0.072500,0.039500,0.044000,0.064500,0.075000,0.057000,0.098000,0.087500,0.115500,0.176000,0.383500
0.072500,0.039500,0.044000,0.064500,0.075000,0.057000,0.098000,0.087500,0.115500,0.176000,0.383500
0.072500,0.039500,0.044000,0.064500,0.075000,0.057000,0.098000,0.087500,0.115500,0.176000,0.383500
0.072500,0.039500,0.044000,0.064500,0.075000,0.057000,0.098000,0.087500,0.115500,0.176000,0.383500
0.072500,0.039500,0.044000,0.064500,0.075000,0.057000,0.098000,0.087500,0.115500,0.176000,0.383500
0.072500,0.039500,0.044000,0.064500,0.075000,0.057000,0.098000,0.087500,0.115500,0.176000,0.383500
0.072500,0.039500,0.044000,0.064500,0.075000,0.057000,0.098000,0.087500,0.115500,0.176000,0.383500
0.072500,0.039500,0.044000,0.064500,0.075000,0.057000,0.098000,0.087500,0.115500,0.176000,0.383500
0.072500,0.039500,0.044000,0.064500,0.075000,0.057000,0.098000,0.087500,0.115500,0.176000,0.383500
0.072500,0.039500,0.044000,0.064500,0.075000,0.057000,0.098000,0.087500,0.115500,0.176000,0.383500
0.072500,0.039500,0.044000,0.064500,0.075000,0.057000,0.098000,0.087500,0.115500,0.176000,0.383500
0.072500,0.039500,0.044000,0.064500,0.075000,0.057000,0.098000,0.087500,0.115500,0.176000,0.383500
0.072500,0.039500,0.044000,0.064500,0.075000,0.057000,0.098000,0.087500,0.115500,0.176000,0.383500
0.072500,0.039500,0.044000,0.064500,0.075000,0.057000,0.098000,0.087500,0.115500,0.176000,0.383500
0.072500,0.039500,0.044000,0.064500,0.075000,0.057000,0.098000,0.087500,0.115500,0.176000,0.383500
0.072500,0.039500,0.044000,0.064500,0.075000,0.057000,0.098000,0.087500,0.115500,0.176000,0.383500
0.072500,0.039500,0.044000,0.064500,0.075000,0.057000,0.098000,0.087500,0.115500,0.176000,0.383500
0.072500,0.039500,0.044000,0.064500,0.075000,0.057000,0.098000,0.087500,0.115500,0.176000,0.383500
0.072500,0.039500,0.044000,0.064500,0.075000,0.057000,0.098000,0.087500,0.115500,0.176000,0.383500
0.072500,0.039500,0.044000,0.064500,0.075000,0.057000,0.098000,0.087500,0.115500,0.176000,0.383500
0.072500,0.039500,0.044000,0.064500,0.075000,0.057000,0.098000,0.087500,0.115500,0.176000,0.383500
0.072500,0.039500,0.044000,0.064500,0.075000,0.057000,0.098000,0.087500,0.115500,0.176000,0.383500
0.072500,0.039500,0.044000,0.064500,0.075000,0.057000,0.098000,0.087500,0.115500,0.176000,0.383500
0.072500,0.039500,0.044000,0.064500,0.075000,0.057000,0.098000,0.087500,0.115500,0.176000,0.383500
0.072500,0.039500,0.044000,0.064500,0.075000,0.057000,0.098000,0.087500,0.115500,0.176000,0.383500
0.072500,0.039500,0.044000,0.064500,0.075000,0.057000,0.098000,0.087500,0.115500,0.176000,0.383500
0.072500,0.039500,0.044000,0.064500,0.075000,0.057000,0.098000,0.087500,0.115500,0.176000,0.383500
0.072500,0.039500,0.044000,0.064500,0.075000,0.057000,0.098000,0.087500,0.115500,0.176000,0.383500
0.072500,0.039500,0.044000,0.064500,0.075000,0.057000,0.098000,0.087500,0.115500,0.176000,0.383500
0.072500,0.039500,0.044000,0.064500,0.075000,0.057000,0.098000,0.087500,0.115500,0.176000,0.383500
0.072500,0.039500,0.044000,0.064500,0.075000,0.057000,0.098000,0.087500,0.115500,0.176000,0.383500
0.072500,0.039500,0.044000,0.064500,0.075000,0.057000,0.098000,0.087500,0.115500,0.176000,0.383500
0.072500,0.039500,0.044000,0.064500,0.075000,0.057000,0.098000,0.087500,0.115500,0.176000,0.383500
0.072500,0.039500,0.044000,0.064500,0.075000,0.057000,0.098000,0.087500,0.115500,0.176000,0.383500
0.072500,0.039500,0.044000,0.064500,0.075000,0.057000,0.098000,0.087500,0.115500,0.176000,0.383500
0.072500,0.039500,0.044000,0.064500,0.075000,0.057000,0.098000,0.087500,0.115500,0.176000,0.383500
0.072500,0.039500,0.044000,0.064500,0.075000,0.057000,0.098000,0.087500,0.115500,0.176000,0.383500
0.072500,0.039500,0.044000,0.064500,0.075000,0.057000,0.098000,0.087500,0.115500,0.176000,0.383500
0.072500,0.039500,0.044000,0.064500,0.075000,0.057000,0.098000,0.087500,0.115500,0.176000,0.383500
0.072500,0.039500,0.044000,0.064500,0.075000,0.057000,0.098000,0.087500,0.115500,0.176000,0.383500
0.072500,0.039500,0.044000,0.064500,0.075000,0.057000,0.098000,0.087500,0.115500,0.176000,0.383500
0.072500,0.039500,0.044000,0.064500,0.075000,0.057000,0.098000,0.087500,0.115500,0.176000,0.383500
0.072500,0.039500,0.044000,0.064500,0.075000,0.057000,0.098000,0.087500,0.115500,0.176000,0.383500
0.072500,0.039500,0.044000,0.064500,0.075000,0.057000,0.098000,0.087500,0.115500,0.176000,0.383500
0.072500,0.039500,0.044000,0.064500,0.075000,0.057000,0.098000,0.087500,0.115500,0.176000,0.383500
0.072500,0.039500,0.044000,0.064500,0.075000,0.057000,0.098000,0.087500,0.115500,0.176000,0.383500
0.072500,0.039500,0.044000,0.064500,0.075000,0.057000,0.098000,0.087500,0.115500,0.176000,0.383500
0.072500,0.039500,0.044000,0.064500,0.075000,0.057000,0.098000,0.087500,0.115500,0.176000,0.383500
0.072500,0.039500,0.044000,0.064500,0.075000,0.057000,0.098000,0.087500,0.115500,0.176000,0.383500
0.072500,0.039500,0.044000,0.064500,0.075000,0.057000,0.098000,0.087500,0.115500,0.176000,0.383500
0.072500,0.039500,0.044000,0.064500,0.075000,0.057000,0.098000,0.087500,0.115500,0.176000,0.383500
0.072500,0.039500,0.044000,0.064500,0.075000,0.057000,0.098000,0.087500,0.115500,0.176000,0.383500
0.072500,0.039500,0.044000,0.064500,0.075000,0.057000,0.098000,0.087500,0.115500,0.176000,0.383500
0.072500,0.039500,0.044000,0.064500,0.075000,0.057000,0.098000,0.087500,0.115500,0.176000,0.383500
0.072500,0.039500,0.044000,0.064500,0.075000,0.057000,0.098000,0.087500,0.115500,0.176000,0.383500
0.072500,0.039500,0.044000,0.064500,0.075000,0.057000,0.098000,0.087500,0.115500,0.176000,0.383500
0.072500,0.039500,0.044000,0.064500,0.075000,0.057000,0.098000,0.087500,0.115500,0.176000,0.383500
0.072500,0.039500,0.044000,0.064500,0.075000,0.057000,0.098000,0.087500,0.115500,0.176000,0.383500
0.072500,0.039500,0.044000,0.064500,0.075000,0.057000,0.098000,0.087500,0.115500,0.176000,0.383500
0.072500,0.039500,0.044000,0.064500,0.075000,0.057000,0.098000,0.087500,0.115500,0.176000,0.383500
0.072500,0.039500,0.044000,0.064500,0.075000,0.057000,0.098000,0.087500,0.115500,0.176000,0.383500
0.072500,0.039500,0.044000,0.064500,0.075000,0.057000,0.098000,0.087500,0.115500,0.176000,0.383500
0.072500,0.039500,0.044000,0.064500,0.075000,0.057000,0.098000,0.087500,0.115500,0.176000,0.383500
0.072500,0.039500,0.044000,0.064500,0.075000,0.057000,0.098000,0.087500,0.115500,0.176000,0.383500
0.072500,0.039500,0.044000,0.064500,0.075000,0.057000,0.098000,0.087500,0.115500,0.176000,0.383500
0.072500,0.039500,0.044000,0.064500,0.075000,0.057000,0.098000,0.087500,0.115500,0.176000,0.383500
0.072500,0.039500,0.044000,0.064500,0.075000,0.057000,0.098000,0.087500,0.115500,0.176000,0.383500
0.072500,0.039500,0.044000,0.064500,0.075000,0.057000,0.098000,0.087500,0.115500,0.176000,0.383500
0.072500,0.039500,0.044000,0.064500,0.075000,0.057000,0.098000,0.087500,0.115500,0.176000,0.383500
0.072500,0.039500,0.044000,0.064500,0.075000,0.057000,0.098000,0.087500,0.115500,0.176000,0.383500
0.072500,0.039500,0.044000,0.064500,0.075000,0.057000,0.098000,0.087500,0.115500,0.176000,0.383500
0.072500,0.039500,0.044000,0.064500,0.075000,0.057000,0.098000,0.087500,0.115500,0.176000,0.383500
0.072500,0.039500,0.044000,0.064500,0.075000,0.057000,0.098000,0.087500,0.115500,0.176000,0.383500
0.072500,0.039500,0.044000,0.064500,0.075000,0.057000,0.098000,0.087500,0.115500,0.176000,0.383500
0.072500,0.039500,0.044000,0.064500,0.075000,0.057000,0.098000,0.087500,0.115500,0.176000,0.383500
0.072500,0.039500,0.044000,0.064500,0.075000,0.057000,0.098000,0.087500,0.115500,0.176000,0.383500
0.072500,0.039500,0.044000,0.064500,0.075000,0.057000,0.098000,0.087500,0.115500,0.176000,0.383500
0.072500,0.039500,0.044000,0.064500,0.075000,0.057000,0.098000,0.087500,0.115500,0.176000,0.383500
0.072500,0.039500,0.044000,0.064500,0.075000,0.057000,0.098000,0.087500,0.115500,0.176000,0.383500
0.072500,0.039500,0.044000,0.064500,0.075000,0.057000,0.098000,0.087500,0.115500,0.176000,0.383500
0.072500,0.039500,0.044000,0.064500,0.075000,0.057000,0.098000,0.087500,0.115500,0.176000,0.383500
0.072500,0.039500,0.044000,0.064500,0.075000,0.057000,0.098000,0.087500,0.115500,0.176000,0.383500
0.072500,0.039500,0.044000,0.064500,0.075000,0.057000,0.098000,0.087500,0.115500,0.176000,0.383500
0.072500,0.039500,0.044000,0.064500,0.075000,0.057000,0.098000,0.087500,0.115500,0.176000,0.383500
0.072500,0.039500,0.044000,0.064500,0.075000,0.057000,0.098000,0.087500,0.115500,0.176000,0.383500
0.072500,0.039500,0.044000,0.064500,0.075000,0.057000,0.098000,0.087500,0.115500,0.176000,0.383500
0.072500,0.039500,0.044000,0.064500,0.075000,0.057000,0.098000,0.087500,0.115500,0.176000,0.383500
0.072500,0.039500,0.044000,0.064500,0.075000,0.057000,0.098000,0.087500,0.115500,0.176000,0.383500
0.072500,0.039500,0.044000,0.064500,0.075000,0.057000,0.098000,0.087500,0.115500,0.176000,0.383500
0.072500,0.039500,0.044000,0.064500,0.075000,0.057000,0.098000,0.087500,0.115500,0.176000,0.383500
0.072500,0.039500,0.044000,0.064500,0.075000,0.057000,0.098000,0.087500,0.115500,0.176000,0.383500
0.072500,0.039500,0.044000,0.064500,0.075000,0.057000,0.098000,0.087500,0.115500,0.176000,0.383500
0.072500,0.039500,0.044000,0.064500,0.075000,0.057000,0.098000,0.087500,0.115500,0.176000,0.383500
0.072500,0.039500,0.044000,0.064500,0.075000,0.057000,0.098000,0.087500,0.115500,0.176000,0.383500
0.072500,0.039500,0.044000,0.064500,0.075000,0.057000,0.098000,0.087500,0.115500,0.176000,0.383500
0.072500,0.039500,0.044000,0.064500,0.075000,0.057000,0.098000,0.087500,0.115500,0.176000,0.383500
0.072500,0.039500,0.044000,0.064500,0.075000,0.057000,0.098000,0.087500,0.115500,0.176000,0.383500
0.072500,0.039500,0.044000,0.064500,0.075000,0.057000,0.098000,0.087500,0.115500,0.176000,0.383500
0.072500,0.039500,0.044000,0.064500,0.075000,0.057000,0.098000,0.087500,0.115500,0.176000,0.383500
0.072500,0.039500,0.044000,0.064500,0.075000,0.057000,0.098000,0.087500,0.115500,0.176000,0.383500
0.072500,0.039500,0.044000,0.064500,0.075000,0.057000,0.098000,0.087500,0.115500,0.176000,0.383500
0.072500,0.039500,0.044000,0.064500,0.075000,0.057000,0.098000,0.087500,0.115500,0.176000,0.383500
0.072500,0.039500,0.044000,0.064500,0.075000,0.057000,0.098000,0.087500,0.115500,0.176000,0.383500
0.072500,0.039500,0.044000,0.064500,0.075000,0.057000,0.098000,0.087500,0.115500,0.176000,0.383500
0.072500,0.039500,0.044000,0.064500,0.075000,0.057000,0.098000,0.087500,0.115500,0.176000,0.383500
0.072500,0.039500,0.044000,0.064500,0.075000,0.057000,0.098000,0.087500,0.115500,0.176000,0.383500
0.072500,0.039500,0.044000,0.064500,0.075000,0.057000,0.098000,0.087500,0.115500,0.176000,0.383500
0.072500,0.039500,0.044000,0.064500,0.075000,0.057000,0.098000,0.087500,0.115500,0.176000,0.383500
0.072500,0.039500,0.044000,0.064500,0.075000,0.057000,0.098000,0.087500,0.115500,0.176000,0.383500
0.072500,0.039500,0.044000,0.064500,0.075000,0.057000,0.098000,0.087500,0.115500,0.176000,0.383500
0.072500,0.039500,0.044000,0.064500,0.075000,0.057000,0.098000,0.087500,0.115500,0.176000,0.383500
0.072500,0.039500,0.044000,0.064500,0.075000,0.057000,0.098000,0.087500,0.115500,0.176000,0.383500
0.072500,0.039500,0.044000,0.064500,0.075000,0.057000,0.098000,0.087500,0.115500,0.176000,0.383500
0.072500,0.039500,0.044000,0.064500,0.075000,0.057000,0.098000,0.087500,0.115500,0.176000,0.383500
0.072500,0.039500,0.044000,0.064500,0.075000,0.057000,0.098000,0.087500,0.115500,0.176000,0.383500
0.072500,0.039500,0.044000,0.064500,0.075000,0.057000,0.098000,0.087500,0.115500,0.176000,0.383500
0.072500,0.039500,0.044000,0.064500,0.075000,0.057000,0.098000,0.087500,0.115500,0.176000,0.383500
0.072500,0.039500,0.044000,0.064500,0.075000,0.057000,0.098000,0.087500,0.115500,0.176000,0.383500
0.072500,0.039500,0.044000,0.064500,0.075000,0.057000,0.098000,0.087500,0.115500,0.176000,0.383500
0.072500,0.039500,0.044000,0.064500,0.075000,0.057000,0.098000,0.087500,0.115500,0.176000,0.383500
0.072500,0.039500,0.044000,0.064500,0.075000,0.057000,0.098000,0.087500,0.115500,0.176000,0.383500
0.072500,0.039500,0.044000,0.064500,0.075000,0.057000,0.098000,0.087500,0.115500,0.176000,0.383500
0.072500,0.039500,0.044000,0.064500,0.075000,0.057000,0.098000,0.087500,0.115500,0.176000,0.383500
0.072500,0.039500,0.044000,0.064500,0.075000,0.057000,0.098000,0.087500,0.115500,0.176000,0.383500
0.072500,0.039500,0.044000,0.064500,0.075000,0.057000,0.098000,0.087500,0.115500,0.176000,0.383500
0.072500,0.039500,0.044000,0.064500,0.075000,0.057000,0.098000,0.087500,0.115500,0.176000,0.383500
0.072500,0.039500,0.044000,0.064500,0.075000,0.057000,0.098000,0.087500,0.115500,0.176000,0.383500
0.072500,0.039500,0.044000,0.064500,0.075000,0.057000,0.098000,0.087500,0.115500,0.176000,0.383500
0.072500,0.039500,0.044000,0.064500,0.075000,0.057000,0.098000,0.087500,0.115500,0.176000,0.383500
0.072500,0.039500,0.044000,0.064500,0.075000,0.057000,0.098000,0.087500,0.115500,0.176000,0.383500
0.072500,0.039500,0.044000,0.064500,0.075000,0.057000,0.098000,0.087500,0.115500,0.176000,0.383500
0.072500,0.039500,0.044000,0.064500,0.075000,0.057000,0.098000,0.087500,0.115500,0.176000,0.383500
0.072500,0.039500,0.044000,0.064500,0.075000,0.057000,0.098000,0.087500,0.115500,0.176000,0.383500
0.072500,0.039500,0.044000,0.064500,0.075000,0.057000,0.098000,0.087500,0.115500,0.176000,0.383500
0.072500,0.039500,0.044000,0.064500,0.075000,0.057000,0.098000,0.087500,0.115500,0.176000,0.383500
0.072500,0.039500,0.044000,0.064500,0.075000,0.057000,0.098000,0.087500,0.115500,0.176000,0.383500
0.072500,0.039500,0.044000,0.064500,0.075000,0.057000,0.098000,0.087500,0.115500,0.176000,0.383500
0.072500,0.039500,0.044000,0.064500,0.075000,0.057000,0.098000,0.087500,0.115500,0.176000,0.383500
0.072500,0.039500,0.044000,0.064500,0.075000,0.057000,0.098000,0.087500,0.115500,0.176000,0.383500
0.072500,0.039500,0.044000,0.064500,0.075000,0.057000,0.098000,0.087500,0.115500,0.176000,0.383500
0.072500,0.039500,0.044000,0.064500,0.075000,0.057000,0.098000,0.087500,0.115500,0.176000,0.383500
0.072500,0.039500,0.044000,0.064500,0.075000,0.057000,0.098000,0.087500,0.115500,0.176000,0.383500
0.072500,0.039500,0.044000,0.064500,0.075000,0.057000,0.098000,0.087500,0.115500,0.176000,0.383500
0.072500,0.039500,0.044000,0.064500,0.075000,0.057000,0.098000,0.087500,0.115500,0.176000,0.383500
0.072500,0.039500,0.044000,0.064500,0.075000,0.057000,0.098000,0.087500,0.115500,0.176000,0.383500
0.072500,0.039500,0.044000,0.064500,0.075000,0.057000,0.098000,0.087500,0.115500,0.176000,0.383500
0.072500,0.039500,0.044000,0.064500,0.075000,0.057000,0.098000,0.087500,0.115500,0.176000,0.383500
0.072500,0.039500,0.044000,0.064500,0.075000,0.057000,0.098000,0.087500,0.115500,0.176000,0.383500
0.072500,0.039500,0.044000,0.064500,0.075000,0.057000,0.098000,0.087500,0.115500,0.176000,0.383500
0.072500,0.039500,0.044000,0.064500,0.075000,0.057000,0.098000,0.087500,0.115500,0.176000,0.383500
0.072500,0.039500,0.044000,0.064500,0.075000,0.057000,0.098000,0.087500,0.115500,0.176000,0.383500
0.072500,0.039500,0.044000,0.064500,0.075000,0.057000,0.098000,0.087500,0.115500,0.176000,0.383500
0.072500,0.039500,0.044000,0.064500,0.075000,0.057000,0.098000,0.087500,0.115500,0.176000,0.383500
0.072500,0.039500,0.044000,0.064500,0.075000,0.057000,0.098000,0.087500,0.115500,0.176000,0.383500
0.072500,0.039500,0.044000,0.064500,0.075000,0.057000,0.098000,0.087500,0.115500,0.176000,0.383500
0.072500,0.039500,0.044000,0.064500,0.075000,0.057000,0.098000,0.087500,0.115500,0.176000,0.383500
0.072500,0.039500,0.044000,0.064500,0.075000,0.057000,0.098000,0.087500,0.115500,0.176000,0.383500
0.072500,0.039500,0.044000,0.064500,0.075000,0.057000,0.098000,0.087500,0.115500,0.176000,0.383500
0.072500,0.039500,0.044000,0.064500,0.075000,0.057000,0.098000,0.087500,0.115500,0.176000,0.383500
0.072500,0.039500,0.044000,0.064500,0.075000,0.057000,0.098000,0.087500,0.115500,0.176000,0.383500
0.072500,0.039500,0.044000,0.064500,0.075000,0.057000,0.098000,0.087500,0.115500,0.176000,0.383500
0.072500,0.039500,0.044000,0.064500,0.075000,0.057000,0.098000,0.087500,0.115500,0.176000,0.383500
0.072500,0.039500,0.044000,0.064500,0.075000,0.057000,0.098000,0.087500,0.115500,0.176000,0.383500
0.072500,0.039500,0.044000,0.064500,0.075000,0.057000,0.098000,0.087500,0.115500,0.176000,0.383500
0.072500,0.039500,0.044000,0.064500,0.075000,0.057000,0.098000,0.087500,0.115500,0.176000,0.383500
0.072500,0.039500,0.044000,0.064500,0.075000,0.057000,0.098000,0.087500,0.115500,0.176000,0.383500
0.072500,0.039500,0.044000,0.064500,0.075000,0.057000,0.098000,0.087500,0.115500,0.176000,0.383500
0.072500,0.039500,0.044000,0.064500,0.075000,0.057000,0.098000,0.087500,0.115500,0.176000,0.383500
0.072500,0.039500,0.044000,0.064500,0.075000,0.057000,0.098000,0.087500,0.115500,0.176000,0.383500
0.072500,0.039500,0.044000,0.064500,0.075000,0.057000,0.098000,0.087500,0.115500,0.176000,0.383500
0.072500,0.039500,0.044000,0.064500,0.075000,0.057000,0.098000,0.087500,0.115500,0.176000,0.383500
0.072500,0.039500,0.044000,0.064500,0.075000,0.057000,0.098000,0.087500,0.115500,0.176000,0.383500
0.072500,0.039500,0.044000,0.064500,0.075000,0.057000,0.098000,0.087500,0.115500,0.176000,0.383500
0.072500,0.039500,0.044000,0.064500,0.075000,0.057000,0.098000,0.087500,0.115500,0.176000,0.383500
0.072500,0.039500,0.044000,0.064500,0.075000,0.057000,0.098000,0.087500,0.115500,0.176000,0.383500
0.072500,0.039500,0.044000,0.064500,0.075000,0.057000,0.098000,0.087500,0.115500,0.176000,0.383500
0.072500,0.039500,0.044000,0.064500,0.075000,0.057000,0.098000,0.087500,0.115500,0.176000,0.383500
0.072500,0.039500,0.044000,0.064500,0.075000,0.057000,0.098000,0.087500,0.115500,0.176000,0.383500
0.072500,0.039500,0.044000,0.064500,0.075000,0.057000,0.098000,0.087500,0.115500,0.176000,0.383500
0.072500,0.039500,0.044000,0.064500,0.075000,0.057000,0.098000,0.087500,0.115500,0.176000,0.383500
0.072500,0.039500,0.044000,0.064500,0.075000,0.057000,0.098000,0.087500,0.115500,0.176000,0.383500
0.072500,0.039500,0.044000,0.064500,0.075000,0.057000,0.098000,0.087500,0.115500,0.176000,0.383500
0.072500,0.039500,0.044000,0.064500,0.075000,0.057000,0.098000,0.087500,0.115500,0.176000,0.383500
0.072500,0.039500,0.044000,0.064500,0.075000,0.057000,0.098000,0.087500,0.115500,0.176000,0.383500
0.072500,0.039500,0.044000,0.064500,0.075000,0.057000,0.098000,0.087500,0.115500,0.176000,0.383500
0.072500,0.039500,0.044000,0.064500,0.075000,0.057000,0.098000,0.087500,0.115500,0.176000,0.383500
0.072500,0.039500,0.044000,0.064500,0.075000,0.057000,0.098000,0.087500,0.115500,0.176000,0.383500
0.072500,0.039500,0.044000,0.064500,0.075000,0.057000,0.098000,0.087500,0.115500,0.176000,0.383500
0.072500,0.039500,0.044000,0.064500,0.075000,0.057000,0.098000,0.087500,0.115500,0.176000,0.383500
0.072500,0.039500,0.044000,0.064500,0.075000,0.057000,0.098000,0.087500,0.115500,0.176000,0.383500
0.072500,0.039500,0.044000,0.064500,0.075000,0.057000,0.098000,0.087500,0.115500,0.176000,0.383500
0.072500,0.039500,0.044000,0.064500,0.075000,0.057000,0.098000,0.087500,0.115500,0.176000,0.383500
0.072500,0.039500,0.044000,0.064500,0.075000,0.057000,0.098000,0.087500,0.115500,0.176000,0.383500
0.072500,0.039500,0.044000,0.064500,0.075000,0.057000,0.098000,0.087500,0.115500,0.176000,0.383500
0.072500,0.039500,0.044000,0.064500,0.075000,0.057000,0.098000,0.087500,0.115500,0.176000,0.383500
0.072500,0.039500,0.044000,0.064500,0.075000,0.057000,0.098000,0.087500,0.115500,0.176000,0.383500
0.072500,0.039500,0.044000,0.064500,0.075000,0.057000,0.098000,0.087500,0.115500,0.176000,0.383500
0.072500,0.039500,0.044000,0.064500,0.075000,0.057000,0.098000,0.087500,0.115500,0.176000,0.383500
0.072500,0.039500,0.044000,0.064500,0.075000,0.057000,0.098000,0.087500,0.115500,0.176000,0.383500
0.072500,0.039500,0.044000,0.064500,0.075000,0.057000,0.098000,0.087500,0.115500,0.176000,0.383500
0.072500,0.039500,0.044000,0.064500,0.075000,0.057000,0.098000,0.087500,0.115500,0.176000,0.383500
0.072500,0.039500,0.044000,0.064500,0.075000,0.057000,0.098000,0.087500,0.115500,0.176000,0.383500
0.072500,0.039500,0.044000,0.064500,0.075000,0.057000,0.098000,0.087500,0.115500,0.176000,0.383500
0.072500,0.039500,0.044000,0.064500,0.075000,0.057000,0.098000,0.087500,0.115500,0.176000,0.383500
0.072500,0.039500,0.044000,0.064500,0.075000,0.057000,0.098000,0.087500,0.115500,0.176000,0.383500
0.072500,0.039500,0.044000,0.064500,0.075000,0.057000,0.098000,0.087500,0.115500,0.176000,0.383500
0.072500,0.039500,0.044000,0.064500,0.075000,0.057000,0.098000,0.087500,0.115500,0.176000,0.383500
0.072500,0.039500,0.044000,0.064500,0.075000,0.057000,0.098000,0.087500,0.115500,0.176000,0.383500
0.072500,0.039500,0.044000,0.064500,0.075000,0.057000,0.098000,0.087500,0.115500,0.176000,0.383500
0.072500,0.039500,0.044000,0.064500,0.075000,0.057000,0.098000,0.087500,0.115500,0.176000,0.383500
0.072500,0.039500,0.044000,0.064500,0.075000,0.057000,0.098000,0.087500,0.115500,0.176000,0.383500
0.072500,0.039500,0.044000,0.064500,0.075000,0.057000,0.098000,0.087500,0.115500,0.176000,0.383500
0.072500,0.039500,0.044000,0.064500,0.075000,0.057000,0.098000,0.087500,0.115500,0.176000,0.383500
0.072500,0.039500,0.044000,0.064500,0.075000,0.057000,0.098000,0.087500,0.115500,0.176000,0.383500
0.072500,0.039500,0.044000,0.064500,0.075000,0.057000,0.098000,0.087500,0.115500,0.176000,0.383500
0.072500,0.039500,0.044000,0.064500,0.075000,0.057000,0.098000,0.087500,0.115500,0.176000,0.383500
0.072500,0.039500,0.044000,0.064500,0.075000,0.057000,0.098000,0.087500,0.115500,0.176000,0.383500
0.072500,0.039500,0.044000,0.064500,0.075000,0.057000,0.098000,0.087500,0.115500,0.176000,0.383500
0.072500,0.039500,0.044000,0.064500,0.075000,0.057000,0.098000,0.087500,0.115500,0.176000,0.383500
0.072500,0.039500,0.044000,0.064500,0.075000,0.057000,0.098000,0.087500,0.115500,0.176000,0.383500
0.072500,0.039500,0.044000,0.064500,0.075000,0.057000,0.098000,0.087500,0.115500,0.176000,0.383500
0.072500,0.039500,0.044000,0.064500,0.075000,0.057000,0.098000,0.087500,0.115500,0.176000,0.383500
0.072500,0.039500,0.044000,0.064500,0.075000,0.057000,0.098000,0.087500,0.115500,0.176000,0.383500
0.072500,0.039500,0.044000,0.064500,0.075000,0.057000,0.098000,0.087500,0.115500,0.176000,0.383500
0.072500,0.039500,0.044000,0.064500,0.075000,0.057000,0.098000,0.087500,0.115500,0.176000,0.383500
0.072500,0.039500,0.964237,0.064500,0.075000,0.057000,0.098000,0.087500,0.115500,0.176000,0.383500
0.072500,0.039500,1.884474,0.064500,0.075000,0.057000,0.098000,0.087500,0.115500,0.176000,0.383500
0.072500,0.039500,2.804712,0.064500,0.075000,0.057000,0.098000,0.087500,0.115500,0.176000,0.383500
0.072500,0.039500,1.884474,0.064500,0.075000,0.057000,0.098000,0.087500,0.115500,0.176000,0.383500
0.072500,0.039500,0.964237,0.064500,0.075000,0.057000,0.098000,0.087500,0.115500,0.176000,0.383500
0.072500,0.039500,0.044000,0.064500,0.075000,0.057000,0.098000,0.087500,0.115500,0.176000,0.383500
0.072500,0.039500,0.044000,0.064500,0.075000,0.057000,0.098000,0.087500,0.115500,0.176000,0.383500
0.072500,0.039500,0.044000,0.064500,0.260161,0.057000,0.098000,0.087500,0.115500,0.176000,0.383500
0.072500,0.039500,0.044000,0.064500,0.445321,0.057000,0.098000,0.087500,0.115500,0.176000,0.383500
0.072500,0.039500,0.044000,0.064500,0.630482,0.057000,0.098000,0.087500,0.115500,0.176000,0.383500
0.072500,0.039500,0.044000,0.064500,0.445321,0.057000,0.098000,0.087500,0.115500,0.176000,0.383500
0.072500,0.039500,0.044000,0.064500,0.260161,1.004091,0.098000,0.087500,0.115500,0.176000,0.383500
0.072500,0.039500,0.044000,0.064500,0.075000,1.951183,0.098000,0.087500,0.115500,0.176000,0.383500
0.241630,0.039500,0.044000,0.064500,0.075000,2.898274,0.098000,0.087500,0.115500,0.176000,0.383500
0.410761,0.039500,0.044000,0.064500,0.075000,1.951183,0.098000,0.087500,0.115500,0.176000,0.383500
0.579891,0.039500,0.044000,0.064500,0.075000,1.004091,0.098000,0.087500,0.115500,0.176000,0.383500
0.410761,0.039500,0.044000,0.064500,0.075000,0.057000,0.098000,0.087500,0.115500,0.176000,0.383500
0.241630,0.039500,0.044000,0.064500,0.075000,0.057000,0.098000,0.087500,0.115500,0.176000,0.383500
0.072500,0.039500,0.044000,0.064500,0.075000,0.057000,0.098000,0.087500,0.115500,0.176000,0.383500
0.072500,0.039500,0.044000,0.064500,0.075000,0.057000,0.098000,0.087500,0.115500,0.176000,0.383500
0.072500,0.039500,0.044000,0.064500,0.075000,0.057000,1.221456,0.087500,0.115500,0.176000,0.383500
0.072500,0.039500,0.044000,0.064500,0.075000,0.057000,2.344912,0.087500,0.115500,0.176000,0.383500
0.072500,0.039500,0.044000,0.064500,0.075000,0.057000,3.468368,0.087500,0.115500,0.176000,0.383500
0.072500,0.039500,0.044000,0.064500,0.075000,0.057000,2.344912,0.087500,0.115500,0.176000,0.383500
0.072500,0.039500,0.044000,0.064500,0.075000,0.057000,1.221456,0.087500,0.577553,0.176000,0.383500
0.072500,0.039500,0.044000,0.064500,0.075000,0.057000,0.098000,0.087500,1.039606,0.176000,0.383500
0.072500,0.039500,0.044000,0.064500,0.075000,0.057000,0.098000,0.087500,1.501659,0.176000,0.383500
0.072500,0.039500,0.044000,0.064500,0.075000,0.057000,0.098000,0.087500,1.039606,0.176000,0.383500
0.072500,0.039500,0.044000,0.064500,0.075000,0.057000,0.098000,0.087500,0.577553,0.176000,0.383500
0.072500,0.039500,0.044000,0.064500,0.075000,0.057000,0.098000,0.087500,0.115500,0.176000,0.383500
0.072500,0.039500,0.044000,0.064500,0.075000,0.057000,0.098000,0.087500,0.115500,0.176000,0.383500
0.072500,0.039500,0.044000,0.064500,0.075000,0.057000,0.098000,0.087500,0.115500,0.176000,0.383500
0.072500,0.039500,0.044000,0.064500,0.075000,0.057000,0.098000,0.087500,0.115500,0.176000,0.383500
0.072500,0.039500,0.044000,0.064500,0.075000,0.057000,0.098000,0.087500,0.115500,0.176000,0.383500
0.072500,0.039500,0.044000,0.064500,0.075000,0.057000,0.098000,0.087500,0.115500,0.176000,0.383500
0.072500,0.039500,0.044000,0.064500,0.075000,0.057000,0.098000,0.087500,0.115500,0.176000,0.383500
0.072500,0.039500,0.044000,0.064500,0.075000,0.057000,0.098000,0.087500,0.115500,0.176000,0.383500
0.072500,0.039500,0.044000,0.410464,0.075000,0.057000,0.098000,0.087500,0.115500,0.176000,0.383500
0.072500,0.039500,0.044000,0.756429,0.075000,0.057000,0.098000,0.087500,0.115500,0.176000,0.383500
0.072500,0.039500,0.044000,1.102393,0.075000,0.057000,0.098000,0.087500,0.115500,0.176000,0.383500
0.072500,0.039500,0.044000,0.756429,0.075000,0.057000,0.098000,0.087500,0.115500,0.176000,0.383500
0.072500,0.039500,0.044000,0.410464,0.075000,0.057000,0.098000,0.087500,0.115500,0.176000,0.383500
0.072500,0.039500,0.044000,0.064500,0.075000,0.057000,0.098000,0.087500,0.115500,0.176000,0.383500
0.072500,0.039500,0.044000,0.064500,0.075000,0.057000,0.098000,0.087500,0.115500,0.176000,0.470684
0.072500,0.039500,0.044000,0.064500,0.075000,0.057000,0.098000,0.087500,0.115500,0.752634,0.557868
0.072500,0.039500,0.044000,0.064500,0.075000,0.057000,0.098000,0.087500,0.115500,1.329268,0.645053
0.072500,0.099071,0.044000,0.064500,0.075000,0.057000,0.098000,0.087500,0.115500,1.905903,0.732237
0.072500,0.158642,0.044000,0.064500,0.075000,0.057000,0.098000,0.087500,0.115500,1.329268,0.645053
0.072500,0.218213,0.044000,0.064500,0.075000,0.057000,0.098000,0.087500,0.115500,0.752634,0.557868
0.072500,0.158642,0.044000,0.064500,0.075000,0.057000,0.098000,0.087500,0.115500,0.176000,0.470684
0.072500,0.099071,0.044000,0.064500,0.075000,0.057000,0.098000,0.087500,0.115500,0.176000,0.383500
0.072500,0.039500,0.044000,0.064500,0.075000,0.057000,0.098000,0.087500,0.115500,0.176000,0.383500
0.072500,0.039500,0.044000,0.064500,0.075000,0.057000,0.098000,0.087500,0.115500,0.176000,0.383500
0.072500,0.039500,0.044000,0.064500,0.075000,0.057000,0.098000,0.868418,0.115500,0.176000,0.383500
0.072500,0.039500,0.044000,0.064500,0.075000,0.057000,0.098000,1.649336,0.115500,0.176000,0.383500
0.072500,0.039500,0.044000,0.064500,0.075000,0.057000,0.098000,2.430255,0.115500,0.176000,0.383500
0.072500,0.039500,0.044000,0.064500,0.075000,0.057000,0.098000,1.649336,0.115500,0.176000,0.383500
0.072500,0.039500,0.044000,0.064500,0.075000,0.057000,0.098000,0.868418,0.115500,0.176000,0.383500
0.072500,0.039500,0.044000,0.064500,0.075000,0.057000,0.098000,0.087500,0.115500,0.176000,0.383500
0.072500,0.039500,0.044000,0.064500,0.075000,0.057000,0.098000,0.087500,0.115500,0.176000,0.383500
0.072500,0.039500,0.044000,0.064500,0.075000,0.057000,0.098000,0.087500,0.115500,0.176000,0.383500
0.072500,0.039500,0.044000,0.064500,0.075000,0.057000,0.098000,0.087500,0.115500,0.176000,0.383500
0.072500,0.039500,0.044000,0.064500,0.075000,0.057000,0.098000,0.087500,0.115500,0.176000,0.383500
0.072500,0.039500,0.044000,0.064500,0.075000,0.057000,0.098000,0.087500,0.115500,0.176000,0.383500
0.072500,0.039500,0.044000,0.064500,0.075000,0.057000,0.098000,0.087500,0.115500,0.176000,0.383500
0.072500,0.039500,0.044000,0.064500,0.075000,0.057000,0.098000,0.087500,0.115500,0.176000,0.383500
0.072500,0.039500,0.044000,0.064500,0.075000,0.057000,0.098000,0.087500,0.115500,0.176000,0.383500
0.072500,0.039500,0.044000,0.064500,0.075000,0.057000,0.098000,0.087500,0.115500,0.176000,0.383500
0.072500,0.039500,0.044000,0.064500,0.075000,0.057000,0.098000,0.087500,0.115500,0.176000,0.383500
0.072500,0.039500,0.044000,0.064500,0.075000,0.057000,0.098000,0.087500,0.115500,0.176000,0.383500
0.072500,0.039500,0.044000,0.064500,0.075000,0.057000,0.098000,0.087500,0.115500,0.176000,0.383500
0.072500,0.039500,0.044000,0.064500,0.075000,0.057000,0.098000,0.087500,0.115500,0.176000,0.383500
0.072500,0.039500,0.044000,0.064500,0.075000,0.057000,0.098000,0.087500,0.115500,0.176000,0.383500
0.072500,0.039500,0.044000,0.064500,0.075000,0.057000,0.098000,0.087500,0.115500,0.176000,0.383500
0.072500,0.039500,0.044000,0.064500,0.075000,0.057000,0.098000,0.087500,0.115500,0.176000,0.383500
0.072500,0.039500,0.044000,0.064500,0.075000,0.057000,0.098000,0.087500,0.115500,0.176000,0.383500
0.072500,0.039500,0.044000,0.064500,0.075000,0.057000,0.098000,0.087500,0.115500,0.176000,0.383500
0.072500,0.039500,0.044000,0.064500,0.075000,0.057000,0.098000,0.087500,0.115500,0.176000,0.383500
0.072500,0.039500,0.044000,0.064500,0.075000,0.057000,0.098000,0.087500,0.115500,0.176000,0.383500
0.072500,0.039500,0.044000,0.064500,0.075000,0.057000,0.098000,0.087500,0.115500,0.176000,0.383500
0.072500,0.039500,0.044000,0.064500,0.075000,0.057000,0.098000,0.087500,0.115500,0.176000,0.383500
0.072500,0.039500,0.044000,0.064500,0.075000,0.057000,0.098000,0.087500,0.115500,0.176000,0.383500
0.072500,0.039500,0.044000,0.064500,0.075000,0.057000,0.098000,0.087500,0.115500,0.176000,0.383500
0.072500,0.039500,0.044000,0.064500,0.075000,0.057000,0.098000,0.087500,0.115500,0.176000,0.383500
0.072500,0.039500,0.044000,0.064500,0.075000,0.057000,0.098000,0.087500,0.115500,0.176000,0.383500
0.072500,0.039500,0.044000,0.064500,0.075000,0.057000,0.098000,0.087500,0.115500,0.176000,0.383500
0.072500,0.039500,0.044000,0.064500,0.075000,0.057000,0.098000,0.087500,0.115500,0.176000,0.383500
0.072500,0.039500,0.044000,0.064500,0.075000,0.057000,0.098000,0.087500,0.115500,0.176000,0.383500
0.072500,0.039500,0.044000,0.064500,0.075000,0.057000,0.098000,0.087500,0.115500,0.176000,0.383500
0.072500,0.039500,0.044000,0.064500,0.075000,0.057000,0.098000,0.087500,0.115500,0.176000,0.383500
0.072500,0.039500,0.044000,0.064500,0.075000,0.057000,0.098000,0.087500,0.115500,0.176000,0.383500
0.072500,0.039500,0.044000,0.064500,0.075000,0.057000,0.098000,0.087500,0.115500,0.176000,0.383500
0.072500,0.039500,0.044000,0.064500,0.075000,0.057000,0.098000,0.087500,0.115500,0.176000,0.383500
0.072500,0.039500,0.044000,0.064500,0.075000,0.057000,0.098000,0.087500,0.115500,0.176000,0.383500
0.072500,0.039500,0.044000,0.064500,0.075000,0.057000,0.098000,0.087500,0.115500,0.176000,0.383500
0.072500,0.039500,0.044000,0.064500,0.075000,0.057000,0.098000,0.087500,0.115500,0.176000,0.383500
0.072500,0.039500,0.044000,0.064500,0.075000,0.057000,0.098000,0.087500,0.115500,0.176000,0.383500
0.072500,0.039500,0.044000,0.064500,0.075000,0.057000,0.098000,0.087500,0.115500,0.176000,0.383500
0.072500,0.039500,0.044000,0.064500,0.075000,0.057000,0.098000,0.087500,0.115500,0.176000,0.383500
0.072500,0.039500,0.044000,0.064500,0.075000,0.057000,0.098000,0.087500,0.115500,0.176000,0.383500
0.072500,0.039500,0.044000,0.064500,0.075000,0.057000,0.098000,0.087500,0.115500,0.176000,0.383500
0.072500,0.039500,0.044000,0.064500,0.075000,0.057000,0.098000,0.087500,0.115500,0.176000,0.383500
0.072500,0.039500,0.044000,0.064500,0.075000,0.057000,0.098000,0.087500,0.115500,0.176000,0.383500
0.072500,0.039500,0.044000,0.064500,0.075000,0.057000,0.098000,0.087500,0.115500,0.176000,0.383500
0.072500,0.039500,0.044000,0.064500,0.075000,0.057000,0.098000,0.087500,0.115500,0.176000,0.383500
0.072500,0.039500,0.044000,0.064500,0.075000,0.057000,0.098000,0.087500,0.115500,0.176000,0.383500
0.072500,0.039500,0.044000,0.064500,0.075000,0.057000,0.098000,0.087500,0.115500,0.176000,0.383500
0.072500,0.039500,0.044000,0.064500,0.075000,0.057000,0.098000,0.087500,0.115500,0.176000,0.383500
0.072500,0.039500,0.044000,0.064500,0.075000,0.057000,0.098000,0.087500,0.115500,0.176000,0.383500
0.072500,0.039500,0.044000,0.064500,0.075000,0.057000,0.098000,0.087500,0.115500,0.176000,0.383500
0.072500,0.039500,0.044000,0.064500,0.075000,0.057000,0.098000,0.087500,0.115500,0.176000,0.383500
0.072500,0.039500,0.044000,0.064500,0.075000,0.057000,0.098000,0.087500,0.115500,0.176000,0.383500
0.072500,0.039500,0.044000,0.064500,0.075000,0.057000,0.098000,0.087500,0.115500,0.176000,0.383500
0.072500,0.039500,0.044000,0.064500,0.075000,0.057000,0.098000,0.087500,0.115500,0.176000,0.383500
0.072500,0.039500,0.044000,0.064500,0.075000,0.057000,0.098000,0.087500,0.115500,0.176000,0.383500
0.072500,0.039500,0.044000,0.064500,0.075000,0.057000,0.098000,0.087500,0.115500,0.176000,0.383500
0.072500,0.039500,0.044000,0.064500,0.075000,0.057000,0.098000,0.087500,0.115500,0.176000,0.383500
0.072500,0.039500,0.044000,0.064500,0.075000,0.057000,0.098000,0.087500,0.115500,0.176000,0.383500
0.072500,0.039500,0.044000,0.064500,0.075000,0.057000,0.098000,0.087500,0.115500,0.176000,0.383500
0.072500,0.039500,0.044000,0.064500,0.075000,0.057000,0.098000,0.087500,0.115500,0.176000,0.383500
0.072500,0.039500,0.044000,0.064500,0.075000,0.057000,0.098000,0.087500,0.115500,0.176000,0.383500
0.072500,0.039500,0.044000,0.064500,0.075000,0.057000,0.098000,0.087500,0.115500,0.176000,0.383500
0.072500,0.039500,0.044000,0.064500,0.075000,0.057000,0.098000,0.087500,0.115500,0.176000,0.383500
0.072500,0.039500,0.044000,0.064500,0.075000,0.057000,0.098000,0.087500,0.115500,0.176000,0.383500
0.072500,0.039500,0.044000,0.064500,0.075000,0.057000,0.098000,0.087500,0.115500,0.176000,0.383500
0.072500,0.039500,0.044000,0.064500,0.075000,0.057000,0.098000,0.087500,0.115500,0.176000,0.383500
0.072500,0.039500,0.044000,0.064500,0.075000,0.057000,0.098000,0.087500,0.115500,0.176000,0.383500
0.072500,0.039500,0.044000,0.064500,0.075000,0.057000,0.098000,0.087500,0.115500,0.176000,0.383500
0.072500,0.039500,0.044000,0.064500,0.075000,0.057000,0.098000,0.087500,0.115500,0.176000,0.383500
0.072500,0.039500,0.044000,0.064500,0.075000,0.057000,0.098000,0.087500,0.115500,0.176000,0.383500
0.072500,0.039500,0.044000,0.064500,0.075000,0.057000,0.098000,0.087500,0.115500,0.176000,0.383500
0.072500,0.039500,0.044000,0.064500,0.075000,0.057000,0.098000,0.087500,0.115500,0.176000,0.383500
0.072500,0.039500,0.044000,0.064500,0.075000,0.057000,0.098000,0.087500,0.115500,0.176000,0.383500
0.072500,0.039500,0.044000,0.064500,0.075000,0.057000,0.098000,0.087500,0.115500,0.176000,0.383500
0.072500,0.039500,0.044000,0.064500,0.075000,0.057000,0.098000,0.087500,0.115500,0.176000,0.383500
0.072500,0.039500,0.044000,0.064500,0.075000,0.057000,0.098000,0.087500,0.115500,0.176000,0.383500
0.072500,0.039500,0.044000,0.064500,0.075000,0.057000,0.098000,0.087500,0.115500,0.176000,0.383500
0.072500,0.039500,0.044000,0.064500,0.075000,0.057000,0.098000,0.087500,0.115500,0.176000,0.383500
0.072500,0.039500,0.044000,0.064500,0.075000,0.057000,0.098000,0.087500,0.115500,0.176000,0.383500
0.072500,0.039500,0.044000,0.064500,0.075000,0.057000,0.098000,0.087500,0.115500,0.176000,0.383500
0.072500,0.039500,0.044000,0.064500,0.075000,0.057000,0.098000,0.087500,0.115500,0.176000,0.383500
0.072500,0.039500,0.044000,0.064500,0.075000,0.057000,0.098000,0.087500,0.115500,0.176000,0.383500
0.072500,0.039500,0.044000,0.064500,0.075000,0.057000,0.098000,0.087500,0.115500,0.176000,0.383500
0.072500,0.039500,0.044000,0.064500,0.075000,0.057000,0.098000,0.087500,0.115500,0.176000,0.383500
0.072500,0.039500,0.044000,0.064500,0.075000,0.057000,0.098000,0.087500,0.115500,0.176000,0.383500
0.072500,0.039500,0.044000,0.064500,0.075000,0.057000,0.098000,0.087500,0.115500,0.176000,0.383500
0.072500,0.039500,0.044000,0.064500,0.075000,0.057000,0.098000,0.087500,0.115500,0.176000,0.383500
0.072500,0.039500,0.044000,0.064500,0.075000,0.057000,0.098000,0.087500,0.115500,0.176000,0.383500
0.072500,0.039500,0.044000,0.064500,0.075000,0.057000,0.098000,0.087500,0.115500,0.176000,0.383500
0.072500,0.039500,0.044000,0.064500,0.075000,0.057000,0.098000,0.087500,0.115500,0.176000,0.383500
0.072500,0.039500,0.044000,0.064500,0.075000,0.057000,0.098000,0.087500,0.115500,0.176000,0.383500
0.072500,0.039500,0.044000,0.064500,0.075000,0.057000,0.098000,0.087500,0.115500,0.176000,0.383500
0.072500,0.039500,0.044000,0.064500,0.075000,0.057000,0.098000,0.087500,0.115500,0.176000,0.383500
0.072500,0.039500,0.044000,0.064500,0.075000,0.057000,0.098000,0.087500,0.115500,0.176000,0.383500
0.072500,0.039500,0.044000,0.064500,0.075000,0.057000,0.098000,0.087500,0.115500,0.176000,0.383500
0.072500,0.039500,0.044000,0.064500,0.075000,0.057000,0.098000,0.087500,0.115500,0.176000,0.383500
0.072500,0.039500,0.044000,0.064500,0.075000,0.057000,0.098000,0.087500,0.115500,0.176000,0.383500
0.072500,0.039500,0.044000,0.064500,0.075000,0.057000,0.098000,0.087500,0.115500,0.176000,0.383500
0.072500,0.039500,0.044000,0.064500,0.075000,0.057000,0.098000,0.087500,0.115500,0.176000,0.383500
0.072500,0.039500,0.044000,0.064500,0.075000,0.057000,0.098000,0.087500,0.115500,0.176000,0.383500
0.072500,0.039500,0.044000,0.064500,0.075000,0.057000,0.098000,0.087500,0.115500,0.176000,0.383500
0.072500,0.039500,0.044000,0.064500,0.075000,0.057000,0.098000,0.087500,0.115500,0.176000,0.383500
0.072500,0.039500,0.044000,0.064500,0.075000,0.057000,0.098000,0.087500,0.115500,0.176000,0.383500
0.072500,0.039500,0.044000,0.064500,0.075000,0.057000,0.098000,0.087500,0.115500,0.176000,0.383500
0.072500,0.039500,0.044000,0.064500,0.075000,0.057000,0.098000,0.087500,0.115500,0.176000,0.383500
0.072500,0.039500,0.044000,0.064500,0.075000,0.057000,0.098000,0.087500,0.115500,0.176000,0.383500
0.072500,0.039500,0.044000,0.064500,0.075000,0.057000,0.098000,0.087500,0.115500,0.176000,0.383500
0.072500,0.039500,0.044000,0.064500,0.075000,0.057000,0.098000,0.087500,0.115500,0.176000,0.383500
0.072500,0.039500,0.044000,0.064500,0.075000,0.057000,0.098000,0.087500,0.115500,0.176000,0.383500
0.072500,0.039500,0.044000,0.064500,0.075000,0.057000,0.098000,0.087500,0.115500,0.176000,0.383500
0.072500,0.039500,0.044000,0.064500,0.075000,0.057000,0.098000,0.087500,0.115500,0.176000,0.383500
0.072500,0.039500,0.044000,0.064500,0.075000,0.057000,0.098000,0.087500,0.115500,0.176000,0.383500
0.072500,0.039500,0.044000,0.064500,0.075000,0.057000,0.098000,0.087500,0.115500,0.176000,0.383500
0.072500,0.039500,0.044000,0.064500,0.075000,0.057000,0.098000,0.087500,0.115500,0.176000,0.383500
0.072500,0.039500,0.044000,0.064500,0.075000,0.057000,0.098000,0.087500,0.115500,0.176000,0.383500
0.072500,0.039500,0.044000,0.064500,0.075000,0.057000,0.098000,0.087500,0.115500,0.176000,0.383500
0.072500,0.039500,0.044000,0.064500,0.075000,0.057000,0.098000,0.087500,0.115500,0.176000,0.383500
0.072500,0.039500,0.044000,0.064500,0.075000,0.057000,0.098000,0.087500,0.115500,0.176000,0.383500
0.072500,0.039500,0.044000,0.064500,0.075000,0.057000,0.098000,0.087500,0.115500,0.176000,0.383500
0.072500,0.039500,0.044000,0.064500,0.075000,0.057000,0.098000,0.087500,0.115500,0.176000,0.383500
0.072500,0.039500,0.044000,0.064500,0.075000,0.057000,0.098000,0.087500,0.115500,0.176000,0.383500
0.072500,0.039500,0.044000,0.064500,0.075000,0.057000,0.098000,0.087500,0.115500,0.176000,0.383500
0.072500,0.039500,0.044000,0.064500,0.075000,0.057000,0.098000,0.087500,0.115500,0.176000,0.383500
0.072500,0.039500,0.044000,0.064500,0.075000,0.057000,0.098000,0.087500,0.115500,0.176000,0.383500
0.072500,0.039500,0.044000,0.064500,0.075000,0.057000,0.098000,0.087500,0.115500,0.176000,0.383500
0.072500,0.039500,0.044000,0.064500,0.075000,0.057000,0.098000,0.087500,0.115500,0.176000,0.383500
0.072500,0.039500,0.044000,0.064500,0.075000,0.057000,0.098000,0.087500,0.115500,0.176000,0.383500
0.072500,0.039500,0.044000,0.064500,0.075000,0.057000,0.098000,0.087500,0.115500,0.176000,0.383500
0.072500,0.039500,0.044000,0.064500,0.075000,0.057000,0.098000,0.087500,0.115500,0.176000,0.383500
0.072500,0.039500,0.044000,0.064500,0.075000,0.057000,0.098000,0.087500,0.115500,0.176000,0.383500
0.072500,0.039500,0.044000,0.064500,0.075000,0.057000,0.098000,0.087500,0.115500,0.176000,0.383500
0.072500,0.039500,0.044000,0.064500,0.075000,0.057000,0.098000,0.087500,0.115500,0.176000,0.383500
0.072500,0.039500,0.044000,0.064500,0.075000,0.057000,0.098000,0.087500,0.115500,0.176000,0.383500
0.072500,0.039500,0.044000,0.064500,0.075000,0.057000,0.098000,0.087500,0.115500,0.176000,0.383500
0.072500,0.039500,0.044000,0.064500,0.075000,0.057000,0.098000,0.087500,0.115500,0.176000,0.383500
0.072500,0.039500,0.044000,0.064500,0.075000,0.057000,0.098000,0.087500,0.115500,0.176000,0.383500
0.072500,0.039500,0.044000,0.064500,0.075000,0.057000,0.098000,0.087500,0.115500,0.176000,0.383500
0.072500,0.039500,0.044000,0.064500,0.075000,0.057000,0.098000,0.087500,0.115500,0.176000,0.383500
0.072500,0.039500,0.044000,0.064500,0.075000,0.057000,0.098000,0.087500,0.115500,0.176000,0.383500
0.072500,0.039500,0.044000,0.064500,0.075000,0.057000,0.098000,0.087500,0.115500,0.176000,0.383500
0.072500,0.039500,0.044000,0.064500,0.075000,0.057000,0.098000,0.087500,0.115500,0.176000,0.383500
0.072500,0.039500,0.044000,0.064500,0.075000,0.057000,0.098000,0.087500,0.115500,0.176000,0.383500
0.072500,0.039500,0.044000,0.064500,0.075000,0.057000,0.098000,0.087500,0.115500,0.176000,0.383500
0.072500,0.039500,0.044000,0.064500,0.075000,0.057000,0.098000,0.087500,0.115500,0.176000,0.383500
0.072500,0.039500,0.044000,0.064500,0.075000,0.057000,0.098000,0.087500,0.115500,0.176000,0.383500
0.072500,0.039500,0.044000,0.064500,0.075000,0.057000,0.098000,0.087500,0.115500,0.176000,0.383500
0.072500,0.039500,0.044000,0.064500,0.075000,0.057000,0.098000,0.087500,0.115500,0.176000,0.383500
0.072500,0.039500,0.044000,0.064500,0.075000,0.057000,0.098000,0.087500,0.115500,0.176000,0.383500
0.072500,0.039500,0.044000,0.064500,0.075000,0.057000,0.098000,0.087500,0.115500,0.176000,0.383500
0.072500,0.039500,0.044000,0.064500,0.075000,0.057000,0.098000,0.087500,0.115500,0.176000,0.383500
0.072500,0.039500,0.044000,0.064500,0.075000,0.057000,0.098000,0.087500,0.115500,0.176000,0.383500
0.072500,0.039500,0.044000,0.064500,0.075000,0.057000,0.098000,0.087500,0.115500,0.176000,0.383500
0.072500,0.039500,0.044000,0.064500,0.075000,0.057000,0.098000,0.087500,0.115500,0.176000,0.383500
0.072500,0.039500,0.044000,0.064500,0.075000,0.057000,0.098000,0.087500,0.115500,0.176000,0.383500
0.072500,0.039500,0.044000,0.064500,0.075000,0.057000,0.098000,0.087500,0.115500,0.176000,0.383500
0.072500,0.039500,0.044000,0.064500,0.075000,0.057000,0.098000,0.087500,0.115500,0.176000,0.383500
0.072500,0.039500,0.044000,0.064500,0.075000,0.057000,0.098000,0.087500,0.115500,0.176000,0.383500
0.072500,0.039500,0.044000,0.064500,0.075000,0.057000,0.098000,0.087500,0.115500,0.176000,0.383500
0.072500,0.039500,0.044000,0.064500,0.075000,0.057000,0.098000,0.087500,0.115500,0.176000,0.383500
0.072500,0.039500,0.044000,0.064500,0.075000,0.057000,0.098000,0.087500,0.115500,0.176000,0.383500
0.072500,0.039500,0.044000,0.064500,0.075000,0.057000,0.098000,0.087500,0.115500,0.176000,0.383500
0.072500,0.039500,0.044000,0.064500,0.075000,0.057000,0.098000,0.087500,0.115500,0.176000,0.383500
0.072500,0.039500,0.044000,0.064500,0.075000,0.057000,0.098000,0.087500,0.115500,0.176000,0.383500
0.072500,0.039500,0.044000,0.064500,0.075000,0.057000,0.098000,0.087500,0.115500,0.176000,0.383500
0.072500,0.039500,0.044000,0.064500,0.075000,0.057000,0.098000,0.087500,0.115500,0.176000,0.383500
0.072500,0.039500,0.044000,0.064500,0.075000,0.057000,0.098000,0.087500,0.115500,0.176000,0.383500
0.072500,0.039500,0.044000,0.064500,0.075000,0.057000,0.098000,0.087500,0.115500,0.176000,0.383500
0.072500,0.039500,0.044000,0.064500,0.075000,0.057000,0.098000,0.087500,0.115500,0.176000,0.383500
0.072500,0.039500,0.044000,0.064500,0.075000,0.057000,0.098000,0.087500,0.115500,0.176000,0.383500
0.072500,0.039500,0.044000,0.064500,0.075000,0.057000,0.098000,0.087500,0.115500,0.176000,0.383500
0.072500,0.039500,0.044000,0.064500,0.075000,0.057000,0.098000,0.087500,0.115500,0.176000,0.383500
0.072500,0.039500,0.044000,0.064500,0.075000,0.057000,0.098000,0.087500,0.115500,0.176000,0.383500
0.072500,0.039500,0.044000,0.064500,0.075000,0.057000,0.098000,0.087500,0.115500,0.176000,0.383500
0.072500,0.039500,0.044000,0.064500,0.075000,0.057000,0.098000,0.087500,0.115500,0.176000,0.383500
0.072500,0.039500,0.044000,0.064500,0.075000,0.057000,0.098000,0.087500,0.115500,0.176000,0.383500
0.072500,0.039500,0.044000,0.064500,0.075000,0.057000,0.098000,0.087500,0.115500,0.176000,0.383500
0.072500,0.039500,0.044000,0.064500,0.075000,0.057000,0.098000,0.087500,0.115500,0.176000,0.383500
0.072500,0.039500,0.044000,0.064500,0.075000,0.057000,0.098000,0.087500,0.115500,0.176000,0.383500
0.072500,0.039500,0.044000,0.064500,0.075000,0.057000,0.098000,0.087500,0.115500,0.176000,0.383500
0.072500,0.039500,0.044000,0.064500,0.075000,0.057000,0.098000,0.087500,0.115500,0.176000,0.383500
0.072500,0.039500,0.044000,0.064500,0.075000,0.057000,0.098000,0.087500,0.115500,0.176000,0.383500
0.072500,0.039500,0.044000,0.064500,0.075000,0.057000,0.098000,0.087500,0.115500,0.176000,0.383500
0.072500,0.039500,0.044000,0.064500,0.075000,0.057000,0.098000,0.087500,0.115500,0.176000,0.383500
0.072500,0.039500,0.044000,0.064500,0.075000,0.057000,0.098000,0.087500,0.115500,0.176000,0.383500
0.072500,0.039500,0.044000,0.064500,0.075000,0.057000,0.098000,0.087500,0.115500,0.176000,0.383500
0.072500,0.039500,0.044000,0.064500,0.075000,0.057000,0.098000,0.087500,0.115500,0.176000,0.383500
0.072500,0.039500,0.044000,0.064500,0.075000,0.057000,0.098000,0.087500,0.115500,0.176000,0.383500
0.072500,0.039500,0.044000,0.064500,0.075000,0.057000,0.098000,0.087500,0.115500,0.176000,0.383500
0.072500,0.039500,0.044000,0.064500,0.075000,0.057000,0.098000,0.087500,0.115500,0.176000,0.383500
0.072500,0.039500,0.044000,0.064500,0.075000,0.057000,0.098000,0.087500,0.115500,0.176000,0.383500
0.072500,0.039500,0.044000,0.064500,0.075000,0.057000,0.098000,0.087500,0.115500,0.176000,0.383500
0.072500,0.039500,0.044000,0.064500,0.075000,0.057000,0.098000,0.087500,0.115500,0.176000,0.383500
0.072500,0.039500,0.044000,0.064500,0.075000,0.057000,0.098000,0.087500,0.115500,0.176000,0.383500
0.072500,0.039500,0.044000,0.064500,0.075000,0.057000,0.098000,0.087500,0.115500,0.176000,0.383500
0.072500,0.039500,0.044000,0.064500,0.075000,0.057000,0.098000,0.087500,0.115500,0.176000,0.383500
0.072500,0.039500,0.044000,0.064500,0.075000,0.057000,0.098000,0.087500,0.115500,0.176000,0.383500
0.072500,0.039500,0.044000,0.064500,0.075000,0.057000,0.098000,0.087500,0.115500,0.176000,0.383500
0.072500,0.039500,0.044000,0.064500,0.075000,0.057000,0.098000,0.087500,0.115500,0.176000,0.383500
0.072500,0.039500,0.044000,0.064500,0.075000,0.057000,0.098000,0.087500,0.115500,0.176000,0.383500
0.072500,0.039500,0.044000,0.064500,0.075000,0.057000,0.098000,0.087500,0.115500,0.176000,0.383500
0.072500,0.039500,0.044000,0.064500,0.075000,0.057000,0.098000,0.087500,0.115500,0.176000,0.383500
0.072500,0.039500,0.044000,0.064500,0.075000,0.057000,0.098000,0.087500,0.115500,0.176000,0.383500
0.072500,0.039500,0.044000,0.064500,0.075000,0.057000,0.098000,0.087500,0.115500,0.176000,0.383500
0.072500,0.039500,0.044000,0.064500,0.075000,0.057000,0.098000,0.087500,0.115500,0.176000,0.383500
0.072500,0.039500,0.044000,0.064500,0.075000,0.057000,0.098000,0.087500,0.115500,0.176000,0.383500
0.072500,0.039500,0.044000,0.064500,0.075000,0.057000,0.098000,0.087500,0.115500,0.176000,0.383500
0.072500,0.039500,0.044000,0.064500,0.075000,0.057000,0.098000,0.087500,0.115500,0.176000,0.383500
0.072500,0.039500,0.044000,0.064500,0.075000,0.057000,0.098000,0.087500,0.115500,0.176000,0.383500
0.072500,0.039500,0.044000,0.064500,0.075000,0.057000,0.098000,0.087500,0.115500,0.176000,0.383500
0.072500,0.039500,0.044000,0.064500,0.075000,0.057000,0.098000,0.087500,0.115500,0.176000,0.383500
0.072500,0.039500,0.044000,0.064500,0.075000,0.057000,0.098000,0.087500,0.115500,0.176000,0.383500
0.072500,0.039500,0.044000,0.064500,0.075000,0.057000,0.098000,0.087500,0.115500,0.176000,0.383500
0.072500,0.039500,0.044000,0.064500,0.075000,0.057000,0.098000,0.087500,0.115500,0.176000,0.383500
0.072500,0.039500,0.044000,0.064500,0.075000,0.057000,0.098000,0.087500,0.115500,0.176000,0.383500
0.072500,0.039500,0.044000,0.064500,0.075000,0.057000,0.098000,0.087500,0.115500,0.176000,0.383500
0.072500,0.039500,0.044000,0.064500,0.075000,0.057000,0.098000,0.087500,0.115500,0.176000,0.383500
0.072500,0.039500,0.044000,0.064500,0.075000,0.057000,0.098000,0.087500,0.115500,0.176000,0.383500
0.072500,0.039500,0.044000,0.064500,0.075000,0.057000,0.098000,0.087500,0.115500,0.176000,0.383500
0.072500,0.039500,0.044000,0.064500,0.075000,0.057000,0.098000,0.087500,0.115500,0.176000,0.383500
0.072500,0.039500,0.044000,0.064500,0.075000,0.057000,0.098000,0.087500,0.115500,0.176000,0.383500
0.072500,0.039500,0.044000,0.064500,0.075000,0.057000,0.098000,0.087500,0.115500,0.176000,0.383500
0.072500,0.039500,0.044000,0.064500,0.075000,0.057000,0.098000,0.087500,0.115500,0.176000,0.383500
0.072500,0.039500,0.044000,0.064500,0.075000,0.057000,0.098000,0.087500,0.115500,0.176000,0.383500
0.072500,0.039500,0.044000,0.064500,0.075000,0.057000,0.098000,0.087500,0.115500,0.176000,0.383500
0.072500,0.039500,0.044000,0.064500,0.075000,0.057000,0.098000,0.087500,0.115500,0.176000,0.383500
0.072500,0.039500,0.044000,0.064500,0.075000,0.057000,0.098000,0.087500,0.115500,0.176000,0.383500
0.072500,0.039500,0.044000,0.064500,0.075000,0.057000,0.098000,0.087500,0.115500,0.176000,0.383500
0.072500,0.039500,0.044000,0.064500,0.075000,0.057000,0.098000,0.087500,0.115500,0.176000,0.383500
0.072500,0.039500,0.044000,0.064500,0.075000,0.057000,0.098000,0.087500,0.115500,0.176000,0.383500
0.072500,0.039500,0.044000,0.064500,0.075000,0.057000,0.098000,0.087500,0.115500,0.176000,0.383500
0.072500,0.039500,0.044000,0.064500,0.075000,0.057000,0.098000,0.087500,0.115500,0.176000,0.383500
0.072500,0.039500,0.044000,0.064500,0.075000,0.057000,0.098000,0.087500,0.115500,0.176000,0.383500
0.072500,0.039500,0.044000,0.064500,0.075000,0.057000,0.098000,0.087500,0.115500,0.176000,0.383500
0.072500,0.039500,0.044000,0.064500,0.075000,0.057000,0.098000,0.087500,0.115500,0.176000,0.383500
0.072500,0.039500,0.044000,0.064500,0.075000,0.057000,0.098000,0.087500,0.115500,0.176000,0.383500
0.072500,0.039500,0.044000,0.064500,0.075000,0.057000,0.098000,0.087500,0.115500,0.176000,0.383500
0.072500,0.039500,0.044000,0.064500,0.075000,0.057000,0.098000,0.087500,0.115500,0.176000,0.383500
0.072500,0.039500,0.044000,0.064500,0.075000,0.057000,0.098000,0.087500,0.115500,0.176000,0.383500
0.072500,0.039500,0.044000,0.064500,0.075000,0.057000,0.098000,0.087500,0.115500,0.176000,0.383500
0.072500,0.039500,0.044000,0.064500,0.075000,0.057000,0.098000,0.087500,0.115500,0.176000,0.383500
0.072500,0.039500,0.044000,0.064500,0.075000,0.057000,0.098000,0.087500,0.115500,0.176000,0.383500
0.072500,0.039500,0.044000,0.064500,0.075000,0.057000,0.098000,0.087500,0.115500,0.176000,0.383500
0.072500,0.039500,0.044000,0.064500,0.075000,0.057000,0.098000,0.087500,0.115500,0.176000,0.383500
0.072500,0.039500,0.044000,0.064500,0.075000,0.057000,0.098000,0.087500,0.115500,0.176000,0.383500
0.072500,0.039500,0.044000,0.064500,0.075000,0.057000,0.098000,0.087500,0.115500,0.176000,0.383500
0.072500,0.039500,0.044000,0.064500,0.075000,0.057000,0.098000,0.087500,0.115500,0.176000,0.383500
0.072500,0.039500,0.044000,0.064500,0.075000,0.057000,0.098000,0.087500,0.115500,0.176000,0.383500
0.072500,0.039500,0.044000,0.064500,0.075000,0.057000,0.098000,0.087500,0.115500,0.176000,0.383500
0.072500,0.039500,0.044000,0.064500,0.075000,0.057000,0.098000,0.087500,0.115500,0.176000,0.383500
0.072500,0.039500,0.044000,0.064500,0.075000,0.057000,0.098000,0.087500,0.115500,0.176000,0.383500
0.072500,0.039500,0.044000,0.064500,0.075000,0.057000,0.098000,0.087500,0.115500,0.176000,0.383500
0.072500,0.039500,0.044000,0.064500,0.075000,0.057000,0.098000,0.087500,0.115500,0.176000,0.383500
0.072500,0.039500,0.044000,0.064500,0.075000,0.057000,0.098000,0.087500,0.115500,0.176000,0.383500
0.072500,0.039500,0.044000,0.064500,0.075000,0.057000,0.098000,0.087500,0.115500,0.176000,0.383500
0.072500,0.039500,0.044000,0.064500,0.075000,0.057000,0.098000,0.087500,0.115500,0.176000,0.383500
0.072500,0.039500,0.044000,0.064500,0.075000,0.057000,0.098000,0.087500,0.115500,0.176000,0.383500
0.072500,0.039500,0.044000,0.064500,0.075000,0.057000,0.098000,0.087500,0.115500,0.176000,0.383500
0.072500,0.039500,0.044000,0.064500,0.075000,0.057000,0.098000,0.087500,0.115500,0.176000,0.383500
0.072500,0.039500,0.044000,0.064500,0.075000,0.057000,0.098000,0.087500,0.115500,0.176000,0.383500
0.072500,0.039500,0.044000,0.064500,0.075000,0.057000,0.098000,0.087500,0.115500,0.176000,0.383500
0.072500,0.039500,0.044000,0.064500,0.075000,0.057000,0.098000,0.087500,0.115500,0.176000,0.383500
0.072500,0.039500,0.044000,0.064500,0.075000,0.057000,0.098000,0.087500,0.115500,0.176000,0.383500
0.072500,0.039500,0.044000,0.064500,0.075000,0.057000,0.098000,0.087500,0.115500,0.176000,0.383500
0.072500,0.039500,0.044000,0.064500,0.075000,0.057000,0.098000,0.087500,0.115500,0.176000,0.383500
0.072500,0.039500,0.044000,0.064500,0.075000,0.057000,0.098000,0.087500,0.115500,0.176000,0.383500
0.072500,0.039500,0.044000,0.064500,0.075000,0.057000,0.098000,0.087500,0.115500,0.176000,0.383500
0.072500,0.039500,0.044000,0.064500,0.075000,0.057000,0.098000,0.087500,0.115500,0.176000,0.383500
0.072500,0.039500,0.044000,0.064500,0.075000,0.057000,0.098000,0.087500,0.115500,0.176000,0.383500
0.072500,0.039500,0.044000,0.064500,0.075000,0.057000,0.098000,0.087500,0.115500,0.176000,0.383500
0.072500,0.039500,0.044000,0.064500,0.075000,0.057000,0.098000,0.087500,0.115500,0.176000,0.383500
0.072500,0.039500,0.044000,0.064500,0.075000,0.057000,0.098000,0.087500,0.115500,0.176000,0.383500
0.072500,0.039500,0.044000,0.064500,0.075000,0.057000,0.098000,0.087500,0.115500,0.176000,0.383500
0.072500,0.039500,0.044000,0.064500,0.075000,0.057000,0.098000,0.087500,0.115500,0.176000,0.383500
0.072500,0.039500,0.044000,0.064500,0.075000,0.057000,0.098000,0.087500,0.115500,0.176000,0.383500
0.072500,0.039500,0.044000,0.064500,0.075000,0.057000,0.098000,0.087500,0.115500,0.176000,0.383500
0.072500,0.039500,0.044000,0.064500,0.075000,0.057000,0.098000,0.087500,0.115500,0.176000,0.383500
0.072500,0.039500,0.044000,0.064500,0.075000,0.057000,0.098000,0.087500,0.115500,0.176000,0.383500
0.072500,0.039500,0.044000,0.064500,0.075000,0.057000,0.098000,0.087500,0.115500,0.176000,0.383500
0.072500,0.039500,0.044000,0.064500,0.075000,0.057000,0.098000,0.087500,0.115500,0.176000,0.383500
0.072500,0.039500,0.044000,0.064500,0.075000,0.057000,0.098000,0.087500,0.115500,0.176000,0.383500
0.072500,0.039500,0.044000,0.064500,0.075000,0.057000,0.098000,0.087500,0.115500,0.176000,0.383500
0.072500,0.039500,0.044000,0.064500,0.075000,0.057000,0.098000,0.087500,0.115500,0.176000,0.383500
0.072500,0.039500,0.044000,0.064500,0.075000,0.057000,0.098000,0.087500,0.115500,0.176000,0.383500
0.072500,0.039500,0.044000,0.064500,0.075000,0.057000,0.098000,0.087500,0.115500,0.176000,0.383500
0.072500,0.039500,0.044000,0.064500,0.075000,0.057000,0.098000,0.087500,0.115500,0.176000,0.383500
0.072500,0.039500,0.044000,0.064500,0.075000,0.057000,0.098000,0.087500,0.115500,0.176000,0.383500
0.072500,0.039500,0.044000,0.064500,0.075000,0.057000,0.098000,0.087500,0.115500,0.176000,0.383500
0.072500,0.039500,0.044000,0.064500,0.075000,0.057000,0.098000,0.087500,0.115500,0.176000,0.383500
0.072500,0.039500,0.044000,0.064500,0.075000,0.057000,0.098000,0.087500,0.115500,0.176000,0.383500
0.072500,0.039500,0.044000,0.064500,0.075000,0.057000,0.098000,0.087500,0.115500,0.176000,0.383500
0.072500,0.039500,0.044000,0.064500,0.075000,0.057000,0.098000,0.087500,0.115500,0.176000,0.383500
0.072500,0.039500,0.044000,0.064500,0.075000,0.057000,0.098000,0.087500,0.115500,0.176000,0.383500
0.072500,0.039500,0.044000,0.064500,0.075000,0.057000,0.098000,0.087500,0.115500,0.176000,0.383500
0.072500,0.039500,0.044000,0.064500,0.075000,0.057000,0.098000,0.087500,0.115500,0.176000,0.383500
0.072500,0.039500,0.044000,0.064500,0.075000,0.057000,0.098000,0.087500,0.115500,0.176000,0.383500
0.072500,0.039500,0.044000,0.064500,0.075000,0.057000,0.098000,0.087500,0.115500,0.176000,0.383500
0.072500,0.039500,0.044000,0.064500,0.075000,0.057000,0.098000,0.087500,0.115500,0.176000,0.383500
0.072500,0.039500,0.044000,0.064500,0.075000,0.057000,0.098000,0.087500,0.115500,0.176000,0.383500
0.072500,0.039500,0.044000,0.064500,0.075000,0.057000,0.098000,0.087500,0.115500,0.176000,0.383500
0.072500,0.039500,0.044000,0.064500,0.075000,0.057000,0.098000,0.087500,0.115500,0.176000,0.383500
0.072500,0.039500,0.044000,0.064500,0.075000,0.057000,0.098000,0.087500,0.115500,0.176000,0.383500
0.072500,0.039500,0.044000,0.064500,0.075000,0.057000,0.098000,0.087500,0.115500,0.176000,0.383500
0.072500,0.039500,0.044000,0.064500,0.075000,0.057000,0.098000,0.087500,0.115500,0.176000,0.383500
0.072500,0.039500,0.044000,0.064500,0.075000,0.057000,0.098000,0.087500,0.115500,0.176000,0.383500
0.072500,0.039500,0.044000,0.064500,0.075000,0.057000,0.098000,0.087500,0.115500,0.176000,0.383500
0.181572,0.039500,0.044000,0.064500,0.075000,0.057000,0.098000,0.087500,0.115500,0.176000,0.383500
0.290644,0.039500,0.044000,0.064500,0.075000,0.057000,0.098000,0.087500,0.115500,0.176000,0.383500
0.399716,0.039500,0.044000,0.064500,0.075000,0.057000,0.098000,0.087500,0.115500,0.176000,0.383500
0.290644,0.039500,0.044000,0.064500,0.075000,0.057000,0.098000,0.087500,0.115500,0.176000,0.383500
0.181572,0.039500,0.044000,0.064500,0.075000,0.057000,0.098000,0.087500,0.115500,0.176000,0.383500
0.072500,0.039500,0.044000,0.064500,0.075000,0.057000,0.098000,0.087500,0.115500,0.176000,0.383500
0.072500,0.039500,0.044000,0.064500,0.075000,0.057000,0.098000,0.087500,0.115500,0.176000,1.687853
0.072500,0.039500,0.044000,0.064500,0.075000,0.057000,0.098000,0.087500,0.115500,0.176000,2.992206
0.072500,0.039500,0.044000,0.064500,0.075000,0.057000,0.098000,0.087500,0.115500,0.176000,4.296560
0.072500,0.039500,0.044000,0.064500,0.075000,0.057000,0.098000,0.087500,0.115500,0.176000,5.600913
0.072500,0.039500,0.044000,0.064500,0.075000,0.057000,0.098000,0.087500,0.115500,0.176000,4.296560
0.072500,0.039500,0.044000,0.465769,0.075000,0.057000,0.098000,0.087500,0.115500,0.176000,2.992206
0.072500,0.039500,0.044000,0.867037,0.075000,0.057000,0.098000,0.087500,0.115500,0.176000,1.687853
0.072500,0.039500,0.044000,1.268306,0.075000,0.057000,0.098000,0.087500,0.115500,0.176000,0.383500
0.072500,0.039500,0.044000,0.867037,0.075000,0.057000,0.098000,0.087500,0.115500,0.176000,0.383500
0.072500,0.039500,0.044000,0.465769,0.075000,0.057000,0.098000,0.087500,0.115500,0.176000,0.383500
0.072500,0.039500,0.044000,0.064500,0.075000,0.057000,0.098000,0.087500,0.115500,0.176000,0.383500
0.072500,0.039500,0.044000,0.064500,0.075000,0.057000,0.098000,0.087500,0.115500,0.176000,0.383500
0.072500,0.039500,0.044000,0.064500,0.075000,0.188438,0.098000,0.087500,0.115500,0.176000,0.383500
0.072500,0.039500,0.044000,0.064500,0.596341,0.319877,0.098000,0.087500,0.115500,0.176000,0.383500
0.072500,0.039500,0.044000,0.064500,1.117681,0.451315,0.098000,0.087500,0.115500,0.176000,0.383500
0.072500,0.039500,0.044000,0.064500,1.639022,0.319877,0.098000,0.087500,0.115500,0.176000,0.383500
0.072500,0.039500,0.044000,0.064500,1.117681,0.188438,0.098000,0.087500,0.115500,0.176000,0.383500
0.072500,0.039500,0.044000,0.064500,0.596341,0.057000,0.098000,0.087500,0.115500,0.176000,0.383500
0.072500,0.039500,0.044000,0.064500,0.075000,0.057000,0.098000,0.087500,0.115500,0.176000,0.383500
0.072500,0.039500,0.044000,0.064500,0.075000,0.057000,0.098000,0.087500,0.115500,0.176000,0.383500
0.072500,0.039500,0.044000,0.064500,0.075000,0.057000,0.098000,0.087500,0.115500,0.176000,0.383500
0.072500,0.039500,0.044000,0.064500,0.075000,0.057000,0.098000,0.087500,0.115500,0.176000,0.383500
0.072500,0.039500,0.044000,0.064500,0.075000,0.057000,0.098000,0.087500,0.115500,0.176000,0.383500
0.072500,0.039500,0.044000,0.064500,0.075000,0.057000,0.098000,0.087500,0.115500,0.176000,0.383500
0.072500,0.039500,0.044000,0.064500,0.075000,0.057000,0.098000,0.087500,0.115500,0.176000,0.383500
0.072500,0.039500,0.044000,0.064500,0.075000,0.057000,0.098000,0.087500,0.115500,0.176000,0.383500
0.072500,0.039500,0.044000,0.064500,0.075000,0.057000,0.098000,0.087500,0.115500,0.176000,0.383500
0.072500,0.039500,0.044000,0.064500,0.075000,0.057000,0.098000,0.087500,0.115500,0.176000,0.383500
0.072500,0.039500,0.044000,0.064500,0.075000,0.057000,0.098000,0.087500,0.115500,0.176000,0.383500
0.072500,0.039500,0.044000,0.064500,0.075000,0.057000,0.098000,0.087500,0.115500,0.176000,0.383500
0.072500,0.039500,0.044000,0.064500,0.075000,0.057000,0.098000,0.087500,0.115500,0.176000,0.383500
0.072500,0.039500,0.044000,0.064500,0.075000,0.057000,0.098000,0.087500,0.115500,0.176000,0.383500
0.072500,0.039500,0.044000,0.064500,0.075000,0.057000,0.098000,0.087500,1.294105,0.176000,0.383500
0.072500,0.039500,0.044000,0.064500,0.075000,0.057000,0.098000,0.087500,2.472710,0.176000,0.383500
0.072500,0.039500,0.044000,0.064500,0.075000,0.057000,0.098000,0.087500,3.651315,0.176000,0.383500
0.072500,0.039500,0.044000,0.064500,0.075000,0.057000,0.098000,0.087500,2.472710,0.176000,0.383500
0.072500,0.039500,0.044000,0.064500,0.075000,0.057000,0.098000,0.087500,1.294105,0.176000,0.383500
0.072500,0.039500,0.044000,0.064500,0.075000,0.057000,0.098000,0.087500,0.115500,0.176000,0.383500
0.072500,0.039500,0.044000,0.064500,0.075000,0.057000,0.098000,0.137679,0.115500,0.176000,0.383500
0.072500,0.039500,0.044000,0.064500,0.075000,0.057000,0.098000,0.187858,0.115500,0.176000,0.383500
0.072500,0.039500,0.044000,0.064500,0.075000,0.057000,0.098000,0.238037,0.115500,0.176000,0.383500
0.072500,0.039500,0.044000,0.064500,0.075000,0.057000,0.098000,0.187858,0.115500,0.176000,0.383500
0.072500,0.039500,0.044000,0.064500,0.075000,0.057000,0.098000,0.137679,0.115500,0.176000,0.383500
0.072500,0.039500,0.044000,0.064500,0.075000,0.057000,0.098000,0.087500,0.115500,0.176000,0.383500
0.072500,0.039500,0.044000,0.064500,0.075000,0.057000,0.098000,0.087500,0.115500,0.176000,0.383500
0.072500,0.039500,0.434587,0.064500,0.075000,0.057000,0.098000,0.087500,0.115500,0.176000,0.383500
0.072500,0.039500,0.825175,0.064500,0.075000,0.057000,0.098000,0.087500,0.115500,0.176000,0.383500
0.072500,0.039500,1.215762,0.064500,0.075000,0.057000,0.098000,0.087500,0.115500,0.176000,0.383500
0.072500,0.039500,0.825175,0.064500,0.075000,0.057000,0.098000,0.087500,0.115500,0.176000,0.383500
0.072500,0.039500,0.434587,0.064500,0.075000,0.057000,0.098000,0.087500,0.115500,0.176000,0.383500
0.072500,0.039500,0.044000,0.064500,0.075000,0.057000,0.098000,0.087500,0.115500,0.320361,0.383500
0.072500,0.039500,0.044000,0.064500,0.075000,0.057000,0.098000,0.087500,0.115500,0.464722,0.383500
0.072500,0.039500,0.044000,0.064500,0.075000,0.057000,0.378178,0.087500,0.115500,0.609083,0.383500
0.072500,0.039500,0.044000,0.064500,0.075000,0.057000,0.658357,0.087500,0.115500,0.464722,0.383500
0.072500,0.039500,0.044000,0.064500,0.075000,0.057000,0.938535,0.087500,0.115500,0.320361,0.383500
0.072500,0.039500,0.044000,0.064500,0.075000,0.057000,0.658357,0.087500,0.115500,0.176000,0.383500
0.072500,0.039500,0.044000,0.064500,0.075000,0.057000,0.378178,0.087500,0.115500,0.176000,0.383500
0.072500,0.039500,0.044000,0.064500,0.075000,0.057000,0.098000,0.087500,0.115500,0.176000,0.383500
0.072500,0.039500,0.044000,0.064500,0.075000,0.057000,0.098000,0.087500,0.115500,0.176000,0.383500
0.072500,0.039500,0.044000,0.064500,0.075000,0.057000,0.098000,0.087500,0.115500,0.176000,0.383500
0.072500,0.039500,0.044000,0.064500,0.075000,0.057000,0.098000,0.087500,0.115500,0.176000,0.383500
0.072500,0.039500,0.044000,0.064500,0.075000,0.057000,0.098000,0.087500,0.115500,0.176000,0.383500
0.072500,0.039500,0.044000,0.064500,0.075000,0.057000,0.098000,0.087500,0.115500,0.176000,0.383500
0.072500,0.039500,0.044000,0.064500,0.075000,0.057000,0.098000,0.087500,0.115500,0.176000,0.383500
0.072500,0.039500,0.044000,0.064500,0.075000,0.057000,0.098000,0.087500,0.115500,0.176000,0.383500
0.072500,0.039500,0.044000,0.064500,0.075000,0.057000,0.098000,0.087500,0.115500,0.176000,0.383500
0.072500,0.039500,0.044000,0.064500,0.075000,0.057000,0.098000,0.087500,0.115500,0.176000,0.383500
0.072500,0.039500,0.044000,0.064500,0.075000,0.057000,0.098000,0.087500,0.115500,0.176000,0.383500
0.072500,0.039500,0.044000,0.064500,0.075000,0.057000,0.098000,0.087500,0.115500,0.176000,0.383500
0.072500,0.039500,0.044000,0.064500,0.075000,0.057000,0.098000,0.087500,0.115500,0.176000,0.383500
0.072500,0.039500,0.044000,0.064500,0.075000,0.057000,0.098000,0.087500,0.115500,0.176000,0.383500
0.072500,0.039500,0.044000,0.064500,0.075000,0.057000,0.098000,0.087500,0.115500,0.176000,0.383500
0.072500,0.039500,0.044000,0.064500,0.075000,0.057000,0.098000,0.087500,0.115500,0.176000,0.383500
0.072500,0.039500,0.044000,0.064500,0.075000,0.057000,0.098000,0.087500,0.115500,0.176000,0.383500
0.072500,0.039500,0.044000,0.064500,0.075000,0.057000,0.098000,0.087500,0.115500,0.176000,0.383500
0.072500,0.039500,0.044000,0.064500,0.075000,0.057000,0.098000,0.087500,0.115500,0.176000,0.383500
0.072500,0.039500,0.044000,0.064500,0.075000,0.057000,0.098000,0.087500,0.115500,0.176000,0.383500
0.072500,0.039500,0.044000,0.064500,0.075000,0.057000,0.098000,0.087500,0.115500,0.176000,0.383500
0.072500,0.039500,0.044000,0.064500,0.075000,0.057000,0.098000,0.087500,0.115500,0.176000,0.383500
0.072500,0.039500,0.044000,0.064500,0.075000,0.057000,0.098000,0.087500,0.115500,0.176000,0.383500
0.072500,0.039500,0.044000,0.064500,0.075000,0.057000,0.098000,0.087500,0.115500,0.176000,0.383500
0.072500,0.039500,0.044000,0.064500,0.075000,0.057000,0.098000,0.087500,0.115500,0.176000,0.383500
0.072500,0.039500,0.044000,0.064500,0.075000,0.057000,0.098000,0.087500,0.115500,0.176000,0.383500
0.072500,0.039500,0.044000,0.064500,0.075000,0.057000,0.098000,0.087500,0.115500,0.176000,0.383500
0.072500,0.039500,0.044000,0.064500,0.075000,0.057000,0.098000,0.087500,0.115500,0.176000,0.383500
0.072500,0.039500,0.044000,0.064500,0.075000,0.057000,0.098000,0.087500,0.115500,0.176000,0.383500
0.072500,0.039500,0.044000,0.064500,0.075000,0.057000,0.098000,0.087500,0.115500,0.176000,0.383500
0.072500,0.039500,0.044000,0.064500,0.075000,0.057000,0.098000,0.087500,0.115500,0.176000,0.383500
0.072500,0.039500,0.044000,0.064500,0.075000,0.057000,0.098000,0.087500,0.115500,0.176000,0.383500
0.072500,0.039500,0.044000,0.064500,0.075000,0.057000,0.098000,0.087500,0.115500,0.176000,0.383500
0.072500,0.039500,0.044000,0.064500,0.075000,0.057000,0.098000,0.087500,0.115500,0.176000,0.383500
0.072500,0.039500,0.044000,0.064500,0.075000,0.057000,0.098000,0.087500,0.115500,0.176000,0.383500
0.072500,0.039500,0.044000,0.064500,0.075000,0.057000,0.098000,0.087500,0.115500,0.176000,0.383500
0.072500,0.039500,0.044000,0.064500,0.075000,0.057000,0.098000,0.087500,0.115500,0.176000,0.383500
0.072500,0.039500,0.044000,0.064500,0.075000,0.057000,0.098000,0.087500,0.115500,0.176000,0.383500
0.072500,0.039500,0.044000,0.064500,0.075000,0.057000,0.098000,0.087500,0.115500,0.176000,0.383500
0.072500,0.039500,0.044000,0.064500,0.075000,0.057000,0.098000,0.087500,0.115500,0.176000,0.383500
0.072500,0.039500,0.044000,0.064500,0.075000,0.057000,0.098000,0.087500,0.115500,0.176000,0.383500
0.072500,0.039500,0.044000,0.064500,0.075000,0.057000,0.098000,0.087500,0.115500,0.176000,0.383500
0.072500,0.039500,0.044000,0.064500,0.075000,0.057000,0.098000,0.087500,0.115500,0.176000,0.383500
0.072500,0.039500,0.044000,0.064500,0.075000,0.057000,0.098000,0.087500,0.115500,0.176000,0.383500
0.072500,0.039500,0.044000,0.064500,0.075000,0.057000,0.098000,0.087500,0.115500,0.176000,0.383500
0.072500,0.039500,0.044000,0.064500,0.075000,0.057000,0.098000,0.087500,0.115500,0.176000,0.383500
0.072500,0.039500,0.044000,0.064500,0.075000,0.057000,0.098000,0.087500,0.115500,0.176000,0.383500
0.072500,0.039500,0.044000,0.064500,0.075000,0.057000,0.098000,0.087500,0.115500,0.176000,0.383500
0.072500,0.039500,0.044000,0.064500,0.075000,0.057000,0.098000,0.087500,0.115500,0.176000,0.383500
0.072500,0.039500,0.044000,0.064500,0.075000,0.057000,0.098000,0.087500,0.115500,0.176000,0.383500
0.072500,0.039500,0.044000,0.064500,0.075000,0.057000,0.098000,0.087500,0.115500,0.176000,0.383500
0.072500,0.039500,0.044000,0.064500,0.075000,0.057000,0.098000,0.087500,0.115500,0.176000,0.383500
0.072500,0.039500,0.044000,0.064500,0.075000,0.057000,0.098000,0.087500,0.115500,0.176000,0.383500
0.072500,0.039500,0.044000,0.064500,0.075000,0.057000,0.098000,0.087500,0.115500,0.176000,0.383500
0.072500,0.039500,0.044000,0.064500,0.075000,0.057000,0.098000,0.087500,0.115500,0.176000,0.383500
0.072500,0.039500,0.044000,0.064500,0.075000,0.057000,0.098000,0.087500,0.115500,0.176000,0.383500
0.072500,0.039500,0.044000,0.064500,0.075000,0.057000,0.098000,0.087500,0.115500,0.176000,0.383500
0.072500,0.039500,0.044000,0.064500,0.075000,0.057000,0.098000,0.087500,0.115500,0.176000,0.383500
0.072500,0.039500,0.044000,0.064500,0.075000,0.057000,0.098000,0.087500,0.115500,0.176000,0.383500
0.072500,0.039500,0.044000,0.064500,0.075000,0.057000,0.098000,0.087500,0.115500,0.176000,0.383500
0.072500,0.039500,0.044000,0.064500,0.075000,0.057000,0.098000,0.087500,0.115500,0.176000,0.383500
0.072500,0.039500,0.044000,0.064500,0.075000,0.057000,0.098000,0.087500,0.115500,0.176000,0.383500
0.072500,0.039500,0.044000,0.064500,0.075000,0.057000,0.098000,0.087500,0.115500,0.176000,0.383500
0.072500,0.039500,0.044000,0.064500,0.075000,0.057000,0.098000,0.087500,0.115500,0.176000,0.383500
0.072500,0.039500,0.044000,0.064500,0.075000,0.057000,0.098000,0.087500,0.115500,0.176000,0.383500
0.072500,0.039500,0.044000,0.064500,0.075000,0.057000,0.098000,0.087500,0.115500,0.176000,0.383500
0.072500,0.039500,0.044000,0.064500,0.075000,0.057000,0.098000,0.087500,0.115500,0.176000,0.383500
0.072500,0.039500,0.044000,0.064500,0.075000,0.057000,0.098000,0.087500,0.115500,0.176000,0.383500
0.072500,0.039500,0.044000,0.064500,0.075000,0.057000,0.098000,0.087500,0.115500,0.176000,0.383500
0.072500,0.039500,0.044000,0.064500,0.075000,0.057000,0.098000,0.087500,0.115500,0.176000,0.383500
0.072500,0.039500,0.044000,0.064500,0.075000,0.057000,0.098000,0.087500,0.115500,0.176000,0.383500
0.072500,0.039500,0.044000,0.064500,0.075000,0.057000,0.098000,0.087500,0.115500,0.176000,0.383500
0.072500,0.039500,0.044000,0.064500,0.075000,0.057000,0.098000,0.087500,0.115500,0.176000,0.383500
0.072500,0.039500,0.044000,0.064500,0.075000,0.057000,0.098000,0.087500,0.115500,0.176000,0.383500
0.072500,0.039500,0.044000,0.064500,0.075000,0.057000,0.098000,0.087500,0.115500,0.176000,0.383500
0.072500,0.039500,0.044000,0.064500,0.075000,0.057000,0.098000,0.087500,0.115500,0.176000,0.383500
0.072500,0.039500,0.044000,0.064500,0.075000,0.057000,0.098000,0.087500,0.115500,0.176000,0.383500
0.072500,0.039500,0.044000,0.064500,0.075000,0.057000,0.098000,0.087500,0.115500,0.176000,0.383500
0.072500,0.039500,0.044000,0.064500,0.075000,0.057000,0.098000,0.087500,0.115500,0.176000,0.383500
0.072500,0.039500,0.044000,0.064500,0.075000,0.057000,0.098000,0.087500,0.115500,0.176000,0.383500
0.072500,0.039500,0.044000,0.064500,0.075000,0.057000,0.098000,0.087500,0.115500,0.176000,0.383500
0.072500,0.039500,0.044000,0.064500,0.075000,0.057000,0.098000,0.087500,0.115500,0.176000,0.383500
0.072500,0.039500,0.044000,0.064500,0.075000,0.057000,0.098000,0.087500,0.115500,0.176000,0.383500
0.072500,0.039500,0.044000,0.064500,0.075000,0.057000,0.098000,0.087500,0.115500,0.176000,0.383500
0.072500,0.039500,0.044000,0.064500,0.075000,0.057000,0.098000,0.087500,0.115500,0.176000,0.383500
0.072500,0.039500,0.044000,0.064500,0.075000,0.057000,0.098000,0.087500,0.115500,0.176000,0.383500
0.072500,0.039500,0.044000,0.064500,0.075000,0.057000,0.098000,0.087500,0.115500,0.176000,0.383500
0.072500,0.039500,0.044000,0.064500,0.075000,0.057000,0.098000,0.087500,0.115500,0.176000,0.383500
0.072500,0.039500,0.044000,0.064500,0.075000,0.057000,0.098000,0.087500,0.115500,0.176000,0.383500
0.072500,0.039500,0.044000,0.064500,0.075000,0.057000,0.098000,0.087500,0.115500,0.176000,0.383500
0.072500,0.039500,0.044000,0.064500,0.075000,0.057000,0.098000,0.087500,0.115500,0.176000,0.383500
0.072500,0.039500,0.044000,0.064500,0.075000,0.057000,0.098000,0.087500,0.115500,0.176000,0.383500
0.072500,0.039500,0.044000,0.064500,0.075000,0.057000,0.098000,0.087500,0.115500,0.176000,0.383500
0.072500,0.039500,0.044000,0.064500,0.075000,0.057000,0.098000,0.087500,0.115500,0.176000,0.383500
0.072500,0.039500,0.044000,0.064500,0.075000,0.057000,0.098000,0.087500,0.115500,0.176000,0.383500
0.072500,0.039500,0.044000,0.064500,0.075000,0.057000,0.098000,0.087500,0.115500,0.176000,0.383500
0.072500,0.039500,0.044000,0.064500,0.075000,0.057000,0.098000,0.087500,0.115500,0.176000,0.383500
0.072500,0.039500,0.044000,0.064500,0.075000,0.057000,0.098000,0.087500,0.115500,0.176000,0.383500
0.072500,0.039500,0.044000,0.064500,0.075000,0.057000,0.098000,0.087500,0.115500,0.176000,0.383500
0.072500,0.039500,0.044000,0.064500,0.075000,0.057000,0.098000,0.087500,0.115500,0.176000,0.383500
0.072500,0.039500,0.044000,0.064500,0.075000,0.057000,0.098000,0.087500,0.115500,0.176000,0.383500
0.072500,0.039500,0.044000,0.064500,0.075000,0.057000,0.098000,0.087500,0.115500,0.176000,0.383500
0.072500,0.039500,0.044000,0.064500,0.075000,0.057000,0.098000,0.087500,0.115500,0.176000,0.383500
0.072500,0.039500,0.044000,0.064500,0.075000,0.057000,0.098000,0.087500,0.115500,0.176000,0.383500
0.072500,0.039500,0.044000,0.064500,0.075000,0.057000,0.098000,0.087500,0.115500,0.176000,0.383500
0.072500,0.039500,0.044000,0.064500,0.075000,0.057000,0.098000,0.087500,0.115500,0.176000,0.383500
0.072500,0.039500,0.044000,0.064500,0.075000,0.057000,0.098000,0.087500,0.115500,0.176000,0.383500
0.072500,0.039500,0.044000,0.064500,0.075000,0.057000,0.098000,0.087500,0.115500,0.176000,0.383500
0.072500,0.039500,0.044000,0.064500,0.075000,0.057000,0.098000,0.087500,0.115500,0.176000,0.383500
0.072500,0.039500,0.044000,0.064500,0.075000,0.057000,0.098000,0.087500,0.115500,0.176000,0.383500
0.072500,0.039500,0.044000,0.064500,0.075000,0.057000,0.098000,0.087500,0.115500,0.176000,0.383500
0.072500,0.039500,0.044000,0.064500,0.075000,0.057000,0.098000,0.087500,0.115500,0.176000,0.383500
0.072500,0.039500,0.044000,0.064500,0.075000,0.057000,0.098000,0.087500,0.115500,0.176000,0.383500
0.072500,0.039500,0.044000,0.064500,0.075000,0.057000,0.098000,0.087500,0.115500,0.176000,0.383500
0.072500,0.039500,0.044000,0.064500,0.075000,0.057000,0.098000,0.087500,0.115500,0.176000,0.383500
0.072500,0.039500,0.044000,0.064500,0.075000,0.057000,0.098000,0.087500,0.115500,0.176000,0.383500
0.072500,0.039500,0.044000,0.064500,0.075000,0.057000,0.098000,0.087500,0.115500,0.176000,0.383500
0.072500,0.039500,0.044000,0.064500,0.075000,0.057000,0.098000,0.087500,0.115500,0.176000,0.383500
0.072500,0.039500,0.044000,0.064500,0.075000,0.057000,0.098000,0.087500,0.115500,0.176000,0.383500
0.072500,0.039500,0.044000,0.064500,0.075000,0.057000,0.098000,0.087500,0.115500,0.176000,0.383500
0.072500,0.039500,0.044000,0.064500,0.075000,0.057000,0.098000,0.087500,0.115500,0.176000,0.383500
0.072500,0.039500,0.044000,0.064500,0.075000,0.057000,0.098000,0.087500,0.115500,0.176000,0.383500
0.072500,0.039500,0.044000,0.064500,0.075000,0.057000,0.098000,0.087500,0.115500,0.176000,0.383500
0.072500,0.039500,0.044000,0.064500,0.075000,0.057000,0.098000,0.087500,0.115500,0.176000,0.383500
0.072500,0.039500,0.044000,0.064500,0.075000,0.057000,0.098000,0.087500,0.115500,0.176000,0.383500
0.072500,0.039500,0.044000,0.064500,0.075000,0.057000,0.098000,0.087500,0.115500,0.176000,0.383500
0.072500,0.039500,0.044000,0.064500,0.075000,0.057000,0.098000,0.087500,0.115500,0.176000,0.383500
0.072500,0.039500,0.044000,0.064500,0.075000,0.057000,0.098000,0.087500,0.115500,0.176000,0.383500
0.072500,0.039500,0.044000,0.064500,0.075000,0.057000,0.098000,0.087500,0.115500,0.176000,0.383500
0.072500,0.039500,0.044000,0.064500,0.075000,0.057000,0.098000,0.087500,0.115500,0.176000,0.383500
0.072500,0.039500,0.044000,0.064500,0.075000,0.057000,0.098000,0.087500,0.115500,0.176000,0.383500
0.072500,0.039500,0.044000,0.064500,0.075000,0.057000,0.098000,0.087500,0.115500,0.176000,0.383500
0.072500,0.039500,0.044000,0.064500,0.075000,0.057000,0.098000,0.087500,0.115500,0.176000,0.383500
0.072500,0.039500,0.044000,0.064500,0.075000,0.057000,0.098000,0.087500,0.115500,0.176000,0.383500
0.072500,0.039500,0.044000,0.064500,0.075000,0.057000,0.098000,0.087500,0.115500,0.176000,0.383500
0.072500,0.039500,0.044000,0.064500,0.075000,0.057000,0.098000,0.087500,0.115500,0.176000,0.383500
0.072500,0.039500,0.044000,0.064500,0.075000,0.057000,0.098000,0.087500,0.115500,0.176000,0.383500
0.072500,0.039500,0.044000,0.064500,0.075000,0.057000,0.098000,0.087500,0.115500,0.176000,0.383500
0.072500,0.039500,0.044000,0.064500,0.075000,0.057000,0.098000,0.087500,0.115500,0.176000,0.383500
0.072500,0.039500,0.044000,0.064500,0.075000,0.057000,0.098000,0.087500,0.115500,0.176000,0.383500
0.072500,0.039500,0.044000,0.064500,0.075000,0.057000,0.098000,0.087500,0.115500,0.176000,0.383500
0.072500,0.039500,0.044000,0.064500,0.075000,0.057000,0.098000,0.087500,0.115500,0.176000,0.383500
0.072500,0.039500,0.044000,0.064500,0.075000,0.057000,0.098000,0.087500,0.115500,0.176000,0.383500
0.072500,0.039500,0.044000,0.064500,0.075000,0.057000,0.098000,0.087500,0.115500,0.176000,0.383500
0.072500,0.039500,0.044000,0.064500,0.075000,0.057000,0.098000,0.087500,0.115500,0.176000,0.383500
0.072500,0.039500,0.044000,0.064500,0.075000,0.057000,0.098000,0.087500,0.115500,0.176000,0.383500
0.072500,0.039500,0.044000,0.064500,0.075000,0.057000,0.098000,0.087500,0.115500,0.176000,0.383500
0.072500,0.039500,0.044000,0.064500,0.075000,0.057000,0.098000,0.087500,0.115500,0.176000,0.383500
0.072500,0.039500,0.044000,0.064500,0.075000,0.057000,0.098000,0.087500,0.115500,0.176000,0.383500
0.072500,0.039500,0.044000,0.064500,0.075000,0.057000,0.098000,0.087500,0.115500,0.176000,0.383500
0.072500,0.039500,0.044000,0.064500,0.075000,0.057000,0.098000,0.087500,0.115500,0.176000,0.383500
0.072500,0.039500,0.044000,0.064500,0.075000,0.057000,0.098000,0.087500,0.115500,0.176000,0.383500
0.072500,0.039500,0.044000,0.064500,0.075000,0.057000,0.098000,0.087500,0.115500,0.176000,0.383500
0.072500,0.039500,0.044000,0.064500,0.075000,0.057000,0.098000,0.087500,0.115500,0.176000,0.383500
0.072500,0.039500,0.044000,0.064500,0.075000,0.057000,0.098000,0.087500,0.115500,0.176000,0.383500
0.072500,0.039500,0.044000,0.064500,0.075000,0.057000,0.098000,0.087500,0.115500,0.176000,0.383500
0.072500,0.039500,0.044000,0.064500,0.075000,0.057000,0.098000,0.087500,0.115500,0.176000,0.383500
0.072500,0.039500,0.044000,0.064500,0.075000,0.057000,0.098000,0.087500,0.115500,0.176000,0.383500
0.072500,0.039500,0.044000,0.064500,0.075000,0.057000,0.098000,0.087500,0.115500,0.176000,0.383500
0.072500,0.039500,0.044000,0.064500,0.075000,0.057000,0.098000,0.087500,0.115500,0.176000,0.383500
0.072500,0.039500,0.044000,0.064500,0.075000,0.057000,0.098000,0.087500,0.115500,0.176000,0.383500
0.072500,0.039500,0.044000,0.064500,0.075000,0.057000,0.098000,0.087500,0.115500,0.176000,0.383500
0.072500,0.039500,0.044000,0.064500,0.075000,0.057000,0.098000,0.087500,0.115500,0.176000,0.383500
0.072500,0.039500,0.044000,0.064500,0.075000,0.057000,0.098000,0.087500,0.115500,0.176000,0.383500
0.072500,0.039500,0.044000,0.064500,0.075000,0.057000,0.098000,0.087500,0.115500,0.176000,0.383500
0.072500,0.039500,0.044000,0.064500,0.075000,0.057000,0.098000,0.087500,0.115500,0.176000,0.383500
0.072500,0.039500,0.044000,0.064500,0.075000,0.057000,0.098000,0.087500,0.115500,0.176000,0.383500
0.072500,0.039500,0.044000,0.064500,0.075000,0.057000,0.098000,0.087500,0.115500,0.176000,0.383500
0.072500,0.039500,0.044000,0.064500,0.075000,0.057000,0.098000,0.087500,0.115500,0.176000,0.383500
0.072500,0.039500,0.044000,0.064500,0.075000,0.057000,0.098000,0.087500,0.115500,0.176000,0.383500
0.072500,0.039500,0.044000,0.064500,0.075000,0.057000,0.098000,0.087500,0.115500,0.176000,0.383500
0.072500,0.039500,0.044000,0.064500,0.075000,0.057000,0.098000,0.087500,0.115500,0.176000,0.383500
0.072500,0.039500,0.044000,0.064500,0.075000,0.057000,0.098000,0.087500,0.115500,0.176000,0.383500
0.072500,0.039500,0.044000,0.064500,0.075000,0.057000,0.098000,0.087500,0.115500,0.176000,0.383500
0.072500,0.039500,0.044000,0.064500,0.075000,0.057000,0.098000,0.087500,0.115500,0.176000,0.383500
0.072500,0.039500,0.044000,0.064500,0.075000,0.057000,0.098000,0.087500,0.115500,0.176000,0.383500
0.072500,0.039500,0.044000,0.064500,0.075000,0.057000,0.098000,0.087500,0.115500,0.176000,0.383500
0.072500,0.039500,0.044000,0.064500,0.075000,0.057000,0.098000,0.087500,0.115500,0.176000,0.383500
0.072500,0.039500,0.044000,0.064500,0.075000,0.057000,0.098000,0.087500,0.115500,0.176000,0.383500
0.072500,0.039500,0.044000,0.064500,0.075000,0.057000,0.098000,0.087500,0.115500,0.176000,0.383500
0.072500,0.039500,0.044000,0.064500,0.075000,0.057000,0.098000,0.087500,0.115500,0.176000,0.383500
0.072500,0.039500,0.044000,0.064500,0.075000,0.057000,0.098000,0.087500,0.115500,0.176000,0.383500
0.072500,0.039500,0.044000,0.064500,0.075000,0.057000,0.098000,0.087500,0.115500,0.176000,0.383500
0.072500,0.039500,0.044000,0.064500,0.075000,0.057000,0.098000,0.087500,0.115500,0.176000,0.383500
0.072500,0.039500,0.044000,0.064500,0.075000,0.057000,0.098000,0.087500,0.115500,0.176000,0.383500
0.072500,0.039500,0.044000,0.064500,0.075000,0.057000,0.098000,0.087500,0.115500,0.176000,0.383500
0.072500,0.039500,0.044000,0.064500,0.075000,0.057000,0.098000,0.087500,0.115500,0.176000,0.383500
0.072500,0.039500,0.044000,0.064500,0.075000,0.057000,0.098000,0.087500,0.115500,0.176000,0.383500
0.072500,0.039500,0.044000,0.064500,0.075000,0.057000,0.098000,0.087500,0.115500,0.176000,0.383500
0.072500,0.039500,0.044000,0.064500,0.075000,0.057000,0.098000,0.087500,0.115500,0.176000,0.383500
0.072500,0.039500,0.044000,0.064500,0.075000,0.057000,0.098000,0.087500,0.115500,0.176000,0.383500
0.072500,0.039500,0.044000,0.064500,0.075000,0.057000,0.098000,0.087500,0.115500,0.176000,0.383500
0.072500,0.039500,0.044000,0.064500,0.075000,0.057000,0.098000,0.087500,0.115500,0.176000,0.383500
0.072500,0.039500,0.044000,0.064500,0.075000,0.057000,0.098000,0.087500,0.115500,0.176000,0.383500
0.072500,0.039500,0.044000,0.064500,0.075000,0.057000,0.098000,0.087500,0.115500,0.176000,0.383500
0.072500,0.039500,0.044000,0.064500,0.075000,0.057000,0.098000,0.087500,0.115500,0.176000,0.383500
0.072500,0.039500,0.044000,0.064500,0.075000,0.057000,0.098000,0.087500,0.115500,0.176000,0.383500
0.072500,0.039500,0.044000,0.064500,0.075000,0.057000,0.098000,0.087500,0.115500,0.176000,0.383500
0.072500,0.039500,0.044000,0.064500,0.075000,0.057000,0.098000,0.087500,0.115500,0.176000,0.383500
0.072500,0.039500,0.044000,0.064500,0.075000,0.057000,0.098000,0.087500,0.115500,0.176000,0.383500
0.072500,0.039500,0.044000,0.064500,0.075000,0.057000,0.098000,0.087500,0.115500,0.176000,0.383500
0.072500,0.039500,0.044000,0.064500,0.075000,0.057000,0.098000,0.087500,0.115500,0.176000,0.383500
0.072500,0.039500,0.044000,0.064500,0.075000,0.057000,0.098000,0.087500,0.115500,0.176000,0.383500
0.072500,0.039500,0.044000,0.064500,0.075000,0.057000,0.098000,0.087500,0.115500,0.176000,0.383500
0.072500,0.039500,0.044000,0.064500,0.075000,0.057000,0.098000,0.087500,0.115500,0.176000,0.383500
0.072500,0.039500,0.044000,0.064500,0.075000,0.057000,0.098000,0.087500,0.115500,0.176000,0.383500
0.072500,0.039500,0.044000,0.064500,0.075000,0.057000,0.098000,0.087500,0.115500,0.176000,0.383500
0.072500,0.039500,0.044000,0.064500,0.075000,0.057000,0.098000,0.087500,0.115500,0.176000,0.383500
0.072500,0.039500,0.044000,0.064500,0.075000,0.057000,0.098000,0.087500,0.115500,0.176000,0.383500
0.072500,0.039500,0.044000,0.064500,0.075000,0.057000,0.098000,0.087500,0.115500,0.176000,0.383500
0.072500,0.039500,0.044000,0.064500,0.075000,0.057000,0.098000,0.087500,0.115500,0.176000,0.383500
0.072500,0.039500,0.044000,0.064500,0.075000,0.057000,0.098000,0.087500,0.115500,0.176000,0.383500
0.072500,0.039500,0.044000,0.064500,0.075000,0.057000,0.098000,0.087500,0.115500,0.176000,0.383500
0.072500,0.039500,0.044000,0.064500,0.075000,0.057000,0.098000,0.087500,0.115500,0.176000,0.383500
0.072500,0.039500,0.044000,0.064500,0.075000,0.057000,0.098000,0.087500,0.115500,0.176000,0.383500
0.072500,0.039500,0.044000,0.064500,0.075000,0.057000,0.098000,0.087500,0.115500,0.176000,0.383500
0.072500,0.039500,0.044000,0.064500,0.075000,0.057000,0.098000,0.087500,0.115500,0.176000,0.383500
0.072500,0.039500,0.044000,0.064500,0.075000,0.057000,0.098000,0.087500,0.115500,0.176000,0.383500
0.072500,0.039500,0.044000,0.064500,0.075000,0.057000,0.098000,0.087500,0.115500,0.176000,0.383500
0.072500,0.039500,0.044000,0.064500,0.075000,0.057000,0.098000,0.087500,0.115500,0.176000,0.383500
0.072500,0.039500,0.044000,0.064500,0.075000,0.057000,0.098000,0.087500,0.115500,0.176000,0.383500
0.072500,0.039500,0.044000,0.064500,0.075000,0.057000,0.098000,0.087500,0.115500,0.176000,0.383500
0.072500,0.039500,0.044000,0.064500,0.075000,0.057000,0.098000,0.087500,0.115500,0.176000,0.383500
0.072500,0.039500,0.044000,0.064500,0.075000,0.057000,0.098000,0.087500,0.115500,0.176000,0.383500
0.072500,0.039500,0.044000,0.064500,0.075000,0.057000,0.098000,0.087500,0.115500,0.176000,0.383500
0.072500,0.039500,0.044000,0.064500,0.075000,0.057000,0.098000,0.087500,0.115500,0.176000,0.383500
0.072500,0.039500,0.044000,0.064500,0.075000,0.057000,0.098000,0.087500,0.115500,0.176000,0.383500
0.072500,0.039500,0.044000,0.064500,0.075000,0.057000,0.098000,0.087500,0.115500,0.176000,0.383500
0.072500,0.039500,0.044000,0.064500,0.075000,0.057000,0.098000,0.087500,0.115500,0.176000,0.383500
0.072500,0.039500,0.044000,0.064500,0.075000,0.057000,0.098000,0.087500,0.115500,0.176000,0.383500
0.072500,0.039500,0.044000,0.064500,0.075000,0.057000,0.098000,0.087500,0.115500,0.176000,0.383500
0.072500,0.039500,0.044000,0.064500,0.075000,0.057000,0.098000,0.087500,0.115500,0.176000,0.383500
0.072500,0.039500,0.044000,0.064500,0.075000,0.057000,0.098000,0.087500,0.115500,0.176000,0.383500
0.072500,0.039500,0.044000,0.064500,0.075000,0.057000,0.098000,0.087500,0.115500,0.176000,0.383500
0.072500,0.039500,0.044000,0.064500,0.075000,0.057000,0.098000,0.087500,0.115500,0.176000,0.383500
0.072500,0.039500,0.044000,0.064500,0.075000,0.057000,0.098000,0.087500,0.115500,0.176000,0.383500
0.072500,0.039500,0.044000,0.064500,0.075000,0.057000,0.098000,0.087500,0.115500,0.176000,0.383500
0.072500,0.039500,0.044000,0.064500,0.075000,0.057000,0.098000,0.087500,0.115500,0.176000,0.383500
0.072500,0.039500,0.044000,0.064500,0.075000,0.057000,0.098000,0.087500,0.115500,0.176000,0.383500
0.072500,0.039500,0.044000,0.064500,0.075000,0.057000,0.098000,0.087500,0.115500,0.176000,0.383500
0.072500,0.039500,0.044000,0.064500,0.075000,0.057000,0.098000,0.087500,0.115500,0.176000,0.383500
0.072500,0.039500,0.044000,0.064500,0.075000,0.057000,0.098000,0.087500,0.115500,0.176000,0.383500
0.072500,0.039500,0.044000,0.064500,0.075000,0.057000,0.098000,0.087500,0.115500,0.176000,0.383500
0.072500,0.039500,0.044000,0.064500,0.075000,0.057000,0.098000,0.087500,0.115500,0.176000,0.383500
0.072500,0.039500,0.044000,0.064500,0.075000,0.057000,0.098000,0.087500,0.115500,0.176000,0.383500
0.072500,0.039500,0.044000,0.064500,0.075000,0.057000,0.098000,0.087500,0.115500,0.176000,0.383500
0.072500,0.039500,0.044000,0.064500,0.075000,0.057000,0.098000,0.087500,0.115500,0.176000,0.383500
0.072500,0.039500,0.044000,0.064500,0.075000,0.057000,0.098000,0.087500,0.115500,0.176000,0.383500
0.072500,0.039500,0.044000,0.064500,0.075000,0.057000,0.098000,0.087500,0.115500,0.176000,0.383500
0.072500,0.039500,0.044000,0.064500,0.075000,0.057000,0.098000,0.087500,0.115500,0.176000,0.383500
0.072500,0.039500,0.044000,0.064500,0.075000,0.057000,0.098000,0.087500,0.115500,0.176000,0.383500
0.072500,0.039500,0.044000,0.064500,0.075000,0.057000,0.098000,0.087500,0.115500,0.176000,0.383500
0.072500,0.039500,0.044000,0.064500,0.075000,0.057000,0.098000,0.087500,0.115500,0.176000,0.383500
0.072500,0.039500,0.044000,0.064500,0.075000,0.057000,0.098000,0.087500,0.115500,0.176000,0.383500
0.072500,0.039500,0.044000,0.064500,0.075000,0.057000,0.098000,0.087500,0.115500,0.176000,0.383500
0.072500,0.039500,0.044000,0.064500,0.075000,0.057000,0.098000,0.087500,0.115500,0.176000,0.383500
0.072500,0.039500,0.044000,0.064500,0.075000,0.057000,0.098000,0.087500,0.115500,0.176000,0.383500
0.072500,0.039500,0.044000,0.064500,0.075000,0.057000,0.098000,0.087500,0.115500,0.176000,0.383500
0.072500,0.039500,0.044000,0.064500,0.075000,0.057000,0.098000,0.087500,0.115500,0.176000,0.383500
0.072500,0.039500,0.044000,0.064500,0.075000,0.057000,0.098000,0.087500,0.115500,0.176000,0.383500
0.072500,0.039500,0.044000,0.064500,0.075000,0.057000,0.098000,0.087500,0.115500,0.176000,0.383500
0.072500,0.039500,0.044000,0.064500,0.075000,0.057000,0.098000,0.087500,0.115500,0.176000,0.383500
0.072500,0.039500,0.044000,0.064500,0.075000,0.057000,0.098000,0.087500,0.115500,0.176000,0.383500
0.072500,0.039500,0.044000,0.064500,0.075000,0.057000,0.098000,0.087500,0.115500,0.176000,0.383500
0.072500,0.039500,0.044000,0.064500,0.075000,0.057000,0.098000,0.087500,0.115500,0.176000,0.383500
0.072500,0.039500,0.044000,0.064500,0.075000,0.057000,0.098000,0.087500,0.115500,0.176000,0.383500
0.072500,0.039500,0.044000,0.064500,0.075000,0.057000,0.098000,0.087500,0.115500,0.176000,0.383500
0.072500,0.039500,0.044000,0.064500,0.075000,0.057000,0.098000,0.087500,0.115500,0.176000,0.383500
0.072500,0.039500,0.044000,0.064500,0.075000,0.057000,0.098000,0.087500,0.115500,0.176000,0.383500
0.072500,0.039500,0.044000,0.064500,0.075000,0.057000,0.098000,0.087500,0.115500,0.176000,0.383500
0.072500,0.039500,0.044000,0.064500,0.075000,0.057000,0.098000,0.087500,0.115500,0.176000,0.383500
0.072500,0.039500,0.044000,0.064500,0.075000,0.057000,0.098000,0.087500,0.115500,0.176000,0.383500
0.072500,0.039500,0.044000,0.064500,0.075000,0.057000,0.098000,0.087500,0.115500,0.176000,0.383500
0.072500,0.039500,0.044000,0.064500,0.075000,0.057000,0.098000,0.087500,0.115500,0.176000,0.383500
0.072500,0.039500,0.044000,0.064500,0.075000,0.057000,0.098000,0.087500,0.115500,0.176000,0.383500
0.072500,0.039500,0.044000,0.064500,0.075000,0.057000,0.098000,0.087500,0.115500,0.176000,0.383500
0.072500,0.039500,0.044000,0.064500,0.075000,0.057000,0.098000,0.087500,0.115500,0.176000,0.383500
0.072500,0.039500,0.044000,0.064500,0.075000,0.057000,0.098000,0.087500,0.115500,0.176000,0.383500
0.072500,0.039500,0.044000,0.064500,0.075000,0.057000,0.098000,0.087500,0.115500,0.176000,0.383500
0.072500,0.039500,0.044000,0.064500,0.075000,0.057000,0.098000,0.087500,0.115500,0.176000,0.383500
0.072500,0.039500,0.044000,0.064500,0.075000,0.057000,0.098000,0.087500,0.115500,0.176000,0.383500
0.072500,0.039500,0.044000,0.064500,0.075000,0.057000,0.098000,0.087500,0.115500,0.176000,0.383500
0.072500,0.039500,0.044000,0.064500,0.075000,0.057000,0.098000,0.087500,0.115500,0.176000,0.383500
0.072500,0.039500,0.044000,0.064500,0.075000,0.057000,0.098000,0.087500,0.115500,0.176000,0.383500
0.072500,0.039500,0.044000,0.064500,0.075000,0.057000,0.098000,0.087500,0.115500,0.176000,0.383500
0.072500,0.039500,0.044000,0.064500,0.075000,0.057000,0.098000,0.087500,0.115500,0.176000,0.383500
0.072500,0.039500,0.044000,0.064500,0.075000,0.057000,0.098000,0.087500,0.115500,0.176000,0.383500
0.072500,0.039500,0.044000,0.064500,0.075000,0.057000,0.098000,0.087500,0.115500,0.176000,0.383500
0.072500,0.039500,0.044000,0.064500,0.075000,0.057000,0.098000,0.087500,0.115500,0.176000,0.383500
0.072500,0.039500,0.044000,0.064500,0.075000,0.057000,0.098000,0.087500,0.115500,0.176000,0.383500
0.072500,0.039500,0.044000,0.064500,0.075000,0.057000,0.098000,0.087500,0.115500,0.176000,0.383500
0.072500,0.039500,0.044000,0.064500,0.075000,0.057000,0.098000,0.087500,0.115500,0.176000,0.383500
0.072500,0.039500,0.044000,0.064500,0.075000,0.057000,0.098000,0.087500,0.115500,0.176000,0.383500
0.072500,0.039500,0.044000,0.064500,0.075000,0.057000,0.098000,0.087500,0.115500,0.176000,0.383500
0.072500,0.039500,0.044000,0.064500,0.075000,0.057000,0.098000,0.087500,0.115500,0.176000,0.383500
0.072500,0.039500,0.044000,0.064500,0.075000,0.057000,0.098000,0.087500,0.115500,0.176000,0.383500
0.072500,0.039500,0.044000,0.064500,0.075000,0.057000,0.098000,0.087500,0.115500,0.176000,0.383500
0.072500,0.039500,0.044000,0.064500,0.075000,0.057000,0.098000,0.087500,0.115500,0.176000,0.383500
0.072500,0.039500,0.044000,0.064500,0.075000,0.057000,0.098000,0.087500,0.115500,0.176000,0.383500
0.072500,0.039500,0.044000,0.064500,0.075000,0.057000,0.098000,0.087500,0.115500,0.176000,0.383500
0.072500,0.039500,0.044000,0.064500,0.075000,0.057000,0.098000,0.087500,0.115500,0.176000,0.383500
0.072500,0.039500,0.044000,0.064500,0.075000,0.057000,0.098000,0.087500,0.115500,0.176000,0.383500
0.072500,0.039500,0.044000,0.064500,0.075000,0.057000,0.098000,0.087500,0.115500,0.176000,0.383500
0.072500,0.039500,0.044000,0.064500,0.075000,0.057000,0.098000,0.087500,0.115500,0.176000,0.383500
0.072500,0.039500,0.044000,0.064500,0.075000,0.057000,0.098000,0.087500,0.115500,0.176000,0.383500
0.072500,0.039500,0.044000,0.064500,0.075000,0.057000,0.098000,0.087500,0.115500,0.176000,0.383500
0.072500,0.039500,0.044000,0.064500,0.075000,0.057000,0.098000,0.087500,0.115500,0.176000,0.383500
0.072500,0.039500,0.044000,0.064500,0.075000,0.057000,0.098000,0.087500,0.115500,0.176000,0.383500
0.072500,0.039500,0.314805,0.064500,0.075000,0.057000,0.098000,0.757034,0.115500,0.176000,0.383500
0.072500,0.039500,0.585610,0.064500,0.075000,0.057000,0.098000,1.426568,0.115500,0.176000,0.383500
0.072500,0.039500,0.856414,0.064500,0.075000,0.057000,0.098000,2.096101,0.115500,0.176000,0.383500
0.072500,0.039500,0.585610,0.064500,0.075000,0.057000,0.098000,1.426568,0.115500,0.176000,0.383500
0.072500,0.039500,0.314805,0.064500,0.075000,0.057000,0.098000,0.757034,0.115500,0.176000,0.383500
0.072500,0.039500,0.044000,0.064500,0.075000,0.057000,0.098000,0.087500,0.115500,0.176000,0.383500
0.072500,0.039500,0.044000,0.064500,0.075000,0.057000,0.098000,0.087500,0.115500,0.176000,0.383500
0.072500,0.039500,0.044000,0.064500,0.075000,0.057000,0.098000,0.087500,0.115500,0.176000,0.383500
0.072500,0.039500,0.044000,0.064500,0.075000,0.057000,0.098000,0.087500,0.115500,0.176000,0.383500
0.072500,0.039500,0.044000,0.064500,0.075000,0.057000,0.098000,0.087500,0.115500,0.176000,0.383500
0.072500,0.039500,0.044000,0.064500,0.075000,0.057000,0.098000,0.087500,0.115500,0.176000,0.383500
0.072500,0.039500,0.044000,0.064500,0.075000,0.057000,0.098000,0.087500,0.115500,0.176000,0.383500
0.072500,0.039500,0.044000,0.064500,0.075000,0.057000,0.098000,0.087500,0.115500,0.176000,0.383500
0.072500,0.039500,0.044000,0.064500,0.075000,0.057000,0.098000,0.087500,0.430492,0.176000,0.383500
0.072500,0.039500,0.044000,0.064500,0.075000,0.057000,0.098000,0.087500,0.745484,0.176000,0.383500
0.072500,0.039500,0.044000,0.064500,0.075000,0.057000,0.098000,0.087500,1.060476,0.176000,0.383500
0.072500,0.039500,0.044000,0.064500,0.075000,0.057000,0.098000,0.087500,0.745484,0.176000,0.383500
0.072500,0.341121,0.044000,0.064500,0.075000,0.057000,0.998056,0.087500,0.430492,0.176000,0.383500
0.072500,0.642742,0.044000,0.064500,0.075000,0.057000,1.898111,0.087500,0.115500,0.176000,0.383500
0.072500,0.944363,0.044000,0.064500,0.075000,0.057000,2.798167,0.087500,0.115500,0.176000,0.383500
0.072500,0.642742,0.044000,0.064500,0.075000,0.057000,1.898111,0.087500,0.115500,0.176000,0.383500
0.072500,0.341121,0.044000,0.064500,0.075000,0.057000,0.998056,0.087500,0.115500,0.176000,0.383500
0.072500,0.039500,0.044000,0.064500,0.075000,0.057000,0.098000,0.087500,0.115500,0.176000,0.383500
0.072500,0.039500,0.044000,0.064500,0.075000,0.057000,0.098000,0.087500,0.115500,0.176000,0.383500
0.072500,0.039500,0.044000,0.064500,0.075000,0.057000,0.098000,0.087500,0.115500,0.176000,0.383500
0.072500,0.039500,0.044000,0.064500,0.075000,0.584229,0.098000,0.087500,0.115500,0.176000,0.383500
0.072500,0.039500,0.044000,0.064500,0.075000,1.111458,0.098000,0.087500,0.115500,0.176000,0.383500
0.072500,0.039500,0.044000,0.064500,0.075000,1.638687,0.098000,0.087500,0.115500,0.176000,0.383500
0.072500,0.039500,0.044000,0.064500,0.075000,1.111458,0.098000,0.087500,0.115500,0.176000,0.383500
0.072500,0.039500,0.044000,0.465097,0.075000,0.584229,0.098000,0.087500,0.115500,0.176000,0.383500
0.072500,0.039500,0.044000,0.865693,0.075000,0.057000,0.098000,0.087500,0.115500,0.176000,0.383500
0.072500,0.039500,0.044000,1.266290,0.075000,0.057000,0.098000,0.087500,0.115500,0.176000,0.383500
0.072500,0.039500,0.044000,0.865693,0.075000,0.057000,0.098000,0.087500,0.115500,0.176000,0.383500
0.072500,0.039500,0.044000,0.465097,0.075000,0.057000,0.098000,0.087500,0.115500,0.176000,0.383500
0.072500,0.039500,0.044000,0.064500,0.075000,0.057000,0.098000,0.087500,0.115500,0.176000,0.383500
0.862819,0.039500,0.044000,0.064500,0.075000,0.057000,0.098000,0.087500,0.115500,0.176000,0.383500
1.653138,0.039500,0.044000,0.064500,0.075000,0.057000,0.098000,0.087500,0.115500,0.176000,0.383500
2.443457,0.039500,0.044000,0.064500,0.075000,0.057000,0.098000,0.087500,0.115500,0.176000,0.383500
1.653138,0.039500,0.044000,0.064500,0.075000,0.057000,0.098000,0.087500,0.115500,0.176000,0.383500
0.862819,0.039500,0.044000,0.064500,0.075000,0.057000,0.098000,0.087500,0.115500,0.176000,0.383500
0.072500,0.039500,0.044000,0.064500,0.075000,0.057000,0.098000,0.087500,0.115500,0.176000,0.383500
0.072500,0.039500,0.044000,0.064500,0.075000,0.057000,0.098000,0.087500,0.115500,0.176000,0.383500
0.072500,0.039500,0.044000,0.064500,0.075000,0.057000,0.098000,0.087500,0.115500,0.176000,0.383500
0.072500,0.039500,0.044000,0.064500,0.075000,0.057000,0.098000,0.087500,0.115500,0.176000,0.383500
0.072500,0.039500,0.044000,0.064500,0.075000,0.057000,0.098000,0.087500,0.115500,0.176000,0.383500
0.072500,0.039500,0.044000,0.064500,0.786232,0.057000,0.098000,0.087500,0.115500,0.176000,0.383500
0.072500,0.039500,0.044000,0.064500,1.497465,0.057000,0.098000,0.087500,0.115500,0.176000,0.383500
0.072500,0.039500,0.044000,0.064500,2.208697,0.057000,0.098000,0.087500,0.115500,0.176000,0.383500
0.072500,0.039500,0.044000,0.064500,1.497465,0.057000,0.098000,0.087500,0.115500,0.592880,0.383500
0.072500,0.039500,0.044000,0.064500,0.786232,0.057000,0.098000,0.087500,0.115500,1.009760,0.383500
0.072500,0.039500,0.044000,0.064500,0.075000,0.057000,0.098000,0.087500,0.115500,1.426640,0.383500
0.072500,0.039500,0.044000,0.064500,0.075000,0.057000,0.098000,0.087500,0.115500,1.009760,0.383500
0.072500,0.039500,0.044000,0.064500,0.075000,0.057000,0.098000,0.087500,0.115500,0.592880,0.383500
0.072500,0.039500,0.044000,0.064500,0.075000,0.057000,0.098000,0.087500,0.115500,0.176000,0.383500
0.072500,0.039500,0.044000,0.064500,0.075000,0.057000,0.098000,0.087500,0.115500,0.176000,0.383500
0.072500,0.039500,0.044000,0.064500,0.075000,0.057000,0.098000,0.087500,0.115500,0.176000,0.383500
0.072500,0.039500,0.044000,0.064500,0.075000,0.057000,0.098000,0.087500,0.115500,0.176000,0.383500
0.072500,0.039500,0.044000,0.064500,0.075000,0.057000,0.098000,0.087500,0.115500,0.176000,0.383500
0.072500,0.039500,0.044000,0.064500,0.075000,0.057000,0.098000,0.087500,0.115500,0.176000,0.383500
0.072500,0.039500,0.044000,0.064500,0.075000,0.057000,0.098000,0.087500,0.115500,0.176000,0.383500
0.072500,0.039500,0.044000,0.064500,0.075000,0.057000,0.098000,0.087500,0.115500,0.176000,0.383500
0.072500,0.039500,0.044000,0.064500,0.075000,0.057000,0.098000,0.087500,0.115500,0.176000,0.383500
0.072500,0.039500,0.044000,0.064500,0.075000,0.057000,0.098000,0.087500,0.115500,0.176000,0.383500
0.072500,0.039500,0.044000,0.064500,0.075000,0.057000,0.098000,0.087500,0.115500,0.176000,0.383500
0.072500,0.039500,0.044000,0.064500,0.075000,0.057000,0.098000,0.087500,0.115500,0.176000,0.383500
0.072500,0.039500,0.044000,0.064500,0.075000,0.057000,0.098000,0.087500,0.115500,0.176000,0.383500
0.072500,0.039500,0.044000,0.064500,0.075000,0.057000,0.098000,0.087500,0.115500,0.176000,0.383500
0.072500,0.039500,0.044000,0.064500,0.075000,0.057000,0.098000,0.087500,0.115500,0.176000,0.383500
0.072500,0.039500,0.044000,0.064500,0.075000,0.057000,0.098000,0.087500,0.115500,0.176000,0.383500
0.072500,0.039500,0.044000,0.064500,0.075000,0.057000,0.098000,0.087500,0.115500,0.176000,0.383500
0.072500,0.039500,0.044000,0.064500,0.075000,0.057000,0.098000,0.087500,0.115500,0.176000,0.383500
0.072500,0.039500,0.044000,0.064500,0.075000,0.057000,0.098000,0.087500,0.115500,0.176000,0.383500
0.072500,0.039500,0.044000,0.064500,0.075000,0.057000,0.098000,0.087500,0.115500,0.176000,0.383500
0.072500,0.039500,0.044000,0.064500,0.075000,0.057000,0.098000,0.087500,0.115500,0.176000,0.383500
0.072500,0.039500,0.044000,0.064500,0.075000,0.057000,0.098000,0.087500,0.115500,0.176000,0.383500
0.072500,0.039500,0.044000,0.064500,0.075000,0.057000,0.098000,0.087500,0.115500,0.176000,0.383500
0.072500,0.039500,0.044000,0.064500,0.075000,0.057000,0.098000,0.087500,0.115500,0.176000,0.383500
0.072500,0.039500,0.044000,0.064500,0.075000,0.057000,0.098000,0.087500,0.115500,0.176000,0.383500
0.072500,0.039500,0.044000,0.064500,0.075000,0.057000,0.098000,0.087500,0.115500,0.176000,0.383500
0.072500,0.039500,0.044000,0.064500,0.075000,0.057000,0.098000,0.087500,0.115500,0.176000,0.383500
0.072500,0.039500,0.044000,0.064500,0.075000,0.057000,0.098000,0.087500,0.115500,0.176000,0.383500
0.072500,0.039500,0.044000,0.064500,0.075000,0.057000,0.098000,0.087500,0.115500,0.176000,0.383500
0.072500,0.039500,0.044000,0.064500,0.075000,0.057000,0.098000,0.087500,0.115500,0.176000,0.383500
0.072500,0.039500,0.044000,0.064500,0.075000,0.057000,0.098000,0.087500,0.115500,0.176000,0.383500
0.072500,0.039500,0.044000,0.064500,0.075000,0.057000,0.098000,0.087500,0.115500,0.176000,0.383500
0.072500,0.039500,0.044000,0.064500,0.075000,0.057000,0.098000,0.087500,0.115500,0.176000,0.383500
0.072500,0.039500,0.044000,0.064500,0.075000,0.057000,0.098000,0.087500,0.115500,0.176000,0.383500
0.072500,0.039500,0.044000,0.064500,0.075000,0.057000,0.098000,0.087500,0.115500,0.176000,0.383500
0.072500,0.039500,0.044000,0.064500,0.075000,0.057000,0.098000,0.087500,0.115500,0.176000,0.383500
0.072500,0.039500,0.044000,0.064500,0.075000,0.057000,0.098000,0.087500,0.115500,0.176000,0.383500
0.072500,0.039500,0.044000,0.064500,0.075000,0.057000,0.098000,0.087500,0.115500,0.176000,0.383500
0.072500,0.039500,0.044000,0.064500,0.075000,0.057000,0.098000,0.087500,0.115500,0.176000,0.383500
0.072500,0.039500,0.044000,0.064500,0.075000,0.057000,0.098000,0.087500,0.115500,0.176000,0.383500
0.072500,0.039500,0.044000,0.064500,0.075000,0.057000,0.098000,0.087500,0.115500,0.176000,0.383500
0.072500,0.039500,0.044000,0.064500,0.075000,0.057000,0.098000,0.087500,0.115500,0.176000,0.383500
0.072500,0.039500,0.044000,0.064500,0.075000,0.057000,0.098000,0.087500,0.115500,0.176000,0.383500
0.072500,0.039500,0.044000,0.064500,0.075000,0.057000,0.098000,0.087500,0.115500,0.176000,0.383500
0.072500,0.039500,0.044000,0.064500,0.075000,0.057000,0.098000,0.087500,0.115500,0.176000,0.383500
0.072500,0.039500,0.044000,0.064500,0.075000,0.057000,0.098000,0.087500,0.115500,0.176000,0.383500
0.072500,0.039500,0.044000,0.064500,0.075000,0.057000,0.098000,0.087500,0.115500,0.176000,0.383500
0.072500,0.039500,0.044000,0.064500,0.075000,0.057000,0.098000,0.087500,0.115500,0.176000,0.383500
0.072500,0.039500,0.044000,0.064500,0.075000,0.057000,0.098000,0.087500,0.115500,0.176000,0.383500
0.072500,0.039500,0.044000,0.064500,0.075000,0.057000,0.098000,0.087500,0.115500,0.176000,0.383500
0.072500,0.039500,0.044000,0.064500,0.075000,0.057000,0.098000,0.087500,0.115500,0.176000,0.383500
0.072500,0.039500,0.044000,0.064500,0.075000,0.057000,0.098000,0.087500,0.115500,0.176000,0.383500
0.072500,0.039500,0.044000,0.064500,0.075000,0.057000,0.098000,0.087500,0.115500,0.176000,0.383500
0.072500,0.039500,0.044000,0.064500,0.075000,0.057000,0.098000,0.087500,0.115500,0.176000,0.383500
0.072500,0.039500,0.044000,0.064500,0.075000,0.057000,0.098000,0.087500,0.115500,0.176000,0.383500
0.072500,0.039500,0.044000,0.064500,0.075000,0.057000,0.098000,0.087500,0.115500,0.176000,0.383500
0.072500,0.039500,0.044000,0.064500,0.075000,0.057000,0.098000,0.087500,0.115500,0.176000,0.383500
0.072500,0.039500,0.044000,0.064500,0.075000,0.057000,0.098000,0.087500,0.115500,0.176000,0.383500
0.072500,0.039500,0.044000,0.064500,0.075000,0.057000,0.098000,0.087500,0.115500,0.176000,0.383500
0.072500,0.039500,0.044000,0.064500,0.075000,0.057000,0.098000,0.087500,0.115500,0.176000,0.383500
0.072500,0.039500,0.044000,0.064500,0.075000,0.057000,0.098000,0.087500,0.115500,0.176000,0.383500
0.072500,0.039500,0.044000,0.064500,0.075000,0.057000,0.098000,0.087500,0.115500,0.176000,0.383500
0.072500,0.039500,0.044000,0.064500,0.075000,0.057000,0.098000,0.087500,0.115500,0.176000,0.383500
0.072500,0.039500,0.044000,0.064500,0.075000,0.057000,0.098000,0.087500,0.115500,0.176000,0.383500
0.072500,0.039500,0.044000,0.064500,0.075000,0.057000,0.098000,0.087500,0.115500,0.176000,0.383500
0.072500,0.039500,0.044000,0.064500,0.075000,0.057000,0.098000,0.087500,0.115500,0.176000,0.383500
0.072500,0.039500,0.044000,0.064500,0.075000,0.057000,0.098000,0.087500,0.115500,0.176000,0.383500
0.072500,0.039500,0.044000,0.064500,0.075000,0.057000,0.098000,0.087500,0.115500,0.176000,0.383500
0.072500,0.039500,0.044000,0.064500,0.075000,0.057000,0.098000,0.087500,0.115500,0.176000,0.383500
0.072500,0.039500,0.044000,0.064500,0.075000,0.057000,0.098000,0.087500,0.115500,0.176000,0.383500
0.072500,0.039500,0.044000,0.064500,0.075000,0.057000,0.098000,0.087500,0.115500,0.176000,0.383500
0.072500,0.039500,0.044000,0.064500,0.075000,0.057000,0.098000,0.087500,0.115500,0.176000,0.383500
0.072500,0.039500,0.044000,0.064500,0.075000,0.057000,0.098000,0.087500,0.115500,0.176000,0.383500
0.072500,0.039500,0.044000,0.064500,0.075000,0.057000,0.098000,0.087500,0.115500,0.176000,0.383500
0.072500,0.039500,0.044000,0.064500,0.075000,0.057000,0.098000,0.087500,0.115500,0.176000,0.383500
0.072500,0.039500,0.044000,0.064500,0.075000,0.057000,0.098000,0.087500,0.115500,0.176000,0.383500
0.072500,0.039500,0.044000,0.064500,0.075000,0.057000,0.098000,0.087500,0.115500,0.176000,0.383500
0.072500,0.039500,0.044000,0.064500,0.075000,0.057000,0.098000,0.087500,0.115500,0.176000,0.383500
0.072500,0.039500,0.044000,0.064500,0.075000,0.057000,0.098000,0.087500,0.115500,0.176000,0.383500
0.072500,0.039500,0.044000,0.064500,0.075000,0.057000,0.098000,0.087500,0.115500,0.176000,0.383500
0.072500,0.039500,0.044000,0.064500,0.075000,0.057000,0.098000,0.087500,0.115500,0.176000,0.383500
0.072500,0.039500,0.044000,0.064500,0.075000,0.057000,0.098000,0.087500,0.115500,0.176000,0.383500
0.072500,0.039500,0.044000,0.064500,0.075000,0.057000,0.098000,0.087500,0.115500,0.176000,0.383500
0.072500,0.039500,0.044000,0.064500,0.075000,0.057000,0.098000,0.087500,0.115500,0.176000,0.383500
0.072500,0.039500,0.044000,0.064500,0.075000,0.057000,0.098000,0.087500,0.115500,0.176000,0.383500
0.072500,0.039500,0.044000,0.064500,0.075000,0.057000,0.098000,0.087500,0.115500,0.176000,0.383500
0.072500,0.039500,0.044000,0.064500,0.075000,0.057000,0.098000,0.087500,0.115500,0.176000,0.383500
0.072500,0.039500,0.044000,0.064500,0.075000,0.057000,0.098000,0.087500,0.115500,0.176000,0.383500
0.072500,0.039500,0.044000,0.064500,0.075000,0.057000,0.098000,0.087500,0.115500,0.176000,0.383500
0.072500,0.039500,0.044000,0.064500,0.075000,0.057000,0.098000,0.087500,0.115500,0.176000,0.383500
0.072500,0.039500,0.044000,0.064500,0.075000,0.057000,0.098000,0.087500,0.115500,0.176000,0.383500
0.072500,0.039500,0.044000,0.064500,0.075000,0.057000,0.098000,0.087500,0.115500,0.176000,0.383500
0.072500,0.039500,0.044000,0.064500,0.075000,0.057000,0.098000,0.087500,0.115500,0.176000,0.383500
0.072500,0.039500,0.044000,0.064500,0.075000,0.057000,0.098000,0.087500,0.115500,0.176000,0.383500
0.072500,0.039500,0.044000,0.064500,0.075000,0.057000,0.098000,0.087500,0.115500,0.176000,0.383500
0.072500,0.039500,0.044000,0.064500,0.075000,0.057000,0.098000,0.087500,0.115500,0.176000,0.383500
0.072500,0.039500,0.044000,0.064500,0.075000,0.057000,0.098000,0.087500,0.115500,0.176000,0.383500
0.072500,0.039500,0.044000,0.064500,0.075000,0.057000,0.098000,0.087500,0.115500,0.176000,0.383500
0.072500,0.039500,0.044000,0.064500,0.075000,0.057000,0.098000,0.087500,0.115500,0.176000,0.383500
0.072500,0.039500,0.044000,0.064500,0.075000,0.057000,0.098000,0.087500,0.115500,0.176000,0.383500
0.072500,0.039500,0.044000,0.064500,0.075000,0.057000,0.098000,0.087500,0.115500,0.176000,0.383500
0.072500,0.039500,0.044000,0.064500,0.075000,0.057000,0.098000,0.087500,0.115500,0.176000,0.383500
0.072500,0.039500,0.044000,0.064500,0.075000,0.057000,0.098000,0.087500,0.115500,0.176000,0.383500
0.072500,0.039500,0.044000,0.064500,0.075000,0.057000,0.098000,0.087500,0.115500,0.176000,0.383500
0.072500,0.039500,0.044000,0.064500,0.075000,0.057000,0.098000,0.087500,0.115500,0.176000,0.383500
0.072500,0.039500,0.044000,0.064500,0.075000,0.057000,0.098000,0.087500,0.115500,0.176000,0.383500
0.072500,0.039500,0.044000,0.064500,0.075000,0.057000,0.098000,0.087500,0.115500,0.176000,0.383500
0.072500,0.039500,0.044000,0.064500,0.075000,0.057000,0.098000,0.087500,0.115500,0.176000,0.383500
0.072500,0.039500,0.044000,0.064500,0.075000,0.057000,0.098000,0.087500,0.115500,0.176000,0.383500
0.072500,0.039500,0.044000,0.064500,0.075000,0.057000,0.098000,0.087500,0.115500,0.176000,0.383500
0.072500,0.039500,0.044000,0.064500,0.075000,0.057000,0.098000,0.087500,0.115500,0.176000,0.383500
0.072500,0.039500,0.044000,0.064500,0.075000,0.057000,0.098000,0.087500,0.115500,0.176000,0.383500
0.072500,0.039500,0.044000,0.064500,0.075000,0.057000,0.098000,0.087500,0.115500,0.176000,0.383500
0.072500,0.039500,0.044000,0.064500,0.075000,0.057000,0.098000,0.087500,0.115500,0.176000,0.383500
0.072500,0.039500,0.044000,0.064500,0.075000,0.057000,0.098000,0.087500,0.115500,0.176000,0.383500
0.072500,0.039500,0.044000,0.064500,0.075000,0.057000,0.098000,0.087500,0.115500,0.176000,0.383500
0.072500,0.039500,0.044000,0.064500,0.075000,0.057000,0.098000,0.087500,0.115500,0.176000,0.383500
0.072500,0.039500,0.044000,0.064500,0.075000,0.057000,0.098000,0.087500,0.115500,0.176000,0.383500
0.072500,0.039500,0.044000,0.064500,0.075000,0.057000,0.098000,0.087500,0.115500,0.176000,0.383500
0.072500,0.039500,0.044000,0.064500,0.075000,0.057000,0.098000,0.087500,0.115500,0.176000,0.383500
0.072500,0.039500,0.044000,0.064500,0.075000,0.057000,0.098000,0.087500,0.115500,0.176000,0.383500
0.072500,0.039500,0.044000,0.064500,0.075000,0.057000,0.098000,0.087500,0.115500,0.176000,0.383500
0.072500,0.039500,0.044000,0.064500,0.075000,0.057000,0.098000,0.087500,0.115500,0.176000,0.383500
0.072500,0.039500,0.044000,0.064500,0.075000,0.057000,0.098000,0.087500,0.115500,0.176000,0.383500
0.072500,0.039500,0.044000,0.064500,0.075000,0.057000,0.098000,0.087500,0.115500,0.176000,0.383500
0.072500,0.039500,0.044000,0.064500,0.075000,0.057000,0.098000,0.087500,0.115500,0.176000,0.383500
0.072500,0.039500,0.044000,0.064500,0.075000,0.057000,0.098000,0.087500,0.115500,0.176000,0.383500
0.072500,0.039500,0.044000,0.064500,0.075000,0.057000,0.098000,0.087500,0.115500,0.176000,0.383500
0.072500,0.039500,0.044000,0.064500,0.075000,0.057000,0.098000,0.087500,0.115500,0.176000,0.383500
0.072500,0.039500,0.044000,0.064500,0.075000,0.057000,0.098000,0.087500,0.115500,0.176000,0.383500
0.072500,0.039500,0.044000,0.064500,0.075000,0.057000,0.098000,0.087500,0.115500,0.176000,0.383500
0.072500,0.039500,0.044000,0.064500,0.075000,0.057000,0.098000,0.087500,0.115500,0.176000,0.383500
0.072500,0.039500,0.044000,0.064500,0.075000,0.057000,0.098000,0.087500,0.115500,0.176000,0.383500
0.072500,0.039500,0.044000,0.064500,0.075000,0.057000,0.098000,0.087500,0.115500,0.176000,0.383500
0.072500,0.039500,0.044000,0.064500,0.075000,0.057000,0.098000,0.087500,0.115500,0.176000,0.383500
0.072500,0.039500,0.044000,0.064500,0.075000,0.057000,0.098000,0.087500,0.115500,0.176000,0.383500
0.072500,0.039500,0.044000,0.064500,0.075000,0.057000,0.098000,0.087500,0.115500,0.176000,0.383500
0.072500,0.039500,0.044000,0.064500,0.075000,0.057000,0.098000,0.087500,0.115500,0.176000,0.383500
0.072500,0.039500,0.044000,0.064500,0.075000,0.057000,0.098000,0.087500,0.115500,0.176000,0.383500
0.072500,0.039500,0.044000,0.064500,0.075000,0.057000,0.098000,0.087500,0.115500,0.176000,0.383500
0.072500,0.039500,0.044000,0.064500,0.075000,0.057000,0.098000,0.087500,0.115500,0.176000,0.383500
0.072500,0.039500,0.044000,0.064500,0.075000,0.057000,0.098000,0.087500,0.115500,0.176000,0.383500
0.072500,0.039500,0.044000,0.064500,0.075000,0.057000,0.098000,0.087500,0.115500,0.176000,0.383500
0.072500,0.039500,0.044000,0.064500,0.075000,0.057000,0.098000,0.087500,0.115500,0.176000,0.383500
0.072500,0.039500,0.044000,0.064500,0.075000,0.057000,0.098000,0.087500,0.115500,0.176000,0.383500
0.072500,0.039500,0.044000,0.064500,0.075000,0.057000,0.098000,0.087500,0.115500,0.176000,0.383500
0.072500,0.039500,0.044000,0.064500,0.075000,0.057000,0.098000,0.087500,0.115500,0.176000,0.383500
0.072500,0.039500,0.044000,0.064500,0.075000,0.057000,0.098000,0.087500,0.115500,0.176000,0.383500
0.072500,0.039500,0.044000,0.064500,0.075000,0.057000,0.098000,0.087500,0.115500,0.176000,0.383500
0.072500,0.039500,0.044000,0.064500,0.075000,0.057000,0.098000,0.087500,0.115500,0.176000,0.383500
0.072500,0.039500,0.044000,0.064500,0.075000,0.057000,0.098000,0.087500,0.115500,0.176000,0.383500
0.072500,0.039500,0.044000,0.064500,0.075000,0.057000,0.098000,0.087500,0.115500,0.176000,0.383500
0.072500,0.039500,0.044000,0.064500,0.075000,0.057000,0.098000,0.087500,0.115500,0.176000,0.383500
0.072500,0.039500,0.044000,0.064500,0.075000,0.057000,0.098000,0.087500,0.115500,0.176000,0.383500
0.072500,0.039500,0.044000,0.064500,0.075000,0.057000,0.098000,0.087500,0.115500,0.176000,0.383500
0.072500,0.039500,0.044000,0.064500,0.075000,0.057000,0.098000,0.087500,0.115500,0.176000,0.383500
0.072500,0.039500,0.044000,0.064500,0.075000,0.057000,0.098000,0.087500,0.115500,0.176000,0.383500
0.072500,0.039500,0.044000,0.064500,0.075000,0.057000,0.098000,0.087500,0.115500,0.176000,0.383500
0.072500,0.039500,0.044000,0.064500,0.075000,0.057000,0.098000,0.087500,0.115500,0.176000,0.383500
0.072500,0.039500,0.044000,0.064500,0.075000,0.057000,0.098000,0.087500,0.115500,0.176000,0.383500
0.072500,0.039500,0.044000,0.064500,0.075000,0.057000,0.098000,0.087500,0.115500,0.176000,0.383500
0.072500,0.039500,0.044000,0.064500,0.075000,0.057000,0.098000,0.087500,0.115500,0.176000,0.383500
0.072500,0.039500,0.044000,0.064500,0.075000,0.057000,0.098000,0.087500,0.115500,0.176000,0.383500
0.072500,0.039500,0.044000,0.064500,0.075000,0.057000,0.098000,0.087500,0.115500,0.176000,0.383500
0.072500,0.039500,0.044000,0.064500,0.075000,0.057000,0.098000,0.087500,0.115500,0.176000,0.383500
0.072500,0.039500,0.044000,0.064500,0.075000,0.057000,0.098000,0.087500,0.115500,0.176000,0.383500
0.072500,0.039500,0.044000,0.064500,0.075000,0.057000,0.098000,0.087500,0.115500,0.176000,0.383500
0.072500,0.039500,0.044000,0.064500,0.075000,0.057000,0.098000,0.087500,0.115500,0.176000,0.383500
0.072500,0.039500,0.044000,0.064500,0.075000,0.057000,0.098000,0.087500,0.115500,0.176000,0.383500
0.072500,0.039500,0.044000,0.064500,0.075000,0.057000,0.098000,0.087500,0.115500,0.176000,0.383500
0.072500,0.039500,0.044000,0.064500,0.075000,0.057000,0.098000,0.087500,0.115500,0.176000,0.383500
0.072500,0.039500,0.044000,0.064500,0.075000,0.057000,0.098000,0.087500,0.115500,0.176000,0.383500
0.072500,0.039500,0.044000,0.064500,0.075000,0.057000,0.098000,0.087500,0.115500,0.176000,0.383500
0.072500,0.039500,0.044000,0.064500,0.075000,0.057000,0.098000,0.087500,0.115500,0.176000,0.383500
0.072500,0.039500,0.044000,0.064500,0.075000,0.057000,0.098000,0.087500,0.115500,0.176000,0.383500
0.072500,0.039500,0.044000,0.064500,0.075000,0.057000,0.098000,0.087500,0.115500,0.176000,0.383500
0.072500,0.039500,0.044000,0.064500,0.075000,0.057000,0.098000,0.087500,0.115500,0.176000,0.383500
0.072500,0.039500,0.044000,0.064500,0.075000,0.057000,0.098000,0.087500,0.115500,0.176000,0.383500
0.072500,0.039500,0.044000,0.064500,0.075000,0.057000,0.098000,0.087500,0.115500,0.176000,0.383500
0.072500,0.039500,0.044000,0.064500,0.075000,0.057000,0.098000,0.087500,0.115500,0.176000,0.383500
0.072500,0.039500,0.044000,0.064500,0.075000,0.057000,0.098000,0.087500,0.115500,0.176000,0.383500
0.072500,0.039500,0.044000,0.064500,0.075000,0.057000,0.098000,0.087500,0.115500,0.176000,0.383500
0.072500,0.039500,0.044000,0.064500,0.075000,0.057000,0.098000,0.087500,0.115500,0.176000,0.383500
0.072500,0.039500,0.044000,0.064500,0.075000,0.057000,0.098000,0.087500,0.115500,0.176000,0.383500
0.072500,0.039500,0.044000,0.064500,0.075000,0.057000,0.098000,0.087500,0.115500,0.176000,0.383500
0.072500,0.039500,0.044000,0.064500,0.075000,0.057000,0.098000,0.087500,0.115500,0.176000,0.383500
0.072500,0.039500,0.044000,0.064500,0.075000,0.057000,0.098000,0.087500,0.115500,0.176000,0.383500
0.072500,0.039500,0.044000,0.064500,0.075000,0.057000,0.098000,0.087500,0.115500,0.176000,0.383500
0.072500,0.039500,0.044000,0.064500,0.075000,0.057000,0.098000,0.087500,0.115500,0.176000,0.383500
0.072500,0.039500,0.044000,0.064500,0.075000,0.057000,0.098000,0.087500,0.115500,0.176000,0.383500
0.072500,0.039500,0.044000,0.064500,0.075000,0.057000,0.098000,0.087500,0.115500,0.176000,0.383500
0.072500,0.039500,0.044000,0.064500,0.075000,0.057000,0.098000,0.087500,0.115500,0.176000,0.383500
0.072500,0.039500,0.044000,0.064500,0.075000,0.057000,0.098000,0.087500,0.115500,0.176000,0.383500
0.072500,0.039500,0.044000,0.064500,0.075000,0.057000,0.098000,0.087500,0.115500,0.176000,0.383500
0.072500,0.039500,0.044000,0.064500,0.075000,0.057000,0.098000,0.087500,0.115500,0.176000,0.383500
0.072500,0.039500,0.044000,0.064500,0.075000,0.057000,0.098000,0.087500,0.115500,0.176000,0.383500
0.072500,0.039500,0.044000,0.064500,0.075000,0.057000,0.098000,0.087500,0.115500,0.176000,0.383500
0.072500,0.039500,0.044000,0.064500,0.075000,0.057000,0.098000,0.087500,0.115500,0.176000,0.383500
0.072500,0.039500,0.044000,0.064500,0.075000,0.057000,0.098000,0.087500,0.115500,0.176000,0.383500
0.072500,0.039500,0.044000,0.064500,0.075000,0.057000,0.098000,0.087500,0.115500,0.176000,0.383500
0.072500,0.039500,0.044000,0.064500,0.075000,0.057000,0.098000,0.087500,0.115500,0.176000,0.383500
0.072500,0.039500,0.044000,0.064500,0.075000,0.057000,0.098000,0.087500,0.115500,0.176000,0.383500
0.072500,0.039500,0.044000,0.064500,0.075000,0.057000,0.098000,0.087500,0.115500,0.176000,0.383500
0.072500,0.039500,0.044000,0.064500,0.075000,0.057000,0.098000,0.087500,0.115500,0.176000,0.383500
0.072500,0.039500,0.044000,0.064500,0.075000,0.057000,0.098000,0.087500,0.115500,0.176000,0.383500
0.072500,0.039500,0.044000,0.064500,0.075000,0.057000,0.098000,0.087500,0.115500,0.176000,0.383500
0.072500,0.039500,0.044000,0.064500,0.075000,0.057000,0.098000,0.087500,0.115500,0.176000,0.383500
0.072500,0.039500,0.044000,0.064500,0.075000,0.057000,0.098000,0.087500,0.115500,0.176000,0.383500
0.072500,0.039500,0.044000,0.064500,0.075000,0.057000,0.098000,0.087500,0.115500,0.176000,0.383500
0.072500,0.039500,0.044000,0.064500,0.075000,0.057000,0.098000,0.087500,0.115500,0.176000,0.383500
0.072500,0.039500,0.044000,0.064500,0.075000,0.057000,0.098000,0.087500,0.115500,0.176000,0.383500
0.072500,0.039500,0.044000,0.064500,0.075000,0.057000,0.098000,0.087500,0.115500,0.176000,0.383500
0.072500,0.039500,0.044000,0.064500,0.075000,0.057000,0.098000,0.087500,0.115500,0.176000,0.383500
0.072500,0.039500,0.044000,0.064500,0.075000,0.057000,0.098000,0.087500,0.115500,0.176000,0.383500
0.072500,0.039500,0.044000,0.064500,0.075000,0.057000,0.098000,0.087500,0.115500,0.176000,0.383500
0.072500,0.039500,0.044000,0.064500,0.075000,0.057000,0.098000,0.087500,0.115500,0.176000,0.383500
0.072500,0.039500,0.044000,0.064500,0.075000,0.057000,0.098000,0.087500,0.115500,0.176000,0.383500
0.072500,0.039500,0.044000,0.064500,0.075000,0.057000,0.098000,0.087500,0.115500,0.176000,0.383500
0.072500,0.039500,0.044000,0.064500,0.075000,0.057000,0.098000,0.087500,0.115500,0.176000,0.383500
0.072500,0.039500,0.044000,0.064500,0.075000,0.057000,0.098000,0.087500,0.115500,0.176000,0.383500
0.072500,0.039500,0.044000,0.064500,0.075000,0.057000,0.098000,0.087500,0.115500,0.176000,0.383500
0.072500,0.039500,0.044000,0.064500,0.075000,0.057000,0.098000,0.087500,0.115500,0.176000,0.383500
0.072500,0.039500,0.044000,0.064500,0.075000,0.057000,0.098000,0.087500,0.115500,0.176000,0.383500
0.072500,0.039500,0.044000,0.064500,0.075000,0.057000,0.098000,0.087500,0.115500,0.176000,0.383500
0.072500,0.039500,0.044000,0.064500,0.075000,0.057000,0.098000,0.087500,0.115500,0.176000,0.383500
0.072500,0.039500,0.044000,0.064500,0.075000,0.057000,0.098000,0.087500,0.115500,0.176000,0.383500
0.072500,0.039500,0.044000,0.064500,0.075000,0.057000,0.098000,0.087500,0.115500,0.176000,0.383500
0.072500,0.039500,0.044000,0.064500,0.075000,0.057000,0.098000,0.087500,0.115500,0.176000,0.383500
0.072500,0.039500,0.044000,0.064500,0.075000,0.057000,0.098000,0.087500,0.115500,0.176000,0.383500
0.072500,0.039500,0.044000,0.064500,0.075000,0.057000,0.098000,0.087500,0.115500,0.176000,0.383500
0.072500,0.039500,0.044000,0.064500,0.075000,0.057000,0.098000,0.087500,0.115500,0.176000,0.383500
0.072500,0.039500,0.044000,0.064500,0.075000,0.057000,0.098000,0.087500,0.115500,0.176000,0.383500
0.072500,0.039500,0.044000,0.064500,0.075000,0.057000,0.098000,0.087500,0.115500,0.176000,0.383500
0.072500,0.039500,0.044000,0.064500,0.075000,0.057000,0.098000,0.087500,0.115500,0.176000,0.383500
0.072500,0.039500,0.044000,0.064500,0.075000,0.057000,0.098000,0.087500,0.115500,0.176000,0.383500
0.072500,0.039500,0.044000,0.064500,0.075000,0.057000,0.098000,0.087500,0.115500,0.176000,0.383500
0.072500,0.039500,0.044000,0.064500,0.075000,0.057000,0.098000,0.087500,0.115500,0.176000,0.383500
0.072500,0.039500,0.044000,0.064500,0.075000,0.057000,0.098000,0.087500,0.115500,0.176000,0.383500
0.072500,0.039500,0.044000,0.064500,0.075000,0.057000,0.098000,0.087500,0.115500,0.176000,0.383500
0.072500,0.039500,0.044000,0.064500,0.075000,0.057000,0.098000,0.087500,0.115500,0.176000,0.383500
0.072500,0.039500,0.044000,0.064500,0.075000,0.057000,0.098000,0.087500,0.115500,0.176000,0.383500
0.072500,0.039500,0.044000,0.064500,0.075000,0.057000,0.098000,0.087500,0.115500,0.176000,0.383500
0.072500,0.039500,0.044000,0.064500,0.075000,0.057000,0.098000,0.087500,0.115500,0.176000,0.383500
0.072500,0.039500,0.044000,0.064500,0.075000,0.057000,0.098000,0.087500,0.115500,0.176000,0.383500
0.072500,0.039500,0.044000,0.064500,0.075000,0.057000,0.098000,0.087500,0.115500,0.176000,0.383500
0.072500,0.039500,0.044000,0.064500,0.075000,0.057000,0.098000,0.087500,0.115500,0.176000,0.383500
0.072500,0.039500,0.044000,0.064500,0.075000,0.057000,0.098000,0.087500,0.115500,0.176000,0.383500
0.072500,0.039500,0.044000,0.064500,0.075000,0.057000,0.098000,0.087500,0.115500,0.176000,0.383500
0.072500,0.039500,0.044000,0.064500,0.075000,0.057000,0.098000,0.087500,0.115500,0.176000,0.383500
0.072500,0.039500,0.044000,0.064500,0.075000,0.057000,0.098000,0.087500,0.115500,0.176000,0.383500
0.072500,0.039500,0.044000,0.064500,0.075000,0.057000,0.098000,0.087500,0.115500,0.176000,0.383500
0.072500,0.039500,0.044000,0.064500,0.075000,0.057000,0.098000,0.087500,0.115500,0.176000,0.383500
0.072500,0.039500,0.044000,0.064500,0.075000,0.057000,0.098000,0.087500,0.115500,0.176000,0.383500
0.072500,0.039500,0.044000,0.064500,0.075000,0.057000,0.098000,0.087500,0.115500,0.176000,0.383500
0.072500,0.039500,0.044000,0.064500,0.075000,0.057000,0.098000,0.087500,0.115500,0.176000,0.383500
0.072500,0.039500,0.044000,0.064500,0.075000,0.057000,0.098000,0.087500,0.115500,0.176000,0.383500
0.072500,0.039500,0.044000,0.064500,0.075000,0.057000,0.098000,0.087500,0.115500,0.176000,0.383500
0.072500,0.039500,0.044000,0.064500,0.075000,0.057000,0.098000,0.087500,0.115500,0.176000,0.383500
0.072500,0.039500,0.044000,0.064500,0.075000,0.057000,0.098000,0.087500,0.115500,0.176000,0.383500
0.072500,0.039500,0.044000,0.064500,0.075000,0.057000,0.098000,0.087500,0.115500,0.176000,0.383500
0.072500,0.039500,0.044000,0.064500,0.075000,0.057000,0.098000,0.087500,0.115500,0.176000,0.383500
0.072500,0.039500,0.044000,0.064500,0.075000,0.057000,0.098000,0.087500,0.115500,0.176000,0.383500
0.072500,0.039500,0.044000,0.064500,0.075000,0.057000,0.098000,0.087500,0.115500,0.176000,0.383500
0.072500,0.039500,0.044000,0.064500,0.075000,0.057000,0.098000,0.087500,0.115500,0.176000,0.383500
0.072500,0.039500,0.044000,0.064500,0.075000,0.057000,0.098000,0.087500,0.115500,0.176000,0.383500
0.072500,0.039500,0.044000,0.064500,0.075000,0.057000,0.098000,0.087500,0.115500,0.176000,0.383500
0.072500,0.039500,0.044000,0.064500,0.075000,0.057000,0.098000,0.087500,0.115500,0.176000,0.383500
0.072500,0.039500,0.044000,0.064500,0.075000,0.057000,0.098000,0.087500,0.115500,0.176000,0.383500
0.072500,0.039500,0.044000,0.064500,0.075000,0.057000,0.098000,0.087500,0.115500,0.176000,0.383500
0.072500,0.039500,0.044000,0.064500,0.075000,0.057000,0.098000,0.087500,0.115500,0.176000,0.383500
0.072500,0.039500,0.044000,0.064500,0.075000,0.057000,0.098000,0.087500,0.115500,0.176000,0.383500
0.072500,0.039500,0.044000,0.064500,0.075000,0.057000,0.098000,0.087500,0.115500,0.176000,0.383500
0.072500,0.039500,0.044000,0.064500,0.075000,0.057000,0.098000,0.087500,0.115500,0.176000,0.383500
0.072500,0.039500,0.044000,0.064500,0.075000,0.057000,0.098000,0.087500,0.115500,0.176000,0.383500
0.072500,0.039500,0.044000,0.064500,0.075000,0.057000,0.098000,0.087500,0.115500,0.176000,0.383500
0.072500,0.039500,0.044000,0.064500,0.075000,0.057000,0.098000,0.087500,0.115500,0.176000,0.383500
0.072500,0.039500,0.044000,0.064500,0.075000,0.057000,0.098000,0.087500,0.115500,0.176000,0.383500
0.072500,0.039500,0.044000,0.064500,0.075000,0.057000,0.098000,0.087500,0.115500,0.176000,0.383500
0.072500,0.039500,0.044000,0.064500,0.075000,0.057000,0.098000,0.087500,0.115500,0.176000,0.383500
0.072500,0.039500,0.044000,0.064500,0.075000,0.057000,0.098000,0.087500,0.115500,0.176000,0.383500
0.072500,0.039500,0.044000,0.064500,0.075000,0.057000,0.098000,0.087500,0.115500,0.176000,0.383500
0.072500,0.039500,0.044000,0.064500,0.075000,0.057000,0.098000,0.087500,0.115500,0.176000,0.383500
0.072500,0.039500,0.044000,0.064500,0.075000,0.057000,0.098000,0.087500,0.115500,0.176000,0.383500
0.072500,0.039500,0.044000,0.064500,0.075000,0.057000,0.098000,0.087500,0.115500,0.176000,0.383500
0.072500,0.039500,0.044000,0.064500,0.075000,0.057000,0.098000,0.087500,0.115500,0.176000,0.383500
0.072500,0.039500,0.044000,0.064500,0.075000,0.057000,0.098000,0.087500,0.115500,0.176000,0.383500
0.072500,0.039500,0.044000,0.064500,0.075000,0.057000,0.098000,0.087500,0.115500,0.176000,0.383500
0.072500,0.039500,0.044000,0.064500,0.075000,0.057000,0.098000,0.087500,0.115500,0.176000,0.383500
0.072500,0.039500,0.044000,0.064500,0.075000,0.057000,0.098000,0.087500,0.115500,0.176000,0.383500
0.072500,0.039500,0.044000,0.064500,0.075000,0.057000,0.098000,0.087500,0.115500,0.176000,0.383500
0.072500,0.039500,0.044000,0.064500,0.075000,0.057000,0.098000,0.087500,0.115500,0.176000,0.383500
0.072500,0.039500,0.044000,0.064500,0.075000,0.057000,0.098000,0.087500,0.115500,0.176000,0.383500
0.072500,0.039500,0.044000,0.064500,0.075000,0.057000,0.098000,0.087500,0.115500,0.176000,0.383500
0.072500,0.039500,0.044000,0.064500,0.075000,0.057000,0.098000,0.087500,0.115500,0.176000,0.383500
0.072500,0.039500,0.044000,0.064500,0.075000,0.057000,0.098000,0.087500,0.115500,0.176000,0.383500
0.072500,0.039500,0.044000,0.064500,0.075000,0.057000,0.098000,0.087500,0.115500,0.176000,0.383500
0.072500,0.039500,0.044000,0.064500,0.075000,0.057000,0.098000,0.087500,0.115500,0.176000,0.383500
0.072500,0.039500,0.044000,0.064500,0.075000,0.057000,0.098000,0.087500,0.115500,0.176000,0.383500
0.072500,0.039500,0.044000,0.064500,0.075000,0.057000,0.098000,0.087500,0.115500,0.176000,0.383500
0.072500,0.039500,0.044000,0.064500,0.075000,0.057000,0.098000,0.087500,0.115500,0.176000,0.383500
0.072500,0.039500,0.044000,0.064500,0.075000,0.057000,0.098000,0.087500,0.115500,0.176000,0.383500
0.072500,0.039500,0.044000,0.064500,0.075000,0.057000,0.098000,0.087500,0.115500,0.176000,0.383500
0.072500,0.039500,0.044000,0.064500,0.075000,0.057000,0.098000,0.087500,0.115500,0.176000,0.383500
0.072500,0.039500,0.044000,0.064500,0.075000,0.057000,0.098000,0.087500,0.115500,0.176000,0.383500
0.072500,0.039500,0.044000,0.064500,0.075000,0.057000,0.098000,0.087500,0.115500,0.176000,0.383500
0.072500,0.039500,0.044000,0.064500,0.075000,0.057000,0.098000,0.087500,0.115500,0.176000,0.383500
0.072500,0.039500,0.044000,0.064500,0.075000,0.057000,0.098000,0.087500,0.115500,0.176000,0.383500
0.072500,0.039500,0.044000,0.064500,0.075000,0.057000,0.098000,0.087500,0.115500,0.176000,0.383500
0.072500,0.039500,0.044000,0.064500,0.075000,0.057000,0.098000,0.087500,0.115500,0.176000,0.383500
0.072500,0.039500,0.044000,0.064500,0.075000,0.057000,0.098000,0.087500,0.115500,0.176000,0.383500
0.072500,0.039500,0.044000,0.064500,0.075000,0.057000,0.098000,0.087500,0.115500,0.176000,0.383500
0.072500,0.039500,0.044000,0.064500,0.075000,0.057000,0.098000,0.087500,0.115500,0.176000,0.383500
0.072500,0.039500,0.044000,0.064500,0.075000,0.057000,0.098000,0.087500,0.115500,0.176000,0.383500
0.072500,0.039500,0.044000,0.064500,0.075000,0.057000,0.098000,0.417459,0.115500,0.176000,0.383500
0.072500,0.039500,0.044000,0.064500,0.075000,0.057000,0.098000,0.747418,0.115500,0.176000,0.383500
0.072500,0.039500,0.044000,0.064500,0.075000,0.057000,0.098000,1.077376,0.115500,0.176000,0.383500
0.072500,0.039500,0.044000,0.064500,0.075000,0.057000,0.098000,0.747418,0.115500,0.176000,0.383500
0.072500,0.039500,0.044000,0.064500,0.075000,0.057000,0.098000,0.417459,0.115500,0.176000,0.383500
0.072500,0.039500,0.044000,0.064500,0.075000,0.057000,0.098000,0.087500,0.115500,0.176000,1.380659
0.072500,0.039500,0.044000,0.064500,0.075000,0.057000,0.098000,0.087500,0.115500,0.176000,2.377818
0.072500,0.039500,0.044000,0.064500,0.075000,0.057000,0.098000,0.087500,0.115500,0.176000,3.374977
0.072500,0.039500,0.044000,0.064500,0.075000,0.057000,0.098000,0.087500,0.115500,0.176000,4.372136
0.072500,0.039500,0.044000,0.064500,0.075000,0.057000,0.098000,0.087500,0.115500,0.176000,3.374977
0.072500,0.039500,0.044000,0.064500,0.075000,0.057000,0.098000,0.087500,0.115500,0.176000,2.377818
0.072500,0.039500,0.044000,0.064500,0.075000,0.057000,0.098000,0.087500,0.115500,0.176000,1.380659
0.072500,0.039500,0.044000,0.064500,0.075000,0.057000,0.098000,0.087500,0.115500,0.176000,0.383500
0.072500,0.039500,0.044000,0.064500,0.075000,0.057000,0.098000,0.087500,0.115500,0.176000,0.383500
0.072500,0.039500,0.044000,0.064500,0.075000,0.057000,0.098000,0.087500,0.115500,0.654037,0.383500
0.072500,0.039500,0.044000,0.064500,0.075000,0.057000,0.098000,0.087500,0.115500,1.132075,0.383500
0.072500,0.039500,0.044000,0.064500,0.075000,0.057000,0.098000,0.087500,0.115500,1.610112,0.383500
0.072500,0.039500,0.044000,0.064500,0.075000,0.057000,0.098000,0.087500,0.115500,1.132075,0.383500
0.072500,0.039500,0.044000,0.064500,0.075000,0.057000,0.098000,0.087500,0.115500,0.654037,0.383500
0.072500,0.039500,0.044000,0.064500,0.075000,0.057000,0.140928,0.087500,0.115500,0.176000,0.383500
0.072500,0.039500,0.511880,0.064500,0.075000,0.057000,0.183857,0.087500,0.115500,0.176000,0.383500
0.072500,0.039500,0.979760,0.064500,0.075000,0.057000,0.226785,0.087500,0.115500,0.176000,0.383500
0.072500,0.039500,1.447640,0.064500,0.075000,0.057000,0.183857,0.087500,0.115500,0.176000,0.383500
0.072500,0.039500,0.979760,0.064500,0.075000,0.057000,0.140928,0.087500,0.115500,0.176000,0.383500
0.072500,0.039500,0.511880,0.122448,0.075000,0.057000,0.098000,0.087500,0.115500,0.176000,0.383500
0.072500,0.039500,0.044000,0.180396,0.075000,0.057000,0.098000,0.087500,0.115500,0.176000,0.383500
0.072500,0.039500,0.044000,0.238343,0.075000,0.057000,0.098000,0.087500,0.115500,0.176000,0.383500
0.072500,0.039500,0.044000,0.180396,0.075000,0.057000,0.098000,0.087500,0.115500,0.176000,0.383500
0.072500,0.039500,0.044000,0.122448,0.075000,0.057000,0.098000,0.087500,0.115500,0.176000,0.383500
0.072500,0.039500,0.044000,0.064500,0.075000,0.057000,0.098000,0.087500,0.115500,0.176000,0.383500
0.072500,0.039500,0.044000,0.064500,0.075000,0.057000,0.098000,0.087500,0.115500,0.176000,0.383500
0.072500,0.039500,0.044000,0.064500,0.075000,0.057000,0.098000,0.087500,0.115500,0.176000,0.383500
0.072500,0.039500,0.044000,0.064500,0.075000,0.057000,0.098000,0.087500,0.115500,0.176000,0.383500
0.226291,0.039500,0.044000,0.064500,0.075000,0.057000,0.098000,0.087500,0.115500,0.176000,0.383500
0.380082,0.039500,0.044000,0.064500,0.075000,0.057000,0.098000,0.087500,0.115500,0.176000,0.383500
0.533873,0.039500,0.044000,0.064500,0.075000,0.057000,0.098000,0.087500,0.131769,0.176000,0.383500
0.380082,0.039500,0.044000,0.064500,0.075000,0.057000,0.098000,0.087500,0.148039,0.176000,0.383500
0.226291,0.039500,0.044000,0.064500,0.075000,0.057000,0.098000,0.087500,0.164308,0.176000,0.383500
0.072500,0.039500,0.044000,0.064500,0.075000,0.057000,0.098000,0.087500,0.148039,0.176000,0.383500
0.072500,0.039500,0.044000,0.064500,0.075000,0.057000,0.098000,0.087500,0.131769,0.176000,0.383500
0.072500,0.039500,0.044000,0.064500,0.075000,0.057000,0.098000,0.087500,0.115500,0.176000,0.383500
0.072500,0.039500,0.044000,0.064500,0.075000,0.057000,0.098000,0.087500,0.115500,0.176000,0.383500
0.072500,0.039500,0.044000,0.064500,0.075000,0.057000,0.098000,0.087500,0.115500,0.176000,0.383500
0.072500,0.039500,0.044000,0.064500,1.535996,0.057000,0.098000,0.087500,0.115500,0.176000,0.383500
0.072500,0.039500,0.044000,0.064500,2.996992,0.057000,0.098000,0.087500,0.115500,0.176000,0.383500
0.072500,0.039500,0.044000,0.064500,4.457987,0.057000,0.098000,0.087500,0.115500,0.176000,0.383500
0.072500,0.039500,0.044000,0.064500,2.996992,0.057000,0.098000,0.087500,0.115500,0.176000,0.383500
0.072500,0.039500,0.044000,0.064500,1.535996,0.057000,0.098000,0.087500,0.115500,0.176000,0.383500
0.072500,0.039500,0.044000,0.064500,0.075000,0.057000,0.098000,0.087500,0.115500,0.176000,0.383500
0.072500,0.039500,0.044000,0.064500,0.075000,0.057000,0.098000,0.087500,0.115500,0.176000,0.383500
0.072500,0.039500,0.044000,0.064500,0.075000,0.072284,0.098000,0.087500,0.115500,0.176000,0.383500
0.072500,0.039500,0.044000,0.064500,0.075000,0.087569,0.098000,0.087500,0.115500,0.176000,0.383500
0.072500,0.039500,0.044000,0.064500,0.075000,0.102853,0.098000,0.087500,0.115500,0.176000,0.383500
0.072500,0.039500,0.044000,0.064500,0.075000,0.087569,0.098000,0.087500,0.115500,0.176000,0.383500
0.072500,0.039500,0.044000,0.064500,0.075000,0.072284,0.098000,0.087500,0.115500,0.176000,0.383500
0.072500,0.039500,0.044000,0.064500,0.075000,0.057000,0.098000,0.087500,0.115500,0.176000,0.383500
0.072500,0.039500,0.044000,0.064500,0.075000,0.057000,0.098000,0.087500,0.115500,0.176000,0.383500
0.072500,0.039500,0.044000,0.064500,0.075000,0.057000,0.098000,0.087500,0.115500,0.176000,0.383500
0.072500,0.039500,0.044000,0.064500,0.075000,0.057000,0.098000,0.087500,0.115500,0.176000,0.383500
0.072500,0.039500,0.044000,0.064500,0.075000,0.057000,0.098000,0.087500,0.115500,0.176000,0.383500
0.072500,0.039500,0.044000,0.064500,0.075000,0.057000,0.098000,0.087500,0.115500,0.176000,0.383500
0.072500,0.039500,0.044000,0.064500,0.075000,0.057000,0.098000,0.087500,0.115500,0.176000,0.383500
0.072500,0.039500,0.044000,0.064500,0.075000,0.057000,0.098000,0.087500,0.115500,0.176000,0.383500
0.072500,0.039500,0.044000,0.064500,0.075000,0.057000,0.098000,0.087500,0.115500,0.176000,0.383500
0.072500,0.039500,0.044000,0.064500,0.075000,0.057000,0.098000,0.087500,0.115500,0.176000,0.383500
0.072500,0.039500,0.044000,0.064500,0.075000,0.057000,0.098000,0.087500,0.115500,0.176000,0.383500
0.072500,0.039500,0.044000,0.064500,0.075000,0.057000,0.098000,0.087500,0.115500,0.176000,0.383500
0.072500,0.039500,0.044000,0.064500,0.075000,0.057000,0.098000,0.087500,0.115500,0.176000,0.383500
0.072500,0.039500,0.044000,0.064500,0.075000,0.057000,0.098000,0.087500,0.115500,0.176000,0.383500
0.072500,0.039500,0.044000,0.064500,0.075000,0.057000,0.098000,0.087500,0.115500,0.176000,0.383500
0.072500,0.039500,0.044000,0.064500,0.075000,0.057000,0.098000,0.087500,0.115500,0.176000,0.383500
0.072500,0.039500,0.044000,0.064500,0.075000,0.057000,0.098000,0.087500,0.115500,0.176000,0.383500
0.072500,0.039500,0.044000,0.064500,0.075000,0.057000,0.098000,0.087500,0.115500,0.176000,0.383500
0.072500,0.039500,0.044000,0.064500,0.075000,0.057000,0.098000,0.087500,0.115500,0.176000,0.383500
0.072500,0.039500,0.044000,0.064500,0.075000,0.057000,0.098000,0.087500,0.115500,0.176000,0.383500
0.072500,0.039500,0.044000,0.064500,0.075000,0.057000,0.098000,0.087500,0.115500,0.176000,0.383500
0.072500,0.039500,0.044000,0.064500,0.075000,0.057000,0.098000,0.087500,0.115500,0.176000,0.383500
0.072500,0.039500,0.044000,0.064500,0.075000,0.057000,0.098000,0.087500,0.115500,0.176000,0.383500
0.072500,0.039500,0.044000,0.064500,0.075000,0.057000,0.098000,0.087500,0.115500,0.176000,0.383500
0.072500,0.039500,0.044000,0.064500,0.075000,0.057000,0.098000,0.087500,0.115500,0.176000,0.383500
0.072500,0.039500,0.044000,0.064500,0.075000,0.057000,0.098000,0.087500,0.115500,0.176000,0.383500
0.072500,0.039500,0.044000,0.064500,0.075000,0.057000,0.098000,0.087500,0.115500,0.176000,0.383500
0.072500,0.039500,0.044000,0.064500,0.075000,0.057000,0.098000,0.087500,0.115500,0.176000,0.383500
0.072500,0.039500,0.044000,0.064500,0.075000,0.057000,0.098000,0.087500,0.115500,0.176000,0.383500
0.072500,0.039500,0.044000,0.064500,0.075000,0.057000,0.098000,0.087500,0.115500,0.176000,0.383500
0.072500,0.039500,0.044000,0.064500,0.075000,0.057000,0.098000,0.087500,0.115500,0.176000,0.383500
0.072500,0.039500,0.044000,0.064500,0.075000,0.057000,0.098000,0.087500,0.115500,0.176000,0.383500
0.072500,0.039500,0.044000,0.064500,0.075000,0.057000,0.098000,0.087500,0.115500,0.176000,0.383500
0.072500,0.039500,0.044000,0.064500,0.075000,0.057000,0.098000,0.087500,0.115500,0.176000,0.383500
0.072500,0.039500,0.044000,0.064500,0.075000,0.057000,0.098000,0.087500,0.115500,0.176000,0.383500
0.072500,0.039500,0.044000,0.064500,0.075000,0.057000,0.098000,0.087500,0.115500,0.176000,0.383500
0.072500,0.039500,0.044000,0.064500,0.075000,0.057000,0.098000,0.087500,0.115500,0.176000,0.383500
0.072500,0.039500,0.044000,0.064500,0.075000,0.057000,0.098000,0.087500,0.115500,0.176000,0.383500
0.072500,0.039500,0.044000,0.064500,0.075000,0.057000,0.098000,0.087500,0.115500,0.176000,0.383500
0.072500,0.039500,0.044000,0.064500,0.075000,0.057000,0.098000,0.087500,0.115500,0.176000,0.383500
0.072500,0.039500,0.044000,0.064500,0.075000,0.057000,0.098000,0.087500,0.115500,0.176000,0.383500
0.072500,0.039500,0.044000,0.064500,0.075000,0.057000,0.098000,0.087500,0.115500,0.176000,0.383500
0.072500,0.039500,0.044000,0.064500,0.075000,0.057000,0.098000,0.087500,0.115500,0.176000,0.383500
0.072500,0.039500,0.044000,0.064500,0.075000,0.057000,0.098000,0.087500,0.115500,0.176000,0.383500
0.072500,0.039500,0.044000,0.064500,0.075000,0.057000,0.098000,0.087500,0.115500,0.176000,0.383500
0.072500,0.039500,0.044000,0.064500,0.075000,0.057000,0.098000,0.087500,0.115500,0.176000,0.383500
0.072500,0.039500,0.044000,0.064500,0.075000,0.057000,0.098000,0.087500,0.115500,0.176000,0.383500
0.072500,0.039500,0.044000,0.064500,0.075000,0.057000,0.098000,0.087500,0.115500,0.176000,0.383500
0.072500,0.039500,0.044000,0.064500,0.075000,0.057000,0.098000,0.087500,0.115500,0.176000,0.383500
0.072500,0.039500,0.044000,0.064500,0.075000,0.057000,0.098000,0.087500,0.115500,0.176000,0.383500
0.072500,0.039500,0.044000,0.064500,0.075000,0.057000,0.098000,0.087500,0.115500,0.176000,0.383500
0.072500,0.039500,0.044000,0.064500,0.075000,0.057000,0.098000,0.087500,0.115500,0.176000,0.383500
0.072500,0.039500,0.044000,0.064500,0.075000,0.057000,0.098000,0.087500,0.115500,0.176000,0.383500
0.072500,0.039500,0.044000,0.064500,0.075000,0.057000,0.098000,0.087500,0.115500,0.176000,0.383500
0.072500,0.039500,0.044000,0.064500,0.075000,0.057000,0.098000,0.087500,0.115500,0.176000,0.383500
0.072500,0.039500,0.044000,0.064500,0.075000,0.057000,0.098000,0.087500,0.115500,0.176000,0.383500
0.072500,0.039500,0.044000,0.064500,0.075000,0.057000,0.098000,0.087500,0.115500,0.176000,0.383500
0.072500,0.039500,0.044000,0.064500,0.075000,0.057000,0.098000,0.087500,0.115500,0.176000,0.383500
0.072500,0.039500,0.044000,0.064500,0.075000,0.057000,0.098000,0.087500,0.115500,0.176000,0.383500
0.072500,0.039500,0.044000,0.064500,0.075000,0.057000,0.098000,0.087500,0.115500,0.176000,0.383500
0.072500,0.039500,0.044000,0.064500,0.075000,0.057000,0.098000,0.087500,0.115500,0.176000,0.383500
0.072500,0.039500,0.044000,0.064500,0.075000,0.057000,0.098000,0.087500,0.115500,0.176000,0.383500
0.072500,0.039500,0.044000,0.064500,0.075000,0.057000,0.098000,0.087500,0.115500,0.176000,0.383500
0.072500,0.039500,0.044000,0.064500,0.075000,0.057000,0.098000,0.087500,0.115500,0.176000,0.383500
0.072500,0.039500,0.044000,0.064500,0.075000,0.057000,0.098000,0.087500,0.115500,0.176000,0.383500
0.072500,0.039500,0.044000,0.064500,0.075000,0.057000,0.098000,0.087500,0.115500,0.176000,0.383500
0.072500,0.039500,0.044000,0.064500,0.075000,0.057000,0.098000,0.087500,0.115500,0.176000,0.383500
0.072500,0.039500,0.044000,0.064500,0.075000,0.057000,0.098000,0.087500,0.115500,0.176000,0.383500
0.072500,0.039500,0.044000,0.064500,0.075000,0.057000,0.098000,0.087500,0.115500,0.176000,0.383500
0.072500,0.039500,0.044000,0.064500,0.075000,0.057000,0.098000,0.087500,0.115500,0.176000,0.383500
0.072500,0.039500,0.044000,0.064500,0.075000,0.057000,0.098000,0.087500,0.115500,0.176000,0.383500
0.072500,0.039500,0.044000,0.064500,0.075000,0.057000,0.098000,0.087500,0.115500,0.176000,0.383500
0.072500,0.039500,0.044000,0.064500,0.075000,0.057000,0.098000,0.087500,0.115500,0.176000,0.383500
0.072500,0.039500,0.044000,0.064500,0.075000,0.057000,0.098000,0.087500,0.115500,0.176000,0.383500
0.072500,0.039500,0.044000,0.064500,0.075000,0.057000,0.098000,0.087500,0.115500,0.176000,0.383500
0.072500,0.039500,0.044000,0.064500,0.075000,0.057000,0.098000,0.087500,0.115500,0.176000,0.383500
0.072500,0.039500,0.044000,0.064500,0.075000,0.057000,0.098000,0.087500,0.115500,0.176000,0.383500
0.072500,0.039500,0.044000,0.064500,0.075000,0.057000,0.098000,0.087500,0.115500,0.176000,0.383500
0.072500,0.039500,0.044000,0.064500,0.075000,0.057000,0.098000,0.087500,0.115500,0.176000,0.383500
0.072500,0.039500,0.044000,0.064500,0.075000,0.057000,0.098000,0.087500,0.115500,0.176000,0.383500
0.072500,0.039500,0.044000,0.064500,0.075000,0.057000,0.098000,0.087500,0.115500,0.176000,0.383500
0.072500,0.039500,0.044000,0.064500,0.075000,0.057000,0.098000,0.087500,0.115500,0.176000,0.383500
0.072500,0.039500,0.044000,0.064500,0.075000,0.057000,0.098000,0.087500,0.115500,0.176000,0.383500
0.072500,0.039500,0.044000,0.064500,0.075000,0.057000,0.098000,0.087500,0.115500,0.176000,0.383500
0.072500,0.039500,0.044000,0.064500,0.075000,0.057000,0.098000,0.087500,0.115500,0.176000,0.383500
0.072500,0.039500,0.044000,0.064500,0.075000,0.057000,0.098000,0.087500,0.115500,0.176000,0.383500
0.072500,0.039500,0.044000,0.064500,0.075000,0.057000,0.098000,0.087500,0.115500,0.176000,0.383500
0.072500,0.039500,0.044000,0.064500,0.075000,0.057000,0.098000,0.087500,0.115500,0.176000,0.383500
0.072500,0.039500,0.044000,0.064500,0.075000,0.057000,0.098000,0.087500,0.115500,0.176000,0.383500
0.072500,0.039500,0.044000,0.064500,0.075000,0.057000,0.098000,0.087500,0.115500,0.176000,0.383500
0.072500,0.039500,0.044000,0.064500,0.075000,0.057000,0.098000,0.087500,0.115500,0.176000,0.383500
0.072500,0.039500,0.044000,0.064500,0.075000,0.057000,0.098000,0.087500,0.115500,0.176000,0.383500
0.072500,0.039500,0.044000,0.064500,0.075000,0.057000,0.098000,0.087500,0.115500,0.176000,0.383500
0.072500,0.039500,0.044000,0.064500,0.075000,0.057000,0.098000,0.087500,0.115500,0.176000,0.383500
0.072500,0.039500,0.044000,0.064500,0.075000,0.057000,0.098000,0.087500,0.115500,0.176000,0.383500
0.072500,0.039500,0.044000,0.064500,0.075000,0.057000,0.098000,0.087500,0.115500,0.176000,0.383500
0.072500,0.039500,0.044000,0.064500,0.075000,0.057000,0.098000,0.087500,0.115500,0.176000,0.383500
0.072500,0.039500,0.044000,0.064500,0.075000,0.057000,0.098000,0.087500,0.115500,0.176000,0.383500
0.072500,0.039500,0.044000,0.064500,0.075000,0.057000,0.098000,0.087500,0.115500,0.176000,0.383500
0.072500,0.039500,0.044000,0.064500,0.075000,0.057000,0.098000,0.087500,0.115500,0.176000,0.383500
0.072500,0.039500,0.044000,0.064500,0.075000,0.057000,0.098000,0.087500,0.115500,0.176000,0.383500
0.072500,0.039500,0.044000,0.064500,0.075000,0.057000,0.098000,0.087500,0.115500,0.176000,0.383500
0.072500,0.039500,0.044000,0.064500,0.075000,0.057000,0.098000,0.087500,0.115500,0.176000,0.383500
0.072500,0.039500,0.044000,0.064500,0.075000,0.057000,0.098000,0.087500,0.115500,0.176000,0.383500
0.072500,0.039500,0.044000,0.064500,0.075000,0.057000,0.098000,0.087500,0.115500,0.176000,0.383500
0.072500,0.039500,0.044000,0.064500,0.075000,0.057000,0.098000,0.087500,0.115500,0.176000,0.383500
0.072500,0.039500,0.044000,0.064500,0.075000,0.057000,0.098000,0.087500,0.115500,0.176000,0.383500
0.072500,0.039500,0.044000,0.064500,0.075000,0.057000,0.098000,0.087500,0.115500,0.176000,0.383500
0.072500,0.039500,0.044000,0.064500,0.075000,0.057000,0.098000,0.087500,0.115500,0.176000,0.383500
0.072500,0.039500,0.044000,0.064500,0.075000,0.057000,0.098000,0.087500,0.115500,0.176000,0.383500
0.072500,0.039500,0.044000,0.064500,0.075000,0.057000,0.098000,0.087500,0.115500,0.176000,0.383500
0.072500,0.039500,0.044000,0.064500,0.075000,0.057000,0.098000,0.087500,0.115500,0.176000,0.383500
0.072500,0.039500,0.044000,0.064500,0.075000,0.057000,0.098000,0.087500,0.115500,0.176000,0.383500
0.072500,0.039500,0.044000,0.064500,0.075000,0.057000,0.098000,0.087500,0.115500,0.176000,0.383500
0.072500,0.039500,0.044000,0.064500,0.075000,0.057000,0.098000,0.087500,0.115500,0.176000,0.383500
0.072500,0.039500,0.044000,0.064500,0.075000,0.057000,0.098000,0.087500,0.115500,0.176000,0.383500
0.072500,0.039500,0.044000,0.064500,0.075000,0.057000,0.098000,0.087500,0.115500,0.176000,0.383500
0.072500,0.039500,0.044000,0.064500,0.075000,0.057000,0.098000,0.087500,0.115500,0.176000,0.383500
0.072500,0.039500,0.044000,0.064500,0.075000,0.057000,0.098000,0.087500,0.115500,0.176000,0.383500
0.072500,0.039500,0.044000,0.064500,0.075000,0.057000,0.098000,0.087500,0.115500,0.176000,0.383500
0.072500,0.039500,0.044000,0.064500,0.075000,0.057000,0.098000,0.087500,0.115500,0.176000,0.383500
0.072500,0.039500,0.044000,0.064500,0.075000,0.057000,0.098000,0.087500,0.115500,0.176000,0.383500
0.072500,0.039500,0.044000,0.064500,0.075000,0.057000,0.098000,0.087500,0.115500,0.176000,0.383500
0.072500,0.039500,0.044000,0.064500,0.075000,0.057000,0.098000,0.087500,0.115500,0.176000,0.383500
0.072500,0.039500,0.044000,0.064500,0.075000,0.057000,0.098000,0.087500,0.115500,0.176000,0.383500
0.072500,0.039500,0.044000,0.064500,0.075000,0.057000,0.098000,0.087500,0.115500,0.176000,0.383500
0.072500,0.039500,0.044000,0.064500,0.075000,0.057000,0.098000,0.087500,0.115500,0.176000,0.383500
0.072500,0.039500,0.044000,0.064500,0.075000,0.057000,0.098000,0.087500,0.115500,0.176000,0.383500
0.072500,0.039500,0.044000,0.064500,0.075000,0.057000,0.098000,0.087500,0.115500,0.176000,0.383500
0.072500,0.039500,0.044000,0.064500,0.075000,0.057000,0.098000,0.087500,0.115500,0.176000,0.383500
0.072500,0.039500,0.044000,0.064500,0.075000,0.057000,0.098000,0.087500,0.115500,0.176000,0.383500
0.072500,0.039500,0.044000,0.064500,0.075000,0.057000,0.098000,0.087500,0.115500,0.176000,0.383500
0.072500,0.039500,0.044000,0.064500,0.075000,0.057000,0.098000,0.087500,0.115500,0.176000,0.383500
0.072500,0.039500,0.044000,0.064500,0.075000,0.057000,0.098000,0.087500,0.115500,0.176000,0.383500
0.072500,0.039500,0.044000,0.064500,0.075000,0.057000,0.098000,0.087500,0.115500,0.176000,0.383500
0.072500,0.039500,0.044000,0.064500,0.075000,0.057000,0.098000,0.087500,0.115500,0.176000,0.383500
0.072500,0.039500,0.044000,0.064500,0.075000,0.057000,0.098000,0.087500,0.115500,0.176000,0.383500
0.072500,0.039500,0.044000,0.064500,0.075000,0.057000,0.098000,0.087500,0.115500,0.176000,0.383500
0.072500,0.039500,0.044000,0.064500,0.075000,0.057000,0.098000,0.087500,0.115500,0.176000,0.383500
0.072500,0.039500,0.044000,0.064500,0.075000,0.057000,0.098000,0.087500,0.115500,0.176000,0.383500
0.072500,0.039500,0.044000,0.064500,0.075000,0.057000,0.098000,0.087500,0.115500,0.176000,0.383500
0.072500,0.039500,0.044000,0.064500,0.075000,0.057000,0.098000,0.087500,0.115500,0.176000,0.383500
0.072500,0.039500,0.044000,0.064500,0.075000,0.057000,0.098000,0.087500,0.115500,0.176000,0.383500
0.072500,0.039500,0.044000,0.064500,0.075000,0.057000,0.098000,0.087500,0.115500,0.176000,0.383500
0.072500,0.039500,0.044000,0.064500,0.075000,0.057000,0.098000,0.087500,0.115500,0.176000,0.383500
0.072500,0.039500,0.044000,0.064500,0.075000,0.057000,0.098000,0.087500,0.115500,0.176000,0.383500
0.072500,0.039500,0.044000,0.064500,0.075000,0.057000,0.098000,0.087500,0.115500,0.176000,0.383500
0.072500,0.039500,0.044000,0.064500,0.075000,0.057000,0.098000,0.087500,0.115500,0.176000,0.383500
0.072500,0.039500,0.044000,0.064500,0.075000,0.057000,0.098000,0.087500,0.115500,0.176000,0.383500
0.072500,0.039500,0.044000,0.064500,0.075000,0.057000,0.098000,0.087500,0.115500,0.176000,0.383500
0.072500,0.039500,0.044000,0.064500,0.075000,0.057000,0.098000,0.087500,0.115500,0.176000,0.383500
0.072500,0.039500,0.044000,0.064500,0.075000,0.057000,0.098000,0.087500,0.115500,0.176000,0.383500
0.072500,0.039500,0.044000,0.064500,0.075000,0.057000,0.098000,0.087500,0.115500,0.176000,0.383500
0.072500,0.039500,0.044000,0.064500,0.075000,0.057000,0.098000,0.087500,0.115500,0.176000,0.383500
0.072500,0.039500,0.044000,0.064500,0.075000,0.057000,0.098000,0.087500,0.115500,0.176000,0.383500
0.072500,0.039500,0.044000,0.064500,0.075000,0.057000,0.098000,0.087500,0.115500,0.176000,0.383500
0.072500,0.039500,0.044000,0.064500,0.075000,0.057000,0.098000,0.087500,0.115500,0.176000,0.383500
0.072500,0.039500,0.044000,0.064500,0.075000,0.057000,0.098000,0.087500,0.115500,0.176000,0.383500
0.072500,0.039500,0.044000,0.064500,0.075000,0.057000,0.098000,0.087500,0.115500,0.176000,0.383500
0.072500,0.039500,0.044000,0.064500,0.075000,0.057000,0.098000,0.087500,0.115500,0.176000,0.383500
0.072500,0.039500,0.044000,0.064500,0.075000,0.057000,0.098000,0.087500,0.115500,0.176000,0.383500
0.072500,0.039500,0.044000,0.064500,0.075000,0.057000,0.098000,0.087500,0.115500,0.176000,0.383500
0.072500,0.039500,0.044000,0.064500,0.075000,0.057000,0.098000,0.087500,0.115500,0.176000,0.383500
0.072500,0.039500,0.044000,0.064500,0.075000,0.057000,0.098000,0.087500,0.115500,0.176000,0.383500
0.072500,0.039500,0.044000,0.064500,0.075000,0.057000,0.098000,0.087500,0.115500,0.176000,0.383500
0.072500,0.039500,0.044000,0.064500,0.075000,0.057000,0.098000,0.087500,0.115500,0.176000,0.383500
0.072500,0.039500,0.044000,0.064500,0.075000,0.057000,0.098000,0.087500,0.115500,0.176000,0.383500
0.072500,0.039500,0.044000,0.064500,0.075000,0.057000,0.098000,0.087500,0.115500,0.176000,0.383500
0.072500,0.039500,0.044000,0.064500,0.075000,0.057000,0.098000,0.087500,0.115500,0.176000,0.383500
0.072500,0.039500,0.044000,0.064500,0.075000,0.057000,0.098000,0.087500,0.115500,0.176000,0.383500
0.072500,0.039500,0.044000,0.064500,0.075000,0.057000,0.098000,0.087500,0.115500,0.176000,0.383500
0.072500,0.039500,0.044000,0.064500,0.075000,0.057000,0.098000,0.087500,0.115500,0.176000,0.383500
0.072500,0.039500,0.044000,0.064500,0.075000,0.057000,0.098000,0.087500,0.115500,0.176000,0.383500
0.072500,0.039500,0.044000,0.064500,0.075000,0.057000,0.098000,0.087500,0.115500,0.176000,0.383500
0.072500,0.039500,0.044000,0.064500,0.075000,0.057000,0.098000,0.087500,0.115500,0.176000,0.383500
0.072500,0.039500,0.044000,0.064500,0.075000,0.057000,0.098000,0.087500,0.115500,0.176000,0.383500
0.072500,0.039500,0.044000,0.064500,0.075000,0.057000,0.098000,0.087500,0.115500,0.176000,0.383500
0.072500,0.039500,0.044000,0.064500,0.075000,0.057000,0.098000,0.087500,0.115500,0.176000,0.383500
0.072500,0.039500,0.044000,0.064500,0.075000,0.057000,0.098000,0.087500,0.115500,0.176000,0.383500
0.072500,0.039500,0.044000,0.064500,0.075000,0.057000,0.098000,0.087500,0.115500,0.176000,0.383500
0.072500,0.039500,0.044000,0.064500,0.075000,0.057000,0.098000,0.087500,0.115500,0.176000,0.383500
0.072500,0.039500,0.044000,0.064500,0.075000,0.057000,0.098000,0.087500,0.115500,0.176000,0.383500
0.072500,0.039500,0.044000,0.064500,0.075000,0.057000,0.098000,0.087500,0.115500,0.176000,0.383500
0.072500,0.039500,0.044000,0.064500,0.075000,0.057000,0.098000,0.087500,0.115500,0.176000,0.383500
0.072500,0.039500,0.044000,0.064500,0.075000,0.057000,0.098000,0.087500,0.115500,0.176000,0.383500
0.072500,0.039500,0.044000,0.064500,0.075000,0.057000,0.098000,0.087500,0.115500,0.176000,0.383500
0.072500,0.039500,0.044000,0.064500,0.075000,0.057000,0.098000,0.087500,0.115500,0.176000,0.383500
0.072500,0.039500,0.044000,0.064500,0.075000,0.057000,0.098000,0.087500,0.115500,0.176000,0.383500
0.072500,0.039500,0.044000,0.064500,0.075000,0.057000,0.098000,0.087500,0.115500,0.176000,0.383500
0.072500,0.039500,0.044000,0.064500,0.075000,0.057000,0.098000,0.087500,0.115500,0.176000,0.383500
0.072500,0.039500,0.044000,0.064500,0.075000,0.057000,0.098000,0.087500,0.115500,0.176000,0.383500
0.072500,0.039500,0.044000,0.064500,0.075000,0.057000,0.098000,0.087500,0.115500,0.176000,0.383500
0.072500,0.039500,0.044000,0.064500,0.075000,0.057000,0.098000,0.087500,0.115500,0.176000,0.383500
0.072500,0.039500,0.044000,0.064500,0.075000,0.057000,0.098000,0.087500,0.115500,0.176000,0.383500
0.072500,0.039500,0.044000,0.064500,0.075000,0.057000,0.098000,0.087500,0.115500,0.176000,0.383500
0.072500,0.039500,0.044000,0.064500,0.075000,0.057000,0.098000,0.087500,0.115500,0.176000,0.383500
0.072500,0.039500,0.044000,0.064500,0.075000,0.057000,0.098000,0.087500,0.115500,0.176000,0.383500
0.072500,0.039500,0.044000,0.064500,0.075000,0.057000,0.098000,0.087500,0.115500,0.176000,0.383500
0.072500,0.039500,0.044000,0.064500,0.075000,0.057000,0.098000,0.087500,0.115500,0.176000,0.383500
0.072500,0.039500,0.044000,0.064500,0.075000,0.057000,0.098000,0.087500,0.115500,0.176000,0.383500
0.072500,0.039500,0.044000,0.064500,0.075000,0.057000,0.098000,0.087500,0.115500,0.176000,0.383500
0.072500,0.039500,0.044000,0.064500,0.075000,0.057000,0.098000,0.087500,0.115500,0.176000,0.383500
0.072500,0.039500,0.044000,0.064500,0.075000,0.057000,0.098000,0.087500,0.115500,0.176000,0.383500
0.072500,0.039500,0.044000,0.064500,0.075000,0.057000,0.098000,0.087500,0.115500,0.176000,0.383500
0.072500,0.039500,0.044000,0.064500,0.075000,0.057000,0.098000,0.087500,0.115500,0.176000,0.383500
0.072500,0.039500,0.044000,0.064500,0.075000,0.057000,0.098000,0.087500,0.115500,0.176000,0.383500
0.072500,0.039500,0.044000,0.064500,0.075000,0.057000,0.098000,0.087500,0.115500,0.176000,0.383500
0.072500,0.039500,0.044000,0.064500,0.075000,0.057000,0.098000,0.087500,0.115500,0.176000,0.383500
0.072500,0.039500,0.044000,0.064500,0.075000,0.057000,0.098000,0.087500,0.115500,0.176000,0.383500
0.072500,0.039500,0.044000,0.064500,0.075000,0.057000,0.098000,0.087500,0.115500,0.176000,0.383500
0.072500,0.039500,0.044000,0.064500,0.075000,0.057000,0.098000,0.087500,0.115500,0.176000,0.383500
0.072500,0.039500,0.044000,0.064500,0.075000,0.057000,0.098000,0.087500,0.115500,0.176000,0.383500
0.072500,0.039500,0.044000,0.064500,0.075000,0.057000,0.098000,0.087500,0.115500,0.176000,0.383500
0.072500,0.039500,0.044000,0.064500,0.075000,0.057000,0.098000,0.087500,0.115500,0.176000,0.383500
0.072500,0.039500,0.044000,0.064500,0.075000,0.057000,0.098000,0.087500,0.115500,0.176000,0.383500
0.072500,0.039500,0.044000,0.064500,0.075000,0.057000,0.098000,0.087500,0.115500,0.176000,0.383500
0.072500,0.039500,0.044000,0.064500,0.075000,0.057000,0.098000,0.087500,0.115500,0.176000,0.383500
0.072500,0.039500,0.044000,0.064500,0.075000,0.057000,0.098000,0.087500,0.115500,0.176000,0.383500
0.072500,0.039500,0.044000,0.064500,0.075000,0.057000,0.098000,0.087500,0.115500,0.176000,0.383500
0.072500,0.039500,0.044000,0.064500,0.075000,0.057000,0.098000,0.087500,0.115500,0.176000,0.383500
0.072500,0.039500,0.044000,0.064500,0.075000,0.057000,0.098000,0.087500,0.115500,0.176000,0.383500
0.072500,0.039500,0.044000,0.064500,0.075000,0.057000,0.098000,0.087500,0.115500,0.176000,0.383500
0.072500,0.039500,0.044000,0.064500,0.075000,0.057000,0.098000,0.087500,0.115500,0.176000,0.383500
0.072500,0.039500,0.044000,0.064500,0.075000,0.057000,0.098000,0.087500,0.115500,0.176000,0.383500
0.072500,0.039500,0.044000,0.064500,0.075000,0.057000,0.098000,0.087500,0.115500,0.176000,0.383500
0.072500,0.039500,0.044000,0.064500,0.075000,0.057000,0.098000,0.087500,0.115500,0.176000,0.383500
0.072500,0.039500,0.044000,0.064500,0.075000,0.057000,0.098000,0.087500,0.115500,0.176000,0.383500
0.072500,0.039500,0.044000,0.064500,0.075000,0.057000,0.098000,0.087500,0.115500,0.176000,0.383500
0.072500,0.039500,0.044000,0.064500,0.075000,0.057000,0.098000,0.087500,0.115500,0.176000,0.383500
0.072500,0.039500,0.044000,0.064500,0.075000,0.057000,0.098000,0.087500,0.115500,0.176000,0.383500
0.072500,0.039500,0.044000,0.064500,0.075000,0.057000,0.098000,0.087500,0.115500,0.176000,0.383500
0.072500,0.039500,0.044000,0.064500,0.075000,0.057000,0.098000,0.087500,0.115500,0.176000,0.383500
0.072500,0.039500,0.044000,0.064500,0.075000,0.057000,0.098000,0.087500,0.115500,0.176000,0.383500
0.072500,0.039500,0.044000,0.064500,0.075000,0.057000,0.098000,0.087500,0.115500,0.176000,0.383500
0.072500,0.039500,0.044000,0.064500,0.075000,0.057000,0.098000,0.087500,0.115500,0.176000,0.383500
0.072500,0.039500,0.044000,0.064500,0.075000,0.057000,0.098000,0.087500,0.115500,0.176000,0.383500
0.072500,0.039500,0.044000,0.064500,0.075000,0.057000,0.098000,0.087500,0.115500,0.176000,0.383500
0.072500,0.039500,0.044000,0.064500,0.075000,0.057000,0.098000,0.087500,0.115500,0.176000,0.383500
0.072500,0.039500,0.044000,0.064500,0.075000,0.057000,0.098000,0.087500,0.115500,0.176000,0.383500
0.072500,0.039500,0.044000,0.064500,0.075000,0.057000,0.098000,0.087500,0.115500,0.176000,0.383500
0.072500,0.039500,0.044000,0.064500,0.075000,0.057000,0.098000,0.087500,0.115500,0.176000,0.383500
0.072500,0.039500,0.044000,0.064500,0.075000,0.057000,0.098000,0.087500,0.115500,0.176000,0.383500
0.072500,0.039500,0.044000,0.064500,0.075000,0.057000,0.098000,0.087500,0.115500,0.176000,0.383500
0.072500,0.039500,0.044000,0.064500,0.075000,0.057000,0.098000,0.087500,0.115500,0.176000,0.383500
0.072500,0.039500,0.044000,0.064500,0.075000,0.057000,0.098000,0.087500,0.115500,0.176000,0.383500
0.072500,0.039500,0.044000,0.064500,0.075000,0.057000,0.098000,0.087500,0.115500,0.176000,0.383500
0.072500,0.039500,0.044000,0.064500,0.075000,0.057000,0.098000,0.087500,0.115500,0.176000,0.383500
0.072500,0.039500,0.044000,0.064500,0.075000,0.057000,0.098000,0.087500,0.115500,0.176000,0.383500
0.072500,0.039500,0.044000,0.064500,0.075000,0.057000,0.098000,0.087500,0.115500,0.176000,0.383500
0.072500,0.039500,0.044000,0.064500,0.075000,0.057000,0.098000,0.087500,0.115500,0.176000,0.383500
0.072500,0.039500,0.044000,0.064500,0.075000,0.057000,0.098000,0.087500,0.115500,0.176000,0.383500
0.072500,0.039500,0.044000,0.064500,0.075000,0.057000,0.098000,0.087500,0.115500,0.176000,0.383500
0.072500,0.039500,0.044000,0.064500,0.075000,0.057000,0.098000,0.087500,0.115500,0.176000,0.383500
0.072500,0.039500,0.044000,0.064500,0.075000,0.057000,0.098000,0.087500,0.115500,0.176000,0.383500
0.072500,0.039500,0.044000,0.064500,0.075000,0.057000,0.098000,0.087500,0.115500,0.176000,0.383500
0.072500,0.039500,0.044000,0.064500,0.075000,0.057000,0.098000,0.087500,0.115500,0.176000,0.383500
0.072500,0.039500,0.044000,0.064500,0.075000,0.057000,0.098000,0.087500,0.115500,0.176000,0.383500
0.072500,0.039500,0.044000,0.064500,0.075000,0.057000,0.098000,0.087500,0.115500,0.176000,0.383500
0.072500,0.039500,0.044000,0.064500,0.075000,0.057000,0.098000,0.087500,0.115500,0.176000,0.383500
