0.490822,0.398245,0.398972,0.518073,0.513441,0.353652,0.503307,0.440886,0.377254,0.390500,0.361479
0.445919,0.422423,0.350982,0.403928,0.492618,0.431514,0.425523,0.327955,0.376735,0.332385,0.408832
0.392602,0.405882,0.398282,0.401845,0.400686,0.504879,0.403658,0.309055,0.490968,0.464954,0.354930
0.352814,0.497210,0.415980,0.350558,0.381163,0.614185,0.437022,0.393861,0.565442,0.383849,0.399347
0.359441,0.459362,0.386737,0.406732,0.435244,0.418933,0.395444,0.464146,0.529972,0.470598,0.410513
0.462354,0.361610,0.380152,0.498883,0.418572,0.454056,0.433122,0.379406,0.558140,0.423849,0.425833
0.488400,0.534870,0.460021,0.409594,0.432159,0.366844,0.400229,0.539242,0.615981,0.343675,0.466920
0.499311,0.477777,0.512294,0.521444,0.407859,0.558177,0.388319,0.450428,0.435385,0.389578,0.538327
0.482884,0.624857,0.533775,0.588630,0.381476,0.509600,0.460892,0.482207,0.360587,0.417564,0.515549
0.523661,0.514284,0.510050,0.658764,0.512411,0.496000,0.463519,0.470617,0.566683,0.547819,0.455684
0.556207,0.545727,0.362315,0.562508,0.545150,0.552495,0.606605,0.427495,0.519652,0.434842,0.605660
0.478659,0.490698,0.519796,0.513818,0.622876,0.546727,0.478459,0.464170,0.349894,0.506374,0.539344
0.424681,0.446029,0.529325,0.572256,0.478728,0.575888,0.458706,0.543380,0.436099,0.415020,0.486715
0.464148,0.456473,0.590645,0.576826,0.454072,0.612899,0.537804,0.550003,0.591228,0.525039,0.558500
0.437448,0.425925,0.536249,0.438076,0.400518,0.489532,0.425801,0.524070,0.608593,0.639321,0.538672
0.345547,0.496488,0.494247,0.506875,0.583844,0.491871,0.572137,0.498073,0.449786,0.631437,0.543624
0.319603,0.525339,0.544463,0.526947,0.461382,0.522290,0.512168,0.499741,0.538014,0.544703,0.549354
0.480119,0.539452,0.428599,0.538539,0.476863,0.545806,0.546952,0.451741,0.516748,0.567486,0.500874
0.517011,0.452655,0.448345,0.477829,0.441237,0.475058,0.544451,0.442456,0.463135,0.556649,0.551506
0.467105,0.517242,0.546945,0.501274,0.537549,0.593782,0.566641,0.572828,0.546757,0.586741,0.464487
0.531179,0.471538,0.520345,0.386418,0.475170,0.401093,0.588256,0.629203,0.561711,0.499766,0.588360
0.690986,0.479625,0.510589,0.419232,0.432313,0.578140,0.415330,0.551775,0.451288,0.549573,0.480156
0.683854,0.476164,0.446593,0.405484,0.460501,0.494442,0.468250,0.513910,0.507707,0.517603,0.518010
0.641989,0.356009,0.451022,0.584713,0.428507,0.509921,0.502314,0.461339,0.541995,0.446216,0.672212
0.663524,0.318992,0.392976,0.542726,0.395990,0.492220,0.524189,0.503955,0.539824,0.487757,0.474862
0.748513,0.466951,0.619998,0.528563,0.376764,0.548646,0.399797,0.639971,0.442680,0.611982,0.441941
0.696120,0.550640,0.536806,0.479516,0.519887,0.502066,0.476384,0.699086,0.645195,0.550860,0.566582
0.692280,0.513902,0.555146,0.705588,0.580610,0.577904,0.667455,0.701937,0.541200,0.630403,0.481446
0.677451,0.698573,0.482980,0.671264,0.632707,0.611243,0.450682,0.734685,0.516877,0.806124,0.622182
0.588284,0.792529,0.452800,0.653692,0.439731,0.663868,0.673882,0.832366,0.498335,0.710970,0.543810
0.636655,0.619044,0.510191,0.509664,0.597835,0.659015,0.574809,0.720696,0.553155,0.749733,0.485930
0.582452,0.784480,0.821578,0.737454,0.827323,0.708153,0.693327,0.839009,0.591158,0.680104,0.609943
0.593891,0.746669,0.729419,0.744479,0.784582,0.697081,0.740098,0.698757,0.540525,0.624939,0.605024
0.645724,0.530233,0.832333,0.888990,0.527882,0.705063,0.904151,0.787446,0.610418,0.589929,0.734034
0.488717,0.736219,0.672226,0.797345,0.595444,0.548758,0.831071,0.726010,0.832121,0.768958,0.828635
0.487362,0.715441,0.848104,0.786865,0.584531,0.823128,0.828202,0.587685,0.719869,0.720483,0.785506
0.579144,0.653540,0.701002,0.704810,0.532342,0.791931,0.629895,0.684296,0.815087,0.819211,0.800682
0.585685,0.780403,0.498606,0.735613,0.527755,0.842025,0.648504,0.823024,0.726632,0.695232,0.663863
0.618494,0.701749,0.764518,0.785565,0.754582,0.686167,0.687330,0.882608,0.642226,0.700474,0.821560
0.698005,0.967908,0.932102,0.730157,0.637521,0.904349,0.666384,0.846117,0.726561,0.820465,0.754385
0.606750,0.831285,0.775986,0.808827,0.546697,0.761265,0.582264,0.804140,0.690640,0.857819,0.839216
0.801901,0.877294,0.760325,0.792175,0.574486,0.907860,0.828491,0.666106,0.804073,0.857395,0.614336
0.782943,0.662748,0.695528,0.803858,0.878977,0.871790,0.812938,0.960505,0.740396,0.963953,0.722215
0.822211,1.100980,0.615353,0.647681,0.802134,0.902648,0.767636,0.959764,0.921771,0.715047,0.718379
1.041964,1.108674,0.837963,0.716190,0.713359,0.763676,0.726449,0.803562,0.915635,0.846751,0.855971
0.860798,0.808599,0.686866,0.761849,0.816790,0.517108,1.132461,0.689395,1.044113,0.804187,0.870977
0.626468,0.951818,0.735209,0.858806,0.898034,0.795359,0.740062,0.723384,0.773546,0.725283,0.757541
0.862460,0.729376,0.753248,0.939791,0.920218,1.067224,0.887487,0.761452,0.750894,0.869303,0.849468
0.856605,0.759004,0.913808,1.012886,0.815738,0.958854,0.960720,0.942379,0.805315,0.771918,1.023322
1.071547,0.565346,1.012696,1.100789,0.621143,0.865022,0.951822,0.882239,0.942393,1.003645,1.109852
0.717654,0.711154,1.062466,1.070418,0.745159,0.835239,0.815683,0.808799,1.112500,0.793441,1.111025
0.951185,0.780148,0.988480,0.778481,0.890359,0.897281,1.125544,0.893380,0.784581,1.084829,1.294598
0.770338,0.708762,0.837789,1.020889,1.206217,1.008812,1.021681,0.919274,0.992706,0.996756,0.888257
0.769905,0.925311,0.793757,0.887375,0.992972,1.059077,1.191780,0.966501,1.124114,0.928622,0.872534
0.996977,0.850257,1.227605,0.910860,1.050152,0.933700,1.037530,1.054097,1.001946,1.165534,0.960853
1.068426,1.026339,1.034103,1.003184,1.212226,0.996371,0.866850,1.138690,1.049823,1.052133,1.123929
1.025760,1.492682,0.942727,1.074647,1.200188,1.269510,1.069892,0.796172,0.901055,1.067336,1.192257
1.043407,1.243876,0.931477,0.755630,1.073550,1.366153,1.212516,0.829098,1.261617,1.323316,1.033450
1.172011,1.259144,1.408546,0.607391,0.984522,1.325175,1.059938,0.953966,1.330020,1.135006,1.050480
1.041024,1.179450,1.279189,0.887127,1.133061,1.115955,1.106767,0.918291,1.359511,1.046867,1.007730
1.106773,1.108057,1.227087,0.961294,1.262940,0.929959,1.022300,0.925502,0.996615,1.040550,1.121163
1.072976,0.812797,1.102047,0.749132,1.302651,1.215006,1.126727,0.926063,0.931806,1.300746,1.099944
1.081986,1.017523,0.954785,0.977631,1.241534,1.178066,0.944701,0.968218,1.119876,1.289476,0.787654
1.104692,1.181364,0.960709,1.226011,1.205387,1.234403,0.988228,0.814241,0.885610,1.372106,0.971195
1.088228,1.103750,1.097740,1.339714,1.239912,1.227336,0.819842,1.100817,1.012765,1.190025,0.973658
1.302154,1.308146,1.303972,1.238952,1.470720,1.156925,1.254045,1.134573,1.035692,1.010884,1.100725
1.165313,1.035742,1.138790,1.222451,1.070479,1.143969,1.316228,1.367818,1.262472,1.103870,0.899489
1.216582,1.287231,1.277329,1.228309,0.935657,1.027828,1.390748,0.970766,1.312958,1.138299,1.143782
1.353497,1.068767,1.039010,1.163301,1.176985,0.920804,1.333162,1.249836,1.157581,0.975254,1.117907
1.325658,0.954047,1.278071,1.256362,0.918571,1.051814,1.342873,1.114288,1.143048,0.944845,1.443995
1.189094,1.444762,1.112175,1.465749,1.000735,0.964597,1.357458,1.086969,1.129107,1.321882,1.358747
1.115354,1.465323,1.354304,0.910575,0.969027,1.144558,1.301052,1.293981,1.347240,1.185591,1.446800
1.417762,1.268114,1.279798,1.258384,1.365340,1.198272,1.490521,1.489297,1.271227,1.140134,1.446871
1.589491,1.187409,1.132440,1.262000,1.207543,1.017246,1.291560,1.312303,1.473609,1.272349,1.603810
1.494293,1.271608,1.138050,1.459064,1.207055,1.149475,1.387955,1.467079,1.500337,1.510984,1.419940
1.445922,1.228368,1.169923,1.473840,1.418356,1.685422,1.629165,1.503587,1.606966,1.515919,1.445483
1.593494,1.321623,0.873267,1.435517,1.320248,1.415078,1.433558,1.405571,1.455362,1.273680,1.393322
1.146359,1.491584,0.873219,1.431105,1.236357,1.581620,1.464332,1.800772,1.161691,1.331262,1.543017
1.162082,1.782127,1.087137,1.551186,1.195793,1.279459,1.223158,1.455584,1.369873,1.300509,1.156246
1.438293,1.505978,1.194129,1.199042,1.465610,1.620311,0.940044,1.487175,1.084428,1.563692,1.650145
1.506928,1.385007,1.372946,1.505987,1.429104,1.206864,1.474171,1.450880,1.281700,1.556754,1.531811
1.646840,1.623205,1.582082,1.391262,1.345272,1.579761,1.515296,1.136328,1.539991,1.906093,1.417204
1.700155,1.212353,1.723918,1.332463,1.659739,1.872095,1.492874,1.578895,1.279142,1.749176,1.748832
1.300902,0.920652,1.375026,1.559581,1.244965,2.067057,1.239318,1.703944,1.354134,1.488090,1.368236
1.738282,1.720925,2.063905,2.024340,1.255110,1.929481,1.462861,1.337939,2.066045,1.307129,1.616274
2.420289,1.309524,1.813968,1.896529,1.054652,1.745459,1.440973,1.353204,1.908088,1.331310,1.636260
1.672670,1.534151,1.458879,1.757924,1.465052,1.692424,1.659500,1.247280,1.709176,1.232536,1.939610
1.610609,1.710870,1.811801,1.619229,1.520662,1.433155,1.837859,1.483849,1.400809,1.523685,1.785363
1.426930,1.555802,1.866067,1.711035,1.732846,1.672474,1.890392,1.499752,1.786737,1.479592,1.658485
1.715660,1.555145,1.640519,1.765123,1.562232,1.956722,2.177102,2.110460,1.631452,1.718476,1.706102
1.883852,1.600221,1.475592,1.369150,1.978978,1.737662,2.101902,2.287908,1.600822,1.623320,1.933826
1.887444,1.741480,1.143646,1.627806,1.919651,1.876951,1.746787,1.805472,1.981144,1.872092,1.733057
1.786099,1.717316,1.654193,1.543722,1.623078,1.897570,2.187894,2.050499,2.234704,1.677967,1.779067
1.561155,2.071913,1.707935,2.251412,1.267183,1.548602,1.918562,2.150135,1.997217,1.889109,2.022180
1.618219,1.590822,1.377194,2.145414,1.530513,1.680679,1.857208,1.769760,1.907619,1.532902,2.176962
1.965150,1.764385,1.834304,1.378261,1.773976,1.520929,1.794223,1.515586,2.178690,1.494661,1.955723
2.075140,2.224653,1.750373,1.822399,1.905008,2.140770,1.626782,1.545306,1.970059,1.683947,1.901787
1.911490,1.630318,1.612281,2.246406,1.979566,1.991291,2.235147,1.577455,1.706973,2.193605,2.278288
1.868104,1.766657,1.917030,1.719256,1.967697,1.502745,1.896565,1.675446,2.148480,1.954345,1.929516
1.793260,1.703896,2.294705,2.068506,1.965412,2.009226,2.297105,2.011408,1.979760,2.015440,2.052111
2.051486,2.124840,2.529033,2.263633,2.196905,1.987703,2.410169,1.692213,2.340223,2.542251,2.147481
2.090903,1.914943,2.149373,2.079441,1.956558,1.731797,1.806722,2.137237,2.813764,2.205452,2.376849
2.632202,1.818182,2.276699,1.798989,1.924192,2.082812,1.717254,2.470662,2.213986,2.340167,2.186048
2.074224,2.013736,2.099338,1.980029,1.725564,2.233901,2.171091,1.989825,2.625753,2.205280,1.538637
2.488610,2.258523,1.972836,1.946295,2.332012,2.046200,2.214123,2.198675,2.419552,1.733461,1.748760
2.083116,2.468697,1.901513,2.247401,2.081666,1.972911,2.098993,2.530318,2.064672,2.096873,1.844805
1.868648,2.620209,2.610611,2.118707,1.968635,2.565957,2.590138,2.247305,2.562275,2.148288,2.176872
1.983402,2.122337,2.163990,2.038950,2.563510,2.086073,2.127846,2.933290,1.897305,2.287144,2.193746
2.223687,2.083465,2.429960,1.548924,2.025086,2.413968,2.242549,2.063774,2.369191,2.308919,2.397225
2.363504,2.423235,2.613948,2.326380,2.480788,1.609942,2.074048,2.123245,2.006910,1.909941,2.417847
2.087615,2.391403,2.612115,2.414313,2.425511,2.442840,2.200018,1.874629,2.659825,2.317884,2.445153
2.372836,2.024715,2.399215,1.956185,2.513571,1.756918,2.416564,2.675538,1.811952,2.918221,2.342481
2.166901,2.238916,2.565066,2.181194,1.950911,2.311156,1.858469,2.589295,1.911964,2.657848,2.096501
1.672608,2.755336,2.090698,2.337007,1.947058,2.754873,1.886792,2.068717,2.443470,2.846358,2.193179
2.360884,2.627407,2.913917,2.644003,2.280566,2.518678,1.817840,2.290216,2.579958,3.130830,2.318615
2.350427,2.907163,2.410300,2.539876,2.712259,2.578470,2.081290,2.427632,2.168938,2.339424,2.258350
2.861643,2.140743,2.821555,2.931741,2.133726,2.622549,2.449537,2.729315,2.539869,2.332521,2.188353
2.982470,2.214272,2.400617,2.560320,3.147183,2.053202,1.882366,2.164080,2.191465,3.092636,2.903305
2.470143,2.403407,2.498003,3.164324,2.546106,2.389511,2.081282,2.730575,3.395003,2.977787,3.049306
2.555686,2.575678,2.503778,2.835393,2.858893,2.592087,2.381199,2.572269,2.179842,2.414597,2.793710
2.406386,2.301020,2.431693,2.749626,2.693033,2.519340,2.405685,2.259606,2.976263,2.881573,3.074145
2.483825,2.306130,2.505477,2.694028,2.524828,2.695766,3.240738,2.203874,2.799537,2.330092,2.457584
2.449578,2.355190,2.803913,2.806021,2.536806,2.327883,2.635514,2.642543,2.710748,2.964330,2.951236
2.272925,2.255610,2.756589,2.315448,3.081405,2.469178,2.606828,2.797113,2.818586,2.686696,3.057693
2.645292,2.095261,2.428210,2.427427,2.438520,2.487981,2.351270,3.072960,2.291030,2.394991,2.411929
3.048260,1.794957,2.636774,2.751910,2.741711,3.074937,2.261774,2.827881,2.226445,2.786672,2.205516
2.847520,2.340808,2.943250,2.342905,2.336727,2.849130,3.006283,2.551339,2.174008,2.727757,2.927963
3.133391,2.710012,3.091896,3.236475,3.209052,3.141605,2.992822,2.748020,2.171364,2.998505,2.842257
2.736809,2.140221,2.709991,3.044568,2.595338,3.034891,3.259845,2.814410,3.012081,3.097713,2.901574
2.599929,2.784963,3.527136,3.260423,3.183879,2.988014,2.593058,2.647558,2.436276,2.682234,3.296278
3.621131,2.625838,3.170081,3.074176,3.181079,2.850517,3.195806,2.970368,2.377403,2.254189,2.939553
3.583098,3.225212,3.003118,2.602476,3.587604,2.427312,2.640299,2.463423,2.042288,2.460793,2.969350
3.298175,3.624494,3.228505,2.709283,3.110959,2.876940,3.371717,2.596033,2.399683,2.824143,2.681130
3.342782,3.786543,3.383303,2.712853,2.846296,3.385776,3.269899,2.736269,2.370794,3.108012,3.378045
2.875217,3.201751,2.922489,2.897699,2.674709,2.910106,2.863081,3.318700,2.251204,3.191749,2.879060
2.681765,2.937995,2.965208,2.931158,2.890247,2.324110,3.495800,3.679856,3.186307,3.561339,3.406529
2.601306,3.063557,2.719625,2.584101,2.638534,3.151528,3.674951,3.372445,3.013846,2.911908,2.822232
2.916629,3.018302,3.411224,2.662956,2.820390,3.142426,2.823361,2.666526,2.404526,2.735918,3.490415
2.876283,3.284487,3.353251,3.065894,3.025491,2.545328,3.622326,2.860698,2.870795,2.848559,3.890209
2.766628,3.121557,3.332000,3.720777,2.968902,2.313485,2.825416,3.639259,2.749618,2.601022,2.906576
3.132057,3.583244,3.086505,2.789683,2.676639,2.967862,2.377016,3.101898,3.185896,2.390989,3.022875
3.369904,3.216698,2.059656,3.478239,2.558130,2.586100,2.918137,2.990343,3.872662,3.046592,3.043307
2.726202,3.564051,3.051650,2.875737,3.226091,3.830577,2.740653,3.617200,3.131438,2.754745,2.863477
2.777634,3.723410,2.947305,2.658085,2.715623,3.435454,3.461745,2.482196,3.063864,3.057991,3.232963
3.043353,3.908077,2.516784,3.297375,3.333180,3.193770,3.200326,3.455792,2.787602,3.386281,3.095920
2.698505,2.761500,2.664179,2.935773,3.550539,3.268858,2.967649,4.146637,2.699850,3.550957,3.567891
3.120906,3.976469,3.159293,2.685278,2.675404,3.868501,2.947948,3.145488,3.331968,3.627650,3.419930
3.197994,2.800464,3.007815,3.248915,3.269367,3.317716,3.425270,2.943441,3.422812,3.491028,2.261828
3.131968,3.225799,2.808305,3.141503,3.101808,2.630451,3.918859,2.732554,3.578651,3.911058,2.871322
3.345799,2.967851,3.478230,3.216424,3.207743,3.606877,3.368202,2.350926,3.113325,3.320704,3.121261
2.985379,3.013855,3.288813,2.312989,2.976467,3.495353,2.911638,3.277183,3.045896,3.588634,3.498553
2.973478,3.758814,2.793114,2.297512,3.562961,3.567213,3.878167,3.299071,3.903028,3.584608,3.244865
3.271917,3.216028,3.466200,3.000753,2.366288,3.234261,3.103329,2.991299,3.797750,3.798168,3.025267
3.150174,2.498716,3.576237,3.921004,2.330283,4.218605,3.253811,3.202831,3.426990,3.268821,3.944516
2.835015,3.118756,3.062433,3.538180,3.329060,3.127979,3.541205,3.159053,2.851716,3.769777,3.505005
3.633748,3.513105,3.210509,3.396516,3.494809,3.264985,3.432437,2.909678,3.295978,3.153413,3.367676
2.714487,3.132964,3.510391,3.752953,3.688101,4.293197,3.329401,2.632701,3.374993,3.719615,3.617441
3.404357,2.522031,2.839986,2.627645,2.922686,3.373672,3.242395,3.187393,4.038697,3.740049,3.083212
3.510964,3.575652,2.475674,3.843653,3.317583,3.820797,3.113615,3.251916,3.058528,3.704060,3.706652
2.957965,3.464248,3.177608,3.492160,3.202125,3.854149,3.978009,3.620304,4.082934,3.836633,3.672709
2.853421,4.572753,2.951548,3.024410,3.507382,4.418359,3.229360,3.843568,3.147152,3.165943,3.398852
3.485146,4.181292,3.803329,3.004590,4.286510,4.178916,3.669167,3.369014,3.173851,3.128226,3.539924
3.020063,3.583319,3.456212,3.169638,3.411920,3.280442,3.105881,3.370181,3.026963,3.272912,3.926351
3.666957,2.781268,2.821419,3.381888,3.797905,3.887288,3.445545,3.612604,3.387158,3.320287,4.117235
4.031965,3.750851,3.222510,3.445309,3.528618,3.483489,3.302328,3.619682,3.627528,3.786888,4.101007
3.345837,2.850335,3.510604,3.065070,3.826859,3.387458,3.091074,4.035946,2.732658,3.730093,3.528607
3.471881,3.548118,4.220240,3.652263,3.627895,3.616518,3.554534,3.416454,3.270924,2.901043,3.825043
3.446703,3.521275,3.645120,3.221961,3.515438,4.269807,2.760048,4.794196,3.472517,3.553729,2.989037
3.427428,4.419014,3.416106,3.132487,3.574749,3.610569,3.338891,4.690011,3.888250,3.120889,3.061430
3.449107,3.462552,3.510530,3.009685,3.312563,3.511829,3.975738,3.629997,3.204079,3.154101,3.486474
3.239088,3.186811,3.005688,3.321092,3.231586,4.096698,3.155443,4.424724,2.771331,3.056688,3.806827
3.287787,2.636839,3.689956,3.782076,3.188685,3.824254,3.094262,4.309265,3.385921,3.167551,3.841494
3.607343,3.204050,3.817097,3.937277,3.110787,3.432672,3.498884,3.907887,3.217566,3.729287,2.855935
2.746200,2.837892,3.867122,3.557744,3.226295,3.094145,4.052067,3.750821,3.544666,4.050054,3.702949
2.800727,3.345263,3.708621,2.918344,3.816506,3.290896,3.281325,2.645571,3.365100,3.566815,2.576066
2.917711,3.810399,3.548015,3.458272,3.831054,2.866984,2.553167,2.891345,3.960357,3.234300,2.645140
3.980070,3.486768,2.177988,3.622015,3.393192,3.526237,2.964487,3.084030,3.660159,2.983115,3.101122
4.144216,3.198761,3.548616,4.640860,3.144242,3.157636,2.786110,3.349290,3.625942,3.334934,3.443562
3.862388,3.362725,3.578778,4.485356,4.124593,3.056876,3.490249,3.740291,3.347867,2.854752,2.735654
4.049965,3.081760,2.845606,4.236583,3.468906,3.989052,3.008005,3.186247,3.043637,3.435556,3.295547
3.452136,3.146396,3.318870,4.035017,4.188952,3.638073,3.220559,3.764407,2.821778,3.723798,2.562149
3.472007,3.131595,3.123958,4.200242,3.401822,3.211078,2.660724,2.768333,3.202895,3.255216,3.718415
4.170974,3.274126,3.702874,4.107581,3.290090,3.491355,3.555994,3.973003,2.822012,3.875714,3.716889
3.719051,2.939841,3.002764,3.847860,4.203420,3.356242,3.680407,3.760008,3.187812,4.272622,3.144093
3.413507,3.292922,4.341707,3.260847,3.461534,2.915059,2.887568,4.056017,3.305500,4.065209,4.145329
3.846030,2.935636,3.739178,3.969122,3.548945,3.533615,3.586809,3.464109,3.677562,3.474846,4.031965
3.027967,3.978502,4.309248,3.707800,2.540328,3.839357,3.440030,3.973745,3.036588,3.515511,4.359403
2.795688,3.441247,3.829143,3.663994,3.051571,3.425467,3.110411,3.429115,4.042493,3.540788,4.149506
2.806492,4.330236,4.097933,4.207207,3.162796,4.145704,3.648005,4.002194,3.349119,3.204302,3.792919
3.575425,2.839652,3.628868,3.305185,3.553069,2.791901,3.071242,3.934727,3.351823,3.455550,4.291362
2.929459,2.922623,4.012459,3.268254,2.633852,2.899507,2.757257,2.884758,4.246376,3.903861,3.184733
3.376465,3.223600,3.845079,3.716946,3.317232,3.938938,2.858458,3.433183,3.248107,3.166367,3.471285
3.641655,3.638855,3.926812,4.354498,3.165059,3.070785,3.514976,3.482445,3.378655,3.623197,3.121595
3.408560,3.054701,3.956511,3.747740,3.314898,3.398714,2.967514,4.062179,3.831825,3.844831,3.100541
3.149411,2.882371,3.059422,3.259107,3.477367,3.059777,2.950447,2.972003,4.068531,3.507829,3.269209
3.720797,3.184400,3.776961,3.796747,3.936074,3.763664,3.053177,3.327846,3.322363,4.384617,2.920254
3.287162,2.718457,4.117278,3.174211,2.856764,3.723071,2.564897,3.506031,3.909522,3.643291,2.926915
3.268718,3.360474,2.973057,3.761586,3.520587,3.546831,3.115331,3.637317,3.153115,2.963472,3.438395
2.851395,3.319101,3.536889,3.947149,3.010154,2.922851,3.197214,4.539125,2.706135,3.755406,3.478059
3.085159,2.343080,3.124378,3.268493,4.037473,2.980705,3.251151,3.411809,2.923965,3.968812,3.298781
2.873589,3.037153,3.251413,3.205142,3.531982,3.569533,3.190504,3.346148,3.429488,3.948239,4.274000
3.329957,2.579977,2.848427,2.361576,3.123907,3.384174,3.836353,3.585264,3.911298,3.225171,3.344286
3.084484,3.290367,2.831688,2.864942,3.673385,3.113307,3.333246,2.653416,3.665933,3.585408,3.459139
3.443511,3.296324,3.118588,3.852107,3.357875,3.030937,3.397291,3.178510,2.795724,3.459367,3.252552
3.232146,3.363856,3.045985,3.374324,3.151007,2.996256,2.735630,3.424813,4.166274,3.578477,2.970172
3.199145,3.939385,3.116323,3.721442,2.407202,2.671545,3.592414,3.315373,3.198265,3.415738,2.956957
3.244609,4.314462,3.790070,3.472678,2.201942,2.698666,2.801719,3.522173,3.500005,4.131842,3.213952
3.448823,3.418342,3.736070,4.385338,2.712799,3.445623,2.708433,3.642983,2.695079,3.189644,3.204552
3.778113,3.187457,3.511136,3.866982,2.744445,3.637599,3.591033,2.492078,3.692083,4.047599,2.937141
3.002741,3.273043,3.047867,3.519617,2.584638,3.358278,3.407227,2.548239,3.933209,2.952967,2.323682
3.323982,3.366288,2.855071,3.703395,3.169462,3.758968,3.030482,2.572773,3.714484,3.515935,3.393318
2.784373,3.350611,3.153092,3.410174,2.428913,3.775822,2.697351,2.927939,2.856017,3.553494,2.807997
2.868208,2.581244,3.513095,2.921844,3.468671,3.616970,3.389848,3.236375,2.831501,3.362525,3.099363
3.196921,3.402344,2.934101,3.069098,3.396370,2.722940,3.010855,3.000635,3.475124,2.864789,3.099942
3.628520,3.289486,2.639582,3.674557,3.365433,2.719926,3.688919,3.371522,2.875677,3.272338,3.655253
3.227403,3.213288,3.080368,3.174342,3.516827,2.621056,3.576446,3.276849,2.903633,2.863748,3.264017
3.578708,3.164526,2.615111,3.211204,2.365756,3.032085,3.166789,3.317992,3.193331,2.737099,2.704539
3.671049,3.038381,3.049904,2.842667,2.844929,3.434551,3.263778,2.405265,3.227187,3.276225,3.499697
2.798510,3.119842,3.193235,3.537488,2.353917,3.298946,3.383701,3.083954,3.063339,2.586388,3.549777
2.962521,2.625523,2.808527,3.313354,2.650776,2.680197,3.489207,3.052932,2.750364,3.430827,2.479121
2.921435,2.891663,2.874980,3.200901,2.654539,3.481601,2.539474,2.775349,2.830603,2.998701,2.987394
2.555563,2.982238,3.073398,2.860778,2.227582,2.969183,3.115299,2.910509,3.151655,2.980208,2.550050
3.074897,3.125868,2.444013,2.759845,3.061989,2.346512,3.266540,2.511378,2.952811,3.727780,2.674468
2.760431,3.198553,2.357367,3.251855,3.520422,2.835423,2.682654,2.776641,2.877568,2.680850,2.765584
2.759884,3.101759,2.881660,3.082618,2.106210,2.846984,2.645275,3.419356,2.842864,2.299055,3.711073
2.583599,2.839534,2.929956,2.615121,2.821587,2.841178,2.590189,2.957229,3.017243,2.666915,2.988418
2.379340,2.678476,3.057660,2.672710,2.638438,2.507258,2.567593,2.580012,2.830946,2.836319,2.983208
3.139078,2.094331,2.992208,2.949210,2.357399,2.397941,2.777903,3.384598,2.714164,3.095296,2.350802
2.987253,2.232377,3.504391,2.562998,2.703158,2.942992,2.850862,3.183797,2.683837,2.787891,3.243019
3.185038,3.285910,3.624380,2.405731,2.591959,2.841079,3.193358,3.375854,2.787869,3.124367,3.028977
2.908305,3.293924,3.114295,2.746604,2.799389,2.510513,2.295179,3.123140,3.181178,3.019931,3.136778
3.202346,2.852548,3.232627,2.836730,2.160622,2.832472,2.723446,2.432776,3.063416,3.438870,3.379972
2.322858,2.553051,3.246631,2.136408,2.646736,2.541132,2.113065,2.646368,2.361767,2.728629,3.063437
2.214166,2.683245,3.195673,2.355307,2.810403,2.871664,2.729739,3.288520,3.351984,3.144575,2.645637
2.306072,2.946278,2.627028,2.427366,2.390197,3.006722,2.289488,2.791250,2.777704,2.607948,2.684801
2.101877,3.033185,2.983878,2.159552,2.444300,2.410455,2.792065,2.928592,2.718033,2.522447,2.703024
3.253366,2.699557,2.730596,2.156406,2.854984,2.973498,2.065008,2.937661,2.553296,2.499440,2.537129
2.387179,2.723115,2.427282,1.931878,2.841785,2.301917,2.472470,2.362058,2.187664,2.090626,3.023426
3.249419,3.141261,2.800246,2.631045,2.153899,2.428372,2.609009,2.554192,2.873599,2.432278,2.504318
2.759236,2.573341,2.720026,2.491846,2.137811,2.397379,2.207780,2.645902,2.357053,2.752374,2.420515
3.327471,2.449018,2.363085,2.429193,2.538038,1.981310,2.015649,2.396664,2.380587,2.323426,1.683486
2.796614,2.260096,2.336163,2.698713,3.025524,2.032721,2.196460,2.251535,2.341719,2.806807,2.138656
2.290868,1.646620,2.305892,2.506561,2.333292,2.148737,2.017035,2.519668,2.584989,2.690565,2.396287
2.108290,2.544638,2.787132,2.630001,2.459893,2.230817,2.689044,2.426510,2.758223,3.017500,2.234907
1.993755,2.508110,2.824835,2.629586,2.664427,2.355270,2.240016,2.055081,2.295728,2.887824,1.793101
1.554421,2.554851,2.228897,2.698286,2.610856,2.496700,2.482487,1.968443,1.835572,2.461349,2.077999
2.188969,2.742670,2.606322,2.232856,2.223136,2.258388,2.196635,2.444768,2.200816,2.555099,2.016553
2.655370,2.178845,1.979272,2.073733,2.206204,2.288909,1.973586,2.057064,2.121559,2.041108,1.935348
2.863203,2.119910,2.111972,2.199512,1.840190,2.161713,2.666390,2.232813,2.065978,2.648094,1.777727
2.746763,2.297316,2.045481,2.308477,2.192447,2.766469,1.826172,1.966700,1.693372,2.078428,2.330718
2.317141,2.291120,2.121791,2.530246,1.840829,2.362734,2.570676,1.985977,1.707721,2.667486,2.252858
2.901912,2.555635,2.673542,2.328391,1.945780,2.484484,2.062921,1.620424,2.353259,2.274566,2.452377
2.548502,2.139189,2.121250,2.197009,2.520981,1.764480,2.215618,1.768869,2.305606,2.270369,2.384425
2.055208,1.916981,2.140005,2.479811,1.790029,2.103302,2.492295,1.377640,2.479955,2.492069,2.160734
1.933632,1.849994,1.869029,2.087996,2.035609,1.913224,2.202781,2.034058,2.030399,1.914801,2.049860
1.704089,1.972045,2.203998,2.267183,1.956687,2.017768,2.279276,2.308488,2.167766,1.736245,2.113067
2.157757,1.744708,2.116006,2.523380,2.050749,1.952819,2.470594,2.248638,2.125310,2.383754,2.102212
2.401251,2.028086,2.019624,2.204913,1.902344,2.003156,2.794319,2.082139,2.006447,2.129424,1.996308
2.328143,1.709241,1.535962,2.475071,2.021531,1.733936,2.468965,2.103102,2.042254,2.370847,2.077964
2.041471,1.399597,1.842139,2.065322,1.743522,2.000683,2.073934,2.270722,1.715817,2.353273,1.766848
2.033701,1.343590,1.844498,1.658082,1.306467,1.799093,2.290690,1.968084,1.890487,2.198589,1.811950
1.456102,2.018559,2.073835,2.134468,1.645567,1.421822,2.020196,2.144399,1.758079,2.293546,1.697023
1.694830,1.886265,1.807479,1.795454,1.430460,1.762843,2.060791,1.884233,1.583677,1.816726,1.715105
2.209258,1.496343,1.814087,1.928110,1.876441,1.616233,1.848342,1.995437,2.288633,2.326771,1.744781
1.792562,1.526936,1.865948,2.374650,1.808186,1.827506,1.984772,2.063999,1.968752,2.102193,1.654804
1.543036,1.770347,2.399725,2.303136,1.761772,1.586048,1.829699,1.843075,1.652811,1.883611,1.433953
1.622524,2.106300,1.813172,2.311271,1.991772,1.291156,1.784180,1.838941,1.784339,1.465860,1.630297
2.033762,1.344176,1.796944,1.604021,1.433591,1.506464,1.502083,1.534962,1.798227,1.621955,1.312745
1.493986,1.844190,1.589347,1.581849,1.329816,1.221983,1.655035,1.826246,1.340678,1.786247,1.591695
1.557125,1.813414,1.673873,1.870036,1.231912,1.815946,1.729716,1.418441,1.555966,1.681937,1.694349
1.452797,1.896026,1.784966,1.617204,1.628362,1.576568,1.217489,1.297084,2.048327,1.858367,1.512578
1.605285,1.697006,1.186181,1.430319,1.863628,1.657726,1.466206,1.675583,1.764082,2.029052,1.469386
1.662384,1.477360,1.453183,1.514349,1.504107,1.457719,1.311113,1.749563,1.711180,1.619805,1.757426
1.478091,1.558742,1.521573,1.525671,1.415583,1.353821,1.325595,1.572392,1.640373,1.776728,1.676738
1.661744,1.478601,1.500784,1.440960,1.355142,1.376175,1.315442,1.509701,1.677703,1.655598,1.519626
2.138932,1.455106,1.610974,1.270845,1.381240,1.163292,1.669089,1.491073,1.435305,1.576909,1.508050
1.918977,1.295695,1.560541,1.468136,1.475349,1.410936,1.455293,1.338463,1.169400,1.748139,1.513191
1.560076,1.074005,1.266538,1.200956,1.613439,1.397430,1.393785,1.191524,1.717254,1.727596,1.618778
1.488600,1.205871,1.354931,1.451803,1.143441,1.554857,1.363121,1.554930,1.277185,1.607337,1.560489
1.259088,1.394293,1.372689,1.611903,1.181517,1.103341,1.298492,1.569038,1.493517,1.584854,1.803247
1.033169,1.489163,1.322935,1.820538,1.332707,1.229522,1.109548,1.322056,1.266327,1.285539,1.510297
1.095336,1.174595,1.702219,1.470161,1.665702,1.073669,1.432513,1.420953,0.964146,1.422741,1.188540
1.384146,1.173156,1.339863,1.459513,1.381346,1.164874,1.543796,1.378845,1.228944,1.109678,1.462947
1.442579,1.322169,1.478548,1.498472,1.565983,1.309540,1.184600,1.043266,1.474981,1.186120,1.335240
1.138297,1.224249,1.320053,1.367425,1.494924,1.171304,1.473071,1.638454,1.139275,1.128861,1.306699
1.473771,1.129305,1.377549,1.140177,1.225851,0.957658,1.482756,1.421405,1.052452,1.290619,1.280016
1.251083,1.196063,1.406775,1.077513,1.190516,1.279017,1.296387,1.600027,1.245467,1.248131,1.185517
1.454998,0.836159,1.179284,1.185549,1.063224,1.165915,0.988781,1.388696,1.296982,1.187162,1.030996
1.035036,1.043794,1.127070,1.180359,1.333192,1.014918,1.047529,1.182977,1.338362,1.058277,1.065979
1.261887,0.951489,1.203028,1.144281,1.204439,1.298255,1.071469,1.278268,1.264642,1.077676,1.149744
1.128308,0.921653,1.192491,1.091578,1.162966,1.210989,1.334032,1.113205,1.341304,0.894535,1.245843
1.088255,1.044364,1.091731,1.286633,1.233811,0.938969,0.962214,1.163346,1.256762,1.137204,1.022075
1.246038,0.678723,1.271969,1.176724,0.940056,0.910251,0.986340,1.009242,1.162695,1.142897,1.502872
0.996453,1.126750,1.024412,1.083262,1.211001,0.836311,1.158563,1.320217,1.310197,1.281389,1.142856
1.022897,0.939693,1.037136,0.976549,1.284703,0.803977,1.090630,0.998041,1.332357,1.182322,1.229515
1.234610,0.960490,0.648560,1.195294,1.033057,1.088342,1.015821,1.012397,1.334329,1.090461,1.026399
1.070601,1.213080,0.869769,1.062533,0.996525,0.810166,1.057519,0.938344,1.191379,1.063436,0.840120
1.065883,1.113606,0.875594,0.902099,0.837623,0.780032,0.939859,0.982284,0.987655,1.021763,0.848591
1.045556,0.988682,0.916922,0.956573,1.159384,0.754216,0.988117,1.042137,1.206764,1.028837,0.835992
1.197926,1.128211,1.057241,0.748600,1.105505,0.954392,0.966187,1.224307,0.973824,0.761608,0.886284
0.892431,0.910997,1.132949,1.147786,1.122662,0.701476,0.834644,1.006863,0.863373,0.943717,0.705080
0.849449,0.864563,0.898010,0.663111,0.874806,0.734359,0.832516,0.930831,1.019695,0.915092,0.767563
0.980138,0.855266,1.033401,0.702678,0.934154,0.866501,0.866638,1.016357,0.780501,0.848578,0.716565
0.742594,1.078484,0.850450,0.922869,1.039715,0.582530,0.705737,0.962088,0.681767,1.125483,0.862263
0.831622,0.854653,0.992129,0.893017,0.939120,0.717978,0.788075,0.923191,0.784805,0.899212,0.913837
0.635930,0.829987,0.751714,0.895889,0.931882,0.934997,0.643773,1.048126,1.059480,0.859219,0.680138
0.870759,0.961215,0.825620,0.723212,0.883372,0.733181,0.707917,0.778043,0.777463,0.733196,0.805330
1.008962,0.960140,0.787372,0.857576,0.850887,0.982876,0.599829,0.709247,0.715690,0.688088,0.794646
0.815718,0.852951,0.676620,0.802756,0.870465,0.745994,0.543213,0.624309,0.616430,0.827758,0.884058
0.688529,0.661794,0.891166,0.691535,0.816831,0.819867,0.601871,0.759648,0.769883,0.957725,0.875370
0.821718,0.739965,0.687153,0.738620,0.614166,0.823228,0.634769,0.720102,0.648413,0.811699,0.984507
0.978174,0.817789,0.949531,0.621842,0.671785,0.667442,0.665290,0.726815,0.580469,0.880122,1.058511
0.803315,0.750807,0.878744,0.855968,0.680071,0.740322,0.833715,0.839754,0.615846,0.783862,0.727841
0.699237,0.814780,0.838212,0.767866,0.544137,0.795412,0.792828,0.790395,0.683438,0.665323,0.777872
0.765457,0.726841,0.876728,0.753101,0.593835,0.668420,0.751761,0.868606,0.578369,0.689967,0.621017
0.793856,0.756740,0.584971,0.646044,0.524989,0.886511,0.790152,0.754666,0.465585,0.727648,0.666494
0.649254,0.623887,0.695997,0.522633,0.737304,0.632096,0.687337,0.713173,0.475106,0.796152,0.606269
0.460497,0.800297,0.730299,0.632959,0.674175,0.797517,0.440299,0.755304,0.599391,0.482817,0.653979
0.607452,0.642346,0.834313,0.622581,0.706440,0.697080,0.604379,0.899461,0.575834,0.551213,0.566289
0.654268,0.646084,0.852334,0.602156,0.737531,0.662667,0.507568,0.807402,0.502058,0.603070,0.585357
0.549429,0.636708,0.799713,0.645894,0.792977,0.616995,0.540178,0.785972,0.523639,0.539541,0.634297
0.530781,0.538205,0.652128,0.641271,0.894917,0.511033,0.666977,0.723969,0.542975,0.544643,0.515224
0.582298,0.719025,0.612843,0.726005,0.740828,0.524322,0.573958,0.493625,0.571843,0.542763,0.487223
0.570140,0.640344,0.637680,0.523219,0.665207,0.678463,0.470437,0.679817,0.536068,0.620209,0.442460
0.443596,0.544117,0.524371,0.541726,0.662348,0.762099,0.587856,0.702707,0.602046,0.525403,0.435734
0.537832,0.576324,0.393460,0.553269,0.612076,0.688212,0.663962,0.487226,0.613468,0.575193,0.395260
0.628885,0.601114,0.503399,0.587489,0.610206,0.467639,0.632577,0.553403,0.567732,0.507507,0.506898
0.539223,0.544435,0.441557,0.489088,0.607885,0.475367,0.708735,0.486753,0.719980,0.553359,0.616498
0.461302,0.553354,0.516482,0.512187,0.652868,0.380668,0.724560,0.522353,0.626912,0.517711,0.715903
0.449098,0.506451,0.515169,0.633346,0.573181,0.531672,0.616209,0.598041,0.564095,0.472040,0.663790
0.474826,0.485329,0.583249,0.528458,0.546041,0.433130,0.597914,0.486421,0.532479,0.480517,0.516687
0.690192,0.440642,0.606399,0.362397,0.526162,0.635641,0.561215,0.524773,0.491286,0.487136,0.489393
0.721690,0.522645,0.529954,0.504495,0.492465,0.618231,0.400003,0.525673,0.431313,0.504044,0.411499
0.666702,0.476347,0.476701,0.439946,0.477258,0.760276,0.457501,0.509121,0.530436,0.365081,0.360288
0.506117,0.505604,0.621887,0.364483,0.489161,0.472678,0.484608,0.486334,0.473525,0.463983,0.528986
0.484629,0.495221,0.657231,0.446953,0.331645,0.457309,0.610445,0.492863,0.419074,0.462879,0.489604
0.579274,0.646631,0.608709,0.451674,0.412025,0.413073,0.602914,0.587441,0.407478,0.537785,0.442110
0.507636,0.507628,0.538352,0.536464,0.650980,0.388789,0.562876,0.487394,0.381470,0.535441,0.599692
0.504998,0.525305,0.373800,0.546673,0.527521,0.473169,0.602094,0.470150,0.533998,0.527410,0.530530
0.500910,0.479767,0.476501,0.467436,0.482098,0.456832,0.488247,0.518763,0.611679,0.556107,0.445268
0.483140,0.510621,0.481812,0.469052,0.543252,0.479869,0.566709,0.396125,0.547692,0.543292,0.465426
0.466336,0.614578,0.374219,0.539484,0.389016,0.367828,0.537884,0.392211,0.436551,0.479495,0.626904
0.487036,0.339291,0.438778,0.444881,0.389578,0.425583,0.487019,0.517752,0.531190,0.501089,0.626748
0.591714,0.501018,0.383858,0.445267,0.502825,0.459605,0.523063,0.437226,0.502778,0.433739,0.461464
0.572057,0.299800,0.510405,0.512617,0.492648,0.472747,0.560843,0.445697,0.425932,0.499982,0.632355
0.462307,0.505931,0.506925,0.514530,0.416971,0.483608,0.504392,0.445718,0.462815,0.436044,0.540428
0.390715,0.422195,0.442495,0.643567,0.446742,0.544344,0.580774,0.467460,0.412474,0.518245,0.561404
0.467591,0.428445,0.392535,0.566800,0.384041,0.604307,0.526248,0.535840,0.378479,0.369902,0.574550
0.558670,0.423677,0.421369,0.625423,0.441940,0.530472,0.456000,0.448002,0.389022,0.332862,0.611789
0.478173,0.386036,0.507025,0.605854,0.481941,0.387741,0.463640,0.502646,0.340441,0.380322,0.757521
0.508430,0.465266,0.422661,0.509355,0.392465,0.433991,0.427882,0.523211,0.437622,0.370773,0.643139
0.608161,0.583220,0.499557,0.370918,0.501137,0.561855,0.416904,0.501827,0.418476,0.404263,0.550378
0.504443,0.425917,0.479695,0.380887,0.499946,0.408054,0.345709,0.401158,0.514683,0.440479,0.431524
0.523567,0.429238,0.392022,0.397230,0.369900,0.444014,0.408100,0.446224,0.543248,0.419956,0.437163
0.379256,0.384323,0.411800,0.515437,0.467857,0.336825,0.327077,0.393501,0.502793,0.488677,0.465965
0.503155,0.429445,0.472463,0.327966,0.394558,0.421028,0.363462,0.535357,0.399649,0.455102,0.476611
0.442269,0.294674,0.453726,0.316190,0.492048,0.513882,0.449126,0.417914,0.468286,0.424945,0.291195
0.407126,0.236329,0.407801,0.324851,0.415010,0.471776,0.350732,0.398338,0.350009,0.576706,0.493456
0.524771,0.447233,0.471332,0.326636,0.418418,0.526251,0.357165,0.402363,0.462972,0.457039,0.475954
0.469080,0.474786,0.503250,0.339929,0.334113,0.466598,0.458933,0.476357,0.360381,0.598368,0.371399
0.366457,0.435686,0.528956,0.314276,0.434322,0.390188,0.393467,0.551756,0.389963,0.620126,0.552891
0.405289,0.437619,0.434313,0.395869,0.454309,0.337062,0.337965,0.547477,0.526708,0.455079,0.464908
0.513567,0.403517,0.469864,0.400972,0.594334,0.318661,0.445908,0.574368,0.492517,0.494790,0.515857
0.491945,0.620937,0.374665,0.345903,0.439434,0.456235,0.456131,0.508734,0.425915,0.363590,0.486629
0.515053,0.523248,0.529396,0.296188,0.528116,0.378505,0.371652,0.401785,0.537718,0.484484,0.465329
0.406146,0.494235,0.430774,0.380549,0.532795,0.409244,0.386862,0.545548,0.387776,0.407714,0.461235
0.371869,0.481318,0.372350,0.376728,0.492552,0.478571,0.414722,0.415695,0.472958,0.365097,0.440141
0.370095,0.407722,0.466329,0.294385,0.365104,0.538597,0.396498,0.428770,0.518304,0.410468,0.373242
0.494633,0.439385,0.482624,0.515084,0.395852,0.433635,0.425530,0.418429,0.484403,0.444675,0.324628
0.533559,0.375093,0.562276,0.477736,0.459286,0.518882,0.453252,0.445075,0.404634,0.516442,0.321969
0.411804,0.481731,0.526485,0.428964,0.493270,0.633304,0.463184,0.398338,0.444863,0.521298,0.397110
0.463462,0.298523,0.508408,0.436701,0.424942,0.636616,0.559359,0.505095,0.360283,0.409946,0.436548
0.446726,0.415325,0.394195,0.398281,0.421543,0.605714,0.517178,0.502024,0.437044,0.540304,0.460401
0.500971,0.415206,0.402493,0.416170,0.477256,0.576950,0.525746,0.514556,0.523985,0.561742,0.486828
0.550986,0.403119,0.417190,0.429738,0.468382,0.663246,0.496920,0.494053,0.484128,0.431468,0.568278
0.419810,0.565933,0.473850,0.511021,0.424797,0.560619,0.586206,0.572381,0.489276,0.524571,0.530516
0.434851,0.472416,0.490637,0.642731,0.410890,0.539156,0.563750,0.605543,0.583051,0.526150,0.477610
0.365246,0.510952,0.435865,0.459276,0.424545,0.581543,0.666846,0.445004,0.448268,0.402580,0.545790
0.552542,0.543268,0.415384,0.474898,0.498988,0.419496,0.490065,0.551511,0.447804,0.562389,0.487838
0.493552,0.476254,0.381142,0.506165,0.546396,0.513080,0.443694,0.536954,0.402894,0.550318,0.480259
0.617015,0.584048,0.329104,0.550872,0.548825,0.568948,0.546592,0.665808,0.449742,0.527191,0.296422
0.663188,0.453353,0.417040,0.559652,0.423498,0.437270,0.460785,0.602219,0.617600,0.572475,0.465107
0.624185,0.438907,0.424937,0.512233,0.532289,0.505926,0.439946,0.543818,0.581033,0.549520,0.395966
0.578828,0.382440,0.512635,0.530489,0.498585,0.443555,0.453522,0.621901,0.602099,0.544977,0.632296
0.552551,0.517715,0.449125,0.467072,0.483025,0.602187,0.543303,0.536145,0.433991,0.586054,0.498694
0.637853,0.468082,0.635265,0.565616,0.499453,0.618404,0.445011,0.600885,0.496755,0.710285,0.639114
0.619420,0.395867,0.426972,0.391903,0.548100,0.532981,0.518743,0.596305,0.325905,0.682197,0.595043
0.482039,0.601970,0.398317,0.499455,0.583374,0.504676,0.469461,0.612442,0.355715,0.763511,0.483112
0.554760,0.606618,0.511940,0.529493,0.480100,0.515965,0.405534,0.597613,0.406220,0.576972,0.401208
0.506137,0.575436,0.524517,0.556180,0.538763,0.555055,0.448974,0.662275,0.499892,0.571092,0.460490
0.644133,0.628203,0.515793,0.464593,0.626627,0.671642,0.602304,0.657950,0.387886,0.612800,0.512148
0.522984,0.586264,0.648578,0.644847,0.560561,0.578138,0.523643,0.530843,0.447063,0.593267,0.710743
0.720648,0.480706,0.574550,0.728688,0.592232,0.463163,0.657647,0.626303,0.561902,0.560550,0.586060
0.559682,0.478628,0.504003,0.709981,0.501257,0.422020,0.492938,0.548859,0.481410,0.570967,0.659082
0.530732,0.528462,0.757893,0.605816,0.546005,0.549839,0.600132,0.606721,0.523913,0.550580,0.527594
0.624392,0.551078,0.558509,0.570850,0.574680,0.659456,0.561360,0.621163,0.451693,0.751853,0.734951
0.436280,0.752589,0.673881,0.675334,0.616194,0.710177,0.604120,0.662124,0.571023,0.652325,0.663873
0.543700,0.759400,0.530780,0.595161,0.670029,0.701620,0.954405,0.638216,0.748788,0.708383,0.658209
0.522811,0.599008,0.779323,0.772613,0.679633,0.731386,0.570426,0.639707,0.417317,0.747229,0.648356
0.781435,0.633124,0.868875,0.653606,0.668895,0.705916,0.727386,0.576672,0.596939,0.791118,0.586173
0.786314,0.557461,0.776003,0.721102,0.482416,0.925137,0.856816,0.701567,0.505609,0.686884,0.550198
0.901308,0.685966,0.768320,0.712660,0.578870,0.913386,0.665371,0.641742,0.676989,0.758834,0.500279
0.793542,0.749176,0.764113,0.601181,0.734005,0.890316,0.735632,0.908938,0.562988,0.657805,0.573873
0.766556,0.592106,0.854164,0.657008,0.529636,0.671093,0.649154,0.903814,0.788478,0.857840,0.713704
0.837938,0.758840,0.741250,0.807958,0.479564,0.905495,0.949430,0.723683,0.785481,0.770166,0.771528
0.701933,0.602859,0.648319,0.798858,0.629688,0.728411,0.524573,0.830838,0.762611,0.849455,0.616014
0.824183,0.612889,0.805286,0.686204,0.648505,0.894437,0.894649,0.679483,0.742746,0.522670,0.862113
0.976929,0.722995,0.751433,0.718235,0.574138,0.809836,0.561713,0.708457,0.641739,0.599567,0.793629
0.946809,0.661074,0.892373,0.846173,0.734900,1.064273,0.394590,0.829103,0.679069,0.367140,0.792755
0.886806,0.706843,0.903974,0.665037,0.795673,1.058792,0.450955,0.946663,0.706118,0.583468,0.721708
0.788725,0.828109,0.873157,0.928372,0.732243,0.922773,0.595985,0.892382,0.852087,0.640945,0.743904
0.799344,0.720688,0.675381,0.919739,0.791871,0.966159,0.796458,0.886324,0.697576,0.855475,0.736137
0.590989,0.758465,0.748467,0.895796,0.825936,0.882856,0.638965,0.780912,0.640860,0.839784,0.716341
0.750188,0.796581,0.663461,0.867031,0.918079,0.788108,0.848670,0.810177,0.758121,0.902989,0.907512
0.681483,0.732486,0.679112,0.915008,0.881757,0.730928,0.937315,0.832917,0.544013,0.949775,0.613033
0.852503,0.791140,0.728395,0.855741,1.034940,0.724305,1.037269,0.906160,0.630720,1.122950,0.837994
0.683123,0.772921,0.807050,1.026857,1.063718,0.896052,0.800997,0.692409,0.752957,1.186943,0.811884
0.863543,0.710040,1.016429,0.700575,0.914442,1.318807,1.122484,1.011093,0.875964,0.993191,0.790267
1.008933,0.949319,0.762263,0.991733,0.812924,1.161678,0.775376,1.221626,1.000673,0.956408,1.010187
0.705737,0.710044,0.645149,0.978656,1.117542,0.924663,0.667376,1.019176,1.028275,1.074129,0.768320
0.916833,0.928349,0.631422,1.017459,1.159049,1.038623,0.836458,1.254236,1.147809,0.845481,0.828834
0.828439,0.802550,0.738928,0.893320,1.111588,1.107053,1.087656,1.052113,1.096694,0.769129,0.744137
1.202134,1.016947,0.966928,1.216021,1.239297,1.074369,1.075309,1.106369,0.963140,0.928960,0.856058
1.076595,1.180018,1.155315,1.005380,0.933084,0.868244,0.999748,1.108117,1.007944,1.009504,0.900066
1.194899,1.131914,0.951639,0.934316,0.942878,1.132464,0.939532,0.977345,1.015471,1.363967,0.990726
1.030101,0.838025,1.047265,0.846824,1.065985,1.059273,1.036884,1.454535,0.971635,1.167419,0.845328
1.032968,1.087404,0.849588,0.852165,1.289519,1.003908,0.952321,1.199815,1.362809,1.283555,1.089418
1.152720,0.923303,1.157300,0.842393,1.138297,1.101591,0.883341,1.102963,1.140999,0.865666,1.156602
0.979127,1.119300,1.317720,1.132728,1.152711,1.016645,1.145650,1.322701,1.144765,1.137803,0.892155
1.169586,1.316202,1.441842,1.180530,1.240584,1.087949,1.290487,1.292297,1.189186,1.344412,0.983338
1.155469,1.406270,1.318939,1.238548,1.005410,1.165047,0.978177,1.300710,1.124102,1.256740,1.223962
1.180395,1.333758,1.646561,1.291037,0.921192,1.232662,1.312054,1.143974,1.297797,1.334675,1.231634
1.168390,1.177265,1.231712,1.004565,1.026406,1.326388,1.388457,1.298040,1.012040,1.112533,1.290015
1.041801,1.126466,1.179790,1.233971,0.946663,1.304462,1.268761,1.320449,1.371181,1.265315,1.301091
1.176083,1.126551,1.241281,1.289403,1.189112,1.234817,1.161006,1.299418,1.530207,1.200864,1.664822
1.183551,1.168630,1.191126,1.334187,1.070308,1.484035,1.345908,1.269802,1.520802,1.343515,1.186671
1.509358,1.352500,1.115695,1.091377,1.366645,1.139863,1.334646,1.046815,1.492839,1.417188,1.569482
1.233675,1.197577,1.039318,1.320560,1.439331,1.629599,1.428559,1.212468,1.272893,1.253071,1.296188
1.195283,1.618378,0.933304,1.325083,1.340358,1.369737,1.560714,1.652833,1.134646,1.105433,1.538139
1.413968,1.425245,1.148785,1.279219,1.296907,1.505379,1.242115,1.533718,0.968038,1.208136,1.504354
1.455552,1.447759,1.167119,1.094237,1.264139,1.492131,1.428590,1.295531,1.040507,1.333600,1.128290
1.867615,1.399146,1.021865,1.348117,0.986029,1.822296,1.186130,1.254146,1.091618,1.394235,1.673265
1.411879,1.531301,1.342173,1.193571,1.421171,1.375989,1.249915,1.293848,1.393386,1.402530,1.381379
1.259192,1.074917,1.563109,1.600824,1.003274,1.646766,1.453769,1.371517,1.343997,1.412281,1.391605
1.516255,1.221031,1.461615,1.803639,1.708044,1.544593,1.798879,1.259734,0.856070,2.048301,1.304977
1.441556,1.241256,1.361526,1.357120,1.195851,2.095372,1.419054,1.287204,1.429154,1.536424,1.644723
1.723108,1.561700,1.617288,1.494860,1.639492,1.866470,1.282691,1.409542,1.506898,2.198409,1.446892
1.490547,1.579548,1.996297,1.587063,1.205757,2.039708,1.666738,1.395168,1.836585,1.606656,1.314394
1.548272,1.603205,1.699730,1.896773,1.894834,1.874007,1.705847,1.363009,1.970254,1.551848,1.486636
1.518216,1.548519,1.816218,1.614314,1.606491,1.707159,1.618310,1.313504,2.038469,1.679565,1.802679
1.278247,1.484632,1.615275,1.699968,1.489220,1.755334,1.686788,1.552508,1.734679,1.498289,1.763176
1.069985,1.728133,1.661244,1.632517,1.157996,2.020318,1.469094,1.533028,2.106883,1.229552,2.037253
1.593550,1.554992,1.908200,1.701016,1.790415,1.641127,1.627439,1.801590,2.146736,1.390873,2.098437
1.828120,1.860369,1.750387,1.784126,1.660798,2.097033,1.804748,1.938697,2.062410,1.554628,1.604810
1.455101,1.360408,1.273522,1.637125,1.748249,2.068083,1.835124,1.606397,1.693957,1.705920,1.482242
1.815402,1.940478,1.597894,1.747375,2.151688,1.777801,1.956746,2.107558,1.959611,2.056235,1.098048
1.650599,1.990703,1.944051,1.641458,1.723826,1.768094,2.269795,1.718191,1.819917,1.808992,1.950337
1.422320,1.760798,2.311993,2.044941,1.879356,1.886285,1.887204,1.947580,1.908446,2.035857,2.103352
1.545337,2.121124,1.791682,2.049131,1.677867,1.903083,1.871589,1.754193,1.894640,1.997155,2.030882
1.899825,2.149338,2.463509,2.243241,2.155603,1.866619,2.177476,1.694953,1.890682,2.187533,2.157800
1.773166,1.837076,1.925756,2.252069,1.873646,2.263599,1.832159,2.138261,2.149328,2.233973,2.091799
1.787997,1.826874,1.919913,2.078432,2.192235,2.187292,2.414863,2.090107,1.635029,2.649359,1.912737
1.918909,2.341493,1.865190,2.390490,1.878043,2.087730,1.772476,2.614690,2.114778,2.264659,1.662481
1.596899,2.020610,1.988998,1.889770,1.904646,2.266492,2.219537,1.959458,2.411257,1.839902,1.937129
1.937689,2.065091,1.884913,1.888835,2.239771,2.735331,1.733852,2.040954,2.268556,1.978006,1.691738
1.655760,2.022435,2.076378,2.303227,2.114721,2.524960,2.365146,2.236068,2.442529,2.057715,1.754802
1.583191,2.202739,2.333359,1.926774,2.131454,1.763014,1.923905,1.843855,2.553733,1.915289,2.057390
1.668447,1.488104,1.773861,2.055113,1.958793,1.808286,2.333642,2.028647,2.042962,2.262600,2.454003
1.957737,2.020130,2.157463,1.929960,2.155392,1.714753,2.465402,1.755362,1.677165,2.319035,2.134429
1.760989,1.946161,2.402645,1.827842,1.690732,2.129021,1.824263,1.693981,2.102856,2.125909,1.747142
2.358133,2.396730,1.812717,1.845882,2.254568,1.630566,2.092696,1.813343,2.282437,2.056876,2.165455
2.268781,2.534064,2.796975,1.916297,2.018654,2.680221,2.501862,2.554167,2.321811,2.539341,2.186903
2.671852,2.547111,2.239714,2.085807,2.674103,2.101962,2.360213,2.362713,2.136489,2.259118,2.703110
2.185764,2.398407,2.546288,2.025423,1.966973,1.953030,2.095703,1.896586,2.345209,2.738135,2.335386
2.555171,2.685994,2.130072,2.570975,2.724986,1.840763,2.596772,2.089778,2.774510,2.575344,2.438564
2.608203,2.627621,2.612256,2.529377,2.156706,1.943225,2.207460,2.349617,3.086912,1.923698,2.395944
2.093816,2.900776,1.995808,2.654642,1.884722,2.032845,1.831652,2.330672,2.614520,2.356230,2.479213
2.593652,2.856482,2.337212,2.651181,2.425929,1.784134,1.805810,2.714933,3.238627,2.234869,2.880153
2.167062,2.744766,2.378704,2.167428,2.669691,2.124293,2.112942,2.256215,2.747205,1.878267,2.668991
2.160738,2.342396,2.366832,2.237126,2.091246,2.322037,2.218666,2.536723,1.913707,2.268058,2.611948
2.652667,2.552903,2.707821,1.970761,2.428833,2.165891,2.495904,1.899757,2.914216,2.517010,2.666611
2.466519,2.168675,2.806646,2.611602,2.632544,2.360030,2.485245,2.457220,2.162744,2.369344,1.679193
2.621750,2.785589,2.894300,2.488637,2.346739,2.239816,1.745258,2.527313,2.934236,2.740161,2.042812
2.611636,3.290322,2.980244,2.713012,2.413184,2.213515,2.323880,2.333629,2.556660,2.750342,2.492511
2.587327,2.901783,2.691372,2.531642,2.033185,2.582742,2.382983,2.684900,2.265197,2.367947,2.853453
2.192891,2.818747,3.075376,2.169013,2.152081,3.300138,2.648649,2.553837,2.718605,2.778216,2.442048
2.569706,2.958225,3.206760,1.826083,2.121919,2.501126,2.818864,2.549340,2.524997,2.843813,2.645292
2.754402,2.708428,2.561105,2.236873,2.347280,3.096957,2.927568,2.918837,2.912135,3.056233,3.166450
2.628274,2.749221,2.947008,2.563316,2.708533,2.996100,2.587126,2.725078,3.594089,2.153645,2.885212
3.250878,3.103997,2.860051,2.509572,2.502206,2.649114,2.620589,2.835810,3.242877,2.372828,2.780245
3.036648,3.629289,2.800323,2.675983,3.326034,3.023018,2.909033,2.984815,2.753225,2.259183,2.221828
3.054480,2.833904,2.670463,2.920621,2.720216,2.777640,2.520276,3.019535,2.225572,2.861386,2.873538
2.721065,2.682393,3.123557,3.089393,2.607709,2.640684,2.496854,2.882521,2.710584,2.759493,2.748439
2.978649,2.731030,2.630279,2.685440,2.471217,2.714647,2.406725,2.148388,2.067015,2.051490,2.341091
2.659163,2.348255,2.313883,2.492949,3.241487,2.279628,2.642496,2.774383,2.897781,2.776520,2.362339
3.104080,2.340597,2.787033,2.499992,3.342175,2.557806,3.239055,2.411455,2.717334,2.361400,2.808753
2.839974,2.932869,2.324337,2.758810,3.316866,3.068947,2.631211,3.423832,2.377759,2.306533,2.910713
3.246952,2.481264,2.610030,2.909034,2.393341,2.731431,2.491562,2.900936,2.745186,2.890367,3.207964
2.773065,2.473748,2.683493,2.754677,2.582113,2.848159,2.600847,3.677989,2.950309,2.769149,3.032396
2.970181,2.955493,2.941880,3.497143,2.307783,3.524035,3.209399,3.628253,2.745870,2.375341,3.101821
2.697019,2.381229,3.133976,2.829784,2.421299,3.271057,2.537885,3.105422,3.388519,2.949045,2.510607
3.181079,3.064823,3.033845,3.694060,2.686782,3.759449,3.016146,2.681957,3.464242,3.169743,2.727351
2.374168,2.474300,3.165954,3.690125,2.730793,3.123962,2.721699,3.664633,3.311177,3.322475,2.452665
2.946437,3.014364,2.903631,3.572527,2.872559,3.833442,2.834063,3.719501,3.205862,3.588304,2.690317
2.386708,3.022166,3.007694,2.783035,3.088620,3.251039,3.081873,4.026938,3.458328,3.152935,3.000197
3.014160,2.944276,3.411646,2.835815,3.222669,3.448464,2.931074,2.628677,2.523538,3.441384,3.595917
2.981587,3.230265,2.990913,3.557066,2.450495,3.911137,2.434330,3.440854,3.275973,3.823356,3.004537
2.748518,2.942700,3.280442,3.555152,3.315760,3.405427,2.759021,2.806420,3.114686,3.678402,3.333933
3.322492,3.270523,3.171509,2.978654,2.571258,3.414533,2.950959,2.944577,3.076387,3.351716,3.425786
3.240083,3.443127,2.990760,3.032310,3.375502,3.059687,2.610712,3.209452,2.606275,3.124334,2.799676
3.210398,3.129875,3.504329,3.112677,3.852598,3.410423,3.215468,3.900796,3.171039,3.459838,3.001377
3.275136,3.064158,3.396772,3.271928,3.220027,3.421146,3.241574,3.373422,2.407361,3.170144,2.542378
4.032922,3.331618,3.748558,3.048248,2.634499,3.647555,3.038329,2.884877,2.556176,2.751734,3.082744
3.064385,2.913292,3.643536,2.938194,2.823870,3.419273,3.216271,3.309965,3.254777,3.559004,2.765842
3.834399,3.135153,3.144034,3.435488,2.412631,3.591172,3.507926,3.442661,2.923904,3.463646,3.102991
4.030279,3.637753,3.335751,3.194705,3.292456,3.521001,3.897379,3.585436,3.039991,3.234779,3.236654
3.116900,3.445643,3.309890,3.024883,3.059441,3.452921,3.845690,3.160154,2.979078,3.625958,2.757233
4.385656,3.152276,3.319880,2.774195,3.146246,2.658017,3.221083,2.900335,3.982958,3.351388,2.927779
4.217848,2.842801,3.432455,3.034842,3.242797,2.959064,3.281234,3.328179,3.225051,2.710879,3.054220
3.729136,2.871936,2.744294,3.435354,3.677810,3.396520,3.135441,3.678270,3.054450,2.698168,2.676238
3.575746,3.193406,3.259300,2.940429,3.262716,3.511946,3.447839,4.118799,2.256589,3.514700,3.216758
3.460937,3.733620,3.138867,3.507845,4.383947,2.878045,3.810915,3.258964,3.473981,2.916207,3.313210
3.235596,3.931322,2.853179,2.514869,3.429518,3.677436,3.518038,3.758954,3.655668,3.271729,2.811875
3.588959,2.559999,3.442011,3.938721,3.245372,3.624716,3.606121,3.880526,3.025183,2.950394,3.345562
3.799657,3.353815,3.817754,3.319574,3.231610,2.743433,3.419995,3.778562,3.278810,2.684443,3.883572
4.570239,4.176128,3.514976,3.676286,4.258487,3.197392,3.299290,3.742266,3.273004,3.091822,3.964253
4.814444,3.494827,4.005550,3.174482,3.339341,3.394320,3.393929,3.757762,3.319715,3.455447,3.070771
3.638320,3.404008,3.611682,4.011533,3.289201,3.114038,3.369675,3.670568,3.517177,2.864941,3.311494
3.416949,3.602369,4.167085,3.566133,3.797946,3.156417,2.604341,4.458370,3.231475,3.730949,3.562139
3.981537,3.432631,3.227684,3.736519,2.633423,3.261735,2.939184,4.067831,4.431837,3.247839,3.055031
3.079698,2.759319,3.901107,3.855425,3.532120,3.125339,2.869791,3.542085,3.534533,2.959734,3.391463
2.955150,2.637150,3.357306,3.209999,3.036937,3.740948,3.030165,3.824608,3.007984,3.131667,3.524006
2.844042,3.883392,3.802096,3.834793,3.400960,4.001559,2.874690,3.348386,3.147572,2.889148,3.421537
3.581293,3.495420,3.919876,3.951932,2.975223,3.690281,3.520186,4.086917,3.545680,2.428876,2.491289
3.640974,3.200802,2.900121,3.304993,3.377407,4.294766,3.527313,3.390478,2.831757,2.619557,3.383162
3.529027,3.939692,3.188986,3.748067,3.203566,3.188830,3.706544,3.576969,3.364170,3.107564,3.623372
3.752757,3.098165,3.567143,3.907440,2.992239,3.285063,3.596627,2.567428,4.059253,2.727825,4.477912
3.512680,3.479664,2.983537,3.683740,2.949699,3.474002,3.332969,3.018377,3.996266,2.799494,4.072986
3.785840,3.425995,3.395198,3.409415,3.635835,3.167407,3.374234,3.857971,3.089322,3.997884,3.430801
3.449027,3.910005,3.084202,3.870808,3.876562,2.948797,3.915918,3.307412,3.054905,2.606248,3.488426
3.567918,3.337938,3.585177,3.564473,3.488683,3.321767,2.918023,3.148084,3.650381,3.354546,3.026960
3.190942,3.379318,2.998151,3.200033,2.750838,2.859174,3.332261,3.154940,3.619054,3.249312,3.118691
3.710095,3.116700,3.430063,3.459511,3.971015,4.081414,3.581619,4.155073,2.660007,3.392687,3.485104
2.801439,3.836088,3.253605,4.318185,4.463319,4.135398,3.845406,4.163921,3.463770,2.927315,3.718348
3.527220,3.291601,3.691571,3.508093,4.449496,3.629525,3.085826,3.895704,3.608091,4.232902,2.668111
3.441297,2.857274,3.981670,3.721433,4.346178,3.906784,4.250790,3.929341,3.292005,3.760960,3.775555
3.302232,3.416247,3.831981,2.893739,3.831431,3.899172,2.634011,3.868006,2.910570,3.499881,3.294949
2.651247,3.651785,3.950594,3.533180,3.203472,3.317697,3.800139,4.031088,3.669770,3.220045,4.053231
3.678393,2.975961,4.164528,3.215220,3.949575,3.554835,3.333840,3.891307,3.422567,4.151974,3.514518
2.555578,3.050336,3.774636,3.880198,3.549214,4.144837,3.368521,3.262665,3.981982,3.639264,3.185983
3.474134,3.366863,4.082173,4.319842,3.662893,4.399611,3.737583,3.707777,3.116552,2.696773,2.875584
3.407619,3.079580,3.758565,3.479695,2.909441,4.011983,3.402121,3.137213,3.681960,3.155315,3.728686
3.678414,2.997578,3.726035,3.942093,2.565434,3.598246,3.361840,3.787141,3.878171,3.531522,4.077505
4.189646,3.518673,4.306864,4.212536,3.357538,3.338064,3.752551,3.694770,4.185797,2.811438,3.626878
4.635803,4.243965,4.110803,4.138066,2.695633,3.588782,3.872892,3.953145,3.851897,3.375308,3.432967
4.017662,3.577674,3.931037,3.576081,3.969816,3.049787,3.718333,3.433854,3.085620,3.391320,3.974670
3.485262,3.232706,3.664675,3.426202,3.738737,3.405440,3.246660,3.307878,2.783373,3.546552,3.418629
3.574833,4.326720,3.306059,4.139947,3.321120,3.707922,3.365064,3.571620,2.942813,3.110971,3.611479
3.124801,3.758389,3.687155,3.407173,3.276968,3.385667,3.317774,3.765621,2.502019,3.751995,3.372269
3.461464,3.123271,3.464310,3.505262,4.060635,2.624583,3.709438,3.028145,2.801779,3.441954,3.715971
2.686807,4.212871,3.852275,3.759571,4.199972,3.172185,3.536429,3.611901,3.864904,3.259693,4.020180
3.207314,4.172088,4.144806,3.376094,4.221974,3.196020,2.842323,3.190149,3.915140,3.310406,3.400340
3.669461,4.013816,3.518620,3.879534,4.187903,3.883158,2.753944,3.639390,3.486355,2.972576,3.127084
4.178587,4.180009,3.804253,3.503087,3.210334,4.706751,3.089941,2.356810,3.495946,3.572407,2.776004
2.850257,3.929752,3.523125,3.588100,3.238886,3.610252,3.333243,2.914151,3.122658,2.627432,2.780986
3.565098,3.224665,3.476877,3.339602,3.511670,4.136472,3.168160,3.444178,3.518646,2.745702,2.970523
3.671565,2.503929,3.084416,3.057155,3.146946,4.135106,3.268093,3.689833,3.880178,3.159446,3.007377
4.026889,3.172239,2.765141,3.195322,2.874790,4.111569,3.060326,3.100343,2.744034,3.848337,2.805868
3.137451,3.413015,3.089134,2.728939,3.288618,3.848977,3.298875,3.861993,2.894282,3.306722,3.406312
3.251554,3.860794,3.530157,3.058383,3.276104,4.223584,3.366418,2.838320,3.683681,2.957785,3.193883
3.946641,2.640211,3.226675,3.254914,3.202093,3.211353,3.099716,3.085429,3.062069,3.180105,3.133145
3.668708,3.391761,3.044301,2.941621,3.088101,3.144474,3.067286,4.105661,2.863504,3.031550,3.172030
3.984299,3.307295,3.448028,3.409370,3.740422,3.201629,3.412435,3.573978,2.883214,2.630072,3.525248
3.473140,3.310517,3.142388,3.869197,3.065199,3.549083,3.121850,3.370142,3.751844,2.555953,3.146020
3.169223,3.754219,3.469070,2.642162,3.025957,2.592809,2.909903,3.693690,3.593258,3.719416,2.688445
3.653937,2.793137,3.497295,3.326877,2.763207,2.545321,2.753517,3.659440,3.857639,3.198055,3.663721
3.452994,3.207963,3.070148,3.348369,3.115250,3.116808,3.259748,3.389866,3.108638,3.059455,3.134855
2.880436,3.356295,3.414924,3.374251,3.676304,3.298546,2.680036,2.809678,3.367949,2.672416,3.261456
3.456272,2.572579,3.522138,3.651508,2.944666,3.880146,2.686416,2.352114,3.699980,3.344915,3.002552
3.307259,3.721533,3.372757,2.790596,3.173921,3.839246,2.781145,3.240323,2.958670,3.019588,2.980388
3.930623,3.614674,3.090920,2.943836,2.722562,3.220947,3.018640,3.334951,2.725482,2.756456,2.832163
2.904196,3.390948,2.764879,3.007400,2.915527,3.438599,3.499746,2.886142,2.872343,3.081001,2.973725
3.301954,3.140696,3.144872,2.961037,2.897039,3.166183,3.448536,3.291213,3.754051,2.925961,3.489259
3.086731,3.096293,3.219061,3.252454,2.947353,3.636470,3.063009,3.306055,3.145572,2.739298,3.700052
3.255663,3.138403,2.450210,3.508294,2.662011,3.183348,2.954681,3.430863,3.890110,3.155342,3.758693
3.369733,3.462336,2.557020,3.166742,2.918421,2.965753,3.342580,3.045118,3.517672,3.193727,3.228521
3.385283,2.953408,2.932408,2.654156,2.864669,3.616655,2.830249,3.084689,2.682708,3.386128,2.335415
3.402238,2.496967,2.620892,2.785839,2.510127,3.324602,2.853372,2.958676,2.928181,2.988991,3.250567
3.238724,3.130750,3.693638,3.016704,2.695611,2.696953,2.728480,2.806776,3.269346,3.244968,2.800829
2.726063,2.518763,3.706279,2.622528,2.788577,3.139502,2.495189,3.572875,2.401594,2.785410,2.114207
2.843492,3.316351,2.885360,3.371874,2.691718,3.208658,2.547767,2.810769,3.709130,2.799546,2.799637
3.086145,2.733656,2.295818,2.550198,2.551307,2.581387,2.354928,3.426112,2.724180,2.850585,2.308022
2.476515,2.452091,2.805101,3.560391,2.531173,2.407782,2.393020,2.569977,2.826337,2.630536,3.003689
3.214482,2.911078,2.390526,2.889584,3.050666,2.536593,2.546184,2.833353,2.983449,3.156666,2.921429
2.267228,2.353285,2.135390,3.280935,2.132354,2.469624,2.684018,3.162205,2.958695,3.066530,2.416991
2.968659,2.857359,2.120031,2.521068,2.213992,2.902525,3.011711,3.535850,2.476884,2.707252,2.930428
2.643636,2.778304,2.560724,3.052390,2.297445,2.930372,2.562544,2.768815,2.494144,3.037219,2.810012
2.189358,2.839288,2.512963,2.803190,2.819835,3.416760,2.759600,3.040349,3.068604,3.028529,2.467642
2.131721,3.310601,2.319991,2.866167,2.587811,2.926752,2.519750,2.728715,3.033626,2.599798,2.045563
2.380178,3.149936,2.501609,2.426546,2.501515,2.341327,2.825354,3.262996,2.815655,3.152285,2.598963
2.470360,2.917478,3.057570,2.481811,2.164444,2.717894,2.851029,2.618571,2.855026,3.026411,2.522460
1.956532,2.171571,2.493714,2.227361,2.360638,2.700396,2.639850,3.285700,2.422075,2.874109,2.207075
2.348204,2.747268,2.349508,2.441454,2.408721,2.620473,2.180755,2.763536,2.364136,1.948126,2.653100
2.479587,2.869464,2.599028,2.585733,2.954261,2.959728,2.240786,2.791944,2.831933,2.541871,2.016736
2.763741,2.702373,3.008246,2.962580,2.843781,2.842788,2.441030,2.544872,2.975771,2.343042,2.120644
2.834157,2.597736,2.437317,2.573362,2.298359,2.852002,2.048479,2.077279,2.576124,2.380051,2.479880
2.290281,2.373342,2.460261,2.424501,2.276319,2.539863,2.322170,2.527410,2.699138,2.455601,2.211796
1.994114,2.226009,2.965122,2.464577,2.147838,2.508864,2.259634,2.808850,2.249551,2.550313,2.034422
2.575374,2.428127,2.843350,1.993168,2.585565,2.215527,1.960343,2.461268,2.695245,2.550145,2.326240
2.123158,2.770018,2.325240,1.732041,2.258849,2.527323,2.871929,2.445000,2.423375,2.533009,2.419311
2.012154,2.206909,1.973121,1.940061,2.340706,2.355622,2.491782,2.531733,2.365752,2.591819,2.740483
1.993989,2.625103,2.658956,1.958075,2.228782,2.361491,2.524442,2.197076,2.538543,2.405058,2.014850
1.921218,2.298508,2.616137,2.174645,1.873907,2.687650,1.905703,1.790659,2.678960,2.239161,2.015498
2.093384,2.167502,2.441919,1.899087,2.462003,2.465799,2.270342,1.838410,2.393010,2.302842,2.037860
2.443126,2.383240,2.753044,2.588868,2.275027,2.071741,2.229769,1.798443,2.409041,2.608440,2.244141
2.443975,2.295137,2.317747,2.323816,2.334794,2.110144,2.368525,1.822590,1.897732,2.468603,2.448811
2.556238,2.633989,1.810036,2.284777,2.436633,1.735006,2.365396,1.927364,1.716413,2.313085,2.045373
2.030106,2.534822,2.269775,2.108500,2.293517,1.604884,2.500430,2.567607,2.055961,2.089449,2.504315
2.218375,2.172397,1.905357,1.925409,2.007485,1.787039,2.257762,1.915774,1.956587,1.575741,2.328847
2.301307,2.464073,2.482873,2.215038,2.108771,1.895808,2.397048,2.219448,2.175936,1.410830,2.073799
2.164148,2.320958,2.542690,1.844482,1.913243,1.932633,2.461591,2.304252,2.224100,2.105512,2.311028
1.997738,2.411031,2.275096,2.123637,2.109779,1.754174,2.462372,2.500438,2.039307,2.204825,1.768820
2.470781,2.210592,2.065010,1.673571,1.813340,1.654564,2.299237,1.910522,1.964620,1.799639,1.983478
2.112383,2.226552,1.932997,2.318632,1.974140,1.751747,1.896550,1.588685,2.474460,1.878277,2.300104
2.239548,1.876032,2.153756,2.328441,1.782812,1.561580,1.999829,1.455221,2.420649,2.388070,2.094201
1.812123,2.099727,2.022237,2.160187,1.988245,1.669305,2.191974,1.739085,1.950129,1.866517,2.443016
1.839688,2.223262,1.987070,2.177462,1.758024,1.735277,1.937176,1.702094,1.673902,1.845856,2.107905
1.953568,1.666993,1.784700,2.064795,2.060755,2.104443,1.535869,1.961654,1.470665,1.656221,1.889757
1.994921,1.970939,1.559992,1.869145,2.370936,1.679985,1.549057,2.030718,1.654684,1.737483,2.015342
1.945693,1.803979,1.727834,1.585489,1.936704,1.636270,1.427067,1.621684,1.471380,1.947878,1.700333
1.942719,1.901460,1.361680,2.124551,1.561088,1.626312,2.017607,1.879229,1.350591,1.688167,1.913797
1.920291,1.840584,1.342283,1.580363,1.664674,1.626864,1.873477,2.012405,1.692197,1.510474,2.199685
1.782219,1.777108,1.746721,1.956976,1.530721,2.022256,1.958603,1.820367,1.536145,1.414284,1.970239
2.071946,1.849489,1.551708,1.681250,1.501471,1.828758,2.004843,1.803939,1.867988,1.888862,1.557447
1.754119,1.900421,1.416198,2.003491,1.122344,1.648949,1.913799,2.068485,1.545431,2.129423,1.693269
1.464529,1.603062,1.805076,1.494887,1.537891,1.849515,2.150710,1.665378,1.526786,1.880844,1.760083
1.749979,1.278389,2.025242,1.670967,1.192465,1.906524,1.656046,1.286452,1.702088,1.995863,1.876320
1.555904,1.729241,1.571766,1.584639,1.277325,1.544509,1.667601,1.803464,1.556161,1.872708,1.350379
1.603719,1.600962,1.420749,1.735923,1.711113,1.747335,1.438509,1.602360,1.520566,1.864479,1.627671
1.917807,1.291158,1.281284,1.656236,1.724969,2.062214,1.210905,2.039387,1.257610,1.585317,1.622852
1.720441,1.531994,1.519239,1.950239,1.623748,1.785459,1.263358,2.116146,1.127108,1.583937,1.414517
1.795074,1.511670,1.581097,1.610756,1.615728,1.454793,1.496505,1.985924,1.590947,1.414718,1.605636
1.525005,1.146518,1.276498,1.277343,1.397307,1.585715,1.376945,1.553700,1.157104,1.183726,1.470402
1.285974,1.538131,1.504559,1.359986,1.249254,1.608911,1.236197,1.369834,1.197640,1.374928,1.187832
1.164053,1.358960,1.477841,1.197151,1.332571,1.632861,1.598047,1.164982,1.125395,1.290967,1.308087
1.437195,1.557166,1.373660,0.994870,1.632210,1.276305,1.457665,1.340039,1.249169,1.272165,1.420717
1.301509,1.292835,1.423756,1.068235,1.467924,1.247770,1.061168,1.315434,1.401263,1.087215,1.317764
1.476364,1.315919,1.249947,1.237377,1.428797,1.271930,1.308042,1.613472,1.402728,1.504902,1.250904
1.708856,1.305358,1.349501,1.381642,1.232063,1.111261,1.255324,1.413525,1.253008,1.494621,1.208936
1.657619,1.549593,1.345761,1.435567,1.296542,1.046076,1.578099,1.106904,0.966229,1.279901,1.082846
1.326459,1.230652,1.387075,1.160255,1.373224,1.205357,1.051838,1.221204,1.235111,1.128476,0.996031
1.173727,1.330877,1.137809,1.233497,1.309281,1.173222,1.233437,1.291757,1.314924,1.525093,1.165242
1.291497,1.067053,1.101810,1.269152,1.127855,1.155718,1.397519,0.911118,1.375604,1.466066,1.306193
1.322384,0.972444,1.244287,1.265222,1.130784,0.929760,1.183470,1.229803,1.226037,1.378515,1.082246
1.585911,1.313190,1.213689,1.104736,0.997518,0.875788,1.126399,1.076277,1.128411,1.168385,0.883628
1.263116,0.942987,1.315003,0.967418,1.458281,0.934156,1.227401,1.055424,1.049586,1.356623,1.032598
1.226414,1.328801,1.217360,1.087586,1.132172,1.107636,1.207776,1.432587,1.222800,1.097956,1.024167
1.167123,0.941545,1.021047,1.111367,1.318191,1.040224,1.168599,0.934779,1.145849,1.181938,1.163028
1.162647,1.215187,1.106068,1.061497,1.187430,1.116210,1.021050,1.253045,1.281840,1.168609,0.943305
1.142644,1.271600,1.032264,1.064283,0.948280,0.890211,1.211426,1.068381,1.123685,0.993208,1.302704
1.049231,1.038592,0.828713,1.288094,1.055540,0.849742,1.032671,1.396718,1.123984,0.976587,1.187246
1.055202,1.031143,1.084924,0.824983,0.887834,0.827555,1.141862,1.012398,1.021154,0.869035,0.950281
1.158194,0.851797,1.304927,0.842898,0.803548,0.962400,0.875148,0.933104,0.843767,0.966249,0.862629
1.047735,0.774509,1.399243,0.905884,0.810456,0.782346,0.843392,1.180892,0.954369,0.919537,1.103047
1.146688,0.874726,0.927751,0.885190,1.007221,1.063845,0.875762,1.084716,1.262218,1.048906,0.793211
0.974989,0.940316,1.095016,0.930906,1.170349,1.109149,0.646847,1.021890,0.900172,0.910956,1.010435
0.861450,0.679634,0.846556,0.848897,1.201934,0.648203,0.735929,1.111999,0.972088,1.012797,0.855735
0.679734,0.733992,0.879579,0.767212,1.013198,0.859907,0.743088,1.204428,0.769643,0.610187,0.814560
0.772285,1.130353,0.965467,0.931502,0.753858,0.843591,0.772589,0.856950,0.850777,0.752378,0.755257
0.780177,0.879584,0.810508,0.775289,1.031051,0.684039,0.865651,0.928872,0.813758,0.894471,0.744854
0.906960,0.800696,0.957916,0.851824,0.916197,0.765920,0.636783,0.750836,1.052738,0.646295,0.592478
0.865854,0.756277,0.793588,0.942291,1.002199,0.818082,0.522074,0.803627,0.749410,0.781601,0.867475
0.800998,0.726735,0.864080,0.817985,0.826881,0.620388,0.582292,0.737974,0.850262,0.890583,0.933663
0.772152,0.941531,0.656465,0.763482,0.598981,0.604557,0.738130,0.614921,0.733444,0.820410,0.754433
0.977849,0.903268,0.730565,0.888166,0.983459,0.808615,0.893688,0.856379,0.830186,0.707936,0.657347
0.759821,0.812606,0.585668,0.762026,0.919723,0.970563,0.607998,0.976843,0.867872,0.690266,0.781461
0.670740,0.713304,0.672466,0.830794,0.816605,0.816507,0.692458,0.917123,0.659149,0.701508,0.737818
0.736779,0.679630,0.686218,0.719831,0.585123,0.850304,0.745840,0.905810,0.726608,0.513433,0.646337
0.910794,0.699306,0.748790,0.695262,0.593022,0.667993,0.683642,0.681845,0.842785,0.618681,0.657296
0.793675,0.600725,0.850619,0.885660,0.625609,0.767223,0.727145,0.623452,0.700081,0.636289,0.639650
0.929027,0.827260,0.807043,0.731137,0.726938,0.788211,0.533804,0.608771,0.628290,0.779343,0.591524
0.643302,0.645217,0.772030,0.608192,0.757722,0.765109,0.589754,0.692457,0.698053,0.633630,0.721369
0.650928,0.829612,0.729397,0.556281,0.795350,0.620525,0.558966,0.748246,0.653958,0.492326,0.776507
0.600004,0.755813,0.718894,0.633155,0.547507,0.439085,0.546512,0.636010,0.604941,0.459017,0.609006
0.681262,0.513557,0.438644,0.696222,0.695161,0.642876,0.629523,0.616691,0.498708,0.523241,0.611216
0.575120,0.664960,0.533597,0.571398,0.600877,0.449128,0.686895,0.617388,0.727786,0.630691,0.563755
0.656107,0.715127,0.618877,0.548709,0.687715,0.486537,0.684357,0.497390,0.705403,0.720165,0.589236
0.414612,0.614771,0.712656,0.591093,0.605909,0.430104,0.651479,0.655686,0.823909,0.686197,0.612937
0.531918,0.623126,0.628398,0.563781,0.527147,0.463747,0.448256,0.452777,0.692371,0.664051,0.542303
0.586418,0.724904,0.570199,0.528083,0.517796,0.604599,0.612718,0.614581,0.539467,0.584547,0.504275
0.576269,0.714981,0.636971,0.667071,0.520034,0.603282,0.672079,0.676359,0.633877,0.608967,0.661447
0.621376,0.528679,0.510835,0.760602,0.501084,0.488718,0.612289,0.687409,0.527185,0.645890,0.682079
0.596620,0.653219,0.697202,0.661716,0.465139,0.603124,0.723059,0.520772,0.656625,0.512358,0.590640
0.469982,0.481441,0.541311,0.666803,0.671185,0.472035,0.722183,0.666929,0.668139,0.478788,0.606186
0.636495,0.503878,0.589643,0.549678,0.582245,0.614241,0.592694,0.514153,0.580212,0.707233,0.613482
0.454992,0.457775,0.562295,0.850196,0.637560,0.607848,0.600017,0.632875,0.621998,0.557590,0.580338
0.544269,0.542449,0.587864,0.749621,0.465637,0.541665,0.689215,0.522821,0.765879,0.525074,0.525860
0.556179,0.474201,0.618248,0.695225,0.340496,0.371623,0.841471,0.427534,0.657242,0.504841,0.477386
0.536479,0.371741,0.642850,0.504180,0.496089,0.520509,0.776965,0.434682,0.500935,0.534122,0.428178
0.456729,0.451751,0.604711,0.503260,0.495436,0.469145,0.564540,0.441521,0.741980,0.566027,0.546718
0.451205,0.428088,0.576249,0.427565,0.517962,0.473941,0.659511,0.457154,0.404772,0.460366,0.459018
0.414920,0.517454,0.496508,0.551829,0.635364,0.487390,0.663688,0.548210,0.514189,0.364330,0.435110
0.535367,0.570440,0.415814,0.516578,0.445504,0.472347,0.673276,0.520502,0.425548,0.400683,0.459328
0.435684,0.566421,0.521766,0.432328,0.466535,0.601828,0.494219,0.514212,0.462807,0.457537,0.425441
0.367503,0.467243,0.399679,0.458092,0.368613,0.619187,0.515854,0.342261,0.540867,0.499849,0.503645
0.372268,0.445385,0.430282,0.401685,0.357687,0.591713,0.488770,0.476946,0.458493,0.451738,0.502240
0.454159,0.378951,0.364939,0.606477,0.412269,0.567607,0.561847,0.491584,0.498264,0.451052,0.380081
0.446154,0.444847,0.486569,0.438605,0.509492,0.553658,0.677583,0.416432,0.462310,0.456691,0.458880
0.394916,0.430422,0.447068,0.479872,0.522509,0.429740,0.572701,0.540971,0.374786,0.463157,0.477717
0.358058,0.445033,0.501650,0.541635,0.448738,0.412169,0.490138,0.452790,0.425351,0.537034,0.503851
0.399559,0.394306,0.468960,0.616558,0.435360,0.433935,0.448426,0.406944,0.487727,0.495638,0.415970
0.405885,0.377447,0.416983,0.603280,0.551636,0.403063,0.517198,0.371477,0.373398,0.569794,0.356263
0.421210,0.435658,0.480547,0.584322,0.444799,0.486573,0.526050,0.407730,0.547455,0.573790,0.400518
0.510881,0.393221,0.615609,0.550632,0.511772,0.489830,0.515041,0.474022,0.379218,0.543147,0.506926
0.441477,0.498653,0.486452,0.509227,0.406366,0.332768,0.421235,0.458812,0.492447,0.508560,0.425571
0.413074,0.320398,0.338691,0.368364,0.464444,0.419207,0.355896,0.512334,0.407122,0.348225,0.533255
0.350575,0.355716,0.317228,0.382055,0.445756,0.441672,0.451878,0.479090,0.453573,0.318659,0.545937
0.440203,0.467112,0.365685,0.304471,0.368571,0.385793,0.501527,0.438909,0.445571,0.385152,0.518289
0.392762,0.481092,0.411005,0.376933,0.498938,0.493072,0.400225,0.460355,0.451263,0.367120,0.532123
0.409155,0.615087,0.366195,0.496964,0.450707,0.346484,0.393088,0.332239,0.372956,0.371411,0.341274
0.401724,0.670098,0.336601,0.410090,0.423141,0.465083,0.457520,0.397529,0.413858,0.364256,0.449496
0.491039,0.486198,0.405245,0.441505,0.572718,0.542239,0.399444,0.359816,0.338820,0.488898,0.390980
0.381969,0.605008,0.430673,0.383019,0.541151,0.399598,0.443715,0.265740,0.424119,0.489280,0.399019
0.295369,0.454016,0.346374,0.508937,0.619773,0.336511,0.487644,0.442617,0.470718,0.501769,0.348610
0.404090,0.396471,0.315864,0.493429,0.472693,0.447596,0.555093,0.431415,0.481234,0.557784,0.431226
0.444590,0.390168,0.336578,0.403523,0.519778,0.405329,0.697052,0.302262,0.365753,0.560413,0.504121
0.373073,0.337887,0.519475,0.437311,0.451087,0.436546,0.544238,0.452431,0.421596,0.530699,0.510103
0.321515,0.352565,0.506000,0.495818,0.424984,0.295740,0.587098,0.393488,0.360628,0.385150,0.569995
0.412435,0.341427,0.576362,0.535532,0.469943,0.289340,0.535341,0.465129,0.324400,0.378692,0.444594
0.421226,0.323289,0.457991,0.476217,0.365033,0.278990,0.560429,0.553019,0.484122,0.419358,0.496628
0.590495,0.336750,0.457339,0.427546,0.380960,0.327186,0.608178,0.479838,0.420945,0.560438,0.483564
0.403138,0.327470,0.521634,0.481129,0.403640,0.433988,0.543324,0.518279,0.506156,0.647386,0.378450
0.388707,0.296060,0.567299,0.428472,0.376529,0.395173,0.573832,0.314486,0.392312,0.475415,0.368262
0.527694,0.366663,0.380055,0.519266,0.402104,0.402413,0.522002,0.332014,0.463525,0.502729,0.357170
0.505692,0.351627,0.509622,0.435876,0.441574,0.352774,0.439825,0.426627,0.472238,0.433601,0.643311
0.620538,0.357285,0.664036,0.430810,0.515864,0.443765,0.536420,0.494317,0.546491,0.512080,0.486648
0.603372,0.481250,0.607337,0.410393,0.480574,0.482492,0.447812,0.377451,0.529634,0.411374,0.535092
0.484720,0.446184,0.506130,0.362846,0.458525,0.591242,0.512393,0.396890,0.572665,0.467666,0.603936
0.467649,0.515194,0.539107,0.426125,0.597301,0.500924,0.513507,0.497344,0.594187,0.399389,0.402021
0.545124,0.581280,0.458444,0.471086,0.572992,0.461189,0.393994,0.325314,0.440357,0.464344,0.384999
0.469190,0.463312,0.476456,0.463710,0.500409,0.522731,0.462356,0.449747,0.511864,0.378976,0.436941
0.464321,0.589920,0.503221,0.461016,0.541794,0.539629,0.407894,0.507769,0.592723,0.481431,0.449973
0.556682,0.587297,0.466856,0.583556,0.421445,0.593848,0.388133,0.610185,0.530435,0.534882,0.596766
0.490696,0.501236,0.542555,0.491649,0.706479,0.389890,0.398161,0.615419,0.471131,0.486193,0.536669
0.464582,0.530479,0.449873,0.462350,0.549389,0.482431,0.408580,0.624036,0.689358,0.474546,0.549951
0.421977,0.379241,0.533193,0.470949,0.580805,0.644379,0.547449,0.513944,0.585612,0.456606,0.451834
0.412442,0.508805,0.504690,0.510464,0.666349,0.604531,0.445955,0.531939,0.432412,0.431701,0.493382
0.510378,0.528406,0.365744,0.630691,0.600285,0.636736,0.488174,0.472525,0.548306,0.516759,0.413285
0.374219,0.461004,0.468635,0.457340,0.668902,0.636238,0.501919,0.362580,0.543871,0.472694,0.433192
0.577355,0.537010,0.567459,0.290378,0.735277,0.497558,0.478373,0.457248,0.669548,0.362975,0.556459
0.657010,0.472797,0.721235,0.428070,0.605451,0.412678,0.353405,0.471704,0.675880,0.492793,0.452319
0.627124,0.553252,0.624559,0.575454,0.582449,0.457298,0.426535,0.632284,0.504747,0.452557,0.508154
0.594825,0.655268,0.570765,0.592012,0.454480,0.492080,0.505826,0.543316,0.418762,0.552858,0.490900
0.490552,0.519901,0.703720,0.581290,0.503002,0.577292,0.558175,0.547645,0.538083,0.541639,0.382640
0.573466,0.711066,0.598034,0.673564,0.527941,0.498505,0.633676,0.706452,0.626740,0.627597,0.567334
0.747158,0.601360,0.704867,0.533935,0.775874,0.401971,0.463577,0.569040,0.591185,0.659756,0.761532
0.577186,0.741068,0.612912,0.591342,0.828573,0.499123,0.502526,0.601752,0.507556,0.729217,0.517828
0.675242,0.629329,0.678836,0.479833,0.697109,0.402042,0.645028,0.627435,0.439671,0.541145,0.480662
0.750126,0.738852,0.730036,0.603864,0.694511,0.407845,0.595044,0.459630,0.392833,0.562508,0.482239
0.408523,0.511564,0.925463,0.576697,0.577470,0.551177,0.559454,0.616162,0.600638,0.471213,0.467689
0.564043,0.564118,0.600980,0.633005,0.757775,0.548665,0.770498,0.750259,0.530744,0.569937,0.609924
0.681903,0.610195,0.594695,0.702170,0.643108,0.587332,0.549892,0.815315,0.521916,0.697956,0.501868
0.764814,0.603919,0.610445,0.652870,0.618088,0.612605,0.530992,0.615575,0.506878,0.642943,0.652032
0.624624,0.891475,0.733867,0.427579,0.794260,0.727781,0.526719,0.828390,0.453549,0.694329,0.652420
0.690694,0.720664,0.701030,0.422194,0.587681,0.552048,0.466839,0.682082,0.621978,0.679911,0.925694
0.535973,0.658420,0.779700,0.556836,0.553938,0.731590,0.633779,0.699546,0.788780,0.684738,0.827523
0.591162,0.938179,0.653589,0.797590,0.569427,0.691133,0.776122,0.606183,0.662604,0.820371,0.870994
0.682959,0.613687,0.901844,0.909485,0.837693,0.643978,0.802535,0.576458,0.720292,0.579957,0.799504
0.673681,0.499955,0.805561,0.656607,0.640873,0.690140,0.833977,0.585080,0.572726,0.826012,0.701298
0.548744,0.697808,0.755680,0.532525,0.689291,0.563226,0.872980,0.668932,0.640404,0.776186,0.710757
0.650478,0.632727,0.626465,0.714689,0.728810,0.698931,0.868437,0.679454,0.634655,0.653695,0.845181
0.651447,0.763437,0.846261,0.882750,0.923067,0.738864,0.934476,0.519522,0.708217,0.638769,0.891103
0.775172,0.782110,0.887577,0.918854,1.022706,0.668159,0.689382,0.611062,0.693839,0.729302,0.900480
0.851624,0.792432,0.843152,0.807160,0.821444,0.656910,0.823621,0.651512,0.669075,0.804697,0.725114
0.836109,0.799534,1.001064,0.762061,1.080265,0.894419,1.035446,0.593523,0.742325,0.958562,0.798071
0.752229,0.796749,0.940137,0.920955,0.962118,0.863097,0.853763,0.653981,0.858572,0.906840,0.799286
0.655912,0.815697,1.044175,0.817914,0.619475,0.929431,0.880059,0.937967,0.825823,0.932502,0.932213
0.683120,0.718879,0.661206,1.009330,0.712217,0.760121,0.771905,0.862707,0.806956,0.864952,0.964213
0.713597,0.667304,0.901668,0.963091,1.075996,0.833917,0.851485,0.670469,1.038964,1.057015,0.961770
0.589891,0.805605,0.975176,0.916334,1.004619,0.796422,0.801497,0.781613,1.003184,0.836344,0.918146
1.053642,0.796619,0.849457,0.711255,1.078985,0.917236,0.932521,0.946181,0.898380,0.942290,0.719182
0.887077,0.840760,1.001399,0.657760,1.169494,0.828369,0.733802,1.098570,0.797148,1.145436,0.743219
1.042802,1.372794,0.927084,0.780468,0.928067,0.770505,1.038817,1.181549,1.014072,1.197851,0.844864
0.973248,1.164601,0.991498,0.789713,0.745493,0.902176,0.991829,1.256923,0.838604,1.014374,0.782495
0.839410,0.808030,0.912474,0.910990,0.973601,0.973010,0.965982,1.179451,0.895377,1.108595,0.870336
0.909013,1.216109,0.802920,0.923588,1.150038,1.104481,0.995878,1.267722,0.995870,0.785470,1.057180
1.241910,0.980411,0.994956,0.928119,1.231391,0.726126,0.989309,1.135281,0.741332,0.964559,1.022624
0.783983,1.246544,0.915005,0.930353,1.011900,1.039093,0.787232,1.107335,0.756658,1.262760,1.180143
0.899310,1.149184,0.804290,0.989053,1.046817,1.069143,1.021976,0.919578,1.145619,1.236101,1.248437
0.968804,1.133868,1.055361,0.934550,0.866345,1.013198,0.933162,0.761420,0.831637,1.132656,1.013860
1.411751,1.130942,0.759912,0.916881,1.053662,0.795648,1.156639,1.056986,0.909654,1.050525,1.138649
1.349157,1.227619,1.081316,0.927740,0.761338,1.041765,0.738338,1.052041,0.858812,1.307183,1.055340
1.219754,1.140477,1.146468,1.135139,1.073157,1.051365,1.055679,1.116702,0.976541,1.236362,1.332399
1.000182,1.295991,1.230687,1.050351,1.143240,1.116337,1.072598,1.378463,1.108322,1.403106,0.953323
1.362686,1.183061,1.087332,1.136078,0.995366,1.324437,0.985786,1.033347,1.375944,1.406874,1.165985
1.502566,1.381172,1.028269,0.886755,0.807359,1.274438,1.121768,1.169947,1.224732,1.474206,1.253711
1.137426,1.217171,1.052766,1.049794,0.997875,0.958425,1.232618,1.371279,1.337342,1.042332,1.458970
1.086369,1.214846,1.235484,0.960065,1.088371,1.165777,1.017214,1.432447,1.033577,1.404057,1.194211
1.103453,1.033314,1.316704,1.396789,0.971821,0.989222,0.996488,1.689670,1.026576,1.353477,0.830106
1.071343,1.395995,1.379753,1.321530,1.027627,0.979179,1.223815,1.480177,1.203017,0.996281,0.948850
1.728669,1.007045,1.426572,1.279053,1.249657,0.858602,1.143085,1.575627,0.772477,1.019327,0.981957
1.349833,1.197865,1.385688,1.204643,1.184835,0.887469,1.309306,1.417326,1.148344,0.993835,1.272060
1.283336,1.257047,1.299987,1.310193,1.225687,1.246210,1.409491,1.698547,1.161011,1.087635,1.175440
1.561368,1.404900,0.942731,1.275601,1.201274,1.392866,1.366359,1.347990,1.200365,1.265771,1.161872
1.769819,1.753932,1.381538,0.910226,1.249177,1.360590,1.021925,1.436531,0.915548,1.309718,1.442761
1.698189,1.488700,1.329461,1.195600,1.135263,1.524175,1.509103,1.513851,1.178702,1.624894,1.293342
1.647994,1.283264,1.119806,1.338650,1.422238,1.484179,1.498412,1.228913,1.467125,1.515393,1.057075
1.600796,1.435272,1.270888,1.344666,1.552400,1.559739,1.194990,1.152923,1.378562,1.286821,1.252528
1.123316,2.178985,1.518438,1.547542,1.452335,1.371544,1.305588,1.176971,1.456416,1.488659,1.579645
1.310466,1.836846,1.240931,1.503635,1.792517,2.094475,1.212683,1.710787,1.503618,1.539276,1.300127
1.615892,1.495274,1.674665,1.475550,1.805517,1.755855,1.479726,2.030002,1.580739,1.446783,1.457126
1.415752,1.359950,1.544974,1.678736,1.851104,1.630133,1.736787,1.943937,1.696323,1.320018,1.610009
1.879920,1.737540,1.371734,1.434771,1.943776,1.439608,1.477622,1.450888,1.489872,1.745691,1.299037
1.512389,2.039349,1.605993,1.738827,1.881754,1.409737,1.401403,1.457331,1.501707,1.445826,1.554776
1.545134,1.683743,1.431994,1.798759,1.555713,1.652485,1.327812,1.578015,1.611047,1.424974,1.773879
1.440354,1.571929,1.425619,1.459968,1.522138,1.799307,1.362603,1.514128,1.926294,1.456859,1.516436
1.325274,1.542750,1.415951,1.416852,1.838223,1.736111,1.114670,1.620649,1.571034,1.902945,1.445500
1.495402,1.585943,1.551701,1.778152,1.484947,1.737346,1.365586,1.618974,1.695538,1.705823,1.569259
1.063188,1.797069,1.653336,1.726236,1.738100,2.120303,1.964056,1.314143,1.685369,1.178772,1.450251
1.434533,1.475944,1.450568,1.667411,1.440235,1.901966,1.819328,1.781334,1.723120,1.882449,2.123681
1.573469,1.312644,1.490227,1.651497,1.424085,1.501646,2.125458,1.268138,1.591604,2.360972,2.249225
1.370491,1.531836,1.707844,1.423698,1.973483,1.682044,1.987795,1.449472,1.644585,1.575370,1.778227
2.167640,1.563394,1.386528,1.893861,1.943232,1.852582,2.015413,1.526097,1.679978,1.394617,1.837555
2.083990,1.332830,1.576436,1.658043,1.640475,1.780167,1.473817,1.423078,1.902997,1.657972,1.834786
1.841505,1.597382,1.877028,1.749125,1.446589,1.575780,1.943926,1.663539,1.648903,1.444500,1.854403
2.685398,1.681745,1.554552,1.928372,1.868247,1.655196,1.793184,1.731137,1.891619,1.737276,2.159691
2.769893,1.499875,1.737433,2.121857,2.049440,2.093098,2.127486,1.798125,2.012917,1.776024,2.443359
2.136330,1.700817,1.475763,1.896634,2.259782,2.090444,2.206329,2.297888,2.064177,2.101065,2.133321
2.199896,1.773137,1.404123,2.197316,1.949665,1.812603,2.394319,1.644569,2.039904,1.889061,1.781728
1.994051,1.904552,1.600337,2.086394,1.854239,2.412976,2.797632,1.736025,2.363378,1.608216,2.145127
2.122485,1.610154,1.719469,1.975163,2.087317,2.488301,2.161129,2.222405,1.919706,2.209065,2.162971
1.461205,1.584772,1.631071,2.147873,2.154659,1.460521,2.200904,1.840391,2.553283,1.891857,2.412895
1.961443,1.646823,2.183251,1.852531,2.005359,2.253059,1.573057,1.915434,2.838901,1.918840,2.534970
2.278284,2.016618,1.718558,2.050119,1.944120,1.916737,1.961974,2.544198,2.227581,2.511740,2.381865
2.245376,2.000660,1.403692,1.657080,2.207499,2.041753,1.893863,2.352822,2.232878,2.429094,2.411405
2.282359,2.298590,1.716005,1.828583,2.706518,2.595439,1.960089,2.122406,1.866350,2.632094,2.354814
2.288823,2.301998,1.806360,2.138153,2.350416,2.710397,2.377458,2.053306,1.628333,2.438229,2.599560
2.375676,1.839488,1.807337,2.186693,2.357741,2.337445,1.959011,2.444405,2.027095,2.201746,2.823739
1.656646,1.934104,1.973256,2.422229,1.795601,2.276962,2.185562,2.382359,2.176989,2.043505,2.585615
2.367957,1.662742,2.233699,2.425693,2.190583,2.528376,2.254812,2.105961,2.337335,2.579196,2.443496
2.524273,2.371213,2.297550,2.753156,2.036142,2.704757,2.705002,1.796132,2.174421,2.851142,2.536101
2.526034,2.390111,2.668824,2.110977,2.017240,2.608844,2.365341,2.523528,2.374054,2.890834,2.619758
2.911997,2.359377,2.605663,2.858352,1.843587,2.899692,2.706005,2.484729,2.515654,2.335013,2.222548
3.322065,2.026570,3.129294,2.181891,2.078828,2.595321,2.468759,2.534397,2.695341,2.305757,2.678556
2.860553,2.620016,2.562461,2.617677,1.968667,2.711111,2.319211,2.338460,2.955082,2.248623,2.594064
2.327764,2.242321,3.357204,2.847278,2.451844,2.530621,2.708293,2.907001,2.939345,2.635573,2.565168
2.494768,2.432377,2.669289,2.585776,3.010336,2.094303,1.807999,2.667670,2.576731,2.426075,1.978256
2.663056,2.339733,3.258040,2.446802,3.094507,2.138496,1.997625,2.681400,2.181488,2.611769,2.176228
2.656421,2.739192,2.648641,2.945119,2.639391,2.084159,2.601335,2.222817,2.638351,2.707627,2.139620
2.598226,2.557919,2.953869,2.569161,2.899695,1.924079,2.312572,1.994600,2.948985,3.011129,2.018354
2.342144,2.758799,2.992356,2.321479,2.661750,1.913029,2.920694,2.977904,2.734175,2.785418,2.687369
2.018705,2.530982,2.616514,3.121424,2.375797,2.047556,2.825865,3.254007,2.496393,2.422755,2.602003
2.866425,3.029051,2.763587,2.573018,2.898719,2.124680,3.002081,3.096981,2.701652,2.896021,2.720956
2.735088,2.373795,2.354723,2.449305,2.280437,2.676070,2.358799,3.456020,2.673712,2.984753,2.737566
2.728194,2.480795,2.715632,2.704749,2.245430,2.793114,3.280598,3.475376,3.225933,3.083365,3.355596
3.238429,2.841677,2.751205,2.675925,2.352530,2.634899,2.393582,2.950401,2.794118,2.745834,3.324778
2.397590,2.602988,2.470512,3.043276,2.902291,2.926593,2.358402,2.879887,3.172302,3.475675,2.743622
3.007318,2.919662,2.567267,2.917577,2.572701,2.803552,3.258762,2.539013,2.661837,3.014069,3.279216
2.171186,2.364070,2.771586,2.242293,2.891850,3.520187,3.146915,2.304426,3.042270,3.025400,3.238793
2.478419,2.688428,2.640762,2.924251,2.811833,3.016396,3.431094,2.230352,2.299948,2.976642,2.651322
2.495066,2.689286,2.904533,2.802507,3.227259,3.230664,2.858083,3.153543,2.324568,2.844261,2.435195
2.500897,2.689192,3.351617,3.166470,2.503237,2.708190,2.687215,2.710324,2.220930,2.849629,3.040078
2.937281,2.584282,3.192466,2.193098,2.140627,2.964752,2.507816,2.202919,1.947451,2.982447,2.191627
2.583660,2.832579,2.588061,2.173357,2.877563,3.229416,2.971863,2.795351,2.692638,2.898273,1.933115
2.912084,2.639198,2.524279,3.361729,2.656247,3.026191,2.854965,2.255807,2.362360,3.075272,2.682750
2.912593,3.837179,2.560289,3.383397,2.816715,2.833820,2.658065,2.824122,1.933151,2.616642,2.633837
3.463029,2.760414,2.457775,2.756302,3.382530,3.326695,3.287189,2.518695,2.662423,3.380000,2.616945
3.207883,3.196360,3.268874,3.111972,3.016781,2.490373,4.061342,2.602694,3.312499,3.250570,3.393126
3.686141,3.807811,3.298481,2.805620,2.695039,3.273921,3.778723,2.350119,2.445414,2.780794,3.252723
2.913285,3.847320,2.928816,2.436751,3.016659,3.508779,2.661065,2.381954,2.545717,2.387085,3.033537
2.908813,3.072267,2.820294,2.661005,2.999600,3.439799,3.469699,3.328497,2.972856,3.309081,2.896617
2.963156,2.900633,3.381043,3.693420,2.738358,3.097881,3.261951,2.807011,2.842626,3.136816,3.583258
2.857545,3.181401,2.457826,2.466412,2.784892,3.426769,3.037894,2.628261,2.959752,2.571226,2.941269
3.203240,3.340554,2.757928,2.945870,3.374981,3.549906,2.459810,2.589229,3.243232,2.621837,2.950922
2.577683,3.263173,2.546270,2.958272,2.933823,3.123242,2.894412,3.150223,2.364612,3.366442,3.100210
2.974228,2.957459,3.456860,3.408350,2.952625,3.296757,2.596195,2.580429,3.236414,3.374446,3.343059
3.566251,2.447900,2.583115,2.589704,2.847758,3.451971,2.808693,2.976520,3.515073,3.451729,2.747949
2.797975,2.788818,3.147724,2.936271,3.338506,3.843339,2.865496,2.463502,3.617155,3.086147,2.701071
2.807508,3.280483,2.532878,3.454806,2.904769,2.733170,3.095894,2.274348,3.701612,3.373363,3.337380
2.943955,3.014548,3.465853,4.111594,3.269091,3.003465,3.555891,3.428976,3.779461,2.973094,3.762801
3.477515,3.634183,3.213706,4.005982,3.879935,3.775617,3.312992,2.976139,3.434924,3.294629,3.631722
2.866466,3.447952,3.269384,3.546220,3.968598,3.059570,3.494800,3.228032,2.966314,3.204828,3.518485
3.329969,3.370369,2.646916,3.956391,3.740814,3.806679,3.535980,2.821997,2.825169,3.525772,3.442483
2.872358,2.951588,2.527221,3.009675,2.800342,3.162399,3.647126,3.065288,3.583089,4.021205,3.275268
3.576397,3.055685,3.168236,3.198096,3.413289,3.219674,3.424110,3.365708,3.082191,3.363393,2.822349
3.590913,3.639066,3.076512,3.208745,3.534015,3.261572,3.503921,3.645817,2.696691,3.001827,3.986680
2.820798,3.507738,3.283728,3.155547,3.452960,3.458036,3.131071,3.656411,3.690874,3.418270,2.368204
3.298421,2.755020,3.450200,3.017547,3.526826,3.954526,3.648708,3.023764,3.210225,3.358786,3.648126
3.397335,2.773819,3.068513,3.428267,3.203739,3.969308,2.887321,3.329193,3.757991,2.708678,3.334998
3.724927,3.291361,3.067265,3.155886,2.595318,3.429111,3.745816,3.116266,3.679222,2.951721,3.374406
3.736540,3.556373,2.555484,3.941297,3.835953,3.402685,3.537970,3.139699,3.403096,3.468166,2.888714
3.157979,3.606000,2.438552,2.660170,3.816025,3.682339,3.028262,2.772531,2.927676,3.453197,3.499017
3.547467,3.704901,3.147349,3.615025,3.219431,2.746704,3.060024,3.326681,3.839293,4.242791,3.313359
3.716592,3.146268,2.609260,3.079320,3.795533,3.561040,3.595551,2.721800,3.349096,3.162713,3.640506
3.453979,2.760200,3.659743,3.459771,3.201997,3.858685,2.971180,2.905359,2.773961,4.075059,3.418814
3.717636,2.683266,3.646034,2.623409,2.853810,3.580685,3.269186,3.799084,2.937549,3.047626,3.475817
3.020399,3.813517,3.630342,3.710910,3.670686,3.947271,3.331366,3.413543,4.700204,2.915055,3.912673
3.771321,3.865167,4.318226,3.549784,2.709885,5.103580,3.703442,3.413986,2.961451,3.781596,3.947710
3.796713,3.910625,3.677199,2.969487,2.937836,4.145700,3.505733,3.372104,3.761786,3.230338,3.982200
3.719121,3.836425,3.147525,3.566775,3.392685,3.951279,3.085274,3.117726,3.546393,3.717701,3.426907
3.698602,3.615485,3.516058,3.741588,4.075018,3.078482,3.781732,3.738246,3.168013,3.283086,3.832346
2.985686,3.199299,3.273307,3.794777,4.433213,3.377724,3.215596,3.569953,3.344641,4.223492,3.182795
3.301217,4.124766,3.337209,3.525352,3.422829,4.603995,3.873631,3.466946,2.672204,3.260160,2.955324
3.442568,3.762983,3.282853,3.675101,3.675980,4.039649,3.178989,3.633255,3.422293,2.496386,3.160623
2.969941,4.864388,3.606939,3.809250,3.357188,3.809663,3.135885,3.353400,2.880557,3.313794,3.752778
3.288157,3.900625,4.215794,3.522142,3.461103,4.358439,3.306712,3.849623,2.954701,2.424899,3.739784
3.689770,4.126895,3.748558,3.570437,3.279380,3.418018,3.320808,4.492720,2.979147,3.099679,3.081514
3.419254,3.563176,3.765384,3.868970,3.415665,3.669700,2.938339,3.778231,3.657776,3.552582,3.365925
3.517163,2.922448,3.633450,2.964533,3.255492,3.754260,3.952711,2.944731,3.451054,2.877264,3.293992
3.415975,3.378421,3.319232,3.059785,3.148022,3.581811,3.627508,2.969041,2.677154,3.426230,3.668531
3.372366,3.284522,3.326482,3.123291,3.016321,4.116210,3.460200,4.038111,3.306279,3.796088,4.287443
2.847361,2.815019,3.754073,3.699635,3.169576,3.322641,3.516825,3.500525,3.300306,3.317995,3.738761
3.655202,3.052453,2.987105,2.980213,3.154783,3.939103,3.625784,3.336363,3.218800,2.540321,3.948410
3.789111,4.010512,2.877348,3.822882,3.147703,2.911423,3.371440,3.987478,4.102132,2.595320,3.843675
3.144618,3.004044,3.416474,3.548404,3.381753,3.031455,2.771316,3.425944,3.842013,3.782751,4.335598
2.642709,3.284399,3.093059,3.656674,3.128459,3.563698,3.612048,3.578269,4.454522,3.427626,3.235511
3.252672,3.886055,3.740571,3.142576,3.624690,3.822910,3.905557,3.791418,3.748026,3.417888,3.504756
3.594048,4.321262,3.701951,4.120690,3.835320,3.774727,2.934672,3.686273,3.701434,3.537268,3.941471
3.753688,3.557773,3.957203,3.449883,3.841466,3.648410,3.306569,2.853030,3.451224,3.378997,3.005069
4.041585,3.580082,3.463150,4.264007,4.247517,4.173209,3.352408,3.304005,4.087864,3.265150,3.210548
3.530387,3.218000,3.786820,3.753282,3.362672,3.711789,3.242688,3.044106,3.283850,3.704045,2.836702
3.577861,4.484292,3.329431,3.630285,3.366114,3.980465,4.022970,3.213218,4.480040,3.939452,3.488603
4.118574,3.913279,3.142571,3.505044,3.171712,3.782495,3.402959,2.930812,3.885575,3.177951,3.533128
3.409726,3.496892,3.062694,4.238017,3.044486,4.005935,3.740020,2.599352,4.245109,3.589213,3.412130
3.353823,2.840900,3.809601,3.513562,3.297768,2.798085,3.345275,2.470572,3.674858,3.402180,3.388913
4.099158,2.897849,3.687140,3.756947,3.478933,2.556839,4.064618,2.537390,3.527748,3.391545,3.293002
3.268741,3.049927,3.974770,3.567635,3.447263,2.927559,2.896070,3.226312,3.537832,3.400966,3.551536
3.572526,3.858493,3.288621,3.539180,3.587063,2.866132,3.075769,3.622472,3.211525,3.332114,2.559825
2.897757,3.503802,3.569381,3.426881,3.412207,3.229228,2.568381,3.471609,3.216772,3.311697,3.556308
3.431360,3.816717,2.912791,3.362644,2.569449,3.503402,2.677243,3.523146,2.642471,3.162350,3.990653
3.879426,4.309535,3.373843,3.244793,3.300595,2.665793,3.990912,2.959063,3.612581,2.912318,3.375280
3.712675,3.660541,3.611177,2.679981,3.675025,3.314180,4.221474,3.284375,2.857343,3.105803,3.626589
3.804793,3.292343,3.228416,2.744954,3.856046,3.238856,4.295252,2.497710,3.222894,3.847291,4.353142
3.026416,3.061920,3.674296,2.684202,3.539271,3.682544,3.465067,2.689120,3.713543,3.658125,4.485358
3.509258,4.181242,2.761146,2.820088,3.177892,2.799749,3.683922,3.674741,3.573691,3.637101,3.553620
2.768715,3.168890,3.296166,3.144752,2.854352,3.774226,3.239894,3.256438,3.335522,3.193027,2.942056
3.119434,3.065417,3.311860,2.855072,2.856178,3.122324,3.229370,3.444674,3.203942,2.861490,3.476265
3.368767,3.136038,2.851393,3.882037,3.814048,2.382989,3.151615,3.625323,2.841270,3.266444,2.620261
3.804377,3.214004,2.378184,2.912057,2.763148,2.923564,3.534043,2.664083,3.100875,3.220549,3.413360
3.145436,2.453275,2.829498,2.597810,3.308548,2.924141,3.774652,3.458901,3.205922,2.379594,2.718023
3.370757,2.730580,3.564388,3.665088,2.583338,2.756252,3.553455,3.184644,3.500568,3.338348,3.893229
3.162457,3.325368,3.146081,3.248402,3.655578,3.420766,3.744585,3.936015,2.701949,2.903532,3.023141
3.705256,3.402789,2.733863,2.666517,2.572729,3.449386,3.790344,3.755022,3.021913,3.319580,3.024922
3.269987,2.834016,3.094508,3.817070,3.938905,4.018198,2.958803,3.604267,3.355895,3.837308,2.872343
3.303608,2.566305,2.725567,2.910384,3.706396,4.000007,3.062103,2.650813,2.821127,3.245389,3.000462
3.266595,3.203855,2.644901,2.932000,3.239392,3.170734,3.501086,2.628918,2.811395,3.754668,3.375121
2.253106,3.071151,2.455756,2.087810,3.302437,2.534967,2.560498,3.232472,2.772738,4.145371,2.779240
2.848512,2.743869,2.286882,2.721752,2.901066,3.418142,3.149100,3.628598,2.815342,2.673894,2.766014
3.089507,2.465705,2.440734,2.852264,3.292065,3.392087,3.541634,3.462447,3.299287,3.123309,3.521702
2.890482,2.570028,3.236464,3.669820,2.693707,3.063127,3.021484,2.753416,2.903178,3.391507,3.268495
3.197659,3.201169,3.122929,2.897334,2.545585,2.532689,2.904883,2.863497,3.239069,3.133035,3.829026
2.901538,2.802369,2.919630,3.155451,2.743709,2.515191,3.408149,3.477739,2.392368,3.040694,3.315355
2.881949,2.727656,2.948958,2.366107,3.256124,3.142572,2.157923,2.738965,3.008360,3.211620,2.680911
2.967470,2.784339,2.941035,2.759262,3.516480,3.178981,2.146871,3.655044,2.687339,2.746060,2.899866
3.003066,2.660855,3.187278,2.740474,2.660385,2.477229,2.912807,3.193244,2.894021,2.819876,3.482755
2.863525,2.712883,3.324785,3.567011,2.987416,2.362432,2.788621,2.639909,2.622500,2.966040,3.556647
2.642468,2.567137,2.651722,3.540380,2.828284,2.717358,2.135356,2.800262,3.145877,2.733033,2.665128
2.659465,2.739418,2.068113,3.704725,2.970568,3.041094,2.950414,2.889495,2.490479,3.601583,2.721365
2.529328,3.265016,2.843329,3.100895,2.870982,2.707591,2.611912,3.022996,2.360542,3.481372,3.160419
2.611000,3.474571,2.489481,2.880183,3.191524,3.176475,2.707313,3.356515,2.987782,2.383913,3.053059
2.120682,2.725022,2.487750,2.613095,2.172139,2.542278,2.559118,2.256840,2.744337,2.611852,2.787571
2.125171,2.853381,3.031287,2.239054,2.070822,2.591948,2.415793,2.674279,2.758847,2.850528,3.524086
2.652593,2.679515,2.753136,2.683098,3.293219,2.385437,2.365152,2.891824,2.403087,3.099999,2.662601
2.488036,2.668172,2.810239,2.893422,2.269047,2.717565,2.475464,3.450520,3.006264,2.549575,3.404098
2.516985,2.670154,2.043369,2.670303,2.888136,2.788647,3.080349,2.482386,2.601843,3.409347,2.721316
2.937023,2.614158,2.695837,2.399650,2.060774,3.284561,2.618174,2.739896,2.970271,2.491630,2.732974
2.720461,2.491492,2.316961,2.607243,2.550859,2.344004,2.321383,2.656408,2.662812,2.574733,2.462918
3.277589,2.490610,2.810792,2.715293,2.304644,2.077708,2.165550,2.442169,2.943082,2.877364,2.359984
2.974060,1.965112,2.839447,2.966816,2.693824,2.215354,3.054903,2.174493,2.514969,2.968681,2.829896
2.910403,2.134651,2.342908,2.785285,3.170847,2.123735,2.473429,2.455459,2.577494,2.989167,2.819711
2.749864,2.181389,1.816921,2.826716,2.923040,2.449636,2.141345,1.987559,2.349933,3.258589,3.066802
2.724020,1.868275,2.227078,3.011152,1.991311,2.722911,2.441099,2.408631,2.531463,2.677780,2.020356
2.646821,2.116260,2.790917,2.517683,2.297803,2.641371,2.528667,2.527855,2.084104,2.180366,2.159657
1.840985,2.496713,2.073793,2.441489,2.050743,2.377024,2.571666,2.651662,2.473085,2.205377,2.130808
2.189987,2.858831,1.922256,2.497533,2.543400,2.685216,2.670656,2.122949,2.568574,2.826775,2.317934
2.095414,2.341280,2.299559,2.952742,2.032760,1.921604,2.659801,2.346292,2.284267,2.028704,2.635721
2.424859,2.231907,2.308314,2.543908,2.339059,2.192907,3.030314,2.708870,2.015454,2.021936,2.205862
2.050307,2.150847,2.324864,2.502695,2.237584,2.233563,2.947741,2.172009,1.989660,1.772337,2.137143
2.209979,2.089909,2.256856,1.943110,2.008021,2.551071,2.122599,2.085936,1.813877,2.096988,2.235064
2.330395,2.331012,1.963032,1.648813,1.639317,2.649700,2.152456,2.222914,2.691446,1.764654,1.665010
2.318654,1.787626,1.952252,2.483666,2.046517,2.705020,2.286718,2.251654,1.994382,2.361701,2.511867
2.395295,2.066700,1.544357,2.552323,1.643276,2.633850,2.376064,2.050986,2.193850,1.961066,2.459697
2.287963,2.537255,2.217667,1.731390,2.009840,2.487320,2.329407,2.244537,2.298705,1.752952,1.769247
2.245962,2.148039,1.983451,2.107465,1.911884,2.125971,1.877018,1.848479,1.918072,1.766831,1.453819
2.528169,2.062966,2.085414,2.375637,1.893533,2.036899,2.227468,2.367257,1.643649,2.209668,1.796251
2.546176,2.124420,2.199953,2.543694,1.979896,1.653398,2.306765,2.103334,1.864653,2.625543,1.950319
2.367029,1.931767,1.829681,2.234409,2.038424,2.313290,1.805223,2.354623,1.931371,1.832084,1.766018
2.136464,2.196051,1.934278,1.836055,2.313155,1.905797,1.870378,2.114014,2.159461,2.167669,1.823155
1.873127,2.127664,1.884048,1.902662,1.984046,1.855872,1.840068,1.576395,1.956002,2.029325,1.936981
1.695829,1.899594,1.998781,1.890251,1.974747,2.057545,2.298625,1.632906,1.840628,1.715564,1.740588
1.921635,1.882029,1.905823,1.830429,1.885270,2.020816,2.010594,1.971589,2.292598,1.765975,1.995925
1.926428,1.895188,2.079874,1.307197,1.714359,2.038381,1.527014,1.560040,2.192864,1.623087,1.760776
1.847581,2.157073,1.826104,1.688375,1.743445,1.517950,1.863170,1.613919,2.095820,1.909600,1.720235
1.816790,1.505832,2.245042,2.055351,1.826082,1.567116,2.435592,1.652000,1.626567,1.673369,1.838850
1.966848,1.950469,2.105256,1.574182,1.749800,1.747145,2.194500,1.549446,1.904554,1.720966,1.619469
1.461192,1.633887,2.106963,1.949901,1.903333,1.872046,1.688963,1.896834,1.656877,1.630458,2.113327
1.906683,1.517712,1.939823,1.697105,1.753743,1.762028,2.062332,1.778852,1.544741,2.141490,1.515715
1.933565,1.439730,1.998735,1.759046,1.887364,1.943240,1.471120,1.575842,1.760464,1.742032,1.634577
1.434301,1.525804,1.688990,1.518457,1.428491,1.426526,1.480937,1.702182,1.875305,1.790647,1.895559
1.934524,1.263743,1.598947,1.670310,1.718165,1.431763,1.555541,1.444867,1.861880,1.889072,1.788033
1.436393,1.727698,1.601596,1.587229,1.468135,1.821323,1.598290,1.569169,1.541408,2.264612,1.442703
1.697122,1.717184,1.629743,1.296336,1.344201,1.571447,1.716912,1.645469,2.078409,1.993678,1.404686
1.815892,1.707339,1.519535,1.366147,1.863166,1.547257,1.488187,1.596858,1.959912,1.836386,1.330902
1.668360,1.758294,1.328881,1.373606,1.418220,1.823437,1.465948,1.929645,1.818362,1.361201,1.631997
1.569804,1.618122,1.531749,1.375064,1.464842,1.815580,1.232959,1.680387,1.746439,1.145916,1.692039
1.469335,1.674408,1.582357,1.304862,1.583191,1.473270,1.530662,1.467737,1.226401,1.320995,1.872796
1.631468,1.408702,1.473732,1.609672,1.719921,1.758661,1.710030,1.413678,1.366234,1.301413,1.597974
1.452559,1.639165,1.413615,1.585202,1.636105,1.564794,1.461374,1.546869,1.268685,1.201617,1.892192
1.648372,1.548649,1.412067,1.370005,1.376661,1.254384,1.663625,1.331050,1.744524,1.366567,1.652509
1.549764,1.287322,1.249626,1.235348,1.507271,1.630596,1.429638,1.468477,1.476481,1.458164,1.487682
1.496306,1.309893,1.503574,1.692816,1.221279,1.330530,1.243905,1.563295,1.513087,1.367806,1.374483
1.390272,1.272420,1.473636,1.283698,1.273309,1.477248,1.184769,1.182036,1.539975,1.551939,1.350467
1.466636,1.069899,1.869558,1.384836,1.190169,1.235689,1.430813,1.443710,1.583294,1.561441,1.612095
1.208184,1.124088,1.491212,1.406855,1.099371,1.114881,1.509327,1.317161,1.225238,1.493914,1.157404
1.374661,1.381807,1.286730,1.522531,1.291685,1.080409,1.266120,1.062630,1.316004,1.318861,1.321475
1.325680,1.088106,1.366085,1.136291,1.119442,1.116311,1.388957,1.407841,1.408962,1.460945,1.266653
1.244373,1.282754,1.147399,1.317257,1.336502,0.897879,1.485292,1.301594,1.068080,1.632222,1.116764
1.187006,1.556535,1.209033,0.946745,1.289710,1.264059,1.267749,1.600012,1.170945,1.593536,1.168398
1.214905,1.195037,1.083737,1.047849,1.225360,1.159891,1.571141,1.148703,1.166534,1.251030,1.170443
1.068511,1.164609,1.180878,0.902970,1.202044,1.122537,1.156571,1.411160,1.028569,1.181623,1.118904
1.177103,0.994453,0.949102,0.856547,1.229035,1.000700,1.326153,1.166673,1.454858,1.165640,1.083741
0.802766,1.120811,1.147327,1.009401,1.060052,0.994529,1.144621,1.079182,1.256090,1.158484,1.224366
1.258443,1.093662,0.869135,1.199903,1.242177,0.798114,0.987053,1.137991,1.533118,1.107569,0.902249
1.162124,1.086640,0.904630,1.173308,1.216081,0.887822,1.042320,1.000986,1.280880,1.199052,1.320665
0.961295,1.420533,0.995450,1.549418,1.319128,0.889318,1.013782,0.656444,1.085934,0.941161,1.238994
1.437393,1.205903,0.937931,1.079321,1.251799,0.746387,0.901353,0.871186,1.352515,0.971234,1.043259
1.108388,1.189194,0.785549,1.036016,0.939835,0.728778,1.090573,0.958949,0.926696,0.915618,1.005477
1.136535,1.109945,0.967901,1.176547,1.096988,0.969169,0.873760,1.052897,0.790489,1.067265,1.413983
1.105493,1.176362,0.812951,1.001391,0.885273,0.675021,0.958964,0.860995,0.793830,0.859338,1.072936
0.844995,1.037584,0.721795,1.033207,0.722850,0.836206,0.970317,1.109811,0.941801,1.005232,1.155682
1.065380,0.812160,0.961858,0.781966,0.883028,0.932967,0.858812,0.988111,0.746462,0.923310,0.946090
1.094081,0.795270,0.703510,0.639411,0.809900,1.018849,0.936695,0.908060,0.947519,0.992213,1.015485
0.966187,0.773508,0.854027,0.755711,0.817559,0.675685,0.923753,0.715498,0.905754,0.890507,0.924245
0.855215,0.854730,0.736370,0.698806,0.948448,0.989953,0.680431,0.726740,0.866995,0.950663,0.668088
0.811687,0.910823,0.691038,0.818703,0.729565,0.884997,0.849548,0.839647,0.878314,0.761755,0.641451
0.722323,1.111757,0.787864,0.859304,0.801428,0.917412,0.823819,0.797667,0.780856,0.893858,0.981993
0.785100,0.747251,0.832605,1.011886,0.719156,0.752221,1.020862,0.541289,0.651030,0.857385,0.747421
0.741290,1.048782,0.925046,0.940716,0.803787,0.953217,0.716241,0.642552,0.790234,0.783091,0.641095
0.895737,0.784554,0.814449,0.800333,0.752091,0.827361,0.842926,0.892386,0.767092,0.736417,0.679698
0.781746,0.832941,0.851112,0.791590,0.639148,0.790373,0.747897,0.841490,0.762993,0.856772,0.746653
0.692454,0.833837,0.959865,0.648533,0.822081,0.919072,0.589310,0.923429,0.759808,0.776164,0.742209
0.605318,1.197343,0.746888,0.759820,0.870482,0.689113,0.662166,0.788354,0.827314,0.626202,0.778359
0.674691,0.911836,0.755525,0.741678,0.819338,0.780953,0.496393,0.745943,0.825819,0.532099,0.611230
0.707057,0.826150,0.712943,0.748390,0.567492,0.683469,0.629560,0.579564,0.756616,0.630331,0.587537
0.772276,0.959595,0.873121,0.628761,0.541371,0.692330,0.607583,0.514031,0.880655,0.685842,0.701389
0.689072,0.772039,0.721876,0.716704,0.539809,0.806257,0.488536,0.594975,0.842565,0.766511,0.664902
0.627423,0.830236,0.782771,0.778331,0.522967,0.774474,0.749242,0.688771,0.720937,0.527088,0.669368
0.523301,0.560486,0.713098,0.793111,0.497894,0.668561,0.564131,0.594420,0.509252,0.684655,0.655157
0.576212,0.749454,0.677405,0.633273,0.399173,0.574674,0.604262,0.614901,0.484806,0.662270,0.563737
0.700891,0.703951,0.531900,0.659049,0.545737,0.594493,0.629493,0.563072,0.658547,0.688242,0.766017
0.827771,0.741357,0.667621,0.524708,0.627862,0.591583,0.665817,0.531874,0.689756,0.732467,0.703726
0.592472,0.889849,0.706135,0.614523,0.658707,0.408190,0.574830,0.617938,0.591602,0.763187,0.787824
0.716959,0.706319,0.616658,0.464833,0.600393,0.629760,0.615034,0.561214,0.580276,0.765151,0.762223
0.713382,0.679453,0.542778,0.489691,0.482815,0.525696,0.589704,0.705270,0.635381,0.574096,0.766366
0.640864,0.733023,0.526340,0.597139,0.576195,0.705277,0.482071,0.601013,0.517374,0.665287,0.531368
0.739235,0.636476,0.563314,0.565119,0.518370,0.682744,0.528795,0.537156,0.505855,0.557934,0.570026
0.603023,0.540427,0.577926,0.479349,0.632418,0.730491,0.732729,0.540047,0.386503,0.549180,0.489531
0.552120,0.565207,0.386744,0.585100,0.512684,0.715491,0.545096,0.624485,0.371770,0.609987,0.604035
0.484364,0.469961,0.434744,0.491985,0.525355,0.637882,0.541194,0.645347,0.388810,0.589379,0.588634
0.556034,0.480872,0.494437,0.446235,0.421319,0.584366,0.588617,0.701659,0.602589,0.541590,0.538107
0.649197,0.620940,0.462761,0.471571,0.547243,0.590636,0.712251,0.470288,0.428016,0.521623,0.572210
0.506267,0.495191,0.466955,0.611641,0.611454,0.720651,0.569257,0.694893,0.522376,0.525913,0.631441
0.528644,0.360624,0.517889,0.483413,0.542998,0.565834,0.511422,0.476053,0.500529,0.483210,0.462676
0.392880,0.535189,0.592104,0.564148,0.525357,0.825048,0.429915,0.601085,0.555937,0.559554,0.489975
0.548971,0.526290,0.563143,0.412363,0.680842,0.689002,0.397115,0.567958,0.709663,0.410201,0.512375
0.465707,0.504950,0.508359,0.390338,0.520805,0.590336,0.322155,0.597023,0.670868,0.549071,0.477485
0.459512,0.533453,0.540016,0.405861,0.402960,0.385980,0.377210,0.613179,0.683330,0.441582,0.514356
0.435843,0.535768,0.505716,0.446743,0.490681,0.466847,0.473530,0.573306,0.572781,0.608645,0.514241
0.354053,0.471795,0.364835,0.506021,0.499651,0.495510,0.476845,0.455203,0.456762,0.487166,0.564570
0.549803,0.529882,0.383352,0.537787,0.553910,0.454891,0.523256,0.448123,0.545513,0.586048,0.414849
0.503700,0.461859,0.495736,0.600210,0.555204,0.531475,0.516064,0.530103,0.456567,0.530684,0.406783
0.488198,0.461280,0.539369,0.552859,0.583742,0.520782,0.519556,0.523687,0.477472,0.583668,0.408289
0.526263,0.341431,0.512320,0.377989,0.511663,0.529374,0.497265,0.623915,0.492953,0.473015,0.456693
0.409529,0.330293,0.592491,0.416735,0.468810,0.437511,0.370782,0.421472,0.414898,0.508973,0.450866
0.419002,0.370859,0.547157,0.438913,0.377548,0.533255,0.461435,0.435891,0.357602,0.509181,0.456431
0.347441,0.399904,0.628413,0.410695,0.322982,0.524061,0.495097,0.417420,0.370670,0.404546,0.592724
0.481173,0.273996,0.529686,0.533436,0.305595,0.442810,0.526992,0.439097,0.311698,0.594656,0.470914
0.472683,0.388903,0.552755,0.489630,0.374645,0.530300,0.454558,0.390253,0.386395,0.498194,0.442555
0.484688,0.433812,0.590825,0.372932,0.439166,0.360813,0.436991,0.391466,0.508418,0.555537,0.379428
0.529347,0.315080,0.431001,0.430297,0.454266,0.441256,0.545179,0.443169,0.521889,0.432041,0.406480
0.546185,0.295277,0.418201,0.490180,0.451659,0.422498,0.380192,0.496851,0.536047,0.491077,0.487087
0.421827,0.298824,0.403492,0.423545,0.392888,0.471217,0.441932,0.426937,0.444506,0.415082,0.421200
0.335223,0.366094,0.274238,0.342872,0.467703,0.484660,0.325624,0.410491,0.397210,0.455259,0.551067
0.432132,0.414386,0.371527,0.356529,0.516638,0.367250,0.382811,0.449388,0.427468,0.515692,0.439730
0.305053,0.301607,0.477687,0.409275,0.453846,0.418561,0.408408,0.406782,0.480509,0.485142,0.385487
0.388237,0.374505,0.371238,0.443152,0.546656,0.426869,0.348348,0.424364,0.474850,0.480119,0.317164
0.370619,0.389064,0.357721,0.414040,0.613970,0.376320,0.449244,0.303239,0.426277,0.457118,0.514001
0.479196,0.313592,0.372340,0.475565,0.440141,0.306828,0.403808,0.416600,0.491970,0.461909,0.410331
0.491916,0.455369,0.388939,0.556851,0.436248,0.400226,0.376156,0.456203,0.493650,0.410706,0.341174
0.460260,0.455887,0.419841,0.426909,0.540667,0.444007,0.383971,0.501464,0.417748,0.317096,0.341909
0.425252,0.451013,0.352460,0.406613,0.465610,0.444944,0.312007,0.595845,0.471873,0.357817,0.323373
0.536484,0.468238,0.323530,0.333069,0.397357,0.522251,0.315103,0.437260,0.425741,0.386531,0.471500
0.371784,0.474049,0.451655,0.379885,0.482705,0.389377,0.296251,0.518345,0.532435,0.433055,0.462226
0.418847,0.468562,0.400667,0.376969,0.387752,0.506779,0.390160,0.656957,0.386971,0.396373,0.408432
0.315420,0.482374,0.516377,0.531816,0.423090,0.469382,0.422634,0.500933,0.432967,0.300973,0.386438
0.395755,0.352667,0.501981,0.450453,0.486427,0.427981,0.304561,0.483841,0.492824,0.351320,0.357632
0.408913,0.351094,0.429846,0.538611,0.476894,0.492550,0.359896,0.486864,0.501666,0.493510,0.410593
0.399097,0.480892,0.339563,0.573002,0.519479,0.436818,0.364968,0.494556,0.537166,0.372310,0.434270
0.512766,0.355702,0.416174,0.560963,0.527674,0.407168,0.385823,0.486742,0.480956,0.451724,0.409003
0.555364,0.404740,0.517976,0.455645,0.484997,0.446949,0.401738,0.508171,0.499012,0.436876,0.520161
0.591193,0.529580,0.407387,0.417638,0.509930,0.431511,0.500058,0.400495,0.426496,0.403117,0.465609
0.594809,0.278848,0.526369,0.398437,0.372609,0.392458,0.409269,0.413976,0.397397,0.476218,0.449751
0.539324,0.440170,0.449054,0.419986,0.455413,0.319253,0.396909,0.480884,0.434159,0.491258,0.459911
0.535219,0.337061,0.357315,0.484670,0.514767,0.399835,0.515411,0.475855,0.427956,0.487513,0.580243
0.596657,0.370392,0.404342,0.441019,0.606977,0.415268,0.450010,0.462550,0.389038,0.410640,0.632188
0.541727,0.458768,0.452350,0.456017,0.542795,0.320994,0.448925,0.413590,0.351080,0.472997,0.632269
0.473838,0.495782,0.429179,0.506332,0.536769,0.403884,0.518768,0.564097,0.436647,0.417649,0.498439
0.436606,0.432788,0.473407,0.471253,0.466581,0.412111,0.583152,0.487456,0.489869,0.490686,0.532433
0.506709,0.286539,0.471820,0.526410,0.482629,0.301331,0.439360,0.460830,0.466806,0.521927,0.611447
0.454303,0.335922,0.413905,0.655617,0.545355,0.448735,0.475325,0.452307,0.442602,0.557161,0.542795
0.425555,0.532480,0.420114,0.596061,0.630583,0.452275,0.576535,0.412397,0.338838,0.437100,0.433627
0.508470,0.573119,0.495458,0.517473,0.504529,0.442395,0.509921,0.456927,0.450315,0.524047,0.561456
0.569998,0.461142,0.614140,0.596461,0.513623,0.501537,0.644954,0.499297,0.451063,0.760874,0.410621
0.547213,0.664454,0.723022,0.545563,0.416982,0.547167,0.520283,0.543838,0.591884,0.617898,0.445219
0.616945,0.491513,0.473789,0.468964,0.476013,0.458811,0.743057,0.488031,0.501904,0.507705,0.493487
0.444868,0.392721,0.631752,0.472307,0.509205,0.421315,0.539793,0.649467,0.741678,0.639177,0.467977
0.587876,0.537365,0.586242,0.461567,0.506777,0.488676,0.612851,0.449360,0.576266,0.587858,0.374738
0.772787,0.441221,0.688304,0.507308,0.586934,0.690446,0.444284,0.650052,0.664519,0.545993,0.456928
0.676465,0.615056,0.537282,0.473586,0.584990,0.635669,0.420275,0.821531,0.633138,0.661691,0.532830
0.657538,0.549230,0.655275,0.629018,0.491615,0.617214,0.428631,0.894308,0.547657,0.503610,0.529128
0.615585,0.673887,0.782111,0.478967,0.562712,0.579414,0.607597,0.679268,0.584710,0.867241,0.578802
0.463850,0.646666,0.562573,0.484712,0.659066,0.701914,0.479259,0.658392,0.619851,0.675236,0.602750
0.622670,0.634835,0.639714,0.361678,0.575237,0.514380,0.483717,0.754074,0.710007,0.829863,0.474538
0.655473,0.563854,0.708557,0.420606,0.719343,0.598834,0.649812,0.573328,0.698895,0.711279,0.478632
0.607378,0.579392,0.648728,0.469018,0.642611,0.620145,0.625477,0.650342,0.660333,0.716262,0.599212
0.559582,0.668302,0.481951,0.659557,0.524927,0.540544,0.554344,0.562139,0.745465,0.663241,0.553893
0.714526,0.537550,0.728784,0.597892,0.689734,0.405309,0.674926,0.555713,0.647730,0.679057,0.706619
0.925764,0.627951,0.795379,0.541660,0.488325,0.610424,0.722643,0.707059,0.574110,0.678213,0.911086
0.857175,0.718778,0.563954,0.559467,0.697031,0.738947,0.742288,0.573921,0.587734,0.602490,0.721261
0.613143,0.663226,0.764210,0.646816,0.687027,0.618684,0.701863,0.565266,0.541478,0.582096,0.597049
0.697498,0.693825,0.926186,0.557463,0.685428,0.566334,0.648233,0.723035,0.571396,0.794257,0.741529
0.784857,0.696794,0.985158,0.522594,0.773417,0.534115,0.771326,0.772920,0.549009,0.767216,0.587167
0.708058,0.795284,0.842764,0.635799,0.678379,0.769241,0.857565,0.820312,0.589391,0.772997,0.830959
0.801460,0.690798,0.890241,0.650993,0.528416,0.459549,0.828829,0.826320,0.485759,0.768238,0.936502
0.769389,0.766845,0.644533,0.710422,0.700561,0.595372,0.776627,0.780844,0.620138,0.746372,0.844358
0.633653,0.683816,0.656649,0.711321,0.687563,0.585331,0.737228,0.762433,0.542146,0.673836,0.567262
0.654369,0.787449,0.577994,0.623627,0.496248,0.652807,0.553736,0.614679,0.676181,0.640035,0.889630
0.851542,0.829896,0.554721,0.933292,0.845447,0.859483,0.680752,0.703735,0.605084,0.680946,0.779999
0.626250,0.615587,0.686344,0.847206,0.872905,0.780499,0.761045,0.770463,0.694249,0.761652,0.851808
0.866908,0.700596,0.667761,0.919554,0.902030,0.703851,0.568943,0.580637,0.704406,0.727922,0.954744
0.832220,0.910879,1.039307,0.859650,1.033827,0.893140,0.534101,0.704796,0.745102,0.746397,0.850597
0.818132,0.875221,1.127703,0.757472,0.793265,0.813611,0.680450,0.827601,0.895542,0.548727,0.738829
0.887719,0.874816,1.039456,0.787528,0.701307,0.733580,0.580147,0.671143,0.736784,1.018318,0.679852
1.050691,0.861312,1.001091,0.860964,0.958217,0.983652,0.647324,0.767795,0.900900,0.887949,0.858689
1.088392,0.781797,1.016571,0.886922,0.863870,0.994692,0.956917,0.966863,0.702403,1.013451,1.125777
0.866790,0.851796,0.970647,0.870812,0.961025,0.793712,0.775898,0.812961,0.955914,0.971286,0.859268
0.741772,0.908368,0.973550,0.828271,0.850994,1.052328,0.874959,0.908925,0.821651,0.905626,0.888310
0.978247,1.016217,0.853050,1.138571,0.938011,1.124370,1.025912,0.810082,0.862985,0.988277,0.917712
1.012477,0.706127,0.923082,0.760545,0.944984,0.848186,0.808068,1.150118,1.023023,0.958794,0.759221
0.809037,1.072863,0.957002,0.711363,0.858665,1.027823,1.013746,1.207073,0.858097,0.945313,0.821953
1.040197,0.933550,1.158401,1.031879,1.011813,1.082628,0.825640,1.131588,1.039266,1.226586,0.910255
1.029950,1.054180,1.253095,0.809841,0.830633,1.022864,0.982783,0.981360,0.982100,1.173548,1.198163
1.232046,1.182592,0.977884,1.089062,1.122980,0.974859,0.775494,1.390547,0.710399,1.220915,1.038892
1.278420,1.139684,0.899805,1.352891,1.063704,0.824692,0.974809,1.060306,0.806068,1.318161,0.885621
1.374393,1.357767,1.034030,1.207794,1.181494,0.937587,1.033822,1.132659,0.948270,0.997460,1.164307
1.105608,1.380386,0.920214,1.282053,1.097848,1.045088,1.219635,1.212374,1.238766,1.087796,1.140088
0.986228,1.008645,1.060962,1.228829,1.052176,0.969219,1.084695,1.154498,1.200587,1.050855,1.011904
0.985002,1.179241,1.114972,1.032927,1.220049,1.005230,1.028203,1.024852,1.255550,0.855728,0.953917
0.871642,0.824367,1.043435,1.145927,0.845709,0.914594,0.861966,0.955628,1.270433,0.831140,0.919764
1.194256,0.914316,1.018820,1.100348,1.241129,1.304728,0.944418,0.907044,1.369486,1.147250,0.910044
1.292871,1.100213,1.134473,1.054787,1.008089,1.003778,1.153277,0.819480,1.094528,1.240154,1.239294
0.977336,0.946253,1.336322,1.226287,1.146565,1.066452,1.119384,1.184496,1.277112,1.161151,1.375315
1.153521,1.066452,1.518887,1.085065,1.179530,1.344948,1.612267,1.180350,1.319252,1.183641,1.332484
1.490057,0.994324,1.514843,1.037156,1.469141,1.068553,1.549241,1.303385,1.799295,1.057012,1.316411
1.451426,1.104659,1.399611,1.531176,1.455934,1.134046,1.596977,1.440767,1.354704,1.522003,1.077470
1.156590,1.096682,1.499594,1.304843,1.363348,1.227158,1.642452,1.232796,1.535259,1.334899,1.350599
1.255954,1.423972,1.533795,1.213504,1.394345,1.224240,1.477567,1.143644,1.450229,1.129737,1.458888
1.661685,1.466119,1.619637,0.997585,1.497590,1.040311,1.419818,1.242476,1.421489,1.252979,1.429605
1.643120,1.600010,1.235280,1.264887,1.387671,1.049686,1.296769,1.500950,0.962335,1.035842,1.368264
1.496084,1.378283,1.438758,1.441664,1.214946,1.497187,1.312581,1.291218,1.182479,1.490954,1.249419
1.520168,1.679080,1.314910,1.423733,1.123640,1.690416,1.212115,1.247913,1.313179,1.573384,1.340805
1.311549,1.505193,1.107357,1.901672,1.263817,1.656085,1.210158,1.212592,1.076875,1.358048,1.413565
1.373907,1.670694,1.366890,1.570599,1.161949,1.177769,1.777832,1.631941,1.011958,1.458271,1.849240
1.399491,1.788355,1.470908,1.977471,1.644548,1.602022,1.232266,1.541936,1.519342,1.456532,1.636953
1.979941,1.698686,1.387052,1.840670,1.599575,1.237249,1.280181,1.638562,1.709863,1.522264,1.523404
2.014759,1.836833,1.587297,1.684834,1.088523,1.623991,1.343533,1.708074,2.202181,1.447187,1.399412
1.741062,1.715079,1.585342,1.232262,1.372179,1.693716,1.469170,1.571566,2.053207,1.908844,1.562207
1.806589,1.846229,1.521989,1.544038,1.290451,1.654884,1.870386,1.438761,1.637615,1.572780,1.784762
1.598913,1.356986,1.777871,1.421373,1.694291,1.735645,1.564690,1.383083,1.385888,1.238998,1.736197
1.739115,1.461039,1.652646,1.692765,1.749416,1.409347,1.436089,1.339538,1.512244,1.224737,1.816256
1.413680,1.204084,1.784535,1.487484,1.454751,1.649220,1.792607,1.433207,1.391015,1.301467,2.012613
1.762334,1.478392,1.635352,2.148867,1.739825,1.320294,1.416086,1.390566,1.379064,2.004493,1.709382
1.830584,1.254040,1.812192,1.557343,1.562001,1.419072,1.596895,1.193839,1.618138,1.509029,2.044386
1.730939,1.479747,1.554383,1.687492,1.850733,1.666159,1.796636,1.447035,1.513650,1.613061,1.870756
1.643476,1.464112,1.511296,2.050499,1.974113,1.596972,1.678184,1.568106,1.826495,1.750597,1.625072
1.824676,1.639107,1.954820,1.505712,1.559522,1.358673,1.975657,1.314602,2.011883,1.536867,2.019937
1.766005,1.660837,1.704669,1.594893,1.566951,1.828943,1.586972,1.293613,1.689565,1.732572,2.002957
1.549449,1.441058,2.353539,1.431593,1.838212,1.722806,2.079250,1.341412,2.075116,1.950522,1.881919
1.564733,1.711271,1.790120,1.590196,1.984797,1.723321,1.911241,1.758509,1.683440,1.804237,1.786961
2.292175,2.028964,2.294454,2.171457,2.088392,1.841944,1.870340,1.827355,2.541602,1.894451,1.379785
2.219295,1.845621,2.331777,2.076610,1.998228,1.702411,1.479813,1.298728,1.888415,1.310585,1.934407
2.037894,1.870534,2.542574,1.890045,1.904449,1.705596,1.747652,1.585246,1.918381,1.734792,1.755959
2.280848,1.725653,2.241602,1.598178,1.890230,1.960816,1.976885,1.958459,1.467493,1.957619,1.644249
2.358514,1.696662,1.923935,1.427075,2.124409,1.932426,2.287408,1.658045,1.678962,1.579829,1.860710
2.249307,1.715570,2.161999,1.693634,2.405303,2.648459,2.489598,1.862033,1.961408,1.706835,1.918531
2.374830,2.283708,2.168252,1.896617,2.174192,2.256195,2.841169,2.154999,2.041361,2.129409,1.886638
2.436347,2.322322,1.997616,2.477613,2.366393,2.281158,2.295288,2.102082,2.195139,2.294330,1.724185
2.303148,2.148808,2.127068,2.405902,2.085988,2.095416,2.507067,1.995134,2.070298,1.961127,2.187120
2.379407,1.884230,2.158610,2.481343,2.244282,1.977969,1.941868,1.955877,1.850602,1.770978,2.316254
2.774746,2.126084,1.849719,1.957430,1.910333,2.297968,2.700150,2.086123,2.230807,1.870777,1.892468
2.214590,2.404997,2.269364,2.193593,2.098606,2.056199,2.095028,1.746849,2.009180,1.693694,2.602404
2.926972,2.602175,1.887028,2.141629,1.593239,1.618455,2.403822,2.297671,1.774890,2.168104,2.006527
2.268125,2.692623,2.340106,2.278722,2.220808,1.812577,2.070219,2.071799,1.624945,1.901896,2.013991
2.297459,2.339455,2.099865,2.408586,1.981444,2.019992,2.061753,2.552314,2.413953,2.638221,2.119187
2.408090,1.898460,2.082977,2.119231,2.141586,2.080563,2.038644,1.876526,2.041142,2.820849,2.683027
2.568456,2.362363,2.283413,2.074036,2.080732,2.058712,2.100563,2.129806,2.104644,2.141770,2.634459
2.180423,1.891229,2.309719,2.835333,2.230622,2.561375,2.574799,2.008994,2.473879,2.901699,2.949989
2.240070,1.890861,2.761507,2.514763,2.866289,2.562870,2.167756,2.416503,2.634518,2.720327,2.060607
2.129224,1.912941,2.511980,2.337942,2.789638,2.149425,2.317288,2.544157,2.510169,2.802967,2.008790
2.336368,2.264748,2.528527,2.295956,2.219515,2.319514,2.873865,2.774055,2.660607,2.157696,2.571626
2.280903,2.028899,2.713226,2.825992,3.132166,2.410420,2.007767,2.861167,1.979412,2.065449,2.792503
2.406569,2.347415,2.497741,2.747822,2.404546,2.070707,2.054777,2.374856,1.813727,2.673426,2.314825
2.302871,2.022196,2.357857,2.718474,2.504778,2.223466,2.553343,2.304309,2.232377,2.575518,2.875319
2.842405,2.581312,2.505969,2.984855,2.349318,2.117059,2.367043,2.249206,1.892789,2.451555,2.530349
2.133765,2.383607,2.785150,2.923654,2.082789,2.660869,2.466814,2.274021,2.700661,2.890034,3.085940
2.251014,2.528800,2.745777,2.784172,2.315454,2.457539,2.740267,2.057423,2.379681,2.503228,2.176526
2.477645,2.287010,2.717634,2.299205,2.124129,3.013944,2.747264,2.799879,2.277322,2.540541,2.599274
2.477620,2.576985,3.112540,3.202105,2.706216,2.091199,2.965250,2.538745,2.387533,2.418522,2.617541
2.642536,2.652914,2.973921,2.882100,2.686618,2.476941,1.992023,2.464757,2.341030,3.009065,2.543345
2.755132,2.277543,2.487321,2.932129,2.550000,2.681561,2.398775,3.039196,3.055926,2.686290,2.395500
3.038231,2.791056,2.836879,2.654782,2.597163,2.417186,2.633393,2.928957,3.207991,2.751213,2.451008
2.741582,2.741063,2.748902,3.030584,2.327419,2.636128,2.852405,2.911201,3.028074,2.973476,3.066845
3.193434,2.826047,2.913921,2.856361,2.566487,2.660386,2.981159,2.972815,3.365689,3.293904,3.052354
2.812471,3.068774,2.552457,2.797535,2.897311,2.683565,2.521629,3.025337,2.960631,2.879013,3.102508
3.360281,3.186552,2.620606,3.253047,3.491295,3.014471,2.667669,2.054802,3.002365,3.034781,2.459476
2.970001,2.532508,2.793713,2.640821,2.552980,3.089757,2.707114,2.547094,3.791572,3.756236,2.585665
2.631030,2.925877,3.019872,3.162200,3.031018,2.983036,2.385881,2.926018,2.455984,2.982058,2.365528
2.619102,2.408854,3.667396,2.801639,3.176203,2.947757,2.519303,2.949734,2.827207,3.157097,2.541689
2.205683,3.322653,3.833183,2.454514,3.322804,2.538139,3.059936,3.283995,2.587925,2.912221,2.834828
2.444331,2.523908,2.598681,2.503017,3.134088,2.967577,3.163436,2.931832,3.484019,3.435906,2.488342
2.507375,2.798777,2.325104,2.948593,3.275420,2.920186,3.287146,2.712564,3.722416,3.365421,1.761648
2.735452,3.463246,2.120080,2.814089,2.963658,2.949687,3.550767,2.644605,3.302024,2.384284,2.750298
2.969014,3.239683,2.630243,2.666461,2.407141,2.980661,2.564601,3.482748,3.501598,2.705638,3.262259
2.890287,2.917493,2.775130,2.650803,3.041462,2.956126,2.433614,2.656785,3.391475,2.618676,3.337524
3.071325,2.270645,3.100978,2.874641,3.230528,2.993507,2.348445,2.532460,2.964994,3.637268,3.490620
2.490712,3.268046,2.980991,3.191026,3.063746,3.430824,2.568974,3.109238,3.111597,3.225253,3.198949
2.912652,2.463600,2.866959,3.179493,3.002576,2.749323,2.753094,2.563594,3.193088,2.628890,2.963565
2.983338,2.265908,2.631091,2.701785,2.617776,2.414287,3.031428,2.529670,2.827288,2.156527,3.320712
2.679787,2.978569,3.143674,2.795814,2.792172,3.452873,3.185672,3.077412,2.769156,2.494708,3.415098
3.055466,2.324615,3.000132,3.115124,2.940379,3.556237,2.649933,2.430660,3.545304,3.504961,2.573138
3.088030,2.670597,2.543681,2.920690,2.661345,3.273410,2.716401,2.868913,3.037938,3.013239,2.957888
3.069051,3.018586,2.345704,2.909233,3.111494,3.179158,2.271079,3.025188,3.296836,3.389432,2.750422
2.720777,2.708893,2.771036,2.644513,3.366902,2.698585,2.079255,2.428128,2.460810,3.169637,2.427187
3.548536,2.884079,3.268825,3.516250,3.020381,2.943111,2.753200,3.138422,2.884089,3.292527,2.919508
3.599333,3.518373,3.606157,3.109501,3.015854,2.646555,3.370771,3.188577,2.777923,3.662726,3.385970
3.204669,3.576930,3.250402,2.354635,2.978626,3.075709,2.717130,2.579364,3.284795,2.545029,3.550292
3.754154,3.077186,3.015139,2.790125,3.488066,3.234650,2.611949,3.435280,3.580769,3.957800,3.391707
3.282605,3.178472,3.419075,3.190752,2.460461,2.978599,2.814468,3.171149,3.279363,3.963690,3.269036
2.987154,2.496594,3.405135,3.848650,2.729354,2.869639,3.334091,3.579520,2.429668,3.196905,3.769912
3.662407,3.892040,3.265805,3.197114,2.879763,3.063869,3.064140,3.728220,3.446958,3.696218,3.670782
3.774794,2.889792,2.901138,3.460924,2.504855,3.235942,3.201275,2.913199,2.792276,3.683277,3.657054
3.939912,2.959514,3.052829,4.122055,2.856498,3.708305,4.106074,3.140582,3.123053,3.070858,3.278342
3.818642,3.762556,3.648520,3.429025,2.706896,3.074420,4.016455,3.131201,2.871831,3.830141,2.596889
3.372746,3.102445,3.965353,3.047599,3.080168,3.465216,3.601033,3.017476,3.723041,3.272679,2.693334
3.001745,3.135675,3.373440,2.817171,3.135679,3.064015,3.903185,2.926529,3.075756,3.910076,2.570233
3.160634,2.735873,3.211318,2.939964,3.182580,3.766237,4.231676,3.190510,3.261522,3.401081,2.677686
2.814820,3.435577,3.328223,3.189176,3.051520,3.537534,3.464475,3.607250,3.399318,3.149247,2.688065
3.340660,3.478832,3.574640,3.459008,2.988368,3.040020,4.026120,3.276009,3.724858,3.156641,3.014871
3.225273,2.775482,2.296396,2.913186,3.307723,2.648011,3.750843,3.407957,3.397507,2.810780,4.221301
3.199303,3.829476,3.059660,3.352291,3.867532,2.696855,3.327794,3.645143,3.094440,3.198549,3.806946
3.168860,3.038073,3.445097,3.745007,3.765880,3.576752,3.956836,3.231647,3.039300,3.000651,4.026853
2.740851,4.111386,3.468738,3.861969,4.024225,2.979674,4.151491,4.067597,3.285268,3.262836,3.831486
3.507445,3.444846,3.119703,3.129378,4.422116,3.119311,3.642970,3.423820,3.619179,3.559510,4.059442
2.724728,4.425948,3.034395,3.979171,3.772001,3.068895,2.784827,3.151199,3.644949,3.893425,3.184114
3.497668,3.836828,3.722842,3.461256,3.441205,3.827453,4.026536,3.434061,4.205502,3.245130,4.065370
3.368513,3.905638,3.643933,3.769076,3.581027,3.211480,3.889792,3.425219,2.880312,2.527254,3.769322
3.501984,3.496661,3.823133,4.386619,3.606357,3.557685,3.040976,3.616813,3.227894,3.160723,2.769433
3.120521,2.923218,3.450204,3.675105,3.534185,3.099716,3.076614,3.328770,3.348383,3.288062,3.197832
3.329849,2.820585,3.422176,3.877936,3.676279,3.200331,3.168835,3.130243,3.817384,3.406487,3.721647
3.598946,3.715890,4.300624,3.462955,3.115171,3.395255,3.137661,2.986350,3.687511,3.508447,3.017247
2.688048,3.395593,3.780873,3.530830,3.609247,3.196008,3.876072,3.865407,2.850103,3.499559,3.624011
3.060771,3.633906,3.352010,3.298075,3.495919,4.224948,3.434292,3.464310,3.377560,4.403130,2.949085
3.586839,3.540490,3.829779,3.672833,3.658876,3.531622,3.971445,3.719145,3.190973,3.820465,3.119834
3.409758,3.697455,3.137358,3.243936,3.501997,3.165272,2.997764,3.938400,2.818212,3.283727,3.587020
4.041805,2.907644,3.798533,3.135608,3.718117,3.888748,3.329730,4.798845,3.683584,3.775007,3.466128
3.738954,3.642824,3.858482,3.669114,3.426747,3.560557,3.505295,2.879739,3.740780,4.179898,3.869016
3.665401,2.710681,3.721895,3.330886,3.145482,3.913487,4.016088,3.271017,3.396391,4.158624,2.692696
3.799472,3.261862,3.258186,3.121597,3.371070,2.847079,2.882153,2.919195,3.313807,3.362093,3.171973
3.168382,3.326455,3.233858,3.973201,4.320151,3.729211,3.812912,3.162871,3.775767,3.518513,2.849733
4.150062,4.066633,3.590996,4.535740,3.496185,3.487307,3.654952,2.892586,3.994292,3.269952,3.094055
3.781592,3.446404,3.579881,4.010508,4.167881,3.644444,4.078983,3.339142,2.741548,3.712456,3.423144
3.170565,3.224889,3.120805,4.003123,4.309238,3.809646,4.428182,3.267750,3.019552,3.774566,3.930008
3.589175,3.970137,3.473707,2.938893,3.603491,3.484055,4.485853,3.422823,2.508709,3.279507,2.782224
4.094090,3.473078,3.592195,3.621550,3.761878,3.641106,3.705406,3.817127,2.933958,3.210416,3.055113
3.991624,3.845039,3.827657,4.181331,4.399603,4.441325,4.011002,4.200107,3.575411,3.240430,3.606477
3.288732,4.279797,3.246636,3.861299,4.351971,3.883132,3.904464,4.191227,3.437501,2.804785,3.543985
3.587251,3.733405,3.565846,3.796789,3.189394,3.867091,3.160613,3.203164,3.762723,2.561997,3.200326
3.446903,3.547345,2.703723,3.420358,3.896099,3.484774,3.611305,3.932539,2.564003,3.518376,3.357697
3.790923,2.954195,2.551298,3.462112,3.778844,3.745597,3.271975,3.961300,3.369310,3.145704,3.015142
3.516566,3.430731,3.427279,3.263663,3.223159,3.311101,3.523275,3.895791,2.997334,3.557229,3.718242
3.189516,3.909828,4.019596,3.395379,3.522408,2.571875,3.702909,3.610835,3.366167,3.315762,2.725246
2.937859,3.783877,3.062457,3.319355,3.027136,2.591939,2.953912,3.120483,3.412411,2.695916,2.941616
3.432882,3.071406,3.184118,4.197317,2.859317,2.671235,2.672569,3.543288,3.532262,3.869525,3.204003
3.328350,3.990376,3.047285,3.344397,2.720563,3.452437,3.034344,3.413349,3.646121,3.232036,2.834396
2.916472,2.959547,3.814714,3.356938,3.579781,3.433720,2.911070,3.376409,2.739198,2.279602,4.200420
2.815348,3.698446,3.377673,2.854545,3.914881,3.321013,3.332065,3.222488,3.290124,3.087654,3.023394
2.928555,3.378721,3.100065,3.514160,2.892147,3.509584,2.886577,2.663566,3.584691,3.676620,2.814374
2.510384,3.015591,2.885090,3.505219,2.316185,3.395754,3.139511,3.296543,4.002300,2.779387,3.156853
2.550751,3.096031,3.294282,3.888063,3.048179,3.559456,2.941937,3.320205,3.993847,3.500808,3.144663
2.751799,3.444281,3.732837,3.021297,2.849684,3.113197,2.832616,3.175692,2.927181,3.249468,3.929480
2.256859,3.758784,3.617823,3.709719,2.506715,3.311821,3.286710,3.193049,3.079795,2.795992,3.783910
2.939546,3.718824,2.875970,3.680429,3.255750,3.322916,3.367689,3.652457,3.805540,3.324930,3.665472
2.547672,3.538073,3.142381,3.364239,2.455827,3.167727,3.329643,2.732350,3.986882,3.108119,3.564055
2.735584,3.620049,2.493744,3.124176,3.428311,2.846467,2.862089,3.182316,3.418645,3.206799,2.428627
3.484597,3.247625,3.559048,3.514122,2.932798,3.169506,2.793668,2.686232,3.515702,3.506194,3.246511
2.740759,2.892918,2.909584,3.444085,2.219148,3.153263,4.004558,3.651120,3.422480,3.170669,2.611055
2.973528,3.819987,2.408756,2.812039,2.109368,3.441099,3.348204,3.158162,3.930592,2.846660,2.943978
3.167538,3.197619,3.469733,2.570811,2.727295,3.250345,2.652771,2.864654,3.106852,2.735116,2.897369
3.204347,2.935499,3.469091,3.554343,3.306471,3.878377,2.589426,3.173473,2.743520,2.927765,3.443968
3.510308,2.932190,3.495912,3.701476,3.110767,3.602538,2.768112,3.313869,3.070606,3.552153,3.538552
3.135589,2.989332,3.417863,3.181973,2.710516,3.437050,2.343761,3.163723,3.280043,3.394234,3.355236
3.155568,3.158022,2.763830,3.511025,3.364110,2.278805,2.998633,2.867540,2.127782,3.330067,2.986839
2.640011,3.152036,3.093270,2.418104,3.357178,2.778583,3.351202,3.399019,2.703335,3.092265,3.548931
2.291768,3.044517,2.402601,3.366177,3.578090,2.166504,3.134494,3.070828,2.760991,2.856417,2.409840
2.540487,3.277700,2.907691,3.480224,3.156487,2.958380,3.063484,3.293618,2.787546,2.709964,2.519362
2.501121,3.144509,2.520713,3.402051,3.144323,2.870667,3.167629,2.448866,3.092720,2.553196,2.848514
3.140224,3.439078,2.835538,3.090161,3.233487,2.550514,3.010932,3.263552,2.998917,2.815085,2.279996
2.791369,3.073158,2.797982,2.994620,3.180836,3.058591,2.428878,3.212386,2.796249,2.134414,3.108370
2.925854,2.542229,2.916968,2.749167,3.391174,2.931382,2.851137,3.141623,2.653591,2.707611,2.245844
3.019028,2.973572,3.139486,2.695255,3.036427,2.879971,3.564409,2.452120,2.873558,2.650232,2.521035
3.077827,2.835510,3.174758,3.211349,2.903128,2.891216,2.712378,3.219683,3.232525,3.055182,2.577209
2.824558,2.533011,2.321746,2.317348,2.830780,2.525879,2.952186,2.957235,3.312053,2.762281,3.062472
3.168433,2.569851,2.423874,1.968902,2.741128,3.053468,2.983212,2.145082,3.815979,2.426468,3.029761
3.605059,2.977376,2.456963,2.661553,2.330314,2.542826,3.011434,2.752710,3.499863,2.806698,2.888196
2.683886,2.723904,3.083520,2.037526,3.450519,2.910874,2.571245,2.783958,2.729092,3.208550,2.693896
2.256504,2.766162,3.305634,2.436578,2.844485,3.067102,2.860096,2.805732,2.286544,2.797654,2.859483
2.714435,2.386918,3.019541,2.867274,3.165666,2.853485,3.040755,2.620575,2.636132,2.891474,3.172603
3.256594,2.636571,2.503379,2.870069,3.338558,3.048829,2.678899,2.934709,2.644968,3.435140,2.278777
2.906178,3.037747,3.146649,2.704555,2.877263,2.983451,2.455480,2.085118,2.591896,3.075673,2.916765
2.958482,3.039777,2.791543,2.899615,2.668817,2.248963,3.138533,2.800243,2.593752,2.331060,2.615060
3.325478,2.225080,2.703931,2.654727,3.333415,2.304280,2.452553,3.037412,2.270611,2.757631,2.016410
2.806419,2.749998,2.708659,2.505600,3.019126,2.701465,2.815980,2.519520,2.286463,2.245614,2.279077
2.940731,2.589777,2.920540,2.348676,2.562498,2.240413,2.610378,2.540388,2.767499,2.481893,2.451007
2.549455,2.639652,3.353694,2.721893,2.806059,2.389930,2.807057,2.414372,2.892464,3.438265,2.436606
2.603241,2.892287,3.001747,2.935842,2.157216,1.957507,2.724797,2.452780,2.478437,2.832444,2.469244
3.174474,2.202255,2.970999,1.691827,2.526496,2.966170,2.595675,2.505487,2.885864,2.533283,2.367647
2.413866,2.932842,2.618880,2.403302,2.420527,2.860704,2.512959,1.923617,2.911412,2.437261,2.176862
2.412955,2.490751,2.332783,2.283020,2.730627,2.158695,2.671186,2.172610,2.419191,2.423532,1.796504
1.795679,2.207293,2.120046,2.612365,2.505232,2.115872,2.061749,2.590677,2.318839,2.533563,2.218738
2.242987,1.997403,2.645840,2.118336,2.299718,2.031399,2.674700,2.420025,2.793309,1.952387,2.400517
2.418536,1.850134,2.403641,1.986876,2.591727,2.338865,2.428479,1.663560,2.676354,1.999705,2.471689
1.887810,2.370230,2.353256,2.329476,2.439947,2.275360,2.911123,2.176243,2.126933,2.013124,2.833498
2.704252,2.419403,2.069173,2.313772,1.980264,1.693225,3.049543,2.517683,2.490068,1.725589,2.748378
2.346332,2.243212,2.073997,2.135333,2.020936,1.946588,2.312357,1.858260,2.299653,1.783783,2.358432
2.512931,2.355773,2.403441,1.804169,2.208505,2.219932,2.431047,2.111014,1.751582,2.157371,2.040591
2.236409,2.425513,1.703279,2.143927,2.377285,2.427109,2.032382,2.423206,1.779003,2.495206,2.209889
2.704760,1.919615,2.166659,2.619301,2.026395,2.488592,1.794929,2.233482,1.961552,1.992823,2.828423
2.284345,2.028642,1.665253,2.585111,2.090993,1.928699,2.163903,2.289972,1.900833,1.915784,2.542260
2.275536,2.518400,1.856923,2.389479,2.366817,2.695911,1.879286,2.076872,2.114204,2.237891,2.534319
1.944211,1.832818,2.132238,2.129081,2.067988,2.054905,1.911259,2.437948,2.008637,2.219066,2.462825
1.653204,2.181472,2.168989,2.290296,1.725352,1.711626,1.690039,2.173030,2.007623,1.903927,2.315368
1.941323,1.926600,2.176591,1.482504,1.834319,1.983303,1.975822,1.976297,1.963093,2.286647,2.180519
2.416432,2.393464,2.189161,1.842301,2.141892,2.328744,1.883193,1.931184,1.775029,1.978475,1.989382
2.260717,2.313644,1.908090,1.575462,1.981725,1.734984,1.978440,1.840377,1.837345,1.823597,2.281381
2.182474,1.650358,2.096294,1.469681,1.979330,1.654699,1.790999,2.330548,1.813697,2.450687,1.920043
2.162463,1.922269,2.158216,2.157691,1.799041,1.837094,1.652013,2.045101,2.143428,2.299354,2.227352
1.814545,2.099552,2.046144,1.834480,1.632303,1.798950,1.939318,2.043998,2.146481,2.270897,1.571652
1.360096,1.877892,1.829650,1.610246,1.858676,1.531747,1.870952,1.858586,2.041236,1.707991,2.065888
1.672343,1.845503,1.817069,1.628030,2.015756,1.804555,1.860085,1.868885,1.751217,1.518547,1.765624
1.586157,2.064908,1.966514,1.816312,2.044823,1.598510,1.796725,2.121873,1.861529,1.958215,2.025587
1.627095,2.214775,2.157277,1.273108,1.448917,1.549972,1.746903,2.081444,1.963751,1.589058,1.883697
1.954463,1.673068,2.335628,1.492689,1.586163,1.718069,1.408887,2.074070,1.716441,1.861567,2.010876
2.156782,1.349519,1.841429,1.449476,1.292693,1.829263,1.534035,1.766794,1.734274,1.781389,1.904052
1.797674,1.546780,1.930326,1.819334,1.497264,1.825769,1.863256,1.752901,1.899766,1.524284,1.830414
2.011338,1.249828,1.804104,1.592505,1.574620,1.773772,1.902446,1.770817,1.795929,1.876785,1.306029
1.597531,1.197346,1.507645,1.816580,1.784712,1.645968,1.725578,1.416895,1.794232,1.837080,1.368925
1.559988,1.309919,1.602582,1.274281,1.521069,1.307825,1.469448,1.273211,1.852834,1.707965,1.708396
1.618635,1.659508,1.590643,1.292869,1.447025,1.381437,1.764822,1.320324,1.675611,1.422747,1.426309
1.380175,1.599298,1.702206,1.281690,1.785467,1.645428,1.306482,1.232198,1.640113,1.882633,1.677538
1.515782,1.250116,1.513238,1.451083,1.778160,1.473396,1.914784,1.444575,1.199810,1.504206,1.630065
1.591708,1.046707,1.519948,1.452317,1.214164,1.515891,1.638634,2.003913,1.794847,1.188930,1.569940
1.782612,1.353282,1.470379,1.453396,1.562699,1.472647,1.617055,1.872911,1.643760,1.109530,1.840308
1.372064,1.104740,1.221731,1.275989,1.352272,1.379028,1.349077,1.350997,1.680502,1.306100,1.998583
1.764126,1.470180,1.415354,1.596194,1.529901,1.475700,1.149996,1.879489,1.583068,1.235400,1.224421
1.489378,1.573475,1.242596,1.618752,1.597822,1.289340,1.222625,1.682698,1.836367,1.258497,1.413942
1.325255,1.345753,1.515619,1.583308,1.376090,1.149978,1.336940,1.405501,1.756119,1.114998,1.129893
1.417335,1.149470,1.243976,1.604103,1.687471,1.097104,1.407674,1.723677,1.508358,1.272595,1.325990
1.218409,1.380057,1.495959,1.445153,1.606038,1.394545,1.473971,1.241719,1.328822,1.114622,1.304021
1.361605,0.997708,1.339204,1.327662,1.195643,1.121791,1.324922,1.304793,1.307091,1.434573,1.059812
1.497819,1.068673,1.507581,1.284530,1.195521,1.058412,1.041960,1.369560,1.566120,1.420132,1.475400
1.380423,1.174372,1.426751,1.490159,1.155301,1.231544,0.939553,1.314417,1.657168,1.342860,1.485501
1.100262,1.218271,1.020655,1.176171,1.101324,0.935192,1.055492,1.089471,1.351025,1.193324,1.744202
1.154919,1.418393,1.449859,1.263495,1.163946,1.143547,1.069503,1.486961,1.426016,1.420805,1.200775
1.287987,1.236653,1.444481,1.290184,0.978961,1.097332,1.316303,1.402961,1.193012,1.218684,1.422541
1.294580,1.016917,1.454822,1.244166,1.064115,1.172026,0.922636,1.077267,1.328149,1.211259,1.364724
1.153958,1.278550,1.380052,1.359304,1.140676,0.956653,1.192372,1.028111,1.070827,1.127324,1.257003
1.203189,1.227948,1.053163,1.386251,1.019201,1.101053,1.272486,1.204501,1.130077,1.094310,1.308880
1.334938,0.922898,1.136215,1.179874,1.250846,1.336837,1.203461,0.974130,1.065646,1.031141,0.894288
1.277813,1.103283,0.858467,1.237309,0.983089,1.314004,1.284247,1.186132,0.933878,0.790091,0.989357
1.395524,1.197149,0.979103,1.274312,1.076581,1.220116,0.829526,0.756162,0.992231,0.656823,1.002379
1.045902,1.078488,0.881843,1.087836,1.147742,0.986339,0.949643,0.947071,1.133921,0.656367,0.939910
1.075102,0.995208,0.786119,0.853393,1.164782,0.970452,0.951611,1.052883,0.970169,0.980809,1.231704
0.860802,0.944000,0.801108,0.661971,1.140802,0.950505,0.943710,0.944109,0.836404,1.042344,1.067279
0.822345,0.821608,0.695958,0.926296,1.047297,0.863568,1.074449,0.827822,1.099256,0.970642,1.183569
0.958699,0.968494,0.831416,0.762973,1.032343,0.876104,0.868247,0.878040,0.723059,0.895516,0.945484
0.874810,0.776848,0.837104,0.854173,1.212405,0.896395,0.801221,1.084100,0.898602,0.994892,1.200138
1.263711,0.944048,0.822917,0.796525,1.238904,0.935450,0.879782,0.866983,0.907588,0.919072,0.952635
0.883592,1.025258,0.965714,1.068802,1.096120,0.967405,1.122000,0.792871,1.011450,1.046547,0.976964
0.844841,0.898029,0.764926,0.869870,1.010580,0.865985,1.029787,0.654889,0.783771,0.839796,0.841612
0.935371,0.907998,0.791948,0.709482,0.779297,0.927342,0.645190,0.661741,0.742094,0.767909,0.980439
0.903671,0.877249,0.666187,0.656830,0.922728,0.965203,0.748186,0.726570,0.775255,0.843574,0.803572
0.945259,0.628405,0.864718,0.780914,0.886885,0.943479,0.774443,0.838046,0.948135,0.845346,0.913768
0.858520,0.691323,0.890618,0.569864,1.009925,0.933785,0.672287,0.638181,0.945381,0.757311,1.028226
0.676779,0.765670,0.717476,0.541523,0.824466,0.655699,0.883328,0.702997,0.850951,0.941187,1.107273
0.595841,0.870639,0.553379,0.575745,0.935756,0.583550,0.673601,0.740918,0.831502,0.800039,0.816260
0.879765,0.969192,0.765144,0.626260,0.685826,0.807764,0.634563,0.638907,0.672540,0.663685,0.833527
0.623895,0.818144,0.650918,0.794539,0.744801,0.823393,0.675449,0.656156,0.665699,0.708863,0.802813
0.585350,0.835661,0.817668,0.686853,0.673179,0.927438,0.752248,0.820736,0.808431,0.968491,0.713911
0.603346,0.800154,0.567730,0.611754,0.597528,0.879599,0.959437,0.847438,0.713347,0.824740,0.650209
0.652823,0.739197,0.627857,0.745636,0.609859,0.812241,0.790816,0.815395,0.679282,0.877611,0.624808
0.875047,0.666788,0.669876,0.813375,0.738081,0.622683,0.717005,0.629682,0.717131,0.764121,0.479950
0.719128,0.526458,0.682874,0.702011,0.783714,0.774096,0.705622,0.911855,0.775087,0.770747,0.579605
0.626186,0.514366,0.598237,0.706138,0.732620,0.669548,0.670734,0.715113,0.778050,0.832407,0.637911
0.770138,0.664928,0.520434,0.713992,0.663846,0.850450,0.656691,0.648453,0.790244,0.699409,0.630282
0.663669,0.780252,0.600802,0.745972,0.750579,0.770049,0.618757,0.574783,0.818847,0.773988,0.551156
0.630980,0.598314,0.610686,0.604206,0.684515,0.527261,0.559710,0.765137,0.732090,0.552190,0.521743
0.772316,0.524113,0.458444,0.899855,0.778096,0.587476,0.573910,0.702815,0.633355,0.636437,0.495959
0.531165,0.645790,0.547938,0.720410,0.709885,0.695132,0.554924,0.543424,0.812405,0.606650,0.606677
0.532991,0.510369,0.561948,0.650035,0.682745,0.648840,0.525013,0.547222,0.834805,0.671921,0.633638
0.567649,0.565464,0.511374,0.655405,0.561003,0.495362,0.422521,0.644434,0.791490,0.493865,0.482182
0.623981,0.451740,0.649105,0.688424,0.565514,0.615615,0.541130,0.496319,0.528812,0.532686,0.567799
0.660139,0.497634,0.571342,0.637385,0.605178,0.655356,0.609151,0.459642,0.617624,0.610456,0.449605
0.696636,0.449464,0.570712,0.500073,0.595493,0.702793,0.550074,0.476064,0.599524,0.537399,0.495800
0.611258,0.660346,0.635764,0.502627,0.664629,0.594840,0.592303,0.580308,0.512065,0.546331,0.438803
0.572998,0.499053,0.662853,0.523620,0.518328,0.550723,0.360614,0.522619,0.468318,0.663590,0.443186
0.503181,0.454500,0.563525,0.498225,0.493241,0.631666,0.403102,0.409683,0.466004,0.680045,0.513168
0.664438,0.613492,0.576061,0.400649,0.616865,0.555590,0.523764,0.345707,0.540716,0.716906,0.447737
0.610661,0.513554,0.652574,0.441203,0.586082,0.482662,0.569939,0.444228,0.458920,0.534550,0.518720
0.596987,0.491002,0.395336,0.553155,0.459602,0.464639,0.532068,0.600777,0.492422,0.550982,0.381208
0.441430,0.678262,0.581931,0.458118,0.635865,0.516227,0.563028,0.541953,0.505923,0.616432,0.449208
0.461946,0.706521,0.524308,0.453401,0.746779,0.430188,0.590133,0.472557,0.482609,0.597180,0.405134
0.476959,0.724279,0.378778,0.477582,0.651640,0.499769,0.435694,0.608097,0.583428,0.659501,0.421411
0.531162,0.551466,0.451974,0.508362,0.510357,0.520663,0.527118,0.525951,0.500595,0.537288,0.389376
0.528141,0.593574,0.463898,0.491699,0.476183,0.469661,0.389205,0.615018,0.517891,0.386000,0.521345
0.613377,0.647252,0.521182,0.496534,0.444720,0.459224,0.475118,0.581874,0.542861,0.421928,0.456120
0.452211,0.588469,0.637456,0.413711,0.502804,0.531022,0.501514,0.446452,0.460751,0.405408,0.367222
0.542208,0.618097,0.461154,0.416764,0.549800,0.534217,0.682155,0.488700,0.572770,0.445216,0.385954
0.646231,0.613926,0.474271,0.461063,0.487176,0.556174,0.581234,0.547032,0.669022,0.441031,0.527502
0.674513,0.396037,0.440330,0.413914,0.524200,0.450317,0.533363,0.415314,0.535921,0.475606,0.520520
0.642409,0.407063,0.498189,0.529801,0.506300,0.475267,0.635028,0.485764,0.392901,0.437181,0.531953
0.564741,0.341544,0.364643,0.580798,0.481840,0.551219,0.586003,0.531734,0.395599,0.529572,0.555064
0.499210,0.345635,0.539622,0.516807,0.422128,0.451259,0.443668,0.361550,0.492697,0.431385,0.544816
0.535703,0.435988,0.353938,0.438147,0.521604,0.506260,0.389883,0.320179,0.495879,0.533569,0.423864
0.424978,0.469970,0.575899,0.543145,0.559344,0.404201,0.421114,0.467141,0.499648,0.446994,0.414419
0.484742,0.414090,0.428747,0.458344,0.445993,0.412131,0.455997,0.406107,0.470643,0.467707,0.469057
0.516911,0.340428,0.513335,0.420309,0.550187,0.299667,0.514132,0.469359,0.520908,0.382163,0.552280
0.440669,0.443744,0.420951,0.350920,0.415656,0.439939,0.624554,0.548392,0.384901,0.319810,0.468678
0.523835,0.486677,0.467875,0.347776,0.556137,0.511713,0.502786,0.485712,0.512503,0.377434,0.374452
0.427498,0.366811,0.432343,0.423748,0.507085,0.434878,0.448223,0.430344,0.554088,0.511978,0.443042
0.394240,0.377218,0.535498,0.316197,0.308122,0.382273,0.462946,0.476899,0.445508,0.466434,0.323307
0.571354,0.395418,0.572830,0.472785,0.423579,0.386939,0.333600,0.520331,0.429148,0.475518,0.391244
0.428017,0.391769,0.446118,0.485000,0.463687,0.443092,0.461380,0.505199,0.352523,0.526975,0.365511
0.522892,0.393147,0.494824,0.542526,0.398329,0.393667,0.454097,0.501989,0.455975,0.354481,0.434635
0.488713,0.381398,0.539852,0.490992,0.464762,0.444738,0.339212,0.427241,0.390074,0.413519,0.381487
0.494062,0.386845,0.468949,0.436505,0.461196,0.344767,0.552889,0.439017,0.401532,0.398128,0.530472
0.307058,0.501894,0.529328,0.471952,0.476506,0.437121,0.511094,0.413503,0.507699,0.464239,0.491927
0.444724,0.503108,0.460193,0.437747,0.637289,0.383824,0.465725,0.454136,0.485828,0.340219,0.380134
0.440089,0.468947,0.549855,0.659170,0.500776,0.423736,0.375340,0.569855,0.464732,0.422224,0.476726
0.342125,0.458426,0.539863,0.527913,0.453614,0.557202,0.644148,0.439876,0.426475,0.485569,0.458638
0.390943,0.537011,0.472444,0.445364,0.549534,0.436528,0.360658,0.421068,0.471956,0.436259,0.324704
0.453294,0.590542,0.552192,0.399299,0.469230,0.398739,0.450703,0.474590,0.621607,0.361445,0.406952
0.494994,0.521584,0.438546,0.438303,0.608695,0.403681,0.408336,0.504656,0.587694,0.437809,0.401895
0.456128,0.459797,0.353561,0.352733,0.531594,0.479939,0.435234,0.356694,0.640607,0.506062,0.485430
0.518179,0.390376,0.418856,0.319852,0.487835,0.575552,0.512338,0.378258,0.484231,0.491371,0.624630
0.370639,0.364581,0.282773,0.473852,0.636509,0.399553,0.449825,0.401389,0.539499,0.513215,0.499970
0.444073,0.392466,0.381952,0.458745,0.499785,0.548990,0.395783,0.460030,0.526251,0.592214,0.465010
0.377158,0.397754,0.453863,0.595617,0.379346,0.605304,0.383007,0.391729,0.526902,0.476381,0.485044
0.609541,0.414729,0.356388,0.572811,0.396839,0.553786,0.288160,0.420642,0.568911,0.496264,0.512297
0.467107,0.302681,0.426412,0.584828,0.445670,0.427302,0.449581,0.543126,0.528011,0.329147,0.453753
0.396707,0.459710,0.402874,0.622240,0.291924,0.499568,0.482213,0.525679,0.487835,0.485108,0.405096
0.538295,0.412828,0.533978,0.514699,0.322926,0.426992,0.404626,0.501378,0.563758,0.502654,0.457896
0.564715,0.467835,0.730545,0.382831,0.370434,0.423719,0.403252,0.524360,0.575727,0.433079,0.540692
0.529553,0.500137,0.577512,0.508932,0.561462,0.440404,0.466466,0.545799,0.471735,0.395699,0.468753
0.508698,0.488251,0.596693,0.608079,0.538096,0.470028,0.533070,0.521860,0.590185,0.527492,0.541708
0.537507,0.506074,0.503342,0.605968,0.557286,0.478843,0.436728,0.556507,0.516940,0.561216,0.511460
0.695473,0.569201,0.517164,0.561549,0.576508,0.554001,0.409340,0.596458,0.460020,0.622917,0.627013
0.596741,0.556163,0.385126,0.675330,0.574243,0.566676,0.492805,0.584752,0.582184,0.533636,0.612202
0.685159,0.495379,0.449210,0.669958,0.606761,0.528547,0.422764,0.758635,0.456562,0.471572,0.585139
0.657949,0.549219,0.450655,0.630808,0.619384,0.528245,0.377736,0.518162,0.577197,0.522998,0.561611
0.637043,0.558254,0.415281,0.507778,0.549252,0.517574,0.547623,0.605553,0.491043,0.611956,0.529748
0.605467,0.512407,0.498736,0.590037,0.587092,0.565418,0.609385,0.603768,0.464013,0.581237,0.779250
0.491092,0.383068,0.475579,0.465089,0.538951,0.573274,0.541101,0.699127,0.601224,0.494662,0.636446
0.458438,0.411617,0.554576,0.490404,0.514886,0.618220,0.451581,0.681176,0.510050,0.522231,0.509917
0.551410,0.358887,0.605102,0.398202,0.550176,0.508251,0.571460,0.600606,0.542776,0.362264,0.566145
0.712851,0.590272,0.572679,0.464208,0.449562,0.606621,0.515758,0.663750,0.601480,0.451144,0.574251
0.664391,0.610615,0.543383,0.701998,0.494242,0.570631,0.529985,0.609085,0.642441,0.568572,0.582018
0.774316,0.659374,0.581308,0.782829,0.614108,0.615608,0.538961,0.509576,0.476421,0.632935,0.735447
0.640614,0.598770,0.609258,0.740524,0.630664,0.796517,0.513959,0.645626,0.467151,0.380574,0.762009
0.539770,0.474799,0.670233,0.684888,0.531325,0.725904,0.630755,0.533558,0.553990,0.565821,0.809282
0.507803,0.532140,0.364358,0.698530,0.506952,0.681279,0.589228,0.635627,0.490960,0.498113,0.736611
0.488182,0.551179,0.428149,0.518848,0.599195,0.560959,0.621422,0.509610,0.656117,0.585415,0.757834
0.633518,0.595102,0.509199,0.616988,0.793076,0.553022,0.604190,0.582368,0.681576,0.625563,0.717538
0.545721,0.576140,0.639473,0.734484,0.660553,0.595218,0.573999,0.595863,0.618917,0.731283,0.673079
0.692969,0.373931,0.633621,0.718138,0.581063,0.626213,0.738559,0.577801,0.691383,0.670444,0.643907
0.846560,0.545558,0.416713,0.741436,0.727000,0.516856,0.808822,0.536662,0.636302,0.596572,0.713441
0.731694,0.585379,0.632127,0.756185,0.611606,0.481143,0.761192,0.595804,0.584643,0.770536,0.667433
0.878324,0.584100,0.725843,0.654794,0.655923,0.577839,0.572138,0.538847,0.694635,0.698794,0.703762
0.950777,0.746629,0.628625,0.725323,0.712957,0.820796,0.642673,0.778430,0.599992,0.632074,0.633315
0.757963,0.811586,0.717532,0.790774,0.762113,0.815319,0.721349,0.674107,0.608083,0.687534,0.686295
0.822675,0.935252,0.882081,0.786221,0.826161,0.892311,0.614419,0.717308,0.534406,0.651460,0.872459
0.735433,0.670787,1.002774,0.595251,0.649084,0.691034,0.488839,0.732610,0.502338,0.631744,0.859799
0.880057,0.770645,0.869108,0.931511,0.748761,0.951769,0.726351,0.710520,0.740935,0.630837,0.739806
0.731189,0.798958,0.847840,0.630179,0.886479,1.042021,0.912716,0.578157,0.560796,0.863417,0.605147
0.576208,0.772475,1.023025,0.755660,0.609489,0.922093,0.739972,0.631826,0.675470,0.789600,0.767178
0.805826,1.031818,0.970962,0.754022,0.835329,0.857773,0.757078,1.022472,0.708504,0.565581,0.554493
0.822923,0.973184,0.976021,0.856430,0.770917,1.150857,0.781633,0.849520,0.874784,0.701745,0.832597
0.717439,0.698942,1.070221,0.720360,0.693521,0.926190,0.670989,1.071931,0.608905,0.857242,1.013769
0.891841,0.818743,1.055906,0.666686,0.908628,0.678139,1.064859,0.970889,0.848949,0.782683,0.918157
0.802687,0.675389,1.086248,0.740922,1.058713,1.111276,1.011433,0.885875,0.650893,0.885042,0.879100
0.862312,0.727618,0.890713,0.818723,1.062113,0.700510,0.990448,0.716255,0.801896,0.800797,0.724602
0.794317,0.995578,0.709888,0.677176,0.717245,0.711099,0.900102,0.876631,0.833178,1.183623,0.908444
0.939752,0.840511,0.791850,1.063429,0.877911,0.761136,0.984629,0.768794,0.836899,1.053598,0.791917
1.060352,0.945595,1.051754,0.782114,1.195183,0.675897,1.076977,0.670205,0.959304,0.970761,1.114796
0.744660,0.858453,0.932854,1.136229,1.175767,0.800513,1.117189,0.716209,0.624134,1.086251,0.981910
0.944004,0.965838,1.024459,0.868701,0.981757,0.584326,1.161830,1.007811,0.882229,0.930416,1.222019
1.244030,0.882004,1.030992,0.717411,1.006934,0.862240,1.282901,0.672606,1.031389,1.279179,0.973103
0.929185,1.005786,0.888158,0.632380,1.178074,0.918651,0.910006,0.922164,0.957115,1.050747,1.019954
0.724623,1.162098,0.992191,1.069237,0.932260,1.205472,0.872671,0.718808,0.828531,1.032627,0.782868
0.935550,1.017485,1.096586,0.827440,1.250792,1.211661,1.137340,0.835640,1.088734,1.160814,1.170590
0.975868,1.185439,0.846029,1.080656,0.986509,1.113737,1.211406,0.851167,0.964146,1.105058,0.882439
1.183831,0.934883,1.244772,1.055207,1.249565,1.171720,1.166682,1.120834,1.245224,0.818004,0.916477
1.019090,1.047196,0.842612,1.156836,1.109010,1.470948,1.472296,1.261753,1.238796,0.890753,0.971345
0.976500,1.056699,0.860141,1.172619,0.863546,1.222574,1.139159,0.998941,1.184401,0.898615,1.203733
0.845889,0.921273,0.869597,1.132790,1.194950,1.230243,1.078079,1.487438,1.224463,1.103242,1.480072
0.981652,1.112718,0.842122,1.143762,0.990374,1.125434,1.167747,1.266323,0.827075,0.782914,1.399085
1.428975,1.069194,1.129416,1.299347,1.059923,1.124276,1.037574,1.276064,1.149366,1.011093,1.273794
1.194707,1.252976,1.001323,1.126211,0.850096,1.180174,1.194829,0.811967,1.128134,1.097594,1.618161
1.140282,1.052138,1.205636,0.973907,1.180332,1.290281,1.441649,1.152833,1.266349,1.231031,1.355658
1.149013,1.005405,1.224562,1.217854,1.127278,1.172133,1.310944,0.926530,0.780394,1.292012,1.113459
1.240931,0.902931,1.537802,1.045334,1.527321,1.226150,0.945641,1.191936,1.064266,1.244067,1.103141
1.455259,0.863403,1.385691,0.995823,1.479373,1.207541,1.181404,1.380880,0.999654,1.117626,0.987633
1.378810,1.053656,1.063056,1.010471,1.379005,1.466249,1.330035,1.194221,1.121737,1.165591,0.768746
1.198575,1.510072,1.311167,0.731479,1.496533,1.056205,1.159597,1.436922,1.246574,1.374766,0.961426
1.112565,1.458482,1.152895,0.779398,1.476186,1.059117,1.470384,1.453137,1.228637,1.311725,1.395221
1.049829,1.653415,0.996734,1.272314,1.317776,1.159383,1.375534,1.351204,1.457335,1.674123,1.470450
1.094091,1.397373,1.688596,1.294089,1.297974,1.275755,1.814276,1.257228,1.365244,1.688897,1.111062
1.190465,1.350207,1.319692,1.582563,1.696658,1.547865,1.536274,1.038649,1.057041,1.920055,1.312157
1.189096,1.758264,1.261876,1.201910,1.274362,1.573362,1.769167,1.104994,1.419555,1.710920,1.706049
1.297148,1.396900,1.218239,1.672779,1.532546,1.292980,1.331744,1.519998,1.454006,1.722743,1.519233
1.419069,1.431372,1.279422,1.451047,1.351406,1.537330,1.616152,1.620522,1.602713,1.542098,1.568888
1.688786,1.441606,1.447872,1.673452,1.357944,1.518407,1.392766,1.584785,1.528330,1.335055,1.451465
1.338921,1.354827,1.412871,1.814849,1.445838,1.165942,1.832531,1.529389,1.784475,1.982966,1.453764
1.581012,1.103780,1.804434,1.696783,1.698094,1.721411,1.771475,1.626441,1.510355,1.459132,1.710311
1.670762,1.796491,1.837234,1.416982,1.619722,1.593531,1.893294,1.892219,1.442224,1.587222,1.886873
1.961300,1.342290,1.506689,1.382423,1.787279,1.390019,1.537724,1.859856,1.305296,1.415091,1.742767
1.825850,1.218988,1.729567,1.569263,1.715476,1.663870,1.430857,1.614220,1.091548,1.915650,1.639221
1.600840,1.406215,1.966695,1.275296,1.654313,1.334311,1.413174,1.784835,1.378672,2.053513,1.908915
1.641946,1.831170,1.716152,1.066022,2.021612,1.227424,1.349722,2.071484,1.289935,2.011658,1.864023
1.676609,1.712250,2.259970,1.456798,2.092849,1.265145,1.615322,1.739526,1.522486,1.600526,1.957112
1.692534,1.830029,1.974887,1.458623,2.196693,1.864453,1.931056,2.118015,1.845436,1.662669,2.283195
1.317091,1.441296,1.735160,1.316120,2.067538,2.047951,1.865226,2.240199,1.431326,1.536216,1.945560
1.878451,1.979039,1.750890,1.303105,2.349157,1.677525,1.696469,2.125163,1.658634,1.712290,1.845831
1.180838,1.678881,1.707683,1.377803,1.980681,2.012762,2.083565,2.041676,1.568727,1.748896,1.907868
1.816250,1.687656,1.534839,2.140277,1.913175,1.660545,1.896920,1.918356,1.624375,1.570910,2.095244
1.747082,1.827710,1.634732,2.158440,2.257043,1.511412,1.905444,1.272067,1.492324,1.428333,1.598058
1.769314,1.649787,1.666716,1.941064,1.860237,1.641697,1.481173,1.827272,1.519096,1.959372,1.855881
1.891951,1.931266,1.370786,1.757722,1.808814,1.872726,1.472240,1.911283,1.998585,1.571300,1.495090
1.745142,1.878776,1.993913,1.871364,1.628344,1.955325,1.525676,1.603314,1.787267,1.706476,1.891754
1.725735,1.681178,2.387660,1.553168,2.117217,1.943873,2.073655,1.908234,2.269244,2.035438,1.827448
1.756316,2.044562,1.961895,1.487903,2.195227,1.919117,1.985432,1.719493,1.937470,1.781354,1.987483
1.997155,1.913995,2.347550,1.573416,2.167059,1.619425,2.233753,1.960926,1.892293,2.183560,1.957845
1.378164,2.281235,2.571895,2.031781,2.209655,1.872816,2.066993,1.790470,2.219564,1.900859,2.384666
1.967295,2.155117,2.104410,1.734810,1.712353,1.860856,2.153429,1.709844,2.204725,2.254527,2.304786
2.099835,1.816156,1.772023,1.573546,1.726855,2.087367,2.444159,2.239930,2.216679,2.083379,2.493166
2.006283,1.848695,1.756477,1.947940,1.899143,2.235122,2.219759,2.354743,1.727293,2.356559,2.561448
2.395047,1.998821,2.432981,1.835288,2.119740,2.151125,2.544429,2.092748,2.484537,2.484746,2.109589
2.207605,2.304766,2.137627,1.993286,2.081846,2.002070,2.140903,2.051691,2.715709,2.601980,2.169553
2.315811,2.378423,1.598086,1.789849,1.490656,1.974189,2.165227,1.677414,2.457286,2.711137,2.061551
2.016875,2.575683,1.554571,1.922896,2.009190,2.135318,2.304755,2.612358,2.386472,2.180613,2.258101
1.885270,2.108742,2.095882,1.623874,1.880938,2.317166,2.614923,2.698853,2.581703,2.326073,2.489924
1.669036,2.746157,1.738208,2.080905,1.979752,2.252839,2.305801,2.260423,2.064494,2.292224,2.500068
1.869577,2.708594,2.638861,2.178334,2.467127,2.078948,2.418906,2.211602,2.207031,2.188931,2.307016
1.664778,2.864493,3.024408,2.170128,1.972346,1.876211,2.584570,2.184436,2.228788,2.048771,2.680741
1.706158,2.285331,2.465488,1.999680,2.285901,2.205993,2.399722,2.077354,2.474506,2.248501,2.337929
1.973163,2.705346,2.140814,2.618524,2.235433,1.826314,2.186640,2.055049,1.958756,2.540316,1.848343
1.996928,2.756721,2.279224,2.131379,2.809799,1.834383,2.254244,1.672368,2.559177,2.041610,2.135718
2.327976,2.080948,2.365734,2.541823,3.372447,2.327059,2.490669,2.614340,2.096231,2.735351,2.351278
2.661152,2.608452,2.272370,2.149563,2.897142,2.300110,2.138841,2.456916,2.326598,2.507219,2.355670
2.281193,2.740361,2.650136,2.459499,3.126630,2.714086,2.844875,2.420110,2.301062,2.764302,3.026942
2.529504,2.293528,2.680733,2.406919,2.184032,2.666073,2.534882,2.573071,2.149571,2.388683,2.764740
2.618282,2.603115,2.684187,2.875794,2.340300,2.650145,2.857801,2.375160,2.291498,2.720751,2.909320
2.680002,2.351460,2.480205,2.940678,2.733262,2.850437,2.404646,2.677032,2.539639,2.168772,2.716526
2.866932,2.100115,2.592381,2.478146,2.624590,2.562112,2.475579,2.255025,2.947106,2.984527,2.762135
3.127082,2.539483,3.057320,2.110693,2.488398,2.693116,2.642733,2.828849,2.275291,2.394092,2.327567
2.492522,2.561204,2.191526,2.371800,2.620177,2.350491,3.035372,3.637983,2.182353,2.507494,2.349397
2.782157,2.592201,2.162807,2.717051,2.618227,1.915141,3.136329,2.983989,2.329368,2.207384,2.258448
2.316079,2.290998,2.490736,3.056079,2.188083,2.039799,2.752715,2.359184,2.624320,2.305997,2.242140
2.994365,3.044558,3.003919,3.059867,2.461011,2.873920,2.769581,3.032643,2.343765,2.509672,2.680209
2.240136,2.898380,2.800185,2.760989,2.627885,2.684177,3.165170,2.379278,2.238339,3.007338,2.114437
2.541559,3.552339,2.809296,3.156145,2.724343,2.758079,2.863597,2.660177,2.499999,3.206402,2.991993
2.766749,2.318835,2.762494,3.109644,2.209612,2.849128,2.710671,3.262202,2.906961,2.864390,2.956460
2.845325,2.616376,2.908036,2.906093,2.475010,2.137177,3.344990,3.157298,2.984540,3.411439,2.819695
3.258811,2.558810,2.988411,2.585266,2.688593,2.556878,3.029964,3.149385,2.898349,2.806536,3.026234
2.811966,2.655233,3.072086,2.996690,2.758102,2.838756,2.978843,2.207101,3.128717,2.596343,2.931255
3.707966,2.859961,2.936810,2.566764,2.175064,3.009247,2.855253,2.881321,2.946680,2.151286,2.981195
3.350028,3.232922,2.718382,2.158421,2.451909,3.029428,3.159710,3.183081,2.525771,2.608814,2.574263
3.258240,2.773024,3.274812,2.603415,2.942326,2.595638,2.819759,2.978979,3.228135,3.071819,2.670604
2.680527,2.734789,3.202607,3.046321,2.773775,3.372414,2.574716,2.554898,3.428791,2.705552,3.108392
2.443501,3.106786,3.140610,3.238035,2.432105,2.972993,2.996744,2.816111,2.493426,3.476748,2.909320
2.670825,2.919652,2.316643,2.718105,2.905280,2.942987,3.779696,2.603849,2.969311,3.160053,3.049070
2.788264,2.981346,2.722957,2.683339,2.910678,2.977761,3.045741,3.338830,2.211675,2.766635,3.417419
2.906102,3.501806,3.229384,3.209469,3.306233,3.377585,3.203324,3.246943,2.996017,2.683826,3.156080
2.766072,3.418004,2.996497,2.767686,2.597987,3.193054,3.320968,2.662395,3.239080,3.032164,3.199929
2.849928,2.798519,4.043489,2.946521,2.802628,3.170179,3.095991,3.378112,3.631124,3.732038,3.236550
2.355760,2.830724,3.396144,2.998175,2.868727,3.331147,2.342346,2.360597,3.301072,3.333934,3.413691
2.862656,3.623867,3.362087,2.517740,2.027662,3.099618,3.727599,3.103095,3.206280,2.977288,3.763059
2.900402,3.573884,3.397107,2.922401,2.205113,3.006865,3.520771,3.559676,3.385165,3.446887,3.361658
3.276812,3.285471,3.765135,2.633887,2.453142,3.580731,4.259964,2.655401,2.542878,3.506503,3.993346
3.073894,3.548283,3.597893,3.115937,2.648416,3.383682,3.509657,3.160126,3.386164,3.110980,2.834865
4.226266,3.468934,4.398751,3.518252,2.885088,3.186685,3.621947,2.780471,3.525927,3.107217,2.971858
3.308495,3.446449,3.549983,2.647693,3.535106,2.380927,2.891695,2.630980,2.328107,3.571631,3.322080
2.836161,3.133541,3.288532,2.520462,2.985921,3.112154,3.603077,2.911949,3.209121,3.269291,2.841878
3.191096,2.664954,3.251174,2.967165,3.210242,2.987038,4.059238,2.578393,3.524077,3.583791,3.520289
3.149565,3.283015,2.718633,2.572148,2.796520,3.023374,2.732842,2.761303,3.772292,3.301243,3.231917
2.671275,3.560502,3.464935,3.035536,2.983592,3.512001,2.982050,3.322429,3.731118,4.368196,2.722228
3.379372,3.744257,2.506171,3.482882,3.027526,3.912017,2.893858,3.508931,3.881890,4.062675,2.738160
2.725886,3.198181,3.177437,3.515036,3.110140,2.916683,2.971107,3.221753,3.803932,3.943510,3.007978
3.427405,3.322825,2.830408,3.583847,3.211357,3.329921,3.329279,3.135207,2.986747,3.315022,2.621770
2.936851,3.762249,3.927490,3.174290,3.634567,3.842112,2.913776,2.882969,2.767708,3.587577,3.211010
3.389301,3.707392,3.713090,3.264807,3.413344,3.607030,4.636754,3.161768,3.238986,3.411951,3.047658
2.673021,3.937928,3.372700,4.295472,3.340514,3.273896,3.225616,3.982469,3.492735,2.994034,3.356918
2.678725,3.010514,3.239397,3.856347,3.684084,3.415957,3.684754,3.323018,3.229660,2.941746,3.225293
3.606380,3.762279,3.517038,3.400176,3.849963,3.729876,3.405330,3.379976,2.739076,4.158035,3.131544
3.579632,3.736993,3.543164,3.647178,2.917086,2.914959,3.225053,3.964289,2.993769,3.196064,3.666138
3.087329,3.786706,2.855494,3.371406,2.961998,3.598463,3.145226,3.403182,2.703802,3.113881,4.151630
3.124266,3.890450,3.640590,2.468214,2.910491,3.903863,2.865228,2.908334,3.609202,2.966075,3.512864
3.517130,3.629844,3.301599,3.634403,3.521230,3.796288,3.712157,3.108544,3.208149,2.897199,3.873177
3.520452,3.921203,3.400454,3.770796,2.942869,3.396319,3.165585,3.935705,3.413421,3.107824,3.591995
3.407410,2.941726,3.020958,4.234754,3.170044,3.547674,3.409549,3.023145,3.586443,3.930050,3.525710
2.503275,3.203618,3.397268,3.480252,3.015775,4.269132,3.134246,3.134659,3.744764,3.845609,3.372040
2.965855,3.553689,3.335532,3.303897,2.704843,4.087314,2.814615,2.981698,2.878563,3.311215,4.194245
2.751003,3.831189,3.373765,3.166937,3.281950,4.579677,4.048976,2.805727,3.604947,4.516509,3.191370
3.412210,3.872869,3.463024,3.663784,2.747645,3.355397,4.114396,3.732245,2.879429,3.617098,3.797940
3.958731,4.302476,3.386365,3.656235,3.112557,3.426174,2.980606,3.931293,2.811322,3.969099,3.987273
3.532003,3.980531,4.185215,3.676797,2.982731,3.101655,3.093350,3.393303,3.431216,3.571110,3.578094
4.844841,3.088174,3.878407,3.276795,3.078020,3.289466,3.275319,3.886052,3.198205,4.043942,3.277165
3.720868,3.390049,3.313796,3.665237,3.549971,3.654282,3.579500,3.191528,3.374029,4.254229,3.209651
3.676593,3.757676,3.705331,2.988006,3.597226,4.181685,3.013595,3.316548,3.315333,4.001440,2.802637
2.528248,3.139369,3.334995,2.630112,4.117974,3.380542,2.733541,3.301873,2.752360,3.915059,3.733542
3.655417,2.396349,4.100580,3.550301,4.080821,2.580899,3.062481,3.918713,3.436090,3.163004,3.391117
3.988421,3.564363,3.767795,4.253972,2.902259,3.540055,2.500391,3.842901,2.727721,3.969011,2.816293
3.069684,3.537348,2.880280,3.726836,4.082244,3.402498,2.725069,3.368884,2.796311,2.863308,3.689813
3.362772,3.343623,3.409735,3.696236,4.162541,3.387922,4.234030,3.853551,3.044911,3.653894,3.503262
3.054122,2.878436,3.425073,4.186764,3.879932,3.877760,2.829219,3.321504,3.192753,2.891652,3.465909
3.657697,3.414259,3.170022,3.848627,4.071736,3.433167,2.806638,3.187616,3.940688,3.595945,3.323522
3.708495,3.620984,2.644612,3.275540,3.572668,3.761940,3.210245,3.216090,3.655382,3.849996,3.064094
3.931719,3.178498,3.814008,2.862508,3.587213,3.046503,3.478056,4.401252,3.128176,3.329917,3.701886
3.957542,4.009746,3.320237,3.019198,2.979844,3.656151,3.383631,3.984672,3.414109,3.648193,3.783642
3.550754,4.004136,3.751776,2.702472,3.778978,4.199163,3.805028,3.898850,3.864750,2.790749,3.459190
4.300980,4.148988,2.810336,3.478786,3.569795,3.147474,3.219801,3.158553,2.523793,2.691775,3.356826
3.876825,3.247285,2.930701,3.737794,3.291495,3.445506,2.844023,3.832833,3.762890,3.419487,3.546236
3.463330,3.470344,3.502934,3.595963,4.833112,3.602870,3.385645,4.101300,3.146167,3.059310,3.034890
3.408933,3.261526,2.754085,3.948937,4.135346,3.433481,2.706527,3.594957,3.549118,3.838133,3.305770
3.309808,3.501549,4.162402,4.192218,3.622105,3.498007,3.341345,3.461446,3.708995,2.808008,3.406741
3.070514,3.269907,2.961973,3.413812,2.975427,3.212962,3.635991,3.069003,3.786473,3.766230,3.617383
3.441286,3.192265,3.440161,3.272837,3.152126,2.735307,3.172372,3.217309,3.565346,4.195382,3.928292
3.616786,3.353340,3.595091,3.759237,2.877877,3.379793,3.269223,3.858199,3.457581,4.865574,3.297705
3.856895,3.557313,3.499096,4.383269,4.053721,4.172238,3.433401,3.330826,3.662601,3.636294,3.559748
3.852958,3.746469,3.454330,4.222503,3.829217,3.393394,3.209216,2.626150,2.558591,3.271027,3.404845
3.239006,3.052479,2.996530,3.557422,3.830063,2.669723,2.450652,3.360303,2.625919,3.674438,3.110340
3.452462,3.279347,3.010665,3.367303,3.998410,2.750010,3.066818,4.180933,3.339604,3.347271,2.596917
4.088372,3.376747,3.011859,3.748698,3.147863,3.319852,2.912924,3.581303,3.895730,3.237052,3.500872
3.844616,3.103850,3.159766,3.659171,3.816445,3.071531,3.741565,4.241962,3.186612,4.207072,3.362335
4.014864,3.885441,2.991789,2.710074,3.350059,3.626460,3.012735,3.841270,3.454429,2.900401,3.477772
4.010576,4.038757,2.480898,3.634452,3.422084,2.918179,4.130979,3.466747,3.269756,3.671880,3.367252
3.780195,3.387905,3.371633,3.433886,2.974188,3.048550,3.577362,3.553323,3.431202,3.194267,3.291912
2.989234,3.194812,3.600089,3.378343,3.147263,3.599111,2.978686,2.995175,3.781220,3.081692,3.334110
3.306359,3.680335,3.098747,3.311779,3.314959,3.613114,3.302687,2.395344,3.196128,3.188773,3.713763
3.492434,3.238659,3.565574,3.646015,2.825323,3.092219,2.773940,3.244357,3.179247,3.232817,3.139624
2.807094,2.813674,3.064438,2.881814,3.111386,2.173803,3.571807,3.546136,3.343667,2.726156,3.661665
3.391272,3.444700,2.825371,2.990211,3.239611,2.743165,3.291386,3.609080,3.210524,2.918297,2.740010
2.785692,2.903360,2.657147,3.151126,2.589308,2.863292,2.871525,2.877886,3.902697,2.860502,3.304225
2.974386,2.941343,3.240093,4.211035,2.782771,3.319347,3.635444,3.454570,3.275746,3.384439,3.333949
2.788551,2.819712,3.361629,3.195428,3.615692,2.560146,3.456903,3.686145,3.210203,3.678283,3.216461
2.982291,3.204369,2.788924,3.531446,3.667867,3.235320,2.956464,3.228032,3.352029,3.190907,3.338337
3.182246,2.486697,2.888787,3.363783,2.489162,3.488072,3.014950,2.959680,3.551462,2.518618,2.972274
2.860934,2.212278,2.562505,3.018203,2.324622,3.067829,2.488741,3.302852,3.008464,3.022787,3.612328
3.358625,2.600601,2.882034,3.441193,2.834533,3.842609,3.332803,2.771832,2.720298,2.337784,2.888605
3.266005,3.314694,3.533657,2.728348,2.681251,3.284839,2.707413,2.612068,2.699252,2.559214,2.872398
2.842114,2.847737,3.192953,3.489206,2.604412,3.272665,2.899011,3.773176,2.927271,2.756138,2.905133
3.451184,3.030723,3.075277,3.454313,3.135709,3.492528,3.273460,2.949331,3.086114,3.370035,3.557746
3.332210,3.013946,2.968146,3.213834,3.584235,3.149108,2.564366,2.881378,2.766247,3.019366,3.606346
3.033056,2.834876,2.912468,3.204418,2.728398,2.744867,3.199644,3.270733,2.737762,2.487930,3.136556
2.876544,2.368757,2.752963,3.081668,2.525141,2.785730,2.942105,3.093609,3.030605,3.102134,3.047805
3.330371,3.204857,2.631865,3.392444,3.103707,2.395141,2.565460,3.165849,2.342723,3.164583,2.979134
3.088860,2.426927,3.173953,2.303690,2.828128,2.208048,3.003555,3.083776,2.521279,3.383106,2.807912
3.213989,2.651713,3.259346,2.735362,2.644449,2.682611,2.728330,2.203081,2.705689,2.793168,2.916874
3.033437,2.787080,3.407204,3.732470,2.670505,3.238573,2.521152,2.998320,2.674027,3.044633,3.252559
2.685677,2.781157,2.815821,2.725282,2.993336,3.639671,2.771528,2.638448,3.379186,2.858303,3.217702
3.406247,2.450063,3.014355,2.411706,3.445061,4.067161,2.106815,2.811111,2.776822,3.058733,2.547935
2.774792,2.666966,3.414475,2.542147,2.777033,3.217194,2.738127,2.248606,3.387640,3.149998,2.706629
3.509365,2.700062,2.514189,2.210859,2.901163,2.442631,1.740417,2.716493,2.463834,2.516086,2.922496
2.401256,2.662107,2.656816,2.923884,2.293459,3.223776,2.135334,2.939193,3.103689,2.865974,2.593847
2.888088,2.665713,2.736448,3.058550,3.275982,2.897786,2.584581,2.526690,3.118644,3.238037,2.691686
2.437057,2.222455,2.939346,3.091203,2.883653,3.183638,2.392260,2.287906,2.624048,2.977023,3.069857
2.346659,3.058866,2.996085,2.572156,2.706946,3.504625,2.610949,2.354660,2.941074,2.524727,2.772279
3.077987,2.653094,3.605374,2.714988,2.485786,2.796033,2.466318,2.584370,2.877926,2.206439,2.733104
2.892189,2.649074,3.066077,3.092832,2.843629,3.065773,2.600022,2.967276,2.918996,2.401141,2.549572
2.805718,2.719148,3.062799,3.014807,2.767396,2.818757,2.614511,2.485079,3.065250,1.875396,2.569024
2.844609,2.636164,2.450167,2.855646,2.699219,1.813114,2.588010,2.272227,3.304901,2.472020,2.740112
2.287057,2.275640,2.606617,2.614509,2.018508,2.727405,2.253883,2.258626,3.024300,2.552141,2.134721
2.320624,2.267358,2.445486,2.584455,2.473458,3.235234,2.584822,2.580919,2.625582,2.918951,2.654527
2.422792,2.442840,2.387251,2.691922,1.944576,2.308055,2.251501,2.224957,3.337677,2.063725,3.081805
2.093334,2.506300,2.071387,2.255273,2.121419,3.110459,3.281995,2.172557,2.502557,1.692123,2.406657
2.273547,2.766562,2.494772,2.270342,2.189833,2.346697,3.300816,2.212991,2.722171,2.282341,2.185241
2.008690,1.989763,2.324364,2.837647,2.666205,2.597793,2.560142,2.459115,3.183776,1.681857,2.395685
2.252206,2.792386,2.838335,2.363554,2.057653,2.078265,2.548219,2.291474,3.019360,1.965505,2.198161
2.046619,2.453347,2.353053,2.174334,2.570253,2.031227,2.572187,2.290179,2.750132,1.934007,1.967685
2.339989,2.618394,2.370392,1.840435,2.362286,2.018519,2.561436,2.281085,2.300020,2.272964,2.245849
2.075119,1.928974,2.541930,1.694786,2.342717,2.313404,2.279712,1.770008,2.314618,2.210475,2.159856
1.936731,2.112932,2.306124,2.108220,2.016171,2.629694,1.564632,2.441941,2.155946,2.508421,2.462588
1.459480,1.943923,2.152439,1.911953,2.155993,2.534171,2.196261,1.859815,3.124490,2.276766,2.091590
2.341580,2.250811,2.509540,2.038135,2.073126,1.879965,2.389809,2.218237,2.731759,2.358942,2.495770
1.980065,2.150065,1.820000,2.134811,2.011797,2.024323,2.020253,2.307344,2.165892,2.568488,1.958111
1.872189,2.279117,2.152524,2.108987,2.341051,1.660693,2.466107,2.078458,2.343173,2.411318,1.811354
1.587273,1.788171,2.092514,2.514422,2.124165,1.916262,2.155724,2.394099,2.148470,2.195496,2.289437
2.146971,1.736874,2.284906,2.390092,1.877525,1.562529,2.040702,2.480929,1.942203,2.407917,2.057244
1.779076,2.149457,2.148425,1.796971,1.953234,1.605426,1.776797,2.156588,1.789383,2.549418,2.218593
2.328527,1.922042,1.819399,2.095275,1.916362,1.836161,1.920532,2.218577,2.147435,2.255826,1.779545
1.860005,2.313479,1.994149,2.027638,1.651033,2.159624,1.668718,2.228287,1.966881,2.327368,2.272390
1.909253,1.487352,2.765744,2.365722,1.703347,2.177186,1.762417,2.148954,1.431214,2.300631,1.813393
1.692486,1.931972,2.016627,2.256990,2.299392,2.198086,2.217987,2.227265,2.108436,2.045432,1.812997
1.821536,1.965582,2.135535,1.701039,2.034276,2.057907,2.038862,1.895171,2.139275,1.789466,2.226915
1.624542,2.123496,1.925436,2.038052,1.901593,1.716600,2.026145,1.692089,1.864804,1.550412,1.874859
2.025594,1.634241,1.828193,2.070799,1.888496,1.996095,1.826122,1.820571,1.929406,1.514431,1.840560
1.736156,1.436515,1.625610,2.058970,1.678610,1.615985,1.702589,1.897078,1.789805,1.785016,2.021313
1.676309,1.492418,1.718399,2.124544,1.543993,1.627308,1.513467,1.738032,1.792069,1.808818,1.503815
1.749414,1.428904,1.336416,1.361139,1.587326,1.756290,1.374222,1.612667,1.785825,1.301843,2.079814
1.391023,1.534853,1.558225,1.544872,1.612423,1.898371,2.028139,1.693705,1.614806,1.699373,1.718788
1.765732,1.734898,1.517750,2.007538,1.506049,1.630079,1.650697,2.034606,1.755520,1.821067,1.752947
1.872648,1.963408,1.378139,1.880712,1.569054,1.586600,1.618368,1.977730,1.904064,1.735818,1.877551
1.669290,1.707735,1.505773,1.599899,1.362855,1.786543,1.716116,1.797599,1.620497,1.718196,1.978507
1.293195,1.584762,1.651544,1.372095,1.197636,1.395767,1.418144,1.568484,1.297844,1.680965,1.263503
1.689551,1.615368,1.605321,1.502164,1.304151,1.737203,1.325344,1.263558,1.368096,1.747820,1.337538
1.951105,1.706642,1.367539,1.433846,1.171652,1.164601,1.639174,1.288155,1.494182,1.652863,1.613709
1.770416,1.675595,1.513624,2.027961,1.587596,1.432518,1.415695,1.350408,1.398612,1.402078,1.617180
1.513521,1.864450,1.739128,1.514982,1.759187,1.758352,1.209720,1.537393,1.607378,1.248149,1.354834
1.492455,1.635385,1.795128,1.667544,1.851229,1.817571,1.177552,1.738114,1.599206,1.627774,1.622714
2.159338,1.558987,1.362347,1.659915,1.433180,1.757910,1.374554,1.613830,1.562327,1.270422,1.526837
1.986695,1.341859,1.389637,1.290738,1.409753,1.514101,1.400242,1.342275,1.511276,1.434733,1.349283
1.768736,1.495161,1.415510,1.184188,1.395019,1.625277,1.409271,1.334114,1.291732,1.473598,1.320969
1.485624,1.290000,1.086664,1.334980,1.445247,1.560254,1.464772,1.415281,1.602748,1.300305,1.494513
1.090169,1.245799,1.210602,1.608777,1.247191,1.425864,1.379034,1.448033,1.282558,1.598817,1.321104
1.133975,1.202494,1.518389,1.486585,1.353350,1.657580,1.347968,1.571654,1.411146,1.460995,1.359991
1.191295,1.413503,1.151180,1.086206,1.054638,1.399373,1.113183,1.185936,1.579452,1.259655,1.263760
1.053803,1.436639,1.348909,1.235178,1.390364,1.081023,1.310188,1.408103,1.333937,1.208451,1.223501
1.020844,1.496644,1.511746,1.192344,1.125305,1.154372,1.265291,1.288768,1.393536,0.951206,1.545034
1.095983,1.295075,1.258352,1.188027,1.213217,0.953437,1.089582,1.143940,1.235641,0.970897,1.171835
1.160596,1.182945,1.020194,1.192344,1.107523,1.619576,0.997988,1.399264,1.285980,1.200638,1.223339
1.039029,1.079679,1.068724,1.074186,1.160222,1.113950,0.890636,1.044399,1.164173,1.238327,1.285332
1.327263,1.058034,1.252937,1.388644,1.026539,1.420390,1.052571,1.045273,1.485002,1.217632,0.957129
1.440641,1.161380,0.974380,1.397889,0.978342,1.223433,1.207690,1.123835,1.176040,1.436836,0.963424
1.300965,1.110102,1.223935,1.254692,1.130974,1.323908,1.286689,1.095759,0.932719,1.302662,1.114580
1.368482,0.986471,1.131317,1.108045,1.244603,1.278225,1.190541,1.157690,0.982398,1.262974,1.069116
1.268946,1.199107,1.172986,1.064034,0.971112,0.952238,1.201502,1.179903,0.937591,1.077026,0.942714
1.112987,1.130692,0.954353,1.209114,1.136787,1.163973,1.010519,1.368466,1.015004,1.237107,1.202290
0.946394,1.174429,1.252469,1.327560,1.062358,1.241765,1.185034,1.438273,0.883513,1.249333,1.128878
1.120161,1.116830,1.120266,1.041935,1.102257,1.346039,0.951874,1.127572,0.800389,1.116197,1.064187
0.909885,1.161220,1.085492,0.972281,1.006168,1.032859,0.695578,1.151977,1.057700,0.985636,0.790415
1.006650,1.008599,1.081548,0.795475,1.316002,1.136580,0.900599,0.994882,1.080706,0.852709,1.270683
0.846539,0.978825,1.061052,0.775868,1.077252,0.963197,0.956438,1.181780,0.888397,0.900260,0.886831
0.826039,0.922230,1.000749,0.868998,0.943640,1.059489,0.834366,0.951410,0.953888,0.932441,0.841761
1.026485,0.864707,0.887353,0.733317,0.906154,1.018251,1.126914,0.948272,0.638068,0.817410,0.999593
0.939595,0.875390,0.934319,0.781463,0.767018,1.068310,0.939234,0.635750,0.887846,0.787084,0.803833
0.776386,0.897321,0.873683,0.758595,0.818842,1.024838,1.115861,0.790910,0.840942,0.843931,0.717219
0.977558,0.789457,0.791738,0.875441,0.838497,0.897050,0.891672,0.835422,1.083975,0.856737,0.633600
0.818935,0.512821,0.853052,0.868013,0.896387,0.780048,0.731231,0.729525,0.872914,0.779545,0.735842
0.769663,0.609205,0.997088,0.753806,0.951251,0.886883,0.738310,0.792875,0.940205,0.639223,0.869143
0.624979,0.643158,1.009034,0.869969,0.868111,0.929590,0.752496,0.897793,0.876166,0.711617,0.717579
0.792756,0.779697,0.885182,0.632402,0.790215,0.745779,0.807843,0.820018,0.678995,0.839663,0.824882
0.716468,0.840883,0.836089,0.900068,0.700384,0.722180,0.740430,0.863975,0.584176,0.704879,0.712318
0.843174,0.713343,0.797579,0.595898,0.818752,0.712849,0.760184,0.737157,0.448040,0.699038,0.758852
0.894417,0.865321,0.755625,0.738207,0.642408,0.845971,0.957216,0.971920,0.645959,0.914095,0.717276
0.926216,0.738527,0.666725,0.739018,0.591522,0.654077,0.939884,0.773261,0.689861,0.837783,0.696205
0.750499,0.701122,0.610037,0.845917,0.682874,0.552279,0.934954,0.747115,0.598588,0.759551,0.828482
0.825931,0.747156,0.694565,0.787618,0.836802,0.888051,0.829796,0.723086,0.666915,0.748422,0.691676
0.712766,0.809817,0.592804,0.813146,0.874831,0.795352,0.664258,0.651465,0.622820,0.637430,0.743676
0.891052,0.767963,0.626154,0.669747,0.555208,0.838931,0.758847,0.615150,0.776931,0.631777,0.644658
0.720907,0.726973,0.569498,0.721552,0.660867,0.726924,0.879539,0.747076,0.757887,0.515714,0.707427
0.688764,0.715904,0.458214,0.608168,0.606504,0.626165,0.763991,0.495727,0.688259,0.679537,0.822194
0.591729,0.687541,0.478435,0.662414,0.665723,0.462862,0.642012,0.483745,0.954173,0.647667,0.659983
0.895665,0.863369,0.550790,0.738358,0.602041,0.564689,0.637211,0.642905,0.692591,0.578300,0.608899
0.783156,0.924696,0.529604,0.608179,0.699405,0.703967,0.643408,0.501323,0.725183,0.696869,0.679494
0.704102,0.676288,0.550741,0.695883,0.570283,0.614500,0.670071,0.559624,0.616652,0.568225,0.519976
0.775944,0.681396,0.514632,0.624673,0.590960,0.596107,0.500880,0.495689,0.732637,0.528536,0.639094
0.712834,0.590793,0.585703,0.619408,0.611719,0.614163,0.657092,0.652254,0.737594,0.846753,0.562991
0.619013,0.501442,0.600776,0.677294,0.538467,0.613174,0.552739,0.615152,0.608848,0.573080,0.576937
0.460362,0.529930,0.511321,0.697068,0.552627,0.507050,0.606837,0.483523,0.633552,0.544307,0.759192
0.468217,0.404329,0.419889,0.729080,0.510060,0.415452,0.557286,0.443699,0.766664,0.652405,0.566906
0.578427,0.468353,0.492555,0.549190,0.471811,0.611189,0.454581,0.505073,0.660567,0.634183,0.553020
0.548144,0.614989,0.476690,0.599966,0.476534,0.509471,0.509485,0.488873,0.584217,0.736696,0.671763
0.463379,0.618392,0.571442,0.441303,0.683517,0.573439,0.457508,0.444864,0.574359,0.500529,0.667236
0.513802,0.451250,0.636995,0.552347,0.652656,0.598935,0.549894,0.398661,0.494623,0.396485,0.733308
0.563202,0.598328,0.633219,0.677885,0.552207,0.493440,0.533464,0.372914,0.498563,0.503400,0.631501
0.528587,0.551857,0.635855,0.466376,0.498055,0.508421,0.620337,0.531829,0.506362,0.577080,0.582520
0.556276,0.621822,0.522730,0.587149,0.470518,0.528902,0.419283,0.433053,0.523277,0.599310,0.561750
0.496407,0.479625,0.434041,0.504447,0.507615,0.397494,0.541891,0.529830,0.515301,0.650956,0.531137
0.574779,0.572737,0.585350,0.569374,0.482024,0.409567,0.517911,0.486358,0.548067,0.586095,0.495728
0.412666,0.552755,0.535271,0.607833,0.593906,0.505020,0.649154,0.425704,0.487309,0.525015,0.359169
0.345354,0.437232,0.508015,0.471690,0.568063,0.389187,0.571902,0.664676,0.396770,0.554810,0.337309
0.463923,0.318498,0.488246,0.468363,0.611717,0.492844,0.520550,0.480701,0.444451,0.487514,0.307695
0.402384,0.450608,0.459562,0.565616,0.456623,0.510128,0.518853,0.583345,0.353327,0.385356,0.453526
0.370841,0.424083,0.574835,0.508921,0.586515,0.529330,0.557434,0.662458,0.392665,0.506191,0.463747
0.454131,0.486062,0.456283,0.444835,0.707419,0.557480,0.530492,0.659632,0.359607,0.465671,0.476204
0.357632,0.598894,0.423754,0.498914,0.541643,0.571880,0.383591,0.482844,0.503420,0.528142,0.374228
0.365975,0.430654,0.436969,0.545395,0.497639,0.519764,0.368933,0.508461,0.455029,0.402556,0.338339
0.404842,0.342994,0.451114,0.419994,0.487286,0.505363,0.438294,0.420622,0.448034,0.498734,0.276034
0.310791,0.426500,0.452413,0.589789,0.488256,0.674221,0.428115,0.451495,0.440565,0.464283,0.331846
0.289047,0.272581,0.476375,0.499665,0.515063,0.509386,0.363501,0.429889,0.407797,0.412880,0.302438
0.411916,0.438290,0.490624,0.563100,0.370554,0.391626,0.318583,0.465012,0.393838,0.470724,0.465662
0.408185,0.399568,0.489066,0.575260,0.371882,0.467290,0.290472,0.520608,0.457858,0.403590,0.486147
0.329509,0.346180,0.545009,0.507393,0.342274,0.479614,0.374076,0.456797,0.554211,0.419019,0.573050
0.395801,0.363155,0.496106,0.573042,0.410984,0.435010,0.389660,0.368997,0.362363,0.468780,0.484169
0.377135,0.350145,0.412632,0.519335,0.420236,0.504593,0.379804,0.432353,0.419469,0.404845,0.488051
0.393924,0.372485,0.383096,0.433272,0.384407,0.393927,0.327413,0.535696,0.488175,0.383820,0.489336
0.433727,0.400948,0.428085,0.271945,0.324160,0.370368,0.451821,0.431740,0.397918,0.362993,0.403082
0.484578,0.474332,0.415063,0.357487,0.371914,0.489469,0.472109,0.436068,0.416610,0.395915,0.500781
0.454360,0.342464,0.372855,0.373833,0.307556,0.437165,0.451465,0.488380,0.494200,0.465169,0.474816
0.468418,0.460645,0.307006,0.484528,0.405813,0.352203,0.370922,0.355359,0.469915,0.404109,0.421936
0.381345,0.397473,0.404048,0.425696,0.369043,0.443706,0.380525,0.476250,0.384814,0.525427,0.556808
0.490683,0.372519,0.333499,0.457889,0.420438,0.407253,0.366323,0.475843,0.453620,0.565953,0.395823
0.521723,0.407864,0.544039,0.533818,0.478630,0.495784,0.461197,0.378692,0.455058,0.416482,0.378817
0.411200,0.508926,0.577949,0.483607,0.551515,0.453587,0.348575,0.519453,0.510830,0.464635,0.368061
0.532996,0.413627,0.496141,0.424000,0.463386,0.444226,0.427300,0.572245,0.345392,0.444727,0.329778
0.459342,0.478749,0.491209,0.507243,0.420698,0.507920,0.461688,0.647582,0.520741,0.456767,0.446624
0.469497,0.446371,0.467808,0.398341,0.508350,0.432380,0.367796,0.613971,0.349027,0.411844,0.403893
0.504076,0.406031,0.406549,0.398340,0.460941,0.464676,0.485693,0.432121,0.424203,0.408571,0.539498
0.440425,0.528203,0.391243,0.478567,0.548233,0.400408,0.444796,0.458605,0.400702,0.466263,0.583606
0.383400,0.392167,0.407771,0.449814,0.388130,0.463549,0.471801,0.413122,0.433822,0.514064,0.484311
0.287671,0.547522,0.412422,0.417123,0.399815,0.559083,0.523354,0.484577,0.465664,0.405278,0.503849
0.283156,0.447293,0.480048,0.426033,0.472761,0.475920,0.424081,0.424380,0.486265,0.421549,0.489969
0.368990,0.495677,0.425544,0.308918,0.399983,0.397191,0.377459,0.568345,0.537448,0.363900,0.444877
0.353573,0.458261,0.531515,0.493072,0.371372,0.554557,0.312975,0.541658,0.583180,0.359441,0.367414
0.403835,0.413158,0.502818,0.559167,0.337342,0.390647,0.387787,0.475102,0.498838,0.469239,0.472316
0.396986,0.482994,0.413937,0.442034,0.524069,0.435498,0.379599,0.510807,0.436159,0.443183,0.531343
0.438008,0.370145,0.471746,0.514436,0.441469,0.394002,0.390818,0.517327,0.398307,0.462210,0.464952
0.494613,0.500468,0.488441,0.502111,0.544619,0.382396,0.399031,0.561652,0.364121,0.583171,0.559938
0.470624,0.543495,0.464247,0.531667,0.575968,0.483148,0.390261,0.708651,0.398154,0.479481,0.555634
0.555868,0.525089,0.502960,0.478117,0.517803,0.536988,0.395096,0.604873,0.266320,0.390637,0.434885
0.724848,0.423529,0.667073,0.595049,0.378284,0.394786,0.380221,0.448444,0.434894,0.577235,0.529351
0.452404,0.412000,0.565207,0.398440,0.552719,0.456792,0.389212,0.473198,0.314225,0.492290,0.584539
0.531956,0.433934,0.590494,0.492513,0.434330,0.513855,0.395104,0.516255,0.368420,0.535353,0.492940
0.515899,0.564326,0.615519,0.546921,0.466395,0.403077,0.358610,0.467306,0.478550,0.583241,0.505192
0.622833,0.387757,0.534277,0.451563,0.423884,0.558341,0.456693,0.565307,0.499775,0.649408,0.489393
0.578121,0.431824,0.521445,0.493214,0.473172,0.548325,0.458807,0.574442,0.539015,0.538450,0.475158
0.640789,0.386537,0.547530,0.522081,0.449285,0.645867,0.361188,0.477589,0.477985,0.466159,0.532289
0.648132,0.525691,0.505761,0.504703,0.416901,0.581222,0.465240,0.504911,0.511967,0.500746,0.524121
0.614288,0.463063,0.710863,0.595817,0.570480,0.522594,0.623630,0.599983,0.524789,0.422881,0.616751
0.686277,0.504978,0.562159,0.559319,0.530857,0.550021,0.637168,0.497722,0.577086,0.553000,0.600652
0.539336,0.697148,0.517713,0.413971,0.452833,0.524327,0.584184,0.577911,0.504284,0.597328,0.626010
0.624459,0.544556,0.446119,0.553485,0.572303,0.536742,0.682435,0.642797,0.456274,0.514235,0.587238
0.484072,0.511432,0.627908,0.567772,0.628293,0.582602,0.551792,0.498754,0.578866,0.638465,0.521204
0.486736,0.631893,0.558818,0.703938,0.502303,0.642894,0.729331,0.463531,0.757693,0.630923,0.612438
0.380062,0.643217,0.563414,0.709369,0.587259,0.718794,0.757322,0.460637,0.679270,0.474498,0.609304
0.404129,0.479204,0.553826,0.591719,0.646478,0.507415,0.650579,0.495143,0.638541,0.514086,0.593720
0.410610,0.580238,0.616729,0.633392,0.642277,0.549271,0.601376,0.587495,0.432576,0.451269,0.655008
0.574729,0.691841,0.604794,0.655905,0.680350,0.556683,0.688435,0.570300,0.604913,0.572964,0.673105
0.676139,0.591098,0.577458,0.471424,0.713517,0.619132,0.601795,0.564901,0.585099,0.647137,0.615990
0.895167,0.704253,0.595259,0.479315,0.725440,0.759521,0.650413,0.733967,0.550634,0.540334,0.707586
0.686403,0.593738,0.585831,0.437342,0.637613,0.502882,0.834601,0.736458,0.652065,0.725975,0.589896
0.692135,0.670555,0.693822,0.435061,0.614880,0.616261,0.666731,0.715601,0.593645,0.670692,0.659686
0.588234,0.694205,0.552210,0.584576,0.566253,0.613310,0.666293,0.642105,0.651342,0.707068,0.600349
0.568988,0.579437,0.671634,0.593968,0.660689,0.626272,0.748032,0.542106,0.612534,0.609602,0.553641
0.807571,0.625659,0.730248,0.685082,0.523801,0.464008,0.658781,0.679391,0.898383,0.740622,0.622415
0.759556,0.672237,0.579848,0.604660,0.635774,0.569735,0.718387,0.565655,0.816602,1.021035,0.739834
0.576041,0.628741,0.616364,0.632123,0.524694,0.571576,0.931006,0.658805,0.894700,0.763188,0.625077
0.740917,0.749948,0.576887,0.796395,0.611654,0.633623,0.740151,0.727455,0.721773,0.756382,0.545567
0.767310,0.683277,0.660377,0.793707,0.685774,0.845152,0.927249,0.739067,0.885331,0.921051,0.606820
0.905214,0.824955,0.685475,0.705734,0.578120,0.823466,0.743813,0.835742,0.940675,0.850090,0.721123
1.033032,0.661580,0.856695,0.863366,0.654652,0.663553,0.785553,0.895129,0.792652,1.091013,0.803596
0.628671,0.599930,0.854620,0.775238,0.657437,0.621345,0.723269,0.793776,1.014628,0.928936,0.594349
0.702893,0.993489,0.754124,1.001998,0.851633,0.790053,0.862122,0.748862,0.943748,0.835024,0.894922
0.656453,0.745567,0.811391,0.919588,0.530808,0.760979,0.831068,0.944283,0.845590,0.710440,0.779480
0.857161,0.545975,1.026604,0.779884,0.615417,0.931284,0.809035,0.741339,0.846603,0.637022,0.918760
0.810739,0.671149,0.926425,1.097575,0.668048,0.941328,1.003698,0.685098,0.978504,0.754245,0.897331
0.892042,0.692660,0.973972,1.054528,0.633369,1.137791,0.863364,0.830511,1.006795,0.808424,0.691962
0.733490,1.068163,1.078234,1.098421,0.755258,1.004723,0.978501,0.896174,0.838533,0.739163,0.953068
1.102585,1.129772,0.921154,1.062677,0.818048,1.030386,1.058757,0.795480,0.811756,0.836930,0.933112
0.832254,0.897317,0.885659,0.882711,0.856287,1.163289,1.012313,0.761864,0.746012,0.885502,0.889468
0.772364,1.028686,0.840725,0.908729,0.956165,1.197230,0.882747,0.847919,0.737035,0.891821,0.866425
0.765013,0.987397,0.932037,0.771906,1.091268,1.223226,0.950298,0.818700,0.840826,1.032247,0.983776
0.885388,0.912131,0.959866,1.025724,0.836836,1.052608,1.033649,1.003010,0.890269,1.021982,0.835676
1.194020,1.186037,1.111639,1.040036,0.670878,1.071542,0.938115,1.054174,1.109247,1.142631,0.946214
0.950246,0.913041,1.213949,0.846863,0.859691,0.908162,0.997868,1.005298,0.815667,0.898158,0.957709
0.815072,1.273646,0.863573,0.827542,0.629627,1.003872,0.976891,0.878969,0.866373,1.045095,0.920583
1.287284,0.793775,0.977874,0.942552,0.769002,1.014873,1.075979,1.001535,0.751383,1.152118,1.201662
1.092940,0.999150,0.845035,1.191031,0.878811,1.315312,1.112262,0.975810,0.840240,0.949834,1.069439
1.102920,0.973003,1.046306,1.258428,0.923219,1.217638,1.134562,0.960092,1.070002,1.081498,1.204603
1.032973,1.137262,1.039121,1.019443,1.154274,1.294002,1.133863,0.939814,1.180694,1.293976,1.256238
1.393485,1.275334,0.894058,0.974815,0.969631,1.032373,1.176144,0.864554,1.232645,1.080257,1.114440
1.278435,1.269217,1.168070,1.065571,1.203251,1.158697,1.298660,0.905454,1.053021,1.339311,1.323630
1.414414,1.182635,0.881788,0.896857,0.944821,1.217832,0.947364,0.964505,1.014143,1.354442,1.130864
1.334752,1.136740,1.111932,0.896642,1.171737,1.385316,1.025957,1.212383,0.997372,1.360034,1.454018
1.259176,1.002529,1.333360,0.964065,1.399272,1.314995,1.101314,1.010293,0.976527,1.126087,1.593140
1.338030,1.321191,1.247152,1.240166,0.929191,1.223624,1.214948,0.975127,1.143194,1.025026,1.564631
1.302140,1.342201,1.511073,1.073935,0.715314,1.465133,1.240898,1.056332,1.321856,1.157092,1.366532
1.148444,1.243240,1.324469,1.384514,0.920764,1.357986,1.396448,1.421576,1.208740,1.065352,1.440958
1.242310,1.199193,1.317903,1.291227,1.243540,1.291993,1.141390,1.270169,1.325120,1.176779,1.586480
1.373836,1.610454,1.416475,1.006289,1.028023,1.615856,1.471375,1.394269,1.403317,1.357974,1.581813
1.286636,1.816911,1.329096,1.036323,1.128435,1.698805,1.252777,1.160032,1.189320,1.464165,1.517076
1.675856,1.841767,1.200619,1.500472,1.496742,1.299696,1.201966,1.221825,1.076392,1.583638,1.176747
1.587534,1.728842,1.239167,1.473952,1.109464,1.600070,1.441234,1.547045,1.267397,1.354360,1.077010
1.579179,1.444208,1.486214,1.308491,1.278012,1.655995,1.435064,1.709810,1.090624,1.217088,1.252877
1.681333,1.486830,1.419236,1.211454,1.344521,1.571527,1.565368,1.335265,1.815904,1.731998,1.297349
1.741964,1.669904,1.259626,1.405066,1.294897,1.780082,1.611325,1.128079,1.450365,1.476064,1.272366
1.964400,1.687027,1.177040,1.126238,1.035025,1.624107,1.736271,1.463876,1.516047,1.848943,1.754072
1.270997,1.665994,1.142518,1.411613,1.264638,1.696437,1.901281,1.468921,1.646461,1.591451,1.434787
1.667459,1.477084,1.186057,1.586747,1.164184,1.776458,1.675943,1.511061,1.765100,2.057482,1.353817
1.629807,1.502117,1.212099,1.317531,1.214563,1.747770,1.221869,2.070017,1.594354,1.709162,1.384050
1.704865,1.525972,1.544579,1.454270,1.184479,1.101922,1.447428,1.476713,1.859895,1.487908,1.441303
1.698363,1.448418,1.461410,1.506585,1.594848,1.147687,1.226367,1.890116,1.927941,1.550008,1.411456
1.790779,1.349126,1.780949,1.111400,1.388263,1.530507,1.454031,1.882761,1.570926,1.609547,1.775572
1.775636,1.223077,1.670738,1.358545,1.442326,1.128943,1.554423,1.511244,2.225832,1.228630,1.369023
1.375299,1.488083,1.717860,1.326064,1.501311,1.303517,1.543122,2.347824,1.534569,1.458786,1.641053
1.282993,1.519057,1.619347,1.392255,1.273637,1.854617,1.344125,1.815386,1.972536,1.587920,2.001282
1.317200,1.741317,1.793754,1.326290,2.098921,1.940773,1.393485,1.241417,1.777756,1.471568,2.023088
1.663350,1.963811,1.428548,1.734818,1.986812,2.420364,1.426192,1.050647,2.014265,1.832078,2.314385
1.387488,1.574734,1.389569,2.189962,1.628259,1.661006,1.612302,1.780818,1.553975,1.858805,2.065310
1.653293,1.528772,1.600874,2.027336,2.206781,1.682269,1.659638,1.904222,1.594620,1.654198,2.241519
1.777137,1.649847,1.253212,1.981313,1.608922,1.991737,1.451760,1.867787,1.554759,1.678879,1.645703
2.039582,1.692473,1.639961,1.799587,2.177888,1.994406,1.921427,2.406181,1.709714,2.213155,1.570928
1.734962,1.737059,1.528908,1.754707,2.376160,1.996634,1.525039,2.522960,1.683860,1.946196,1.830983
2.034325,2.133801,2.207357,1.862898,2.021422,2.255836,1.963159,2.181132,1.710315,1.622856,2.055241
2.198953,2.093390,1.531286,1.934393,1.924636,1.974179,2.075382,1.811432,1.737465,1.810297,1.914970
1.860687,1.623722,1.704595,1.933074,2.366116,2.427061,1.876729,1.613736,2.032241,2.138461,1.950222
1.624396,1.660775,1.871948,1.905803,1.747476,2.559364,2.317371,2.225672,1.898674,2.384497,2.471111
1.960034,1.914983,1.962189,2.066457,2.040913,2.270664,2.284141,1.714563,2.081000,2.546476,2.378195
2.101944,2.105370,2.298590,2.165564,1.640551,2.404646,2.481999,1.898488,2.343993,2.107282,2.428124
1.972073,1.873516,2.319856,2.407048,1.597023,2.245053,2.001990,1.998951,1.882074,1.811070,2.196952
2.303614,1.955075,1.842861,2.320742,1.735937,2.509789,2.233394,1.738815,1.963385,2.332887,2.239329
2.141934,1.732399,2.112179,2.189519,2.072993,2.484173,1.774462,1.674514,1.955985,2.281377,1.719146
2.086318,1.675651,2.217926,1.729984,2.214432,2.390236,2.396379,1.824659,1.821136,2.233094,2.195178
2.749092,2.219963,1.673173,1.954900,1.830569,2.090348,2.005709,1.470046,2.254149,2.235052,1.891464
2.824634,2.472551,2.218415,2.131538,2.050873,2.021237,1.904348,1.850568,2.170002,1.980683,2.482698
1.886233,2.230497,1.843524,2.080052,2.580463,2.346741,2.072521,2.204609,2.600544,2.462565,2.211506
2.020354,2.840667,2.381722,1.859075,2.592256,2.525607,2.205880,2.206703,2.431412,2.424740,1.587253
2.283517,2.601832,2.300779,1.909692,2.224525,2.610608,2.455319,2.518327,2.049599,2.580852,1.704482
2.399429,2.917469,2.455606,2.247910,2.507963,2.888256,2.061390,2.785970,2.215578,2.288980,1.807172
2.507596,2.641940,2.414655,2.456084,2.235715,2.391842,2.558206,2.326234,2.041508,1.980783,2.982773
2.239833,1.915748,2.290630,2.567555,2.818523,2.324499,2.660748,2.436387,2.064023,2.174934,2.607095
3.363104,1.687828,1.890499,2.602932,2.805441,2.355295,2.698440,2.630148,2.014532,2.016938,2.366785
2.669511,2.715370,1.791873,2.368298,2.492890,2.387066,2.783439,3.086363,2.746257,2.733698,2.730049
2.010371,2.876112,2.260408,2.364117,2.937560,2.836062,2.606735,2.912850,2.483076,2.988391,2.307778
2.178077,2.899599,3.022393,2.801927,2.854951,2.984416,2.278436,2.577879,2.605534,2.136814,2.533444
2.494168,2.429796,2.230169,2.777946,2.985157,2.557463,2.922392,2.161360,3.119614,3.089598,2.561335
2.937020,2.203047,2.559491,2.335182,2.948460,2.364854,3.122551,2.387840,2.514969,2.665560,2.163122
2.835799,2.064302,2.359917,2.947308,2.539214,2.445487,3.019409,2.447677,2.459902,2.748774,2.348067
2.483997,1.986214,2.349890,2.420884,2.472807,2.798238,3.123156,2.512305,2.171641,2.497465,2.768845
2.801008,2.166581,2.547219,2.370759,2.620367,2.521555,2.538289,2.373630,2.404583,2.891048,2.678997
2.536009,2.219034,3.020666,2.254204,2.810443,2.678508,2.137534,2.955397,2.200916,2.507664,3.180508
2.421261,2.854619,3.195504,2.150230,2.528628,3.025130,1.779964,2.494141,2.194765,2.314214,3.087482
2.538256,2.591033,2.750851,2.366050,3.091585,2.752710,2.417046,2.453513,2.621403,2.483729,2.378034
2.973561,2.181256,3.347412,2.935907,2.452738,2.865743,2.396456,1.880375,2.908648,2.594494,3.448073
3.171516,2.257427,2.446535,2.887394,2.535144,3.477090,2.730594,1.902607,2.698666,3.337867,3.117689
3.488280,2.824369,2.648286,2.579681,2.447432,3.154801,3.183641,2.695505,2.105651,3.082003,2.650023
3.334672,2.419835,2.404407,2.891624,2.663020,2.518060,2.732543,2.331362,2.589245,3.136636,2.252570
2.676836,2.960243,2.478728,2.573515,2.735711,2.568675,2.853904,2.374220,3.020158,2.659296,3.230984
2.349143,2.763579,2.206855,3.527496,2.696600,1.937706,3.743308,2.237670,2.416634,2.288896,3.034861
2.344094,2.467429,3.106329,2.677194,2.434142,2.351942,2.932927,2.886019,2.771056,2.428249,2.657273
3.060407,2.711449,2.952398,2.881167,3.218380,2.260314,3.013093,2.697046,2.564609,2.559778,2.705046
3.116493,2.488012,2.640364,2.904793,3.243478,2.493858,2.256034,2.592936,2.215761,2.401818,3.094535
3.353531,3.005309,2.710315,2.849819,2.938676,2.077046,3.155757,3.057450,2.794239,2.874386,2.714883
2.776236,3.218080,3.361170,2.967224,2.745990,2.905332,2.677158,2.829674,2.788973,2.941952,2.793654
2.928002,2.597136,3.307238,2.443502,2.437322,2.595910,3.330471,3.082507,2.403819,3.111075,2.798286
3.118810,3.245481,3.319759,3.578553,2.677244,3.109280,3.225621,2.758489,2.772142,3.019763,2.441555
3.227736,2.412953,2.760202,2.785246,2.908320,3.238424,2.948949,2.582872,2.785300,2.757789,2.516313
2.990265,2.664370,3.039137,2.568682,3.025086,2.977647,2.945126,2.518583,2.175883,3.133115,2.737033
3.139330,3.147120,2.432373,3.362495,3.228529,2.864186,3.929666,3.493971,3.240588,3.444539,2.335188
2.751117,3.501271,2.154064,3.107007,3.277748,2.661060,3.663321,3.241180,2.884779,3.553519,3.330319
3.155706,3.408476,3.063104,3.190890,3.082932,3.466557,3.082432,2.819373,3.181996,3.241215,3.371598
2.886184,3.791867,3.846672,3.125191,3.231244,3.251076,3.358256,3.029691,2.947601,3.050088,3.696741
3.028312,3.352441,3.211075,3.033076,2.826868,3.037540,3.487734,2.763762,2.709744,2.964653,3.440244
2.892569,3.118392,3.173465,3.332463,2.639815,3.610292,3.428840,2.815341,3.036750,3.915527,2.982221
3.256613,3.389768,2.910819,3.345258,3.430736,3.967548,3.070766,3.736924,2.903913,3.324622,3.223986
3.501104,3.972678,3.000375,3.438447,3.608807,3.352505,2.295104,3.410245,3.288106,2.724759,3.048360
3.174552,3.869454,3.004039,3.718266,3.460051,3.115338,2.788146,3.036080,3.563741,3.171348,4.126147
3.927258,3.101950,3.738446,3.225218,3.589423,2.289937,3.011869,3.324845,3.939935,2.832949,3.698776
3.209970,3.149057,3.293590,3.112406,3.567980,3.262046,3.716958,2.297860,3.539045,4.072441,3.386251
3.225716,2.737358,4.052441,3.384334,3.214336,3.163337,2.918764,2.816176,3.677133,3.788662,3.437488
4.238299,3.621665,3.239273,2.961135,3.481752,2.924600,3.220791,2.904793,3.325474,3.615286,3.735073
3.442851,3.736556,3.320546,2.863184,3.605495,3.161012,3.562711,3.470766,3.338934,3.472703,4.232519
3.377062,3.103152,3.353790,3.590465,2.716794,3.030777,3.189741,3.496991,3.476510,3.360838,3.149678
3.184591,3.865397,2.937448,3.499904,3.391956,2.968680,3.187246,3.357950,2.984252,3.497552,3.616883
2.989759,3.664495,2.858238,3.586636,3.155592,3.396947,2.807571,3.094245,3.958703,3.151903,3.269733
3.223034,3.616829,2.992600,3.683459,2.477006,3.420742,3.102107,3.524470,3.495593,3.361183,3.130724
3.521600,3.711038,3.313801,3.885980,3.025001,3.855858,3.478978,3.149914,3.353196,2.586054,4.030226
3.833141,2.964129,4.002235,2.801038,2.967074,3.597152,3.175182,3.900848,3.435072,3.569800,3.732519
3.927602,2.844983,3.777555,3.261434,4.229853,3.436242,4.111795,3.267747,3.149839,4.037415,3.552812
4.475458,3.373895,3.316477,4.262584,3.707641,3.008825,4.308773,3.515125,3.236947,3.486727,3.767050
3.357237,3.110040,3.287955,3.557883,3.184599,3.266498,4.373069,2.861737,3.344438,3.686729,3.846822
2.882156,3.498043,3.211279,3.346595,3.470659,3.677938,4.566250,3.293605,3.516077,4.013125,2.993088
2.933974,2.853320,3.629966,3.042386,3.374837,3.574861,3.385216,3.122312,3.923078,3.431799,3.496360
3.852896,3.513487,3.580020,3.609096,3.719804,3.804927,4.010879,2.611891,3.537561,3.338912,2.728826
3.718892,3.488436,3.955612,3.306157,3.821912,2.850396,3.863174,3.255459,4.045475,3.077566,2.482841
3.630523,3.122605,3.640966,3.205628,2.968659,3.266272,3.178154,3.179208,2.751962,2.695992,3.643689
3.824711,4.028275,3.642081,3.571394,3.775621,4.314954,3.853913,3.021096,3.800659,3.515339,3.824204
3.791711,3.531804,3.317585,3.174703,3.270277,3.056779,4.063158,2.149834,3.545886,3.531534,3.480115
3.233830,3.949978,3.808121,2.732392,3.459249,3.653005,3.818839,2.947809,2.999237,3.489947,3.671859
3.010101,3.463916,3.982312,3.727137,3.167066,3.590734,3.455682,3.302890,3.692127,3.410808,3.780377
3.254674,3.871401,3.998867,3.220615,2.885757,3.534970,3.239322,3.234976,3.382133,3.479686,3.553775
3.072872,3.682881,3.012859,2.804721,2.765067,3.245197,2.616966,3.695254,3.921327,3.163058,3.206862
3.048671,3.552740,4.054746,2.954380,3.123561,3.233308,3.253970,3.905548,4.053351,2.650787,3.214214
3.282060,3.239745,3.037716,3.766551,3.315351,3.592372,3.180082,3.472543,2.886677,3.104315,3.368059
3.985478,3.575279,3.557527,3.898415,2.863722,3.845984,2.915180,2.624708,3.462461,3.267901,3.631749
2.963929,2.758818,2.976411,3.055121,3.795215,3.207384,3.209905,2.976692,3.098672,3.255942,3.735670
3.488239,4.161656,2.753912,3.195097,3.666958,2.776954,2.664023,3.851019,3.812561,2.567796,2.780700
3.146962,3.325005,3.219190,3.111031,3.030694,3.677602,3.023498,3.948656,4.181507,3.743680,2.543671
3.473328,3.335268,3.611777,3.554367,4.180797,4.073621,3.177652,3.825538,3.870870,3.110437,3.768224
3.501182,3.418604,2.877326,3.430520,3.926558,3.648165,4.187956,3.244784,3.143368,3.704228,3.615459
3.276224,3.474452,3.786639,2.938116,3.565160,3.082318,3.630330,3.321366,3.804063,3.643146,3.117147
3.034033,4.042818,3.287071,3.458272,3.852152,2.560377,3.346642,3.315751,2.964445,4.146686,2.752773
2.894553,3.787664,4.178341,2.546355,3.718789,2.935128,3.896755,2.668031,3.896452,3.426312,3.553946
4.129464,2.900002,3.174592,2.655260,3.917207,3.069340,3.393345,3.519847,3.103171,3.452834,3.475580
3.865213,4.235611,3.144388,3.176297,3.583568,3.689039,3.511102,2.600686,3.134811,3.536496,2.782191
2.881164,3.135667,3.158888,3.625385,3.867355,3.645781,3.358149,3.680501,3.220770,3.846213,3.055685
2.858775,3.095345,3.980048,4.160749,3.907598,3.247452,3.759569,3.417113,2.877321,4.183861,3.181590
2.954436,3.137459,2.933586,3.803614,3.168563,3.452550,3.554503,3.288527,2.994918,3.353071,3.938938
3.295454,3.669666,3.884825,4.061377,3.402722,3.395647,3.042549,3.009011,3.371687,2.996357,3.204192
3.074687,3.737152,3.485015,3.555223,3.414555,2.929575,3.238060,2.921066,4.173810,3.302705,3.991225
3.079139,2.949403,3.845516,4.222632,2.751018,3.128311,3.525406,3.301554,2.889496,3.778382,3.502615
3.047863,2.932519,3.377141,4.080205,3.128479,3.569325,3.187738,3.017137,2.942966,3.687557,3.209101
2.881854,3.180607,2.919757,2.883571,3.114710,4.263141,2.726105,3.640286,3.019966,3.223243,3.482115
2.969250,2.924199,3.119185,3.742663,3.055741,3.786490,3.117979,3.202048,3.256675,3.724890,2.853570
4.124299,3.652805,2.798597,3.982368,3.262095,3.565561,3.285280,3.825987,3.360168,2.787792,2.984580
2.755021,3.242058,3.412521,3.547210,3.186867,3.675652,3.405014,3.458395,3.321921,3.921462,3.181973
3.323570,3.334258,3.311882,4.364832,2.912974,3.324423,2.926989,3.873140,4.024668,3.713710,2.878338
3.336952,3.684294,3.187881,3.959472,2.830346,2.559776,3.136026,3.246161,3.744226,3.241297,3.949725
3.937861,3.507060,2.780288,3.964156,3.474387,3.135721,3.714017,2.976125,4.322092,2.868246,3.951092
2.963334,3.408902,3.493376,3.713686,3.710590,3.730313,3.898725,3.262033,3.062832,3.783563,2.916998
4.158779,3.884651,3.084559,3.445890,3.111162,3.180382,3.142223,3.115704,3.282432,2.782041,2.858995
3.779960,3.841940,2.912934,3.027813,3.130067,3.119990,2.466164,3.261251,3.811248,2.491530,3.965695
3.103319,3.384534,2.953138,3.915941,3.040579,3.039125,2.184697,2.598885,2.697045,3.126111,3.558370
2.992682,4.006561,2.614703,3.455115,2.585379,3.613606,2.404497,2.927841,3.128698,3.718838,2.853501
3.052115,4.012408,3.021200,4.327997,2.974637,2.735824,2.656677,3.198460,3.185308,2.605127,3.031043
2.916067,3.145015,3.530929,3.668607,3.476535,3.032703,3.176091,3.061733,3.584863,3.078970,3.903930
2.781258,2.896501,3.652656,4.133671,3.400397,3.114469,2.739683,3.174502,3.498005,3.486877,3.393664
3.454917,3.236200,3.463599,3.277586,2.832577,2.668255,3.329011,3.725910,3.365052,3.657505,3.629580
3.965944,3.070744,3.775110,2.825321,2.962593,2.865867,3.659677,3.392259,3.293951,3.353568,2.879779
3.343972,3.949269,4.291773,2.944429,2.893614,3.147314,3.494253,3.272182,3.205277,3.535445,2.726525
3.376552,3.667735,3.479647,2.970689,2.254896,3.144218,3.500815,3.915028,3.041051,3.266371,2.734684
3.144516,3.067625,3.369162,3.490399,2.918689,2.952171,3.091951,3.743728,2.401429,2.747621,2.536321
3.225318,3.265629,2.552091,3.436949,2.471284,3.054080,2.972971,3.201347,3.526971,3.352346,3.447295
3.333862,3.013446,3.407084,2.991596,2.963524,2.548950,2.145000,3.107421,3.197358,2.652126,3.015369
3.243715,3.466599,3.468989,3.138020,3.296189,3.418690,2.161448,2.497717,2.535065,2.721400,2.733799
2.889400,2.328535,3.206256,3.086043,2.754861,3.571144,2.588833,2.583915,3.064121,3.392304,2.311041
3.739197,3.113600,3.599347,2.567113,2.314198,3.652458,3.068642,3.164396,2.773614,3.006080,2.363142
3.134264,2.738539,2.730237,3.453403,2.680451,3.746169,2.842915,2.295917,2.819605,3.266383,3.026509
2.651501,2.473154,3.441265,2.768043,2.364396,3.333215,2.890199,2.524341,3.137624,3.787888,2.835350
3.380568,2.925116,3.210170,2.772156,2.638593,3.082150,3.324841,2.707643,2.385609,3.028526,2.834980
3.587123,3.366609,3.246327,3.079176,2.891707,2.875138,3.114956,2.589617,3.165572,2.599791,2.867012
3.650318,3.128267,3.002266,3.058207,2.746477,3.131964,2.299479,3.370836,2.892794,3.675074,2.999665
3.405694,3.269909,2.977824,2.729194,2.865145,2.407531,2.845768,2.813245,3.008627,3.027997,2.848891
3.094263,3.477577,3.113512,3.104745,2.634174,2.969464,3.327048,3.550777,2.530433,2.531152,3.081882
3.225218,2.739396,2.793698,3.586866,2.508034,2.484963,2.676700,3.014345,3.604451,3.085287,2.659256
2.838439,3.119921,2.588971,3.011683,2.235317,2.429249,3.262704,2.480738,2.809678,3.383466,3.078462
3.048389,2.955205,3.052068,3.056046,2.304176,2.441086,2.803657,2.641686,2.933470,2.691650,2.821105
2.810186,2.704088,3.240923,3.537885,2.446583,3.087405,2.643971,3.043912,2.460464,2.110370,2.890289
2.956458,2.766287,3.027664,3.017764,2.214964,2.754411,2.430733,2.957684,2.942731,2.292467,2.831523
3.271727,3.065975,2.961244,2.811242,2.221718,2.633329,2.905817,2.354192,3.056122,1.864651,3.087146
3.089865,2.931798,3.163678,3.416041,2.202134,2.693062,2.397265,3.316299,2.056230,2.117916,2.745411
2.710116,3.270505,2.560244,2.878331,2.565443,2.147083,2.463448,2.987913,2.518361,2.133129,2.167141
2.750872,2.833945,2.780301,2.995323,2.692359,2.440842,2.761536,3.207773,3.379238,2.411082,2.113195
2.664975,2.900631,1.916404,3.131393,2.486186,2.675973,2.656428,2.885975,2.484852,2.928658,2.119615
2.662287,2.722432,2.346939,3.210993,2.019095,3.233565,2.452714,2.174025,2.218709,2.751650,2.792337
2.365120,2.394890,2.366374,2.588086,2.003553,3.005717,2.125730,2.760560,2.102116,2.726038,2.766544
2.734568,2.735165,1.844441,2.258370,2.556718,2.440916,2.863705,2.995421,2.341959,2.559699,2.228931
2.664678,2.475840,2.093151,2.578616,2.584944,2.379792,2.377642,2.642468,2.152955,2.506329,2.116232
2.492851,2.892600,1.834783,2.785243,1.891784,2.618291,2.526133,2.438567,2.520701,2.287707,2.538635
1.870451,2.867699,2.914367,2.025803,2.238411,2.397794,2.605821,2.386440,2.609211,2.953248,2.208759
2.169387,2.531162,2.100191,1.745158,2.190250,1.907855,2.038618,2.227844,3.178816,2.422943,2.601460
2.270685,2.486466,1.881848,2.206198,2.114290,2.370554,2.026677,2.380151,2.180652,2.720175,2.576879
2.317982,2.870069,2.390605,2.454886,1.720259,2.310909,2.467688,2.198160,2.508908,2.729281,2.222303
1.858335,2.532751,2.324997,1.917239,1.595282,2.435882,2.436559,2.532818,2.392095,2.854330,2.191805
1.909907,2.479527,2.204687,2.943962,2.338873,2.975992,2.226220,2.616440,2.139018,2.674631,1.771048
2.385587,2.409753,2.101565,2.253248,2.501566,2.318982,2.095633,2.086463,2.164307,2.792653,2.414884
1.836142,2.514695,2.314437,2.546111,2.442113,2.111489,2.245477,1.959989,2.456306,3.035507,2.054582
2.367864,2.666770,1.808534,1.875179,2.686484,2.122234,2.339657,1.971162,1.962974,2.791907,2.134491
2.819952,2.262552,2.275094,2.277528,1.853959,2.310523,2.511818,1.859100,2.290548,2.331185,2.057941
2.743196,2.678588,2.510818,1.927938,2.083807,1.625325,2.248207,2.139841,2.220323,2.324940,2.148904
2.797509,2.521148,2.316902,2.063081,2.033034,1.935426,1.989214,1.724033,2.114307,2.355248,1.827781
2.131200,2.156678,2.205712,1.704126,1.944432,1.959349,2.072805,2.205024,2.356493,2.205084,2.125220
2.576458,2.576275,2.246275,1.808384,2.273058,1.833475,2.344008,2.546491,2.359355,1.542885,2.034052
2.072112,2.342771,2.204690,2.055948,1.752723,2.013235,1.744249,2.332418,1.664968,1.551508,2.543696
1.918271,2.257405,1.905588,1.505068,1.540241,2.214659,1.831010,1.809668,1.825444,1.357396,2.144536
2.393538,1.792851,2.008215,1.812624,1.196751,2.155276,1.871069,2.419992,1.881551,1.589195,1.984931
1.865561,1.927149,1.846663,2.332508,1.808330,1.998162,1.504700,2.316845,1.891117,1.607952,1.892072
2.192193,1.947763,1.996100,1.659576,1.915081,1.466038,1.823539,1.886456,1.992520,1.698573,1.878988
1.936301,2.067185,1.797326,2.009791,2.210401,1.660810,2.087377,1.813594,1.528005,1.857136,1.481793
2.066962,2.041539,1.595878,2.034949,1.951007,1.702871,1.887757,1.797725,1.943353,1.731108,2.232597
1.942008,2.644025,1.919453,1.923738,1.924581,1.583879,1.428332,2.090244,1.699185,1.810261,2.338583
1.542235,1.900265,1.793972,1.713870,1.740733,1.502453,1.451451,2.006667,1.759935,1.325089,1.796806
1.522713,1.687543,1.718119,1.501300,1.685244,1.941538,1.355340,1.880017,1.944639,1.591962,1.684220
1.798942,1.716912,1.395308,1.354454,1.653287,1.757000,1.927175,1.868988,2.470879,1.867808,1.692819
1.669409,1.537128,1.512615,1.743513,1.878453,1.881858,1.832381,2.113811,1.808703,1.505414,1.482957
1.834589,1.804733,1.437540,1.504509,1.257133,1.540245,1.763821,1.668043,1.612604,2.123446,1.751788
1.389950,1.756361,1.895799,1.483599,1.364728,1.481203,1.998546,1.505805,1.642206,1.838429,1.651710
1.404606,1.460774,1.710146,1.379805,1.799081,1.558438,2.079801,1.856204,1.672218,1.757747,1.403570
1.620856,1.561184,1.553273,1.318223,1.734392,1.462791,2.132980,1.671126,1.682121,1.297016,1.494575
1.637871,1.908036,1.891111,1.700346,1.763304,1.530670,1.601616,1.575474,1.670264,1.542585,1.405710
1.478705,1.820704,1.585637,1.535444,1.506547,1.653353,1.588409,1.647610,1.858848,1.485417,1.181206
1.704669,1.428940,1.257002,1.520947,1.560650,1.662691,1.493796,1.206385,1.696059,1.645567,1.423075
1.613331,1.621629,1.327316,1.134453,1.884858,1.636361,1.337387,1.529319,1.258824,1.748202,1.167888
1.661373,1.270500,1.377937,1.144216,1.650596,1.301647,1.160857,1.415774,1.196790,1.674659,1.437359
1.617215,1.266576,1.645468,1.591347,1.341840,1.627310,1.414910,1.353494,1.380891,1.616371,1.474174
1.601322,1.441815,1.437133,1.313024,1.559415,1.604817,1.182524,1.195411,1.219736,1.673979,1.406683
1.435429,1.261398,1.460413,1.490851,1.279005,1.817804,1.315709,1.107550,1.770055,1.473468,1.382496
1.591141,1.449934,1.228323,1.066767,1.463254,1.407384,1.215682,1.645661,1.683467,1.458946,1.332220
1.863202,1.298808,1.578993,1.384978,1.335281,1.205547,1.307648,1.312038,1.362743,1.421968,1.297707
1.710482,1.461861,1.064183,1.567179,1.574890,1.144237,1.271123,1.176935,1.298089,1.211451,1.284928
1.267002,1.302535,0.932345,1.232038,1.192514,1.131929,1.017339,1.263289,1.136167,1.270619,1.653835
1.258351,1.151059,1.194903,1.111099,1.136244,1.096588,1.409257,1.027063,1.249080,1.320654,1.865636
1.175248,1.287087,1.140154,1.363327,1.332710,0.911120,1.504031,1.054229,1.397306,1.301962,1.674349
1.515009,1.342140,1.124211,1.195999,1.118272,1.056753,1.107829,1.421945,1.194789,1.408035,1.348546
1.860955,1.282906,1.109056,1.460958,1.228140,1.116713,1.073500,0.974941,1.344419,1.418854,1.203224
1.266831,1.322197,1.104436,0.998415,1.140443,1.084091,1.287927,1.282589,1.406658,1.242504,1.136881
1.499838,1.255594,1.227031,1.489914,1.209483,0.978805,1.280289,0.814660,1.364266,0.999156,1.239934
1.095251,0.915151,1.018290,1.313000,1.039420,1.276772,1.198321,0.882498,0.950036,0.991651,1.296107
1.194993,0.857203,1.130680,1.328191,1.224831,1.128744,1.209885,1.105222,1.174111,1.214223,1.529898
1.119152,1.110017,1.077891,1.341301,1.028006,0.986396,1.002886,0.972142,1.061394,1.065106,1.306799
1.091734,1.122211,0.885848,1.253831,0.916765,1.054602,1.100602,1.169915,0.894306,1.089424,1.346941
1.235197,1.069474,0.973348,1.247616,1.043556,1.211790,0.881751,0.941167,0.956190,1.134925,1.125311
1.272271,1.276309,1.003831,1.003751,0.888671,1.117327,1.086988,0.804948,0.714954,1.098377,1.158919
0.909395,1.084527,0.894147,0.997916,1.000350,0.666169,1.029275,0.851527,0.939596,1.316642,1.032753
0.952786,1.084424,0.782155,0.880439,0.970346,0.926186,1.129556,0.949741,0.743787,1.143873,1.043825
1.078484,0.863812,1.121950,0.886271,1.180154,0.813630,0.955721,0.763899,0.905788,0.930570,1.171932
1.004971,0.921585,0.931511,0.852411,1.182443,0.948724,0.823581,0.927091,0.933734,1.038307,1.117138
0.757571,0.963094,0.788170,0.906947,0.950781,1.048164,0.785678,0.864441,0.738476,1.140890,1.026721
1.045404,1.000774,0.865210,0.755959,1.053212,0.969318,0.839459,0.919142,0.941970,0.981911,1.188003
0.964871,1.034501,0.781513,0.999710,1.122860,0.952441,0.865645,0.880193,0.963665,0.943779,0.796806
0.804577,1.147336,0.826159,0.968823,0.952128,1.074357,0.884292,0.971402,0.772480,1.051628,0.896219
0.777344,0.976890,0.874717,0.777365,0.920374,0.912936,0.870132,0.959128,0.854260,1.053437,0.726952
0.842525,0.957808,0.964864,0.689291,0.932516,0.870946,0.875167,0.936287,0.888631,0.851380,0.786755
0.910658,0.581640,0.946704,0.739488,0.715807,0.887624,0.771066,0.696198,0.904491,0.736777,0.862527
0.811934,0.621566,1.043365,0.680496,0.876377,0.895787,0.729443,0.851161,0.781527,0.748548,1.025977
0.872285,0.845851,0.873640,0.747100,0.896268,0.765062,0.808741,0.690203,0.761571,0.678645,1.026800
0.808118,0.737622,0.867303,0.668651,0.814517,0.782284,0.972284,0.740495,0.620954,0.819625,0.882429
0.619833,0.650336,0.777901,0.758479,0.747832,0.637288,1.039100,0.841622,0.709591,0.613483,0.655557
0.603807,0.729253,0.752738,0.822832,0.639104,0.705023,1.013510,0.914613,0.820113,0.643342,0.473986
0.590147,0.746229,0.975933,0.686192,0.679921,0.863666,0.839132,0.841833,0.690667,0.592335,0.489353
0.574202,0.723389,0.826321,0.828143,0.719932,0.749272,0.868463,0.777299,0.698942,0.634756,0.500820
0.536777,0.728088,0.769344,0.800196,0.601663,0.659494,0.857692,0.725522,0.747692,0.662668,0.726833
0.611852,0.827901,0.790133,0.657453,0.721168,0.622016,0.703467,0.776637,0.665633,0.701988,0.581612
0.592872,0.854154,0.741944,0.683539,0.662517,0.638060,0.588261,0.562977,0.606939,0.589338,0.555628
0.695739,0.680122,0.795813,0.643892,0.566369,0.750607,0.610753,0.635060,0.794860,0.833202,0.593777
0.664982,0.672150,0.610538,0.742107,0.547685,0.685017,0.738221,0.767199,0.649118,0.544815,0.619851
0.786401,0.747942,0.488681,0.841850,0.626244,0.816184,0.837306,0.626597,0.603307,0.660004,0.548715
0.640546,0.699175,0.569389,0.810803,0.672157,0.808470,0.668044,0.692687,0.464781,0.659992,0.659240
0.542044,0.551780,0.589094,0.509937,0.566845,0.613344,0.773348,0.592818,0.370305,0.688738,0.571613
0.686528,0.632932,0.872560,0.512243,0.524085,0.544243,0.666060,0.660071,0.415607,0.732184,0.597466
0.624368,0.721534,0.915073,0.477865,0.545685,0.758196,0.518244,0.660895,0.473819,0.705154,0.513609
0.435828,0.742391,0.850479,0.599222,0.577698,0.700060,0.741436,0.667168,0.599860,0.655371,0.483752
0.509455,0.611970,0.793007,0.524536,0.664090,0.524931,0.695283,0.649934,0.629341,0.842185,0.480240
0.433832,0.470325,0.839785,0.497808,0.587376,0.702139,0.703061,0.508058,0.589900,0.560162,0.541455
0.439871,0.539803,0.708755,0.482408,0.636706,0.686612,0.592139,0.634922,0.453126,0.650716,0.517771
0.566133,0.530873,0.645523,0.554280,0.579291,0.605615,0.493602,0.538199,0.485946,0.501509,0.613231
0.483564,0.551423,0.692395,0.593885,0.622246,0.634809,0.563380,0.464549,0.521702,0.523819,0.450065
0.528431,0.476687,0.570680,0.534282,0.536836,0.606217,0.527615,0.456273,0.612191,0.432706,0.431093
0.429284,0.595856,0.576479,0.715834,0.466535,0.672612,0.597044,0.481105,0.747885,0.426836,0.561743
0.473862,0.647622,0.539142,0.696079,0.452820,0.508101,0.425218,0.566752,0.538091,0.341521,0.531891
0.610816,0.614191,0.500509,0.499814,0.608287,0.602486,0.429603,0.631385,0.542390,0.478577,0.450437
0.530601,0.585896,0.516630,0.528258,0.473548,0.588147,0.575756,0.592289,0.500325,0.479015,0.593254
0.623221,0.458886,0.510103,0.476629,0.591782,0.511899,0.538926,0.435619,0.559040,0.585658,0.524470
0.459622,0.535659,0.509214,0.504134,0.614269,0.461819,0.547088,0.469210,0.543490,0.565169,0.618347
0.462936,0.494140,0.411013,0.654945,0.515764,0.428498,0.520715,0.429599,0.434799,0.511194,0.594731
0.449250,0.495350,0.497164,0.466089,0.565270,0.588602,0.503340,0.554167,0.568340,0.510029,0.563461
0.480161,0.401239,0.396235,0.649731,0.518664,0.511471,0.500103,0.548645,0.509483,0.447183,0.433486
0.539750,0.439941,0.454810,0.467377,0.411752,0.436758,0.453304,0.429126,0.428258,0.394853,0.492468
0.552253,0.579067,0.348391,0.501700,0.377445,0.435247,0.392711,0.510645,0.542914,0.513718,0.414289
0.502201,0.482042,0.387818,0.429585,0.419003,0.434292,0.451178,0.609892,0.414264,0.438843,0.416034
0.425058,0.390085,0.383039,0.363380,0.451759,0.407149,0.411611,0.547267,0.544177,0.413451,0.629856
0.488412,0.370591,0.418497,0.410396,0.489332,0.539018,0.494340,0.564999,0.560936,0.493033,0.386352
0.439413,0.284960,0.442592,0.388464,0.573293,0.559648,0.391449,0.675039,0.509205,0.407166,0.476311
0.480455,0.406677,0.463012,0.409937,0.534764,0.597748,0.511907,0.607223,0.599436,0.512620,0.426667
0.456444,0.367496,0.422639,0.537539,0.409058,0.427470,0.441412,0.576548,0.387758,0.504575,0.348400
0.429831,0.546192,0.341930,0.585750,0.562554,0.423225,0.432443,0.476557,0.434134,0.535929,0.514492
0.404981,0.526602,0.387212,0.446534,0.529289,0.558604,0.546501,0.636079,0.410126,0.588370,0.415171
0.366869,0.452173,0.332060,0.477953,0.481417,0.418705,0.606974,0.471023,0.353191,0.525840,0.398549
0.436834,0.380909,0.359445,0.392546,0.433898,0.468788,0.390400,0.599870,0.390506,0.497175,0.505894
0.413096,0.487817,0.400531,0.384863,0.408952,0.430465,0.532618,0.482693,0.323645,0.421751,0.405126
0.372775,0.319017,0.487913,0.355410,0.393209,0.411162,0.493459,0.421897,0.407827,0.430059,0.521238
0.307540,0.258301,0.623808,0.402759,0.456098,0.378303,0.458263,0.412049,0.397007,0.383170,0.453537
0.270188,0.409455,0.521317,0.317447,0.489352,0.386881,0.277857,0.405549,0.409398,0.458400,0.463368
0.388131,0.458831,0.568850,0.395976,0.581040,0.423775,0.345476,0.421087,0.358576,0.454111,0.455188
0.501399,0.481761,0.592214,0.476031,0.480231,0.447274,0.339502,0.520470,0.429648,0.457847,0.390966
0.521961,0.363347,0.478749,0.469781,0.348854,0.489851,0.267239,0.496820,0.553247,0.506743,0.489740
0.457944,0.550160,0.559796,0.411853,0.397851,0.457581,0.438595,0.443946,0.453865,0.475937,0.444248
0.370344,0.409784,0.427641,0.519132,0.359613,0.487619,0.443802,0.407570,0.325130,0.408702,0.442151
0.367169,0.347049,0.505018,0.450437,0.496606,0.520267,0.451115,0.509223,0.419741,0.495229,0.433428
0.328477,0.422872,0.432092,0.335062,0.471544,0.316325,0.313092,0.513129,0.378968,0.383204,0.464304
0.396579,0.458018,0.477036,0.319128,0.479422,0.321356,0.442897,0.362217,0.464884,0.473035,0.459878
0.468580,0.368990,0.506203,0.323162,0.416175,0.326213,0.422203,0.438648,0.420804,0.349317,0.447744
0.438379,0.410077,0.583799,0.371773,0.521327,0.379748,0.433128,0.569506,0.428472,0.336478,0.432929
0.543997,0.446421,0.434311,0.449990,0.637627,0.407613,0.437640,0.446337,0.391176,0.439244,0.373812
0.475116,0.332965,0.475570,0.574721,0.368908,0.437405,0.414125,0.390094,0.457333,0.379025,0.510626
0.404285,0.410880,0.591850,0.370530,0.450799,0.483505,0.410422,0.404043,0.307701,0.528832,0.405035
0.452232,0.455450,0.450214,0.372175,0.481453,0.491066,0.418122,0.318214,0.251220,0.442942,0.560431
0.396925,0.435063,0.563147,0.379159,0.401189,0.443913,0.514834,0.460619,0.349932,0.472596,0.464987
0.439873,0.471256,0.470316,0.430435,0.285931,0.446530,0.421983,0.426698,0.379292,0.433754,0.402130
0.392233,0.592484,0.464995,0.407993,0.351541,0.431877,0.494844,0.487980,0.419871,0.532360,0.503874
0.451232,0.455170,0.463980,0.353934,0.344061,0.379403,0.467412,0.426284,0.475407,0.444374,0.592740
0.431742,0.580132,0.457403,0.356493,0.480012,0.392628,0.381878,0.567626,0.399059,0.518689,0.635905
0.510466,0.634284,0.383385,0.476090,0.441023,0.422894,0.443187,0.730400,0.497222,0.605254,0.651411
0.525166,0.571078,0.345081,0.555786,0.537670,0.464763,0.436441,0.487236,0.397872,0.521298,0.472745
0.566930,0.478654,0.429916,0.526575,0.479323,0.436545,0.446630,0.505705,0.467615,0.423504,0.452778
0.489546,0.446661,0.563163,0.541345,0.423666,0.438314,0.419303,0.408379,0.517314,0.634544,0.437460
0.501604,0.375751,0.454439,0.545131,0.472711,0.372744,0.469611,0.416721,0.623946,0.556655,0.612607
0.389512,0.309387,0.581127,0.684664,0.504941,0.474011,0.519976,0.458720,0.594084,0.685094,0.520460
0.442599,0.527849,0.551475,0.637187,0.404348,0.548294,0.618097,0.498300,0.573426,0.653268,0.536076
0.454313,0.400980,0.460953,0.522168,0.507053,0.434772,0.661902,0.451736,0.651065,0.451267,0.530932
0.461665,0.491545,0.460605,0.669603,0.532221,0.504070,0.660538,0.367927,0.558310,0.534585,0.570618
0.490487,0.493000,0.467344,0.689184,0.574617,0.511355,0.655400,0.563514,0.584926,0.692117,0.756323
0.385670,0.642718,0.602391,0.613790,0.396265,0.500543,0.728268,0.656503,0.516447,0.607202,0.546701
0.533450,0.483834,0.603154,0.618692,0.436676,0.493676,0.620085,0.466141,0.415359,0.406404,0.507333
0.446464,0.502965,0.429874,0.657512,0.465601,0.553371,0.663116,0.622772,0.467211,0.406330,0.618948
0.545190,0.489534,0.374365,0.527741,0.563790,0.632224,0.619151,0.522915,0.427212,0.459449,0.383577
0.516640,0.525186,0.621193,0.608705,0.605881,0.594999,0.673212,0.558838,0.462315,0.507115,0.503665
0.772603,0.511261,0.442417,0.723781,0.546346,0.653693,0.463978,0.602714,0.709936,0.570374,0.568250
0.637508,0.609231,0.480513,0.657758,0.480083,0.581633,0.602840,0.417062,0.610798,0.475024,0.620062
0.606857,0.608702,0.554295,0.511305,0.651983,0.658826,0.612817,0.473484,0.604905,0.636798,0.477796
0.718529,0.592272,0.790103,0.523851,0.677569,0.707428,0.734278,0.510354,0.772577,0.561171,0.561171
0.783035,0.817376,0.604320,0.550352,0.767898,0.676449,0.768569,0.419755,0.739716,0.475882,0.480867
0.755533,0.620294,0.668529,0.385921,0.645145,0.745313,0.579357,0.660988,0.668272,0.449188,0.526937
0.666730,0.658306,0.668912,0.696351,0.508183,0.535693,0.663665,0.589332,0.636364,0.578649,0.571042
0.684539,0.586358,0.632939,0.542284,0.552569,0.654656,0.497783,0.500582,0.511300,0.733698,0.595704
0.604927,0.402619,0.672099,0.632288,0.597531,0.629860,0.521364,0.504439,0.788386,0.604505,0.623558
0.642533,0.531523,0.701582,0.588133,0.562202,0.492681,0.734405,0.475476,0.638991,0.523700,0.631873
0.934768,0.476080,0.900102,0.487908,0.731194,0.534562,0.752078,0.615921,0.768754,0.693978,0.518889
0.817316,0.419565,0.963674,0.571106,0.604850,0.661299,0.729362,0.577455,0.640925,0.930357,0.626018
0.760876,0.663994,0.735218,0.546766,0.808424,0.910268,0.803346,0.750631,0.599892,0.709732,0.540053
0.752720,0.669384,0.689937,0.734891,0.838914,1.037934,1.112715,0.573568,0.641142,0.763492,0.506259
0.800924,0.801834,0.733332,0.830137,0.623345,0.983769,0.694273,0.648217,0.485770,0.589873,0.662993
0.975907,0.863677,0.673774,0.830416,0.879858,0.865251,0.645794,0.798961,0.644820,0.837186,0.669968
0.736503,0.813786,0.734553,0.615869,0.667303,0.833934,0.655361,0.859288,0.676169,0.594523,0.611284
0.733147,0.695878,0.605520,0.710316,0.901678,0.889616,0.800451,0.787992,0.556527,0.850678,0.736943
0.675962,0.676299,0.605445,0.573421,0.637256,0.818165,0.905055,0.826063,0.609220,0.866984,0.643520
0.825654,0.708618,0.702836,0.646844,1.027502,0.808773,0.914313,0.763653,0.968519,0.598741,0.766797
0.769122,0.900837,0.650918,0.678696,0.944994,0.879368,0.842797,0.880820,0.845015,0.773191,1.072069
0.748796,0.928822,0.849125,0.676793,0.952492,0.857716,0.756687,0.749659,0.750115,0.780958,1.091628
0.808363,1.085770,1.033171,0.826055,1.046208,0.807881,1.025732,0.721029,0.809808,0.904164,0.931859
0.909093,1.178247,0.946229,0.717929,0.718761,0.854819,0.917298,0.902616,0.688444,0.952904,0.691178
0.879609,0.906832,0.723288,1.021108,0.564563,0.783977,0.937626,0.929620,0.913422,1.023452,0.873071
0.774558,0.890210,1.086606,0.861142,0.739238,0.952792,0.916980,1.069233,0.765489,0.774059,1.036161
0.840801,0.947992,0.852299,0.844467,0.826576,0.962521,0.918222,1.172959,0.983419,0.883342,0.822643
0.785117,0.878561,0.869499,0.976423,0.764102,1.004183,0.817135,0.965307,0.867839,0.808919,1.013304
1.019987,0.908704,1.316327,0.763260,0.987513,0.973540,1.185377,0.921730,0.862717,0.777697,0.999957
0.950066,0.944242,1.181481,0.516736,1.185479,1.168796,1.208524,1.055208,0.917932,0.994347,0.955859
0.569315,1.079051,1.174202,0.597423,1.203660,1.334699,1.049340,1.254572,1.047729,1.107380,0.923186
0.611104,0.908224,0.928239,0.766742,1.272150,0.980015,1.221539,1.278172,1.058399,0.808846,0.944112
0.907937,0.841179,1.321937,0.737815,0.965816,1.124983,1.245977,0.732783,0.952004,0.959056,1.153027
0.979433,0.597346,1.231304,0.790745,0.960844,0.990539,1.352733,0.853383,1.121948,0.982950,0.921613
1.113806,0.796589,1.140313,1.088962,1.000774,1.178428,1.112451,1.146737,1.206673,1.042047,0.830298
1.120149,1.046309,1.101990,1.119663,1.160830,1.259006,1.116874,1.282513,0.871276,0.798091,1.131225
0.895360,0.965319,1.331162,1.117239,1.083990,0.918661,0.938174,1.277542,0.962483,1.029067,0.996834
1.169088,1.026233,1.311192,1.214925,1.403350,1.094565,0.979554,0.982519,1.038736,1.131246,0.903151
1.290324,1.154059,1.316858,1.344842,1.597424,0.976175,1.158163,1.322882,1.327270,0.762264,1.200593
1.089652,1.025399,1.140263,1.366361,1.351823,1.088603,1.185025,1.215397,0.925313,0.970481,0.997035
0.920337,0.884072,0.902519,1.194211,1.143276,1.058356,0.874978,1.193491,1.131750,1.047804,1.201696
1.119731,1.120307,1.172788,0.984998,1.529291,0.778045,1.157119,1.019708,1.273831,0.822911,1.094696
1.373889,0.975312,1.065891,1.281315,1.499330,1.214658,1.095729,1.197105,1.419493,0.986430,0.672168
1.308595,1.112692,0.845107,1.200208,1.416477,0.950597,1.086918,1.425097,1.138405,1.271001,0.741796
1.214081,1.208156,1.174482,1.151512,1.360003,0.825465,1.157007,1.235164,1.206334,1.336748,0.931454
1.183043,1.421613,1.150149,1.243912,1.337430,0.978194,1.369128,1.347256,1.521649,1.448698,0.971124
0.953828,1.243634,1.304524,1.130480,1.190210,1.212793,1.123893,1.134818,1.479740,1.178731,1.119963
1.279821,1.269942,1.198749,1.391193,1.294238,1.127716,1.273259,1.346729,1.468590,1.395318,1.151249
1.113531,1.636964,1.343259,1.368564,1.207535,1.038336,1.190062,1.437942,1.679199,1.280668,1.055638
1.197346,1.552793,1.505764,1.190351,1.252621,1.343849,0.946135,1.516568,1.232623,1.418254,1.525436
1.635443,1.415487,1.684418,1.269423,1.084993,1.582270,1.284743,1.261612,1.321089,1.463521,1.494446
1.577772,1.469647,1.868024,1.366985,1.373093,1.715952,1.196707,1.520071,1.243056,1.753423,1.792953
1.777780,1.393439,1.569065,1.631232,1.325038,1.096325,1.176616,1.252207,1.610785,1.520360,2.023169
1.541066,1.303888,1.770846,1.520849,1.598689,1.230080,1.347210,1.069355,1.761907,1.647513,1.359797
1.700378,1.271374,1.556768,1.286866,1.268024,1.295892,1.479711,1.050852,1.542463,1.351534,1.497475
1.497493,1.371181,1.516578,1.434129,1.589954,1.483878,1.791017,1.111665,1.451868,1.541389,1.997648
1.633310,1.695033,1.511366,1.528176,1.467333,1.320871,1.659774,1.451080,1.556781,1.651197,1.541501
1.444560,1.223109,1.402911,1.146645,1.393885,1.530751,1.662749,1.713432,1.635103,1.881718,1.618204
1.684423,1.375683,1.656736,1.277511,1.342483,1.641573,1.229018,1.631547,1.343125,1.815591,1.230172
1.454470,1.297226,1.498376,1.542782,1.862480,1.817596,1.716648,2.169450,1.381352,1.893613,1.623591
1.614355,1.498179,1.634451,1.448577,1.706127,1.400973,1.499808,1.958063,1.585429,1.805327,1.743273
1.806109,1.454592,1.971180,1.691099,1.881460,1.196902,1.668262,1.619937,2.256948,1.488596,2.019926
1.743400,1.700402,1.685201,2.237570,1.770251,1.334010,1.912563,1.762244,1.778106,1.614334,1.697604
1.769200,1.816862,1.789344,1.944588,2.243503,1.316815,1.757210,1.384116,1.696090,2.103879,1.999058
1.846696,1.544340,1.555777,2.000749,1.675717,1.934199,2.119656,1.632095,1.776610,1.925531,2.159471
1.478699,1.968508,2.095709,1.958528,1.523313,1.891064,2.146719,1.492105,1.753461,1.485756,1.741663
1.841722,1.952905,2.177321,1.748091,1.861246,1.821688,2.040504,1.656740,1.715112,2.114337,1.804965
2.330969,2.207502,1.966544,1.485074,1.624313,1.721701,1.672839,1.828736,1.723808,1.702075,1.953224
2.318498,1.611410,1.593584,1.816333,2.094478,1.471339,1.647220,1.628733,2.226040,1.740339,2.250883
2.012942,1.759128,2.310998,1.986487,2.272435,1.643807,1.211867,2.089116,2.659804,1.774604,1.974406
2.277519,1.851870,1.560433,2.099120,1.711808,1.588062,1.703895,1.947772,2.442534,1.935063,2.121793
2.668728,2.191075,1.880784,2.072286,1.678118,1.916612,2.146041,1.793463,2.172485,2.434724,2.250778
2.250099,2.401280,2.020775,2.060612,1.641728,1.819197,1.832359,1.866180,2.284036,2.302648,2.163380
2.339008,2.334978,1.978436,2.033264,2.175594,2.222668,1.776011,2.203283,2.339414,2.185552,2.090727
1.906907,2.483123,1.592465,2.239778,2.110014,1.985191,1.414863,2.202164,2.323649,2.361534,2.062356
2.473353,2.462930,1.609716,2.452482,1.617918,1.919721,1.912447,2.737318,2.138573,2.104613,2.578558
2.297318,2.375659,1.784990,2.362383,1.789965,2.172235,2.100043,2.693745,1.943163,1.967360,1.930200
2.336160,2.497541,2.306289,2.711797,2.426494,2.211661,1.694238,2.452541,1.732313,2.426043,2.117089
2.440492,2.568718,1.919799,2.353840,2.453965,1.860128,2.447168,2.632686,2.233343,2.063600,1.969502
2.489519,2.490214,2.273250,2.149795,2.116066,2.481248,1.862774,2.801535,2.459945,2.184946,2.492139
2.514869,2.076202,3.085217,2.777552,2.370831,1.993566,2.093922,2.427193,2.364792,2.396941,2.658091
2.441250,2.349884,2.572751,2.499631,2.034421,2.004326,2.109950,2.065371,1.950238,2.322137,2.063165
2.442987,2.578710,2.434092,2.495343,2.177476,1.936230,2.352711,2.138920,2.270303,2.412219,2.075447
2.519179,2.299100,2.522551,2.359532,1.793267,2.192075,2.149935,2.118427,1.891465,2.205665,2.649354
2.484952,2.117984,2.648520,2.344431,1.649070,2.122812,2.125644,1.856911,2.222550,2.082531,2.169450
2.017784,2.676656,2.702222,2.677039,1.952875,2.493657,2.131840,1.989663,2.160891,1.929135,2.565699
2.849215,2.810468,2.416157,2.546977,2.069821,2.152988,1.934007,2.254437,2.635919,1.858025,2.056522
2.383823,2.655197,3.012980,2.421173,2.879115,2.219387,2.647922,2.248559,2.532719,1.908504,1.813781
2.023076,1.895528,2.837258,2.252421,2.720056,1.958579,2.760920,2.413465,2.640387,1.880961,1.800662
2.171328,2.543798,3.301835,2.941443,2.844571,2.027390,2.194789,2.253709,2.181153,1.761892,2.305644
2.638001,2.859305,3.104597,2.083420,3.075028,2.254589,2.576149,1.917633,1.876176,1.995755,2.423101
2.349161,2.597424,2.489700,2.743676,2.964544,2.998057,2.164013,2.233231,2.360568,2.518999,2.057340
1.750456,2.559389,2.600935,2.503335,2.669580,2.664884,2.369593,2.489267,2.260144,2.523037,2.242748
2.007476,2.304086,2.193199,2.446115,2.809508,2.583391,2.836904,2.951463,2.755102,2.428857,2.711594
1.796374,2.313565,2.719434,2.259030,2.151546,3.349113,2.649501,2.929373,2.367948,2.403477,2.831005
2.534570,2.433419,2.274197,2.702733,3.198808,3.040795,2.598778,2.646371,2.721631,3.176712,2.578841
2.698863,2.451569,2.832915,2.795251,3.215682,2.892584,2.870306,2.189174,1.838372,2.719331,2.439751
2.391183,3.229991,2.661966,2.993636,2.751394,2.773246,2.873390,2.236756,2.404130,2.679037,2.947732
3.097467,2.816254,2.181083,2.298006,2.355251,2.803212,2.680638,2.138783,1.912093,2.660288,2.959904
2.488894,3.492155,2.418615,3.017040,2.818392,2.489571,2.404571,2.415319,2.354487,3.546126,2.792774
2.586359,2.872694,2.741850,2.966421,2.800549,2.535486,2.826470,2.658773,2.654062,2.747612,2.674472
2.784776,3.201674,2.992234,2.242028,2.280900,3.352052,2.611367,3.229663,3.027625,2.590468,3.080706
3.286295,3.147625,2.480787,2.870199,2.165068,2.930179,2.782880,3.037141,2.364014,2.897997,2.847966
3.198837,3.058535,2.871858,2.186407,2.587378,2.968486,2.404884,2.964425,2.767419,3.006629,2.515267
2.812511,3.219583,2.764342,3.639536,2.705288,2.429262,2.354912,2.915654,3.350438,3.167311,2.433263
2.839131,2.563197,2.020893,2.717357,2.594820,2.745886,2.960726,2.416858,2.411543,2.113056,2.578530
2.510277,3.159422,2.331824,3.341819,3.092120,3.231282,2.150430,3.138436,2.533663,2.814353,2.033045
3.427326,2.397754,2.750048,2.909315,2.660480,3.093510,2.562476,2.991516,2.807178,2.218210,2.698894
3.692429,3.230544,2.075286,2.641526,2.983100,2.739884,3.408551,2.533971,3.051230,1.876899,2.876180
2.715371,3.263158,2.825618,3.353650,3.368504,2.662568,2.921639,2.931126,3.060820,2.357080,2.386078
2.880743,2.983889,3.368821,3.364907,2.903310,2.456000,3.138668,3.181667,2.689934,3.318045,2.715391
2.339748,3.895201,2.946732,2.928908,3.269668,3.204682,3.742951,2.920651,2.884599,2.259893,2.614851
3.304321,2.430973,3.350290,2.549926,3.524126,2.343766,3.617143,2.845081,3.195141,2.622912,2.989897
2.987060,3.125308,3.293814,3.297243,3.021176,2.718807,3.023067,2.974994,3.761558,3.554414,2.728893
2.754432,3.839286,3.006669,3.036517,2.967646,2.479006,3.752011,3.217544,3.826484,3.109924,3.481127
2.235206,3.699560,3.021914,2.937633,3.061138,2.825793,3.976455,3.395910,4.238627,2.953199,3.602360
2.565605,3.166600,2.597697,2.849970,3.186665,3.728396,3.008849,3.605443,3.705743,3.097359,3.660750
2.596980,3.375543,2.353218,3.098688,3.718899,3.203510,3.069595,2.820839,3.300390,3.170897,3.703730
2.889760,3.030985,3.081048,2.954496,3.376690,2.854461,2.945754,2.897692,3.002991,2.833141,2.965067
3.382784,3.844671,2.953549,3.211167,3.386992,3.243007,2.914879,3.814467,2.989342,3.297569,3.763069
3.787208,3.436027,3.545024,3.879601,2.743226,3.043946,2.751414,3.054445,2.972607,3.233772,3.173426
3.050643,4.019617,2.775714,3.504551,2.261008,3.397481,3.502484,2.956354,2.316128,3.512970,3.189950
3.599340,2.925992,3.244951,3.222080,2.996220,3.125692,3.590747,2.800419,3.297765,3.669283,2.917490
3.755678,3.312245,3.666792,3.345744,3.005475,2.607989,3.305307,2.224562,2.937999,3.260191,2.802205
3.475785,3.580779,3.236646,3.345599,3.246168,3.600017,3.795435,2.874385,2.844052,3.238190,3.594745
3.717131,2.741397,3.852458,3.673966,3.639546,3.177947,3.603533,2.876466,4.165149,2.940310,3.426978
3.848255,3.288828,3.412747,3.336011,2.670082,3.769023,3.681801,2.925318,3.611353,2.844621,3.338045
3.285500,3.178425,3.604341,3.619031,4.388219,4.027119,3.165476,3.027684,3.487855,3.509094,3.341722
3.926189,3.657236,3.610348,3.589567,3.573254,3.283829,3.337198,3.749762,3.221542,2.777659,3.515970
2.763056,3.825857,2.831867,3.207958,3.688299,3.506661,3.240256,4.002289,3.104343,2.930060,3.650618
3.172677,3.655758,2.508260,3.214720,2.800491,3.086249,2.990998,3.456150,2.826815,2.852558,3.572504
3.322899,3.024349,2.459459,4.494906,3.190639,2.751154,3.505918,3.995862,2.969607,3.197579,3.506895
3.100702,3.869187,2.614803,4.133186,3.021594,2.634627,3.580324,3.489831,2.663031,3.573291,2.746216
3.384418,3.258517,2.809163,2.855312,2.971925,3.182683,3.436214,3.233012,3.852516,2.747918,2.760061
3.344742,3.572234,2.909665,3.541357,2.768898,3.688172,3.502844,3.084089,3.643766,3.166178,3.341094
3.106926,4.007444,3.713262,3.673794,2.700605,3.723794,3.707873,3.258067,3.553397,3.114056,4.051514
3.197657,4.013731,3.000659,3.669075,3.062360,2.979904,3.894669,4.218782,3.075707,2.790889,3.429152
3.122717,3.232659,2.978124,3.071718,2.872613,3.204815,3.467234,3.976054,3.496964,2.744012,3.317550
2.845330,2.965523,2.916905,3.436091,3.017313,3.357960,3.623769,3.865293,3.714019,2.838713,3.516061
3.889280,3.718362,3.264537,2.665137,3.180215,3.087285,3.679285,3.395499,3.247566,3.533161,4.043997
4.191535,3.877921,3.048982,3.306680,3.019986,3.293287,2.740663,3.214297,3.802188,2.464267,3.124558
3.442206,3.691313,2.889600,3.901790,3.350957,3.311700,3.296630,3.576398,3.728527,3.370597,3.244806
3.728698,3.244592,3.394398,3.109468,3.050631,2.958440,3.320284,3.409081,3.164440,2.568569,3.010771
3.376747,2.983192,2.656434,3.274162,3.258199,3.824529,3.511822,3.066176,3.206888,2.953732,3.110863
3.902223,3.381083,3.281574,3.229723,3.572742,3.211054,2.735338,3.548836,4.256077,3.084049,2.823628
3.662835,3.660409,4.056905,3.237446,3.115099,2.686717,3.363127,3.187563,4.419793,3.432212,3.630781
3.783448,3.358028,3.603428,2.702223,3.217810,3.176808,3.015139,3.582331,4.013506,2.656111,3.836038
3.558225,3.460187,3.264454,2.987386,3.497260,3.570045,3.400971,3.416710,3.601591,3.735198,4.027901
3.138966,3.410891,3.480547,3.284680,3.050283,2.932322,2.983791,3.639495,3.193049,2.779605,4.061813
3.463781,3.246499,3.531421,4.136624,2.711085,2.955812,3.122510,3.717711,3.561095,3.285502,3.675029
4.020077,3.630461,2.738306,3.688652,3.755076,3.078470,4.501947,3.226531,2.949058,4.138670,3.602577
3.348982,3.125450,4.089269,3.163307,3.488047,3.015489,3.249442,4.277761,3.530024,3.318285,3.203435
4.018754,3.829650,2.992677,3.885268,3.074820,3.243365,3.247893,4.469914,3.762161,3.104255,3.452459
3.704866,3.488037,3.186539,2.964524,2.931323,3.642225,3.367137,3.279236,2.755797,4.018717,2.806330
3.940146,3.357495,3.276227,3.722736,2.694850,3.783500,3.705365,4.024764,3.599924,3.915962,4.035386
3.933768,2.885628,3.734709,3.205538,3.349517,3.263318,2.613113,3.445697,3.491652,3.120621,3.324310
4.167684,3.267348,3.778712,3.440705,3.845350,3.361347,3.486138,3.010483,2.373450,4.154760,3.698515
3.156733,2.768583,3.183763,3.207690,2.694449,3.064544,2.792119,3.025393,3.115225,3.984291,3.368054
3.539277,3.368033,4.059929,3.364606,3.494357,2.887768,3.773536,3.274024,2.373117,3.581027,4.084046
2.705136,3.149429,3.292192,3.484836,3.568110,3.900755,2.854267,3.511895,2.966969,3.540791,3.204964
3.813641,3.927315,3.020241,3.132343,4.025362,3.126839,2.671897,3.301661,3.178596,3.965638,3.339306
3.472183,3.225557,3.032235,3.601096,4.200412,3.503159,2.826681,3.845089,3.278389,3.256676,3.527155
2.816615,3.673687,4.478521,2.945338,4.301263,3.741460,2.753566,2.996362,2.996914,3.966060,2.924718
3.190202,3.659575,3.781156,3.103998,3.420135,3.622318,3.148473,2.777407,3.030555,3.856539,3.908919
2.717496,2.837325,3.460939,3.053303,4.191050,3.063228,2.430124,2.780646,2.389216,4.474176,3.777728
3.249320,2.838703,3.234382,2.913467,3.731150,2.907705,3.037276,3.302041,3.362732,3.673662,3.314850
3.130396,3.053519,2.533732,3.504881,3.660682,3.000628,3.669210,2.496145,3.944521,3.886387,3.209799
3.559610,3.980238,4.016854,3.407053,4.386520,4.136213,3.520018,2.424108,3.385464,3.646034,3.501759
3.771623,3.843373,3.707825,3.363339,4.538467,3.070861,3.451959,2.323155,3.123576,3.958114,3.737573
3.860102,3.588993,3.490971,3.285029,4.441496,3.144953,3.414113,2.720095,2.557609,4.119599,3.256119
3.888093,3.672018,3.393895,3.378795,3.955121,3.174198,3.606800,3.228840,3.037666,3.371581,3.920477
3.548157,3.038384,4.093562,3.214030,3.650261,3.537450,3.043184,3.960095,4.305643,3.611570,3.476677
4.210932,3.862689,3.213175,3.105626,3.469962,2.777865,3.523818,3.654982,3.175193,3.466335,3.539664
3.678104,3.690581,3.038010,3.302997,3.731354,3.178735,3.816646,3.163134,2.390874,3.334174,3.271405
3.553726,3.356312,3.358126,3.312659,3.336268,4.426891,3.409182,3.640279,3.127170,3.551398,3.939171
3.137790,3.491269,3.540343,3.804176,4.012632,4.212352,3.105201,3.574660,3.565474,2.644991,3.061232
3.115797,3.454872,3.160988,3.270648,3.212046,3.891428,2.486282,3.788223,3.110600,3.773117,2.913585
3.307374,3.749013,3.525919,2.594764,3.126638,3.212035,2.394166,3.173243,3.269352,2.895224,4.068038
3.505099,3.432911,3.186951,2.365382,2.519873,2.925650,2.982431,2.592872,2.663133,3.455107,3.778090
2.739586,3.475974,3.687975,3.038238,3.230033,2.829185,3.494055,3.570415,2.778514,3.769285,4.318691
3.524907,3.618872,3.215530,2.941107,3.565389,3.034831,3.245956,3.023812,2.863598,3.452354,3.705141
2.610271,3.065997,3.169967,3.116219,3.504485,3.561908,3.517294,2.831244,3.181111,3.437205,3.672883
3.429266,3.795189,3.630414,3.239484,3.379564,2.823422,3.022562,2.833697,3.251149,3.671527,3.754860
3.433652,2.935927,3.490352,2.785039,2.983226,3.344012,3.984908,2.959538,3.411933,3.315334,3.631057
2.960244,3.179392,2.887949,3.476817,3.666130,2.965216,3.983216,2.829689,3.100005,3.234520,4.058371
3.851493,3.423558,3.579691,3.021828,3.929157,2.968289,3.390993,3.080052,3.602608,2.797509,3.143902
3.445545,2.867165,3.406889,3.621547,3.152886,2.908901,3.632529,3.371973,3.207423,2.960124,2.558362
3.341058,3.264935,3.676276,3.401596,3.408189,3.493669,3.658355,2.764842,2.793936,3.275726,3.007717
3.472288,3.394600,3.033276,3.322130,3.352684,3.547917,2.924890,3.043290,3.137445,2.795462,3.091886
3.296953,3.325235,2.639640,3.318045,3.162933,2.982039,3.153345,3.039189,3.536516,3.067541,2.576440
2.623348,3.088039,2.850310,3.074256,3.315263,3.372889,2.881932,3.501405,2.920839,2.719729,3.725268
2.019405,2.675474,3.049231,2.862689,3.102914,3.091166,3.177364,2.646637,3.266428,2.976889,2.930073
2.688325,3.024206,2.524509,2.686780,3.047771,3.138733,3.467585,2.553848,3.634948,3.002997,2.260640
3.272406,3.257013,2.853533,2.727575,3.972970,3.009600,2.542085,2.863456,2.987079,2.867196,2.471234
3.045775,2.524339,3.045198,2.760390,3.602286,3.019095,3.804021,2.391434,2.417538,2.991844,2.385860
2.287103,3.507333,3.186642,2.715185,4.113978,2.923466,2.906480,2.486959,2.871073,2.800718,3.260962
2.745862,3.470897,2.328793,2.914743,3.875006,2.915588,3.423480,3.098868,2.785662,3.628085,2.836157
3.279848,3.668583,2.777485,2.489782,3.446907,2.618040,2.663319,2.912428,2.793928,3.284814,2.606941
2.577196,3.611194,2.712464,2.762888,2.610533,3.487154,2.678714,2.790261,3.122440,2.529586,2.843700
3.011505,3.408357,2.600728,3.758989,3.056551,2.309871,2.762900,3.129893,2.348865,2.554171,2.405875
2.995080,2.674566,2.307844,3.050649,3.111682,3.071591,2.718378,2.825362,2.475308,3.234246,2.911191
2.428136,3.607649,2.607555,3.480216,3.016633,2.352350,3.131874,2.350858,2.310067,2.614983,2.568575
3.359361,3.640459,2.301847,2.896387,2.843576,3.149137,2.446649,2.075017,2.714233,2.812396,2.569542
2.184549,3.129802,2.523437,2.908225,3.130375,3.314058,2.689028,2.946261,3.009037,2.586386,2.143952
2.404562,3.359492,2.580045,2.701726,3.229830,2.622268,2.176388,2.618252,2.329508,2.860461,2.999003
2.515063,2.871356,2.792497,3.029005,2.485379,2.389828,3.247124,2.808749,3.073948,3.298888,2.839175
2.558046,2.583014,2.831275,2.504011,2.284033,3.101025,2.378489,1.982236,2.697020,2.944650,3.175124
2.353689,3.134788,2.409533,2.183515,2.123114,3.118014,2.334599,3.398722,2.373584,3.141554,2.904368
3.059988,3.086531,2.572919,2.056132,2.357829,2.599667,2.015746,3.014434,2.463771,2.913031,2.945933
2.500527,2.474018,2.152810,2.419323,2.589112,2.643064,3.120774,2.210499,2.040880,2.408424,2.910810
2.180075,3.320305,2.230491,2.712005,2.605585,2.460995,2.498994,2.604216,2.781511,2.350462,2.943311
2.514259,2.759983,2.237151,2.607287,2.797377,2.702035,2.390293,2.226317,2.332913,3.018676,2.726870
2.493659,2.560197,2.554284,2.905232,3.019608,2.617465,2.328822,1.995049,2.466563,2.186675,2.616037
2.557070,2.661255,2.447198,2.677717,2.914676,2.067515,2.639145,2.395604,3.188626,2.257912,2.807161
2.779690,2.692320,2.139557,3.095897,2.504952,2.575965,2.863547,2.424940,2.994897,1.918332,3.279331
2.626158,2.793061,2.500432,2.839195,2.922965,2.858413,2.262082,2.320629,2.669232,2.225334,2.698337
2.626250,2.821394,2.063845,2.424308,2.438089,2.286530,2.843775,2.627284,2.146768,2.298116,2.771853
2.286675,2.902107,2.713116,2.424425,2.790485,2.508072,2.841654,2.679772,2.659567,2.278672,3.079221
2.068048,2.228735,2.177812,2.740913,2.466387,2.056474,2.264122,2.293968,2.963390,2.291143,2.312043
1.806438,2.364526,2.088068,2.635591,2.489726,2.551405,2.549893,2.539879,2.177931,2.318412,2.686626
2.307004,2.395972,2.276215,2.232472,2.550113,2.766581,1.875014,2.341032,2.096673,2.126013,2.405125
2.286443,2.135815,2.145496,1.996357,2.409684,2.074720,2.512930,2.116037,2.497106,2.321864,1.841354
1.989325,2.567555,2.152600,1.660420,2.279924,2.047170,2.048157,2.095527,3.016925,1.736989,2.139908
2.461817,2.181224,2.649926,2.114161,2.080670,2.101208,2.028785,2.042014,3.115152,1.857908,2.484296
2.111536,2.097847,2.080986,2.013630,1.878248,2.470273,1.631779,2.729501,2.407320,1.812490,2.505449
2.008152,2.130014,2.015544,2.241583,2.389729,1.920000,1.929050,2.564470,2.315471,2.342323,2.197658
2.210541,2.361339,2.145523,1.931686,1.910151,2.282707,2.688692,1.953261,2.421499,2.202061,2.307734
1.951275,2.533450,2.546910,2.109270,1.900540,2.348837,2.499907,2.647524,2.483852,2.127257,2.221135
1.843450,1.911314,2.696489,2.201919,2.133550,2.362213,2.685070,2.271234,2.622583,2.116496,2.109380
2.141797,2.474579,1.964088,1.851234,2.083848,2.582471,2.550951,1.782091,2.264620,2.053944,2.607663
2.111783,2.772622,1.907990,2.405610,2.790529,1.925641,2.590392,1.930720,2.065711,2.147359,1.981159
2.165273,1.953791,2.248710,2.455596,2.221814,2.454434,2.093486,2.514436,2.071931,2.075879,2.016850
2.234828,2.196399,2.375039,2.115372,1.956791,2.284037,2.040393,2.353656,2.243232,2.380510,2.005166
2.522846,2.006180,2.205672,2.279221,2.422988,2.029089,2.140515,2.065058,2.151139,1.601973,1.930837
2.020322,2.072462,1.851575,2.032874,2.379351,2.155794,2.103544,1.965870,1.896292,1.696139,1.655087
2.173194,2.164659,2.062281,2.043058,2.291863,1.800864,1.924544,1.979941,1.893802,1.942364,1.736856
2.073067,1.569970,1.565803,1.850635,2.289781,1.807293,1.552921,1.813478,1.654900,1.296556,1.535285
1.671180,1.604407,1.802707,1.714060,1.744677,1.819023,1.884344,1.955452,1.984301,1.631930,1.558009
1.957548,1.827631,1.878506,2.539197,1.828930,1.599225,1.622260,1.699881,1.769322,1.731733,1.442590
1.376759,1.703122,1.761620,2.257851,2.341672,1.679774,1.509249,2.308461,1.667827,2.102578,1.695261
1.737523,1.709868,1.371867,1.827912,1.931333,1.540509,1.287343,1.871467,1.917731,1.790000,1.659672
1.895869,1.598369,1.416942,1.728399,2.139097,1.592473,1.683356,2.164506,1.618934,1.565231,1.931674
1.534375,1.610611,1.118746,1.752069,1.441485,2.170329,1.682717,1.677464,1.518172,1.839475,1.429240
1.802618,1.879781,1.374567,1.622530,2.117432,2.081292,1.760280,1.575190,1.274057,1.815867,1.660284
1.784487,1.472851,1.198946,2.286332,1.700312,1.735738,1.538034,1.788672,1.171434,1.807332,1.532804
1.445824,1.798655,1.331665,1.914586,1.262199,1.842893,1.398863,1.617209,1.285173,1.807195,1.634514
1.828529,1.432562,1.458758,1.537574,1.560703,1.939029,1.240285,1.562958,1.112452,1.627003,1.405779
1.790739,1.303862,1.721317,1.142015,1.496346,1.599456,1.442162,1.630088,1.339306,1.375224,1.321809
1.312500,1.590898,1.662383,1.591446,1.572672,1.298456,1.559380,1.298320,1.473000,1.511971,1.086696
1.412538,1.271314,1.508559,1.641650,1.611742,1.602371,1.667605,1.412098,1.552275,1.301272,1.256104
1.660661,1.572346,1.350588,1.469876,1.221201,1.738077,2.078690,1.417133,1.252587,1.361638,1.250312
1.562080,1.107046,1.635592,1.524102,1.170989,1.899573,1.604139,1.260607,1.267967,1.240633,0.946036
1.589206,1.217660,1.410188,1.862524,1.198583,1.534263,1.553360,1.559944,1.474770,0.981300,1.328571
1.409206,1.384213,1.349893,1.418160,1.302814,1.699808,1.249040,1.274821,1.134310,1.240493,1.313169
1.272826,1.197826,1.569012,1.606995,1.187010,1.622538,1.338997,1.419404,1.700821,1.270057,1.418372
1.277770,1.268055,1.439638,1.591741,1.010748,1.487264,1.536347,1.284284,1.336248,1.122728,1.231944
1.345987,1.556222,1.445753,1.498443,1.351876,1.791529,1.481709,1.208596,1.435794,1.017535,1.163837
1.322841,1.164185,1.381721,1.292512,1.161184,1.321949,1.601128,1.388174,1.341173,1.432501,1.125220
1.828956,1.207293,1.318155,1.244432,1.422125,1.311110,1.347868,1.476462,1.371653,1.040610,1.281257
1.513384,1.118067,1.275017,1.186761,1.243908,1.340615,1.421322,1.550061,1.537124,1.065485,1.223673
1.507440,1.454332,1.258530,1.194126,1.354001,1.152030,1.079777,1.209790,1.525893,1.606838,1.219419
1.411829,1.156114,1.038016,1.261179,1.403571,1.343224,1.618463,1.335566,1.567848,1.289112,1.041487
1.324806,1.225665,1.114322,1.186459,1.388856,1.185059,1.274083,1.477325,1.550577,1.176454,1.039116
1.313914,1.141590,1.266193,1.012588,1.305701,1.692622,1.322298,1.385715,1.232759,1.115762,1.049894
1.393251,0.953598,1.118765,0.896850,0.995890,1.383767,1.119361,0.975913,1.215300,0.918639,0.980313
1.510071,1.119177,0.940275,1.084257,1.052863,1.299834,1.046301,1.101061,1.113966,1.042301,1.054109
1.180729,1.135957,1.221028,1.202105,0.934836,1.419337,0.903214,1.095884,1.034685,1.145345,1.200403
1.159217,1.182165,0.916986,1.152996,1.207713,1.243232,0.861420,1.020232,1.188300,1.332252,0.940019
1.101785,0.976147,1.336983,1.047874,1.371608,1.076209,1.065978,0.984137,1.052977,1.284766,1.331901
1.217078,1.020633,0.992266,1.119003,1.046757,1.103631,1.038257,0.957728,1.183253,1.103233,0.965058
1.314017,0.814227,0.987498,1.088983,0.998084,1.015217,0.910396,0.998926,0.791533,1.069080,1.196972
0.812965,0.817331,0.911101,0.968409,0.935815,1.287654,0.912670,1.050270,0.830596,0.872733,1.108629
0.975018,0.772719,1.000372,1.232064,0.883085,1.188629,1.106439,1.097036,0.634687,0.940544,1.150581
0.778811,0.973946,0.928567,1.130449,0.816421,1.009045,1.054240,0.781481,0.643812,0.924456,1.227674
0.913610,0.861109,1.021631,0.871973,0.791839,1.196036,1.053133,0.988611,0.774254,1.031041,0.983772
0.683621,0.812790,1.009718,1.157186,1.095253,1.050685,1.129785,0.923827,1.001563,1.083381,0.983205
0.789775,0.863796,0.758911,0.998238,0.836890,1.043388,0.985153,1.011022,0.882898,0.854878,0.747637
0.913316,1.170441,0.875771,0.934647,0.880432,0.971279,1.121911,1.059338,0.728642,0.992162,0.763693
0.620476,1.181175,0.778357,1.017499,0.753042,0.774466,1.338937,0.835411,0.793754,1.004497,0.702224
0.963518,1.098060,0.879030,0.883191,0.687383,0.733305,0.840246,0.885846,0.742908,1.035922,0.951868
0.797151,1.032904,0.887320,0.846304,0.750954,0.851399,1.169862,0.950627,0.621077,0.832001,0.920649
1.003037,0.692689,0.642044,0.854586,0.749676,0.801819,1.073182,0.848472,0.782091,0.955646,0.867353
1.158053,0.746962,0.625149,0.882285,0.779534,0.878614,0.956081,0.755039,0.551349,0.643966,0.990176
0.952479,0.666872,0.835505,0.842064,0.951701,0.863504,0.937056,0.704581,0.643435,0.703032,0.707601
0.795602,0.651685,0.682647,0.845695,0.967316,0.974369,0.846816,0.795398,0.759611,0.713454,0.851781
0.637022,0.683855,0.762026,0.662640,0.791933,0.918710,0.766314,0.876588,0.868332,0.558573,0.768704
0.538016,0.619984,0.665885,0.743219,0.790641,0.788935,0.794426,0.777194,0.897402,0.614586,0.690141
0.637370,0.705433,0.617069,0.670306,0.602381,0.678220,0.672919,0.648244,0.763555,0.773469,0.886217
0.758316,0.610103,0.891398,0.883459,0.616124,0.704089,0.674283,0.637040,0.670587,0.681121,0.794368
0.736410,0.717121,0.866236,0.846509,0.794760,0.579330,0.613563,0.850995,0.516096,0.652159,0.717212
0.687051,0.598202,0.621280,0.647748,0.798010,0.605831,0.493565,0.731112,0.518307,0.880441,0.587260
0.742595,0.653683,0.570053,0.783210,0.726572,0.524218,0.859652,0.873859,0.679331,0.871538,0.607912
0.704019,0.711657,0.702017,0.714542,0.656948,0.616921,0.789232,0.748123,0.606495,0.865440,0.801303
0.547251,0.857821,0.774374,0.586122,0.679247,0.705895,0.735029,0.757322,0.513662,0.672126,0.766118
0.542370,0.851181,0.613147,0.597488,0.512937,0.755373,0.741071,0.594994,0.554300,0.822415,0.935738
0.675299,0.803870,0.618304,0.764005,0.522453,0.610737,0.765477,0.448475,0.734754,0.533819,0.769073
0.393267,0.808406,0.747693,0.630158,0.522281,0.589562,0.835910,0.729466,0.580953,0.600080,0.700129
0.618382,0.703946,0.748719,0.537107,0.581756,0.528514,0.712786,0.624177,0.638838,0.575789,0.703302
0.588912,0.556009,0.640734,0.674471,0.589816,0.630820,0.636835,0.491502,0.614357,0.532804,0.647508
0.488169,0.657300,0.479026,0.650954,0.582428,0.470841,0.677442,0.494310,0.555603,0.619768,0.640228
0.640339,0.770946,0.484320,0.630044,0.531026,0.613668,0.485817,0.445893,0.600864,0.701337,0.444743
0.580366,0.817152,0.374457,0.398837,0.509188,0.559841,0.476465,0.654481,0.490058,0.450533,0.455789
0.548419,0.752819,0.385938,0.428629,0.598182,0.571587,0.520913,0.742315,0.540822,0.552451,0.461067
0.589156,0.658382,0.519415,0.476351,0.481458,0.667394,0.667871,0.703186,0.551605,0.537398,0.481936
0.578090,0.629833,0.497273,0.501248,0.538560,0.612967,0.505848,0.558792,0.557160,0.433507,0.607195
0.415601,0.521032,0.378612,0.557070,0.495655,0.502456,0.446292,0.575395,0.616250,0.443256,0.571235
0.477461,0.603295,0.475592,0.561888,0.463320,0.478807,0.385458,0.487752,0.512626,0.420145,0.617281
0.514721,0.488368,0.499710,0.616415,0.498103,0.525506,0.432627,0.531001,0.522741,0.500138,0.523388
0.381048,0.521069,0.518834,0.605211,0.487385,0.547541,0.490953,0.500780,0.434158,0.481171,0.522458
0.533762,0.488117,0.523179,0.536132,0.428020,0.497541,0.403781,0.567501,0.508805,0.460151,0.535478
0.443702,0.546205,0.514104,0.505860,0.446250,0.456887,0.489420,0.493864,0.545863,0.629750,0.537548
0.648877,0.601362,0.510588,0.414489,0.389950,0.537279,0.552728,0.445326,0.533403,0.527345,0.477685
0.569609,0.645787,0.513259,0.427104,0.340378,0.472729,0.404078,0.385855,0.358664,0.481331,0.530898
0.432283,0.580533,0.454249,0.513753,0.467400,0.472115,0.522085,0.463852,0.464114,0.538798,0.495802
0.438945,0.544553,0.518765,0.492412,0.340887,0.496022,0.480604,0.566371,0.520052,0.486353,0.516778
0.454217,0.352837,0.668958,0.471431,0.451052,0.539545,0.490909,0.645584,0.470650,0.472739,0.526393
0.513648,0.429399,0.523202,0.447366,0.413529,0.566730,0.464147,0.463333,0.514706,0.397376,0.492748
0.540367,0.409309,0.450467,0.502458,0.386042,0.556932,0.359290,0.690938,0.363774,0.553695,0.455128
0.540646,0.441519,0.546562,0.519604,0.413922,0.604249,0.580630,0.580018,0.433699,0.405789,0.352574
0.436629,0.476130,0.468909,0.547853,0.547535,0.445080,0.492064,0.414388,0.533000,0.513037,0.530646
0.508989,0.444163,0.412355,0.406154,0.501869,0.493511,0.527971,0.410930,0.502449,0.367950,0.581940
0.451098,0.410650,0.480523,0.427258,0.515842,0.444384,0.606786,0.427261,0.495374,0.373086,0.652638
0.368358,0.548709,0.534845,0.575141,0.451612,0.565689,0.648833,0.448193,0.396024,0.343018,0.531592
0.406075,0.507830,0.507952,0.582390,0.380254,0.389664,0.509584,0.529524,0.388165,0.395526,0.546050
0.461748,0.538141,0.410644,0.462273,0.439931,0.498735,0.428135,0.424022,0.379098,0.346578,0.545113
0.410974,0.416765,0.408294,0.523094,0.354959,0.411557,0.402010,0.371825,0.568459,0.490178,0.479645
0.475215,0.513813,0.388638,0.560566,0.476000,0.566114,0.543850,0.462432,0.541376,0.487711,0.422576
0.386309,0.379592,0.394232,0.526596,0.358684,0.561459,0.438809,0.507720,0.504903,0.414331,0.324890
0.251682,0.272628,0.415160,0.334127,0.349762,0.586902,0.477071,0.469900,0.493831,0.383413,0.531688
0.316476,0.414807,0.364053,0.388076,0.452297,0.433005,0.585187,0.537445,0.419682,0.334425,0.551584
0.231745,0.372687,0.383000,0.414908,0.347357,0.481894,0.409026,0.531358,0.418117,0.458007,0.461543
0.365675,0.376070,0.456910,0.423675,0.398197,0.312411,0.356374,0.458746,0.417160,0.390021,0.424540
0.291567,0.340754,0.430748,0.423649,0.386075,0.419637,0.472034,0.437400,0.382469,0.467482,0.475109
0.397831,0.384892,0.500074,0.414367,0.454262,0.415244,0.514087,0.406402,0.458850,0.485296,0.389149
0.514817,0.441938,0.423011,0.498859,0.436612,0.471745,0.497420,0.355430,0.400686,0.603768,0.497476
0.399919,0.472103,0.443837,0.327340,0.563532,0.511615,0.376242,0.507898,0.489054,0.447544,0.443187
0.549601,0.483491,0.443498,0.399620,0.448554,0.461158,0.321910,0.471803,0.423749,0.454558,0.483121
0.494692,0.526660,0.378755,0.381266,0.512307,0.362279,0.351735,0.514437,0.555403,0.453082,0.480954
0.654382,0.455794,0.424516,0.464460,0.549805,0.364461,0.425875,0.418174,0.494786,0.464401,0.467946
0.609841,0.511493,0.524552,0.387023,0.492108,0.533812,0.472962,0.535220,0.517500,0.434674,0.418443
0.573223,0.443907,0.436195,0.426027,0.485185,0.414863,0.435104,0.424727,0.456749,0.311138,0.457499
0.467388,0.391544,0.602965,0.353079,0.457493,0.392526,0.460896,0.440556,0.487109,0.408061,0.473025
0.574705,0.537925,0.538722,0.398166,0.442079,0.384325,0.475366,0.413256,0.425839,0.442433,0.486036
0.423930,0.491762,0.439626,0.453221,0.533045,0.445396,0.523856,0.430201,0.536436,0.265594,0.413554
0.531933,0.526002,0.564318,0.380973,0.508359,0.422362,0.500202,0.481128,0.563476,0.367032,0.445183
0.360704,0.445980,0.450358,0.441287,0.503238,0.500535,0.453141,0.503040,0.496795,0.482797,0.396898
0.427644,0.497549,0.370457,0.451901,0.330727,0.402150,0.473589,0.462194,0.527130,0.505477,0.285877
0.523555,0.456261,0.400053,0.360163,0.453948,0.422005,0.309014,0.534726,0.473191,0.540631,0.341684
0.434677,0.480318,0.468487,0.452418,0.368258,0.377421,0.405267,0.601556,0.377433,0.572652,0.322392
0.366001,0.530394,0.423318,0.453868,0.336933,0.516426,0.412644,0.569511,0.546721,0.646147,0.381274
0.433341,0.409700,0.522871,0.415138,0.378383,0.526915,0.357411,0.508582,0.524526,0.403161,0.459213
0.339334,0.545086,0.529094,0.587930,0.360163,0.459025,0.510614,0.544724,0.515087,0.398644,0.508077
0.496490,0.615654,0.630045,0.471475,0.373811,0.557995,0.497410,0.534542,0.677172,0.401622,0.438774
0.536175,0.597486,0.564621,0.555926,0.381420,0.456097,0.411103,0.633926,0.584681,0.474299,0.478205
0.439170,0.440964,0.621307,0.542087,0.427902,0.552724,0.399852,0.595821,0.507300,0.596363,0.476096
0.517209,0.553275,0.615630,0.603955,0.547298,0.467491,0.425292,0.564581,0.580506,0.532921,0.465651
0.469770,0.410658,0.399640,0.728748,0.616229,0.419859,0.589030,0.470751,0.592859,0.439251,0.477357
0.544637,0.453181,0.535916,0.681321,0.483203,0.550701,0.557964,0.533235,0.516811,0.599433,0.358866
0.661969,0.529351,0.607985,0.565361,0.655417,0.424670,0.486256,0.549981,0.367851,0.637538,0.549537
0.466172,0.595368,0.625848,0.672736,0.582445,0.584922,0.392304,0.662155,0.569509,0.614192,0.429415
0.447044,0.456965,0.621891,0.579604,0.497867,0.558706,0.539526,0.505677,0.673369,0.428605,0.426178
0.599002,0.498439,0.602882,0.569430,0.565440,0.620643,0.402025,0.503930,0.572998,0.601016,0.747524
0.689846,0.589228,0.667439,0.508186,0.608322,0.584096,0.566463,0.577187,0.578115,0.618589,0.617460
0.774256,0.628935,0.626202,0.549834,0.596959,0.610752,0.490480,0.438677,0.474336,0.626061,0.545831
0.598890,0.541307,0.624471,0.530478,0.690965,0.609868,0.555403,0.522254,0.577613,0.560613,0.690748
0.717639,0.620147,0.776693,0.445896,0.601736,0.594006,0.624367,0.617303,0.487110,0.585281,0.632018
0.658024,0.527619,0.767239,0.726738,0.490535,0.729149,0.653265,0.640357,0.532577,0.542463,0.808527
0.699655,0.584198,0.756045,0.701551,0.659335,0.536569,0.686307,0.535335,0.510067,0.572004,0.649338
0.455558,0.661122,0.603925,0.691501,0.608241,0.440289,0.771637,0.532024,0.479587,0.439923,0.689745
0.696548,0.601578,0.709073,0.468404,0.592251,0.479435,0.825902,0.580967,0.650987,0.516362,0.564771
0.824692,0.710121,0.793241,0.565870,0.501820,0.415347,0.749958,0.584477,0.485834,0.404808,0.531143
0.774107,0.626525,0.703593,0.731018,0.557705,0.570958,0.717722,0.631910,0.691633,0.473070,0.771682
0.772508,0.666036,0.744224,0.856994,0.548060,0.705951,0.643451,0.690145,0.644591,0.663752,0.837160
0.803121,0.669080,0.750726,0.658266,0.751252,0.537236,0.609654,0.699964,0.844466,0.616696,0.753573
0.816926,0.627591,0.769728,0.821536,0.769401,0.594563,0.640941,0.816739,0.623898,0.484445,0.798439
0.760242,0.714553,1.003563,0.573845,0.555398,0.734808,0.853100,0.866883,0.680949,0.552287,0.654079
0.781201,0.563148,0.933156,0.651893,0.711942,0.711224,0.820081,0.690357,0.851732,0.665029,0.646135
0.882509,0.462382,0.809471,0.801426,0.687521,0.870808,0.688592,0.621326,0.855223,1.053870,0.742897
0.726450,0.616716,0.564437,0.545681,0.705154,0.827128,1.053473,0.842231,1.002972,0.977164,0.714767
0.776879,0.687660,0.682281,0.560263,0.607170,0.826155,0.770203,0.833246,0.645318,0.735992,0.878035
0.870275,0.777465,0.736707,0.553729,0.700664,0.960819,1.025107,0.604122,0.770341,0.757166,0.996564
0.791587,0.757930,0.887876,0.635589,0.655410,0.685220,0.754542,0.659973,0.721598,0.627144,0.844631
0.891230,0.652258,0.784560,0.601085,0.550882,0.844743,0.757263,0.639704,0.822084,0.728061,0.916409
1.035615,0.806215,0.622212,0.860589,0.498639,0.849298,0.754597,0.745433,0.634449,0.707100,0.836247
1.122080,0.774060,0.661270,0.846746,0.670025,0.655711,0.684261,0.808333,0.721377,1.036835,1.006671
0.876284,0.620457,0.830568,0.976370,0.524354,0.863344,0.888109,0.867811,0.658027,0.911631,0.685887
0.946653,0.745080,0.659149,0.898848,0.927609,0.710476,0.888180,0.943700,0.878291,0.978424,0.749713
0.867601,0.716731,0.864563,0.826401,1.114878,0.852834,0.800020,0.783950,0.871926,0.755002,0.749031
0.764605,0.835415,0.668361,0.814002,0.913044,0.740598,1.067003,0.732824,0.817046,0.984132,0.649556
0.760892,0.773541,0.741388,0.730768,0.807497,0.719360,1.164863,0.654113,0.719454,0.927071,0.924602
0.955204,0.882294,0.632004,0.797117,0.973926,0.546192,1.012591,0.958961,0.632289,0.928112,0.880320
0.798815,0.664598,0.668838,1.010748,1.080014,0.517413,1.049107,0.870238,0.775566,0.872942,1.045454
0.858613,1.021883,0.826700,0.893367,1.029968,0.945188,0.895287,0.941783,0.924712,0.907401,0.954124
0.763357,0.825104,0.718648,0.886894,1.094821,1.092971,0.887028,0.955924,0.901497,0.920259,0.876244
1.013759,0.794840,0.911832,0.789754,0.875171,1.092683,1.005588,1.153352,1.303251,0.990891,1.081960
0.878820,0.746355,1.079730,0.773814,1.152041,1.023889,0.968310,1.295510,1.002451,0.918455,1.270734
1.046359,0.766901,0.978662,0.846938,1.159922,0.997092,1.132250,1.324237,0.827881,1.089177,1.245714
1.282708,0.938799,1.187834,0.955653,0.908843,1.090697,1.129086,1.263233,0.869067,0.960427,0.988938
1.140587,1.286291,1.084271,0.803323,1.157166,0.842763,1.057215,1.253870,0.876056,0.788591,1.061681
1.139803,1.007236,1.165495,1.159253,1.068506,1.025823,1.116824,1.340930,1.165891,1.183666,1.208436
1.047085,1.250704,1.078869,1.262635,1.008464,1.081930,1.296270,1.039802,1.195831,1.167721,1.296583
0.840838,1.130584,1.104056,1.516864,1.007291,1.250149,1.130442,1.171984,1.062285,1.003323,0.991089
0.898440,1.201223,1.064573,1.567305,1.243842,0.905952,0.932782,1.172784,1.140888,1.146200,1.251296
0.867842,1.386790,0.872212,1.529776,1.325894,1.008137,1.393263,1.002208,1.297882,1.195062,1.286715
1.178670,1.172522,0.754716,1.104621,1.124951,1.013393,1.164228,1.453245,1.026488,1.138439,1.184043
1.398119,0.855053,1.038481,1.382545,1.159456,1.267952,0.977806,1.178092,1.125330,1.042838,1.253240
1.528507,0.914654,1.171568,1.027788,1.381220,1.078462,1.094780,1.026209,1.082842,1.140503,1.409121
1.516860,0.769520,1.127893,1.213168,1.140215,1.527152,1.152777,1.016556,1.252083,1.288696,1.249632
1.302831,1.118887,1.166847,1.175286,1.191028,1.199487,1.235732,0.941749,1.105063,1.414439,1.105262
1.242465,0.958129,1.414025,1.137572,1.322183,1.291285,1.235600,1.215480,1.459390,1.461948,1.299699
1.430476,1.594496,1.295914,1.368368,1.098567,1.030195,1.134020,1.254766,1.427516,1.390220,1.578545
1.110926,1.515423,1.294144,1.193678,1.331046,1.138916,1.153583,0.974717,1.234846,1.552180,1.367379
1.449798,1.241422,1.436549,1.563841,1.225912,1.612250,1.605936,1.126436,1.570717,1.331094,1.348212
1.218756,1.150745,1.302683,1.498206,1.522971,1.187684,1.549845,1.163086,1.244007,1.052185,1.240069
1.148129,1.485017,1.348967,0.945565,1.581943,1.737336,1.513697,1.473024,1.426627,1.107954,1.035074
1.163851,1.576489,1.262238,1.279864,1.703255,1.762115,1.487254,1.513623,1.642472,1.113572,1.392851
1.147177,1.631051,1.317512,1.331975,1.681605,1.845277,1.466079,1.555443,1.084497,1.386333,1.483145
1.602006,1.540568,1.496474,1.581628,1.540393,1.446271,1.559498,1.446861,1.321337,1.156340,1.638206
1.722541,1.725545,1.390028,1.724432,1.361607,1.596492,1.347380,1.375415,1.550049,1.247613,1.456977
1.484381,1.462938,1.350834,1.474445,1.416818,1.464059,1.463459,1.567890,1.159571,1.099177,1.434919
1.862044,1.510482,1.611799,1.261806,1.173683,1.328502,1.676505,1.355631,1.406849,1.188938,1.593606
1.702259,1.860075,1.660965,1.371467,1.352790,1.344080,1.523478,1.565992,1.444106,1.071212,1.655152
1.418632,1.718694,1.527846,1.551177,1.578696,1.578867,1.738345,1.379432,1.604952,1.657440,1.620369
1.294557,1.525576,1.387622,1.596709,1.822061,1.448630,1.869917,1.462480,1.311912,1.256054,1.865430
1.666689,1.414350,1.476083,1.615101,1.581637,1.413590,1.916558,1.181713,1.517341,1.439901,1.844947
1.917279,1.354217,2.384240,1.348243,2.200687,1.643756,1.718641,1.560793,1.643527,1.736161,1.666569
1.625275,1.274135,2.149762,1.178894,1.772080,1.433311,1.334422,1.448480,1.534062,1.849870,1.787823
1.511197,1.482080,1.717170,1.551225,1.431101,1.367044,1.799079,1.273048,1.335466,1.643161,1.968148
1.681665,1.732475,2.186626,1.344834,1.478735,1.612782,1.845211,1.614683,1.957674,1.436643,1.867324
1.724066,1.882931,1.596173,1.537517,1.939880,1.697251,1.613844,1.939673,1.557384,1.522171,2.025994
1.818545,1.804554,1.718232,1.830594,1.955198,1.608360,1.715677,1.670443,1.791686,1.631825,1.814943
1.730884,1.645787,1.924834,1.734759,1.844047,1.762423,1.515580,1.645252,1.098412,1.551728,1.672014
1.637941,1.536343,2.296127,2.157383,1.700923,1.766000,1.684431,2.078384,1.544047,1.452078,1.810004
1.913017,1.737467,2.152073,1.780156,1.696099,1.675701,1.903671,2.133594,1.524492,2.273769,1.794951
1.790177,2.024447,1.648386,1.798463,2.638967,1.975231,1.784393,2.060127,1.165673,1.890217,1.655007
2.100584,1.921862,1.811009,2.178008,2.081939,1.858093,1.685419,2.133794,1.287980,1.991171,1.488425
2.529467,1.475001,2.333893,2.005645,2.118150,1.999252,2.045097,1.569590,1.751515,1.596702,2.217301
1.907595,1.842074,2.137977,1.959563,2.335195,2.088932,1.745143,1.911608,1.672695,2.144381,1.993482
2.228796,1.537095,1.661962,2.072327,2.365837,1.731386,2.363505,1.670337,1.680609,2.202219,1.877283
2.504283,1.767774,1.923021,2.106927,2.490087,2.036793,2.009278,1.758333,1.637546,1.680606,2.737336
2.475219,1.874144,1.965768,1.977127,2.198477,1.995393,2.068111,2.081632,2.090866,1.891203,1.915860
2.040732,1.887382,1.795858,2.335975,2.091240,2.029178,2.141302,2.084043,2.085147,1.937884,1.834919
1.605781,2.009979,1.957976,2.059348,2.041250,1.808023,2.052439,2.043386,1.998066,2.001417,2.296880
2.023579,1.954298,1.841876,2.651635,2.342578,1.711717,1.984421,2.226506,1.904233,2.010927,2.484565
2.167972,1.660727,2.039849,1.681970,2.431189,2.053266,2.074386,1.934340,2.038581,2.143237,2.433337
1.903733,2.123132,1.921252,2.024598,2.446233,1.681577,2.427732,2.124365,2.057267,2.154497,2.451502
2.139378,2.352577,2.085738,2.257833,2.631373,2.425115,2.339205,2.508014,2.110078,2.662430,1.995743
2.427362,2.195972,2.247804,2.709634,2.245396,2.411136,2.667150,1.943411,2.277891,2.532614,2.020478
1.987948,2.346892,1.880141,2.628572,2.066188,2.327677,2.147006,2.333543,2.485972,2.155631,2.225033
2.008478,2.350637,2.140519,3.067312,2.240795,2.345608,2.609219,2.058002,1.710056,2.007735,2.099281
1.854644,2.252046,2.359961,2.519354,2.370886,2.062741,2.263715,2.023303,2.207654,2.228663,1.787591
2.418843,2.255558,3.147367,2.796138,2.167393,2.292742,2.105418,2.086211,2.643194,2.192260,2.322424
2.283855,1.480921,2.593916,2.653779,2.418034,1.787752,2.302766,2.375985,2.180905,2.170161,2.106271
2.004884,2.002673,3.277262,2.885666,2.822051,2.097928,1.893045,2.138024,1.955741,2.433730,2.284953
1.945118,2.415933,2.726297,2.275506,2.384340,2.238555,2.126209,2.267652,2.631880,2.396958,2.525000
2.328499,2.366115,2.962093,2.386589,2.437441,2.284576,2.267907,2.436796,2.544272,2.436799,2.483396
1.984309,2.497662,2.645206,2.449814,2.500794,1.983525,2.614818,2.493909,2.768426,2.634438,2.206201
1.916849,3.272969,2.789875,2.462333,2.548284,2.402365,2.464479,2.730233,2.254101,3.211506,2.089129
2.057735,2.860617,2.537842,2.432019,3.038147,2.373104,2.444425,2.193795,2.148194,3.009238,2.260082
2.732796,2.612504,2.564171,2.172337,3.059915,2.479623,2.432219,2.620385,2.145263,2.403942,2.312861
2.394201,2.644582,2.183868,2.403659,3.072958,1.982820,2.261037,2.703152,2.380199,2.508566,2.071400
2.828512,2.459651,2.427942,2.697461,3.120805,2.719848,1.999658,2.852130,2.959722,2.652996,2.776886
2.881592,2.343595,2.274663,2.879673,3.282167,2.841694,2.138557,3.058620,3.084851,2.478015,3.158102
3.087250,2.003146,3.172090,3.191945,3.014301,2.873122,2.395527,2.440906,2.503860,2.100370,3.303799
3.230965,2.842836,2.204835,3.017489,3.305641,2.790565,2.370853,2.651771,2.514061,2.795265,2.675854
2.551917,2.869813,2.453015,2.955425,2.558490,2.764344,2.491014,2.831519,2.886489,2.156462,2.380337
2.461215,2.979564,2.531045,2.944049,2.705968,2.664136,2.755412,2.455611,2.370853,2.869626,3.120624
2.653041,2.977939,3.003898,3.213941,3.134368,2.476007,2.810943,2.810767,2.693001,2.710017,2.550777
2.872919,2.444232,2.919268,2.802565,2.845228,2.763266,2.575020,2.583896,2.970629,2.836543,2.473731
2.430088,3.162954,2.918448,2.998430,2.941458,3.309791,3.051823,2.767374,2.851567,2.783360,2.451784
3.005090,3.173667,2.580021,2.707816,2.425631,2.822848,2.636960,2.673402,3.270401,2.874945,2.515887
3.223396,2.885828,2.542252,3.081529,2.690563,2.724550,2.716459,3.214046,2.658316,3.077573,1.889508
2.194710,2.595483,2.728740,2.471524,2.589906,2.905996,2.244438,2.837549,3.256220,3.091965,2.204920
2.599562,2.497691,3.002669,2.877521,3.065294,2.899882,2.660513,2.715670,3.238871,3.731153,2.561918
2.615139,2.255467,2.817513,2.693650,3.119105,3.087497,2.910742,2.559781,3.545783,3.210029,3.358355
2.585789,3.254516,2.756974,3.133544,2.685688,3.111740,2.482076,2.864893,3.333146,2.809317,3.784024
3.169287,3.558134,2.610568,3.262231,2.151424,2.884393,2.493416,2.737515,2.697761,2.549401,3.322713
2.828479,3.687230,3.269599,2.843706,2.783086,2.435043,2.600003,3.030168,3.374345,2.995942,3.576201
2.753107,3.383631,2.968972,3.213950,3.195199,2.684658,2.781749,2.661174,3.008975,2.952538,3.316939
2.998809,2.982625,2.490023,3.158947,3.278774,2.993850,2.495651,2.743345,3.178105,3.439149,2.968247
2.858480,3.242800,3.019266,2.473712,2.863142,3.275467,2.605085,3.180367,2.988383,3.190843,2.742327
2.868736,2.547929,2.892727,2.962104,3.002858,3.358539,3.084941,3.276695,2.708077,2.952921,2.743724
2.179872,3.306483,3.063575,3.653673,2.862033,3.140535,2.868893,3.276906,3.071608,3.574537,2.392112
2.583755,2.767410,3.368612,3.289645,2.929024,3.190111,2.428786,3.033440,2.702609,3.510811,2.497794
3.069617,2.836169,3.357781,3.252709,3.282879,3.389944,2.686832,3.099260,2.453076,3.237315,2.976819
3.108437,2.861601,3.082391,3.734780,2.929232,2.829058,2.821123,3.725230,3.178889,3.223765,3.568814
2.745143,3.061812,2.246439,3.944431,4.040007,3.423743,3.444408,2.881870,3.104318,3.552289,2.944319
3.399685,3.066648,2.976080,3.106198,3.263881,3.114609,4.512141,2.926176,3.065364,2.966569,2.699820
2.843711,2.933284,3.590782,3.467600,3.174581,3.131504,4.605438,2.927249,2.596345,3.547290,3.870218
3.335666,3.407651,3.102236,3.378073,3.107617,2.758917,3.779034,2.836795,2.479095,3.494768,3.617560
3.988091,3.107131,3.120394,3.523939,3.678554,3.522336,3.526035,3.594398,2.294686,3.336677,2.690701
3.543155,3.267149,3.584717,3.763378,3.165399,3.570598,3.653131,3.035598,3.550197,3.634463,3.034705
4.405120,3.148795,2.740897,4.240615,3.057517,3.994098,4.073628,2.264173,3.505793,3.390222,4.072580
3.859627,3.520983,2.511202,3.067934,2.302483,3.422077,3.047322,3.513995,2.900141,3.337813,3.184616
4.220001,3.122083,3.548893,2.444010,2.669854,3.556366,3.266534,2.797213,3.430288,3.282133,3.454245
3.977446,3.069739,3.644504,2.682683,3.275061,3.417440,3.149462,2.986789,3.754056,4.081007,3.140247
3.814649,3.105160,3.968569,3.203826,3.585120,3.449960,4.276864,3.509931,3.491893,3.671552,2.892508
3.870864,3.447750,3.632640,2.760892,4.039392,4.214683,3.236337,3.221370,2.718130,3.598729,2.999901
3.323792,3.316855,3.347485,3.312417,3.355841,3.676562,3.686036,3.300118,4.005766,2.856821,2.776074
3.067691,3.972473,3.209270,3.169929,3.078089,3.914461,3.398849,2.692583,3.556127,3.684530,3.651657
4.063669,3.269347,3.002487,3.751172,3.435849,3.251200,3.433495,3.212540,3.518610,3.722850,3.471110
3.739392,3.725636,2.857401,3.500704,2.953001,3.192211,3.196872,3.521071,3.786429,2.942870,3.512952
3.090270,3.521412,3.922981,3.795350,4.014391,3.144436,2.676908,3.375302,3.625578,3.505875,2.761209
3.750312,3.612941,3.275149,3.653408,3.194013,3.503159,3.569295,3.644283,3.268011,3.595037,3.635013
3.361021,3.209404,3.223414,3.904746,4.099851,2.989382,3.461102,3.085700,3.138969,3.687584,2.830207
3.011858,3.639128,2.930919,3.842709,2.807996,3.038677,3.076125,3.297224,3.501421,3.850487,3.054430
3.283414,3.731740,3.891790,3.473861,3.710735,3.118061,3.267835,4.199172,2.946886,3.831057,3.653621
3.175881,4.245477,3.449372,3.719499,2.977806,3.764917,3.759488,3.978132,3.728876,3.327767,4.034993
3.755751,3.952931,3.177665,3.878611,2.883867,3.296166,4.242038,3.439381,2.398290,3.591115,3.093233
4.324143,3.371602,3.316186,3.410236,2.892199,3.234177,4.127075,3.234724,3.065071,3.086813,2.640150
3.516388,3.218683,2.774721,3.498730,2.601381,3.673302,3.646539,3.105651,2.786324,3.204892,3.264668
3.283269,2.654016,2.725732,3.077379,2.999172,3.770484,3.505894,3.248149,3.538409,3.223488,3.729627
3.754955,3.454852,3.168759,3.411287,3.136013,3.437440,2.943891,3.210231,3.474479,3.429098,3.489637
3.340107,3.582774,4.040464,3.252325,3.534428,3.782735,3.785421,3.833489,3.688577,2.645644,3.191070
3.374509,3.919153,2.938685,3.432165,3.705020,4.013682,3.254751,3.594342,3.040271,2.901801,4.052488
3.565794,4.213035,3.628930,3.614742,3.116994,3.438918,3.207263,3.421176,3.507938,2.985187,3.041585
3.290607,3.901014,3.214924,3.345815,2.834208,3.328035,3.588174,3.587238,4.116773,2.502292,3.539471
2.889495,3.381141,3.794744,3.997606,3.325485,3.390464,2.907710,3.057324,3.465044,3.400826,3.883543
3.474036,3.813661,3.236420,3.638907,3.468071,2.651152,3.406160,3.593402,2.787319,3.046450,2.824806
3.953226,4.197050,3.386731,2.758643,3.375295,3.471869,3.868571,3.145817,3.882437,3.943987,2.689302
3.186948,4.546979,3.765340,3.425448,3.321420,3.201819,3.360133,3.893311,3.880511,3.484225,2.981778
3.333109,3.716850,3.131880,3.149191,3.192832,3.614708,3.197962,3.695126,3.160591,3.213989,2.955867
3.133240,2.904435,3.304807,2.818590,2.819358,3.051739,4.324542,3.483195,3.518196,2.820865,3.438949
3.772270,3.625092,2.776911,4.050118,3.049555,2.851980,3.054484,3.804729,3.332324,3.088560,2.851155
4.265655,2.857830,3.449257,3.364996,3.494080,2.903686,3.141012,3.171713,3.711695,4.032422,3.160612
3.462387,3.146640,2.858782,4.090700,3.745583,3.026311,4.243407,3.274404,2.821981,2.850160,3.131160
2.978003,3.914671,3.197170,3.558349,4.129946,3.591139,3.420231,4.029017,3.052230,4.066808,2.936247
3.045171,3.387867,3.193356,3.940043,2.954956,3.625081,3.204806,4.217733,2.741978,3.003811,3.211736
3.268291,3.603682,2.564224,3.097777,3.934510,3.753464,3.677930,4.703722,3.107750,3.845536,2.297583
3.075763,2.965369,2.735006,3.625178,4.255534,3.509734,4.061923,3.890495,3.045208,4.393716,3.167707
3.007125,3.236977,3.042854,3.977702,3.583116,4.135461,3.302027,4.052297,3.761285,3.773659,3.334681
2.995907,3.248988,3.540094,3.443379,2.792869,3.774669,3.721075,3.497696,3.514732,3.439026,2.973547
4.089539,3.023883,2.959246,3.401566,3.510270,4.343412,4.209372,3.760931,3.561820,4.132332,3.714608
3.762587,3.416695,2.909122,3.872007,3.130675,2.632020,3.453212,3.646422,3.832560,3.014464,3.340725
3.001536,3.502926,2.749961,3.430538,3.695034,2.900236,3.347568,3.247800,3.852291,3.144559,4.052286
2.892983,3.927612,3.396686,2.696339,4.503206,3.086806,3.134101,3.410995,3.218559,3.554692,3.689202
3.821055,3.783436,2.465279,3.388773,3.921358,3.060079,3.498511,2.675510,3.943214,3.203489,3.316973
3.426713,3.183171,3.274946,3.271295,3.587975,3.146891,3.277083,3.535584,3.621938,3.290066,3.110100
3.679141,3.783285,3.608453,3.801830,2.546340,3.398070,3.938000,2.940052,4.033334,3.630345,3.808450
3.579569,3.554578,3.457498,2.748471,2.810477,3.163175,3.535738,3.338822,3.515872,3.535962,3.681394
3.898336,3.201778,3.502558,3.422617,3.669253,3.019039,3.459363,3.301933,3.659478,3.687343,3.500252
3.490191,3.894881,3.027505,2.743171,3.024805,3.315630,3.144975,3.021289,3.851510,3.020927,4.093320
3.504768,3.644444,2.913669,3.653259,3.360138,3.151589,3.444564,3.143087,3.770447,2.807323,3.861709
3.288780,3.740658,2.886460,2.723105,3.924491,4.244891,2.417616,3.298340,4.139671,3.408881,3.748067
3.466976,4.021735,3.219669,3.378888,3.657374,3.742079,2.840397,3.548832,3.318747,3.086771,3.755102
3.619407,4.425638,3.837956,2.843444,2.853542,2.633894,3.580345,3.163492,3.421898,3.172075,3.935884
2.766786,3.448789,3.254411,3.218767,3.625245,2.673658,2.684423,3.600888,3.333186,3.142649,3.248520
3.330043,3.191882,3.797882,2.869202,3.727076,3.392399,3.272441,3.311001,3.693096,3.297973,3.495499
3.433368,3.637802,2.616851,3.380905,3.637456,3.001121,3.643914,3.592008,2.866545,2.542008,2.917190
3.453037,2.670957,2.436097,2.748845,4.069780,3.409848,3.811479,3.504823,3.523126,2.720762,3.126879
2.900935,3.600155,3.222300,2.293767,3.019897,3.475257,3.289162,3.158564,3.169043,3.262223,3.491975
3.136935,3.261026,3.158101,2.384087,2.737942,2.901315,3.212855,3.090696,3.856481,3.092087,3.637789
2.759747,3.287084,3.373888,2.796000,3.269260,3.089255,3.024878,3.570706,3.667536,3.036409,2.811675
2.760572,2.773808,3.770819,3.008873,3.614965,3.536380,3.113205,3.309130,3.182807,3.218118,2.754359
2.589772,2.708835,2.839241,3.081248,2.900982,2.931100,3.081142,2.511108,3.359884,3.155302,2.820543
3.334261,3.298413,3.198933,2.758472,3.140067,3.235310,3.109475,3.275853,2.982732,3.162654,3.031558
2.894054,2.955928,3.355902,2.821530,2.925688,3.222209,3.302434,3.251956,3.164184,2.506705,2.887500
3.333005,2.698866,3.350554,2.132235,3.748105,2.695407,2.913373,3.589564,3.193807,3.315358,3.610052
3.602752,2.729375,3.226315,3.256348,3.105885,2.529226,3.489508,3.012094,3.773799,3.164574,3.423069
2.994063,3.014911,2.960556,3.091815,3.722768,2.953240,3.114954,2.998278,3.035193,2.273273,3.128288
3.580210,2.658821,3.028206,2.341963,3.287427,2.813922,4.000859,2.647691,3.506220,2.853773,3.318869
2.563769,2.601715,3.398538,2.655877,3.056114,2.770413,2.845560,2.763580,3.263241,3.271996,3.281947
2.790539,2.461981,3.115526,2.575645,2.757058,3.268803,3.389547,2.950547,3.200695,3.490291,2.838245
2.705542,2.806247,3.329538,2.875324,3.657831,3.391099,3.397450,2.668015,3.607967,3.824669,2.712622
3.443661,2.753272,2.584996,2.673525,3.162273,3.207973,3.395056,2.325654,3.972656,2.482150,3.319967
2.319951,2.891919,3.461749,2.955933,3.062437,3.270037,2.711696,2.770803,2.558922,2.994232,3.019721
2.753540,2.705625,2.577322,3.218989,3.167488,3.259563,2.855779,2.816515,3.206885,3.105597,2.220355
2.861700,2.944810,3.213883,2.304630,2.958287,3.522478,2.815442,1.803266,3.300540,2.914214,2.840832
2.868829,2.679055,2.650292,2.689208,2.814785,2.823779,2.363541,2.059032,3.035409,2.637781,3.095905
2.685778,3.238393,2.888952,3.256163,3.345326,2.368406,2.247978,2.450272,2.441079,3.275291,2.598795
2.824103,2.681688,2.814289,2.645769,3.369784,3.046304,2.503774,2.734491,2.558744,2.627270,3.178490
3.251527,3.306599,2.597801,3.242898,2.880442,2.969968,3.054039,3.076368,3.184811,2.190476,3.227975
3.276614,3.019354,2.321922,2.871819,2.707536,3.196181,2.808601,2.995528,3.156686,2.263735,2.989533
3.028836,2.754396,3.347048,3.007505,2.523513,3.017895,2.755155,3.075636,3.067480,1.972620,2.477032
2.856916,2.698195,3.117871,3.236099,2.747315,2.084194,2.780983,2.895481,3.009137,2.549180,2.805163
3.043650,2.825712,2.784236,2.910513,2.914996,2.743928,2.785278,2.853918,2.259576,2.836159,2.911373
2.635715,2.183580,2.866784,2.892456,2.244026,2.420329,2.966149,2.201962,2.756439,2.069210,2.252467
2.098469,3.038156,2.551595,2.927361,2.591168,2.110887,2.678756,2.398778,2.369379,2.624802,3.090706
2.067810,2.603670,2.391124,2.363844,2.761086,2.297833,3.030274,2.643015,2.860826,3.064430,2.672901
2.605260,2.604303,2.801020,2.745129,2.630966,2.407763,2.289101,2.687552,2.514122,2.634217,2.819061
2.909875,2.744010,2.726898,3.063466,2.240431,2.381583,2.923790,2.884302,2.371484,2.410440,2.399099
3.124715,2.088084,2.527309,2.777049,2.784471,2.566032,2.019444,2.772827,2.200868,2.420395,2.340287
2.794604,2.823855,1.965473,2.015470,2.362889,2.544112,2.655463,2.381906,2.357738,2.495252,2.480612
1.995804,2.335500,2.272963,2.461075,2.196506,2.479746,2.419375,3.025762,2.792774,2.373647,2.889586
2.317999,2.329543,1.929957,2.954209,1.854338,2.227895,2.375429,2.645661,2.814276,2.181816,2.570412
2.819383,2.495733,1.988905,2.507471,2.221867,2.183652,2.256595,2.695796,2.703059,2.131411,2.019071
2.587244,2.215766,1.470519,2.557118,2.362347,1.946875,1.633388,2.418661,2.082407,1.830789,2.403740
2.416282,2.010534,1.771256,2.710153,2.392959,2.436331,2.213417,2.456141,2.590445,1.865696,2.155244
2.653937,1.988866,1.820106,2.067403,2.583976,2.655403,2.062759,2.044286,2.722361,2.075697,2.375670
2.099808,1.879009,2.224937,1.749870,2.528265,2.411020,2.106388,2.111539,2.387373,1.690550,2.201232
1.847683,2.077775,1.962135,2.102535,2.114341,2.324492,2.194562,1.806101,2.279330,2.300430,2.372941
2.250273,1.899720,1.859478,1.932334,2.557908,2.056369,2.029715,2.082723,1.626039,2.360492,2.083020
2.003208,2.165615,2.100786,2.482992,2.015321,1.667051,2.104005,1.603751,1.657493,2.172969,2.765329
1.610692,1.687052,2.063694,2.371278,1.971348,1.375811,2.133463,2.371864,2.349982,2.363358,2.841727
1.724581,1.864613,1.774384,1.740961,2.381279,1.962457,1.806137,1.825625,2.005251,1.717007,2.312106
1.833614,2.226905,1.968595,2.260585,1.665737,2.307226,1.941498,2.349702,2.159902,1.770966,1.960138
2.406882,2.104109,2.239419,2.336210,1.786187,2.258993,2.292648,2.064214,2.165827,2.153491,1.897916
2.259241,2.704140,1.733146,1.630270,2.115510,1.601713,2.002364,1.912322,2.159246,1.708921,1.897453
1.533719,2.441882,1.822118,1.927351,1.934418,2.067208,1.917762,1.910630,1.457706,1.783393,1.993447
2.160940,2.303718,1.952933,1.831899,1.341403,2.237697,1.808241,2.178115,1.558815,1.872073,1.913821
1.790077,2.138189,1.977849,2.130898,1.402728,1.910881,1.696597,1.894368,1.631304,1.863377,1.981324
2.176647,2.259541,2.036489,1.576741,1.438648,2.188216,2.000519,1.954836,1.576432,2.026181,1.991105
2.056234,2.048562,1.819485,1.626973,1.767577,2.353293,1.920696,1.992414,1.688907,1.698336,1.807228
2.095542,1.997917,1.592970,2.226626,1.710094,1.940535,1.640239,1.916392,1.352503,1.741945,1.511735
1.983107,1.641417,2.045315,2.235443,2.105385,1.726665,1.648169,1.755167,1.729478,1.690187,1.994750
2.050935,1.784577,1.593450,1.805693,1.982871,1.586660,1.730218,1.608031,1.452398,1.811571,2.039069
1.831013,1.734058,1.861112,1.672137,1.655229,1.622836,1.986828,1.559028,1.893538,1.909073,1.742307
1.769960,1.447675,1.582356,1.530122,1.676336,1.451939,1.982860,1.655407,1.812488,1.902525,1.871961
1.858881,1.280549,1.725712,1.875501,1.438028,1.487091,1.886993,1.336081,1.531572,1.485963,1.814484
1.500056,1.653936,1.712949,1.569989,1.472823,1.481923,1.612017,1.735359,1.868477,1.391731,1.499157
1.471181,1.653960,1.535583,1.543953,1.412862,1.479810,1.884908,1.480988,1.966180,1.504486,1.754566
1.769760,1.781804,1.730935,1.229373,1.529812,1.646118,1.551910,1.468222,1.388458,1.687486,1.314415
1.702907,1.975167,1.569822,1.404696,1.509169,1.414698,1.527242,1.553691,1.295123,1.516202,1.787619
2.058465,1.913651,1.139937,1.229705,1.353725,1.742082,1.575358,1.583533,1.335132,1.594679,1.859894
1.475565,1.857305,1.584256,1.676451,1.276526,1.628428,1.493433,1.419212,1.539700,1.379519,1.487524
1.813776,1.491463,1.585306,1.271032,1.367340,1.475121,1.402588,1.525590,1.233359,1.561518,1.399183
1.602375,1.485671,1.389420,1.115801,1.067808,1.587828,1.215195,1.270820,1.331726,1.543131,1.614113
1.399511,1.415718,1.454141,1.315909,1.267767,1.128219,1.517544,1.445225,1.429223,1.708957,1.264321
1.222831,1.560417,1.607532,1.096367,1.191059,1.440980,0.907249,1.208432,1.541120,1.392469,1.424885
1.059234,1.424201,1.400400,1.381633,1.041562,1.676716,1.267069,1.393796,1.348781,1.332631,1.336513
1.497614,1.382584,1.619160,1.351754,1.306064,1.119264,1.012652,1.169442,1.525073,1.324540,1.460422
1.420864,1.545870,1.466009,1.367174,1.280335,1.283055,1.327501,1.155300,1.258808,1.274900,1.356872
1.654208,1.284445,1.236305,1.462201,1.254084,1.630437,1.135734,1.151600,1.398919,1.170932,1.405715
1.410886,1.191931,1.486920,1.179652,1.676339,1.592069,1.836076,1.389015,1.237375,1.178437,1.391825
1.314021,1.021953,1.103475,1.366490,1.149389,1.315783,1.847620,1.453320,1.501415,1.222111,1.063771
1.590870,1.093357,1.281200,1.376960,1.517640,1.418113,1.376070,1.414143,1.068061,1.414835,0.952059
1.284148,1.364246,1.197822,1.037752,1.470161,1.019153,1.064244,1.374230,0.993335,1.054649,0.890329
1.315823,1.414295,0.995866,1.049390,1.020898,0.938798,0.969558,1.034987,1.113617,0.961317,1.140543
1.130441,1.350178,1.067323,1.321392,1.091793,0.796956,1.208534,1.216652,0.945764,1.092285,1.087795
1.243013,0.934209,1.286470,1.406614,1.232484,0.911178,1.070324,1.149637,1.080613,1.042503,0.998448
1.088235,1.193326,1.158782,1.261183,1.478695,0.987421,1.136030,1.114571,1.253396,1.129864,0.995285
1.197661,1.044921,1.221148,1.058524,1.434098,0.860965,1.064962,1.211734,1.091480,0.892383,1.001549
1.039014,1.173409,1.154796,0.931894,1.033762,0.955372,0.977497,1.114972,0.911691,1.141570,1.246632
1.142965,1.168171,1.047740,1.165040,0.998381,0.884702,1.055052,1.136177,0.928952,1.181377,1.215277
1.234703,1.150996,1.050259,1.022183,1.184691,1.194798,1.061160,0.721832,0.982187,0.938268,1.131879
1.036600,0.880569,0.866497,0.968349,0.784759,0.996327,1.168508,1.000414,1.014279,0.794398,0.899057
1.047712,0.938906,0.919720,0.765177,0.884535,1.030382,0.846088,0.741252,0.913506,0.968913,0.953992
0.982982,0.940785,0.787362,0.782626,0.967493,1.133105,0.851397,0.896340,0.976091,0.963113,1.156848
1.020753,0.785065,0.824164,0.828708,0.937872,1.088721,1.135718,1.073294,0.822071,1.099571,1.155296
0.970174,1.104984,0.930582,0.968893,0.735159,1.070185,1.040295,0.819086,0.844362,0.983668,1.120814
0.920331,0.936893,0.694605,0.781431,0.792322,1.206587,1.009053,0.765263,1.110514,1.027429,0.791161
0.760955,0.850436,0.777736,0.916864,0.899606,0.760011,1.020536,1.117933,1.011677,0.832415,0.968471
0.754915,0.868605,0.791314,1.050065,0.832914,1.053616,0.959894,1.062763,0.925130,0.930900,0.888013
0.912272,0.851774,0.718257,0.762229,0.910188,0.956333,0.829586,0.828255,0.881600,0.863933,0.664357
0.757582,0.864497,0.815577,1.022762,0.972492,0.880334,0.826341,0.994166,0.973465,0.803140,0.878089
0.721687,0.754554,0.758632,0.878446,0.787574,0.722440,0.881169,0.747338,0.978583,0.747177,0.818795
0.763919,0.954005,0.675367,0.837289,0.735253,0.970472,0.703835,0.719092,0.771376,0.882874,0.885206
0.868689,0.671090,0.885054,0.789562,0.670013,0.860340,0.803927,0.703530,0.826896,0.779469,0.917019
0.893085,0.784131,0.893990,0.840087,0.752692,0.766724,0.780557,0.969807,0.790829,0.849153,0.593711
0.964915,0.736474,0.752828,0.889190,0.645464,0.810238,0.909439,0.918325,0.645829,0.684821,0.824291
0.808281,0.765145,0.704019,0.852678,0.648246,0.833156,0.876838,0.773349,0.652120,0.788388,0.560975
0.641280,0.759633,0.704113,0.865144,0.816159,0.609116,0.748582,0.923100,0.629021,0.894229,0.762456
0.777152,0.798649,0.788472,0.808636,0.657732,0.728353,0.824467,1.006793,0.691617,0.578090,0.662824
0.785549,0.816678,0.788470,0.816702,0.702765,0.617487,0.862891,0.761466,0.626956,0.629645,0.699369
0.750849,0.722001,0.866608,0.637388,0.676249,0.676405,0.638394,1.085071,0.826707,0.716528,0.851526
0.578276,0.685711,0.779416,0.828929,0.775990,0.684789,0.537150,0.957816,0.860870,0.576566,0.909029
0.613880,0.798834,0.769892,0.701990,0.782850,0.866652,0.550871,0.697654,0.586526,0.465963,0.928293
0.559769,0.804035,0.660067,0.849750,0.671120,0.658090,0.658179,0.721496,0.562669,0.644443,0.924233
0.641735,0.696621,0.660285,0.753122,0.620543,0.757249,0.493964,0.606312,0.492287,0.608082,0.767407
0.663515,0.713470,0.529685,0.595210,0.698418,0.647403,0.759550,0.477691,0.522967,0.663083,0.604958
0.468348,0.733539,0.632329,0.629016,0.664857,0.611970,0.679669,0.548320,0.680399,0.660890,0.665044
0.745207,0.732077,0.652083,0.733132,0.652680,0.771368,0.689835,0.456224,0.608387,0.633280,0.799830
0.897228,0.606266,0.573008,0.548482,0.533369,0.599308,0.810122,0.522492,0.454532,0.731765,0.613344
0.610456,0.549016,0.729019,0.529450,0.599568,0.557451,0.857085,0.511522,0.528126,0.656820,0.542549
0.595430,0.574921,0.648211,0.579364,0.701991,0.546305,0.594369,0.409177,0.461913,0.753077,0.738967
0.595524,0.666421,0.565973,0.485948,0.539970,0.549875,0.535723,0.606348,0.581056,0.565132,0.497606
0.665558,0.681466,0.602367,0.574856,0.479229,0.700400,0.593021,0.552556,0.467747,0.633296,0.528274
0.641239,0.445448,0.534986,0.449384,0.630036,0.682604,0.487021,0.547186,0.431019,0.585400,0.519486
0.601055,0.468866,0.580988,0.495486,0.503495,0.632487,0.595532,0.536347,0.512534,0.594785,0.526116
0.650908,0.493126,0.610324,0.415889,0.531939,0.575873,0.578008,0.480630,0.554464,0.509365,0.478139
0.608281,0.443283,0.523626,0.535324,0.560803,0.569117,0.564712,0.427745,0.357533,0.466557,0.600450
0.496868,0.381105,0.692634,0.586567,0.525360,0.500746,0.632257,0.528446,0.438871,0.553728,0.469270
0.419743,0.448177,0.588319,0.557844,0.550605,0.437531,0.477344,0.590523,0.424831,0.544899,0.536930
0.405666,0.558731,0.557404,0.525755,0.358727,0.510087,0.589210,0.579619,0.399105,0.534209,0.595838
0.392945,0.570355,0.492541,0.431729,0.430615,0.405761,0.597030,0.590818,0.339927,0.636863,0.636040
0.437969,0.395667,0.436379,0.472104,0.404604,0.505142,0.466621,0.500649,0.417376,0.372439,0.521608
0.346013,0.401820,0.387901,0.516170,0.513075,0.527408,0.605951,0.539801,0.464506,0.581628,0.614228
0.419496,0.542288,0.394659,0.490531,0.429792,0.451058,0.532844,0.465192,0.495308,0.508873,0.638808
0.453414,0.461710,0.361510,0.518657,0.398433,0.531813,0.472452,0.438067,0.464728,0.387137,0.516995
0.458724,0.508940,0.412594,0.387034,0.482095,0.439971,0.531382,0.437504,0.440304,0.381907,0.549080
0.522059,0.400766,0.343860,0.542505,0.497975,0.480771,0.400327,0.417853,0.417886,0.453537,0.478328
0.441225,0.442620,0.440752,0.443240,0.427850,0.583107,0.498404,0.364572,0.410012,0.512297,0.521054
0.593728,0.535696,0.440663,0.411311,0.550920,0.457212,0.520767,0.442064,0.548463,0.590462,0.454089
0.525533,0.366500,0.447197,0.516736,0.566131,0.421131,0.478073,0.371288,0.492201,0.464624,0.593226
0.523518,0.489808,0.532988,0.535759,0.447121,0.367196,0.475613,0.331651,0.514825,0.617487,0.592341
0.467727,0.424072,0.495255,0.408725,0.420810,0.426326,0.332395,0.380104,0.480084,0.544858,0.470433
0.463822,0.576518,0.473871,0.534487,0.452422,0.366535,0.409994,0.445522,0.521265,0.520415,0.543044
0.502336,0.622772,0.449102,0.485761,0.502233,0.550127,0.547519,0.358282,0.471428,0.368224,0.397139
0.569694,0.440328,0.381907,0.529788,0.437184,0.586422,0.490832,0.343559,0.512068,0.500657,0.384977
0.441684,0.522936,0.410500,0.520692,0.511662,0.407076,0.529697,0.397048,0.356569,0.443360,0.511168
0.384688,0.462884,0.519987,0.428900,0.479723,0.302231,0.443779,0.397948,0.432841,0.603997,0.450280
0.523716,0.299597,0.499606,0.437075,0.423756,0.446217,0.377804,0.403087,0.449527,0.633728,0.438482
0.467652,0.427394,0.400142,0.462627,0.408021,0.463200,0.443070,0.341862,0.407163,0.538108,0.379945
0.403255,0.464586,0.344255,0.478758,0.460393,0.543674,0.385333,0.410503,0.492420,0.445957,0.285127
0.359956,0.408652,0.455737,0.443106,0.512316,0.525351,0.299893,0.434223,0.420797,0.457757,0.396503
0.419764,0.350767,0.454656,0.523638,0.614839,0.475338,0.356267,0.360882,0.561304,0.465099,0.327070
0.352237,0.453700,0.456672,0.385591,0.714510,0.365014,0.357729,0.411083,0.551535,0.391467,0.399757
0.475748,0.434734,0.480112,0.305050,0.637450,0.405372,0.466042,0.390887,0.569232,0.413766,0.443447
0.553908,0.439629,0.492553,0.406266,0.599509,0.505913,0.487074,0.411755,0.484021,0.374328,0.482880
0.483998,0.329662,0.521750,0.363326,0.567520,0.521196,0.447161,0.410456,0.358760,0.407929,0.582581
0.387231,0.407742,0.639795,0.459448,0.523955,0.320732,0.411382,0.489826,0.432070,0.277956,0.452932
0.482353,0.453565,0.516746,0.317045,0.404713,0.486609,0.396650,0.480542,0.337799,0.426007,0.449782
0.349142,0.585755,0.468785,0.362631,0.492165,0.382245,0.386169,0.434972,0.429902,0.407273,0.480469
0.365364,0.484505,0.334251,0.414655,0.419776,0.446098,0.439399,0.300495,0.503668,0.345179,0.464098
0.452768,0.392244,0.458609,0.344878,0.381756,0.320608,0.419634,0.483197,0.515803,0.489943,0.430271
0.502814,0.642028,0.406185,0.433064,0.449323,0.375978,0.417536,0.438361,0.527803,0.445265,0.471008
0.477858,0.503727,0.465194,0.352709,0.507642,0.460223,0.488326,0.347328,0.563907,0.361874,0.555148
0.436285,0.474770,0.368082,0.591538,0.397751,0.463776,0.491311,0.433757,0.462155,0.424960,0.511037
0.472273,0.455458,0.428741,0.603179,0.469231,0.419358,0.562951,0.483017,0.453904,0.449688,0.631506
0.455198,0.460630,0.450934,0.532587,0.327995,0.518532,0.480936,0.476897,0.445615,0.413158,0.555993
0.458902,0.544936,0.492934,0.547609,0.382431,0.457645,0.444841,0.517043,0.344256,0.505791,0.431690
0.530801,0.503926,0.331570,0.410493,0.470246,0.378204,0.504030,0.426812,0.401188,0.514964,0.432676
0.387307,0.429564,0.516047,0.557768,0.485724,0.420667,0.499796,0.422316,0.473990,0.396342,0.389194
0.456582,0.433970,0.433086,0.590613,0.434141,0.398362,0.484204,0.349636,0.382509,0.343467,0.431088
0.509988,0.515086,0.399081,0.571332,0.412488,0.518590,0.427934,0.454293,0.358869,0.508547,0.323810
0.543344,0.402397,0.471948,0.402961,0.492862,0.349974,0.368023,0.551093,0.562923,0.464392,0.398331
0.509558,0.401075,0.386031,0.433867,0.600791,0.423107,0.316450,0.393055,0.552983,0.489969,0.409615
0.477467,0.352251,0.520371,0.588555,0.534061,0.367555,0.323254,0.520630,0.572846,0.467968,0.511893
0.466817,0.551559,0.618320,0.594512,0.461022,0.338500,0.251207,0.594120,0.477341,0.532834,0.590245
0.499677,0.534923,0.437409,0.498663,0.501741,0.395455,0.323331,0.344524,0.501417,0.507043,0.477476
0.553968,0.365783,0.366029,0.461663,0.516059,0.490141,0.361872,0.238611,0.624912,0.430264,0.604275
0.415978,0.471364,0.486165,0.473352,0.488020,0.514953,0.438322,0.451109,0.563276,0.484909,0.523943
0.527067,0.530766,0.508895,0.588892,0.597925,0.518712,0.370289,0.311166,0.389797,0.459054,0.495071
0.506949,0.550348,0.524241,0.499112,0.475247,0.367264,0.544987,0.356532,0.495645,0.431515,0.590688
0.371924,0.585507,0.548560,0.607477,0.588963,0.348344,0.511747,0.466839,0.508602,0.294955,0.648222
0.532562,0.502183,0.513494,0.651797,0.603819,0.488536,0.655044,0.441120,0.420603,0.397057,0.600232
0.632791,0.581884,0.505306,0.642997,0.473358,0.568302,0.527715,0.577652,0.484087,0.438122,0.645201
0.664273,0.651597,0.569646,0.543520,0.546715,0.622568,0.571829,0.701076,0.482320,0.618200,0.439076
0.606139,0.483719,0.605984,0.662357,0.699533,0.596386,0.656317,0.517378,0.561624,0.552398,0.551759
0.527242,0.499702,0.616999,0.720788,0.521031,0.624844,0.508442,0.577353,0.548477,0.655819,0.452654
0.497312,0.477674,0.532002,0.620016,0.695437,0.750219,0.541569,0.729311,0.702020,0.594468,0.802743
0.580940,0.438370,0.536626,0.653119,0.674534,0.546627,0.747606,0.791387,0.499103,0.475415,0.613486
0.537688,0.618257,0.577894,0.630311,0.662101,0.556661,0.675259,0.686154,0.559620,0.702887,0.730428
0.638732,0.696096,0.602087,0.473481,0.662097,0.538141,0.507832,0.701524,0.595034,0.546912,0.687782
0.476853,0.669054,0.791445,0.577196,0.440718,0.581903,0.563461,0.616876,0.774035,0.705316,0.908973
0.637992,0.539297,0.721284,0.633086,0.387895,0.566810,0.805159,0.550844,0.877512,0.539121,0.919187
0.753225,0.572181,0.699968,0.539869,0.591408,0.708765,0.646898,0.664056,0.589586,0.487050,0.616979
0.747368,0.600278,0.721784,0.511637,0.633821,0.701187,0.757362,0.690298,0.737618,0.668245,0.652878
0.768356,0.743616,0.556740,0.648121,0.555226,0.905276,0.625311,0.666170,0.526423,0.739703,0.650316
0.575389,0.614264,0.670753,0.526571,0.714052,0.771721,0.603673,0.605813,0.663825,0.639611,0.666392
0.668966,0.679832,0.685602,0.477406,0.718855,0.812059,0.622727,0.579972,0.633206,0.616190,0.631641
0.813613,0.602712,0.667194,0.594025,0.678580,0.773920,0.625701,0.607574,0.508969,0.884695,0.711823
0.715099,0.655214,0.760301,0.625484,0.922793,0.715445,0.545285,0.638562,0.596632,0.824155,0.704108
0.783924,0.535689,0.685378,0.441677,0.952127,0.720782,0.596016,0.629483,0.612643,0.733768,0.839787
0.615070,0.371275,0.616090,0.702831,0.778963,0.572550,0.677143,0.851843,0.582510,0.810221,0.719579
0.505948,0.499120,0.704234,0.716575,0.937336,0.906444,0.692610,0.690406,0.518808,0.683479,0.503835
0.779245,0.452190,0.804878,0.765247,0.637032,0.794574,0.834644,0.580304,0.641407,0.682022,0.716531
0.644283,0.697235,0.950460,0.588091,0.512183,0.739363,0.779222,0.709804,0.743839,0.501933,0.666984
0.720477,0.597369,0.741911,0.610972,0.539736,0.748281,0.759392,0.631499,0.776484,0.548136,0.780641
0.841879,0.600597,1.045282,0.844106,0.955507,1.089232,0.718154,0.465181,0.565598,0.576334,0.860515
0.817150,0.732733,0.939469,0.698507,0.722039,0.786785,0.870946,0.602864,0.599290,0.711267,0.835755
0.877620,0.661712,0.994665,0.626840,0.811787,0.659861,0.953965,0.894507,0.688743,1.058936,0.865590
0.924437,0.712269,0.826279,0.919034,0.697082,0.834656,0.850908,0.774831,0.749411,1.079264,0.880045
0.753997,0.913042,0.664047,0.716380,0.756297,0.894877,0.592296,0.820292,0.767203,1.005957,0.508217
0.808116,0.902259,0.810130,1.078412,0.684372,0.734437,0.669312,0.941729,0.735435,0.990705,0.842260
1.056899,0.924945,0.923896,1.310912,0.582449,0.634326,0.627154,0.873198,0.751771,1.119183,0.815796
1.164565,0.847778,0.959656,1.298916,0.680703,0.635593,0.926901,0.950416,0.918471,0.982854,0.987260
1.234685,0.830767,0.871894,1.233025,0.758168,0.899829,0.977501,0.958664,0.853923,0.975040,1.136107
0.753389,0.912786,1.062882,0.980340,0.868010,0.976534,0.893625,0.866740,1.010539,1.038617,1.295726
1.130107,0.812407,0.955565,1.210057,0.829787,0.885543,1.022058,0.915830,1.000136,0.923044,1.122234
1.126094,1.089950,0.858586,1.114176,0.733042,0.744772,0.899936,0.925161,0.753779,1.042968,1.182840
1.163601,1.173786,0.899273,0.941229,0.779116,0.747653,0.784207,0.752436,0.751079,1.005876,1.147946
0.940004,0.991881,1.061739,0.928021,1.126604,0.996866,0.779760,0.981893,0.852029,1.012586,0.965294
1.267515,1.376687,0.960243,1.010630,1.087483,0.962762,1.117950,1.061382,0.772689,1.089645,1.341673
1.021235,1.090363,1.019011,1.208182,1.100756,0.972961,1.029526,1.219390,0.776580,1.195545,1.175230
0.994284,1.323352,1.275717,1.139146,0.758533,1.029629,1.254932,1.096477,0.873642,0.917564,1.298406
1.269917,1.189182,1.266554,1.123794,0.910821,0.900209,1.004593,1.034077,1.075241,1.182705,1.372216
1.361447,1.371415,1.146635,1.144154,0.982315,1.214220,1.098669,0.817523,1.006351,1.168062,1.153204
1.320184,1.000267,1.209515,1.130770,1.189526,1.086202,1.111095,1.016378,0.901214,1.364403,1.216850
1.048848,1.221611,1.030813,0.868096,0.801095,1.017581,1.355726,1.007396,0.831710,1.301976,1.175450
1.355988,1.298573,1.271210,0.825126,1.122579,0.911648,1.144034,1.107613,1.072943,0.892824,1.514326
1.343300,1.010901,1.322093,1.142264,0.988988,1.011035,1.136324,1.405966,1.117108,1.280909,1.051147
1.327429,1.235771,1.282090,1.063585,1.202126,1.096449,1.379403,1.269432,1.076722,1.125200,1.152632
1.057585,1.501568,1.360386,1.344394,1.292235,1.125955,1.154190,1.009990,1.278504,1.256798,0.978552
1.604950,1.244903,1.225060,1.040949,1.288611,1.293187,1.016133,1.415970,1.171592,1.616627,0.921260
1.367672,1.429741,1.137552,1.196703,0.974894,1.513479,1.235140,1.662482,1.117680,1.456171,0.917344
1.151251,1.241851,1.264757,1.052715,1.353064,1.095813,1.074186,1.350732,0.980321,1.347570,1.307608
1.248536,1.114996,1.429862,1.294303,1.153841,0.922983,0.929646,1.193523,1.046013,1.492609,1.359342
1.413058,1.434653,1.054096,1.053094,1.398381,1.185866,1.020769,1.318737,0.985440,1.808668,1.124114
1.543361,1.049311,1.570159,1.157062,1.593830,1.095299,1.110516,1.346555,1.430388,1.321456,1.383936
1.468940,1.288343,1.423760,1.131707,1.506892,1.180382,1.160563,1.052667,1.514851,1.193607,1.465625
1.499722,1.139868,1.519217,1.425569,1.590094,1.151637,1.148474,1.225067,1.276597,1.319095,1.462622
1.466451,1.301435,1.649119,1.554722,1.371411,1.478685,1.097588,1.000330,1.376298,1.414322,1.698422
1.250742,1.032157,1.746201,1.741542,1.215561,1.460263,1.174145,1.141388,1.507789,1.805660,1.476345
1.719621,1.217757,1.780466,1.561941,1.136530,1.488857,1.581523,1.158296,1.462136,1.468063,1.269916
1.698963,1.786498,1.477605,2.129633,1.385394,1.256957,1.809869,1.638038,1.502047,1.134000,1.807567
1.260992,1.837459,1.575839,2.252446,1.302387,1.175073,1.524285,1.556011,1.760144,1.308512,1.935613
1.388920,1.534943,1.744038,2.061251,1.587168,1.331281,1.749362,1.791256,1.919216,1.427453,1.821264
1.346406,1.611141,1.697798,1.770971,1.216876,2.005881,1.468383,1.211611,1.752211,1.512111,1.506192
1.728035,1.743370,1.662128,2.000870,1.893669,1.819979,1.590521,1.769451,1.577048,1.372996,1.859357
1.957294,1.781859,1.629669,1.474088,1.503659,1.627859,1.676092,1.857370,1.644509,1.375552,1.883619
1.527488,2.155062,1.581716,1.034244,1.695420,1.814094,1.780486,1.950283,1.797390,1.409644,2.140875
1.422797,1.990024,1.781126,1.139580,1.427654,1.727728,1.697353,1.839791,1.716433,1.418968,1.459634
1.767772,1.893508,2.019231,1.564588,1.605148,1.322319,1.457021,1.936003,1.866502,1.403781,1.628824
1.833051,1.775115,1.642935,1.892614,2.115703,1.673699,1.548884,1.824144,1.682929,1.842471,1.743114
2.215444,1.614518,1.336997,1.647952,2.284949,1.795833,1.355589,1.358396,1.560717,1.754336,1.899548
2.146347,1.517400,1.327418,2.058867,2.046291,1.921373,1.103914,1.205141,1.420951,1.924563,1.497689
2.167771,1.531354,1.328840,1.774228,1.980147,1.905723,1.517904,1.718420,1.636684,1.708461,1.443978
2.189353,1.768193,1.697213,1.985068,1.683597,1.713952,1.608806,1.654021,1.655718,1.711623,1.733603
1.927208,1.726325,2.141925,1.731263,1.654881,1.625541,2.001965,1.939661,2.025689,1.642702,1.615783
2.328276,1.894759,1.585215,1.788362,2.396548,1.591802,1.914312,1.830522,1.864798,1.618638,2.074657
1.906774,2.017283,1.413073,1.928727,2.366189,1.597408,1.854918,2.229136,1.868314,1.897802,1.939424
2.065015,1.644250,1.826175,2.302048,1.853120,2.030448,1.914020,2.044617,1.531147,2.405744,2.565720
1.777178,1.971322,1.437850,2.100977,1.925258,1.830710,1.852125,2.034436,1.989257,2.222433,1.926085
1.497913,2.006219,2.319595,1.969851,1.746662,1.737160,2.298528,2.431679,2.495609,2.067547,2.020451
1.655115,1.728915,2.348068,1.963602,1.870312,2.272119,2.158522,2.412869,2.304413,2.419926,1.723608
1.942150,1.809864,2.101667,1.994776,1.920879,1.862221,2.125674,1.808633,1.673146,1.994006,1.963943
2.312053,2.216908,1.969700,2.189479,2.110281,1.731888,1.700569,2.256734,2.148711,2.282482,2.282538
2.108158,2.684625,2.352705,2.198539,2.514415,2.517379,1.926804,3.003103,2.535858,2.384669,2.532774
1.639644,2.205977,2.743814,1.810052,2.540874,1.999268,2.050066,2.483116,1.873544,1.846678,2.331098
1.666754,2.153681,2.223085,1.970664,2.338054,2.208782,1.861647,1.876776,2.074207,2.028317,2.345658
2.021736,2.144573,2.665620,1.661056,2.391052,2.295333,2.102243,2.668570,2.493115,2.470632,2.346226
2.382834,2.216702,2.459193,1.746043,2.223797,1.638767,1.925071,2.309287,2.161393,2.357014,2.609560
2.313694,2.147469,2.470425,2.171837,2.546696,1.746211,2.181673,2.253741,1.979185,2.187491,2.128468
2.394875,2.544725,1.995756,2.206057,2.370667,2.292581,2.379729,2.110268,2.492419,1.985003,2.470939
1.886775,2.685139,1.987691,2.518124,2.757982,1.749026,1.890815,2.521799,2.170357,2.598772,2.271168
2.416124,2.494208,2.241673,2.409178,2.367163,1.902466,2.125386,2.321807,2.081283,2.576952,1.950592
2.320437,2.378811,2.021808,1.859340,2.639213,2.342467,2.757450,2.198376,2.097028,2.833916,2.429754
2.585825,2.437718,2.545539,1.995218,2.205747,2.168964,2.496480,2.099613,2.713761,2.388058,2.689186
2.056491,2.463568,3.126696,2.419199,2.141032,2.346556,2.363575,2.734035,2.549306,2.718316,2.362827
2.729075,3.015724,2.357438,2.126050,2.881473,2.493043,2.396856,2.604628,2.518552,1.769901,2.989268
2.193974,2.729829,2.542838,2.220934,2.469046,2.689612,2.458602,2.273445,2.417800,2.216427,2.923409
2.733340,3.019903,2.897459,2.068056,2.264001,2.237362,2.407901,2.242205,1.924167,2.023706,2.737719
2.554378,2.835359,2.765303,1.918145,2.347164,2.428468,2.250047,1.933421,2.461086,2.397419,2.661772
2.593796,2.437471,2.422300,2.192104,2.803187,2.541918,2.279763,2.076884,2.805460,2.134458,2.847501
2.946243,2.744214,2.761883,1.965473,3.029954,2.523013,2.355728,2.334839,2.719290,2.448851,2.630511
2.999504,2.484671,1.981165,2.254407,2.873404,2.858403,2.600639,2.350322,2.639025,2.620518,2.581386
2.828392,2.723948,2.280811,2.359314,3.118635,2.780995,2.528160,2.343032,2.808486,3.091880,2.895659
2.541123,2.599484,2.022351,2.412770,2.749003,3.120754,2.835263,2.537132,2.786830,2.350089,2.858003
2.271802,2.891239,2.687016,2.345268,2.791781,3.192535,3.629882,1.809426,2.045984,2.816572,2.721481
2.799990,2.688244,2.541778,2.602214,3.308816,2.535617,2.458111,2.143907,2.851768,2.155539,2.202052
2.731107,2.243889,2.199460,1.859299,2.428418,2.254968,2.774518,2.639958,2.753464,2.469491,3.165837
2.910736,2.174070,2.862886,3.194637,2.334853,2.450827,3.331873,2.471918,3.306399,2.307859,2.410525
2.838425,2.808250,2.459693,3.070811,2.549830,2.231372,3.083356,2.477572,3.739980,2.188337,2.921091
3.247584,3.002164,2.573499,2.943890,2.721890,2.367907,3.065060,3.153959,3.951228,2.242932,3.071677
2.300541,2.835897,2.568433,2.620482,3.095442,2.968387,2.698386,2.634747,3.649576,3.044203,2.683134
2.354067,2.192677,3.041453,3.166202,3.029762,3.746381,2.499212,2.896478,2.652485,3.419215,3.004453
2.249112,2.978329,2.519211,2.799308,3.275184,2.752111,2.337914,2.712110,2.250219,2.301741,3.186929
3.409828,2.819607,2.402891,3.140765,3.061345,3.535820,3.278987,2.141773,2.488220,3.243172,2.373312
2.463676,3.448637,2.820525,2.737818,3.053951,3.330514,2.782149,3.223634,3.605300,3.184211,3.382277
2.627021,2.893424,2.783813,2.748325,2.966908,3.169591,3.126004,3.130712,3.119797,3.058686,3.524163
3.176434,2.536434,2.664370,2.744353,2.871868,3.551704,2.478246,2.550992,3.247441,2.790141,2.558787
3.218394,3.168378,2.661867,2.540124,2.644420,3.549634,3.256607,3.414373,3.056934,3.173918,2.499894
2.752088,2.500822,2.714171,2.661536,2.770349,3.489694,2.952158,3.668236,2.380558,3.206092,2.593342
2.512042,2.935064,3.144894,3.405474,2.645076,2.609437,3.189257,4.022401,2.617820,3.995828,3.034630
2.989794,2.900393,3.200849,3.481767,2.842350,3.224709,2.853101,3.906189,3.171972,3.600262,3.104857
2.197103,3.067128,3.304660,2.745510,2.912713,2.678568,2.645051,3.899114,2.947081,3.512187,3.763469
2.640562,3.061949,2.939894,3.585031,3.325415,2.418081,2.987783,3.700688,3.167541,3.741409,3.542298
2.607756,3.530771,2.953468,2.822302,2.626186,2.937770,3.701625,3.284149,3.559336,3.777780,3.425909
3.427654,2.995848,2.326238,2.570734,3.130316,2.645917,3.734064,2.663696,3.669660,3.582206,3.302729
2.791610,2.393598,2.772841,2.962456,3.160487,3.470011,2.699804,2.352217,3.200290,3.140061,2.758822
3.297910,2.978691,2.871656,2.998462,3.283271,3.279524,2.926666,2.657216,3.112213,3.819916,4.000641
3.417771,2.364637,3.379149,2.980636,3.325438,3.525880,2.744718,3.253837,3.370412,3.370973,3.385829
3.346100,3.493794,4.025303,2.988244,3.151929,2.608982,2.546651,3.666190,3.578301,3.163520,3.072816
2.883334,3.321896,3.322155,3.574288,3.287537,2.710218,2.258217,3.681234,3.449517,2.709149,3.789867
3.683814,4.042614,3.550904,3.406931,3.446789,2.718364,3.216412,2.970638,2.756047,2.981382,3.632602
3.108672,3.382399,3.147886,3.256395,3.312752,2.970256,2.915957,3.232113,3.238701,3.185024,3.666302
3.283088,3.095446,3.538551,2.929502,2.500531,3.153158,3.363582,2.848191,3.278146,3.547877,3.670870
2.623543,3.992714,3.118186,3.143107,3.566638,3.561626,2.997672,2.676860,3.239591,2.273847,3.839577
2.875409,3.231398,3.398568,2.826488,3.106999,3.026895,2.947871,2.445522,2.886828,3.069174,3.150903
3.290518,3.295641,3.902692,3.006710,3.220343,2.368346,3.512559,2.755434,2.711869,3.108169,3.549822
2.952111,3.619804,3.148906,3.783736,3.512035,2.522672,2.988788,2.962252,3.059133,3.213502,3.156499
3.420379,3.206514,3.016563,3.329017,3.439053,4.079226,3.651927,2.683853,3.667455,3.440847,3.002397
3.232133,3.027172,2.284883,3.208600,3.542937,2.909778,3.932584,3.248870,2.516017,3.486369,3.270787
3.521431,3.667810,3.443867,3.018619,2.997006,2.813425,3.652798,3.462064,3.161986,2.948362,3.431326
3.505617,3.297338,3.538467,3.056624,3.199113,3.570081,3.073323,3.016989,3.419627,2.880951,2.725560
3.632049,3.024719,3.014674,2.627132,3.757160,3.641097,4.538175,3.604363,2.900510,2.676923,3.163040
3.360959,3.357066,3.257072,3.141547,3.343413,3.533970,3.203603,3.688373,3.426205,3.553337,3.362442
3.195311,3.206423,2.980136,2.817528,4.230761,3.153630,3.557410,3.021394,3.016072,3.475884,3.322531
2.662526,3.851611,3.375288,3.418754,3.561966,3.804807,4.168256,4.171169,2.883093,3.241075,3.477939
2.797589,3.427991,3.647491,3.601175,3.756275,3.692281,2.946974,4.118120,3.123953,3.002192,4.030443
3.615311,3.467315,3.315409,3.237892,3.720017,2.415004,3.484438,4.206138,3.587307,3.232112,3.500408
2.946080,3.882733,3.462097,3.425287,4.542620,2.951780,3.284945,3.700758,3.324111,3.573155,3.704274
3.394682,3.704091,3.691794,3.426181,3.929235,2.960057,3.963574,4.090905,3.969778,3.449948,2.995768
3.635665,3.808284,2.363558,3.286519,3.370945,3.145656,3.164064,3.593774,3.084235,3.243655,2.825749
4.352467,3.432815,3.123268,3.614186,2.844972,2.669456,3.350078,3.283335,3.855843,2.623969,2.684007
3.794122,3.499493,3.064944,2.832630,3.685259,3.377523,2.945819,3.858428,3.025678,2.972390,2.788152
3.108987,2.959594,2.989421,3.733756,3.490418,2.700275,2.981241,3.666782,3.264312,3.316714,3.661093
3.709078,2.974667,2.758407,3.846524,2.571048,3.549008,3.448310,3.171405,3.749363,3.445377,3.205759
3.474772,2.859849,2.932690,3.664897,2.991489,3.633341,3.668691,3.467741,3.727442,2.967693,2.991599
3.389220,2.604112,3.531526,4.220374,2.948444,3.621875,3.672606,2.834736,3.200316,3.714449,3.364988
3.763233,2.913182,3.703692,3.464232,3.346995,3.360017,3.848751,3.017885,3.049947,3.821213,2.997870
4.008378,2.956334,3.746432,3.219410,3.663590,3.460307,3.946520,2.933647,4.410122,3.454965,2.984295
3.500855,3.767336,4.113900,3.395322,3.425326,3.487541,3.467879,3.645116,4.509094,3.613774,3.038696
3.672142,4.403838,4.100579,2.642471,4.009999,3.632894,3.645727,3.890886,3.895759,3.765630,3.552937
3.204007,3.755386,3.737031,3.649606,3.203118,3.956420,4.031564,3.481187,3.745083,3.282583,3.237956
3.450474,4.039461,3.204750,3.216855,3.578811,3.716070,3.880748,3.974927,2.966588,3.217599,3.959169
3.568137,3.489365,3.760926,3.860854,2.965020,3.208917,3.160057,4.058360,3.482892,3.367053,3.771361
3.528459,2.955108,3.341271,3.838137,3.577355,3.457780,3.249769,2.957153,2.957063,2.892558,4.208417
3.641974,3.039685,3.216639,2.980806,3.772227,3.790308,3.259764,3.196184,3.569201,3.446223,3.314658
4.016451,3.648983,3.215815,3.199655,3.759143,3.610529,3.984629,3.459622,2.684882,3.101492,4.204769
3.360035,3.942536,4.090168,3.740657,3.066632,4.067880,3.294968,4.010829,2.753874,2.970288,3.722601
3.554653,3.728567,3.544711,3.017439,3.135669,4.516403,3.968289,3.784416,3.525012,2.860084,2.752583
3.653662,3.915154,4.085609,3.274741,3.260496,3.686580,3.428362,3.135609,2.967131,3.596310,2.776407
3.657410,3.123305,3.332222,3.254200,3.167392,3.640289,3.755625,3.250102,3.642288,2.620310,3.250944
3.656419,3.193646,3.770211,3.583132,3.767167,3.408817,3.239980,3.478622,3.214933,3.701830,2.812844
3.509010,2.655834,3.343479,3.225185,3.060054,3.355704,2.924569,2.445570,3.596424,3.761388,2.568259
4.018893,3.478463,3.467458,2.790387,3.041396,3.643484,2.937687,3.658239,4.212736,3.615055,3.205291
2.868794,3.061245,3.313120,3.461149,3.356112,3.305692,2.851552,2.804064,3.754860,3.908917,3.184705
3.076560,2.456563,3.846774,3.230754,2.861702,3.218651,2.739118,3.498542,3.584521,3.602804,3.406070
3.694353,2.821303,2.932057,2.878538,3.707835,3.434273,3.411830,4.039843,3.292477,3.783583,3.872967
3.206500,3.161566,3.524675,3.759964,3.140302,3.450541,2.920464,4.036854,3.400379,3.878889,2.767947
3.078327,3.826962,3.420851,3.364652,2.802956,3.800671,2.973425,3.199568,3.559523,4.263993,3.591633
3.721789,4.009659,3.175025,3.040294,2.624356,3.303319,3.171841,3.869284,4.128864,3.950600,3.717228
3.319969,3.478417,3.010654,3.813515,3.224538,2.840302,2.721328,3.362166,3.349868,3.967589,3.028265
3.590875,3.391289,3.170086,3.856949,2.685417,3.294344,2.876862,3.966599,2.930519,3.649017,3.543783
3.682513,3.301765,2.331547,3.520001,3.144197,3.596660,3.557457,3.295843,2.746614,3.787750,2.838972
3.932096,3.533021,3.149330,3.085612,3.157320,3.635739,3.326805,3.746381,3.201011,3.357421,3.359600
3.336539,3.196215,3.705104,2.984304,3.205814,2.703787,3.613518,3.069201,3.710343,3.549071,3.637373
4.126458,2.847954,2.649587,2.315254,4.021754,3.181957,2.914761,3.683850,4.171001,3.289628,3.844435
3.545150,2.635192,3.114537,2.995747,4.033461,3.525801,3.306745,3.055496,3.569458,2.811645,3.089172
3.087819,2.957369,3.258190,3.664666,3.000034,3.217313,3.121502,2.901927,3.287286,3.052484,2.633313
3.138628,2.996708,3.566280,3.890127,2.990619,2.980632,3.219039,2.403414,2.832685,3.251766,2.822350
3.470951,3.136353,3.900423,3.221046,3.133098,3.777735,3.392961,2.622445,3.592872,3.122604,3.260119
3.596756,2.551392,3.449016,2.904626,3.722268,3.639218,3.576100,3.270092,3.619124,3.397544,2.858308
3.984657,2.421681,3.400034,3.729748,3.739353,3.597908,3.450396,3.542568,3.219821,3.556782,3.558839
3.389164,3.503025,3.533149,3.502190,3.401271,3.918070,3.723373,3.626282,2.937975,3.428101,2.902690
3.566388,3.056171,3.172745,4.081821,3.638693,2.696684,3.468503,3.177289,2.447066,3.222979,3.118674
3.522725,3.053626,3.349271,3.325813,3.667796,3.472049,2.664332,3.360739,3.286988,3.407979,2.478393
3.645474,2.936980,3.280389,3.115783,3.006825,3.371689,2.791862,3.305176,3.466847,2.647374,3.058481
3.476264,3.324359,2.881337,3.002571,3.533661,3.165312,2.289714,3.086137,3.320861,2.648043,2.916498
3.118360,2.922605,3.127479,2.839076,3.773995,3.219133,2.486444,2.903769,3.074251,2.532218,3.732532
2.684878,3.221135,2.955470,3.634110,2.576097,3.546327,2.569083,2.411890,3.336984,2.800921,3.573810
3.552620,2.665288,3.180369,2.593993,3.073077,2.872175,2.504119,3.211194,3.339163,2.939310,2.572478
3.491881,3.322726,2.788952,3.528403,3.468342,2.479618,2.722662,3.187043,2.777290,2.518527,3.306311
2.474939,2.856719,2.725978,2.372985,3.035754,2.198445,3.357753,3.074235,2.512835,2.974919,3.032246
2.772630,3.101379,2.522739,2.947127,3.020838,2.118333,2.491668,3.375275,2.945899,2.383874,2.766826
3.210307,3.313927,3.275735,2.716960,3.507255,2.579670,3.020906,3.094717,3.014206,2.522399,2.918502
3.454793,2.791875,2.596928,3.158134,2.882357,3.335789,2.766196,3.060774,3.005150,2.916919,2.873707
3.152404,2.689807,2.365113,2.942583,3.605836,2.992253,2.922357,3.103682,3.611483,2.959794,2.610719
2.549039,2.977706,3.245928,2.902795,3.551701,3.244786,2.388417,2.627223,2.954895,2.388633,2.538131
3.612513,2.691884,2.930917,2.223157,3.403886,3.547521,2.685753,2.147994,2.362205,3.240031,3.364629
3.087930,2.503040,2.811661,3.038730,2.958512,3.289583,2.727418,2.704456,2.673856,2.401330,3.028058
2.553868,2.598990,3.058492,2.828708,3.118133,3.062992,3.373269,2.300341,2.733949,2.882473,3.463233
3.145645,2.819809,2.828124,3.140919,3.335911,3.302386,2.883088,2.418556,2.919047,2.912917,2.685174
2.583276,2.851650,2.833014,2.486964,3.625777,2.755793,2.514350,2.536890,2.292398,3.089033,2.760963
3.219124,2.979884,2.379335,2.752185,2.502671,2.498315,2.767886,1.998345,2.519538,2.739541,2.632420
2.595696,3.006525,2.810910,2.811840,3.331314,2.582509,2.789806,2.498445,2.918505,3.182591,3.040359
2.435661,2.703246,1.961730,2.057986,2.404214,3.038584,2.574808,2.446761,2.682789,2.723723,2.180285
3.059178,3.056422,2.322739,2.444997,2.404235,3.631682,2.773260,2.244637,2.841375,2.404774,2.596749
2.710847,3.264479,2.337756,2.431037,2.496202,3.638553,3.180391,2.449663,2.675281,2.529940,3.103725
2.675276,2.412113,2.237647,2.905489,2.754447,2.877908,2.411672,2.596169,3.048228,2.654178,2.284979
2.238962,2.031821,2.753527,2.909522,2.496317,2.821564,2.517927,3.041160,2.454954,2.343371,2.854642
2.408768,2.080122,2.407625,2.993151,2.274825,2.413655,2.413506,2.504004,1.910732,1.811959,2.282501
2.441267,2.396962,2.567903,2.474669,2.637883,2.887227,2.310151,2.564151,2.259377,2.096537,2.702158
1.939233,2.586424,2.556619,1.775476,3.249794,2.859392,2.114192,2.445812,2.334430,2.281054,2.430271
2.101152,3.180165,2.340331,2.027476,1.895082,2.743063,2.081521,2.833046,1.918178,2.654562,2.451760
2.013996,2.982552,2.315434,1.842921,2.322151,2.283121,2.222480,2.486723,2.309744,2.967910,2.377184
1.677595,2.518992,2.463314,2.422459,2.847717,2.212812,2.671227,2.442494,1.817548,3.232315,2.262538
2.038328,2.459915,2.233644,2.263617,2.542425,1.924304,2.404705,2.074498,2.099129,2.868850,1.760220
1.767379,2.551716,1.927532,2.209550,2.385133,2.715658,2.828039,2.321859,2.256699,2.079305,1.983260
2.356710,2.015043,2.615271,2.276826,2.625975,2.141111,2.205949,2.185631,1.992623,2.321296,2.321179
1.920328,1.810682,2.836426,2.062145,2.871884,2.450931,2.549142,1.743106,2.585613,2.434274,2.263131
2.181795,2.328215,1.918743,1.859330,2.395516,1.713958,2.266975,1.986217,2.333743,2.268619,2.228683
2.379574,1.980114,2.886455,2.135234,2.274714,2.465329,1.840154,1.840680,2.281476,1.849129,2.572853
2.340147,1.774109,2.549059,2.187355,1.819551,2.091266,1.695793,2.005016,2.569967,2.159538,2.323504
2.007460,2.294363,2.178694,2.231206,2.414484,2.458851,2.010754,1.483315,2.470354,2.144350,2.378869
2.528045,1.865215,2.057612,2.153845,2.480336,2.199667,2.252458,1.789945,2.352810,2.446805,2.442320
2.269063,2.271500,2.240385,2.423630,2.214112,2.079725,1.925803,1.914616,2.321272,2.064000,2.217631
1.885660,2.233942,2.256310,2.170919,1.781676,1.939757,2.196472,1.982740,1.892658,1.747695,1.923859
1.935243,2.025142,1.993611,2.271902,1.725901,2.123178,1.930911,1.813843,2.357401,2.140809,1.873139
2.137425,2.175170,1.653833,2.339104,2.027607,2.069957,2.044011,1.960564,1.561114,2.197029,1.768637
2.104761,2.614515,1.417163,2.286028,1.665106,2.083653,1.856948,2.242717,1.666352,1.651275,1.601089
2.442998,1.751764,1.784989,1.997643,1.887885,2.154903,1.904113,1.995622,1.621785,1.608080,1.682078
1.777359,1.743225,2.209397,2.363349,1.852000,1.774111,1.826702,2.341165,2.043771,1.478069,1.747334
1.689420,1.719827,1.947420,2.284223,1.221233,1.966951,1.977607,2.087977,1.487069,1.891626,1.603271
1.760802,1.944403,1.938791,1.901130,1.927214,2.008151,1.588355,2.137821,1.600595,1.924595,1.977355
1.691229,2.110217,1.652972,2.113370,2.161713,2.006052,1.807245,1.861596,1.664739,1.695108,1.764306
1.990372,1.962946,1.638970,1.784959,2.002762,1.518811,1.861729,1.565654,2.030136,1.393508,1.786195
1.461184,2.126208,1.791195,2.072804,1.423625,1.850776,2.047153,1.443930,1.592485,1.502642,1.875139
1.762930,2.107653,1.718041,1.725143,1.774719,1.392281,1.858959,1.222229,1.759210,1.997707,1.724713
1.897919,1.782501,2.010619,1.430015,1.550097,2.162742,1.869146,1.760139,1.421706,1.851055,1.661027
1.859408,1.753304,1.566568,1.920297,1.806412,2.129179,1.657202,1.474202,1.140628,2.375870,1.944899
1.938050,1.385847,1.987470,1.731961,1.528744,1.871470,2.144346,1.893040,1.533393,2.212360,1.745051
1.624335,1.546935,1.606495,1.892046,1.813109,2.126999,1.612055,1.782972,1.584443,1.698357,1.663036
1.729090,1.428461,1.916998,1.645165,1.742194,1.825663,1.899140,1.934425,1.331077,1.717856,1.898346
1.545916,1.626016,1.833747,1.256513,1.499734,1.866760,1.411921,1.415348,1.579576,1.767825,1.351504
1.629746,1.536844,1.783577,1.611093,1.551011,1.492886,1.366496,1.442266,1.527391,1.665413,1.368593
1.428356,1.633197,1.605694,1.449079,1.532539,1.529204,1.422385,1.491539,1.624617,1.370166,1.317369
1.553838,1.630150,1.602584,1.605322,1.641660,1.464393,1.600968,1.485925,1.235746,1.735768,1.562122
1.362109,1.826683,1.681409,1.412896,1.197521,1.076238,1.469801,1.571710,1.795587,1.876516,1.626120
0.844358,1.750889,1.624984,1.329417,1.218663,1.566871,1.307787,1.182180,1.456393,1.481668,1.432859
1.138090,1.604977,1.406173,1.183440,1.481567,1.352230,1.355728,1.325110,1.438126,1.267886,1.542772
1.222434,1.340116,1.239826,0.931495,1.709964,1.416730,1.398938,1.337243,1.392328,1.315721,1.773289
1.243004,1.338389,1.306337,1.378907,1.287285,1.446404,1.103950,1.146953,1.378409,1.304127,1.199587
1.151096,1.455167,1.417184,1.637000,1.383937,1.130629,1.600049,1.425246,1.295231,1.401905,1.500712
1.303310,1.484644,1.624410,1.412157,1.240994,1.636932,1.519018,1.212850,1.197578,1.311072,1.289117
1.218795,1.443785,1.342176,1.081581,1.561208,1.732563,1.316456,1.234107,1.495054,1.178462,1.210274
1.249148,1.496078,1.237310,1.013425,1.311120,1.564543,1.337623,1.518589,1.331231,0.964331,1.072035
1.261186,1.114103,1.313621,1.308363,1.245695,1.476085,1.114907,1.303830,1.244273,1.354704,1.363011
1.004560,1.176189,1.379533,1.391829,1.552918,1.085257,1.225132,1.539327,1.227347,1.294584,1.358866
1.051642,1.589489,1.200206,1.226414,1.155511,1.242944,1.159383,1.248373,1.098707,0.996972,1.486420
1.324968,1.483727,1.522639,1.313507,1.196813,0.946986,1.172828,1.004969,1.361170,1.206457,1.217897
1.338791,1.334324,1.233477,1.131051,1.237074,1.031520,1.325007,1.301402,1.041619,1.227352,1.184032
1.246413,1.098219,1.114743,0.961125,0.927206,1.138626,1.058842,0.999185,1.280420,1.088953,1.106566
1.271947,1.070690,1.028314,1.141789,1.099706,1.202725,1.064408,1.244825,1.144712,1.072773,1.234095
0.836438,0.850082,1.183222,0.935670,0.860521,0.717030,1.066627,1.196673,1.680387,1.222643,0.992987
1.069424,1.092768,1.397142,0.848905,0.699531,1.083700,1.066091,1.266758,1.152554,1.062289,1.182637
1.123459,1.020842,0.922926,1.100685,0.902980,0.982302,1.065463,1.145956,0.928084,1.043884,1.061566
1.083003,1.032299,0.688225,1.187029,1.065985,0.941211,0.901493,1.143416,1.265798,1.156957,1.058221
1.021724,1.097589,0.813800,1.137644,0.934376,1.158279,0.909279,1.128069,0.982279,1.211943,1.217977
1.008673,0.980454,0.687866,1.118725,1.055159,0.945270,0.787225,1.113249,0.938388,1.162311,1.256887
1.054127,0.886921,0.908193,1.172508,0.999298,0.896515,0.900539,0.765146,0.832028,1.035199,1.192403
1.195072,1.219356,0.820898,0.926594,0.845120,0.977412,0.879902,0.963929,0.935940,1.214316,1.254471
1.273993,0.936772,0.541940,0.838540,0.797579,1.046380,0.631785,1.191666,1.018304,0.922806,0.930996
1.010366,1.108163,0.773096,0.977339,0.753279,0.994738,0.859774,1.145044,0.825796,0.972874,0.987046
0.818935,1.010792,0.763575,0.791487,1.141647,0.942713,1.051752,1.070412,0.913811,1.092576,0.979920
0.855809,1.032240,0.816856,0.866725,0.840966,0.964839,0.943163,0.998658,1.025755,1.055645,0.968923
0.962898,1.019235,0.878578,0.734362,1.016982,0.934594,1.013915,1.013977,0.858386,0.988082,0.966363
1.054323,0.991789,0.901794,0.920929,0.979990,0.794051,0.837505,1.193863,0.722484,0.886174,0.828763
0.767021,1.031084,0.760814,0.798976,0.755937,0.649857,1.013212,0.969327,1.076939,1.109455,0.910118
0.758985,0.863381,0.837944,0.708338,0.930279,0.680191,0.954310,1.121825,0.966781,0.914344,0.953135
1.101273,1.076524,0.835020,0.967207,0.843965,0.595926,0.875361,1.163976,1.018658,0.910409,0.746715
0.894682,0.822444,0.871868,0.910948,0.684869,0.775400,1.039799,1.151079,1.078339,0.820635,0.754344
1.018660,0.823627,0.973174,1.020122,0.630182,0.981761,1.107614,0.793463,0.659967,0.801521,0.922137
0.735904,0.655046,0.692019,0.951157,0.540028,0.645082,0.950249,0.659207,0.900981,0.655690,0.753747
0.806401,0.616637,0.962761,0.828181,0.628383,0.648581,0.985811,0.692239,0.782773,0.626196,0.756172
0.628507,0.797275,0.983772,0.699473,0.764666,0.672298,0.975010,0.673575,0.787871,0.771073,0.686614
0.588311,0.830261,0.706796,0.931304,0.752097,0.855240,0.790285,0.761446,0.819268,0.710110,0.589581
0.744636,0.782638,0.855171,0.845054,0.745073,0.791405,0.734936,1.007992,0.512350,0.835700,0.714009
0.730921,0.778506,0.678458,0.697959,0.606590,0.836225,0.634495,0.880198,0.614991,0.816701,0.761870
0.670792,0.711669,0.633727,0.810086,0.682222,0.914332,0.598370,0.832250,0.599728,0.814687,0.664704
0.777861,0.643663,0.833255,0.702386,0.851613,0.738588,0.525850,0.728233,0.726484,0.727168,0.525714
0.553694,0.670318,0.728357,0.650635,0.703417,0.705238,0.569557,0.634974,0.616877,0.765608,0.735587
0.576908,0.719261,0.773461,0.608449,0.788325,0.625967,0.639238,0.664876,0.904508,0.655677,0.671925
0.557158,0.667716,0.626553,0.637472,0.787518,0.836606,0.672187,0.620192,0.656893,0.767650,0.860784
0.597710,0.647610,0.651301,0.555352,0.708951,0.690941,0.652783,0.551654,0.835647,0.518136,0.668188
0.715424,0.475652,0.640164,0.560125,0.736226,0.781471,0.645958,0.417902,0.708598,0.626030,0.769620
0.557114,0.575110,0.504904,0.586992,0.666756,0.653635,0.649258,0.460141,0.721749,0.724579,0.608185
0.618474,0.662049,0.579479,0.507367,0.586085,0.795937,0.498122,0.534741,0.697887,0.758692,0.589531
0.583300,0.455675,0.603512,0.420190,0.614118,0.487469,0.692311,0.473916,0.571076,0.781285,0.528935
0.635813,0.418774,0.784933,0.495222,0.627545,0.544389,0.684413,0.617300,0.559103,0.631730,0.687066
0.606720,0.544561,0.747545,0.531577,0.539139,0.595559,0.547948,0.566210,0.480190,0.684645,0.546831
0.505313,0.596416,0.600926,0.485810,0.585151,0.590471,0.559795,0.635798,0.694936,0.569665,0.482234
0.503775,0.614919,0.701558,0.388877,0.518379,0.531406,0.511608,0.430996,0.610892,0.520918,0.581289
0.546981,0.596970,0.653706,0.402265,0.463544,0.465541,0.656613,0.371073,0.493417,0.576190,0.451439
0.613106,0.442408,0.655222,0.473069,0.508880,0.561581,0.527196,0.527648,0.462347,0.470563,0.545518
0.622394,0.504265,0.654680,0.385552,0.666596,0.606240,0.368072,0.379171,0.592296,0.448801,0.635417
0.510371,0.495246,0.638543,0.445917,0.598704,0.502724,0.321015,0.541407,0.541978,0.513670,0.457705
0.630300,0.405528,0.499852,0.462329,0.656243,0.512275,0.476860,0.398286,0.536189,0.510915,0.499933
0.644043,0.434888,0.539493,0.497251,0.495013,0.610417,0.448179,0.405744,0.533979,0.517876,0.566662
0.585632,0.418958,0.539576,0.474585,0.466843,0.498292,0.413873,0.480580,0.449958,0.472659,0.511852
0.455458,0.381352,0.561953,0.375291,0.324122,0.447750,0.507009,0.473674,0.440685,0.518424,0.466172
0.413556,0.453235,0.490110,0.558436,0.370205,0.392471,0.435414,0.481681,0.513144,0.522785,0.442093
0.526713,0.423979,0.494083,0.507740,0.516367,0.361795,0.402790,0.451141,0.450352,0.389185,0.475307
0.574130,0.499007,0.560480,0.555936,0.499075,0.431845,0.419765,0.450211,0.451392,0.347281,0.540074
0.575565,0.472699,0.571469,0.508005,0.557743,0.441367,0.404643,0.507861,0.501942,0.512528,0.435352
0.517939,0.371676,0.458459,0.464432,0.563590,0.423472,0.584708,0.618970,0.471269,0.448944,0.385714
0.523313,0.531685,0.338689,0.481716,0.501303,0.552754,0.581415,0.549776,0.408357,0.410142,0.377192
0.475714,0.503708,0.231444,0.480004,0.414164,0.577593,0.599542,0.589745,0.370580,0.444646,0.496852
0.511630,0.459158,0.265742,0.437480,0.330070,0.352208,0.677860,0.523965,0.430766,0.430998,0.502297
0.541743,0.463836,0.355628,0.507934,0.418187,0.412094,0.678351,0.494612,0.429017,0.471059,0.440120
0.356958,0.522317,0.379484,0.360393,0.465220,0.453671,0.648424,0.433905,0.489561,0.444491,0.511503
0.506279,0.389007,0.382110,0.338575,0.419263,0.462640,0.566078,0.454487,0.478208,0.360715,0.539229
0.400575,0.451959,0.345739,0.390934,0.451630,0.416438,0.546677,0.410071,0.407524,0.525352,0.512964
0.387347,0.508982,0.417381,0.386059,0.414348,0.457360,0.497642,0.333781,0.438390,0.532240,0.550011
0.392793,0.369601,0.373069,0.369475,0.431715,0.539891,0.480623,0.265855,0.478437,0.477643,0.481623
0.316516,0.478157,0.490941,0.410389,0.499132,0.445583,0.490056,0.241551,0.428265,0.510406,0.381962
0.362119,0.402540,0.471112,0.491376,0.500508,0.312813,0.508108,0.281951,0.482863,0.548477,0.505233
0.361488,0.374189,0.268548,0.492913,0.431250,0.429882,0.450781,0.374857,0.432479,0.398004,0.498537
0.416204,0.338354,0.305723,0.495303,0.411692,0.338125,0.428838,0.392715,0.390289,0.311788,0.391082
0.461160,0.340316,0.285626,0.447047,0.378445,0.502878,0.402430,0.425977,0.415999,0.338176,0.452410
0.485936,0.361008,0.406794,0.431631,0.441419,0.390403,0.431495,0.345794,0.506662,0.346078,0.388931
0.370677,0.393352,0.432006,0.499325,0.407396,0.405915,0.452259,0.430731,0.398787,0.364785,0.442531
0.371364,0.317641,0.473354,0.565375,0.402474,0.400163,0.451290,0.367447,0.477091,0.384537,0.374035
0.378032,0.429273,0.382480,0.380784,0.439717,0.396978,0.545944,0.404402,0.382772,0.384041,0.441929
0.427906,0.358262,0.416230,0.565213,0.440621,0.349138,0.500047,0.499621,0.478718,0.418457,0.329345
0.351742,0.485612,0.408740,0.507190,0.305311,0.512177,0.521702,0.519757,0.338194,0.508204,0.436237
0.347645,0.511446,0.369347,0.515582,0.399479,0.460108,0.425208,0.382790,0.420390,0.472501,0.426468
0.479014,0.419225,0.425712,0.483133,0.431157,0.434535,0.340564,0.573739,0.539433,0.395427,0.448230
0.583321,0.509522,0.410905,0.495629,0.401440,0.473171,0.455921,0.465378,0.397299,0.303080,0.529607
0.427495,0.507083,0.402755,0.476717,0.393413,0.359424,0.343582,0.359649,0.464659,0.395937,0.527388
0.411824,0.396267,0.571845,0.482009,0.448096,0.542098,0.430783,0.426570,0.355286,0.365896,0.557624
0.343740,0.395527,0.430975,0.430963,0.501919,0.430174,0.489674,0.394158,0.436332,0.461111,0.539132
0.469213,0.341450,0.392283,0.491470,0.436430,0.426798,0.523697,0.433811,0.388557,0.438479,0.377622
0.510046,0.409926,0.443710,0.479108,0.485419,0.366455,0.441538,0.573619,0.430050,0.416088,0.455937
0.436523,0.329202,0.414080,0.421023,0.480858,0.506858,0.289057,0.514049,0.379548,0.398944,0.522836
0.474793,0.484205,0.642725,0.408829,0.476003,0.477990,0.396359,0.481921,0.407412,0.465839,0.435913
0.519464,0.494585,0.492998,0.348557,0.335103,0.397068,0.532905,0.576163,0.381122,0.547384,0.365156
0.443087,0.460611,0.556384,0.400727,0.484774,0.404628,0.417134,0.421753,0.492373,0.433816,0.523248
0.478564,0.552374,0.464688,0.444297,0.425749,0.408755,0.488523,0.584737,0.546061,0.550444,0.529341
0.453538,0.511065,0.546551,0.375770,0.454393,0.508697,0.442876,0.479685,0.482568,0.546204,0.501429
0.481071,0.486695,0.533896,0.465197,0.328049,0.498272,0.364138,0.515207,0.547192,0.594830,0.505124
0.471631,0.592506,0.669149,0.415699,0.379142,0.513253,0.496743,0.528088,0.428897,0.490120,0.502173
0.640670,0.541332,0.484198,0.349082,0.566513,0.458838,0.386461,0.432295,0.483049,0.513036,0.514301
0.605706,0.467070,0.468891,0.411211,0.491704,0.380792,0.368315,0.454715,0.443910,0.553486,0.428279
0.610265,0.543008,0.511412,0.552242,0.434144,0.554901,0.624574,0.423540,0.451638,0.544738,0.364060
0.580898,0.426425,0.427113,0.429793,0.335472,0.418410,0.558808,0.460025,0.569256,0.617762,0.425472
0.648542,0.554370,0.509169,0.546667,0.435578,0.382658,0.525643,0.405449,0.506044,0.462398,0.534660
0.526371,0.466061,0.516518,0.702847,0.429879,0.496392,0.378725,0.463282,0.638410,0.506910,0.438411
0.591140,0.625176,0.610810,0.650120,0.403049,0.504291,0.466831,0.432973,0.483536,0.644075,0.637061
0.572956,0.454980,0.607533,0.570257,0.448995,0.534655,0.520660,0.456757,0.589115,0.666763,0.589854
0.713508,0.371070,0.573985,0.537969,0.561675,0.448893,0.640974,0.442731,0.558907,0.606128,0.603581
0.505649,0.367149,0.537065,0.523638,0.495446,0.571756,0.693791,0.702068,0.557457,0.574125,0.677310
0.538542,0.443384,0.546516,0.481309,0.567730,0.689736,0.540904,0.751853,0.609064,0.560769,0.465350
0.710232,0.526022,0.607112,0.468088,0.549019,0.427992,0.598409,0.703418,0.706183,0.546023,0.675976
0.524223,0.676259,0.427014,0.511274,0.725310,0.537638,0.436279,0.563996,0.742951,0.709905,0.576454
0.536906,0.683439,0.492727,0.525827,0.885409,0.479634,0.509365,0.443122,0.675839,0.659652,0.628804
0.681418,0.841277,0.576594,0.606445,0.728297,0.446440,0.603447,0.414296,0.578742,0.628522,0.654645
0.678424,0.707357,0.566822,0.627623,0.574219,0.527034,0.417303,0.569214,0.723232,0.683010,0.736891
0.733270,0.781294,0.787918,0.671774,0.626589,0.526513,0.599541,0.581506,0.570009,0.635371,0.618403
0.623474,0.485207,0.785872,0.450657,0.610837,0.737165,0.459852,0.549771,0.630708,0.737501,0.681404
0.502057,0.569372,0.541614,0.725376,0.692025,0.873187,0.596877,0.777778,0.772481,0.589743,0.833351
0.669103,0.578278,0.616155,0.796847,0.776230,0.794555,0.559583,0.626887,0.535728,0.500583,0.701176
0.581104,0.569624,0.600418,0.643432,0.940902,0.588442,0.764980,0.563622,0.616156,0.708854,0.669502
0.720762,0.677488,0.556401,0.612766,0.898971,0.590572,0.757925,0.563033,0.773215,0.630364,0.646091
0.842971,0.957021,0.681412,0.646843,0.719184,0.745855,0.851862,0.548489,0.599883,0.797613,0.560950
0.822299,0.818575,0.759713,0.547254,0.624977,0.649748,0.879930,0.766649,0.605153,0.615730,0.714625
0.713208,0.673869,0.608594,0.746651,0.635770,0.610494,0.802232,0.725007,0.730431,0.677623,0.766825
0.905077,0.831283,0.635824,0.692156,0.898054,0.609523,0.755533,0.821915,0.910140,0.589410,0.839252
0.627684,0.834313,0.564973,0.601196,0.722409,0.592804,0.838878,0.799475,0.646538,0.554600,0.586430
0.766580,0.640379,0.612803,0.824691,0.817580,0.700910,0.748211,0.719781,0.625648,0.662581,0.766886
0.821788,0.737376,0.728889,0.722662,0.695490,0.767655,0.741990,0.691535,0.765768,0.704024,0.592565
0.744101,0.715637,1.061139,0.787822,0.776434,0.793407,0.814137,1.070646,0.968652,0.718905,0.776107
0.837912,0.925231,0.853773,0.898631,0.841877,1.049969,0.708653,0.875870,0.860901,0.775600,0.757562
0.767262,0.885462,0.997813,0.830018,0.945280,0.646231,0.945902,0.770028,0.914181,0.936983,0.866666
0.801590,0.873857,0.925559,0.902723,0.881779,0.835856,0.762741,0.854914,1.006649,0.805954,0.926522
0.709814,0.645435,0.919262,0.849062,0.871733,0.836795,0.879233,0.858080,1.041625,0.851304,0.963211
0.666876,0.794908,0.924373,0.700156,0.837622,0.700771,0.814176,0.789653,1.062978,0.889403,0.848461
0.770714,0.872362,1.026035,0.942584,1.160204,0.960634,0.811188,0.753067,0.917811,0.999038,0.846723
1.013273,0.658197,0.949423,1.184976,1.029534,0.973918,0.872133,0.838682,0.897702,1.115858,0.893563
0.767063,0.931239,1.029102,0.869660,1.019813,0.890238,0.866488,0.640713,1.096029,1.062381,1.052850
0.903245,0.887901,1.067122,1.063626,1.008079,1.029483,0.781639,0.766994,0.990790,0.766559,0.829535
1.014213,0.665406,0.858482,1.127434,0.844923,0.891364,0.850288,0.974084,0.932807,0.803970,1.200850
0.872184,0.899012,0.931750,1.022294,0.894149,0.982287,1.078413,0.961779,0.869562,0.624985,0.951563
1.044450,0.879326,0.978914,0.907839,1.101187,1.040581,0.772272,1.048356,1.014296,1.083585,0.754790
0.960874,1.025829,1.117631,0.859946,1.287431,1.294653,1.079865,1.041008,0.984855,1.101516,0.820240
1.089683,1.143445,0.703722,0.771329,0.974571,0.794027,0.979232,1.132710,1.047632,0.825070,1.063247
0.853702,1.240054,0.757993,0.792983,1.320882,0.874277,0.880910,1.174661,1.113224,1.018127,1.108087
1.100598,1.228391,1.018194,1.102019,1.270783,0.919164,0.818558,0.834530,1.076025,0.921804,1.037022
1.053737,1.238352,1.064058,0.843975,1.266452,0.929718,0.866503,1.075977,1.010083,1.133347,0.860115
0.999957,1.252984,1.012333,0.663586,0.922072,0.840705,0.982959,1.050048,0.974904,1.168937,1.120010
1.226282,1.357060,1.179607,0.988952,1.223524,0.838222,0.849506,1.541610,1.064228,1.067084,0.832644
1.021372,1.274730,1.035452,0.959549,1.110816,0.970631,1.261925,1.472207,1.299814,1.240244,1.020848
1.012721,1.251797,1.199432,0.804074,1.159716,1.182401,1.092895,1.378279,1.395826,1.353808,1.307034
1.023196,1.199484,1.195292,1.041131,1.179410,1.392338,1.455805,1.491332,1.185436,1.183850,1.016810
1.013066,1.276777,1.439246,0.862181,1.094081,1.350056,1.073611,1.156635,0.957851,1.151167,1.132368
1.031158,1.133083,1.081673,1.212912,1.081796,1.342936,1.154225,1.060554,1.108366,1.304316,1.037772
1.376722,1.265727,1.244199,1.191471,1.068174,1.626501,1.119935,0.961610,0.864866,1.017888,1.515216
0.969036,1.451564,1.209057,1.289436,1.174547,1.471949,1.592989,0.938602,0.769689,1.393628,1.483531
1.260842,1.442519,1.195511,1.234523,1.500940,1.350149,1.643317,1.328265,1.075769,1.270613,1.411058
1.313476,1.601232,1.427807,1.129563,1.460638,1.420399,1.502414,0.686257,1.049012,1.044807,1.621413
1.234026,1.223693,1.329265,1.498177,1.396470,1.357617,1.489410,0.989095,1.166118,1.560430,1.793143
1.365937,1.210352,1.199588,1.176670,1.419022,1.376594,1.382996,1.152473,1.455237,1.500198,1.302037
1.451282,1.169623,1.400269,1.183574,1.478778,1.200733,1.343020,1.445873,1.486141,1.383128,1.521211
1.391060,1.504003,1.303088,0.841542,1.989793,1.095358,1.512204,1.406444,1.732915,1.108178,1.041601
1.925385,1.393841,1.195295,1.209150,1.375299,1.125431,1.780658,1.380235,1.501583,1.248967,1.090222
1.615888,1.428401,0.933173,1.485784,1.767241,1.437062,1.806795,1.768911,1.553388,1.630328,1.125588
1.623322,1.286123,1.340812,1.320209,1.482974,1.801518,1.772071,1.508026,0.957284,1.428137,1.609536
1.402514,1.577257,1.202265,1.694047,1.552778,1.196564,1.377724,1.306519,1.483164,1.311390,1.464697
1.730966,1.776517,1.322761,1.740200,1.574103,1.294023,1.504941,1.387592,1.385560,1.428667,1.451460
1.464869,2.074626,1.330453,1.556878,1.277947,1.359823,1.375242,1.311982,1.684873,1.588379,1.096406
1.338214,1.880524,1.517907,2.077563,1.561871,1.664651,1.334699,1.393356,1.058645,1.491145,1.351013
1.392536,1.584253,1.671906,1.763915,1.606540,1.252179,1.236551,1.789902,1.187069,1.735807,1.337770
1.252156,1.545914,1.542231,1.534316,1.510750,1.726146,1.485711,1.465908,1.431518,1.907610,1.463246
1.265401,1.734529,1.732946,1.913662,1.465507,1.758517,1.237024,1.357155,1.369138,1.566314,1.623551
1.374952,1.388879,1.542940,2.130291,1.461659,1.501230,1.788562,1.371824,1.599369,1.673106,1.877158
1.544255,1.190726,1.388327,1.742631,1.587170,1.933783,1.556184,1.448069,1.459464,1.635251,2.109436
1.483648,1.716790,1.646448,1.978504,1.581064,1.358348,2.033004,1.513777,1.696647,1.643193,1.677909
1.292704,1.520340,1.735530,1.515938,2.017940,1.823985,1.625684,1.482319,1.298415,1.315292,1.814083
1.275358,1.540090,1.756272,2.207949,2.085721,2.056046,1.587598,1.585158,2.032597,1.785165,1.801980
1.595493,2.118222,2.026022,1.923770,2.071726,2.119771,1.958018,1.488501,1.800053,1.506893,2.077807
1.703363,1.551249,1.633481,2.016044,2.252356,1.632705,2.120903,1.419009,1.619865,1.869967,2.284092
2.114546,1.636266,1.563309,1.872823,1.874234,1.860936,1.835159,1.830194,1.533506,1.390107,2.284234
1.750280,1.392917,1.728834,1.708887,2.059659,2.147353,2.426509,1.562691,1.425041,1.333831,1.934001
1.582447,1.717967,1.696785,1.551205,2.017246,2.158697,2.091256,1.622261,2.179929,2.002277,2.102887
2.155031,1.550112,1.626700,2.328095,1.730954,1.760996,1.821893,1.367540,1.881974,1.763477,1.656417
1.871190,1.502751,1.795756,1.717424,1.475495,1.760132,2.093034,1.903488,2.108775,1.849006,2.085862
2.015149,1.209521,2.280211,2.452958,1.750843,2.180024,2.117502,1.849252,2.060226,1.660946,2.060775
1.977316,1.641058,1.680668,1.859070,2.094895,1.876530,1.910630,2.023185,2.061061,2.289849,1.939267
2.340480,1.943722,1.780138,1.895133,1.981331,2.369009,1.647633,1.952754,2.065081,2.351637,1.980223
2.386001,1.815813,1.925103,1.989986,1.738086,1.822303,1.859947,1.680204,2.104104,1.722856,2.010560
2.251783,1.933981,2.178642,1.511041,1.993813,2.373305,2.183369,2.271734,2.162471,1.862333,1.798972
1.918696,1.879969,2.104568,2.239775,2.121680,1.444915,2.059738,2.018420,2.548243,2.534888,1.594977
2.046287,1.869333,1.742932,2.322965,2.444362,1.781669,1.814752,2.155077,1.743050,2.181025,2.318489
1.905721,1.856480,1.726627,2.544112,1.876176,1.830229,2.056805,2.032056,1.938376,1.941005,2.197831
2.142288,2.125959,2.031583,2.161239,2.199274,2.412492,1.789443,2.095781,2.415557,2.535004,1.868918
2.109220,2.022334,1.768958,2.487467,2.186086,2.387372,2.049480,2.159946,2.334699,2.080428,1.760538
2.070893,1.917205,1.894196,2.168812,2.461164,2.062986,1.975045,2.268231,1.911606,2.093257,2.253688
1.828572,2.077048,2.002785,2.378192,2.254457,2.391127,2.341993,2.017024,2.301570,2.460738,2.595587
2.238996,2.370480,2.071792,2.148707,1.675386,2.691045,2.335733,2.418181,1.928811,2.156838,2.222418
2.372046,2.347098,2.102625,2.007680,2.426345,2.275245,2.127061,2.205826,1.774526,2.107451,2.515055
2.626028,1.695167,1.986449,2.103745,1.696495,2.327795,1.615793,2.165174,2.264860,2.835306,2.080958
2.235833,2.369178,2.389837,2.593766,1.905249,2.366783,1.737219,1.920911,2.237704,2.621931,1.768410
2.720779,1.705848,2.545932,2.203460,2.215921,2.187375,1.548495,2.232956,2.272293,2.188633,2.124233
2.810085,2.582364,2.438313,2.837188,2.393241,2.891221,1.985650,3.060345,2.532795,2.060677,2.199703
2.926770,2.414471,2.519141,2.739275,2.826969,2.019636,2.397585,2.169074,1.910746,2.206319,2.484039
2.638727,2.257383,2.694585,2.847431,2.301508,2.492857,2.067866,2.766356,2.166313,2.326663,2.979017
2.312060,2.281036,3.086489,2.346533,2.231051,2.698662,2.275174,2.277638,2.055042,2.547219,2.583432
2.451574,2.971515,3.003277,2.206826,2.551860,2.788518,2.260525,2.446727,2.861388,2.433325,2.655082
2.467441,2.922170,2.876749,2.123819,2.565256,2.744128,2.375547,2.091423,2.338823,2.796427,2.527718
2.908805,2.229399,2.953681,2.339798,2.402248,2.874968,2.475965,2.649099,2.221158,2.654105,2.926073
2.984094,2.963347,2.809086,2.011851,2.358389,2.481561,2.681001,2.089389,2.383132,2.311434,2.768096
2.751253,2.798937,3.014131,1.998459,2.039076,2.008973,2.650088,2.211621,3.028400,2.239614,2.122438
2.351047,3.482559,2.853922,2.309152,2.342761,2.819402,2.383149,2.414540,2.507131,2.770336,2.242438
3.583849,3.128591,3.055018,2.278429,2.384770,2.593311,2.733998,2.776857,2.283511,2.896427,2.446416
2.704156,2.602574,3.452747,2.207610,2.321558,3.036897,2.542767,2.993924,2.903244,2.222793,3.201935
3.488523,3.030439,2.705373,2.082813,2.843463,3.622432,2.344155,3.299238,3.446939,2.680743,2.286471
2.439125,2.581493,2.076853,2.056769,2.932004,3.005234,2.751718,2.885055,2.652759,2.518584,2.429541
2.891867,2.521040,2.420289,2.728490,3.578812,2.793705,2.289228,2.418028,3.431301,2.226421,3.287668
2.308679,2.603902,3.138415,2.616423,3.475330,3.127649,3.089232,2.492765,3.067963,2.277773,3.266515
3.171730,3.155365,3.234439,2.968031,2.642618,2.840958,3.012952,3.003654,2.916722,2.552213,2.862503
3.366355,2.765755,2.851593,2.881263,2.601858,3.167981,3.323524,2.865064,3.010465,2.713474,2.872844
2.877891,2.951225,3.201419,3.620079,2.748107,2.549803,3.266870,2.268823,2.702031,2.733319,2.782628
2.946496,3.474117,3.114901,3.685470,3.533648,2.899582,2.513247,2.781315,2.421297,3.136010,3.038435
3.316495,3.297839,3.136673,3.396048,3.550503,2.463933,3.381321,3.085144,2.360016,2.934931,2.684074
2.460716,3.604669,3.465948,3.476547,3.255579,2.949502,3.084561,3.108732,3.265817,3.563029,2.634666
2.549341,2.381582,3.063163,2.770019,3.339081,3.032137,2.468786,3.824490,2.974183,3.137341,2.476089
2.970957,2.714666,3.310431,3.373328,2.984813,2.922628,2.465056,3.246309,3.311560,2.982884,3.177156
2.953461,2.705779,2.899864,2.759433,3.081256,2.609285,2.317182,2.408220,3.130290,2.833834,3.027778
2.431853,2.906788,2.892967,3.127773,3.249195,3.210299,2.864132,2.515814,3.000806,2.066734,2.654450
2.872379,2.624518,3.745459,3.176888,2.596805,3.337986,2.229337,3.158782,3.241990,2.576871,3.136160
2.420092,2.948986,3.313165,3.470713,3.008055,3.438430,2.832881,3.015373,2.609392,2.365335,3.112327
2.213625,2.727623,3.781776,3.061872,3.281866,3.748124,2.656588,2.985217,3.037007,3.110343,2.864551
3.137847,3.095472,3.179642,2.902658,2.901125,3.072554,3.031088,2.838244,3.044978,2.808063,3.724418
2.542250,3.538592,2.971474,2.926358,3.008501,3.085786,3.043672,3.079824,2.827905,2.821591,4.042316
3.143551,2.815438,2.767376,3.555279,3.097853,3.027352,3.260259,2.771372,3.291238,3.179636,3.080186
3.241195,2.595706,2.587671,3.317760,3.233306,3.039352,3.670710,3.128396,3.627333,3.945169,3.354584
2.792048,3.091726,3.205390,3.524379,3.139560,2.656296,3.439200,2.741149,3.445027,3.996213,3.144321
2.065612,3.201117,2.527903,2.910881,3.220309,2.769567,3.590874,3.126245,3.308530,3.002304,3.214628
2.635480,2.714307,3.550635,3.462678,3.682230,2.850071,3.680389,3.111678,3.164747,3.997098,3.323291
3.543313,3.395948,3.162224,2.917494,3.609296,2.529914,2.906072,2.619578,2.661632,3.801525,3.252617
3.361559,3.092455,3.185004,3.601978,3.365735,2.577071,3.091725,3.681607,3.655696,3.660396,3.898182
3.609537,3.179632,2.652651,2.858912,2.485969,3.364745,3.019304,4.224205,3.511747,3.713265,4.348837
3.216650,3.221796,2.943900,3.397986,2.928771,2.915963,3.808313,4.041570,4.064842,3.295060,3.535410
4.062581,3.255022,2.891164,2.847491,3.792372,2.950402,2.890445,4.195329,3.462844,3.194927,3.518117
3.371082,3.294815,2.829700,3.372939,3.629024,3.251652,3.242847,2.946337,2.994091,2.901409,3.752368
3.121179,2.950212,3.514808,3.658521,3.584026,3.184659,3.504915,3.422563,2.733207,3.233900,3.373437
3.521778,3.784212,3.203151,4.040844,3.867177,3.472257,3.617931,3.496745,2.583049,2.841036,3.786071
3.512429,3.123576,2.619940,3.476123,3.221050,3.285012,2.960905,3.562439,3.037823,2.938446,3.190441
3.209662,2.998789,3.121009,2.901573,3.538906,2.798789,3.413519,3.148074,3.047030,3.869786,4.246002
3.348934,3.071377,3.229225,3.462454,3.467126,2.700410,3.671512,2.689414,4.065941,3.531684,3.100745
3.332967,3.521141,3.475930,3.339608,3.575425,3.159663,3.796386,3.222200,3.334918,3.505012,3.195961
3.064785,3.309845,3.262124,4.629248,3.687452,3.131248,3.082032,3.278273,2.984358,3.586330,3.140469
3.974844,3.280388,3.608515,3.532521,3.296148,3.956865,2.967572,4.015352,3.325659,3.644933,3.356482
3.481569,3.903139,3.409009,3.134120,3.477163,4.001648,3.373166,3.172569,3.250172,3.645810,2.955315
3.946618,3.565339,3.523964,3.648027,3.938860,3.994787,3.427752,3.017297,3.333759,2.992758,3.790924
3.098064,3.044996,3.343372,3.198138,4.159648,3.395611,3.099091,3.231941,3.783623,4.280026,3.088347
3.327471,3.346699,3.146037,3.150658,3.726566,2.798416,4.029678,2.771980,3.642547,3.916588,2.687610
3.003648,3.572253,4.022007,3.569430,3.000530,3.977730,3.616253,3.039801,3.410920,3.569818,4.109452
3.541085,3.292697,3.531199,4.630399,3.512057,2.771796,3.672106,3.094519,3.507203,3.708649,3.735604
3.475603,3.274420,3.513414,3.332231,3.906137,3.476298,2.603399,4.190092,3.233942,3.996436,3.679527
3.432203,3.604173,3.743108,4.487236,3.010656,3.328141,3.952948,4.258942,3.607156,3.284621,3.000057
4.139134,4.097702,3.261545,3.768735,2.988359,3.131627,3.528807,3.501464,3.142628,3.248351,3.609983
3.447052,4.398488,3.512866,4.060401,2.967262,3.718858,2.888671,2.975943,3.382614,4.037780,2.757551
3.057417,3.581075,2.489934,3.510561,3.392694,3.253710,3.441209,3.563518,3.059502,3.990339,3.645194
3.938134,3.884228,2.993622,3.395593,3.521920,3.198472,2.905954,3.344470,3.732533,3.843171,3.612160
3.512221,3.490523,2.919356,3.048172,3.664170,3.590973,3.800859,3.604912,3.858834,3.719008,4.622815
2.946336,3.433847,3.130116,3.275605,3.670438,2.706035,3.396357,2.790179,2.874285,3.811594,3.582483
2.773304,3.496258,3.502581,2.571138,3.019911,3.086940,3.237494,3.073384,4.151900,3.518589,3.461026
2.963115,3.528991,3.765745,3.402305,3.099472,3.141628,2.106607,2.939562,4.032966,3.257579,3.859909
2.951940,3.090256,3.473105,3.624091,4.009113,3.059091,2.905403,3.366166,3.704150,3.317197,4.015594
2.537551,4.054078,3.745464,2.932006,3.277459,3.961187,3.734585,3.717302,3.589510,2.986028,3.394970
2.842108,3.963328,3.808355,3.523107,2.789743,3.346339,2.910824,3.851974,3.276937,3.308089,4.465847
3.270554,4.400215,3.899833,3.591768,3.914887,2.743183,3.188441,3.008691,3.482623,3.215539,3.217112
4.056215,3.752972,2.720267,3.656649,3.481465,3.091939,2.815941,3.401878,4.210940,3.128668,3.753953
3.691039,3.722271,3.556023,3.441290,3.364736,4.324350,3.008579,4.109407,4.019285,3.879940,3.445615
3.525930,3.373705,3.729041,3.590797,3.731487,4.075203,3.527996,3.510874,3.494665,3.273885,2.798600
3.711114,3.445535,3.674907,3.824500,3.648973,2.848324,3.637331,4.444931,3.383733,3.212106,3.149733
4.737654,3.371995,4.161138,3.876517,3.323059,3.578868,3.395106,3.446670,3.930603,3.328916,4.295646
3.480091,3.535763,4.047357,3.174630,3.370280,3.906311,3.083512,3.574322,3.373131,3.113332,3.784407
3.911096,3.215514,3.851903,3.242496,3.835790,3.797399,3.253103,3.898168,3.487203,2.702353,3.146576
3.682976,3.601581,4.022025,3.482121,2.950812,3.391449,3.872389,3.658863,3.655591,3.385382,4.009081
4.339074,3.017691,4.195404,3.316038,3.357170,2.817606,3.254177,3.486065,3.707893,2.467438,3.063528
2.901951,3.713851,3.508915,3.602848,2.800235,2.712415,3.709906,3.893360,3.308602,3.365659,4.765666
2.696899,3.462516,3.550198,3.582272,3.050404,2.777486,3.987162,4.072748,3.318107,3.645722,3.468912
3.073939,3.826867,3.829152,3.664308,3.016869,3.405696,4.012287,3.522467,2.878149,3.438276,3.760185
2.513416,3.219067,4.309131,3.917345,3.128267,3.579651,3.951551,3.391353,2.758409,3.492668,3.314008
2.787635,3.295276,4.272179,3.203337,2.803488,3.276515,3.429994,3.304341,3.221696,3.177837,4.209416
3.891160,2.635152,4.224296,4.015728,3.500637,2.979438,3.319513,2.822960,2.989556,2.885540,3.715622
3.687151,2.347950,4.050145,3.273205,3.145495,3.564355,3.210959,2.970423,3.167347,3.198651,4.178321
2.884603,2.878123,3.420465,3.471188,4.181508,3.482041,3.507045,2.666183,3.513646,3.076669,4.092949
3.517704,2.987747,3.274315,3.891094,3.617022,3.266364,3.277749,3.047380,3.282948,3.237198,2.912523
3.693106,3.160412,3.102905,3.713108,3.976703,3.017176,3.255487,3.717121,3.067540,2.839669,3.406294
3.390546,3.876920,3.193011,2.876026,3.682895,3.340711,3.042869,3.609743,2.936390,3.265589,3.808952
3.053229,3.385819,3.191505,3.251040,3.650408,3.380296,3.441775,3.761033,2.922112,3.480730,3.707366
3.486288,3.102615,3.129376,3.594771,4.193029,3.775215,2.909841,3.937266,2.899158,3.657124,3.042487
2.776210,2.407336,3.478825,3.644087,4.097310,4.334133,3.949282,3.225317,2.980069,4.021785,3.260536
2.624970,2.779442,3.295947,3.530512,3.494358,3.744777,3.353853,3.104295,2.941937,3.612975,3.238202
2.762338,3.313907,3.186980,3.695376,2.421512,3.681016,2.819118,3.216579,3.176178,2.250282,3.316196
2.766626,3.586235,3.395761,3.497086,3.536643,3.942440,3.608347,2.360687,3.011496,3.160028,3.510460
2.846532,3.697695,3.150894,3.269498,3.205269,3.421503,3.671443,2.772116,3.158288,3.142537,3.167093
3.313968,3.487888,3.342627,2.731465,2.849853,2.676408,3.614133,2.988553,3.253547,3.132641,3.203666
2.880599,3.216437,2.712157,3.106774,2.618331,3.113325,3.400072,3.518061,2.591579,2.708818,3.808506
2.668923,3.389552,3.558607,2.792372,2.685629,2.990023,2.791085,2.576410,2.628555,3.058431,3.330118
3.680411,3.881884,3.368795,2.457388,3.776770,2.849758,3.844448,3.613941,2.996624,2.730914,2.745285
2.617125,3.038617,2.767397,3.323132,3.360529,2.201889,4.487838,3.552480,2.780396,2.804794,2.921499
2.360552,3.055386,2.724197,2.899884,2.884869,3.103841,3.192372,3.839294,2.633181,3.436504,2.755784
2.853003,3.873242,2.963201,3.746301,2.730087,3.181399,3.100859,3.151091,2.665817,2.829340,2.743691
2.659921,3.552735,3.017508,3.246443,2.303777,2.834544,2.985860,3.016438,2.859564,3.074858,2.914347
2.596286,3.372618,2.758960,3.330597,3.103780,3.015787,2.634880,2.760562,3.107151,3.229861,3.033344
2.533436,2.636051,2.620321,3.559775,2.665572,3.461039,2.489151,2.866999,2.936936,2.707724,3.041525
3.284517,3.591961,3.248874,3.245887,2.537169,3.217210,2.698678,3.473237,3.566140,2.517958,2.787621
2.667592,2.893257,2.675949,2.357424,2.932481,2.806744,2.673292,2.827142,2.867421,2.945687,3.022091
3.342189,3.609330,2.337850,2.531360,3.137200,2.640289,2.911711,2.670283,3.148365,2.726046,2.847546
2.740624,3.092049,2.902447,3.108061,3.136305,3.226790,3.436005,3.143846,3.148941,3.349173,2.897651
2.739218,2.971172,3.117447,3.220550,3.121652,2.983717,2.739363,2.711816,3.081997,2.807979,3.856976
2.251784,2.720206,2.948313,3.155894,2.928835,2.514943,2.423421,3.266640,2.867480,2.699550,2.896960
2.733548,2.659256,3.529492,2.960165,2.811740,2.577286,3.227342,3.180166,2.945005,2.984701,4.016117
2.387557,2.394878,3.393716,2.812695,2.449878,2.486211,3.293784,3.150335,2.656006,2.650285,3.370245
2.597182,1.992959,2.928364,2.683398,2.309720,2.702114,3.003936,3.284481,2.381867,2.782640,3.214578
2.665147,2.575067,2.497706,2.317117,2.577693,2.841839,2.913288,3.116250,2.883514,3.079192,3.355527
2.478783,2.724472,2.373571,2.539808,2.684898,2.958593,3.201517,3.085430,2.943679,2.832911,3.713775
2.963619,2.678815,3.449039,2.606014,2.407067,2.577120,2.848858,2.649633,3.610679,2.562588,2.810416
3.128245,2.554956,3.261818,2.198848,2.327739,2.655647,2.278710,3.150797,3.269872,2.449294,2.827268
2.598350,2.751230,2.638476,2.468525,2.461645,2.825667,2.548596,2.451835,3.166414,2.511607,3.441271
2.481800,2.380037,2.877252,2.309059,2.244272,2.703152,2.497556,2.692020,2.383534,2.781808,2.952696
3.468494,2.697426,2.538315,2.632862,2.049124,2.676494,2.441760,2.898382,3.043902,2.284598,2.460514
2.898017,2.436673,2.075986,2.523836,2.067663,2.426854,2.375251,2.932049,3.153791,3.244165,2.531116
2.548369,2.856353,2.200457,2.582455,1.915354,2.598343,2.396183,2.296091,2.444863,2.457459,2.947344
2.290573,2.021045,2.164296,2.370807,2.363768,3.196039,2.635160,2.795411,3.134896,2.777266,2.705511
2.698849,2.192761,2.941696,2.511499,2.351589,2.282100,2.831937,2.312475,2.908891,2.781974,2.485139
2.738611,1.988018,2.302659,2.454363,1.833881,2.348417,2.688520,2.256984,2.480691,2.373241,2.322742
2.567406,2.414299,2.073348,2.201467,1.925752,2.486809,2.567796,2.030318,2.785670,2.181351,2.471438
2.612670,2.561495,2.297840,2.254168,1.604194,2.295182,2.677976,2.018411,2.367556,2.705785,2.244673
2.441011,2.275595,2.678802,2.535693,1.687022,2.043488,2.236874,2.391537,2.164001,2.448381,2.526992
2.425515,2.814391,2.820808,2.435860,2.112506,1.911451,2.122755,2.064531,2.403986,2.029922,2.293848
2.322498,2.185470,2.106036,2.124610,2.674529,1.840791,2.453480,2.925111,2.193988,1.883029,1.705532
2.293491,2.379790,2.569342,2.322311,2.729332,2.208303,2.071046,2.405476,1.635039,1.797803,1.883581
1.930801,2.545707,2.317686,2.294286,2.161897,1.919106,1.926079,2.442226,2.064440,2.350566,2.124241
1.801211,1.847809,2.207023,2.313786,2.329462,2.584068,2.068556,2.165964,2.039649,2.152148,2.023808
2.372874,2.247471,2.222399,2.127307,1.840404,1.954639,2.148136,2.005360,1.892164,2.098329,2.024235
2.271020,2.240926,2.290277,2.227936,1.914466,2.293181,2.001378,2.192495,2.203105,1.868756,1.982593
1.864195,1.849684,2.135263,2.233382,1.702978,2.067935,1.775198,2.576666,2.224631,2.058337,2.106249
1.896659,2.170950,1.802682,1.543878,2.097221,1.927911,1.454173,2.340367,2.374763,1.389456,2.538981
2.090063,1.817506,2.001148,1.832964,1.788069,2.102876,2.150593,2.568343,2.126795,1.694157,2.203379
2.321447,2.192548,2.159902,2.223721,1.856014,2.207028,1.408916,2.731662,2.192094,1.935617,1.727638
1.973000,2.173344,2.077224,1.488047,1.903664,1.942164,2.015528,2.196187,2.192248,1.960355,2.499191
1.725250,1.845634,1.767565,1.791707,1.623604,2.313807,1.762117,1.842697,2.081735,2.109149,2.350608
1.925999,2.046115,2.429546,1.966853,1.807091,1.647823,1.755496,1.682284,1.424876,1.855275,2.863800
1.604289,2.215876,1.855586,1.770719,1.795887,1.631235,1.514015,2.426937,1.652383,1.675191,2.496008
1.859131,1.773276,1.718304,1.896855,2.021624,1.947069,1.604764,1.878653,1.570664,1.971595,2.009619
1.808423,2.096146,2.127370,1.888158,1.775103,2.283024,1.471503,1.542626,1.922175,2.090815,1.908990
1.791673,2.053866,1.832056,1.927256,1.746601,2.356674,1.507478,1.505685,1.712806,1.627148,2.195647
1.834572,1.927279,2.102872,1.802184,1.425035,1.770540,2.022641,1.846220,2.181296,1.834800,1.574913
1.754646,1.902066,1.527580,2.015019,2.041720,2.047948,1.938850,2.123268,1.775399,2.128423,1.654374
1.603086,1.816952,1.491498,1.970110,1.579006,1.590197,1.891356,1.950243,1.834911,1.837898,1.506284
1.453349,1.415946,1.846356,2.023838,1.572165,1.558553,1.951792,1.580220,1.504812,1.534557,1.935494
1.533620,1.697149,1.539273,1.759125,1.831054,1.819909,1.568175,1.909510,1.648378,1.557065,1.842488
1.768724,1.365869,1.740547,1.567476,1.756451,1.872170,1.545196,1.641356,1.766572,1.930490,1.983731
1.754593,1.632178,1.750185,1.458182,1.963741,1.804694,1.859165,1.624933,1.519921,1.786305,1.974981
1.601016,1.783799,2.014423,1.454570,1.793173,1.701260,1.615924,1.976506,1.935555,1.436284,1.649057
1.357853,1.598243,1.671308,1.733978,1.809471,1.724800,1.782451,1.899106,1.361340,1.266134,2.015649
1.667533,1.181114,1.766611,1.655755,1.822615,1.454662,1.181369,1.203359,1.928959,1.547699,1.879274
1.469536,1.316730,1.563093,1.527365,1.861458,1.668159,1.462187,1.581270,1.625323,1.491654,1.511501
1.789765,1.165523,1.360343,1.478293,1.654717,1.854734,1.440774,1.184582,1.592952,1.572594,1.519375
1.915429,1.226444,1.514266,1.143576,1.349267,1.592364,1.433963,1.490210,1.263480,1.438112,1.361268
1.540148,1.185966,1.591232,1.548449,1.397122,1.673799,1.781084,1.432000,1.578282,1.529200,1.548541
1.390619,1.440842,1.468141,1.228581,1.274054,1.595500,1.486956,1.531561,1.258885,1.280905,1.686733
1.736278,1.136092,1.384148,1.100156,1.277738,1.152044,1.503970,1.440296,1.516750,1.217529,1.664634
1.263784,1.135687,1.228629,1.224150,1.167613,1.226694,1.423927,1.471070,1.488181,1.396434,1.383448
1.769894,1.264658,1.562659,1.128555,1.479374,1.487930,1.333886,1.329390,1.475996,1.290325,1.563249
1.381550,1.157511,1.711535,1.222106,1.307990,1.406636,1.365873,1.314386,1.364334,1.538372,1.545052
0.963457,1.248429,1.092786,1.274966,1.362010,1.295449,1.403354,1.324238,1.152207,1.412921,0.962225
1.291543,1.164252,1.128320,1.285245,1.584677,1.145195,1.436718,1.503032,1.153296,1.209957,1.126643
1.393401,1.036118,1.114710,1.291454,1.373603,1.523279,1.373018,1.019686,1.160099,1.300409,1.086173
1.502353,1.345006,1.324691,0.966700,1.118912,1.244938,1.567904,1.380236,0.915260,1.534806,1.024650
1.513979,1.151118,1.433748,1.152200,1.311955,1.291476,1.164180,1.657664,1.111331,1.305828,1.154269
1.516119,1.144207,1.192919,0.912234,0.998265,1.367496,1.199094,1.548987,1.226603,1.287070,1.216785
1.178677,1.006925,1.394930,0.887248,0.964391,1.012849,1.144550,1.497153,0.948387,1.183875,1.024544
1.154599,1.059057,1.279785,1.125813,1.149718,0.989813,1.000721,1.464290,1.283130,1.154483,1.007667
1.308443,1.021880,0.991593,0.981420,1.314087,1.361662,1.352045,1.467682,1.255519,1.208329,1.292078
1.182956,1.126083,1.051923,1.111632,1.315179,1.257779,1.039436,1.257319,1.183746,1.197892,1.041516
0.873453,1.177777,1.197315,1.133439,1.397676,0.907728,0.799841,1.189798,0.844360,1.138354,1.041139
0.947139,1.019170,0.942060,0.837963,0.969200,0.999640,1.019024,0.760696,1.038467,1.253680,1.070530
1.022384,1.111283,0.772453,1.110870,1.106593,0.835791,1.036941,0.843022,1.155578,0.989220,1.233134
0.907363,0.998375,1.052687,1.127707,1.265126,0.978051,1.124461,0.782707,0.926223,1.301482,1.056092
0.812699,0.899046,1.003158,1.003231,1.034514,0.959561,1.506243,1.053750,0.959451,1.399364,1.414836
0.875425,0.964595,1.044981,0.769230,1.090469,1.013030,1.322804,1.018017,0.898931,1.197142,1.142837
0.893125,1.029641,0.981348,0.977668,1.004281,1.149549,1.109498,0.769702,0.726769,0.911047,1.160182
0.952217,1.095094,0.878426,0.969151,0.891299,0.924547,1.016879,1.020267,0.901202,0.929981,1.009304
1.063101,1.149466,0.973330,0.875754,0.849276,1.081469,0.833983,0.981256,0.965406,0.966996,1.261458
0.836623,1.109712,1.077269,0.707744,0.826232,1.008451,0.983066,1.154854,0.879571,0.911253,1.043328
0.738859,0.906637,0.870122,0.941612,0.971501,0.762328,0.987485,1.009654,0.886443,1.021841,1.060984
0.966916,0.859856,0.929542,1.056046,1.063166,0.709449,1.132042,1.060799,0.804894,0.912905,0.850050
0.764735,1.073129,0.732443,0.838435,0.830518,0.716402,1.118079,0.851927,0.593842,0.858558,0.670776
0.776206,0.937427,0.712305,0.993392,0.778861,0.874844,0.764634,0.915264,0.618716,0.786687,0.883806
0.744669,0.829043,0.730444,0.937444,0.746856,0.761761,0.932859,1.128028,0.778669,0.899472,0.877249
0.682360,0.996948,0.719946,0.826979,0.610313,0.883404,0.978221,0.924415,0.723410,0.809267,0.833785
0.695589,0.938297,0.712819,0.809307,0.655964,0.751311,0.683259,0.896916,0.897609,0.828422,0.866740
0.801139,0.931486,0.810199,0.640116,0.882165,0.693781,0.806488,0.774635,0.784549,0.819670,0.670443
0.687331,0.887069,0.735525,0.782918,0.523739,0.848452,0.569133,0.884972,0.739455,0.875908,0.532668
0.960845,0.853827,0.582222,0.729557,0.835912,0.628170,0.689070,0.745426,0.686608,0.904518,0.685593
0.961914,0.725724,0.715247,0.550662,0.831136,0.794702,0.577777,0.678776,0.758736,0.781369,0.730565
0.992566,0.747633,0.625307,0.575188,0.666682,0.759023,0.696140,0.568311,0.700978,0.657646,0.720957
0.780644,0.851911,0.648885,0.635820,0.823202,0.604715,0.766738,0.663563,0.600862,0.608507,0.688366
0.784063,0.550853,0.594425,0.485944,0.625583,0.629725,0.799436,0.600296,0.735523,0.644688,0.727898
0.786873,0.701504,0.695066,0.538931,0.555927,0.715199,0.944952,0.652636,0.654697,0.576682,0.516807
0.939678,0.575740,0.494925,0.756150,0.563857,0.790894,0.880452,0.562814,0.673535,0.452547,0.576507
0.701649,0.642818,0.697652,0.710142,0.707917,0.727485,0.694786,0.694142,0.770121,0.620886,0.591501
0.696389,0.527792,0.574674,0.555751,0.483529,0.451971,0.754823,0.783880,0.617453,0.855179,0.608812
0.540932,0.616625,0.707970,0.529378,0.538014,0.544698,0.864739,0.612036,0.552232,0.766006,0.699535
0.528540,0.604762,0.620486,0.650629,0.592804,0.592744,0.770151,0.409534,0.609244,0.813573,0.632856
0.615761,0.591547,0.594531,0.547461,0.624241,0.664443,0.722224,0.531206,0.505176,0.617144,0.515243
0.669660,0.661325,0.556578,0.481997,0.560277,0.743611,0.716126,0.515339,0.658386,0.589924,0.646809
0.687453,0.596897,0.567616,0.629837,0.702851,0.628281,0.762981,0.580971,0.561896,0.560948,0.672227
0.629262,0.778654,0.584534,0.531732,0.465094,0.512296,0.755457,0.587538,0.513125,0.641181,0.664487
0.565459,0.563394,0.406183,0.627645,0.783222,0.516514,0.525829,0.614405,0.512757,0.545560,0.796947
0.515204,0.683814,0.535747,0.543528,0.688839,0.458536,0.607227,0.528996,0.575799,0.546706,0.804677
0.478569,0.472670,0.461478,0.499938,0.626544,0.562385,0.589193,0.531201,0.576036,0.346186,0.591591
0.540514,0.538126,0.312567,0.527487,0.712912,0.492072,0.597494,0.703029,0.770427,0.432433,0.420121
0.614226,0.561160,0.516467,0.460757,0.578397,0.511809,0.639916,0.467333,0.697137,0.416635,0.603832
0.648194,0.617878,0.468237,0.422957,0.399627,0.543346,0.507466,0.594192,0.681978,0.388774,0.541195
0.573178,0.541808,0.513069,0.440352,0.434263,0.464342,0.517200,0.610064,0.667484,0.489666,0.579643
0.420124,0.467651,0.448574,0.449380,0.513305,0.526147,0.601503,0.518016,0.532888,0.687911,0.538434
0.520936,0.377050,0.447515,0.488835,0.437758,0.548627,0.621021,0.537332,0.585475,0.694796,0.445244
0.435194,0.454348,0.514499,0.573756,0.512648,0.506865,0.557369,0.497902,0.548334,0.429945,0.450668
0.328764,0.447814,0.483765,0.529180,0.518842,0.505747,0.521740,0.420462,0.507525,0.575648,0.543810
0.507139,0.563941,0.561901,0.513294,0.492021,0.494707,0.634150,0.446054,0.478859,0.514434,0.558700
0.508106,0.490512,0.614644,0.442437,0.607554,0.517488,0.375387,0.568349,0.435227,0.451686,0.624844
0.568317,0.343366,0.379709,0.434644,0.405260,0.409223,0.381442,0.455257,0.491757,0.480970,0.515815
0.515468,0.485192,0.464093,0.462941,0.464103,0.362151,0.478191,0.603327,0.524118,0.529277,0.490862
0.455240,0.470912,0.420913,0.427449,0.558914,0.447338,0.410364,0.520447,0.429680,0.463504,0.527968
0.370038,0.493176,0.387488,0.449391,0.636680,0.436550,0.360919,0.504016,0.484722,0.347241,0.445892
0.378487,0.488793,0.454192,0.444886,0.518997,0.591234,0.326966,0.418045,0.629132,0.345721,0.470671
0.470996,0.480510,0.495326,0.430822,0.537359,0.590282,0.444391,0.380040,0.556389,0.456583,0.374833
0.500291,0.481232,0.534640,0.414190,0.438478,0.470581,0.450173,0.404498,0.512235,0.437635,0.339467
0.360986,0.563632,0.503521,0.496177,0.502318,0.407177,0.470547,0.530829,0.410252,0.378529,0.397538
0.524693,0.422499,0.375299,0.522929,0.496567,0.408104,0.429335,0.489601,0.436178,0.450276,0.353807
0.546681,0.446032,0.403428,0.429598,0.455253,0.567474,0.428706,0.400303,0.415904,0.421152,0.290141
0.541797,0.345207,0.453048,0.451688,0.583369,0.562673,0.425276,0.544455,0.477337,0.464819,0.447897
0.463933,0.494872,0.519512,0.371587,0.468959,0.373707,0.353771,0.472352,0.370420,0.345373,0.330888
0.439315,0.375556,0.424806,0.337562,0.391998,0.500104,0.359045,0.399980,0.429023,0.524786,0.473249
0.442008,0.457763,0.514201,0.318941,0.452901,0.415100,0.423262,0.479030,0.391785,0.536088,0.457528
0.551960,0.476674,0.472487,0.372514,0.412855,0.445558,0.390138,0.383675,0.445207,0.510544,0.571352
0.449812,0.600131,0.453351,0.378247,0.326663,0.394775,0.364126,0.482963,0.402675,0.437236,0.394837
0.430700,0.499263,0.340783,0.449403,0.482488,0.398549,0.290285,0.435087,0.389859,0.443735,0.360689
0.502861,0.518814,0.430300,0.485412,0.436252,0.335899,0.355904,0.409173,0.423197,0.498332,0.498126
0.430839,0.462033,0.429348,0.439662,0.414231,0.405665,0.389126,0.463112,0.514423,0.526583,0.498191
0.511533,0.425823,0.329152,0.474624,0.572997,0.507457,0.347312,0.432055,0.452647,0.521543,0.461185
0.503943,0.410352,0.334988,0.421262,0.441329,0.513283,0.374954,0.456360,0.385827,0.428281,0.398557
0.553033,0.447495,0.358731,0.559965,0.508526,0.466873,0.265887,0.494238,0.448079,0.478519,0.564331
0.432090,0.467365,0.438390,0.493902,0.503957,0.410881,0.317882,0.498947,0.432032,0.424532,0.534368
0.530353,0.418546,0.399465,0.406121,0.281800,0.348756,0.424355,0.499996,0.564757,0.454976,0.502273
0.446322,0.422632,0.373242,0.390752,0.366867,0.438573,0.366544,0.371573,0.440568,0.417163,0.296239
0.398025,0.335249,0.465511,0.492539,0.299522,0.455783,0.347622,0.439058,0.405406,0.370360,0.350562
0.498758,0.425738,0.420982,0.384302,0.426484,0.467170,0.367996,0.363396,0.477376,0.360317,0.448157
0.476016,0.399934,0.601184,0.524203,0.490710,0.433246,0.357277,0.381077,0.409619,0.529581,0.447406
0.462516,0.358889,0.415886,0.487934,0.531901,0.416451,0.316683,0.367254,0.402941,0.377259,0.466302
0.469347,0.338735,0.466571,0.394788,0.533011,0.450900,0.349374,0.507154,0.377353,0.572348,0.405844
0.511065,0.417697,0.388188,0.539852,0.579141,0.458649,0.349212,0.535534,0.318729,0.504938,0.422246
0.372234,0.469128,0.364474,0.460216,0.378133,0.430714,0.378347,0.499797,0.405121,0.458882,0.375880
0.338649,0.376384,0.383102,0.404973,0.433455,0.618988,0.384623,0.454170,0.404950,0.478459,0.488288
0.396406,0.573905,0.388397,0.523373,0.513497,0.602911,0.440241,0.486268,0.426000,0.598880,0.505258
0.476034,0.471158,0.417788,0.595256,0.395996,0.421503,0.409052,0.507795,0.516499,0.388919,0.466290
0.423278,0.449308,0.445943,0.566149,0.455088,0.399885,0.394494,0.642151,0.509200,0.571278,0.381843
0.480848,0.556982,0.458347,0.555333,0.424372,0.480597,0.446505,0.487712,0.469991,0.633617,0.560392
0.555993,0.455669,0.519231,0.601688,0.346423,0.419331,0.355539,0.422942,0.567788,0.576462,0.579086
0.503977,0.671099,0.444597,0.481952,0.398213,0.535089,0.506046,0.328007,0.405900,0.474433,0.549583
0.536473,0.418650,0.461804,0.603478,0.420060,0.369896,0.523523,0.465067,0.375139,0.440036,0.520479
0.397939,0.472391,0.551564,0.481584,0.460979,0.383088,0.495395,0.468583,0.531609,0.396669,0.451969
0.541611,0.548124,0.423962,0.480129,0.567611,0.539544,0.598578,0.471933,0.464016,0.349636,0.581904
0.507672,0.591487,0.575355,0.666249,0.567339,0.487453,0.520351,0.597669,0.544190,0.470996,0.699947
0.693697,0.653102,0.592785,0.518107,0.585394,0.402188,0.623511,0.613094,0.547107,0.394054,0.462769
0.541064,0.741564,0.580436,0.645579,0.515098,0.449865,0.513745,0.636769,0.494571,0.436580,0.537999
0.558320,0.676224,0.510688,0.542169,0.454161,0.459489,0.589250,0.624747,0.482609,0.441090,0.542795
0.599651,0.552177,0.593371,0.690224,0.495212,0.571309,0.635585,0.713100,0.484522,0.711932,0.309911
0.638661,0.736299,0.571597,0.584432,0.566131,0.544248,0.468945,0.502840,0.536771,0.481246,0.493480
0.570720,0.705121,0.773438,0.501056,0.525282,0.586430,0.566767,0.545520,0.530589,0.761769,0.504710
0.677656,0.625944,0.521826,0.516357,0.605900,0.745409,0.460042,0.499829,0.617607,0.470888,0.522662
0.590724,0.584339,0.599117,0.585386,0.667165,0.692594,0.609239,0.597192,0.528533,0.538961,0.569351
0.494807,0.587888,0.451925,0.478111,0.610499,0.512293,0.570630,0.680586,0.533776,0.474668,0.622843
0.415321,0.647651,0.615285,0.395887,0.691406,0.485396,0.594167,0.630123,0.661554,0.467701,0.490616
0.486783,0.455655,0.845566,0.455277,0.763417,0.479777,0.544335,0.569558,0.554568,0.794984,0.519876
0.521464,0.671536,0.665069,0.533998,0.702519,0.637269,0.448830,0.535046,0.840703,0.695383,0.497441
0.573946,0.720248,0.579596,0.431364,0.537239,0.562016,0.543396,0.645463,0.601386,0.798663,0.470111
0.594570,0.534038,0.656788,0.631661,0.474388,0.732432,0.589612,0.722190,0.646570,0.836185,0.636623
0.676334,0.646621,0.648460,0.867098,0.643624,0.570226,0.563690,0.833063,0.697365,0.742183,0.708684
0.753962,0.666742,0.675501,0.693922,0.530835,0.713963,0.592864,0.694002,0.542195,0.744224,0.669234
0.818203,0.681885,0.680808,0.690510,0.590961,0.709633,0.718848,0.691916,0.576682,0.882411,0.800238
0.572650,0.869982,0.504922,0.717871,0.638715,0.689006,0.672828,0.784314,0.579822,0.747470,0.837474
0.666663,0.737894,0.682751,0.778330,0.725753,0.694584,0.728181,0.721608,0.679585,0.775681,0.755872
0.527812,0.675250,0.715445,0.940105,0.900943,0.496144,0.746545,0.513370,0.620024,0.623725,0.598607
0.761364,0.860303,0.704759,0.844675,0.729437,0.618435,0.717697,0.640403,0.804904,0.622550,0.717782
0.721260,0.912157,0.821049,0.604300,0.726550,0.560945,0.848148,0.764109,0.830427,0.821092,0.576400
0.848972,0.958240,0.650213,0.644310,0.702661,0.593204,0.795472,0.829453,0.908164,0.777142,0.727549
0.664259,0.924308,0.630943,0.908732,0.803892,0.705628,0.635064,0.649423,0.665192,0.651288,0.722015
0.465056,1.001204,0.674700,0.624676,0.783401,0.801361,0.571160,0.600311,0.778948,0.716477,0.676624
0.730104,0.847748,0.612832,0.632191,0.836436,0.917354,0.809560,0.619207,1.010517,0.698709,0.688677
0.865283,0.931771,0.576218,0.685326,0.841121,1.028869,0.716090,0.544663,1.010319,0.939075,0.795747
0.790210,0.875348,0.717252,0.594361,0.921597,0.774225,0.691746,0.737849,0.755800,0.850165,0.670835
0.636420,0.813054,0.864636,0.761636,0.957536,0.884649,0.784898,0.871464,0.858981,0.691136,0.743048
0.959140,0.928223,0.900749,0.770023,0.986354,0.652489,0.885327,0.850743,0.851748,0.766568,0.774615
0.803620,1.039718,0.764068,0.847613,0.829175,0.946514,0.905689,0.933870,0.690026,0.890875,0.733196
0.660497,1.052627,0.736124,0.793541,0.956399,0.728610,0.697675,0.941002,0.649266,0.728890,0.945632
0.615492,1.216230,0.554943,0.729452,1.014755,0.641716,0.638469,0.737367,0.903560,0.914698,0.944831
0.762598,1.183477,0.660014,0.851524,1.006942,0.809816,0.609226,0.744861,0.935805,0.910433,0.862804
0.806513,1.097716,0.669478,0.968123,0.816262,0.757484,0.736656,0.799651,1.003689,1.148332,0.853470
0.684618,0.728783,0.897794,1.145958,0.747233,0.930889,0.770560,0.820911,1.080394,0.765039,0.860357
0.913337,0.911881,0.840373,0.779572,1.042548,1.129236,0.999591,0.745807,0.889303,0.978539,0.816027
0.908336,1.221646,0.761613,1.311311,0.709092,1.241385,1.044875,0.909749,1.012740,1.061262,1.008795
1.277664,1.415967,0.758955,1.034907,0.556300,1.134290,0.959966,0.884400,1.026416,0.694570,0.816877
1.024362,1.251576,0.701861,0.818934,0.742275,0.956327,1.159517,0.998931,0.865943,0.843670,1.042128
0.941346,1.219203,1.112256,1.139602,0.849558,0.991632,0.830236,0.855788,1.006035,0.942909,1.195717
0.931988,1.225381,0.998784,1.090941,1.084383,0.920032,1.182281,1.132555,1.036220,0.941680,1.243476
1.365469,0.957042,1.239228,1.028349,0.821894,1.528037,0.993794,1.190755,1.127864,0.900653,0.866543
1.173085,1.185800,1.301515,0.884048,1.101839,1.045645,1.054189,1.224374,1.067165,0.943356,0.975657
0.880068,1.219138,1.029295,0.775258,0.925203,1.013123,1.215416,1.563512,1.131351,1.028458,1.191903
1.083081,1.090065,0.962953,0.767908,1.015762,1.222024,1.347191,1.503261,1.127019,1.088631,1.121631
1.163195,1.037081,1.261664,0.885789,1.489117,1.301557,1.257484,1.153669,1.149868,0.834966,0.895983
1.002374,1.475939,0.998008,1.311610,1.590443,1.355302,1.285058,1.465824,1.260402,1.024895,1.125498
1.131974,1.195189,1.109033,1.043222,1.094888,1.589283,0.922796,1.463982,1.232718,1.339777,1.032941
1.364019,1.104753,1.179659,1.048783,0.939406,0.977894,1.262465,1.377105,1.442754,1.091773,1.139566
1.189293,1.274007,1.365511,1.076580,0.881036,1.178676,1.163686,1.349004,1.402480,1.187454,1.225282
1.149007,0.994402,1.137549,1.227525,1.001666,1.374665,1.203786,1.242836,1.422834,1.278670,1.340944
1.197810,0.928057,1.310067,1.178524,1.288026,1.341169,1.177425,1.295469,1.160697,1.221091,1.141473
1.069473,1.317399,1.467207,1.022432,1.207625,1.033477,1.180339,1.158241,1.360024,1.220970,1.080626
1.419478,1.450956,1.279947,1.253682,1.496961,1.337458,1.172974,1.146446,1.270667,1.218184,1.408636
1.161845,1.410787,1.349526,1.558503,1.516580,1.366435,1.103509,1.075692,1.059897,1.444832,1.212236
1.273609,1.375105,1.088406,1.390781,1.343256,1.657499,1.205095,1.122628,1.454437,1.718205,1.534493
1.262029,1.525828,1.161374,1.251086,1.550839,1.426677,1.521745,1.032946,1.549861,1.333446,1.604360
1.363465,1.600378,1.297416,1.193975,1.619198,1.579588,1.047304,1.194032,1.490486,1.391509,1.532445
1.266003,1.372469,1.260398,1.213414,1.668415,1.469226,1.169972,1.344326,1.533503,1.572174,1.541793
1.313093,1.772507,0.935437,1.435424,1.364649,1.367216,1.489895,1.227783,1.362909,1.368908,1.253890
1.192852,1.398410,1.124842,1.505102,1.749749,1.179652,1.698641,1.100353,1.444650,1.805715,1.235364
1.297143,1.386978,1.394753,1.343411,1.746863,0.967441,1.063839,1.535298,1.306356,1.492142,1.350234
1.526233,1.684008,1.730109,1.491480,1.400060,1.367628,1.160995,1.374029,1.512628,1.635890,1.751153
1.241864,1.257152,1.723414,1.391670,1.532321,1.611340,1.535446,1.485963,1.385881,1.649502,1.379709
1.504504,1.150697,1.976237,1.596601,2.017175,1.733643,1.742848,1.841022,1.742503,1.719810,1.924872
1.584657,1.360801,1.372465,1.249350,1.863372,1.541609,1.600908,1.585830,1.620877,1.550200,1.925633
1.651318,1.145059,1.170265,1.691154,1.805129,1.665666,1.283348,1.841304,1.441034,1.687070,1.757668
1.554620,1.841703,1.692266,1.448894,1.851724,1.930175,1.446880,1.964229,1.532409,1.680163,1.474472
1.676212,1.780398,1.837450,1.760119,1.810308,2.241804,1.495050,1.946571,1.505375,1.407366,1.852388
1.163741,1.401286,1.686109,1.434051,2.128118,2.129537,1.387640,1.642870,1.643400,1.631857,1.705992
1.892582,1.458811,1.639419,1.547046,1.726890,2.323152,1.851857,2.136175,1.383958,2.012027,1.531150
1.615334,1.395216,1.621718,1.369468,1.717112,1.819909,1.667734,1.581126,1.967582,1.922543,1.825175
2.050608,1.811301,1.832849,1.408730,1.581370,1.914686,2.098614,1.854027,1.799719,1.543131,1.857815
2.241839,1.600909,2.067320,1.289558,1.501287,1.299976,2.019823,2.052987,1.466340,1.846323,1.360095
1.511331,1.789825,2.237897,1.755046,1.798994,1.287906,2.220808,1.902087,1.884523,1.651734,1.681110
1.906696,1.709611,2.277247,2.018159,2.017747,1.278438,1.587815,1.730997,1.822158,1.953684,1.576927
1.645610,1.738366,2.090612,1.741466,1.861436,1.575114,1.611249,2.071333,1.890907,1.957197,1.711531
1.700171,1.376869,2.427247,1.999214,1.611456,1.465757,2.170841,2.151809,1.834878,2.209484,1.758842
1.735050,1.387992,1.784512,1.951873,1.922892,1.606426,1.749695,1.709876,2.096575,2.006355,1.699931
2.053024,1.525472,2.557925,1.734675,1.937530,1.479066,1.839505,1.748981,2.233903,2.068976,1.895581
1.740806,1.716140,2.085011,1.670250,1.838082,1.990719,2.054281,1.976912,1.718318,2.184090,2.533880
1.896102,1.774879,1.643818,1.839212,1.973357,2.187808,1.640568,1.786309,2.189377,1.935683,1.818093
1.395288,1.332304,1.859447,2.387285,2.169024,1.383381,2.056525,1.742097,1.996426,2.063978,1.967942
1.915615,1.677307,1.785554,2.216688,1.891332,1.568275,1.666350,1.820493,2.083843,1.967248,2.194247
1.877846,2.004408,2.114794,2.143358,1.772559,1.967798,2.186898,2.124944,2.046022,1.939824,2.148877
1.916559,2.396120,2.183639,2.294753,2.255516,2.050417,2.059526,1.726910,2.242851,2.326836,1.973133
1.504084,1.906437,2.065861,2.359976,2.087664,2.203490,2.137371,1.862892,2.163679,2.718753,1.856629
1.719705,2.372570,2.453510,2.245378,2.471086,1.825671,1.898493,2.027824,2.095743,2.136409,2.515455
2.224361,2.278111,2.457235,2.228783,2.207089,2.017694,1.805434,2.334515,1.919087,1.995636,2.440563
2.127362,2.076856,2.357129,2.156062,1.917964,1.738366,2.275475,1.999917,2.329827,1.986682,2.480657
2.328391,2.047445,1.861582,2.237287,2.386540,2.797178,2.409633,1.757025,1.835990,2.534071,2.278549
2.260476,1.868367,1.991737,1.959500,2.541836,2.714848,2.742830,1.760177,2.399003,2.558572,2.525982
2.060216,1.818611,2.342926,2.024148,1.798213,2.110426,2.533833,2.204786,3.122397,2.615210,2.232011
2.637353,1.836901,2.572684,2.421630,2.571133,2.431132,2.729192,2.492644,2.134598,2.142430,2.434426
2.231324,2.027090,1.773049,2.706740,2.210928,2.174071,2.959587,2.678144,2.093981,2.329652,1.856185
2.461599,2.041427,2.296426,2.798696,2.495778,2.367380,2.412480,2.661535,2.484524,2.828486,2.122477
2.714357,2.378892,2.601604,2.061119,2.498621,2.448384,2.544042,2.689627,1.892532,3.001499,2.581751
2.355116,2.750265,2.453397,2.551446,2.724557,2.429251,2.449022,1.937729,2.266609,2.715304,2.246724
2.427131,2.085476,2.580699,2.278745,2.715488,1.937537,2.602759,2.327283,2.460383,2.301826,2.537373
2.244644,2.539396,2.647746,2.804378,2.845868,2.553810,2.413921,2.296984,1.998460,1.970661,2.698747
1.893383,2.223676,2.815367,3.301826,2.482550,2.023292,2.524172,2.268109,2.114173,2.298616,2.251046
2.535111,3.055370,2.404823,2.630504,2.313492,2.549700,2.068490,2.559495,1.960423,2.536500,2.531885
2.741116,2.851160,2.392324,3.233609,2.864568,2.631422,2.407603,2.718075,2.220230,2.581696,2.489466
2.605483,3.337979,2.304587,2.435295,2.677181,2.157789,2.616093,2.221686,2.008485,2.561920,2.754820
2.520252,2.750976,3.012834,2.754795,2.290099,2.357089,2.553020,3.295655,2.839429,2.251169,2.622548
2.707563,2.976846,2.867524,3.340743,2.381356,2.820832,2.408912,3.226506,2.629771,2.981427,2.504391
1.895147,3.098650,2.757988,2.760449,2.386978,2.315519,2.276614,2.953292,2.546036,2.550257,2.034769
1.971601,2.593388,2.500099,2.645014,2.803102,2.696205,2.516236,2.841217,2.763821,2.533029,2.253563
2.921158,2.504117,2.651694,2.500079,2.932910,3.105568,2.807550,2.594717,2.771814,2.277466,2.903258
3.152473,2.535777,2.358224,3.141816,2.419989,2.414011,2.269836,2.665273,2.739039,3.482382,2.456101
2.665004,2.990720,2.385396,2.743230,2.585931,2.751655,2.754561,2.175382,3.259157,2.652677,2.260495
2.681182,2.838311,2.163905,2.753532,2.332928,2.652292,2.902353,2.836608,3.199035,2.929696,2.395205
2.238395,2.478829,2.389032,2.363935,2.292754,2.978171,2.479480,2.723440,3.218512,2.279606,2.086185
2.222805,3.263511,2.177447,2.582007,3.134898,2.607766,2.848015,2.413585,2.916481,3.622992,2.722273
2.926341,2.436235,2.729692,3.155321,3.035421,2.755282,3.243119,2.974982,2.573308,3.310508,2.061062
2.772567,2.653123,2.759728,3.058321,2.919670,3.004172,2.920956,2.694806,2.693467,2.587844,2.728040
2.296131,3.214436,2.599244,2.820379,2.859214,2.368938,2.708083,3.151360,2.743711,2.488044,2.947955
2.940966,3.107263,2.989458,2.774834,2.587387,2.709676,2.857192,3.061587,2.773284,2.660746,2.953058
2.752066,2.227375,3.053859,3.033737,2.775624,2.623447,3.089892,2.519952,3.363058,2.874022,2.537807
3.050341,2.631094,2.817838,3.250321,3.065459,2.376736,2.640125,3.562143,2.574236,3.141579,3.020760
3.333942,2.310668,2.683277,2.753185,3.412211,3.385568,3.021354,3.133934,3.114135,3.586084,3.098602
2.571953,2.593558,3.687629,3.397465,2.821674,3.523145,2.772440,3.431756,3.166773,2.793254,2.889140
3.535497,2.545325,3.409001,2.863477,2.913550,3.282040,2.772723,2.908534,2.859097,2.919137,3.172662
3.253594,2.662761,2.680301,3.219060,3.141431,3.258278,3.160886,2.862938,2.914445,2.582346,2.807903
3.787790,3.737292,2.948552,3.319617,2.797241,3.130147,3.468332,3.698514,2.942327,3.101228,2.715956
3.409003,3.419130,3.207266,3.367907,2.831638,3.662343,2.820985,3.483691,3.413898,2.334856,3.453297
2.990925,3.791921,3.483128,3.628258,3.636431,3.132020,2.545823,3.153879,3.410311,3.407064,3.666340
3.467265,3.011032,2.703234,2.732728,3.571782,2.594238,2.962492,3.425133,3.665219,3.807512,2.905463
3.257054,3.109737,3.600419,3.130997,4.047621,3.813422,3.587141,2.954093,3.341307,3.332583,3.389949
2.783860,3.029812,3.100266,3.069132,3.307533,3.536978,3.645546,3.425544,3.643035,3.480625,3.124836
3.023547,3.456919,2.986179,3.142070,3.232963,3.321734,2.867058,3.040501,3.185276,2.750449,2.690786
2.610268,3.195581,2.404837,3.137535,3.078811,2.616630,3.725905,3.224823,3.359078,3.477563,2.625108
2.843062,2.700443,3.081115,4.084759,2.234182,3.544578,3.033303,3.238168,3.143160,3.248610,3.205126
3.223404,3.323509,2.909601,3.107769,3.168135,3.071162,3.516658,3.393850,3.534313,2.960190,3.681151
2.772018,2.395113,2.888951,3.401607,2.769898,3.011725,3.619724,2.971213,2.815469,3.604602,3.317457
3.234712,2.566388,2.953428,3.402938,3.267855,3.024017,3.584892,3.081373,3.551503,3.601439,3.425066
3.256200,3.446431,2.644029,2.801888,3.728758,3.462240,3.469083,2.568333,3.768329,3.306172,3.720667
3.248040,3.108547,3.301939,3.330123,4.470441,3.466536,3.305130,3.335052,3.949319,2.546777,3.994413
3.332098,3.302284,3.155056,3.090577,4.088581,3.310735,3.243409,3.049788,4.373917,3.155702,3.452578
3.202880,3.389658,3.699569,2.916261,3.128510,3.792135,2.968123,3.385336,4.038092,3.091143,2.877054
2.767926,4.035998,3.161100,3.176544,4.290560,3.753090,2.952449,3.151819,2.918880,2.826968,3.041934
3.347413,3.334458,3.113960,3.915361,2.859474,3.184474,2.729446,3.578996,3.097924,3.064592,3.699735
3.071275,3.960185,3.352724,4.065698,3.128259,2.817792,2.888376,4.438823,3.196774,3.336124,3.282165
3.080744,3.404338,3.272799,3.924571,3.301777,2.655406,2.870805,3.341603,3.380916,2.513080,3.484305
3.109018,3.395368,3.251986,2.899558,3.170314,3.411882,3.521132,3.855844,3.043162,2.982046,3.274148
3.945914,3.599223,2.209207,3.111972,3.054645,2.947961,3.646635,3.024622,2.541919,3.378052,3.366414
3.468814,3.041220,2.762406,3.893388,3.014252,3.620448,2.779490,3.033346,3.359582,3.142789,3.427261
2.853683,3.633102,3.342373,3.114603,3.031306,2.949757,3.138490,2.824922,3.341420,3.580651,3.368157
3.650852,3.263690,3.348519,2.669228,3.948257,2.427979,4.530229,3.430496,2.960045,2.960494,3.995298
3.150959,3.765701,2.914900,2.867123,3.099567,3.087767,3.767112,3.012468,2.591481,3.576971,3.351411
3.351289,3.221560,2.854461,3.513304,3.689270,3.041259,3.775204,3.037704,3.797671,3.711559,3.335456
2.783238,3.348489,3.051310,2.778640,2.496509,3.133104,3.552817,3.274335,2.980523,2.960695,2.898881
2.930062,3.245044,3.541911,3.512062,2.713024,3.232751,3.490577,3.934710,2.761327,3.237681,2.716767
3.428892,3.392941,3.019015,3.017464,3.844740,3.191368,3.986357,4.202859,3.403807,3.276221,3.130528
2.894897,2.974928,3.510000,3.606572,2.823003,3.207913,3.531141,3.811742,4.042663,3.406282,3.922254
3.532012,3.372501,3.177158,3.441540,2.943635,3.682930,3.090021,3.563952,3.759242,3.268824,2.732965
3.788760,3.601587,2.423004,3.716457,3.034179,3.538332,3.120636,3.804131,3.080021,2.667452,3.173124
3.257220,3.867290,2.732164,3.603582,3.586036,2.976514,3.510847,3.994942,3.037646,3.249233,3.517334
3.435833,3.704297,3.099185,3.308447,3.600377,3.290931,3.738114,3.991947,3.515095,3.370651,3.008319
3.351550,4.206827,2.648420,3.339996,3.183503,2.574539,3.545802,3.492257,3.677467,2.954352,3.647729
3.446746,2.867460,3.497501,3.939429,2.852510,3.481344,3.627594,4.088093,3.457106,3.046266,3.437435
3.071791,2.903259,3.147442,3.756508,3.793845,3.042179,2.976792,3.930354,3.719072,2.767472,3.799502
3.342932,4.549413,3.183648,4.062686,3.707912,2.877804,3.774566,3.706149,3.501891,3.588497,3.001452
3.350206,3.122264,2.855084,4.174503,4.258836,4.018307,3.429207,4.642280,3.340868,3.888126,3.282605
3.013616,3.633201,3.707091,4.792075,3.590521,3.358954,3.749628,4.419552,3.228071,3.388142,3.524546
3.108954,3.695189,3.248934,4.183095,4.038861,2.920190,3.650091,3.459192,3.922407,3.500206,3.206114
2.116832,3.224569,3.176993,3.227303,3.144829,4.262287,3.982354,3.558590,3.249625,4.078347,3.104008
3.628218,3.223790,3.586062,2.747430,3.654993,3.487019,3.584901,4.138450,2.620073,3.667076,3.393498
3.394110,3.989910,3.707821,3.403334,3.961077,3.339817,4.090369,3.256280,2.990167,4.321250,3.032996
3.063349,3.659032,3.152879,3.185402,3.804185,3.826850,3.644913,3.799484,3.507420,4.038515,3.238188
3.601989,3.562371,3.785498,3.139395,3.240259,4.252437,3.625185,3.167508,2.883568,3.235396,3.140249
3.389547,3.202856,3.305358,3.446149,3.642111,3.516675,3.298141,3.109045,3.092555,3.712568,3.262402
3.688167,3.387560,3.319316,2.870028,3.472575,3.533744,3.585500,3.808955,3.272925,3.128562,2.777660
2.719463,3.305510,3.085971,3.157165,3.972024,3.927708,3.916584,2.987565,3.429106,3.756823,3.001316
2.808114,3.365140,2.867395,2.990166,3.657399,4.081651,2.599367,3.205570,3.010866,3.591483,3.515394
3.707065,3.345802,3.138106,3.136108,3.327703,3.602668,3.293685,4.237118,3.315654,3.406919,3.901712
3.130659,2.880832,3.778652,4.022057,3.719539,3.919872,3.261714,3.911893,3.631329,3.812562,3.449526
2.831073,3.002920,2.848803,3.332397,3.966133,3.777811,3.358603,3.289825,3.509826,3.293406,3.110391
2.882757,2.774142,2.983362,3.349248,3.615210,2.845012,2.691475,2.693500,3.071072,3.466571,2.992008
4.537449,2.698599,3.837788,2.892876,3.748722,3.404063,3.113222,3.129078,2.911270,3.948610,3.509102
3.349695,4.210132,3.177553,2.975134,2.554202,2.715610,3.051432,3.444542,2.851959,2.888448,3.386399
3.486977,3.344559,3.127792,2.337850,2.676308,2.606099,3.817610,3.289640,3.075091,2.889184,2.751716
3.632926,3.545526,2.846868,2.550393,3.461479,2.542664,3.311678,2.596352,4.273848,3.425280,3.029649
3.337265,2.765964,3.364375,2.251233,3.318707,2.642505,2.700863,3.130382,3.226094,2.997804,3.782582
3.441335,2.930037,3.259990,2.639038,3.301089,3.123270,3.256646,3.380969,4.436494,3.451213,3.999389
3.464614,2.274647,3.502518,3.195312,3.652064,3.760180,3.490053,3.377418,3.783639,2.830808,2.750123
3.222211,2.952632,3.229533,3.416682,3.324102,2.838944,3.476498,3.312708,3.329497,2.426322,3.184842
3.708809,3.423019,2.927745,3.644086,3.910696,3.460980,2.842181,2.997172,3.800455,2.829143,3.382343
3.171847,3.560808,3.077694,2.971153,2.561630,3.045221,3.519987,2.862620,3.429598,3.343259,2.601711
3.281804,3.386705,3.285584,3.184199,3.028867,2.935264,3.576398,3.259328,2.977710,2.837960,2.727700
3.234922,3.817638,3.264976,2.508058,3.182896,3.073244,4.030244,2.615472,2.763559,3.399103,2.765080
3.646683,3.287457,2.926907,3.656111,3.300731,3.170680,3.742641,3.103080,3.180765,4.118361,2.637306
3.392407,3.184796,3.064971,3.486589,2.965466,3.185178,3.366588,3.316058,3.346757,3.668056,2.908404
2.695077,3.349977,3.211843,2.477948,2.984092,3.320971,3.620752,3.608357,3.098308,3.237679,3.485323
3.345289,2.731206,3.147896,3.272415,3.321540,3.474559,3.871090,4.087867,3.087293,3.907755,3.473448
3.408384,3.552974,3.149797,2.788058,2.892924,3.220849,3.708429,3.152146,3.678188,3.446192,3.238986
3.317488,3.591809,3.177280,3.411545,3.010004,3.860540,3.590998,3.246770,3.103615,3.566414,2.666308
3.667590,3.079891,2.432524,3.419107,2.904226,3.373496,3.885566,4.327861,3.474257,4.062940,3.608901
3.557041,3.000353,2.203118,2.887198,2.423993,3.116991,3.837735,2.963737,3.044256,2.701333,3.121780
2.734363,3.125766,3.214088,2.992532,2.863826,3.362439,2.807745,3.139020,3.205115,3.591639,2.823565
2.865398,3.548869,2.898872,3.266918,3.128275,2.797699,2.042521,3.696866,3.059399,3.261094,2.384486
3.669913,3.469657,2.688245,3.381383,2.642903,2.861476,2.684121,3.207310,3.110626,3.456496,2.975988
3.253401,2.868007,3.519149,3.213059,2.506359,3.223952,2.674897,2.470601,2.890294,3.845380,2.530471
2.752336,3.134891,2.696536,2.605732,3.212694,2.930674,2.632509,2.804781,2.923261,2.930264,3.075554
2.805964,2.584505,3.142711,3.195054,2.604025,3.329654,2.633153,2.939308,3.306207,3.672049,2.730467
2.784271,2.291043,2.526324,2.428973,3.106011,3.041891,2.637734,2.735898,2.678677,3.731696,3.287392
2.743882,3.191741,3.150316,2.868851,3.701835,2.920166,2.584415,2.564589,2.957045,3.363603,2.399845
3.185711,2.526720,2.884576,3.041104,2.834485,2.303633,2.674632,2.656140,2.972339,3.548446,2.261341
2.984557,3.234816,2.769683,3.324845,3.394799,2.803601,2.229331,2.554958,2.336213,3.232208,2.761911
2.601947,3.272533,2.872843,3.016354,2.503394,2.652362,2.370599,2.370341,2.540598,2.569951,3.025818
2.309689,3.281405,2.907243,2.974724,2.755926,2.685587,2.387315,3.042135,2.291588,3.479238,2.673649
2.398394,3.492281,2.791457,2.405169,3.117568,2.234090,2.150467,3.282704,2.953892,2.487084,3.127695
2.263481,3.253152,2.880848,2.631240,2.829814,2.450257,2.313360,2.888098,2.373851,2.856775,2.566281
2.757101,3.343711,2.860150,2.064052,3.172341,2.189857,2.715995,2.716418,2.945023,2.834026,2.309181
2.411883,2.355186,2.454808,2.600694,2.986984,2.387451,2.614307,2.582382,2.789060,2.833275,2.453432
2.301877,2.482664,2.777406,3.011828,2.516770,2.575595,2.205212,2.504723,2.208400,2.828339,2.684494
2.936405,2.476847,2.941567,2.208380,2.910295,2.364628,1.711752,2.806286,2.662867,2.551929,2.771064
2.866928,2.141246,2.334720,2.852894,2.752211,2.393407,2.733971,2.647463,2.435955,2.165635,2.508289
3.061627,2.218666,2.554857,2.774013,3.069305,2.817652,2.672833,2.705672,2.579419,1.874010,2.648307
2.804541,2.493730,2.089759,2.946528,2.965316,2.427230,2.546964,2.640977,2.955659,2.621152,2.669772
2.733497,2.157368,2.342422,2.707587,2.497884,2.444808,2.712841,2.277714,3.549160,2.652396,2.495682
2.596760,2.339579,2.859247,2.810583,2.067017,2.430619,3.261539,2.765670,2.394831,2.426580,2.369113
2.386821,1.889442,3.229199,2.990856,2.499455,2.376560,2.616970,2.884178,3.067580,2.510308,2.454595
2.022374,2.215191,2.821175,2.824577,2.294706,2.305360,3.174198,2.311007,2.488061,3.033302,2.051685
2.191766,2.162651,1.893297,2.382707,1.861302,2.668546,2.832266,2.238356,2.910907,2.394203,2.081890
2.296530,2.280288,2.026791,2.298779,2.194710,2.378672,2.249171,1.978562,2.365904,2.377621,2.685305
2.605126,2.745748,2.241842,2.763217,1.979375,2.034688,1.976885,1.810874,3.059642,2.547676,2.243631
2.125113,2.271117,2.091851,2.669725,2.023756,1.844422,1.959470,2.559487,2.594108,2.504972,2.468428
2.316847,2.076439,2.254712,2.793546,2.036692,2.182471,2.050532,2.555749,2.085840,2.763344,2.038472
1.989522,2.620660,2.380739,2.387171,1.870051,2.353997,2.369711,2.335516,1.931479,2.364978,1.688983
2.437535,2.659594,2.296572,2.194732,2.234957,2.521360,1.996589,2.159268,2.059255,2.387117,2.068290
2.411105,2.490729,2.405891,2.517291,1.932167,2.134156,1.936943,2.457163,2.179856,2.117989,1.555057
1.995566,1.893190,2.035943,2.723351,2.260887,2.130662,1.934468,2.556926,2.403552,2.190788,1.974678
1.823103,2.480588,1.832391,2.046750,2.058434,2.293011,1.804914,1.986559,2.195755,2.235400,2.263425
1.976784,2.403098,1.986135,2.158157,2.317788,2.315933,1.728016,2.210518,1.782153,2.212836,1.929084
1.818386,2.409737,1.674301,1.725738,2.475833,2.448096,1.933884,1.943206,1.834271,2.295049,2.201074
2.171668,2.450684,2.190291,2.130489,1.907451,2.311443,1.621186,2.285152,2.060886,2.389611,1.968818
1.994310,2.174495,1.643532,1.931570,2.010416,2.080630,2.251539,2.054213,1.906254,2.350013,1.828435
2.002300,1.884279,1.812181,1.983769,2.563504,1.944800,1.950810,1.986501,2.081929,2.208916,1.949254
1.512151,2.011747,1.771422,1.718350,2.445187,1.665811,2.219227,2.042932,1.836122,2.114139,1.692331
1.963646,2.074473,1.700588,1.397882,1.931399,1.848404,2.601847,1.906948,2.024132,1.879890,2.092109
1.679716,1.936751,1.885119,1.826145,1.741761,1.857976,1.892495,2.031995,2.365750,2.029956,2.002655
2.392111,2.157798,1.779211,2.099045,1.372051,1.849536,2.311199,2.045976,1.762010,1.673090,1.721259
1.976764,1.726563,2.251168,1.799976,1.567700,1.582517,1.828674,1.502860,1.921194,1.674798,1.828141
1.582731,1.879087,2.002613,1.348030,2.268257,1.934921,2.012702,1.806487,2.019670,1.783894,1.689770
1.399418,1.933417,2.132944,1.551294,1.996335,1.609982,1.510659,2.147324,1.842422,1.767336,1.397700
1.684297,1.938207,1.863011,1.844401,1.625106,1.623957,1.602219,2.294575,1.601983,2.039516,1.426895
1.961062,1.862071,1.909002,1.689154,2.085554,2.233036,1.576749,1.546539,1.742361,1.698804,1.439168
1.669320,1.739342,1.655482,1.632125,1.975606,1.648678,2.035863,1.752151,1.828547,1.944609,1.494720
1.613671,1.589185,1.716539,1.590683,2.064041,1.498385,1.776856,1.401393,1.920322,1.961890,1.554430
1.843520,1.326602,1.814728,1.811682,1.820892,1.610493,1.622073,1.436689,1.485896,2.005833,1.457859
1.507647,1.328212,1.404455,1.506390,1.648231,1.514418,1.841889,1.742076,1.442372,1.409334,1.546391
1.662614,1.833839,1.582480,1.513584,1.427949,1.478130,1.541056,1.695253,1.720221,1.834139,1.831890
1.588309,1.801779,1.347564,1.989021,1.766551,1.313341,1.324529,1.886601,1.757759,1.857816,1.321907
1.403092,1.825442,2.017161,1.461876,1.845269,1.372546,1.589910,1.951989,1.696441,1.952537,1.327728
1.551468,1.657282,1.347978,1.763435,1.357795,1.541855,1.199599,1.554911,1.942591,1.559364,1.579795
1.429011,2.070148,1.611892,1.671495,1.677219,1.417201,1.273124,1.578306,1.659600,1.741285,1.204571
1.879159,1.730698,1.466659,1.625498,1.552029,1.176820,1.453966,1.578350,1.472819,1.744863,0.959025
2.049879,1.605496,1.651428,1.633289,1.448795,1.261942,1.417726,1.619040,1.416261,1.893490,1.157245
1.477274,1.526345,1.252592,1.329579,1.168729,1.235845,1.347169,1.477201,1.500804,1.464795,1.438488
1.685617,1.377890,1.136896,1.455068,1.326205,1.378471,1.410545,1.350326,1.167359,1.432943,1.400544
1.489823,1.125227,1.032648,1.724454,1.190637,1.338251,1.772020,1.319712,1.503383,1.091213,1.574206
1.478250,1.198352,1.359130,1.246033,0.992840,1.092731,1.394018,1.234270,1.422718,1.344197,1.287554
1.599603,1.199511,1.476722,1.338883,1.139061,1.018308,1.382121,1.138471,1.447681,1.545571,1.246394
1.643922,1.174674,1.173568,1.284601,1.179924,1.462990,1.512159,1.216772,1.433142,1.182859,1.403418
1.353198,1.309904,1.112517,1.397057,1.065278,1.480511,1.543053,1.233270,1.450130,1.379634,1.116229
1.408050,1.531177,1.246581,1.540461,1.051216,1.433254,1.272576,1.105607,1.384190,1.142170,1.331567
1.046685,1.156131,1.084333,1.224234,1.098330,1.366268,1.291148,0.982432,1.281892,1.290899,1.662890
1.327577,1.094016,1.228720,1.000318,1.061745,1.235594,1.093607,1.323204,1.269731,1.172596,1.497679
1.220228,1.250021,1.203193,0.879109,1.232592,0.911362,1.162250,1.504774,0.967505,1.271022,1.014351
1.160691,1.045955,0.943697,1.258635,1.292560,0.746923,0.977251,1.176342,1.237986,1.061912,1.117058
1.406303,1.008234,1.050694,0.909530,1.068118,0.781135,1.214886,1.115148,1.079235,1.044339,1.330856
1.038065,0.970196,0.879156,0.924731,1.102482,1.218354,1.099957,0.950056,1.160050,1.136564,1.628354
0.958536,1.102967,1.124247,0.828057,1.222721,1.023443,1.139078,0.819487,1.107153,0.839809,1.629823
0.757973,1.254895,1.023073,1.062055,1.014774,0.979103,1.178640,1.063821,1.161967,1.202939,1.201429
1.080654,1.104982,1.045050,1.489057,0.819884,1.196548,0.985491,1.071563,1.196435,1.308277,1.087106
1.048201,1.213539,0.775920,1.249624,0.947015,0.896182,1.041929,1.290449,0.974708,1.109828,1.067089
1.362425,1.056928,1.001728,1.034417,1.053315,1.043404,1.167359,0.840102,1.188384,1.302454,0.933749
1.271448,0.988952,1.061465,0.872947,0.800408,1.226526,0.913070,1.096331,1.004173,1.194733,1.073542
0.949933,0.826408,1.238932,1.117864,0.723178,1.005314,0.913519,0.856989,0.986578,1.315248,0.895125
0.811592,0.841516,1.051725,0.978554,0.992342,1.160021,0.978937,0.859367,0.950661,1.041382,1.278527
0.961663,0.943284,0.983221,0.828591,0.632167,1.149918,0.939683,0.800289,1.116181,0.873548,1.356601
0.966162,1.007734,0.973962,0.698606,0.728709,0.756006,0.725903,0.928128,1.044410,1.117865,1.331724
0.839510,0.835582,0.877713,1.066155,0.843288,0.901980,0.935091,0.722946,1.033109,0.995134,1.117615
0.866087,0.920045,0.854948,1.000660,0.752550,0.880523,0.931205,0.922819,0.920504,0.880292,0.924263
0.893606,0.810588,0.876894,0.899286,0.872613,1.013390,1.137959,0.857906,0.943986,0.827858,0.628275
0.674679,0.720416,0.799031,0.762927,0.649241,0.950278,0.913470,0.663786,0.604705,1.031621,0.695074
0.811145,0.766809,1.032280,0.822204,0.720695,0.832464,0.784370,0.955470,1.130451,0.821403,0.632838
0.915232,0.758045,0.741475,0.886764,0.744008,0.883267,0.903480,0.836086,1.072093,0.783548,0.607890
0.918451,0.854132,0.740610,0.993826,0.871532,0.869039,0.766080,0.902280,1.179599,0.766289,0.606996
1.074057,0.800428,0.809623,0.808389,0.746143,1.074902,0.881041,0.863323,1.113601,0.824751,0.683851
0.813639,0.822535,0.823089,0.667095,0.792977,0.976540,0.721081,0.763251,0.957928,0.806742,0.709033
0.846553,0.877762,0.721828,0.637074,0.758952,1.191761,0.978748,0.723281,0.793719,0.665120,0.815371
0.731556,0.793312,0.821642,0.683346,0.775057,0.981387,0.680426,0.660993,0.647138,0.551577,0.702483
0.736201,0.527558,0.666409,0.750151,0.788526,0.682960,0.684203,0.634418,0.641701,0.768705,0.609398
0.783141,0.601904,0.775280,0.760148,0.868706,0.743112,0.660906,0.668372,0.710230,0.663854,0.781019
0.866417,0.884588,0.768640,0.612767,0.932671,0.544820,0.625441,0.663686,0.614757,0.852093,0.919247
0.741625,0.762371,0.797753,0.638196,0.783412,0.604119,0.717256,0.700289,0.698615,0.761886,0.857858
0.705738,0.675166,0.569567,0.572938,0.712704,0.509040,0.661196,0.744245,0.630028,0.751156,0.629261
0.733246,0.665837,0.506873,0.552192,0.731191,0.618147,0.582241,0.699081,0.549574,0.572781,0.798807
0.647565,0.557013,0.518689,0.701559,0.684693,0.511654,0.456041,0.579905,0.613865,0.588503,0.765838
0.599434,0.720941,0.455244,0.460083,0.716394,0.587234,0.664911,0.540673,0.643867,0.572239,0.691666
0.731773,0.653132,0.660460,0.585257,0.594580,0.604836,0.685860,0.601704,0.567530,0.555662,0.625806
0.681855,0.602274,0.622369,0.561031,0.759035,0.599525,0.571079,0.590723,0.668039,0.608140,0.579801
0.769786,0.624897,0.651766,0.723799,0.642984,0.607008,0.617375,0.678697,0.511657,0.605492,0.569432
0.473195,0.515611,0.678271,0.696396,0.609821,0.546606,0.568757,0.796066,0.445528,0.514017,0.547275
0.552043,0.698738,0.729313,0.637660,0.612839,0.709260,0.506413,0.667432,0.507790,0.687392,0.474811
0.541236,0.566945,0.641694,0.734405,0.533829,0.488895,0.700175,0.546800,0.511880,0.674054,0.625594
0.590548,0.546044,0.687061,0.615923,0.605498,0.612456,0.505269,0.474165,0.581136,0.616069,0.551914
0.474042,0.465975,0.578303,0.714260,0.547026,0.594000,0.599365,0.668025,0.439560,0.603541,0.420502
0.554138,0.558062,0.545734,0.615143,0.534079,0.596799,0.495133,0.681166,0.523653,0.629220,0.579460
0.641840,0.623212,0.510105,0.656721,0.482857,0.575120,0.481307,0.700380,0.537159,0.496336,0.501812
0.633705,0.593858,0.459018,0.582837,0.511989,0.565310,0.503264,0.647179,0.445799,0.436081,0.459449
0.550901,0.542303,0.411700,0.482404,0.585164,0.619574,0.501760,0.560290,0.512985,0.414083,0.475593
0.629030,0.686013,0.396859,0.651903,0.551086,0.465275,0.631519,0.444152,0.429327,0.461105,0.394661
0.522295,0.581665,0.612338,0.723689,0.471773,0.594411,0.550651,0.478083,0.419453,0.368982,0.399976
0.417705,0.522546,0.615229,0.628392,0.511114,0.708984,0.555570,0.453471,0.525494,0.424571,0.449479
0.541810,0.475360,0.487374,0.506303,0.468680,0.560216,0.478819,0.609443,0.439648,0.463554,0.471864
0.431034,0.482075,0.489798,0.588891,0.502368,0.537064,0.525622,0.601847,0.470901,0.539900,0.437193
0.494200,0.401076,0.313996,0.562208,0.380677,0.553352,0.587661,0.492519,0.389358,0.477173,0.519900
0.492176,0.340527,0.319631,0.493981,0.409470,0.551540,0.449762,0.530861,0.321328,0.451135,0.455403
0.426204,0.425330,0.367460,0.559765,0.464778,0.372299,0.602709,0.583571,0.557403,0.512271,0.434446
0.456468,0.507955,0.360281,0.498039,0.466235,0.415027,0.505678,0.626464,0.433961,0.467572,0.490922
0.451725,0.434762,0.606975,0.435814,0.395340,0.531235,0.577532,0.472545,0.450175,0.402396,0.376342
0.408602,0.467078,0.576682,0.502817,0.424179,0.421304,0.571577,0.376486,0.451004,0.543342,0.312291
0.355786,0.480042,0.430490,0.498797,0.535155,0.502249,0.524147,0.398173,0.491124,0.473297,0.259503
0.395668,0.450436,0.371376,0.453586,0.543158,0.438770,0.571220,0.369338,0.398984,0.485888,0.472051
0.424295,0.478209,0.343272,0.542714,0.419808,0.458554,0.458662,0.382511,0.364511,0.589658,0.498153
0.474940,0.416939,0.422167,0.373425,0.395882,0.369219,0.383698,0.465916,0.397437,0.488607,0.450588
0.405156,0.382414,0.330624,0.410001,0.435754,0.492676,0.428010,0.400967,0.520160,0.420038,0.499006
0.446855,0.374377,0.407107,0.359633,0.350111,0.415626,0.461334,0.393438,0.430504,0.481259,0.499348
0.456979,0.433253,0.483057,0.393032,0.283718,0.556552,0.532849,0.331326,0.512655,0.417608,0.459148
0.474000,0.336150,0.456457,0.429520,0.412286,0.497957,0.461075,0.323029,0.434521,0.371598,0.534176
0.440374,0.455227,0.521323,0.483895,0.381179,0.396498,0.584377,0.422959,0.434195,0.408258,0.551804
0.439411,0.486918,0.384448,0.419606,0.480064,0.474760,0.433360,0.369533,0.521612,0.493617,0.385448
0.391837,0.459856,0.495052,0.347150,0.466103,0.483379,0.556552,0.438734,0.481823,0.427516,0.471946
0.546923,0.584489,0.461892,0.425653,0.358164,0.289658,0.402793,0.365852,0.560330,0.370245,0.353640
0.543905,0.633837,0.498264,0.436135,0.445753,0.386361,0.398384,0.410635,0.518213,0.495640,0.399574
0.415937,0.469342,0.446823,0.467235,0.358667,0.377722,0.276231,0.571392,0.487504,0.448058,0.342228
0.424288,0.501311,0.493755,0.302418,0.338721,0.337905,0.434144,0.433014,0.538005,0.434957,0.475885
0.385495,0.418992,0.471114,0.396911,0.321616,0.405233,0.427608,0.458863,0.549020,0.339627,0.396450
0.515736,0.416535,0.450754,0.373237,0.410712,0.375158,0.508736,0.452402,0.541710,0.387169,0.352561
0.481655,0.408519,0.390562,0.383643,0.415078,0.357405,0.476542,0.410903,0.482381,0.499754,0.329380
0.466821,0.416754,0.527842,0.502770,0.461992,0.445084,0.357844,0.510172,0.507860,0.552320,0.346506
0.508482,0.420310,0.398117,0.355770,0.448212,0.477421,0.456483,0.481474,0.496500,0.378431,0.406237
0.403010,0.463616,0.520345,0.367576,0.488303,0.390817,0.431250,0.490413,0.441852,0.356176,0.414172
0.359351,0.418070,0.433302,0.490907,0.539107,0.328918,0.430834,0.605519,0.520454,0.360445,0.429736
0.471760,0.483880,0.592448,0.433419,0.579355,0.457067,0.485297,0.437567,0.315067,0.419760,0.453336
0.412131,0.370896,0.558526,0.444312,0.556212,0.528686,0.510353,0.503213,0.472060,0.411559,0.452664
0.502121,0.476697,0.462994,0.487713,0.487844,0.561574,0.507448,0.446996,0.390550,0.471778,0.419177
0.458251,0.424148,0.494380,0.564994,0.559072,0.434505,0.560445,0.391858,0.393718,0.330090,0.456119
0.590835,0.353766,0.415806,0.450270,0.348590,0.378457,0.620486,0.525930,0.412118,0.411458,0.433263
0.423331,0.370545,0.498299,0.530275,0.484170,0.457669,0.606552,0.562179,0.366588,0.504711,0.460877
0.443808,0.431539,0.526576,0.486112,0.491364,0.332576,0.507235,0.423839,0.329974,0.467043,0.450259
0.520372,0.525224,0.565102,0.538443,0.497664,0.421144,0.346764,0.461572,0.364349,0.430049,0.512268
0.497420,0.358108,0.747581,0.558417,0.567073,0.448741,0.456694,0.428753,0.473338,0.506468,0.451801
0.506721,0.504663,0.663637,0.504594,0.520257,0.431427,0.484097,0.532633,0.476793,0.540044,0.527828
0.407826,0.558994,0.503957,0.396890,0.428774,0.590534,0.415892,0.580637,0.416006,0.575515,0.440193
0.369230,0.464084,0.546038,0.402140,0.484754,0.444372,0.437529,0.488168,0.377036,0.582748,0.582211
0.447254,0.558709,0.504505,0.340130,0.608818,0.618119,0.476690,0.564644,0.544537,0.552155,0.637260
0.533878,0.620628,0.431863,0.517053,0.583648,0.469634,0.543987,0.503182,0.497126,0.601073,0.503279
0.537329,0.651649,0.453983,0.586573,0.692789,0.560602,0.431286,0.487287,0.626427,0.564511,0.564385
0.661030,0.517396,0.445932,0.440968,0.528317,0.540926,0.542559,0.449227,0.625646,0.485821,0.528352
0.603645,0.602442,0.700854,0.468332,0.546164,0.604679,0.333985,0.582742,0.537827,0.588573,0.372090
0.598311,0.464802,0.536931,0.515748,0.467422,0.602133,0.396175,0.636903,0.597865,0.585917,0.550379
0.706665,0.448850,0.507980,0.455815,0.583030,0.681505,0.426068,0.563950,0.547727,0.442109,0.474900
0.704717,0.437905,0.564222,0.515627,0.600280,0.552367,0.406600,0.521930,0.506517,0.635694,0.485197
0.753694,0.558485,0.503892,0.444150,0.659426,0.545549,0.488768,0.654610,0.726084,0.600773,0.467466
0.491601,0.604515,0.663687,0.356435,0.633798,0.503983,0.535799,0.563008,0.553734,0.595802,0.600459
0.467957,0.499449,0.429472,0.527528,0.469219,0.454962,0.717529,0.614893,0.502171,0.630187,0.727826
0.599894,0.596882,0.713258,0.538351,0.546274,0.725203,0.723856,0.566947,0.599161,0.633406,0.630188
0.488069,0.512504,0.546402,0.546995,0.451835,0.600280,0.643519,0.486604,0.535032,0.555534,0.660226
0.486400,0.506556,0.466529,0.524927,0.510638,0.473530,0.683464,0.373140,0.542945,0.639955,0.506492
0.470623,0.656320,0.585676,0.422956,0.382349,0.511212,0.560103,0.547972,0.599654,0.654030,0.496795
0.418078,0.687441,0.626992,0.430138,0.524877,0.487956,0.534968,0.641151,0.660717,0.742276,0.375652
0.474570,0.729614,0.568267,0.619858,0.630476,0.537678,0.624043,0.644560,0.574476,0.647140,0.465069
0.617314,0.601802,0.697732,0.767783,0.479267,0.474554,0.582106,0.572817,0.472952,0.559623,0.373926
0.531314,0.444932,0.593362,0.565434,0.396922,0.669112,0.637364,0.535227,0.604867,0.667737,0.471592
0.629375,0.615870,0.612479,0.629000,0.489417,0.559777,0.751212,0.450471,0.715299,0.720169,0.528197
0.918848,0.610795,0.586780,0.486337,0.541647,0.522735,0.564031,0.452240,0.711428,0.612355,0.517140
0.881805,0.595108,0.728589,0.568836,0.563495,0.721694,0.676721,0.498215,0.608996,0.681370,0.465325
0.610570,0.672760,0.861789,0.800616,0.532950,0.640710,0.590835,0.532853,0.654497,0.771197,0.692604
0.574828,0.756355,0.613364,0.492331,0.596662,0.580354,0.605439,0.593233,0.604296,0.733775,0.564578
0.679854,0.754190,0.655937,0.727974,0.678036,0.663304,0.673801,0.732487,0.677087,0.767071,0.715065
0.624918,0.865671,0.724189,0.644778,0.855100,0.750584,0.755106,0.695577,0.708004,0.818408,0.787853
0.684034,0.828552,0.567734,0.675953,0.848732,0.677253,0.562994,0.760767,0.760501,0.802600,0.802526
0.848973,0.788428,0.646237,0.688423,0.732927,0.654156,0.523957,0.915096,0.818418,0.803943,0.476240
0.792608,0.634140,0.874200,0.631215,1.059252,0.722071,0.543264,0.521251,0.739909,0.906959,0.580825
0.973089,0.754923,0.690138,0.618593,1.223894,0.890892,0.932661,0.852074,0.874435,0.695542,0.622039
0.793555,0.902750,0.710205,0.692752,0.887535,0.729268,0.702268,0.823867,0.870637,0.615592,0.872956
0.669585,0.801634,0.873048,0.475270,0.915641,0.839858,0.726276,1.000978,0.786876,0.665488,0.840394
0.638498,0.784291,0.671336,0.902397,0.721314,0.916965,0.624873,0.690237,0.809342,0.580485,0.928947
0.726933,0.805969,0.719472,0.587630,0.603926,0.735759,0.813530,0.733380,0.562203,0.589482,0.772479
0.964771,0.935103,0.810320,0.735813,0.567172,0.889396,0.680498,0.763731,0.644053,0.843551,1.072587
0.750562,0.791724,0.717172,0.800607,0.813117,0.840558,0.830389,0.699003,0.702844,0.873974,0.890718
0.894700,0.595546,0.809844,1.012835,0.890671,0.947244,0.836897,0.658373,0.782568,0.944712,0.938817
0.974582,0.846766,0.762052,0.843284,0.958776,0.920594,0.975326,0.882873,1.013374,0.881868,0.986110
0.967182,0.675738,0.657415,0.966458,1.038114,0.826013,1.123690,0.705094,1.148821,1.072874,0.958502
0.996510,0.746470,0.746888,0.780479,0.839368,0.874797,0.849022,1.001662,1.068156,1.059239,0.864689
1.324514,0.709349,0.866753,0.916878,0.998304,1.079244,0.887721,1.097935,0.935941,0.949785,0.828926
0.802225,1.092342,1.058641,0.742446,1.085288,1.008114,1.109340,0.798922,1.029142,0.936900,1.057210
1.107983,1.156217,0.981403,0.691486,1.132571,0.892771,1.014240,1.103871,0.849848,0.918334,1.231328
0.983878,1.105990,1.040267,0.896022,1.102387,1.083309,1.038594,0.902570,0.805607,1.198141,1.039643
0.753572,0.860509,1.046233,0.684648,0.820710,0.939301,0.964666,1.199221,1.067268,1.085684,1.269312
1.028628,0.835316,0.928405,0.787729,0.806712,0.833990,0.846018,1.215683,0.842528,0.995308,1.039046
0.980472,1.287984,1.308002,1.122881,1.010205,1.098273,0.991576,1.123510,0.985030,0.848578,1.083029
1.227061,0.906555,1.073905,1.205874,0.882093,0.968683,1.068222,1.434031,0.864045,1.187193,0.948929
0.972935,1.226101,0.954297,1.063564,0.913439,0.807271,0.839461,1.233354,1.123067,0.917029,1.074138
1.184113,1.077640,1.300749,0.902096,1.229524,0.997301,1.242840,1.121458,1.001540,1.169247,1.104515
1.250675,1.329516,0.913336,1.140773,1.264270,1.122857,1.117205,0.898101,1.329687,1.216461,1.446391
1.112002,1.512916,1.042646,1.158828,1.354459,0.907981,1.266559,0.893503,1.070246,1.101095,1.177320
1.045663,1.085552,1.200954,1.108228,1.048426,0.928376,1.263578,0.856501,1.304229,1.316921,1.288755
1.183588,0.947069,1.317475,1.247472,0.911588,1.172772,1.138588,1.029627,1.262886,1.239534,1.400107
1.022857,1.245735,1.472939,1.297163,0.989177,1.021671,1.175574,1.204316,1.136907,1.414827,1.264508
0.869590,1.173530,1.441466,1.164630,1.237980,1.474757,1.424241,0.817171,1.243761,1.277620,1.547541
0.967785,0.927360,1.746045,1.343275,0.997317,1.474129,1.210136,1.223689,1.431722,1.361026,1.231010
1.103416,0.995017,1.546880,1.145434,1.084476,1.334913,1.402305,1.373954,1.195251,1.638367,1.201953
1.125305,1.092335,1.320921,1.202235,1.220873,1.196286,1.486769,1.278813,1.216949,1.502408,1.373057
0.986027,0.890415,1.321824,1.196237,1.508088,1.190851,1.440416,1.138287,1.586719,1.418786,1.197023
1.384713,1.411138,1.340476,1.022268,0.940652,1.292080,1.575816,1.347577,1.413640,1.361198,1.294895
1.371063,1.267140,1.098693,1.126269,1.097591,1.034934,1.426811,1.448768,1.487569,1.368782,1.339525
1.249919,1.449947,1.230511,1.308116,1.454592,1.367700,1.410210,1.445468,1.496013,1.375051,1.329424
1.140454,1.296498,1.499135,1.244726,1.343495,1.506231,1.137352,1.185598,1.382644,1.280661,1.109232
1.371594,1.414923,1.246902,1.327941,1.069883,1.373810,1.368176,1.273323,1.482728,1.433164,1.448364
1.529222,1.285902,1.128897,1.886105,1.404680,1.474185,1.253611,1.727523,1.672822,1.518965,1.626308
1.566309,1.520098,1.369113,1.672393,1.289263,1.542947,1.513489,1.563393,1.151748,1.129250,1.227229
1.602029,1.114026,1.672830,1.783144,1.195861,1.684992,1.302842,1.483029,1.067364,1.487086,1.564297
1.798275,1.431963,1.444011,1.048161,1.456755,1.478592,1.136365,1.926348,1.329372,1.406339,1.563654
1.887690,1.395453,1.557403,0.996751,1.363626,1.909304,1.136238,1.933389,1.604615,1.385935,1.573901
1.723519,1.309335,1.221184,1.586613,1.313150,1.575824,1.371979,1.852217,1.378095,1.425337,2.099688
1.935814,1.424898,1.475466,1.628733,1.599401,1.388351,1.552309,1.595185,1.761353,1.511471,1.454403
1.882544,1.243456,1.255671,1.930995,1.690398,1.272965,1.647116,1.429340,2.125445,1.434294,1.932729
1.722808,1.389099,1.288341,1.683727,1.759395,1.103262,1.812359,1.846231,1.600284,1.828525,1.789762
1.565716,1.600968,1.130236,1.894902,1.718525,1.479960,1.396507,1.840623,1.937514,1.641855,1.799864
1.636797,1.512104,1.285636,1.882360,2.017765,1.447756,1.602162,1.509703,2.188762,1.772261,1.769262
1.811550,1.682300,1.536298,1.890919,1.880896,1.603649,1.814003,1.797584,2.131215,1.552656,2.198248
1.807753,1.955900,1.201111,1.803516,1.877300,1.687337,1.688309,1.813341,1.966291,1.642023,2.175763
1.724976,1.513481,1.194849,1.821038,1.682077,1.906275,1.662337,1.908324,1.571108,1.695554,2.143416
1.663443,2.203094,1.124630,1.575847,1.479066,1.905551,1.515776,1.634447,1.532733,1.963026,1.889123
2.200006,1.537043,1.391368,1.701452,2.114985,2.017249,1.689338,1.692489,1.838545,1.986272,2.072277
2.075236,2.335993,1.650611,1.608918,1.718286,1.928893,1.945162,1.751656,1.767158,1.751256,1.869186
2.227517,2.302904,1.694042,1.382107,2.055058,1.618699,2.179356,1.859854,1.734986,2.342167,1.932616
2.115777,2.018359,1.894480,1.492410,1.722576,1.562850,1.789136,1.514645,2.037008,2.073000,1.700140
1.837933,2.283690,1.502584,1.440657,1.914872,1.805718,1.595094,1.574732,2.325205,2.263335,2.108959
1.797246,2.475019,1.226516,1.621009,2.033051,2.006336,1.930684,1.923923,2.262205,2.100236,2.011409
2.248717,2.215682,1.548409,1.674852,1.931831,2.137349,1.625395,1.588704,1.892488,2.078584,1.468119
2.039244,1.819008,2.193822,2.090598,1.782244,1.845911,2.583357,1.715552,2.395934,2.031853,1.820992
1.878575,1.879994,1.909505,2.111193,2.449851,1.588140,2.953742,1.955594,2.145557,1.754156,1.911226
1.949168,1.877457,2.036440,2.516690,1.941322,2.119913,2.893917,2.104573,1.791708,1.691449,1.943134
1.816408,1.736669,1.856148,2.466341,2.212304,2.701890,2.222834,1.932519,2.157350,1.791537,2.049175
2.019671,1.662238,2.160198,2.003706,2.251215,2.740422,1.905927,1.968035,2.640557,2.147460,2.012910
2.110791,1.971701,1.927870,2.533722,2.288369,2.081715,2.412515,1.633640,2.276903,2.152096,1.957776
2.202960,2.027757,2.866141,2.349376,1.728033,2.102737,2.047408,2.022047,2.309465,2.036938,2.236193
2.090880,1.916936,2.767516,2.657604,1.968687,2.377896,2.070409,1.874506,2.127221,2.214757,2.220551
2.407646,2.070326,2.230002,2.370227,2.121143,2.414397,2.347601,2.220472,2.172117,1.907035,2.328523
2.706178,1.778799,2.641455,2.697253,2.598089,2.445218,2.030933,1.667216,2.709564,1.810032,2.134142
2.096952,1.921773,2.507883,2.423171,2.037007,2.339605,2.000916,2.500406,2.037420,2.281180,1.741402
2.644796,2.190775,2.413723,1.954212,1.842338,2.584519,2.854159,1.985384,2.245371,2.621099,1.970577
2.837530,2.502117,2.363575,1.972982,2.059068,2.727943,2.526316,2.046658,1.786437,2.291057,2.607788
2.506203,2.184144,2.335049,2.361508,2.523729,2.885775,2.349310,2.143065,2.659410,2.464600,2.652691
2.889379,2.258677,2.292227,2.758612,2.225869,2.708089,2.307078,2.166156,2.404819,1.845841,2.785118
2.596355,1.969450,2.757720,2.324086,2.466193,2.620153,2.692509,2.684586,1.874473,2.284676,2.195537
2.394460,2.147580,2.797018,2.848208,2.724767,2.483646,2.659401,2.756806,1.975831,2.834120,2.218120
1.880252,2.482538,2.662423,2.792639,2.232293,2.599935,2.339136,2.194231,2.330369,2.909221,2.438780
2.705680,2.313484,2.678254,2.891008,2.139597,2.495649,2.373167,1.998316,2.734615,2.552060,2.317490
2.396633,2.659115,2.147795,2.632730,1.913596,2.697830,2.969167,2.224196,2.585443,2.810397,2.568300
2.248324,2.689815,2.272931,2.665869,2.418049,2.628441,2.308818,2.043405,2.137227,3.598245,2.215524
2.281917,2.453705,2.270360,2.550840,2.281841,2.527351,2.350416,2.758856,1.567900,2.984595,2.036836
2.302095,1.924518,2.672190,2.365809,2.794139,2.357496,1.924544,2.733050,1.990757,3.364532,2.699772
1.890170,2.760039,3.149618,2.796393,2.303224,3.160932,2.581470,2.332644,2.776028,2.980403,3.205411
2.395294,2.201980,2.567766,3.006136,2.325751,2.326530,2.697415,2.055872,3.028290,3.435881,2.206763
2.116682,2.748001,2.327726,3.119288,2.565183,2.900794,2.591156,2.501933,2.415663,2.734748,2.729561
3.138651,2.829863,2.358651,2.853684,3.233865,2.247876,2.703206,2.640806,2.392558,3.279623,2.326974
2.831287,2.995072,3.177224,1.954763,2.480766,2.800545,1.948331,3.059031,2.792842,2.865349,2.717997
2.650062,2.239618,2.948622,2.552500,2.864663,3.128349,2.935516,2.827891,2.611736,2.867588,2.548552
2.986003,1.958854,2.683993,2.357362,2.955754,3.105577,2.888672,2.828487,2.941939,2.923127,2.406451
2.299647,2.886516,2.533243,2.491340,2.561622,2.793422,2.649744,2.183408,2.702502,2.417973,2.739443
3.070767,2.590503,2.799174,2.270022,2.756224,3.540148,2.769514,3.281480,3.076914,2.337778,3.047372
2.691095,2.533159,3.104936,2.205238,2.669068,2.875070,3.086406,3.195489,2.237763,2.630045,3.330585
2.412761,2.740787,3.137790,2.994697,3.206696,2.852544,2.597635,3.089219,2.859521,2.721784,3.187293
3.103307,2.743829,2.447373,2.887204,2.502043,3.149780,2.876608,2.617508,2.582365,3.331380,3.083412
3.302454,2.836023,3.115240,2.654476,2.986690,2.551513,2.554642,2.714177,3.302324,2.529609,3.101687
2.881298,2.988528,2.337247,3.208571,2.462887,3.020543,2.586084,3.026365,2.971298,2.959565,2.564859
2.361318,2.469556,2.238181,2.909609,2.477230,2.817593,2.997967,2.562510,3.390568,3.031404,2.475048
1.854252,2.738541,3.150094,3.358331,3.051021,3.369034,2.874546,2.977373,3.728450,2.413653,3.521796
2.230736,3.251079,2.905183,3.717500,2.993839,2.629476,2.865708,2.424234,3.484827,3.187849,3.170485
2.766346,2.984658,3.148309,3.213647,3.043282,2.708858,3.110236,2.827442,2.597716,3.119641,2.771301
2.920307,3.265573,3.061281,3.338192,2.879103,2.844967,2.849453,2.733619,3.246943,4.418071,3.314580
3.539075,3.385269,2.685954,2.639511,2.620100,3.086160,2.572078,1.949082,3.177450,4.119842,3.145790
3.052498,2.445816,2.578144,2.378060,2.872701,2.605323,3.392045,3.919754,3.390438,3.298966,2.885747
2.998657,2.435644,3.087091,2.532574,3.266307,2.842976,2.815836,3.465052,3.827474,4.139596,3.567368
3.235334,3.204117,3.587927,3.052049,2.646096,2.627239,3.135242,2.932373,2.932200,2.975862,3.610724
3.060463,3.424609,3.474869,3.245543,2.666123,3.109987,3.151853,3.176621,3.492800,3.489871,3.209242
3.451769,3.227281,3.389892,2.880163,2.891447,3.239824,3.808842,3.556599,3.643311,3.531451,3.188719
2.918587,3.134137,2.645964,2.725171,3.121511,3.044577,3.457889,3.873016,2.900161,3.383389,3.593685
3.759807,3.518423,3.453877,3.133378,2.650185,2.664798,3.750322,3.715651,2.985709,3.926650,3.304851
2.901304,3.289009,3.670021,2.687453,2.727806,3.120747,3.168583,3.529877,3.508260,3.098991,3.170912
3.199084,3.661923,3.816980,2.647585,3.389783,3.483220,3.512237,3.482249,3.053173,2.890308,3.440212
2.944456,3.335826,2.622709,2.908825,2.701152,2.738013,2.907652,3.623014,3.551218,2.087017,2.507816
2.950143,3.026948,3.529912,3.017248,3.306326,3.977813,4.220632,3.062841,3.227253,2.825793,3.078456
3.433119,2.578365,3.827523,3.028787,3.429142,3.731076,3.262149,2.985421,3.200021,3.719526,2.968374
3.256070,3.449506,3.160660,3.188565,3.423256,3.306404,3.612533,3.430705,3.382155,3.670546,2.925384
3.684373,3.269752,3.817890,3.216978,3.283723,2.895521,3.142951,3.183163,3.202563,3.425101,2.363704
2.981241,3.384719,3.507903,3.395429,3.010542,3.355049,2.774135,2.898478,3.515373,4.217505,3.867123
3.301333,3.268142,3.665639,3.224437,3.096041,3.019746,2.894341,3.635573,3.654120,4.130253,3.659077
3.349344,3.457489,3.467407,2.747297,3.705679,3.248428,2.949921,4.533902,3.277309,4.307903,3.752624
4.524668,3.861579,3.948466,2.833536,3.278901,3.880612,3.033728,4.011665,2.712531,4.181329,3.390290
3.524403,2.700352,2.942050,3.442955,3.728107,2.705734,3.050855,3.570357,3.473381,2.606517,3.333696
3.297935,3.075322,3.449267,3.106779,3.696267,3.321911,3.400303,3.514291,3.918348,2.658777,3.903710
3.639049,3.564787,3.552483,3.765409,3.484417,3.729987,3.141066,3.016301,3.446653,3.157650,3.496758
3.699853,2.769850,3.317652,3.440040,3.668938,3.086987,3.680444,3.181182,4.033545,3.242319,3.979573
3.045720,3.015873,3.679109,3.288686,3.123316,3.052883,3.641257,2.474189,4.047041,3.520234,3.197875
4.279919,3.613437,3.277113,3.517262,4.116463,2.447496,3.339142,3.348605,3.023865,3.426191,2.609812
3.330051,3.002461,3.648264,2.916793,2.966080,2.622643,3.262295,3.674542,2.710063,3.509693,3.285862
3.574327,3.570955,3.406868,2.836327,3.208475,3.310513,3.216282,3.504849,3.010782,3.978014,2.914846
3.380308,3.814279,2.716550,2.985537,2.733314,2.845695,2.973377,3.111199,3.490081,4.420442,3.857515
3.994765,3.892237,3.266142,2.947714,3.390035,4.156247,3.503473,4.172034,3.019922,4.257489,3.206948
3.178603,3.389925,3.305656,3.079144,3.343629,3.104023,2.961651,3.219562,3.309109,3.489951,3.950797
3.711701,4.362249,3.683328,3.187226,4.125016,4.041931,3.670333,3.374443,2.802976,4.443129,3.897078
3.281408,2.933383,2.897986,3.138919,3.720432,3.708886,4.150824,3.564892,3.584837,3.957183,3.350501
3.197358,3.196902,3.188841,3.270644,4.115969,3.315116,3.173914,3.175704,3.468469,3.600309,3.198964
3.376263,3.669058,3.061010,2.882724,3.552728,3.680937,3.542199,3.407003,3.948455,3.650847,2.780777
3.824910,3.223484,3.956735,3.721060,4.120684,3.007829,3.233964,3.506981,3.869858,3.077277,2.840046
3.726065,3.103080,2.913299,3.876971,2.933648,3.428308,3.524703,3.449831,3.203845,3.832251,3.105578
3.567235,3.137070,3.330135,2.862430,3.482500,3.855605,3.022873,3.384459,4.320007,3.560881,3.675765
3.200020,3.159735,2.769310,3.445580,2.891111,3.730007,3.395802,2.883511,3.136386,3.311468,3.823423
3.286900,3.167055,3.270258,3.476076,3.128516,3.496488,2.731751,3.759664,3.476672,3.284637,3.653301
3.623173,3.344439,3.686175,3.671406,3.264313,3.244306,3.075928,3.505823,3.770127,3.203699,2.919644
3.166726,3.709176,3.480364,3.631351,3.100235,3.833394,3.692109,3.491307,3.307808,3.009983,3.760921
3.641531,3.184070,3.867904,3.232834,3.464514,3.842554,3.445198,2.959572,4.087553,3.074699,3.450716
3.495835,2.966134,3.581835,3.361663,3.646086,3.140444,3.216571,3.594788,3.845706,3.182282,4.150366
4.406953,3.136416,3.240921,3.058202,3.803485,3.604682,2.722126,3.436085,3.190294,2.779052,3.868592
3.232115,3.818753,2.547303,3.656350,3.845618,2.898147,2.866717,3.965099,4.330404,3.562148,3.328506
2.837683,3.696573,2.881327,4.092937,3.650375,2.816690,3.393786,3.513854,3.697820,3.130442,3.325154
3.118698,3.543196,2.732494,4.096654,3.660972,3.249834,2.917336,3.499686,3.675054,3.239086,3.779725
3.388087,3.351668,3.265279,3.760426,3.755582,3.384714,3.299160,3.505140,3.102762,2.993782,3.853760
2.663484,4.132889,3.596999,3.524969,3.695468,3.287238,3.856866,2.705486,3.687105,3.529466,3.100346
3.023127,3.336957,3.760980,3.719296,3.104330,3.008437,3.503434,2.911060,3.427312,3.534524,3.773958
3.660663,3.326569,3.671400,4.301281,3.303410,2.560299,3.804493,3.487923,3.882752,3.327006,3.061096
3.385157,3.328578,3.736456,4.059882,3.530678,2.920821,3.342744,3.961857,4.031310,3.122600,3.143128
2.821008,2.578578,3.834823,3.374995,3.381596,3.225566,2.749092,3.482435,3.778525,3.153614,3.219607
3.177655,2.786631,4.000747,2.883633,2.891907,3.401764,3.689010,3.423361,3.278380,4.537044,3.176970
2.728961,2.900898,3.930747,2.967101,2.447185,3.421405,3.189175,3.218727,3.852027,3.285356,3.711867
3.524442,2.873049,3.935198,3.651155,3.500237,3.310253,2.961660,3.864774,3.617136,3.044936,3.070372
3.025345,3.469062,3.967702,3.112460,4.157772,4.095764,3.807900,3.722663,4.165722,3.109393,3.126176
3.128406,3.404129,2.471299,3.025680,3.775109,3.364254,3.433037,3.500949,4.097318,3.150699,3.861398
3.437840,3.450319,2.956310,2.683807,3.815412,3.205148,3.348884,3.131991,3.759494,2.301121,3.260377
3.423219,3.237798,3.505336,3.267140,3.349265,3.494815,3.338239,3.250084,3.680920,2.976505,3.377754
3.232343,3.255869,3.978386,2.860066,3.509487,3.417627,3.660513,3.930793,3.297813,3.940153,2.738778
3.314644,2.990850,3.313199,3.188603,3.918047,3.210228,3.112874,3.470041,3.142017,2.990137,3.936223
3.744360,3.282743,3.353932,3.131617,4.224894,3.369121,2.805212,2.920495,3.445032,2.865116,4.281732
3.033714,3.000341,3.973240,3.086980,3.797928,3.367648,3.400383,2.798952,3.583105,3.161256,3.381767
3.485555,3.461520,4.196006,3.946397,3.180460,2.710794,2.509642,2.881983,3.664945,3.035953,3.181469
3.212860,3.065313,4.079733,2.907857,3.322452,2.824030,2.916918,3.472152,2.462309,3.517049,3.183680
3.211124,3.135974,4.009605,3.631119,3.060722,3.038853,3.053001,3.089841,3.527432,3.423133,3.840094
3.935673,3.256006,3.452418,3.508948,3.133713,2.678342,2.894038,3.091524,2.860625,2.767082,3.397643
3.334817,3.419089,2.772602,2.724221,3.400040,3.367032,3.391254,3.506469,2.597491,3.340964,3.404472
3.091296,3.349228,3.133937,3.419933,3.687208,3.321929,3.180301,3.330541,3.185168,3.281477,3.243930
3.704453,2.829510,2.583637,3.584664,3.506346,4.175731,3.299772,3.274624,2.970529,3.484496,3.188085
3.780743,3.102405,2.332152,2.967969,3.662145,2.885480,3.006575,3.283307,3.197890,2.508745,2.974227
3.029191,2.816709,3.259745,3.109755,3.551285,2.971519,2.709658,2.644801,3.487421,2.798859,2.990613
3.346981,3.083707,2.742926,3.002440,3.268897,3.301187,2.452615,3.267842,2.852223,2.419938,2.517206
3.298070,2.282631,3.331063,2.787443,3.417500,3.707625,3.063925,2.742478,3.064908,3.096644,3.202693
3.286640,2.624608,3.326870,2.658415,2.556803,2.973599,2.757415,2.480446,3.561016,2.773965,3.001415
2.931587,2.546481,3.570094,3.153109,3.269792,2.733370,2.443580,2.760994,2.536629,2.834781,3.164283
2.562780,2.922706,2.864871,2.721928,3.331410,3.189276,2.695986,2.508535,3.069194,2.724962,2.718640
3.426408,2.939769,3.510331,2.644942,2.771035,3.331798,3.574518,2.592268,3.701673,2.647993,2.903242
3.558621,3.216582,3.054988,3.275828,2.424141,2.506723,2.963905,3.200924,2.738778,2.730378,3.322931
3.242266,3.692718,3.248948,3.086426,2.904201,2.618389,3.573976,2.891887,3.311754,3.119791,2.923035
2.869653,2.733274,2.995137,3.087525,2.642354,2.541130,3.587536,3.064416,3.156998,3.540686,2.883495
2.900079,2.550913,3.125698,3.234504,2.681062,2.951373,3.345156,3.398201,3.370729,2.715181,2.476992
2.876800,3.034765,3.248706,3.217743,3.040209,3.477559,3.319499,3.357207,3.136937,2.986748,2.633354
3.053374,3.154235,3.225043,2.874734,3.227280,3.189307,3.081462,2.740099,3.228004,3.106828,2.487479
2.514950,2.858112,3.756410,2.739643,2.806757,3.044410,2.932691,2.737258,2.990743,3.168863,2.547148
3.092326,2.603895,3.447472,2.781389,2.901818,2.053534,2.282749,3.093425,2.961099,2.791346,3.455530
2.854964,3.154000,2.996587,3.055395,2.794465,3.012313,2.792796,3.098237,2.871672,3.473565,2.778780
2.864285,3.427183,2.761237,2.410459,2.782743,2.211283,2.598317,3.081596,3.355374,3.335220,2.717506
2.508568,2.853149,3.390157,2.740557,3.536245,2.249527,2.989999,3.208634,2.980055,2.896760,2.567019
2.578098,2.555080,2.740967,3.082009,2.962960,2.928092,2.956061,2.841591,3.206248,3.059613,2.578286
2.421859,2.616917,3.144482,2.567078,2.515694,3.084070,2.527892,2.941112,2.901125,2.151589,2.745464
2.460592,3.126313,2.805206,2.327541,2.388970,2.409566,2.865906,3.074835,2.949098,2.815985,2.041069
2.740530,2.221908,2.572621,2.942352,2.128855,2.080066,2.518342,3.170726,2.633401,2.692888,2.855045
3.134815,3.147064,2.427452,2.276962,2.377192,1.882155,2.924017,2.852810,2.973122,3.412560,2.527956
2.549637,2.756275,2.332999,2.270769,2.312808,1.878065,2.501594,2.729118,2.880940,2.698555,2.620245
2.516824,2.903657,2.169255,2.097491,2.579362,2.532563,2.301584,2.523966,2.527238,2.722238,2.073241
3.255299,2.833214,2.337858,1.956940,2.945087,2.285322,2.216620,2.595356,2.923546,2.379704,2.217719
2.995425,2.283998,2.248818,2.527425,2.777153,2.130154,2.856425,2.022984,2.893615,2.170044,2.161083
2.453739,2.548614,2.648863,2.543091,2.985020,2.277297,2.781801,2.523293,2.949054,2.421666,2.048621
2.003288,2.911528,2.379579,2.128249,2.400277,1.846146,2.413432,2.693852,2.780489,2.781799,2.446532
2.329244,2.727769,2.592143,2.787843,2.353800,1.857770,2.066862,1.958525,2.329911,2.151280,2.861596
2.015591,2.721346,2.917250,2.870165,2.608639,2.582961,2.447746,2.113337,2.751462,2.392351,2.304773
2.040107,1.842574,2.577874,2.164514,2.290530,2.031659,2.558284,2.371088,2.402206,1.889796,2.532639
1.809740,1.674196,3.151147,2.543080,2.785763,2.028386,1.881878,3.273011,2.058155,2.425671,2.163606
2.034506,2.264156,2.578791,2.080890,2.764125,2.109053,2.159146,2.540874,1.755583,2.762624,2.653287
1.643320,2.436642,2.193595,2.758773,2.012252,2.280148,2.704802,2.585373,2.145755,2.712551,2.296393
1.742026,2.344594,2.978813,2.542035,2.232205,2.389882,2.509273,2.563478,2.375465,1.990915,2.258987
1.907317,2.115765,2.888420,2.133674,1.685026,2.370796,2.497999,2.247565,2.719415,1.991064,1.928489
1.891019,1.771130,1.735064,2.225082,2.474715,2.568959,1.963538,2.466284,2.524042,2.202405,2.127216
1.744699,2.322986,2.115494,2.083378,2.027182,1.952081,1.743667,2.118090,2.799720,2.864342,2.190086
2.112861,2.105710,2.104341,2.290982,2.082896,1.965836,1.972572,2.034714,2.754792,2.193508,2.843971
1.979020,1.907205,2.232325,2.168013,1.816917,2.046631,1.702426,2.212723,2.588559,1.968189,2.382629
1.887998,2.127867,1.907126,2.039815,1.710353,1.857587,1.782389,1.919298,2.023651,2.411555,2.192377
2.216791,2.455401,2.065201,1.885770,1.878176,1.838218,2.287041,2.361946,2.315357,2.113444,1.868594
1.594396,1.744359,1.741024,2.058861,1.960817,1.926683,2.180341,1.476456,1.737510,2.168521,2.195606
1.904445,2.353422,1.801507,2.254951,1.952334,1.980626,1.635995,1.913664,1.986140,1.634477,2.139270
2.178054,2.131519,2.394632,1.886649,2.016073,1.709311,1.813082,2.213417,1.938236,2.014428,2.123567
1.607439,1.934666,2.134504,2.126238,2.147036,1.699061,2.020648,1.901030,1.859228,2.139036,2.149883
1.773301,2.070564,2.254838,1.705764,1.935410,2.297250,2.118675,2.034505,1.993136,2.339208,1.980025
1.930784,2.057870,2.217548,1.878828,2.026780,1.854967,1.777590,2.194783,1.822750,2.092043,2.293470
1.749240,1.965641,2.017990,1.985598,1.854761,1.552248,1.457869,1.745362,2.056847,1.641420,1.866505
1.746507,2.324958,2.168264,2.073429,1.885373,1.582921,1.751806,1.704488,1.634294,1.878520,1.795603
1.452921,1.495803,1.830228,1.770986,1.664310,1.692896,1.916539,1.471885,1.756932,1.949064,1.952286
1.662334,1.798719,2.120603,1.841717,1.759352,1.438589,1.755521,1.764790,2.116205,1.682198,1.412396
1.581083,1.695802,1.802796,1.982324,2.110978,1.645971,1.872191,1.543265,2.040540,1.937694,1.897275
1.913233,1.327503,1.766590,1.895508,1.784063,1.359650,1.617405,1.786284,1.585907,1.787840,1.411267
2.026785,1.542884,1.527701,1.744206,1.472844,1.494024,2.328726,1.793570,1.501609,1.612705,1.796030
2.046632,1.415876,1.694212,1.751301,1.374484,1.030840,1.618951,1.707151,1.691608,2.005816,1.702048
2.204395,1.105130,1.913377,1.592981,1.359001,1.567188,1.927861,1.234415,1.766536,1.456700,1.967565
1.607055,1.299337,1.298823,1.640138,1.441300,1.566392,1.713321,1.755180,1.803497,1.658487,1.606774
1.818683,1.355788,1.777387,1.982624,1.297457,1.442785,1.469828,1.972110,1.662093,1.621078,1.545342
1.663248,1.168230,1.543528,1.813620,1.630961,1.872435,1.392017,1.668578,1.537395,1.314688,1.455970
1.704459,1.082863,1.609105,1.474919,1.419567,1.583599,1.604004,1.526165,1.524229,1.199651,1.416492
1.471827,1.527188,1.603455,1.622155,1.342712,1.532975,1.499569,1.506169,1.429384,1.159750,1.587545
1.252915,1.169879,1.353917,1.673067,1.427934,1.512136,1.338445,1.326051,1.627176,1.500650,1.551863
1.340717,1.280093,1.482775,1.477746,1.590719,1.702703,1.405037,1.534143,1.603984,1.661696,1.132431
1.338379,1.376361,1.443062,1.346055,1.532678,1.586999,1.402102,1.271097,1.591932,1.613976,0.962033
1.127526,1.254666,1.381235,1.326481,1.580497,1.442061,1.486096,1.290400,1.384750,1.308711,1.059549
1.135300,1.456944,1.099024,1.041054,1.111357,1.592481,1.293319,1.009400,1.203740,1.698682,1.150162
1.286343,1.350026,1.447252,1.228298,1.314412,1.501160,1.266219,1.183709,1.372126,1.532769,1.386798
0.950713,1.388923,1.427146,1.010989,1.204338,1.436940,1.197435,1.240100,1.468989,1.390240,1.311449
1.445034,1.434258,1.530955,0.891079,1.173221,1.099750,1.236014,1.522798,1.333182,1.165027,1.345241
0.899835,1.065560,1.232599,0.993499,1.398322,1.249010,1.018484,1.615912,1.112471,1.480987,1.285096
1.093314,1.269514,1.306151,1.192000,1.228181,1.196885,0.954752,1.358650,1.044293,1.347954,1.546681
1.195440,1.319600,1.055355,1.115585,1.098948,1.073054,1.051576,1.028908,1.377009,1.391264,1.146427
1.227098,1.200971,1.051942,1.229305,1.296172,1.056540,0.925720,1.100692,1.234735,1.251068,1.458593
0.890727,1.253721,1.078447,1.125913,1.095778,0.855805,1.414598,1.127814,1.513124,1.272000,1.214572
1.071224,1.272518,1.135437,1.116606,0.999998,1.150166,1.146454,0.971678,1.270924,0.976855,0.908327
0.877839,1.288671,1.041498,1.008359,0.840422,0.842250,1.145200,1.056764,1.375047,1.373197,1.227758
1.033353,1.353509,1.176734,0.878311,1.051183,0.864116,1.482407,1.009039,1.300940,1.349800,1.337750
1.249513,0.913556,0.947303,1.082668,0.880519,1.166995,1.327933,1.072481,1.119377,1.033673,0.989652
0.897258,1.053295,0.983940,1.037098,1.205839,1.027185,1.132315,0.827132,0.875476,1.000616,1.270016
1.062420,1.034220,1.019900,0.906901,1.121338,0.931070,0.909473,0.935318,1.089783,1.012992,1.306280
0.836004,0.865608,0.907555,1.084877,1.218892,0.952924,1.079937,0.827071,0.890533,1.225502,1.063758
1.082351,0.830776,0.916287,1.027498,1.146711,0.934718,1.033120,1.125090,0.835525,0.982232,1.067462
0.801743,1.010468,1.014874,1.101766,1.225669,0.749078,1.093549,1.151526,0.861004,0.852268,0.947403
1.059012,1.047785,0.710762,0.933441,0.985553,0.823883,1.073150,1.046197,0.811280,0.853174,0.972396
0.998596,1.353550,0.881398,1.199079,0.842398,0.804940,0.991145,0.882663,0.923386,0.945246,0.878171
0.907279,1.060030,0.876258,1.077253,0.892753,0.953893,0.967349,0.821105,0.833202,0.998549,1.034686
0.999688,1.037674,1.136626,0.929877,0.759329,1.025217,0.890024,0.753196,1.093729,0.739263,0.988288
0.824844,1.020128,1.025012,0.908214,0.916626,0.989533,0.962628,0.703843,0.944630,0.895244,1.054252
0.716762,1.038353,0.967362,0.937409,0.825428,0.679075,0.661609,0.819089,0.844650,0.703103,0.927959
0.739944,1.087433,0.893391,0.839159,0.945367,0.574829,0.845221,0.878206,0.935331,0.803787,0.820740
0.790247,0.903935,0.910791,0.666971,0.920963,0.598590,0.723214,0.680553,0.924336,0.711257,0.828213
0.795746,0.977787,0.648951,0.877974,0.701493,0.740191,0.997688,0.864161,0.718793,0.631443,0.858070
0.985019,0.866439,0.923022,0.636655,0.767687,0.763942,0.942654,0.745882,0.688458,0.822182,0.888092
0.843398,0.786008,0.836910,0.718881,0.884171,0.723465,0.750586,0.861138,0.752509,0.829599,0.766727
0.610562,0.826126,0.687161,0.787694,1.011695,0.521612,0.702312,0.721424,0.931097,0.742655,0.689531
0.678890,0.833617,0.736056,0.868565,0.765386,0.749267,0.760572,0.686094,0.772983,0.687644,0.524131
0.497128,0.881795,0.656936,0.872372,0.873870,0.726606,0.683839,0.755091,0.716403,0.799390,0.636157
0.687571,0.789099,0.487457,0.718358,0.807393,0.736393,0.694689,0.884229,0.737041,0.630675,0.657864
0.509434,0.755501,0.485501,0.806889,0.743328,0.768107,0.714677,0.584227,0.820069,0.725260,0.714041
0.660542,0.653955,0.680357,0.953544,0.704909,0.868947,0.656236,0.597338,0.746490,0.577249,0.676496
0.852864,0.652138,0.694090,0.691798,0.737998,0.895471,0.727366,0.820431,0.644284,0.651888,0.771829
0.647729,0.574143,0.645435,0.677402,0.818085,0.822341,0.747504,0.792284,0.693776,0.815072,0.658030
0.603029,0.758890,0.680346,0.567923,0.743616,0.722268,0.616267,0.707846,0.640412,0.626532,0.727391
0.727651,0.573195,0.666639,0.576512,0.691916,0.716947,0.564127,0.728237,0.676446,0.725439,0.645277
0.663076,0.571751,0.742013,0.567893,0.728120,0.701830,0.488648,0.695066,0.742803,0.566042,0.711118
0.583423,0.540795,0.705021,0.681090,0.601816,0.536257,0.576636,0.617246,0.659065,0.640454,0.570573
0.673075,0.747125,0.598560,0.653598,0.548049,0.641835,0.760996,0.553597,0.506204,0.570935,0.689134
0.800612,0.544541,0.844379,0.563230,0.486075,0.557784,0.673869,0.700706,0.529292,0.598633,0.585688
0.543074,0.587803,0.723929,0.592597,0.655171,0.616694,0.702412,0.564185,0.597170,0.676707,0.643095
0.399519,0.560757,0.878634,0.580842,0.599692,0.547350,0.659103,0.570085,0.624559,0.590100,0.728896
0.496185,0.647347,0.699566,0.647100,0.564280,0.511621,0.617169,0.591742,0.716490,0.719164,0.537864
0.462433,0.759556,0.791552,0.466336,0.603584,0.558023,0.420300,0.628943,0.563718,0.543469,0.436251
0.640133,0.731110,0.577413,0.542156,0.586800,0.673523,0.490151,0.479843,0.530071,0.615165,0.505925
0.584856,0.756882,0.590521,0.556222,0.644991,0.568317,0.609037,0.522521,0.467012,0.687859,0.513253
0.533614,0.408565,0.524855,0.367341,0.544050,0.475338,0.575479,0.535139,0.533940,0.638386,0.615192
0.484723,0.547021,0.663268,0.553757,0.526551,0.452187,0.460164,0.580493,0.503832,0.552637,0.569743
0.442827,0.579747,0.506039,0.494295,0.640841,0.489068,0.474951,0.400996,0.478028,0.651935,0.677049
0.662529,0.634911,0.478376,0.583603,0.505452,0.526025,0.464155,0.541049,0.531462,0.497898,0.503671
0.565391,0.579322,0.493432,0.593964,0.628614,0.394478,0.535044,0.454064,0.498805,0.559790,0.498505
0.564123,0.618422,0.511278,0.477020,0.633245,0.408427,0.464862,0.580867,0.464189,0.477571,0.631057
0.538021,0.570674,0.486054,0.513102,0.518893,0.405649,0.504102,0.634017,0.405760,0.507905,0.564480
0.590896,0.571078,0.465767,0.490602,0.559996,0.397517,0.466170,0.589109,0.428974,0.395569,0.460678
0.484510,0.466320,0.530541,0.547117,0.448719,0.314275,0.597168,0.569857,0.515460,0.446669,0.506578
0.404541,0.363868,0.568203,0.485106,0.585063,0.535943,0.559749,0.497768,0.416413,0.577917,0.390690
0.472960,0.492850,0.540028,0.521469,0.549799,0.547646,0.529960,0.497858,0.357545,0.422794,0.445653
0.393275,0.340624,0.374644,0.452388,0.354720,0.429185,0.479284,0.573503,0.372267,0.607527,0.483010
0.546741,0.491383,0.454209,0.547818,0.487263,0.456734,0.437944,0.565204,0.430456,0.486967,0.622170
0.394698,0.440294,0.453848,0.537064,0.496854,0.499207,0.495093,0.517725,0.473028,0.438757,0.514606
0.560677,0.451467,0.575945,0.446642,0.493915,0.650137,0.563606,0.494095,0.451373,0.448383,0.503670
0.506811,0.529222,0.471209,0.466643,0.483681,0.574291,0.531779,0.497011,0.481027,0.362070,0.481856
0.470698,0.487764,0.567815,0.576936,0.630060,0.382983,0.511664,0.437177,0.469275,0.314741,0.617914
0.361411,0.393120,0.491812,0.665044,0.448417,0.395323,0.496267,0.549579,0.498683,0.345722,0.551215
0.429659,0.427594,0.481476,0.619208,0.539233,0.474804,0.472912,0.381411,0.465486,0.460638,0.400542
0.377344,0.395987,0.621654,0.588528,0.567922,0.542249,0.399648,0.520139,0.431681,0.431568,0.606502
0.516495,0.584621,0.544182,0.518903,0.499058,0.412616,0.368489,0.523935,0.468812,0.449131,0.471973
0.306799,0.448038,0.393017,0.359619,0.513198,0.475701,0.480433,0.406285,0.432645,0.464985,0.482082
0.492661,0.540831,0.431516,0.305539,0.400965,0.529861,0.371672,0.451954,0.465653,0.393861,0.515250
0.545884,0.586351,0.485986,0.399658,0.389249,0.507618,0.365975,0.336801,0.465055,0.446596,0.350810
0.391397,0.349307,0.360578,0.446282,0.361714,0.537517,0.500814,0.503062,0.397527,0.395392,0.412627
0.329311,0.388143,0.405390,0.478688,0.489378,0.487340,0.432041,0.524084,0.406498,0.409200,0.364623
0.430720,0.367044,0.548732,0.296061,0.436188,0.507253,0.484168,0.544001,0.415559,0.498967,0.415347
0.384716,0.409936,0.546846,0.289631,0.431920,0.401949,0.400865,0.534040,0.401011,0.561676,0.448408
0.580345,0.473531,0.498555,0.384280,0.524857,0.474753,0.356858,0.380078,0.419190,0.537908,0.429311
0.461037,0.498531,0.460391,0.391500,0.440070,0.412592,0.450007,0.406021,0.588132,0.413648,0.334677
0.500799,0.492434,0.395594,0.432522,0.531816,0.448488,0.367989,0.297320,0.442128,0.399598,0.407955
0.503795,0.518562,0.451779,0.449846,0.511025,0.436994,0.296036,0.337488,0.460969,0.430636,0.557404
0.499764,0.542392,0.505920,0.406721,0.491860,0.525707,0.334982,0.393519,0.488690,0.413623,0.395299
0.462951,0.464879,0.497873,0.372900,0.526432,0.514265,0.472355,0.390863,0.515856,0.538218,0.462216
0.520594,0.516951,0.421356,0.526277,0.359227,0.537711,0.484660,0.470684,0.515751,0.635103,0.465085
0.634092,0.489069,0.490415,0.396830,0.466385,0.491524,0.396408,0.351625,0.639395,0.595343,0.435443
0.526024,0.510299,0.461956,0.382907,0.400233,0.500803,0.475697,0.307376,0.375542,0.446035,0.496704
0.398718,0.356414,0.464364,0.406197,0.403240,0.437048,0.537759,0.311499,0.401342,0.364561,0.613547
0.432194,0.534378,0.538199,0.438816,0.388098,0.403554,0.501171,0.336224,0.302877,0.607421,0.575526
0.476912,0.558481,0.402987,0.326589,0.393521,0.392284,0.560329,0.480705,0.337710,0.495929,0.454546
0.505344,0.594281,0.456439,0.249644,0.479003,0.453547,0.471040,0.443869,0.301579,0.563872,0.605228
0.388012,0.517242,0.497063,0.333357,0.548634,0.541588,0.468815,0.515344,0.396896,0.580096,0.527482
0.462674,0.453650,0.494810,0.302377,0.475190,0.556726,0.456033,0.366866,0.345435,0.353420,0.503021
0.420625,0.566156,0.581983,0.397345,0.506777,0.526657,0.408545,0.524891,0.286939,0.346835,0.553654
0.449942,0.498053,0.657769,0.532168,0.458354,0.527033,0.332437,0.318174,0.461673,0.559351,0.606198
0.532684,0.642967,0.446062,0.442103,0.419115,0.677938,0.406720,0.355240,0.418111,0.590737,0.409485
0.482897,0.435038,0.509724,0.406076,0.604956,0.474744,0.351154,0.495316,0.550287,0.650284,0.583413
0.453698,0.350651,0.411397,0.455855,0.423587,0.551262,0.347483,0.540417,0.481129,0.519162,0.558283
0.514034,0.466319,0.555444,0.441842,0.420684,0.438471,0.333046,0.433050,0.531099,0.488356,0.493205
0.563693,0.358043,0.503105,0.345329,0.493033,0.584076,0.509059,0.402654,0.531741,0.557438,0.406707
0.475897,0.457055,0.525893,0.501576,0.544379,0.497019,0.486042,0.483207,0.472850,0.562290,0.398352
0.441708,0.481577,0.526356,0.628988,0.485710,0.506546,0.563021,0.534259,0.426284,0.667919,0.383447
0.521849,0.417407,0.494608,0.663892,0.313627,0.498736,0.725406,0.653302,0.545710,0.549148,0.568126
0.387901,0.620649,0.628773,0.463485,0.470433,0.458319,0.687962,0.714659,0.581422,0.710598,0.507503
0.496517,0.562705,0.590848,0.582448,0.439592,0.489704,0.581394,0.469231,0.561213,0.723475,0.440910
0.480952,0.563887,0.473151,0.650291,0.523925,0.538554,0.518100,0.523862,0.605627,0.668761,0.385679
0.505434,0.509169,0.518988,0.522163,0.602181,0.629723,0.427819,0.558369,0.562263,0.538966,0.506210
0.488610,0.499751,0.514635,0.467740,0.509849,0.880396,0.552258,0.530701,0.449493,0.663104,0.477402
0.545525,0.611707,0.490174,0.769532,0.490841,0.603959,0.592344,0.534846,0.404784,0.426790,0.684313
0.465769,0.574553,0.520616,0.723716,0.637963,0.582053,0.474192,0.579185,0.515242,0.440066,0.731839
0.422177,0.623528,0.759115,0.697429,0.462863,0.488208,0.560610,0.716939,0.649839,0.565762,0.545786
0.575781,0.488263,0.648513,0.602029,0.517171,0.641929,0.553164,0.567219,0.608925,0.674950,0.594888
0.588134,0.554282,0.480192,0.494227,0.551747,0.469007,0.520317,0.736275,0.547666,0.501717,0.531850
0.638362,0.582629,0.492088,0.447330,0.538232,0.349200,0.646736,0.647449,0.745131,0.547788,0.557161
0.666197,0.846433,0.545113,0.668591,0.463366,0.444601,0.568800,0.727765,0.621971,0.500439,0.483568
0.796764,0.617063,0.597477,0.676271,0.578677,0.463024,0.595490,0.450677,0.478295,0.680340,0.671798
0.635847,0.619779,0.518399,0.632801,0.522439,0.550868,0.574712,0.401183,0.514596,0.715288,0.710567
0.635135,0.793464,0.662354,0.843516,0.751013,0.511819,0.602456,0.511637,0.459058,0.657330,0.540192
0.568125,0.628004,0.731944,0.735091,0.552690,0.624143,0.548159,0.680065,0.564979,0.796432,0.717441
0.792765,0.786645,0.697621,0.680664,0.577212,0.576129,0.605796,0.654556,0.774648,0.647354,0.476097
0.801885,0.582099,0.700248,0.574320,0.518393,0.717052,0.577485,0.736182,0.790346,0.820173,0.631714
0.838627,0.542734,0.885943,0.569707,0.775970,0.633999,0.582262,0.840495,0.813510,0.642575,0.794763
0.775389,0.687571,0.837774,0.493416,0.778884,0.902510,0.565118,0.897224,0.771089,0.717250,0.748678
0.637717,0.578776,0.774084,0.659465,0.732547,0.800146,0.594258,0.872878,0.881888,0.696891,0.720217
0.698361,0.640651,0.759111,0.718110,0.812053,0.963859,0.591453,0.746765,0.807307,0.857276,0.795033
0.574384,0.572181,0.756447,0.704671,0.766629,0.669498,0.759861,0.615536,0.870411,0.937464,0.789281
0.651611,0.472539,0.846170,0.794094,0.845352,0.695039,0.544287,0.764453,0.808578,0.854462,0.813516
0.765843,0.611307,0.869933,0.729396,0.850356,0.746560,0.563942,0.856738,0.968927,0.722766,0.575207
0.652460,0.609998,0.841471,0.703499,0.981671,0.811388,0.665457,0.713709,0.704457,0.793886,0.708353
0.666477,0.581436,0.785299,0.639837,0.762907,0.782643,0.512755,0.707269,0.593853,0.669351,0.795437
0.848356,0.612891,0.890021,0.739797,0.845459,0.737513,0.904489,0.828383,0.790482,0.795996,0.784080
0.777602,0.578069,0.763711,0.879952,0.970498,0.875378,0.675221,0.937113,0.718814,0.939896,0.716701
0.820217,0.694148,0.772583,0.755938,0.756004,1.060604,0.542263,0.911024,0.900310,0.856743,0.868329
0.883410,0.773942,0.634357,0.587052,0.800256,0.830756,0.781643,0.684618,0.890863,1.052106,0.727550
0.799987,0.644504,0.842373,0.618845,0.682450,0.984190,0.868580,0.851396,0.681050,0.883213,0.775313
0.861839,0.622153,0.735196,0.923864,0.953439,0.910801,0.959591,0.782905,0.669519,1.003906,0.981241
1.000337,0.957223,0.813666,0.743563,0.993041,0.787452,0.830554,1.060366,0.833752,0.884715,1.094826
0.978379,1.134726,1.091421,0.848480,1.105955,0.840012,0.819578,0.802540,0.871948,1.017882,1.007899
0.823243,0.841800,1.023632,0.983840,0.945633,0.992222,0.958888,0.871430,1.135628,1.213868,0.810522
0.921994,0.978160,0.983058,0.945679,0.914067,1.206154,0.997518,0.811077,0.937137,0.920884,0.782726
0.902100,1.024130,0.926138,0.921023,0.735488,1.139508,0.897473,0.648943,1.213187,1.233634,0.820272
0.741318,0.983003,1.019188,1.079768,0.838514,1.098280,0.832984,0.800577,1.153650,0.864285,0.788477
0.697788,1.055675,1.113702,1.052878,0.722338,0.927667,0.723831,0.956805,1.038263,0.905785,0.958012
0.816010,1.205961,0.994147,1.190212,0.853373,1.145482,0.900644,0.879364,0.921486,1.128360,0.941826
0.988314,1.107785,0.974868,1.123785,0.887340,1.074932,0.945972,0.833038,0.756102,1.226600,1.009071
1.100244,1.329083,0.998333,1.237401,1.019299,0.869618,0.962056,1.010526,0.872079,1.048135,0.982921
1.071987,0.995062,0.878288,1.133507,0.762402,1.091008,0.866873,0.827824,1.077493,0.955034,0.925821
1.142765,1.154932,1.102446,0.921428,0.942123,0.988858,0.969275,1.000773,1.045248,1.035047,0.948626
1.173813,1.130948,1.144711,1.144789,1.222429,1.302815,0.933206,1.118681,0.936715,1.205722,1.122347
0.864824,1.201232,0.950062,1.373137,0.896520,1.161189,1.100597,0.825446,1.051159,1.288211,1.282290
1.073873,1.126216,0.898153,1.209592,1.018974,1.277729,1.095704,1.142560,0.892458,1.213955,1.384424
1.291415,0.992528,1.148554,1.179794,1.087249,1.307804,1.186912,1.376714,0.929635,1.143370,1.331161
1.188601,0.991352,1.099058,1.203081,1.388838,1.470690,1.176851,1.422431,1.107976,1.281127,1.313188
1.463708,0.721211,1.554337,1.125914,1.116510,1.061856,0.954891,0.927478,0.962911,1.271002,1.388657
1.032882,0.912909,1.182454,1.030598,1.125306,1.216968,1.285060,1.440332,0.831614,1.274314,1.524266
1.236899,1.035853,0.967944,1.319546,1.090192,1.236684,1.258136,1.263247,1.110652,1.032086,1.350644
1.314326,1.235630,1.604504,1.158189,1.123272,1.011388,1.274658,1.576323,0.990461,1.624776,1.246743
1.400666,1.093733,1.493619,1.428949,1.297271,1.001070,1.371063,1.180785,1.275686,1.494060,1.127720
1.199324,1.226963,1.290349,1.201531,1.429358,1.461688,1.367661,1.613833,1.188859,1.499543,1.095230
1.315502,1.019049,1.414752,1.454895,1.712933,1.266334,1.163815,1.435804,1.050606,1.300354,1.125920
1.436694,1.411767,1.519835,1.391439,1.308899,1.537630,1.257416,1.720653,1.322821,1.071404,1.375108
1.497995,1.372158,1.417697,1.509383,1.311746,1.638958,1.059786,1.635889,1.399656,1.212452,1.610774
1.401890,1.504588,1.308202,1.147695,1.233079,1.825805,1.362649,1.428366,1.549879,1.154160,1.633179
1.543164,1.374290,1.529146,1.181753,1.359795,1.518324,1.467826,1.176549,1.281110,1.274926,0.934377
1.492018,1.461248,1.428277,1.198203,1.174145,1.521212,1.404768,1.514890,1.282459,1.252883,1.251453
1.639159,1.450296,1.693127,1.195782,1.079370,1.558712,1.658427,1.706695,1.025929,1.275513,1.152197
1.611137,1.739274,1.285816,1.294791,1.250490,1.567348,1.395633,1.910520,1.319953,1.301366,1.105246
1.429915,1.638946,1.901987,1.346009,1.553063,1.395284,1.536876,1.895777,1.404828,1.446397,1.280422
1.223526,1.404869,1.864663,1.566921,1.405706,1.528240,1.648620,1.479017,1.533541,1.464804,1.316061
1.336857,1.514023,1.520600,1.506194,1.403889,1.746585,1.802690,1.696670,1.229140,1.415385,1.464213
1.297989,1.348447,1.671353,1.721209,1.767127,1.577993,1.816331,1.449718,1.332100,0.927842,1.575984
1.440322,1.534466,1.508152,1.619597,1.487751,1.623922,1.678973,1.894162,1.482088,1.508019,1.226432
1.784725,1.575866,2.152788,1.574734,1.692823,1.674869,1.091321,1.830263,1.597656,1.838616,1.135909
1.872816,1.759698,1.900321,1.492615,1.819667,1.724974,1.476769,1.631774,2.067208,1.547224,1.529983
1.810844,1.934136,1.276679,1.722508,1.532938,1.704579,1.926971,2.251561,1.490442,1.794660,1.351621
1.642209,1.635751,1.525833,1.933547,1.480102,1.683462,1.811172,1.778359,1.785951,1.850527,1.797044
1.789656,1.916515,1.850140,1.617141,1.566971,1.863903,1.716961,1.537333,1.741795,1.560517,1.720567
1.949485,1.613253,1.588708,1.576317,1.925587,1.942038,1.889976,1.998590,1.784400,1.942380,1.565972
1.906011,2.185198,1.982382,1.890644,1.950353,1.843383,1.958576,1.757261,1.617416,1.505717,1.580643
2.003107,2.398882,1.909204,1.891873,1.933048,1.956361,2.011232,1.721828,1.696887,1.883956,1.972617
1.572294,2.200109,1.637398,1.755934,1.731539,1.698936,1.848350,1.671359,2.111272,2.186398,1.923061
1.826357,2.304667,1.967447,2.310325,2.142869,1.672388,1.922068,1.700720,2.043226,1.963241,1.800922
2.230904,2.405177,2.150603,2.232738,1.719028,1.637263,1.875712,1.714719,1.692411,1.884578,1.506046
1.793044,2.772893,1.988989,1.925014,2.039481,1.823152,1.436674,1.954466,1.670356,2.199380,1.938473
2.175665,2.211900,2.020111,2.230512,1.946230,1.855305,1.672430,2.238691,1.982436,2.797326,1.964939
1.835960,1.950115,2.412440,1.800791,2.293600,1.800688,1.497322,2.198979,2.407143,2.412921,2.316492
2.191016,1.925387,2.252828,2.019252,2.575970,2.398184,1.802737,2.464981,1.909169,2.032855,2.350611
2.197277,1.915304,2.306043,1.698536,2.313906,2.042656,1.330454,2.107368,2.033630,2.152566,2.094622
1.427975,2.038912,1.974430,2.281439,2.124511,2.472178,1.946535,2.001321,1.948227,1.978820,1.856538
1.587509,2.064231,2.028133,2.186793,1.899230,1.676209,2.152668,1.977623,1.887085,1.506441,1.854125
1.825310,1.965909,1.964954,2.269870,1.915826,2.174271,2.613714,1.798267,1.926255,2.136314,2.347807
2.168128,1.735350,2.059902,2.624942,2.401454,2.224574,1.920948,2.228696,1.755511,2.408685,2.327881
2.366124,2.225952,2.417897,2.355530,1.425418,2.132216,1.701725,2.162074,2.110363,2.093356,2.184384
2.734439,2.745443,2.269986,2.464730,1.690252,2.020989,2.260998,2.044487,1.873676,1.990838,2.204219
2.280141,2.390078,2.014010,2.713120,2.377734,2.106359,2.754450,2.224460,1.767791,1.924458,1.968537
2.487796,2.318519,2.230590,2.392349,2.697910,1.732914,2.133140,2.618496,2.278884,2.119698,2.342296
2.550154,2.523565,1.825036,2.884234,2.231474,2.061250,2.524917,2.618225,2.524913,2.181894,1.739149
2.246791,2.240420,2.221335,2.524282,2.128400,2.253265,2.246377,2.233144,2.536527,2.017746,2.128988
2.425982,1.890829,2.753346,2.265018,2.486265,2.393226,2.328725,2.317091,2.145912,2.746406,2.766226
2.529626,2.447638,2.057837,2.532157,2.164119,2.622001,2.023646,2.133278,2.119443,2.234585,2.187666
1.888647,2.314836,2.410432,2.524382,1.908494,2.042200,2.529576,2.011826,1.738793,2.166292,2.684912
2.358392,2.384183,2.241665,2.321534,2.326499,2.305978,2.247428,2.058376,1.940845,2.689941,2.908990
2.298981,2.691207,2.815902,2.642538,2.522888,2.313905,2.142694,3.202000,2.849858,2.637723,2.504481
2.331702,1.880795,2.737574,2.376632,2.640765,2.847966,2.648109,3.054572,2.914319,2.500019,2.389918
2.543817,1.759333,2.947299,3.126083,2.225177,2.622895,2.287818,2.199069,2.543374,3.028586,2.824967
2.798927,2.136611,2.644151,2.145346,2.436211,2.518963,2.607772,2.481874,2.631361,2.243611,2.704711
2.037177,2.417624,2.554353,2.488299,2.688185,2.572405,2.249301,2.204154,3.260126,2.730905,2.320277
2.054300,2.652951,2.184968,2.809864,2.612088,2.719675,2.938893,2.288137,2.818947,2.074733,2.326185
2.686550,3.118562,2.468832,2.700298,2.829106,2.748100,2.944266,2.634599,2.317772,2.282778,2.884400
2.873490,3.485440,2.368172,2.259901,3.068741,3.058344,2.665186,2.819334,3.200145,2.631463,2.435027
2.405621,3.154786,2.816643,2.608124,2.280096,3.105728,3.090993,2.781267,3.095560,2.968297,2.403710
2.556161,3.186113,3.355897,2.634419,2.159760,3.493556,2.751520,2.441772,2.792177,2.905401,2.207469
2.092967,2.795156,2.907393,3.050520,2.754484,2.655144,2.811714,2.759255,2.396726,2.870229,2.685152
2.354535,2.518170,2.772974,2.645098,3.355158,2.754938,2.734873,2.247609,2.267409,2.681175,2.245591
3.133895,2.609801,2.380917,3.239104,2.607985,2.790423,2.901182,2.723287,3.031444,2.770013,2.482884
2.382878,2.394042,2.359147,2.735029,2.854309,2.927083,3.405104,2.814121,3.041239,3.055012,2.227090
2.861460,2.956930,2.976908,2.628845,3.264245,2.758244,2.942681,2.879750,3.005717,3.345231,2.702881
2.721324,2.757034,2.570461,2.744712,2.959114,2.388617,3.042072,2.997527,2.539151,2.803255,2.988517
2.484544,2.515231,2.693726,3.092063,2.820199,2.838543,2.426954,3.019612,2.969517,2.871123,3.831325
3.146324,2.625249,3.173266,3.501140,2.590933,2.439046,2.895576,2.718601,3.158000,2.484496,3.057639
3.290618,2.424344,3.267882,2.806015,2.942054,2.393826,2.992091,3.095285,3.106235,2.786977,3.214100
3.028667,2.867917,2.864123,2.858469,3.064513,2.789607,2.959706,3.098324,3.198658,2.431714,3.361922
3.007496,2.860140,2.870346,3.718727,3.015608,2.960374,2.909966,3.016399,2.665220,2.107567,2.823622
2.795726,3.108716,2.488874,3.594641,2.830097,3.804679,2.223421,2.495974,3.236517,2.623559,2.201416
2.839127,2.486091,2.904221,3.794100,3.176551,3.264443,3.143402,2.706004,3.882914,2.453602,2.532763
3.455537,3.037754,2.821314,3.154253,3.132806,3.323999,3.137443,3.252294,3.062425,2.808700,2.719943
2.695812,2.426206,3.082778,3.075552,2.730445,3.535745,2.758961,3.482175,3.723291,2.624594,2.940994
2.389654,3.084649,3.222290,2.440235,3.258454,3.192159,3.560658,2.605591,3.674200,3.017233,2.979209
3.289881,3.580297,3.442218,2.509756,2.781816,2.995365,3.196800,2.757003,2.832058,2.986294,3.239059
2.760281,3.800027,4.055367,3.247296,3.790654,2.630612,3.004123,3.237442,2.775067,3.094545,2.790174
3.043089,3.690530,3.481564,3.147534,2.805616,3.458151,2.728489,3.190900,3.078722,3.414014,3.435480
3.639208,3.158675,3.701757,3.235647,2.969859,2.904099,2.458382,3.431816,3.190075,3.256207,2.998333
3.086526,3.379044,3.742502,3.114044,2.853201,3.086038,3.037450,4.243523,2.802855,3.555060,3.498112
3.335747,2.786782,2.936949,2.754408,3.111361,2.993315,3.359519,3.809969,3.621626,3.949766,3.670220
3.491948,3.203597,2.552900,3.193894,3.539248,2.589027,3.242733,3.142797,3.304391,2.743413,3.324401
3.850664,3.092177,3.814759,3.413165,4.532146,2.770255,3.733385,3.104914,3.747646,2.593835,3.425414
3.887465,3.305976,3.679428,3.489830,3.757439,3.151930,2.743060,3.650137,3.570690,2.927695,3.036586
3.020318,3.004236,3.812553,3.460846,3.498213,3.058603,2.592843,3.013664,3.635697,3.249773,3.640146
3.292627,3.471275,3.792234,4.220013,3.061915,3.439561,3.166140,3.148962,3.616133,3.981736,2.878866
2.989345,3.481081,3.611466,2.606477,3.485418,3.473631,3.458670,3.409366,3.916082,3.556677,3.011880
3.340012,3.931348,3.203053,2.467024,3.248971,2.892761,2.592599,3.436743,2.681806,3.795779,3.301553
3.763284,3.753195,3.348016,2.813733,3.647336,3.385040,2.939243,3.969473,3.558570,3.509126,3.475678
3.358863,3.670936,3.545719,3.012410,3.067760,3.016632,3.595185,4.080286,3.951272,3.176259,3.692155
4.153505,3.335233,3.414840,3.146565,3.140190,3.806484,3.264830,3.756662,3.832117,3.257788,3.127572
4.170516,3.233173,3.399424,3.304575,3.621128,2.753311,2.847320,2.939883,3.059273,2.915491,3.426452
2.913847,2.632745,3.544423,3.349724,2.948549,3.135434,3.800585,3.458013,2.931744,3.769440,3.408444
3.829613,3.079055,3.679804,2.852378,3.247497,3.649922,4.349270,3.380403,3.473695,3.191715,4.026161
3.078743,2.785287,3.247561,3.281411,2.460646,3.466970,3.309632,3.435616,3.408475,3.507745,3.786971
3.271216,3.035766,2.628031,3.095461,3.329730,3.564671,4.023217,3.522746,2.950181,3.262669,3.459875
2.794492,3.561872,3.134522,3.114698,3.375828,3.120031,3.328683,3.716913,2.932312,3.681964,3.477672
3.386158,3.466095,3.200897,3.933618,3.549337,2.678304,3.670586,2.730548,3.727221,3.525185,3.694733
3.262787,3.057678,2.887988,3.576544,3.438913,2.387639,3.544059,3.378017,3.250325,2.821055,3.845492
3.374620,3.965496,3.438922,3.598519,4.681532,3.374183,3.464343,3.831120,3.600331,3.204177,2.978622
3.262101,3.667355,2.853055,3.689340,4.330392,3.096857,3.181955,2.559758,3.159261,4.321082,3.475255
2.722571,3.239329,3.717673,4.026242,3.040478,2.841490,4.632278,2.695067,3.325963,3.146950,3.086382
3.011331,3.822826,2.693299,3.777368,3.894137,4.011521,3.543755,2.747704,3.694271,3.429135,3.340948
2.367575,2.962367,3.469491,3.203096,3.601598,3.810781,3.631881,3.236559,2.850463,3.152816,3.347945
3.362090,3.482117,3.540435,4.058372,3.087300,3.629773,3.556511,3.611454,4.010665,3.323619,3.348313
3.759850,3.208845,3.818095,2.576534,2.928734,3.571044,3.096819,4.158135,3.379985,3.722101,3.890183
3.944680,2.596709,3.252398,3.568414,3.487028,2.797538,3.491965,2.951281,3.867621,3.390543,2.951771
3.445275,3.090120,3.005219,3.706665,3.437523,2.427125,3.741113,3.577163,3.879446,4.032882,3.020492
3.388306,2.866785,3.325435,3.961091,2.667393,3.035748,3.271704,3.245475,3.130294,4.046383,3.730789
3.521092,3.121334,3.500509,3.637463,3.328313,3.548279,2.569906,3.020332,2.845597,3.991359,3.233824
4.039400,2.951817,4.228017,3.171020,2.376897,3.888502,3.313189,3.835346,2.705618,4.033793,2.735993
3.626763,3.195397,3.885828,3.090812,3.339565,3.656111,3.630371,3.069914,2.740926,3.107368,4.144676
3.270654,3.461861,3.213072,3.553224,3.321760,4.021518,4.044521,3.815398,3.427867,4.095414,3.411625
3.746928,3.757916,3.465398,3.728474,3.873426,4.261722,3.926637,3.570044,3.973216,4.020322,4.038985
3.477350,3.062298,3.306624,3.239268,3.007740,3.492996,2.817406,3.337104,3.551728,3.541961,3.544589
2.496076,3.587125,3.227581,3.719653,3.394085,3.614807,3.745043,3.632269,3.371447,3.783016,3.634347
3.347869,3.020383,3.402259,3.541523,2.485644,2.909497,3.397142,3.929043,3.600121,3.050815,3.198872
3.518896,3.710999,4.392632,2.575633,3.559738,3.511666,2.776844,3.968236,3.721845,4.025234,3.310770
3.565409,3.987575,3.618385,3.492303,3.008766,3.050844,2.668875,3.093812,3.493946,3.290149,3.459354
2.586423,3.259443,4.026787,3.427714,2.899750,3.088724,2.871216,3.138478,3.564754,2.427515,3.351576
2.950563,2.984691,4.038879,2.848107,3.174094,4.577384,2.731465,3.764986,3.674477,3.850024,4.087541
3.806683,3.376494,3.463583,3.574612,3.572880,3.969194,4.208578,3.582992,3.621787,3.875633,3.453823
3.101711,3.027487,3.392903,2.576071,4.180482,4.075905,3.184167,3.755456,4.517311,3.502633,3.464706
3.584771,3.026453,3.027139,2.996678,3.412527,3.230932,3.203414,3.610190,4.438877,4.562612,3.447010
3.073247,3.449170,3.416828,3.472668,3.750057,4.312655,2.820341,4.283226,3.292880,4.407679,3.452192
3.323217,3.498670,3.406159,3.144489,3.774294,3.628678,3.009450,3.041264,4.283922,3.619593,3.344120
3.062074,3.085513,3.596478,2.988675,2.901357,3.784708,3.166126,3.626674,3.657886,3.672179,3.285719
3.069784,2.656120,3.617634,2.840568,4.207607,3.194300,3.600595,3.045445,3.357881,3.657366,3.693288
3.477173,2.702346,3.079353,3.577167,3.221039,3.767244,3.681804,2.724263,3.245548,3.829968,3.189742
3.652320,3.090366,2.639178,3.382325,3.640066,3.911382,3.666578,3.253944,4.029930,2.680910,3.427010
2.814973,3.108861,3.052331,3.273558,3.908206,3.730483,3.269461,3.446306,3.919457,3.255972,4.315941
3.509816,2.637640,3.619455,3.811849,3.654026,3.403167,3.271170,3.618594,3.592745,2.869465,3.596944
3.780459,2.893687,3.344061,3.869836,3.464045,3.407631,3.817345,2.724196,3.818499,3.464471,3.744080
3.521026,2.892085,3.373187,3.478791,3.518933,2.747270,3.275827,3.632192,3.356767,3.159256,3.794658
3.389819,3.228882,3.374211,3.258674,2.892080,2.845061,3.415277,3.536614,2.983772,3.154401,4.517185
4.505507,3.463365,3.109695,3.691951,3.180869,2.552790,3.045203,2.757016,2.598055,3.384290,3.835884
3.429409,2.495762,3.248113,2.781732,3.113772,2.971856,3.187756,3.241156,4.191542,2.984657,3.264734
3.732422,3.753517,3.004890,3.507233,2.919216,2.723103,4.091343,3.103146,3.055922,3.278266,3.474617
3.952987,3.476147,3.091309,2.900487,3.557084,3.125845,3.514293,3.419609,4.125966,2.563784,3.140983
2.845044,3.322498,3.286698,3.668796,3.691434,3.093992,2.869779,3.778297,3.534705,2.522316,2.233008
2.968839,2.780670,2.566017,3.067770,3.273853,2.858821,2.586241,3.387573,3.661598,2.388763,2.701421
3.405154,3.957708,2.713247,3.334493,3.744972,2.890396,3.398384,3.234552,3.240197,2.845419,3.128598
3.531910,3.361756,3.273964,2.515706,3.728693,3.871547,2.846138,2.898273,3.285729,2.793470,3.264710
3.131261,3.589735,3.294409,3.303982,2.935978,3.602203,2.532964,4.024727,2.855951,3.379159,2.319116
3.223455,2.853828,2.918594,2.916846,3.737977,2.771646,3.341139,3.389038,3.083726,3.043243,2.969179
3.491693,3.655166,3.012936,2.906139,3.351159,3.222584,2.841772,2.911972,3.249043,3.040893,3.084495
3.790271,3.099424,4.088534,3.023341,3.037079,3.188121,3.066014,2.975926,3.137967,3.121645,3.111367
2.758187,2.862608,2.955154,3.118573,3.052157,3.250305,3.383706,3.197879,3.130939,2.784374,3.082916
2.681043,2.760740,3.133128,2.633958,3.527391,3.422956,3.798969,3.412923,3.246292,2.738357,2.921299
2.863602,2.521593,3.250801,3.116211,3.337043,3.048475,3.341154,3.161769,3.643495,2.863121,3.434086
3.039787,2.886032,2.148806,3.509809,3.052819,3.324360,2.672648,2.870541,3.096444,3.508750,3.142851
3.018096,2.328288,2.853611,2.646692,3.602131,3.380792,2.862976,3.138924,2.682878,2.306989,3.192832
3.315327,2.586021,2.885372,2.738930,3.577237,3.319608,2.460351,2.466834,2.318523,3.431966,3.189134
3.050089,2.828010,3.493176,3.090384,3.636391,2.670147,2.590024,3.316277,3.013005,3.439920,3.238210
3.114397,3.485457,2.963223,3.735125,3.506420,3.425061,3.275424,3.653648,2.623742,3.275356,3.519882
3.638635,3.587390,3.566461,3.353156,3.694157,3.042968,3.108850,2.891139,2.654926,3.152704,3.075893
3.051816,3.390232,3.236894,3.068697,3.182889,3.022781,2.735220,2.908924,3.058125,3.123115,2.970330
2.719785,2.441967,3.033992,3.404399,3.110775,3.612386,2.634434,2.706526,2.774586,3.178539,3.432319
3.134358,2.987619,3.005747,3.002869,3.180862,2.816048,2.836328,2.856621,2.710479,3.189488,3.668350
2.466397,3.461068,3.451693,2.502253,2.396673,2.485326,2.388104,3.184991,2.699811,2.743021,3.231169
2.300463,3.399582,3.257937,2.884987,2.690997,3.062714,2.409219,2.583717,3.031734,3.190080,3.064955
3.059051,3.648495,2.770383,2.463703,3.460064,3.708073,3.200773,3.147925,2.500916,2.914969,2.396607
3.050799,2.849573,2.519614,2.723266,2.110862,3.374435,2.743746,2.878490,2.693476,2.600524,3.076527
3.498504,2.665975,2.996357,2.842168,2.594622,3.159681,3.423261,2.472826,2.887271,2.947321,2.877520
3.042067,2.296038,3.322684,2.485816,2.570628,3.373240,2.960441,2.570727,2.795477,3.004296,2.970384
2.929244,2.692806,2.224346,3.059860,2.853313,3.314065,2.542335,2.337084,2.855142,2.885584,2.863813
2.492170,2.278354,2.545354,2.980193,2.389401,3.275671,3.231263,2.285145,2.900903,2.754431,2.752825
2.732961,2.992446,2.273744,3.344989,2.362069,2.531192,2.588312,2.260638,2.122721,2.962192,3.034830
2.575154,2.323813,2.638148,3.354764,2.603239,2.284120,3.254049,2.490326,1.927576,2.438686,2.981210
2.572531,2.587300,2.457372,3.068836,2.469646,3.095621,2.677516,3.298352,2.790700,3.055001,2.517908
2.885177,2.791913,2.656864,2.939846,2.636804,2.507145,1.910633,3.380459,2.718420,2.637050,2.502724
2.502929,2.938143,2.325628,2.638275,2.483755,2.702314,2.699308,2.854020,3.176996,2.553661,2.239488
2.579420,2.661054,2.190623,2.232447,2.893405,2.512516,2.327896,2.596470,2.592233,1.915915,2.014392
2.320154,2.051808,2.528366,2.334088,2.158115,1.914912,2.819113,2.039996,2.883990,2.305878,2.281655
2.990491,1.866984,2.248076,2.222821,2.672564,2.517325,2.232514,2.603546,2.308913,2.297762,2.073637
2.881668,2.477803,2.063330,2.613504,2.807358,2.856469,2.425496,2.496602,2.533288,2.724436,1.827552
2.239411,2.637959,2.389779,2.283567,2.660571,2.538574,2.338701,2.140908,2.106310,2.477949,2.887294
2.393089,2.542039,1.731264,2.374576,2.005287,2.372905,2.407325,2.721200,2.259965,2.424920,2.615401
2.380386,2.642274,1.942222,2.586423,2.468260,2.452998,2.355828,1.878538,2.088995,2.658206,2.838667
2.438931,2.532761,2.305865,2.074584,2.440080,2.474118,2.242044,2.428633,1.965247,2.669241,2.699444
2.145940,2.155689,2.266848,2.093644,2.330074,2.310502,2.132050,2.068659,2.436799,3.006978,2.055993
2.287019,2.460541,2.427616,2.087880,2.103346,2.510373,2.866252,2.331718,2.702992,2.088450,2.661856
2.045562,1.560616,2.263586,2.376457,2.162493,2.346638,2.495719,2.371804,2.195741,2.051695,2.029628
1.923476,2.334104,2.712246,2.143384,2.414764,2.040268,2.138059,2.016027,2.554211,2.011167,2.339434
1.967185,2.216658,2.147573,1.581172,2.178043,1.824544,1.837967,2.227596,2.353454,2.261699,1.853231
1.958761,1.549047,2.125932,1.933649,2.359483,1.234697,2.048723,1.715456,2.468321,2.137005,1.977922
1.812106,2.223712,2.025547,2.209981,2.057268,2.234473,1.724807,2.340076,1.739023,2.030712,2.516677
2.204794,2.076012,2.578722,2.482544,2.492146,1.996695,2.140123,2.277906,2.220280,1.909021,2.352612
1.849968,2.056668,2.474566,2.315150,2.012960,1.601139,2.332224,2.302539,2.277240,1.810880,2.036107
1.981366,1.974652,2.232215,1.892053,2.030046,1.406312,1.633935,1.749408,2.285522,2.174528,2.049984
2.193266,2.337091,2.421102,1.697186,1.652200,1.473268,1.859019,1.824399,2.118562,2.232632,1.916565
1.989937,2.527506,2.418357,2.094509,2.093573,1.448561,1.776777,1.476128,2.367416,2.461611,2.186758
1.822545,2.141582,2.005755,2.103664,1.732005,1.444253,2.214294,2.028613,1.922912,1.856494,1.951319
2.468259,2.096092,2.018751,2.006364,1.811207,1.691513,1.884857,1.658351,1.771960,2.049678,2.178370
1.914473,2.159878,2.362606,2.121738,2.067320,1.866434,2.108402,1.749131,1.957652,1.746119,1.799180
2.390951,1.662840,1.898238,1.937290,2.220780,1.843348,2.017973,2.035627,1.872306,1.666160,1.748529
2.095087,1.470400,2.093453,1.910569,2.078691,1.859524,2.207186,1.852309,1.643609,1.876754,1.551607
1.820981,1.420333,2.000930,1.363982,1.705462,2.037663,1.958981,1.468229,1.617537,1.681836,2.209748
2.052298,1.825218,1.644871,1.783358,2.420846,2.147584,1.861148,2.188243,1.827645,1.786111,1.730677
1.269356,1.781370,1.678820,1.401933,1.730002,1.510745,1.620959,1.712253,1.506558,1.894248,1.917480
1.713567,1.298656,2.124398,1.678957,1.558469,1.619637,1.975993,1.660310,1.813107,1.955263,1.817637
1.706530,2.165988,2.061623,1.466435,1.932395,1.685345,1.775386,1.525315,1.732209,1.793788,1.949600
2.152907,1.725191,1.457835,1.464738,1.605784,1.808714,2.146794,1.306270,1.582668,1.781327,1.895394
1.825386,1.466494,1.591897,1.894376,2.072424,1.740473,1.594256,1.457761,1.614627,1.593067,1.701687
1.550917,1.861249,1.282401,1.543774,1.735306,1.749194,1.521507,1.362829,1.704797,1.625692,1.699788
1.554034,1.629143,1.112806,1.533476,2.021050,1.393646,1.554699,1.433224,1.528269,1.375522,1.957038
1.591858,1.478549,1.419034,1.583139,1.922475,1.579516,1.905995,1.223036,1.381518,1.555629,1.975514
1.589880,1.611461,1.505616,1.444627,1.724045,1.603624,1.502107,1.131748,1.286692,1.386966,1.642773
1.782607,1.604140,1.339591,2.015900,1.730369,1.373201,1.762457,1.223306,1.542345,1.599960,1.957807
1.580511,1.357523,1.440281,1.915671,1.397374,1.392146,1.765957,1.206423,1.213735,1.520545,1.711387
1.661037,1.818052,1.550479,1.801101,1.375597,1.690239,1.532150,1.461776,1.703343,1.255603,1.382524
1.670120,1.536155,1.524387,1.374343,1.449160,1.395222,1.390443,1.368254,1.341674,1.359950,1.258335
1.373603,1.562626,1.261722,1.453154,1.597186,1.465333,1.642976,1.391705,1.650058,1.326958,1.405953
1.652986,1.335678,1.348519,1.517726,1.610532,1.271908,1.645010,1.270208,0.933483,1.523251,1.554541
1.473859,1.413623,1.234913,1.342574,1.184220,1.195503,2.085602,1.488093,1.060591,1.564520,1.132777
1.457548,1.223759,1.283215,1.367779,1.256268,1.603841,1.610094,1.303248,1.446270,1.629358,1.304072
1.495657,1.010627,1.120536,1.507700,1.473347,1.441600,1.801557,1.371385,1.511217,1.631804,1.308013
1.242901,1.048263,1.086996,1.345934,1.301186,1.116379,1.412280,1.432240,1.268585,0.987171,1.421232
1.234909,1.357717,1.358374,1.204872,1.087221,1.629239,1.176577,1.408251,1.401558,1.048691,1.229317
0.974294,1.220126,1.319723,1.717933,0.998650,1.145762,1.153684,1.079054,1.209495,0.931719,1.394934
1.084421,1.321384,1.105856,1.306126,1.256863,0.953924,1.142268,1.019098,1.435143,0.951352,1.065275
1.038174,1.774158,1.309392,1.397696,0.964488,1.455667,1.197497,0.996838,1.005005,1.338456,1.387143
1.105610,1.233035,1.355503,1.270882,0.886893,1.388355,1.113466,1.014578,1.206328,1.387336,1.444563
0.971155,1.433299,1.301714,1.060983,1.094251,1.248139,0.776121,0.821439,1.298977,1.395330,1.014737
1.018363,1.204062,1.170911,1.260554,1.087257,1.160903,0.928907,0.869558,1.010954,1.434270,1.334314
0.958752,1.149344,0.945257,1.549428,0.813856,1.038877,1.075561,1.208248,1.081052,1.363021,1.213576
1.259459,1.209252,0.775130,1.245490,0.920661,1.127489,0.874210,1.154024,1.022328,1.132419,1.253143
1.164742,1.070024,0.770552,1.208410,1.205159,1.073817,0.975274,1.153144,1.013126,1.487012,1.065081
1.047241,1.070766,0.897191,1.300159,1.240221,0.898286,1.047198,1.182594,1.009709,1.025363,0.826694
1.098942,1.158621,0.887458,1.174532,1.071694,0.970533,1.011675,0.913755,0.794011,0.987665,1.018032
0.941235,1.299347,0.784294,1.156842,1.097412,0.913138,0.852590,1.129822,0.920167,0.923274,0.963334
0.845648,1.337307,0.841937,0.960194,1.319520,0.739143,1.155938,1.023377,0.934893,1.048044,0.899656
1.115345,1.170037,1.035526,0.993628,1.099138,0.588243,0.860567,1.089665,0.936783,1.008128,0.821526
1.147656,1.023459,0.897367,1.022664,0.858966,0.735923,0.909089,0.963079,0.932520,1.205309,1.062695
1.083054,0.864675,0.768510,0.971637,0.783993,0.669101,1.007566,1.034781,0.898634,1.236980,0.837520
1.141487,0.850599,0.922465,0.934385,0.878728,0.875754,0.908557,0.875281,0.789010,0.925003,0.837167
0.799719,0.925300,0.900361,0.892471,0.829625,0.806926,1.025442,0.755901,0.891238,0.791282,1.015725
0.735204,0.701559,0.853077,0.898351,0.959064,1.066935,0.807689,0.938681,0.817915,1.083785,0.830114
0.663485,0.692864,1.104376,0.763247,0.652841,0.757378,0.736782,0.961763,0.772054,1.054311,0.916737
0.765402,0.800053,0.780492,0.798364,0.691230,0.907946,0.817327,0.988546,0.838864,0.990166,0.777184
0.636779,0.799104,0.947821,0.691956,0.854583,0.781961,0.932076,1.033848,1.071583,0.917006,1.008417
0.651183,0.784110,0.786589,0.892877,0.943462,0.795624,0.811999,0.942346,1.017584,1.004334,0.758277
0.798126,0.899409,0.731881,0.893652,0.694965,0.741429,0.758254,0.962678,0.869859,0.749672,0.933209
0.773425,0.576308,0.902776,0.981945,0.682976,0.781754,0.871893,0.993281,0.673708,0.798719,0.783968
0.841707,0.640934,0.791319,0.884200,0.662691,0.682091,0.769831,0.914693,0.616828,0.847774,0.724124
0.960914,0.676829,0.727289,0.880665,0.640449,0.777611,0.664422,0.612136,0.752123,0.749822,0.678611
0.934410,0.668980,0.549422,0.776004,0.765467,0.895459,0.782367,0.764346,0.700462,0.769847,0.625516
0.793803,0.755205,0.632379,0.902957,0.748585,0.755619,0.605113,0.699143,0.653977,0.744093,0.674883
0.717144,0.686716,0.675672,0.774006,0.824671,0.785278,0.682689,0.642112,0.745096,0.563110,0.755133
0.689777,0.643098,0.756355,0.848174,0.649171,0.533003,0.708273,0.562355,0.634506,0.701424,0.772269
0.538925,0.701633,0.631451,0.838981,0.621444,0.799634,0.716621,0.679561,0.505738,0.699982,0.827210
0.596643,0.586145,0.614789,0.792190,0.562413,0.650194,0.699525,0.770961,0.757801,0.719032,0.823851
0.514527,0.598222,0.796964,0.809492,0.743163,0.610748,0.626205,0.617804,0.657481,0.489590,0.625467
0.479256,0.708229,0.777431,0.880797,0.482096,0.637332,0.673606,0.741245,0.727613,0.536888,0.635059
0.587396,0.779500,0.629701,0.746798,0.439398,0.628927,0.439897,0.764465,0.662086,0.588198,0.629035
0.494554,0.572322,0.729604,0.680904,0.537988,0.593239,0.521797,0.665168,0.697054,0.810936,0.662051
0.620995,0.717818,0.798350,0.750951,0.722151,0.556191,0.557910,0.633564,0.651717,0.793318,0.647419
0.502816,0.709670,0.728625,0.497395,0.738358,0.599476,0.422662,0.656906,0.532615,0.522587,0.531428
0.476509,0.562566,0.749867,0.594464,0.594574,0.495106,0.447227,0.574000,0.479436,0.616357,0.626492
0.568558,0.607471,0.675216,0.586954,0.711424,0.584815,0.546745,0.581335,0.651598,0.462094,0.627636
0.534274,0.710675,0.597841,0.588747,0.733221,0.626524,0.500387,0.562216,0.592453,0.514129,0.688903
0.440045,0.711841,0.673363,0.614861,0.629341,0.409772,0.653164,0.611766,0.577438,0.724903,0.672348
0.499326,0.771357,0.402571,0.553010,0.600596,0.386814,0.706743,0.492795,0.521291,0.664844,0.546831
0.637176,0.657600,0.487312,0.605730,0.560782,0.508995,0.653017,0.686386,0.382936,0.704149,0.578446
0.609331,0.602667,0.530248,0.440551,0.434342,0.563772,0.638541,0.580943,0.632036,0.628141,0.531665
0.567541,0.517948,0.409821,0.554133,0.441178,0.690560,0.606552,0.611493,0.560381,0.553514,0.535992
0.680759,0.457783,0.466336,0.505832,0.414710,0.653033,0.550622,0.469467,0.498330,0.412008,0.341486
0.634921,0.546994,0.420058,0.497135,0.438249,0.653573,0.602439,0.542821,0.493709,0.427845,0.398184
0.697026,0.462524,0.514759,0.455190,0.535363,0.511009,0.576752,0.452494,0.556062,0.388047,0.434500
0.770897,0.487773,0.444126,0.476334,0.445424,0.396322,0.540773,0.615960,0.536072,0.600395,0.416206
0.641954,0.566983,0.463526,0.485486,0.421562,0.487277,0.698324,0.450047,0.621732,0.598057,0.439104
0.514901,0.434313,0.489309,0.492360,0.412526,0.408698,0.612781,0.471508,0.748718,0.430476,0.656035
0.603606,0.498187,0.449957,0.710428,0.345414,0.546625,0.442465,0.528126,0.566347,0.386504,0.584901
0.628050,0.413685,0.513466,0.544323,0.331444,0.547722,0.472082,0.451291,0.598052,0.394345,0.687805
0.582520,0.437003,0.411881,0.632648,0.388437,0.423429,0.602088,0.394305,0.521791,0.381293,0.435982
0.542355,0.333342,0.365991,0.544402,0.373208,0.449228,0.518386,0.549212,0.460515,0.513191,0.447261
0.636033,0.534649,0.496586,0.515358,0.367849,0.452731,0.533622,0.475500,0.444996,0.506235,0.447074
0.544245,0.515150,0.483915,0.518506,0.357156,0.432352,0.462492,0.455264,0.599182,0.490811,0.519832
0.431132,0.468042,0.419988,0.562782,0.425077,0.328898,0.586098,0.478170,0.442550,0.453298,0.402858
0.404095,0.573086,0.471782,0.507871,0.453142,0.363701,0.515947,0.357867,0.516322,0.500592,0.464859
0.452236,0.460110,0.439142,0.516728,0.460173,0.404855,0.443097,0.510264,0.522896,0.551853,0.496946
0.445895,0.374245,0.385959,0.579929,0.387135,0.492357,0.415585,0.565723,0.549705,0.598646,0.578090
0.413880,0.326557,0.378719,0.527077,0.501820,0.549165,0.423191,0.471080,0.428720,0.492048,0.514082
0.428268,0.241940,0.333266,0.459273,0.379003,0.340156,0.502055,0.444964,0.431258,0.419984,0.553234
0.433904,0.392962,0.397061,0.548186,0.609168,0.421795,0.389700,0.388280,0.393220,0.382597,0.478851
0.433996,0.416723,0.455146,0.461581,0.381127,0.449269,0.413408,0.424785,0.445199,0.455818,0.550434
0.370587,0.414064,0.407668,0.492507,0.428236,0.379488,0.471290,0.273289,0.485740,0.520334,0.419904
0.374610,0.439454,0.464400,0.402282,0.437331,0.424776,0.429001,0.314869,0.462545,0.474733,0.641923
0.425790,0.337691,0.553731,0.433426,0.444323,0.357871,0.372603,0.351258,0.410761,0.471386,0.611697
0.454630,0.453836,0.415167,0.272234,0.422090,0.427272,0.351008,0.351368,0.360131,0.372195,0.442162
0.539204,0.369366,0.374421,0.346568,0.440806,0.472089,0.338662,0.473261,0.369799,0.466438,0.496458
0.441789,0.497833,0.359784,0.430139,0.455155,0.415688,0.336919,0.340217,0.315488,0.432201,0.308932
0.414463,0.459029,0.411975,0.413899,0.411914,0.449631,0.418568,0.353381,0.361750,0.507274,0.359186
0.499126,0.439074,0.353087,0.380148,0.388928,0.509473,0.410530,0.268598,0.408587,0.485944,0.434164
0.446642,0.424602,0.408409,0.313896,0.564491,0.468690,0.356514,0.332290,0.419246,0.365711,0.422572
0.497201,0.379484,0.413227,0.356833,0.389711,0.473371,0.445885,0.306358,0.429411,0.355843,0.529032
0.286047,0.388716,0.537917,0.474304,0.467820,0.552560,0.448212,0.386390,0.493158,0.269116,0.461784
0.510178,0.416499,0.426485,0.444092,0.475309,0.619187,0.369969,0.403470,0.400024,0.370820,0.356070
0.411531,0.533757,0.536837,0.481314,0.439199,0.511321,0.381396,0.397091,0.416248,0.426360,0.443441
0.465109,0.585693,0.431056,0.476583,0.382377,0.515372,0.441123,0.587009,0.424342,0.350296,0.378714
0.389653,0.573808,0.536593,0.582305,0.349901,0.501530,0.453149,0.503165,0.474903,0.387834,0.410277
0.505859,0.585819,0.491656,0.489553,0.356535,0.528280,0.531030,0.522155,0.403659,0.358406,0.354668
0.537031,0.468580,0.384477,0.374882,0.463752,0.441245,0.600595,0.412463,0.418422,0.407182,0.466202
0.390731,0.537647,0.431320,0.414140,0.448932,0.382006,0.507202,0.451371,0.295464,0.406423,0.461710
0.347912,0.573037,0.385844,0.413290,0.531249,0.412218,0.636730,0.406032,0.332849,0.362201,0.394273
0.380466,0.394815,0.494063,0.330572,0.531911,0.346348,0.439412,0.368502,0.361610,0.435559,0.411383
0.478568,0.409087,0.460329,0.392881,0.472878,0.431004,0.495059,0.486046,0.482317,0.605264,0.441489
0.562874,0.370727,0.540523,0.453043,0.367991,0.356699,0.454823,0.375601,0.577112,0.650800,0.497096
0.458105,0.444266,0.417443,0.478264,0.405911,0.337491,0.588021,0.560159,0.499100,0.652366,0.557323
0.473478,0.375232,0.477992,0.491414,0.504549,0.355351,0.575052,0.450479,0.512711,0.439916,0.573724
0.454675,0.403740,0.566205,0.393183,0.505953,0.446187,0.621306,0.564817,0.355743,0.450955,0.522914
0.413445,0.487005,0.523244,0.433746,0.441303,0.393488,0.575488,0.464432,0.304720,0.528269,0.434006
0.591407,0.409297,0.514980,0.499292,0.550034,0.415460,0.418159,0.479192,0.434385,0.499033,0.274079
0.570790,0.420139,0.497318,0.515290,0.516965,0.409795,0.589586,0.417231,0.437827,0.476365,0.523423
0.558088,0.440327,0.486847,0.474742,0.594481,0.578295,0.627252,0.480377,0.532944,0.427105,0.634552
0.594249,0.547118,0.558598,0.675813,0.557580,0.473508,0.519536,0.539032,0.493917,0.446509,0.483470
0.473961,0.592592,0.636149,0.568288,0.531994,0.679526,0.574342,0.572335,0.742435,0.463054,0.350145
0.574684,0.503982,0.481041,0.526906,0.581000,0.653289,0.565770,0.391811,0.716371,0.505755,0.517406
0.469554,0.662494,0.580461,0.464067,0.573945,0.691055,0.560779,0.527582,0.702740,0.451329,0.468186
0.510522,0.424930,0.572376,0.493640,0.751404,0.544463,0.604177,0.440243,0.707686,0.597075,0.472574
0.521686,0.432363,0.534492,0.536324,0.650433,0.505694,0.548757,0.601258,0.674392,0.611710,0.620372
0.397336,0.604768,0.468031,0.417855,0.498866,0.464747,0.578965,0.581468,0.603668,0.538771,0.660260
0.626430,0.443203,0.559546,0.435187,0.521072,0.463482,0.538369,0.469189,0.505596,0.477894,0.710648
0.471839,0.462684,0.756217,0.687791,0.788271,0.582786,0.681071,0.373299,0.524817,0.464758,0.659641
0.564283,0.547275,0.689179,0.397849,0.608708,0.547231,0.539299,0.620078,0.553292,0.599117,0.677685
0.586499,0.546467,0.663535,0.444289,0.718620,0.664271,0.810980,0.541865,0.520267,0.475090,0.768486
0.510731,0.578568,0.643759,0.497063,0.714906,0.648057,0.764211,0.455385,0.471304,0.431219,0.882189
0.752654,0.514206,0.652449,0.537547,0.676431,0.603920,0.741772,0.618316,0.609686,0.495724,0.619627
0.837794,0.657133,0.719185,0.742961,0.538013,0.700862,0.768698,0.576928,0.523796,0.539780,0.716570
0.827869,0.575166,0.694536,0.466545,0.707051,0.652750,0.726701,0.650301,0.596437,0.432708,0.850652
0.717196,0.687913,0.709959,0.616337,0.705055,0.543569,0.869949,0.665649,0.571039,0.569127,0.719827
0.929233,0.576008,0.708944,0.635265,0.549618,0.811049,0.924392,0.576156,0.549149,0.535326,0.735992
0.861524,0.730927,0.643356,0.690057,0.756238,0.662530,0.626803,0.718714,0.525866,0.650867,0.805214
0.721387,0.822582,0.713882,0.719754,0.861934,0.744145,0.731847,0.657678,0.823109,0.636408,0.846271
0.727765,0.962343,0.815849,0.713946,0.843351,0.788868,0.617154,0.749526,0.690239,0.668286,0.749578
0.785683,0.718664,0.712133,0.800274,0.701882,0.712806,0.575161,0.739961,0.777274,0.686438,0.704955
0.784318,0.854884,0.728419,0.695442,0.923653,0.805639,0.718806,0.653191,0.754111,0.799091,0.760808
0.629662,0.794496,0.783265,0.816668,0.707727,0.691367,0.747698,0.779850,0.790930,0.876520,0.921567
0.886735,0.741349,0.900385,0.816048,0.713778,0.677764,0.705083,0.795645,0.825158,0.873700,0.757973
0.737620,0.765495,0.921745,0.853070,0.625325,0.577884,0.799951,0.849344,0.736457,0.854334,0.681079
0.832289,0.841831,0.785880,0.813175,0.732177,0.887334,0.775906,0.886906,0.697544,0.940184,1.004156
0.779972,0.964383,0.883437,0.767734,0.671242,0.796599,0.824508,0.764475,0.627416,0.646618,0.744383
0.876392,0.721078,0.824116,0.694953,0.815988,0.619100,0.845136,0.837853,0.744639,0.770525,0.789804
0.778897,0.746974,0.808858,0.830808,0.763284,0.691863,0.854908,0.972499,0.833189,0.750333,0.690222
1.089760,0.829549,0.681116,0.931289,0.777400,0.940235,0.777746,0.827362,0.802518,0.849581,1.021651
0.577670,0.698915,0.706802,0.899561,0.698765,0.992165,0.954834,0.738563,0.685921,0.820360,0.824029
0.610267,0.864043,0.787620,1.020074,0.901209,1.038617,0.987569,0.915275,0.825670,0.884101,0.750819
0.599104,1.008810,0.994895,0.927671,0.904315,1.034182,0.854584,0.907243,0.995113,0.591183,0.883899
0.675255,1.283945,0.928444,1.119218,0.947607,0.855484,0.838288,0.776210,0.984117,0.779885,0.922637
0.631731,0.748014,1.017354,0.940509,0.974792,0.922541,0.706098,0.667050,0.770111,0.816707,0.877602
0.955960,0.929013,0.931623,0.862963,0.874875,0.917618,0.936133,0.759541,1.013090,0.771822,0.850287
0.737534,0.886461,1.015792,1.070394,0.789391,0.866834,0.775300,0.779431,1.059945,1.052811,0.707815
0.794959,1.091493,1.016847,0.955069,0.803284,0.781874,0.777387,0.793139,1.097994,1.203301,0.885226
0.850020,0.871322,0.961759,0.816440,0.830590,0.770014,0.885649,0.755002,1.174300,0.894610,0.930697
0.905678,0.929367,0.930497,1.137528,1.241972,1.096385,0.865762,0.784887,1.235973,1.082331,0.638321
1.086729,0.987344,1.075808,1.116829,1.087015,1.214323,0.834511,0.837579,1.165003,0.908930,1.080194
1.097571,1.135867,1.130168,0.984858,1.061332,1.093183,0.838763,0.955433,1.324434,1.121092,1.378063
1.104187,1.250289,0.997985,0.867700,1.152496,1.052162,0.855932,0.738209,1.125844,1.145643,1.052165
1.060661,1.046180,1.109836,0.890003,0.799131,1.071783,0.944277,0.989378,1.330599,1.050385,1.176414
1.299761,1.151311,1.082788,1.095524,1.096254,1.034772,0.874634,1.126257,1.172736,1.096331,1.088435
1.218438,1.145874,0.974681,0.921568,1.021295,1.318014,0.972688,1.053665,1.155420,1.163719,0.955031
1.222010,0.941718,1.227343,1.196329,1.115852,1.209344,1.144170,1.238058,1.207870,1.165157,0.938243
1.121584,1.193678,1.229222,1.085993,1.572944,1.197963,1.190991,1.249113,1.122758,1.159200,1.089124
1.004011,0.956108,1.212191,1.157704,1.241462,1.087173,1.426482,1.166804,1.386055,0.930128,1.157168
0.795911,1.344140,1.440492,0.973221,1.136884,1.113450,1.266183,1.232243,0.961027,0.935007,1.115857
1.354238,1.407377,1.339518,1.197453,1.370626,1.168348,1.361977,1.125493,1.006863,1.021758,1.366429
1.307937,1.358575,1.421972,1.496163,1.199908,1.315714,1.343780,1.467009,1.175939,1.393560,1.172190
1.307377,1.426297,1.279932,1.388957,1.501548,1.015012,1.386573,1.364089,1.287040,1.116105,1.069185
1.382708,1.281729,1.487173,1.350590,1.345552,0.847187,1.380039,1.583549,1.401981,1.440360,1.541020
1.591974,1.100001,1.508753,1.217090,1.514795,1.084760,1.082818,1.314809,1.214202,1.426783,1.362143
1.174306,1.249779,1.343394,1.338838,1.047291,1.276740,1.122785,1.475207,1.461438,1.680947,0.951403
0.943134,1.526059,1.518190,1.195990,1.261445,1.015700,1.149345,1.479261,1.138747,1.685321,0.947641
1.282032,1.127816,1.385958,1.453256,1.273269,1.125200,1.287575,1.373591,1.238612,1.598636,1.368991
1.305337,1.286141,1.126533,1.408266,1.506579,1.295956,1.562201,1.431199,1.172436,1.512804,1.028922
1.478713,1.357434,0.971949,1.524668,1.065191,1.383519,1.198113,1.630469,1.440892,1.510155,1.233988
1.429155,1.091791,1.306714,1.592370,1.476006,1.329828,1.391164,1.673397,1.555406,1.691877,1.386220
1.538379,1.322851,1.314920,1.399538,1.241318,1.490260,1.314610,1.531533,1.496384,1.670860,1.538306
1.773135,1.318626,1.610347,1.530582,1.129484,1.293444,1.438473,1.389526,1.794627,1.561096,1.299635
1.710654,1.349543,1.161978,1.112591,1.450754,1.437262,1.169632,1.863447,1.481418,1.478329,1.715469
1.470099,1.492328,1.384083,1.393852,1.602427,1.603324,1.417805,1.473397,1.478720,1.338749,1.580893
1.597318,1.598712,1.897568,1.154437,1.728658,1.669062,1.771150,1.328891,1.695033,1.553214,1.876507
1.262410,1.768413,1.957320,1.549062,1.313279,1.504348,1.679594,1.771447,1.552170,1.588519,1.691896
1.695337,1.734850,1.601655,1.492750,1.481147,1.450952,1.527479,1.717620,1.468552,1.319929,1.760064
1.520165,1.689876,1.823077,1.366153,1.724219,1.554867,1.593563,1.571194,1.640617,1.769998,1.944669
1.680452,1.654343,1.571804,1.933364,1.641847,1.638276,1.544189,1.787026,1.484909,1.695895,2.248116
1.721719,1.752802,1.747303,1.483834,1.511844,1.756299,1.549890,1.691492,1.665430,1.540241,2.004352
1.498813,1.606334,1.755496,1.895751,2.044480,1.714504,1.704242,1.860878,1.737273,1.687377,1.946651
1.889688,1.692095,1.783234,2.028123,2.136868,1.761156,1.921555,1.665558,1.816058,1.415361,2.166005
1.718556,2.000988,1.528597,2.154816,1.741581,2.177687,2.334520,1.972251,1.722500,1.216554,2.029433
1.949585,1.800063,1.899062,1.775012,1.487689,1.800047,1.437248,1.787488,1.910712,1.890510,1.899245
1.942765,1.924161,1.781496,1.968681,1.506533,2.159265,1.503253,1.646266,2.168165,2.252866,2.037374
2.021398,1.568813,1.439967,1.976084,1.208442,1.938987,1.840349,1.683027,1.871002,1.642287,2.368190
1.809098,1.814812,1.663127,2.422973,1.483615,1.866917,1.615428,1.767399,1.854796,1.791479,1.607966
1.977206,1.873375,1.780441,2.278743,1.602580,2.086581,1.879296,1.579325,1.968188,2.096925,1.633285
1.427768,2.130273,2.083310,2.011722,1.437593,1.692696,1.642893,2.254759,1.914124,1.893812,1.587611
1.498283,1.735805,2.069295,2.157465,1.693963,1.950647,1.700989,1.632505,1.597563,2.460745,1.794425
1.734453,2.026468,2.163183,1.981150,1.506123,1.664124,1.847004,1.702795,1.745302,2.046574,2.356935
1.772658,1.737913,2.232444,2.165456,1.786008,2.360761,1.921577,1.916654,2.017863,1.684853,1.820965
2.137351,2.000885,2.049545,2.205318,2.093838,2.390197,1.965989,2.293616,2.722497,2.388144,2.328003
2.325430,2.198794,1.939010,1.831588,1.926779,2.224240,1.758411,2.062758,1.760415,2.406258,2.285835
2.261325,2.207429,1.987591,2.181350,2.111335,2.482830,1.755389,2.386194,1.889025,1.964138,1.897903
1.997740,1.811842,2.156650,2.321328,1.816821,2.261638,2.098728,2.211747,2.259438,2.280888,2.258521
2.056584,1.805087,2.269732,2.111108,2.080062,1.858107,2.405963,2.221856,1.911681,1.563780,2.342516
2.351901,2.429648,1.779507,2.199516,1.988978,1.890660,1.504600,2.416128,2.144772,2.114742,2.429965
2.441633,2.584523,2.170951,2.230854,2.143582,2.014991,2.534125,2.421969,2.576695,2.395205,2.542337
1.942688,2.426755,2.092066,2.175539,1.688067,2.217798,2.685195,2.476832,2.162471,2.620138,2.630032
2.135068,2.336230,2.089183,2.673649,2.067343,1.976220,2.653917,2.504842,2.292589,2.175619,2.439530
1.825551,1.909433,1.812262,2.085537,2.522831,2.351642,2.613951,2.092885,1.806131,2.176899,2.264455
1.935076,2.216645,2.158539,2.204561,2.174302,1.943836,2.461010,1.893178,2.461932,2.325410,2.280163
1.917363,2.170057,2.025925,1.831189,2.352579,1.963399,2.611280,2.406035,2.899193,2.264470,2.165001
2.037554,1.912459,2.657135,1.989149,2.188321,2.143527,2.565091,2.373605,3.194645,2.749288,2.699706
2.315847,2.125865,2.651911,2.745687,2.811360,2.409551,2.552922,2.659916,2.833359,2.626212,2.854995
2.432444,2.070733,1.833014,2.585845,2.318764,2.549873,2.676473,2.623221,2.295839,2.687818,2.549564
2.124078,2.112431,2.509152,1.933781,2.909829,2.178138,2.641645,2.663506,2.037642,2.514559,2.802777
1.859054,2.549354,2.188935,2.408334,2.176766,2.360116,2.356889,2.236858,2.219065,2.993986,2.798767
2.819494,2.211312,2.144576,2.551820,2.784747,1.910111,2.563064,2.431329,2.319459,2.856497,2.197649
2.592636,2.477514,2.532985,2.449230,2.590925,2.593108,2.051027,2.856061,2.913775,2.620730,2.777040
1.925693,2.437675,2.399667,2.317685,2.250551,2.229182,2.054046,2.428749,2.347495,2.213725,2.384950
2.303880,3.181175,2.160984,2.087450,2.755939,2.101733,2.718308,2.333273,2.482061,2.444279,2.597633
2.215388,2.683758,3.035691,2.054087,2.184672,2.830459,2.597572,2.845021,2.319269,2.606272,2.387041
2.419071,2.814918,3.115345,2.212233,2.455377,2.426875,2.650708,2.712982,3.043161,2.903377,2.201324
3.038903,2.539749,3.186470,2.142775,2.940329,2.091203,2.389542,2.247051,2.802468,3.008535,2.445954
2.452526,2.286459,2.919317,2.567691,3.177057,2.379684,2.476834,2.858835,3.121872,2.782490,2.267534
2.827770,2.081487,3.103627,2.411923,2.721245,2.677329,1.972118,2.785041,2.784528,2.597617,2.919611
2.893776,2.424501,2.541950,2.745663,3.594889,2.438631,2.611722,2.311522,2.999502,2.962327,2.381648
2.428990,2.252997,2.882662,2.398469,2.622788,2.364197,2.958679,3.049266,3.367463,3.201348,2.317434
2.479041,2.754029,3.033462,3.171849,2.958040,2.427463,2.935689,2.886143,2.957900,3.068152,2.905801
1.942278,2.862276,3.341476,2.650694,2.773477,2.915137,2.978197,2.939430,3.075276,2.652392,2.320481
2.957333,2.946338,2.843973,2.792947,3.313198,2.373512,2.615887,2.920706,2.798253,2.804964,2.592914
2.767899,2.707808,2.521024,2.870736,2.829541,3.026377,2.804254,3.186732,2.747506,2.528995,3.021624
3.509792,3.517924,2.483030,3.753889,2.835949,3.259887,2.650284,3.146872,2.846357,3.002230,3.322833
2.674153,3.447074,3.193373,3.475159,2.950118,3.305608,3.333318,2.704700,2.677278,3.215107,3.335524
3.195002,3.617294,3.183663,2.753015,3.200389,3.211205,3.274201,2.423354,2.491260,2.305900,3.487397
2.336354,2.501096,3.114870,3.013707,2.747249,2.450991,3.126774,2.360642,3.403226,2.640280,3.131003
3.272543,3.120315,3.011498,2.946288,3.033991,3.043682,2.535683,2.998927,3.418595,3.340600,3.191149
3.050445,2.452796,3.228803,3.671062,2.212057,3.162378,2.705843,3.339857,2.974000,3.097777,3.064214
2.655237,2.793852,3.409967,2.624769,2.943646,3.278111,2.125420,2.542762,2.632835,3.111001,2.810112
3.181662,2.610131,2.783377,2.888824,3.230314,3.250122,2.663396,3.665000,2.996279,3.075494,3.250921
2.600021,3.603439,3.076617,2.241596,2.657353,3.135376,3.072825,3.706957,2.724481,2.699217,3.582328
2.509649,3.438204,2.606254,2.699563,3.704988,3.488659,2.425456,3.220188,2.596873,3.065563,3.432989
2.731131,3.579857,3.541575,2.909348,3.140516,2.681162,2.552343,3.101939,3.597222,2.392684,2.836662
3.341089,2.647655,3.128494,2.989791,3.648237,3.073852,2.888750,3.025476,2.771750,2.640526,3.225606
2.967451,2.593029,3.451840,3.627020,2.853549,3.207864,3.396684,3.382948,2.632018,2.984014,3.329756
3.292986,3.330896,3.015743,3.231959,3.540306,3.156644,3.290419,2.909729,2.984269,2.150176,3.295568
3.100450,3.384125,2.964901,3.952286,3.114370,3.443318,3.236193,3.064099,3.902129,2.625291,3.450624
2.551368,3.394134,2.834251,2.347966,2.446966,3.629905,3.720594,3.342529,3.538944,2.892180,3.886382
3.919555,3.375766,2.318773,2.925831,2.692184,3.483202,3.590280,3.100941,3.200625,2.486508,3.734837
3.523242,3.201688,3.075839,2.882859,3.186504,3.710077,3.033632,3.071972,4.072339,3.224758,3.270463
3.003136,3.255708,3.579141,3.196197,3.250887,3.923465,2.961593,3.290133,3.285349,3.181412,3.247271
2.767084,2.904965,3.618534,2.678102,2.965299,3.816055,3.246686,3.625856,3.285478,3.228418,3.798707
3.101385,3.915221,3.913893,2.608008,3.430899,3.494155,3.336765,3.087135,2.717487,2.677728,3.856692
3.003138,2.896778,2.686252,2.139635,2.798259,3.548719,3.442607,3.528287,3.943914,2.940027,3.535327
3.292711,2.983196,2.789823,2.389333,2.590401,3.496156,3.856968,3.044791,3.771561,2.730427,3.298806
2.937242,3.245755,3.496525,2.606561,2.990560,3.898147,3.149165,3.857158,3.135920,3.020397,3.757113
2.698996,3.686892,4.045600,3.050862,3.274544,3.566602,3.598202,3.258395,3.567662,2.680336,3.411674
3.229224,2.513985,3.365648,3.311431,3.957679,2.928191,3.189328,3.783112,3.461069,3.211403,3.022788
3.392641,2.868538,3.483610,3.416289,4.316436,3.115773,3.070900,3.336940,3.447151,3.104215,3.104312
3.575957,2.897879,3.591280,3.585630,4.161314,3.560896,3.324780,3.304421,2.929754,2.756416,3.917019
3.629332,3.683445,3.325553,3.895513,3.561215,2.981120,4.017841,3.210708,2.745385,2.777205,3.382793
3.309975,3.706062,2.741170,3.583769,3.538521,2.499077,3.640311,2.782681,3.017369,4.112827,2.751956
3.600126,2.994447,3.533663,3.479338,2.705948,3.151329,3.797084,3.369650,3.419118,3.774141,2.428855
2.498132,3.891955,3.546002,4.296048,2.998221,3.215483,3.714945,3.621075,2.998576,3.645265,3.534961
3.410988,3.862349,3.116108,3.861484,3.358937,3.001806,3.736201,3.138549,3.114080,3.735533,2.612144
3.611218,3.523230,3.317187,4.853137,2.790391,3.798787,3.363853,2.868814,3.669054,3.367759,2.888595
3.257962,3.397470,3.156837,4.206317,3.427068,3.627490,3.031698,2.565479,3.429533,3.663265,2.716099
4.266876,3.837628,3.086215,3.908722,3.584441,2.557255,3.222547,3.360018,3.156531,3.124867,2.872996
3.488873,3.994290,3.086425,3.474076,3.270849,3.781806,3.285544,3.336897,3.375303,3.952820,2.691276
3.579601,3.596334,3.349800,3.818185,3.057340,3.084260,3.230415,3.209779,2.887703,3.929685,3.354912
3.892270,3.156841,3.582185,3.011574,2.437300,3.390025,3.687870,3.556617,3.531106,3.484025,2.202753
2.799712,3.962695,3.202856,4.373056,3.231990,3.001738,3.362918,3.877807,3.174987,3.669610,3.915106
2.987618,3.337512,3.807870,4.180380,2.865804,3.662095,4.164981,3.654393,3.939227,3.791128,3.702396
2.996415,3.673176,3.154596,3.887041,3.729061,3.332758,2.866965,4.335047,3.933488,3.262417,3.384899
3.375597,4.218208,2.954496,3.639238,3.730667,3.135652,3.242017,3.405712,2.825895,3.234181,3.358744
2.932298,2.780995,3.349628,3.289605,3.118020,3.715393,2.748030,4.043062,3.344202,2.999686,3.539473
2.750749,3.694929,3.844458,3.765152,3.429754,3.367325,3.349758,4.200656,3.367536,3.637396,3.639792
3.171300,2.958265,3.457760,3.944836,3.749538,2.736252,3.688333,3.144522,3.633452,3.784365,2.651289
3.516895,3.834192,3.381574,3.492481,3.483925,3.685547,3.571337,3.292666,2.967946,2.954983,3.358328
3.666088,3.125165,3.390686,3.378384,3.128171,3.886814,3.611026,4.228692,3.764202,4.111629,3.886194
2.970973,3.756508,3.455730,4.482246,3.325216,2.748965,3.144187,3.144259,2.720113,3.788178,4.062702
4.402086,3.266601,3.905518,3.477745,2.862402,3.957745,3.594858,3.703675,2.668051,2.993312,4.143972
3.002241,3.018539,3.442061,3.264602,3.746439,4.142861,4.159152,3.390186,3.309558,2.575785,4.182623
2.906869,3.603744,4.054027,3.382405,3.963046,4.186035,3.624784,3.901515,3.708548,2.842304,3.908208
3.756706,3.155757,3.848341,3.446026,3.411549,3.325799,3.014204,3.223231,3.875297,3.458196,3.381498
3.598060,3.335263,3.809952,3.326678,3.168066,3.521927,3.645031,2.957206,3.200979,3.507913,2.988114
3.175650,3.746433,3.280252,3.157251,3.124009,3.247127,3.056373,3.374518,3.022357,3.151876,3.066051
2.893619,2.556756,3.268518,3.544445,2.659021,3.805844,3.824005,3.029901,2.960525,3.487815,3.160387
3.393404,2.949717,3.576137,2.704053,2.596523,3.188057,3.602986,3.198362,3.586386,3.118321,3.257914
3.585376,3.433564,2.746950,3.177357,2.919541,4.137260,4.329593,3.384749,2.877767,3.819315,3.130726
2.547811,3.550675,2.941445,3.443102,2.788408,3.389871,3.627816,3.836936,3.334460,3.523449,3.931853
3.301510,3.285200,3.335487,3.637628,2.476970,3.383729,2.904798,3.588711,3.692479,3.837937,2.669796
3.791769,2.921404,3.237163,3.136426,3.361514,3.584210,4.433050,3.915338,3.763236,3.948762,3.758450
3.245929,2.759965,3.539899,3.746627,3.518434,3.121598,2.970841,3.789901,3.540025,3.331047,3.833762
3.721407,2.599107,3.639740,3.869316,3.772619,3.968199,3.659423,2.888379,3.056434,3.512052,3.623637
3.704792,2.806970,3.387137,3.089628,3.622127,2.951627,3.354532,3.711341,3.220662,3.582217,3.362695
2.570317,3.603927,3.154628,3.605050,3.169233,3.246206,2.925954,4.356846,2.641242,3.353239,2.830224
3.299078,3.265986,3.624380,3.663497,2.842760,3.094367,2.295690,3.542722,3.506037,3.475287,3.162365
2.829553,3.335907,3.284291,3.907145,3.462101,4.418056,2.714028,3.677237,3.688629,3.226854,3.457837
3.547883,3.451268,2.918519,3.352434,4.169597,3.336219,3.840169,3.900560,3.768597,3.266614,3.946402
3.504632,3.952495,3.745454,3.462193,3.440701,3.047998,3.469428,2.914631,3.026327,3.346884,4.115410
3.164436,3.266449,3.277453,3.315275,2.899161,3.005634,2.749195,3.767629,2.846210,3.398296,3.710400
3.847026,2.756560,3.913137,3.833482,2.740117,3.569871,3.224253,3.197421,3.329672,3.412409,3.431160
2.881145,3.361895,3.712162,3.031334,2.881324,2.806338,2.772478,3.336167,2.893463,3.466685,3.292202
3.072200,2.649395,4.219306,4.013994,3.584328,2.808748,3.824166,3.014058,3.243019,3.751391,3.319599
2.993998,3.535339,3.329504,3.696100,3.688843,3.559091,3.187879,3.041923,3.468552,3.482245,3.470724
2.200420,3.374517,3.602156,3.133464,4.259994,2.606173,3.338666,2.573268,3.689440,3.687559,2.945906
3.007474,2.695224,3.091217,3.140989,3.409845,4.129393,2.956121,2.815994,3.809322,2.962177,2.530933
2.641367,2.882485,2.375081,3.928096,3.245562,2.981094,3.588008,3.226437,3.532593,2.594311,3.026797
3.699885,2.894713,3.494508,3.384001,3.421722,3.250506,3.922552,3.478134,3.713548,3.246887,3.702357
3.226474,2.690744,3.444604,2.978091,3.366727,3.153630,4.076163,3.246255,3.420802,2.964465,2.742250
2.763538,3.828175,3.507984,2.505191,2.432008,3.306368,2.856856,2.946370,2.848698,3.456122,3.001479
3.809519,3.578561,3.289065,3.001740,2.935332,2.654587,3.087656,2.520478,3.223508,3.814200,2.967459
2.992189,3.675566,2.684821,2.923776,2.265207,2.313114,2.593452,2.918052,2.408021,3.273387,2.858930
2.687164,3.003607,3.532739,2.719308,2.490916,2.684874,3.016115,2.214171,2.954687,3.277273,3.526344
3.154681,3.301266,2.510073,2.794893,2.582805,2.925629,3.257460,2.282623,3.162428,3.305089,3.069623
2.657332,2.716120,3.849392,2.956388,2.821936,2.563278,3.103293,2.852934,2.689825,3.364829,3.407711
2.703933,2.909318,2.944534,3.178994,2.938781,3.118084,2.853934,2.154970,2.383469,3.155109,3.019487
3.090366,2.645309,3.194361,2.914996,3.027070,3.036813,2.901132,2.198567,3.402434,3.448770,3.478712
2.565775,2.267355,3.570535,2.757308,2.660944,2.872701,3.014816,3.086505,3.005281,3.045805,3.236540
3.013234,2.827033,2.857706,2.936543,2.734971,2.743415,2.858932,3.130911,2.856106,2.646933,2.994392
3.162650,3.061979,3.013530,2.634759,3.040187,3.062707,2.454675,3.070963,2.788271,2.789926,2.974426
2.890845,2.860461,3.174321,2.449264,2.649859,3.328081,2.297558,2.916922,2.963529,2.425125,3.366289
3.112767,2.687859,3.025345,2.674052,3.252623,3.437137,2.389923,3.307119,2.430853,2.447878,2.880238
3.000897,3.374574,3.039157,2.654026,2.631123,3.092850,2.588178,3.599070,2.212415,2.774401,2.591744
2.904623,3.187618,2.912374,2.970765,2.668334,2.906948,2.552239,3.082010,2.877242,2.513527,3.160598
2.361650,3.568404,3.317403,3.375824,3.205079,2.699023,2.299103,3.011963,2.972783,2.898956,3.310235
3.028532,2.782523,2.542340,3.042494,3.516275,2.648101,2.631210,2.626129,2.295786,3.185796,2.501023
2.404703,3.262834,2.678592,3.056447,3.155466,2.375501,2.751035,2.436227,2.876529,2.861909,2.880866
2.476789,3.480756,2.665755,2.814757,2.787558,3.340017,2.660250,2.577540,3.184056,2.957140,2.511293
3.372496,2.938834,2.404825,2.975185,2.685951,3.243854,2.737868,2.922550,2.527968,2.961128,2.397173
2.636898,2.673595,3.121816,3.251007,2.458382,2.529349,2.165331,3.063420,2.687668,2.371044,2.857939
2.773525,3.022509,2.916702,2.306242,2.760657,2.710241,3.211401,3.175453,2.655247,2.569271,2.468809
2.169448,2.851829,3.345147,2.763658,2.688008,2.555210,2.632576,2.908432,2.632647,2.246995,2.422443
2.518731,3.053618,3.249808,2.518151,2.175420,2.749030,2.360474,2.170562,2.588666,3.035235,2.275289
2.873308,2.721039,3.349138,2.943069,2.726923,2.580851,2.199810,2.408146,2.104128,2.541985,2.500798
2.095714,2.631077,2.849559,2.665959,2.122060,2.213385,2.661401,2.487448,2.292556,2.979609,2.319219
2.305833,2.360847,2.764436,3.205808,2.443460,2.412712,2.777827,2.538429,2.445625,3.017422,3.259088
1.895901,2.633167,2.828091,2.103172,1.868211,2.904630,2.446415,2.372545,2.582707,2.761264,2.610247
2.372287,2.809463,2.822140,2.539505,2.483527,2.498414,2.750451,2.170229,2.545144,2.811258,2.963849
2.588718,2.809897,3.283150,2.591749,2.728100,2.683119,2.245287,2.418001,2.171394,2.770570,2.512900
3.116187,2.411640,2.934963,2.898991,2.503531,2.571769,2.344698,2.293451,2.377379,2.738446,2.717291
2.494539,2.208668,3.049241,2.293264,2.917019,3.027334,2.155941,2.331272,2.461954,2.825679,2.601856
2.187046,2.067463,2.152021,2.347311,2.495640,2.770888,2.182086,2.669657,2.059098,3.131552,2.635320
2.676056,2.151224,2.126009,2.763934,2.032107,2.076594,2.533576,2.556292,2.209626,2.472945,2.588220
2.516273,2.237808,2.497765,1.975464,2.489948,2.412965,2.556858,2.618522,1.890840,2.504749,2.342468
2.779596,2.489015,2.209166,2.331243,2.229098,2.742438,2.538233,2.158839,2.561331,2.315746,2.375389
2.325300,2.282159,2.568206,2.262256,2.334286,2.095898,2.234829,2.493380,2.756650,2.035486,2.326033
2.101840,2.230536,2.485940,2.796851,2.494321,1.848111,2.303355,2.605832,2.083780,1.896234,2.114787
1.879047,2.037173,2.537013,2.473254,2.591617,2.494681,2.789134,2.102485,2.096402,1.748147,2.061633
2.250826,1.826547,2.429635,2.122092,2.573300,2.108830,2.533917,1.930014,2.267978,2.000818,2.281799
2.368164,1.853849,2.732051,2.314120,2.402355,2.279116,2.324559,1.706744,2.490280,2.684634,1.812944
1.993420,2.284640,1.846522,2.282343,2.353628,2.105412,2.295344,1.864370,2.664220,2.189443,2.136419
2.085585,1.712146,1.757840,2.086026,2.668896,2.000530,2.167352,1.699899,2.313975,2.016156,2.392395
2.475024,2.162015,1.824921,2.129162,2.186739,2.718823,2.145411,1.611528,2.309103,2.542662,2.089243
1.973436,1.866507,1.772865,1.883342,2.234577,2.365767,2.193793,1.940121,2.039621,2.036690,1.594483
2.113053,2.376988,1.858653,2.319292,1.969872,2.223739,2.680831,1.634267,1.978190,2.036617,2.250538
2.159894,2.338264,2.025970,2.714964,2.388244,1.839427,2.064858,1.901160,1.800283,2.314433,2.249254
1.953052,1.868794,1.674730,2.161361,2.243774,2.121898,2.454834,2.051780,2.334712,2.126956,2.210163
2.280520,1.698060,1.784741,2.271158,2.401855,1.634581,2.162905,1.784564,1.652842,1.643950,2.405720
2.033565,1.523864,2.028998,1.710517,1.931709,1.668253,2.398841,2.069020,1.396185,2.011695,1.985716
1.630962,2.091307,2.133291,1.829636,1.866249,1.845430,1.887196,2.493830,1.628574,1.697680,1.850911
1.640040,1.648920,1.523176,1.660261,2.075114,1.548238,1.806317,1.847186,1.842596,1.566468,2.195565
1.676715,1.902773,1.720414,1.562283,1.724901,1.951152,1.868141,2.120593,1.763847,1.710790,1.340160
1.915083,2.288844,2.058884,1.937207,1.558740,1.866665,2.182113,1.994132,1.732334,1.392027,1.878346
1.519065,1.487869,1.953491,1.534106,1.684730,1.849480,1.750238,2.440990,1.866878,1.812113,1.980045
2.033266,2.012165,2.113888,1.542252,2.315856,1.806471,1.736893,2.010953,1.647998,2.019358,2.103634
1.824325,1.765509,1.791964,1.298873,1.853714,1.948089,1.551251,1.709922,1.672644,2.128877,1.715158
1.799088,1.823696,2.115377,1.439379,1.964130,1.433020,1.975063,1.235893,1.729655,1.957588,1.536052
1.341144,1.705642,1.939269,1.660842,1.876415,1.990744,1.375002,1.814015,1.823330,1.652014,1.382576
1.654643,1.720102,1.777957,1.833909,1.549450,1.673404,1.228728,1.523445,1.799539,1.574648,1.380553
1.647406,1.809120,1.716295,1.650920,1.420762,1.744888,1.400880,1.399376,1.893431,1.519214,1.710005
1.552542,1.745850,2.098889,1.250630,1.573806,1.355314,1.539394,1.643646,2.037328,1.577764,1.507849
1.469487,1.664477,1.868219,1.280193,1.580702,1.363301,1.207472,1.431626,1.692971,1.727045,1.588828
1.335275,1.294200,1.575778,1.569060,1.757758,1.730405,1.374441,1.507314,1.426758,1.524884,1.185013
1.434491,1.303755,1.332194,1.394326,1.458115,1.472879,1.300623,1.704114,1.402625,1.753357,1.623082
1.470659,1.371567,1.301593,1.256300,1.754364,1.098211,1.661156,1.753143,1.085391,1.866755,1.692619
1.379182,1.087497,1.530492,1.417011,1.642224,1.617978,1.309642,1.540516,1.383531,1.311834,1.504838
1.489751,1.110321,1.491734,1.413357,1.434276,1.611273,1.177126,1.398741,1.419596,1.379984,1.412539
1.573200,1.328826,1.548151,1.435207,1.400365,1.509210,1.398612,1.144768,1.334487,1.511831,2.026597
1.418035,1.444537,1.463071,1.173083,1.576499,1.352654,1.329396,1.088610,1.664619,1.526512,1.279241
1.432816,1.320262,1.323099,1.264018,1.448817,1.381586,1.418544,1.411795,1.614267,1.406559,1.846352
1.460372,1.325252,1.046816,1.176850,1.398329,1.395178,1.559389,0.969888,1.645506,1.403171,1.757676
1.422688,1.513162,1.119921,1.253640,1.406286,1.395599,1.252237,1.005663,1.184977,1.156661,1.644360
1.350146,0.981613,1.226904,1.337274,1.378137,1.411838,1.316180,1.237283,1.276333,1.370758,1.400061
1.341036,1.010398,1.150682,1.802428,1.687220,1.354553,1.247910,1.060962,1.212563,1.024165,1.270661
1.350511,1.231103,1.166383,1.783445,1.343539,1.286999,1.202574,1.378358,1.099083,1.108158,1.044354
1.631126,1.200434,1.088391,1.354938,1.543536,1.107094,1.275937,1.393076,1.276375,1.166728,1.209111
1.088088,1.146556,1.271608,1.272819,1.429912,1.136984,1.137401,1.198301,1.095171,1.220958,1.292290
1.142746,0.837286,1.019922,1.273325,1.386810,1.402943,1.422041,1.099649,1.170241,1.222802,1.157162
1.345579,1.011776,1.203453,1.070972,1.236123,1.340335,1.485831,0.961892,1.104559,1.114969,1.023072
1.442921,1.061117,1.175277,1.352343,1.101170,1.072066,1.222934,0.802379,1.061941,1.299978,1.150698
1.135040,1.061622,1.146746,1.201142,0.908018,1.069489,1.089569,1.140043,1.371730,1.284471,1.279146
0.832679,1.027079,1.283927,1.347079,1.110098,0.749365,0.932892,0.987707,1.043920,1.269567,1.337759
1.085815,1.008669,1.258413,1.083155,0.868906,0.841805,1.147174,1.024209,0.895638,0.884810,1.028204
0.936122,1.161814,0.867425,0.996818,0.977550,0.704257,1.254070,1.014811,1.198810,0.980896,1.353150
1.072595,1.086031,1.217707,1.135985,0.925174,0.937143,0.862018,0.762764,1.151569,0.895789,1.153846
0.905837,1.100965,0.870380,0.947105,0.802382,0.853525,0.866623,0.925419,1.235385,0.838210,0.824912
0.748202,1.130843,1.055690,0.981831,0.958505,0.948928,0.997527,0.887353,0.877446,0.816394,1.091817
1.124089,1.135446,0.797749,0.864367,0.768406,0.827853,0.851376,0.855932,0.827656,0.814639,1.027173
1.097018,0.964744,0.744885,1.093785,0.853424,0.789292,0.905698,0.622720,0.868159,1.003558,0.703300
0.852023,0.883131,0.773518,0.902587,0.840314,0.709905,0.902074,0.705908,0.679083,1.199565,0.969452
0.996263,1.034737,0.705264,0.854090,0.879789,0.826540,0.839684,0.775831,0.756207,1.086622,0.760418
0.725135,1.007747,0.714157,0.760960,0.902715,0.945700,1.063905,0.907601,0.794486,0.967546,0.755906
0.982950,0.673579,0.576375,0.802975,1.050427,0.838792,0.823415,0.845146,0.854960,0.829656,0.669760
0.734409,0.721060,0.843516,0.824122,0.877500,0.922104,0.781726,0.841646,0.957282,0.799187,0.979393
0.799436,0.753623,0.838365,0.971746,0.677133,0.706951,0.599621,1.107192,0.690142,0.773812,0.874312
1.120436,0.887944,0.815963,0.756547,0.847168,0.948136,0.760828,0.813919,0.697023,0.901911,0.705656
0.800323,0.957027,0.920893,0.693790,0.970373,0.827545,0.956836,0.842302,0.856436,0.790817,0.814113
0.572030,0.954350,0.702792,0.646646,0.742477,0.683477,0.713318,0.778378,0.665801,0.746174,0.886362
0.693980,0.990675,0.889768,0.638181,0.763166,0.619552,0.722018,0.789051,0.855305,0.596537,0.905895
0.730301,0.801012,0.903388,0.420502,0.666502,0.690271,0.688297,0.772563,0.932006,0.638156,0.680672
0.712629,0.768530,0.800148,0.484926,0.748224,0.935875,0.810982,0.864964,0.720189,0.691008,0.724019
0.633813,0.766617,0.656550,0.590193,0.726118,0.844386,0.722744,0.680225,0.763587,0.704811,0.720931
0.734078,0.834723,0.582812,0.654794,0.699063,0.758365,0.680980,0.667509,0.689203,0.872855,0.844405
0.537819,0.615232,0.717041,0.519285,0.580264,0.938042,0.712266,0.539837,0.886027,0.927745,0.793442
0.707510,0.599310,0.693522,0.521078,0.693194,0.700623,0.617205,0.727378,0.852919,0.799043,0.703348
0.615857,0.631600,0.752798,0.656763,0.794843,0.584201,0.912918,0.589290,0.820715,0.819319,0.772554
0.628752,0.610171,0.645024,0.594268,0.721804,0.537144,0.789498,0.544256,0.721421,0.646070,0.661365
0.624234,0.725310,0.742206,0.532824,0.770544,0.604565,0.878541,0.548221,0.740381,0.635811,0.614209
0.592091,0.627427,0.778034,0.517877,0.637544,0.717923,0.655374,0.626632,0.587032,0.781857,0.549017
0.685344,0.592330,0.701563,0.566355,0.625685,0.700019,0.626974,0.645483,0.554330,0.631637,0.716046
0.699952,0.662345,0.723650,0.610253,0.723999,0.702806,0.691802,0.698054,0.757547,0.601878,0.639212
0.677940,0.690601,0.792461,0.612946,0.592443,0.844305,0.535948,0.614000,0.697640,0.552639,0.623625
0.569016,0.477568,0.695607,0.632523,0.696086,0.640402,0.679285,0.679097,0.759689,0.529404,0.606077
0.595605,0.429251,0.578902,0.488512,0.615375,0.586570,0.476699,0.766983,0.645081,0.430471,0.656983
0.587990,0.419648,0.785096,0.592844,0.666970,0.603716,0.562121,0.491820,0.678183,0.479539,0.563061
0.693386,0.424818,0.665345,0.657984,0.565253,0.729985,0.534728,0.626502,0.575659,0.367963,0.648553
0.617419,0.430686,0.496184,0.610383,0.598514,0.784049,0.535139,0.375676,0.417426,0.420560,0.485482
0.665833,0.627398,0.604124,0.652397,0.662945,0.607640,0.562724,0.511735,0.633674,0.389543,0.594735
0.643375,0.565810,0.389783,0.622496,0.536878,0.714089,0.536660,0.486568,0.461826,0.352978,0.467817
0.724544,0.476833,0.575341,0.581086,0.623167,0.690226,0.468765,0.524647,0.411774,0.396233,0.632886
0.615966,0.469283,0.481556,0.565793,0.632508,0.566580,0.549238,0.634662,0.439215,0.453861,0.472399
0.632532,0.622763,0.547814,0.542653,0.612030,0.594764,0.452553,0.550858,0.378427,0.527241,0.404576
0.543043,0.457321,0.441574,0.540711,0.568695,0.545108,0.471748,0.479681,0.459953,0.421228,0.432407
0.544138,0.601628,0.424998,0.397566,0.385168,0.469187,0.610246,0.449831,0.542329,0.360682,0.345495
0.530116,0.614451,0.448210,0.454921,0.463844,0.517477,0.554971,0.465988,0.484530,0.431631,0.523942
0.475233,0.450952,0.421583,0.485066,0.586224,0.491792,0.557479,0.450757,0.719389,0.416942,0.512071
0.545839,0.499818,0.512420,0.382060,0.540462,0.388166,0.601749,0.536035,0.554978,0.529248,0.526674
0.602954,0.459908,0.598935,0.500631,0.395931,0.477030,0.502453,0.517720,0.585176,0.297254,0.598879
0.477113,0.533795,0.561711,0.471914,0.477233,0.584907,0.403503,0.437941,0.439101,0.300269,0.662944
0.416028,0.474449,0.585292,0.521025,0.448376,0.551183,0.478556,0.531336,0.636847,0.340430,0.542581
0.498938,0.405195,0.445114,0.556719,0.418969,0.540160,0.444747,0.419009,0.647894,0.455329,0.515174
0.542483,0.533603,0.559898,0.537226,0.423799,0.578462,0.502904,0.416346,0.492240,0.423912,0.581736
0.595979,0.546882,0.490202,0.448721,0.449365,0.685642,0.365181,0.457563,0.526854,0.560830,0.518511
0.401023,0.487743,0.499006,0.457107,0.352636,0.511149,0.359412,0.359398,0.581090,0.404230,0.477667
0.477856,0.524872,0.432226,0.469859,0.348386,0.474520,0.344792,0.380312,0.460688,0.426501,0.438946
0.465303,0.676984,0.317333,0.495354,0.327778,0.462351,0.413951,0.291556,0.502706,0.410671,0.388378
0.396576,0.629277,0.350602,0.491575,0.464742,0.417099,0.414607,0.476716,0.488241,0.420474,0.415146
0.452533,0.390071,0.424107,0.462806,0.374311,0.410986,0.405572,0.490811,0.569621,0.414453,0.348158
0.477374,0.340828,0.498644,0.445138,0.438971,0.395472,0.319554,0.415375,0.489033,0.463601,0.422015
0.469862,0.382809,0.541464,0.472891,0.441780,0.442890,0.541605,0.403647,0.397879,0.510567,0.389155
0.303956,0.480718,0.463357,0.550849,0.468199,0.471450,0.483987,0.520821,0.387017,0.386258,0.491950
0.337032,0.543717,0.550495,0.514088,0.398624,0.491262,0.373761,0.484045,0.428181,0.539771,0.390517
0.354657,0.460721,0.516099,0.436801,0.516362,0.549385,0.436518,0.443414,0.441162,0.477657,0.480611
0.524401,0.494673,0.501404,0.493801,0.418293,0.470050,0.409987,0.425334,0.367486,0.536442,0.427015
0.404560,0.530844,0.461644,0.451744,0.490500,0.461707,0.409158,0.408409,0.519510,0.454016,0.395379
0.380306,0.477674,0.494306,0.512039,0.509175,0.345051,0.413077,0.409057,0.525467,0.550662,0.405962
0.528687,0.452192,0.442319,0.543717,0.439202,0.388028,0.398933,0.374144,0.449655,0.457827,0.546215
0.375349,0.488687,0.450029,0.387233,0.487760,0.436935,0.434044,0.411865,0.521989,0.378264,0.521871
0.325792,0.600846,0.514168,0.435780,0.394477,0.535254,0.328132,0.401150,0.372951,0.448508,0.499838
0.482944,0.516380,0.510388,0.444194,0.395593,0.395488,0.380752,0.381914,0.449932,0.370116,0.518000
0.583986,0.518743,0.542294,0.382588,0.367269,0.414794,0.486376,0.356700,0.588656,0.474902,0.475981
0.562999,0.495714,0.362376,0.369723,0.437425,0.442740,0.387562,0.417348,0.359409,0.456470,0.576359
0.565019,0.516176,0.366851,0.434631,0.441406,0.466039,0.422558,0.462023,0.449649,0.448372,0.557928
0.555054,0.425142,0.354984,0.380105,0.424683,0.343376,0.452196,0.608470,0.459895,0.412225,0.431176
0.512018,0.353075,0.489362,0.307604,0.355790,0.382409,0.460351,0.518348,0.387801,0.544222,0.485840
0.489950,0.502280,0.415558,0.375233,0.429066,0.444315,0.477940,0.427051,0.462763,0.482276,0.433894
0.360799,0.465403,0.406281,0.397794,0.399658,0.401374,0.350951,0.464456,0.346741,0.417736,0.468845
0.375136,0.366157,0.479941,0.600728,0.357009,0.424145,0.347333,0.486637,0.503474,0.458250,0.378584
0.454548,0.361883,0.467962,0.383775,0.416523,0.472153,0.377937,0.553078,0.410789,0.514984,0.502028
0.497599,0.489143,0.432458,0.557785,0.479507,0.442843,0.309080,0.431457,0.454753,0.504977,0.480876
0.534307,0.472236,0.322832,0.495072,0.394698,0.477806,0.351789,0.549498,0.594975,0.417910,0.523947
0.562963,0.455915,0.350918,0.524832,0.350497,0.408917,0.406040,0.579881,0.522307,0.446795,0.548543
0.432549,0.353087,0.461815,0.486775,0.387750,0.464720,0.513172,0.418085,0.513501,0.461487,0.624528
0.505357,0.391826,0.459700,0.541052,0.393984,0.415739,0.577462,0.548876,0.431417,0.542967,0.721979
0.490452,0.359603,0.540919,0.410994,0.484616,0.487047,0.641677,0.529345,0.633269,0.538106,0.626166
0.442502,0.362033,0.443512,0.297042,0.486613,0.584420,0.634149,0.435802,0.547066,0.631761,0.531959
0.537385,0.484078,0.431997,0.406391,0.497839,0.586367,0.379924,0.445685,0.446871,0.549618,0.650585
0.509894,0.466292,0.336123,0.492851,0.592160,0.424377,0.458721,0.541510,0.449198,0.636545,0.560510
0.549507,0.543098,0.337344,0.583082,0.637986,0.659217,0.531604,0.359027,0.446069,0.657785,0.477073
0.588405,0.507020,0.434301,0.581092,0.543883,0.554758,0.518696,0.422541,0.417420,0.517729,0.397542
0.493999,0.512649,0.466569,0.503253,0.601156,0.483230,0.438135,0.554288,0.547895,0.584146,0.567831
0.538450,0.507860,0.434842,0.467978,0.511425,0.489959,0.484490,0.623973,0.576495,0.483077,0.569336
0.600259,0.629800,0.539920,0.507883,0.672505,0.394135,0.461693,0.511026,0.565278,0.493150,0.562945
0.542470,0.591949,0.391853,0.454320,0.516945,0.574310,0.660915,0.616465,0.581837,0.533016,0.490715
0.552939,0.496844,0.454084,0.544414,0.454880,0.502138,0.677321,0.564615,0.508661,0.558212,0.574514
0.672865,0.481989,0.623166,0.681064,0.558478,0.575745,0.587564,0.471161,0.649506,0.483746,0.597929
0.705183,0.613486,0.580707,0.642163,0.681902,0.647210,0.672560,0.425573,0.492225,0.534901,0.484268
0.604077,0.462490,0.506732,0.719478,0.617617,0.598258,0.605178,0.485498,0.533974,0.626895,0.450641
0.486703,0.513583,0.327893,0.666171,0.552898,0.562270,0.563667,0.476216,0.476832,0.561018,0.567615
0.546241,0.539114,0.427529,0.809319,0.539306,0.558411,0.545685,0.619230,0.478624,0.512177,0.558425
0.438964,0.513743,0.550650,0.692116,0.581517,0.702408,0.626243,0.654068,0.480899,0.670806,0.654177
0.442657,0.561408,0.491114,0.698077,0.574886,0.506841,0.583724,0.561642,0.474736,0.471024,0.552620
0.421349,0.684621,0.667950,0.529615,0.616579,0.578381,0.516036,0.456308,0.495288,0.452580,0.568297
0.599132,0.569273,0.720302,0.539255,0.560469,0.597071,0.573002,0.501140,0.479395,0.477228,0.593367
0.626013,0.651652,0.648046,0.809874,0.551132,0.739655,0.473521,0.645319,0.431602,0.367310,0.846125
0.625549,0.889916,0.795907,0.732424,0.624127,0.678792,0.698534,0.646516,0.658641,0.457469,0.816186
0.597720,0.816145,0.675858,0.683974,0.717015,0.716946,0.694304,0.818635,0.669867,0.635867,0.561594
0.709215,0.635859,0.589540,0.622681,0.641453,0.605685,0.682556,0.751751,0.745993,0.649252,0.583171
0.668564,0.599245,0.515958,0.679713,0.429642,0.812366,0.698985,0.640411,0.782077,0.471991,0.756295
0.722013,0.618750,0.752376,0.607942,0.475512,0.696243,0.638956,0.521583,0.863894,0.580503,0.856919
0.732874,0.672968,0.759908,0.568053,0.617884,0.794159,0.570075,0.764174,0.680648,0.675135,0.912010
0.692315,0.679767,0.723195,0.581214,0.667033,0.803528,0.451138,0.641569,0.875793,0.589328,0.567309
0.505906,0.530357,0.727852,0.679024,0.834134,0.647018,0.436533,0.861804,0.777528,0.860301,0.764742
0.732274,0.789854,0.563117,0.764018,0.919585,0.940051,0.606413,0.944027,0.606176,0.653666,0.876119
0.669866,0.897211,0.584984,0.726295,0.890749,0.809590,0.722983,0.941184,0.936879,0.829623,0.685876
0.784376,0.864227,0.692834,0.916633,0.858635,0.745368,0.739111,0.810271,0.702897,0.664134,0.781664
0.863146,0.925629,0.824823,0.758833,0.791081,0.732065,0.700182,0.709630,0.895009,0.632860,0.978664
0.854380,0.918813,0.858194,0.758487,0.754701,0.698222,0.573365,0.814439,0.721267,0.849991,0.945138
0.753761,1.082433,0.787509,0.734658,0.887683,0.741098,0.629447,0.965054,0.936179,0.931054,1.002025
0.866853,1.049780,0.803496,0.748859,0.866073,0.734309,0.815173,0.813636,0.669428,0.811988,0.978097
0.909270,0.870317,0.923588,0.941272,0.799701,0.526104,0.700630,0.711979,0.799690,0.706169,0.942310
0.634576,0.876920,0.686437,0.860470,1.180843,0.695935,0.862478,0.774582,0.753648,0.616732,0.896515
0.904602,1.019119,0.800677,0.785630,1.018553,0.864036,0.696519,0.840533,0.782858,0.871357,0.941260
0.869373,0.989516,0.994328,0.940872,0.772135,0.727022,0.895841,0.602048,0.934752,0.874511,1.276105
0.959665,0.827760,0.730754,0.854845,0.837436,0.694484,0.838197,0.663835,0.917291,0.785935,1.082088
0.944907,0.908616,0.732070,0.973261,0.806535,0.837003,0.967322,0.939878,0.874509,0.751307,0.954281
0.990545,1.049187,0.734299,0.903600,0.742869,0.765880,1.059005,0.902659,1.079271,0.794098,0.797967
1.121831,1.060181,1.081386,1.196059,0.814252,1.075224,1.030618,0.836649,0.990019,0.923728,1.102904
1.082903,0.993402,0.756439,0.910666,1.121524,0.933752,1.107959,1.161866,0.894297,0.776324,1.053630
1.130673,1.073595,0.878037,0.856016,0.685078,0.875680,1.315025,0.938032,1.261571,0.932598,1.085063
0.884525,1.070535,0.971963,0.733874,0.792232,1.089612,1.278838,0.953560,1.317173,1.025650,1.099515
0.843211,1.454826,1.022571,0.916930,0.968566,1.005868,0.829427,0.877152,1.373423,1.106448,1.145548
0.773501,0.985090,1.088235,0.913711,0.862830,0.920798,0.922895,1.279320,1.374835,1.068476,1.116623
0.991753,1.111705,1.136865,1.168277,0.714153,1.036442,1.050261,1.052753,1.318766,1.054106,1.172336
0.988330,0.804047,1.030709,1.171506,0.877176,0.943281,1.178807,1.166388,1.298219,0.942198,1.282476
1.183873,1.269287,1.098273,1.000164,0.903825,0.999730,1.130700,1.629802,1.108885,1.392358,1.261244
1.122270,1.184529,0.959884,1.058685,1.177922,0.736197,1.119689,1.225479,1.245611,1.594955,1.171617
0.963202,1.303366,1.295717,1.200309,1.067234,0.996400,1.074888,1.125762,1.262214,1.418129,1.193805
1.212685,1.481748,1.204515,1.240771,1.196261,1.228313,1.230801,0.919797,1.179701,1.138995,1.281906
1.176007,1.377693,0.968410,1.316903,0.963745,0.987150,1.412145,1.266409,1.105757,1.174657,1.239592
1.213370,1.347382,0.956451,1.021428,1.384283,1.146222,1.172602,1.539920,1.080257,1.269238,1.192988
1.259458,0.939034,1.054559,1.136267,1.232566,1.454155,1.001842,1.288092,1.352201,1.350978,1.354295
1.103763,0.800839,1.194685,0.961995,1.295446,1.597491,1.541563,1.136120,1.587168,1.460675,1.301551
1.247245,1.027647,1.296993,1.198562,1.059489,1.299153,1.289869,1.197034,1.304185,1.098536,1.333154
0.969663,1.064469,1.460942,1.200510,0.937566,1.257736,1.357446,1.288122,1.236002,1.139217,1.603645
1.373122,1.450686,1.504237,1.214756,0.794384,1.222391,1.401475,1.337590,1.072462,1.131989,1.775380
1.467970,1.219336,1.722221,1.505550,1.155119,1.346660,0.952890,1.494255,1.151934,1.372133,1.393632
1.319659,1.277333,1.591737,1.072742,0.989111,1.499735,1.531712,1.573643,1.033103,1.293927,1.547881
1.043006,1.321434,1.335032,1.467772,1.282547,1.235392,1.229970,1.584180,0.984594,1.386748,1.543954
1.392931,1.036996,1.575393,1.351082,1.074930,1.358693,1.148590,1.430561,1.285079,1.263136,1.651483
1.585580,1.199012,1.435031,1.540540,1.049684,1.526974,0.957937,1.527616,1.695781,1.131243,1.633684
1.631542,1.339946,1.635517,1.461220,1.527668,1.512338,0.909456,1.071429,1.419180,1.322669,1.354673
1.646911,1.380321,1.567691,1.244744,1.558277,1.406705,1.530163,1.195484,1.363155,0.976391,1.375294
1.405194,1.620640,1.495940,1.730222,1.564688,1.122962,1.850250,1.096746,1.464078,1.489495,1.203469
1.616455,1.337133,1.593467,1.682502,1.568557,1.448035,1.550259,1.284702,1.506878,1.360328,1.381897
1.499068,1.468989,1.594114,1.646636,1.154591,1.171649,1.509722,1.356553,1.373868,1.563716,1.146569
1.632619,1.382521,1.299871,1.548164,1.496748,1.164581,1.538078,1.262455,1.769779,1.384784,1.904993
1.946674,1.666431,1.483938,1.445031,1.571976,1.410992,1.435140,1.423651,1.687349,1.259948,1.396315
1.676902,1.395253,1.666879,1.873438,1.473382,1.725515,1.457883,1.523937,1.741202,1.557850,1.359580
1.516956,1.775787,1.446822,1.748029,1.858823,1.834180,1.691148,1.644713,1.624568,1.850979,1.800885
1.185432,1.651576,1.662148,1.830560,1.964187,1.918745,1.587229,1.511030,1.971969,1.550007,1.782471
1.282035,1.657483,1.558156,1.736242,1.912885,1.892988,1.722832,1.674052,1.663746,2.147111,1.707655
1.694917,1.292477,1.766251,1.894449,2.085691,2.180540,1.464793,1.872947,1.616987,1.816423,1.599949
1.337559,1.607777,1.519601,1.456560,1.959693,2.203359,1.496254,2.097569,1.820298,1.689368,1.650946
1.932687,1.959676,1.159865,1.816630,2.030756,2.029306,1.483999,1.744401,1.744544,2.194025,1.715377
1.578591,1.984483,1.903020,2.133153,1.742662,1.981625,1.286066,1.981570,1.753242,2.253934,1.522570
2.191581,1.810102,1.791177,2.197522,1.828583,2.094117,1.403379,2.261863,1.664591,2.235871,1.487240
2.211690,1.997316,1.879021,2.117791,2.015494,2.375383,1.497997,2.112882,1.629244,1.917027,1.756806
2.190476,2.040923,1.454805,2.104730,2.100745,1.683430,1.405140,2.081856,1.556281,1.710646,1.443111
2.185269,1.683490,2.350587,1.744814,2.257339,1.725332,1.718848,2.136946,1.896729,2.128312,1.814856
1.969945,2.285262,1.787816,1.655334,1.864127,1.476468,1.708845,2.257721,2.128652,1.627277,1.978261
1.980791,1.804659,2.105122,1.909699,2.033877,1.897038,1.536128,1.802564,1.899569,1.496828,2.139708
1.890392,1.676559,2.121762,1.903376,1.634992,1.678548,1.600928,1.500567,2.142836,2.015094,2.312891
1.585412,1.449973,2.320783,1.930426,1.984026,2.185066,1.732935,2.238862,2.555422,1.822258,1.929799
1.798808,1.262822,2.250541,2.106174,2.550061,2.164210,2.227489,2.429535,2.117628,2.263632,1.748370
2.079048,1.408857,2.525931,1.854044,2.116942,1.712178,1.556900,2.401421,1.937219,2.077976,2.050588
1.637848,1.729223,2.639629,1.968834,1.853327,1.880890,1.897482,2.284312,2.424677,2.425885,2.316335
2.477103,2.003202,2.448879,1.802077,1.869949,2.149310,1.641027,2.120904,1.845667,1.901979,2.109831
1.912487,1.731048,2.466096,1.729038,1.648523,1.921479,1.626533,1.948236,1.954128,2.457727,2.317701
1.657837,2.638008,2.170320,2.132169,1.769072,2.446188,1.828189,1.815375,2.135035,2.016196,2.502323
1.750629,2.361515,2.186471,2.103474,2.186605,2.309008,2.461310,2.200523,2.666835,2.158926,2.329110
2.406951,2.197909,2.130890,1.800086,2.435356,2.665655,2.424941,2.272251,2.361323,2.145499,2.306190
2.992338,2.746672,2.648209,2.400210,2.104457,2.430804,2.120257,2.109645,2.272598,2.770642,2.440262
2.384633,2.885967,2.697290,2.142381,2.356147,2.497197,2.339737,2.754544,2.428830,2.023965,2.180651
2.556458,1.923553,2.100856,2.633156,2.415313,2.399077,2.182474,2.329578,2.157526,2.123492,2.197181
2.224381,1.723634,2.265632,2.386716,2.847613,3.042984,2.139926,2.244495,1.918541,2.434540,2.173096
2.367460,2.266305,2.071583,2.119951,2.206870,2.523601,2.397321,2.856063,2.076133,2.061077,2.753763
2.134272,1.709290,2.779751,2.866187,2.567949,2.657105,2.288152,2.626081,3.027903,2.031198,3.034866
1.810490,1.810108,2.342215,3.236923,2.760860,2.368646,1.998964,1.930173,2.870947,3.043462,2.290392
2.347403,2.255194,2.307295,2.289028,2.719087,2.982705,2.268695,2.399965,2.555349,2.100909,3.241279
2.542772,2.256682,2.634776,2.586333,2.271492,2.571521,2.526154,2.564218,2.095758,1.969453,2.788965
2.313017,2.344173,2.368553,2.454729,2.657355,2.185247,2.520012,2.840737,2.102058,2.280714,2.560153
2.762429,2.413194,2.384228,2.774606,2.750799,2.254685,2.852110,2.525542,2.731126,2.217924,3.186229
2.704121,2.724309,2.683658,2.386648,2.627930,2.108258,2.702049,2.502600,3.188867,2.479056,2.610822
2.766415,1.926933,2.446697,2.744213,2.517318,2.448507,2.371634,2.510578,2.887321,1.886208,2.584119
3.185710,2.645840,2.037067,2.778510,2.138994,2.795661,2.600409,2.187701,2.902845,1.997119,2.333868
3.053932,2.555513,2.535468,2.774113,2.648831,3.020633,2.178019,2.964212,2.439338,1.983765,1.969685
3.389429,2.206381,2.188328,2.720815,2.914484,3.188273,2.565112,3.102603,3.196057,2.448565,1.851520
2.915683,2.668763,2.243855,2.239166,3.024150,2.388915,2.529144,2.773907,2.368604,2.726308,2.151729
3.506108,2.268079,2.466395,2.315072,3.303694,2.817245,2.607498,2.905011,2.278955,3.004231,2.227670
2.650182,3.067453,2.739957,2.692476,2.216854,2.989648,2.710239,2.962057,2.939030,2.943829,2.728627
3.069017,3.219047,2.680202,2.251458,3.039631,2.570028,2.862751,2.548297,2.489713,2.524035,2.252585
2.825288,2.918222,2.917332,2.468112,2.466899,2.986965,2.703140,2.690527,3.247348,2.571111,2.381630
3.246928,2.745404,2.658900,3.302568,3.020590,2.263917,3.000637,2.307943,3.203869,2.385442,2.915827
3.177172,2.542465,2.968941,2.742712,3.053648,2.137834,3.183116,3.529505,2.645774,2.479819,3.001618
2.610524,2.850990,2.920900,2.497721,2.863346,3.183889,3.051323,2.556314,3.257086,2.424036,3.125338
2.603828,3.140214,2.444760,2.863766,2.613688,3.207409,2.327389,3.064821,2.825763,3.050571,2.736998
2.535452,2.897108,2.158830,2.539568,3.251862,3.512926,3.102628,3.663839,3.187070,2.656364,2.922454
2.222212,3.114416,2.725113,2.938687,2.578623,3.158350,2.648485,3.500792,2.625471,2.581586,2.638171
2.706738,3.087732,2.306088,3.456834,3.094390,2.182073,3.118534,2.942966,2.582895,2.469216,2.904408
3.526398,2.984394,2.633892,3.483476,3.009481,2.890200,2.734144,2.749681,2.823691,2.874754,2.865665
4.008096,3.312872,2.335563,3.960117,2.425965,3.242098,3.132744,3.119955,2.759266,2.893246,3.463605
3.750504,2.695226,2.144885,3.410975,2.758182,2.981419,3.502524,2.904929,2.802967,3.410957,3.227670
3.613863,3.064669,2.393177,2.802444,2.592606,2.720587,3.151672,2.509359,3.229997,2.830675,3.701021
2.933007,3.219284,2.414369,2.449453,3.298848,2.575164,2.777057,3.098867,3.219298,3.829145,3.003092
2.697582,3.501581,2.589290,2.256800,3.066532,2.307929,3.167499,2.975301,3.262723,2.701424,3.095713
3.230075,3.379111,2.893816,3.658962,4.475626,3.039274,2.978616,2.926011,2.985067,2.770357,2.723009
3.219269,2.964322,2.444188,2.484808,3.914152,2.945588,3.097511,2.952739,2.646772,3.026635,2.299822
2.942446,2.623633,2.761117,2.660176,3.649430,2.526064,3.633465,2.849066,2.880705,3.110927,3.540944
2.911940,2.914768,3.531014,2.998129,3.351917,3.064780,2.998677,3.368972,2.399789,3.215608,3.321995
2.733144,4.133714,2.994959,3.332629,3.376725,3.667898,3.728322,3.651356,2.713009,3.607018,3.633721
3.102261,3.294922,4.035376,3.601501,3.337492,2.793183,2.838900,2.646505,2.937461,3.259571,2.472110
3.015094,3.057974,3.476186,2.365067,3.465927,3.122746,3.713927,3.038742,3.279885,2.880397,2.425612
3.603301,3.284626,3.790916,3.687485,3.250645,3.747487,3.223643,3.713431,3.518359,3.173167,2.377322
3.956643,2.981944,3.830296,2.706023,2.911209,2.707593,2.708519,3.215052,3.620332,3.349636,2.774751
3.574642,2.987194,2.738134,3.236425,3.891135,3.220785,3.236242,3.568398,3.594099,3.698056,3.110334
3.389585,3.565131,3.855166,3.244275,3.691714,3.586359,2.517923,3.366841,3.066440,2.895322,2.912831
3.934860,3.832066,3.165766,3.154695,2.740646,3.993354,3.388679,3.966964,3.666866,3.196005,3.220233
3.742691,3.146852,3.078634,3.947999,2.870266,3.409458,3.128397,2.705188,2.912794,3.844173,3.045682
3.947974,2.665515,2.788373,4.044643,3.393237,3.213936,2.682271,3.374321,3.465497,2.951987,3.630488
4.043694,3.348746,3.281070,3.360546,2.685883,4.185251,3.075409,3.100830,3.719550,4.138605,3.561713
3.652180,3.663444,3.321881,3.129969,3.565032,3.924520,3.114873,3.000687,3.809786,3.827317,2.970719
3.736615,3.901612,2.822143,3.361102,2.417053,3.644952,2.821380,3.257930,3.193823,3.211363,4.022080
3.417730,3.437494,2.812845,3.908437,3.233021,3.385619,3.490544,3.023267,3.562414,3.060275,3.557075
3.510081,3.621486,2.861339,2.960504,3.451162,3.767350,2.680846,3.735148,3.615769,3.432448,3.514492
3.348719,3.361707,2.831560,3.160639,2.762636,4.024076,3.169295,3.091850,3.073729,3.074565,3.056923
3.421182,2.942222,3.159358,3.522859,2.751911,4.317951,2.339422,3.091890,2.803011,3.610716,3.512801
3.208790,3.292962,3.178630,3.072747,3.369785,3.908208,3.577135,3.103393,3.184145,2.632732,3.924134
2.860345,2.862298,3.874600,3.685029,3.896008,3.522506,3.570993,3.338610,2.916706,3.508224,4.062281
3.084428,3.125423,3.426239,3.163168,3.637979,3.391857,3.222522,3.931536,3.062178,3.329443,3.130085
3.561735,2.555814,3.865636,3.629666,3.620591,3.345360,4.418981,2.798478,2.726201,3.787676,3.410792
3.586607,3.667572,3.082800,3.153321,3.380398,4.021105,4.254985,3.370385,2.035220,2.944884,2.912493
2.485563,3.228125,3.501220,2.668693,3.928065,3.059366,4.767841,2.917527,3.326408,3.133108,3.214212
3.562760,3.474954,3.248606,2.481235,3.596638,3.415381,3.811502,3.382044,3.270777,4.038235,2.428970
3.891280,4.040117,2.599332,2.689142,3.198362,3.699036,4.402096,4.129407,3.530075,3.429973,2.682465
3.347112,3.305244,3.660054,3.735694,3.187468,3.830894,4.091024,3.185346,3.718565,3.429143,3.188434
3.328822,3.271901,3.044941,3.444661,3.336621,3.686450,3.374745,3.561980,3.547338,3.225903,3.070002
3.278672,3.367812,3.142128,3.494989,3.707986,4.075764,3.057884,3.308795,3.511620,3.090997,3.602398
3.927509,2.941067,3.040084,3.337518,3.946748,3.309748,3.373418,3.258991,3.141521,4.035573,2.599003
3.350173,3.596661,3.265084,3.877339,3.344746,3.174528,3.282682,3.177944,3.993457,3.806644,3.314165
3.535669,3.157358,3.442568,3.174204,3.237451,2.700523,3.650549,3.323027,3.589624,3.314256,3.788769
4.537173,3.416181,3.509789,3.132198,2.921755,2.786062,3.151654,3.671249,3.149086,4.007317,3.348352
3.624952,3.454357,2.788765,3.832049,3.425176,3.588032,3.763170,3.123301,2.911120,4.074021,3.234977
3.547535,3.079411,4.147902,3.993716,2.481385,4.007372,3.749432,3.985703,4.180347,4.151439,3.262227
2.988835,2.792255,2.986505,4.092918,3.305141,3.580776,3.307508,3.622081,3.220202,4.164210,2.787914
2.953151,3.220716,3.567838,3.929283,3.414286,4.261572,3.344910,3.023091,3.007486,3.352897,3.540429
3.642239,3.392030,3.096350,2.851558,3.483492,3.678650,3.706767,2.957077,2.974796,3.404566,3.619377
3.205198,2.625928,3.769567,3.311613,3.420902,3.658470,2.910498,3.852016,3.516029,3.383444,3.548739
3.294371,3.207910,2.894458,3.976676,3.305337,3.031412,3.779561,4.014818,3.323212,3.827672,3.329453
3.955618,3.619161,3.637304,3.211272,4.086290,3.206544,2.352633,3.982818,3.017694,3.680090,3.291649
3.104862,3.992315,4.013003,3.147406,3.550423,4.242921,2.952526,3.617780,2.930970,3.921046,3.523885
3.363058,3.832022,3.616440,3.276752,3.218128,2.787068,3.322141,3.778873,3.105308,4.294519,2.723605
2.634251,3.707445,3.887623,3.794329,3.389897,3.202900,3.806184,2.965375,2.471592,3.988562,3.937205
3.193853,3.387461,3.740102,3.820848,3.781801,4.075135,3.226937,3.308719,3.620708,3.620856,3.636324
3.251298,3.139277,4.055070,3.572200,3.512216,2.818494,3.430270,3.831319,3.026360,3.482222,3.972543
3.798372,2.962738,4.179423,3.527105,3.640623,3.888869,3.401729,3.965064,3.286890,3.177292,3.175661
3.329704,3.750035,4.105425,3.829370,4.052623,3.843797,3.593854,3.544277,2.522392,3.240952,3.038376
3.662609,3.903003,3.012880,3.454310,2.709948,3.805950,3.644747,2.982957,3.318150,3.267056,3.956780
3.622289,3.746202,3.515696,3.773644,2.732199,3.269567,3.809436,3.835486,3.422017,3.682188,3.568752
3.485310,4.204892,3.412497,2.773042,2.582763,3.515008,3.963784,3.859400,3.822663,3.916455,3.265277
2.964887,4.039468,2.899076,3.284953,3.538288,3.502114,3.275584,3.175127,3.078724,3.141373,3.302092
2.669486,3.994137,3.517164,2.643333,3.300309,3.536944,3.611236,3.510794,2.644583,3.191782,3.280624
3.518407,3.351569,3.648431,3.184822,3.774066,2.780629,3.731649,3.416117,3.851663,3.354874,3.651981
3.565486,3.182090,3.155026,3.644304,2.515085,3.092968,3.093198,3.210130,3.229509,3.127139,2.995996
2.937247,3.916705,3.128742,3.627236,2.425846,3.660116,3.354597,3.351506,3.164906,3.483426,3.561447
3.215236,2.782737,2.509527,3.238420,2.907210,3.663260,3.044513,4.065206,3.310873,3.547346,2.929350
4.022857,3.724475,4.038653,3.566861,2.830912,3.401504,3.127569,3.474549,2.988965,3.426517,3.747311
3.457647,3.133418,2.969005,3.684389,3.233371,4.186842,2.989990,3.305048,2.319989,2.744305,4.284431
2.874720,3.065580,3.816692,3.351943,3.417672,3.359305,2.919796,3.634857,2.653607,2.941236,2.970512
3.142591,2.933221,3.741009,3.155129,3.884332,3.096102,3.908601,3.661540,2.971719,3.437680,3.046798
2.773971,2.625946,3.684185,3.364174,3.941192,3.777904,3.689928,3.093588,3.530440,3.249501,3.038833
3.464914,3.560983,3.667403,3.179127,3.691249,3.907418,3.266925,3.518809,3.683993,3.387000,2.415860
2.622968,3.540354,3.300625,2.590891,3.498133,2.903518,3.412070,4.719696,3.095840,3.851219,3.155385
4.227222,3.312945,3.334665,2.525594,3.913242,2.751916,2.812943,4.213018,3.344479,3.231961,2.954557
3.058832,2.678385,3.157780,3.232838,2.872891,2.590495,2.813742,3.792646,3.076407,3.082178,3.234578
2.850446,2.974093,3.494708,3.099023,3.066494,2.536127,3.162532,3.696800,3.115487,3.736932,3.262621
2.381779,3.085523,3.632691,3.462694,3.306790,2.842878,3.404050,3.624690,3.496867,2.971337,3.127763
2.763955,3.193598,3.522958,3.760074,3.085183,2.888538,2.749788,3.398400,3.188205,2.390086,3.091148
3.369373,3.274303,2.708059,3.587143,2.724992,2.650221,3.363451,3.568291,2.746215,2.315930,2.975894
3.133637,2.644138,3.430645,2.761389,2.400377,3.131447,3.802682,3.162263,3.888380,2.747197,3.267530
3.316065,2.348161,3.018374,3.215030,2.187206,3.353191,3.490176,3.589396,2.883443,2.404761,3.141978
3.093751,2.860229,2.842261,2.552505,3.617651,3.043751,2.546713,3.211119,2.627857,2.361778,3.033200
3.308466,3.049995,2.755125,2.388877,3.634610,3.358358,3.030484,3.459096,2.930641,2.510375,2.907517
2.687750,3.036448,2.910042,3.141327,3.313916,2.532766,3.308493,2.828756,2.926767,3.004045,2.922131
3.030596,3.100390,3.105942,2.879241,3.266097,2.469533,2.763483,3.094065,3.432814,3.286469,2.960980
3.247156,2.552562,3.011655,2.335313,3.036307,2.693502,3.207756,3.386362,3.504071,3.034761,2.970297
3.150033,2.762695,3.168331,3.115501,2.781778,2.333971,2.383504,2.970197,3.114543,3.053511,2.695180
3.418526,2.682595,2.954456,3.106070,3.008493,3.662636,3.248647,2.678805,2.692617,2.337901,2.729147
2.664836,2.565465,3.166408,2.386691,3.430369,3.111952,2.919285,3.192390,3.283169,2.786054,3.392231
3.188314,2.815610,3.493872,2.468413,2.170939,3.329827,3.036075,3.085190,2.800292,2.736208,2.551348
3.166044,2.584933,3.360287,3.124559,2.725645,3.105002,2.902590,2.714488,2.656465,2.956033,2.670949
3.232331,2.848249,2.705708,3.102839,2.744635,2.930184,3.211985,2.929344,2.981242,2.537087,3.126629
2.886446,2.742474,2.623288,3.329361,3.314504,2.701608,2.630709,2.996815,2.765189,2.381449,2.460310
2.833807,2.713687,2.277140,2.481619,3.413836,2.446886,2.458384,2.737392,2.349239,2.575277,2.935865
2.893842,2.738548,2.613252,3.026720,2.470694,2.220467,2.918340,2.907200,2.436307,2.150227,2.447224
2.358686,2.942315,2.731552,2.850404,2.525482,3.244070,2.750237,2.622333,2.293372,2.425562,2.582740
2.674612,3.089430,3.181382,2.976388,3.054760,2.319462,2.315434,2.783361,2.027418,2.474396,2.222258
2.912817,2.780143,2.508890,2.906521,2.597578,3.332895,2.464268,2.658048,2.537576,2.292539,2.904587
2.959487,2.562607,2.770961,2.708586,2.902818,3.257399,2.593736,2.684402,2.374013,2.445269,2.920696
2.549167,2.907120,2.390391,2.618039,2.594994,2.392063,2.038731,2.954951,2.574258,2.699940,2.290398
2.047414,2.845287,3.041382,2.326172,2.008171,2.926346,2.356035,3.341714,2.642473,2.021608,2.972501
2.422618,1.994730,2.730287,2.462645,2.838907,2.252470,2.360128,2.614904,2.088200,2.253859,2.663733
3.326791,2.901486,2.098554,2.394308,2.430272,2.528647,2.766809,2.584346,2.227854,2.213960,2.933282
3.177078,2.552969,2.154825,2.323638,2.845666,2.344533,2.413913,2.687287,2.287184,2.697287,2.846902
2.418486,2.753176,2.313042,2.745256,2.445427,2.133720,2.433233,2.310961,2.211495,2.744697,2.614648
2.788797,3.041827,1.945606,2.321107,2.012588,2.181099,2.178541,2.327590,2.444124,3.125176,2.609475
3.011038,2.443358,1.927106,2.738380,2.159728,2.558948,2.327684,2.605114,2.314504,3.195656,1.852618
2.565960,2.765868,2.026282,2.572744,2.350948,2.282278,1.963166,2.268926,2.229969,2.233961,2.327683
2.692834,2.108755,2.424748,2.241874,2.591560,2.161550,2.040060,2.652447,1.943358,2.506293,2.670549
2.947565,3.148357,2.673772,1.987052,2.607286,2.289599,2.518593,2.009563,2.251776,2.353050,2.290623
2.813854,2.764530,2.781255,2.164256,2.139706,2.207215,2.686406,2.181358,2.345818,1.943305,2.129309
2.401986,2.387387,2.383531,2.227928,1.971919,2.308778,2.716757,2.043565,2.211230,2.187336,1.486898
2.644060,2.026907,2.116233,1.922786,2.497655,2.568536,2.171087,1.846528,2.148946,2.103726,2.084401
2.866865,2.032776,2.574705,2.058677,2.415769,2.038980,1.738037,2.613631,2.686957,1.969282,2.181135
2.286942,2.027753,2.691843,2.192728,2.405573,1.905291,1.837122,2.414869,2.420104,1.924862,2.292239
1.950740,1.573077,2.183515,2.132218,2.648943,1.724444,2.104700,2.532441,2.445990,2.072690,2.523460
2.446218,1.857612,1.842309,1.897228,2.202853,1.869593,2.627842,2.594365,2.354578,1.937169,2.214840
2.169727,1.351599,1.704808,2.131815,1.941672,1.966675,2.286840,2.616603,1.802263,2.018298,2.326688
2.098455,1.902558,2.236005,2.444447,2.134543,1.804541,2.193185,2.560297,2.405564,1.706396,2.418578
2.186365,2.188412,2.266686,2.022548,1.696805,1.925568,1.988639,1.765154,2.074603,2.081908,2.406418
2.209650,2.409831,1.900625,1.878098,1.399234,1.814457,2.175715,1.932968,1.962490,2.182052,2.062291
1.958813,1.801715,1.966080,2.178214,1.677771,2.174682,1.729846,2.435448,2.220769,1.957658,2.026874
1.437100,2.301811,1.363703,2.066093,1.918450,1.787660,1.696834,1.963521,2.189775,2.182109,2.358677
2.123712,1.853271,1.533595,1.539088,1.639665,2.421128,1.872490,2.074712,1.824544,2.450992,1.819651
1.819132,1.728190,1.835780,1.981163,1.971519,2.352745,2.013481,1.854856,1.748114,1.924382,2.045611
1.835424,1.634534,2.150672,1.835881,2.102527,1.789267,1.929978,1.985804,1.544874,1.968068,1.915016
2.089442,2.135560,1.604388,1.508147,2.127200,2.164354,1.686225,1.919735,1.768342,2.227497,2.078799
2.338821,1.716443,1.795765,1.613233,2.267309,2.180936,1.593636,2.465473,2.367812,1.634410,1.879342
2.039458,1.695112,2.068439,1.929996,1.953115,2.490964,1.818553,1.876220,1.758270,1.698037,1.924409
1.876713,1.457411,1.566869,1.664082,1.638172,2.113830,1.278813,1.920908,1.912793,1.490558,1.806684
2.179310,1.953057,1.794223,1.328682,1.645900,2.038900,1.923458,1.786884,2.163007,1.586994,1.626783
2.034100,1.689743,1.436518,1.826393,1.591854,1.724916,1.703845,2.255131,2.049803,1.222295,1.873534
1.479227,1.716341,1.301107,1.534167,1.913406,1.868327,2.052442,1.615480,1.618888,1.233905,1.858882
1.349588,1.881218,1.663894,1.408617,1.445189,1.916224,1.796121,1.746050,1.837449,1.388635,1.465948
1.979399,1.858218,1.616409,1.080384,1.816708,1.591567,1.924772,1.412401,1.733867,1.130835,1.430176
2.117324,1.719286,1.143457,1.309497,1.435991,1.335937,1.702486,1.637388,1.390802,1.352371,1.574270
1.410521,1.765851,1.646628,1.325795,1.501816,2.104634,2.083329,1.218393,1.429326,1.561091,1.312909
1.379754,1.750515,1.618194,1.312086,1.474128,1.782465,2.027128,1.695550,1.512954,1.904361,1.562599
1.383295,1.308583,1.630364,1.258986,1.652119,1.669695,1.908965,1.665323,1.800816,1.301664,1.135344
1.304425,1.576908,1.681561,1.297108,1.818703,1.821290,1.387494,1.314026,1.474180,1.392306,1.249024
1.662194,1.217835,1.360605,1.105927,1.483811,1.806465,1.500472,1.102721,1.858508,1.214100,1.119659
1.252963,1.386188,1.831151,0.855583,1.329867,1.732168,1.540231,1.228191,1.713429,1.314617,1.267332
1.693288,1.242168,1.324075,1.342497,1.399175,1.552496,1.822839,1.726543,1.453118,1.784029,1.181164
1.383401,1.283635,1.251635,1.082549,1.393993,1.535352,1.703179,1.354364,1.331915,1.608951,1.302021
1.431234,1.775054,1.324357,1.475193,1.574607,1.622012,1.554957,1.423083,1.392920,1.228322,1.041658
1.335615,1.301447,1.350452,1.543342,0.995427,1.594122,1.657616,1.338368,1.278124,1.258707,1.428851
1.417772,1.324701,1.205659,1.614621,1.247786,1.662341,1.690184,1.305181,1.025290,1.472379,1.173745
1.466166,1.318002,1.323987,1.365068,1.201303,1.182489,1.334444,1.272034,1.649952,1.397588,1.061068
1.406293,1.547758,1.397346,1.330931,1.654595,1.385489,1.565150,1.193864,0.954746,1.402451,0.992645
1.253218,1.635563,1.143145,1.183552,1.335803,1.481139,1.223305,1.392486,1.135501,1.090649,1.034862
1.134366,1.439786,1.125179,1.170016,1.581901,1.123791,1.494073,1.259976,1.131360,1.247663,0.997747
1.096158,1.205346,1.218703,1.138794,1.120358,0.964648,1.292354,1.169095,1.324334,1.382855,1.022206
1.211297,1.343922,1.344449,1.321033,1.187065,1.118168,1.093810,1.191640,1.067164,1.458171,1.070005
1.217139,1.266331,1.148913,1.048798,1.136262,1.299466,1.483406,1.189667,1.242589,1.640253,1.270144
1.146289,1.113365,1.236241,1.190128,1.138552,1.286096,0.992916,1.167592,1.044223,1.561468,1.113040
1.199097,1.216160,0.894355,1.400819,1.036431,1.282361,1.421269,1.024034,1.243428,1.291336,1.248186
1.017953,1.096784,1.284638,1.119925,1.226208,1.295839,0.957163,0.921865,1.255194,1.259538,1.283593
1.026582,0.910422,0.923332,0.939487,0.828858,1.133091,1.255541,1.023510,1.120614,1.253508,1.254647
1.201885,1.146546,0.922232,1.139528,1.102183,1.035258,1.096532,1.112691,1.152565,1.146205,1.144933
0.965511,0.852892,1.152083,1.249451,0.998528,0.897150,0.821755,1.089526,1.399690,0.982386,1.005679
0.883580,1.060920,0.755857,0.913705,0.768313,0.950127,0.877267,0.998277,1.129721,0.995812,0.908292
1.162053,0.949559,1.010989,0.995920,0.975903,0.758132,0.966677,1.053362,1.043235,1.036541,1.056360
1.023162,1.093753,1.000106,1.054522,1.098826,1.099112,0.870939,1.106315,0.918716,0.988002,0.971593
0.941340,1.085821,0.772932,1.189769,0.868112,0.969324,1.085119,0.843284,0.771475,0.791045,1.149614
1.020712,1.006097,0.965381,0.949221,0.839241,1.067133,0.917764,0.839346,0.989770,1.061317,1.310182
0.765544,0.802830,0.755496,1.163364,1.058399,0.957189,0.632614,0.756600,1.049355,0.959933,1.136702
1.078253,0.709545,1.105353,1.147619,0.917605,0.957514,0.763953,0.939800,1.023526,1.111891,1.056130
0.944288,0.754882,1.073592,0.969536,0.859556,0.778191,0.659668,0.708031,0.837609,1.038640,0.766478
0.950411,0.654537,0.967275,0.926997,0.870629,0.900532,0.501442,0.881523,0.904566,0.918103,0.577529
1.015363,0.713796,0.761255,0.876196,0.902413,0.928015,0.741450,0.860030,1.067349,0.854481,0.814901
0.689203,0.760016,0.867249,0.939870,0.781631,0.911995,0.703699,1.028717,0.764678,0.754744,0.652763
0.881324,0.861515,1.008935,0.850249,0.753170,0.993443,0.699893,0.862947,0.842809,0.825101,0.667425
0.695464,0.921684,0.639756,0.667960,0.721393,0.936570,0.642840,0.910944,0.701504,0.868528,0.732747
0.783244,0.897310,0.757659,0.567165,0.740608,0.865149,0.919865,0.830886,0.487903,0.827623,0.725320
0.604462,0.790755,0.865154,0.747029,0.747199,0.658393,0.730323,0.745884,0.581835,0.672120,0.721765
0.707367,0.917911,0.734546,0.595158,0.909570,0.739830,0.662633,0.603002,0.629418,0.713928,0.605544
0.859577,0.956360,0.661482,0.665292,0.711292,0.721929,0.654512,0.825414,0.604007,0.683923,0.690477
0.866120,0.741066,1.015932,0.770655,0.785552,0.718408,0.682032,0.677476,0.546555,0.578815,0.711478
0.756797,0.877258,0.921146,0.643673,0.781135,0.547123,0.633316,0.717920,0.550196,0.605193,0.595251
0.648487,0.724798,0.706308,0.723523,0.683095,0.685476,0.601549,0.697221,0.622643,0.630391,0.701111
0.700831,0.603184,0.642864,0.746131,0.811080,0.722460,0.576867,0.683965,0.696473,0.766595,0.709273
0.670293,0.667500,0.800961,0.685181,0.678602,0.660843,0.737770,0.629185,0.636416,0.622676,0.609743
0.719464,0.617113,0.615449,0.646400,0.677777,0.818944,0.733701,0.691275,0.659925,0.663441,0.618673
0.708325,0.681349,0.520748,0.701049,0.700047,0.694451,0.807871,0.810863,0.633584,0.779916,0.620960
0.625224,0.627341,0.651373,0.745467,0.652883,0.687309,0.774722,0.700572,0.636456,0.752545,0.548217
0.653911,0.714300,0.650895,0.744193,0.544641,0.656456,0.779310,0.743592,0.770479,0.773783,0.598069
0.479477,0.792539,0.588759,0.584483,0.682734,0.508262,0.701253,0.500833,0.629559,0.761141,0.665088
0.517621,0.598643,0.636856,0.561195,0.574741,0.577748,0.725982,0.662320,0.684255,0.688217,0.692005
0.577869,0.653628,0.518468,0.758463,0.635418,0.583390,0.576670,0.502909,0.558502,0.642219,0.667525
0.535211,0.578874,0.528738,0.590281,0.575115,0.532298,0.602510,0.462156,0.571113,0.582536,0.773552
0.555042,0.689915,0.457401,0.501439,0.656553,0.542277,0.520272,0.580211,0.617133,0.513076,0.663226
0.414391,0.668010,0.476537,0.464913,0.470749,0.617982,0.591140,0.539283,0.475391,0.468100,0.544029
0.500068,0.570540,0.615524,0.689344,0.492493,0.557254,0.559391,0.591992,0.720991,0.399526,0.452987
0.485570,0.555660,0.594576,0.513858,0.500623,0.497800,0.579504,0.588888,0.495925,0.399135,0.455464
0.511094,0.496965,0.505158,0.580333,0.647613,0.628680,0.566900,0.415298,0.660645,0.567593,0.481604
0.388215,0.380829,0.621475,0.621061,0.606976,0.623276,0.563694,0.597295,0.676680,0.602743,0.574891
0.527389,0.524312,0.561532,0.608791,0.524557,0.462204,0.512418,0.659552,0.678949,0.478455,0.472548
0.574629,0.518988,0.485103,0.465989,0.561500,0.450038,0.526970,0.464202,0.526937,0.559284,0.546046
0.532723,0.434624,0.402598,0.501732,0.476242,0.515968,0.553973,0.470943,0.612236,0.396105,0.565105
0.511977,0.576938,0.601302,0.485489,0.456920,0.440975,0.419350,0.420240,0.431714,0.530797,0.432195
0.506271,0.525479,0.650103,0.485962,0.426496,0.533326,0.446844,0.375854,0.533082,0.479741,0.619132
0.565983,0.435228,0.552815,0.683668,0.396414,0.528781,0.527594,0.546686,0.560559,0.470476,0.491312
0.531987,0.509494,0.445422,0.450233,0.453569,0.646814,0.504902,0.507164,0.461902,0.490560,0.559667
0.438640,0.510683,0.418947,0.555573,0.391248,0.491265,0.500346,0.523087,0.446045,0.467483,0.537857
0.572510,0.421143,0.548099,0.632430,0.487758,0.498281,0.352576,0.595236,0.447984,0.610905,0.387798
0.454311,0.481368,0.481050,0.520038,0.474658,0.472709,0.397849,0.485854,0.384594,0.447998,0.298818
0.417074,0.443575,0.492253,0.314456,0.431710,0.423441,0.380027,0.470183,0.479647,0.479416,0.380830
0.466311,0.364688,0.554671,0.442776,0.397991,0.393287,0.344769,0.551397,0.458631,0.449209,0.480371
0.355279,0.455132,0.455248,0.466501,0.499746,0.515298,0.380506,0.495356,0.517535,0.410277,0.442921
0.344422,0.414431,0.392636,0.458990,0.386610,0.496716,0.298235,0.441163,0.407357,0.448678,0.411568
0.432812,0.480506,0.374569,0.563134,0.352569,0.484596,0.436141,0.434475,0.439390,0.508216,0.389141
0.358927,0.482643,0.527876,0.470805,0.407040,0.442011,0.392471,0.391891,0.413685,0.523487,0.315329
0.418920,0.605188,0.346915,0.449223,0.374777,0.462783,0.430373,0.663567,0.424209,0.472926,0.271524
0.346998,0.501500,0.439244,0.520809,0.362464,0.346583,0.457923,0.480109,0.372893,0.352540,0.307740
0.536408,0.442240,0.357291,0.541134,0.373086,0.395514,0.416204,0.364768,0.405971,0.369374,0.418463
0.528103,0.533354,0.412093,0.430149,0.371214,0.424503,0.419011,0.408134,0.404402,0.374221,0.350797
0.600044,0.555154,0.420238,0.403886,0.410996,0.432951,0.559468,0.386017,0.448530,0.371059,0.346797
0.518849,0.445694,0.437937,0.532290,0.402573,0.386133,0.493098,0.372611,0.389197,0.398404,0.365871
0.446169,0.482766,0.508005,0.377994,0.467178,0.390652,0.493691,0.489554,0.450382,0.426317,0.395255
0.474856,0.426195,0.494351,0.440513,0.460572,0.418212,0.458272,0.402385,0.555155,0.363536,0.437097
0.560337,0.499996,0.525289,0.505411,0.444194,0.465580,0.496086,0.356659,0.598269,0.471111,0.430378
0.524693,0.457473,0.458535,0.485851,0.392855,0.524057,0.464792,0.424511,0.481001,0.492903,0.533835
0.349585,0.383018,0.471702,0.469834,0.418202,0.450849,0.697655,0.313898,0.448397,0.537874,0.466573
0.398145,0.524983,0.357009,0.444073,0.401314,0.436526,0.577714,0.331560,0.419676,0.464089,0.414071
0.515349,0.478274,0.382112,0.521698,0.421266,0.433887,0.460087,0.333523,0.376292,0.416553,0.451015
0.523348,0.389061,0.400965,0.407867,0.437644,0.488585,0.520216,0.476015,0.375635,0.471086,0.495876
0.512441,0.552206,0.509981,0.516010,0.385648,0.455276,0.561969,0.590250,0.488701,0.412360,0.447310
0.511204,0.441827,0.584170,0.372042,0.423971,0.373059,0.503461,0.662790,0.387995,0.384253,0.443846
0.312906,0.370395,0.497290,0.400139,0.447761,0.496767,0.512752,0.560729,0.330878,0.504930,0.406498
0.421007,0.391037,0.483780,0.413368,0.461130,0.444356,0.473850,0.573358,0.399814,0.416866,0.439882
0.513821,0.385712,0.402175,0.469159,0.582372,0.451573,0.424726,0.471522,0.402741,0.413631,0.514366
0.470278,0.450837,0.495182,0.453439,0.371564,0.504417,0.347134,0.595720,0.486728,0.437685,0.558682
0.574060,0.328277,0.356681,0.443561,0.364616,0.536597,0.383311,0.665479,0.412652,0.489985,0.508936
0.578099,0.426973,0.492159,0.526313,0.334105,0.469922,0.432578,0.544752,0.487624,0.501412,0.454825
0.529668,0.344237,0.581944,0.391187,0.477456,0.383148,0.451395,0.463064,0.517595,0.473037,0.501478
0.560501,0.457462,0.459267,0.496870,0.380546,0.368252,0.421796,0.556798,0.501438,0.526302,0.482526
0.599976,0.504750,0.412165,0.546916,0.545387,0.437576,0.471510,0.574673,0.366585,0.460946,0.508195
0.666753,0.523790,0.388023,0.506548,0.414878,0.400099,0.479614,0.406900,0.416462,0.428586,0.447869
0.491265,0.441804,0.419982,0.352065,0.631534,0.483358,0.420281,0.494329,0.441665,0.524736,0.422413
0.524134,0.519752,0.326307,0.532876,0.609692,0.431134,0.497823,0.459028,0.534689,0.522287,0.468913
0.505226,0.450669,0.628707,0.483738,0.562821,0.433014,0.605749,0.559984,0.442054,0.407852,0.484962
0.580938,0.407127,0.543196,0.516128,0.592483,0.526893,0.550276,0.420239,0.568548,0.448292,0.451195
0.413892,0.606723,0.519741,0.377497,0.503372,0.505648,0.587236,0.597192,0.683007,0.528278,0.444235
0.536771,0.631234,0.508583,0.472865,0.508472,0.428931,0.548259,0.634393,0.615583,0.443302,0.471709
0.443338,0.471854,0.570091,0.564121,0.412745,0.505811,0.542123,0.615323,0.516788,0.463898,0.463919
0.529547,0.483406,0.535477,0.507074,0.424841,0.537172,0.461627,0.632069,0.619757,0.473389,0.497230
0.446368,0.500655,0.424876,0.558793,0.439350,0.587243,0.517868,0.574147,0.478189,0.492184,0.628120
0.553751,0.481082,0.460557,0.447595,0.404022,0.650145,0.637144,0.604423,0.550758,0.371814,0.547361
0.565334,0.601251,0.490539,0.438444,0.466990,0.626112,0.596601,0.407137,0.471429,0.314066,0.515052
0.435307,0.535820,0.455124,0.546340,0.378990,0.699132,0.529413,0.503562,0.485590,0.463330,0.630403
0.678741,0.660254,0.500158,0.453394,0.373028,0.614838,0.746064,0.467569,0.502627,0.639137,0.579568
0.660253,0.531039,0.516652,0.392951,0.433409,0.726880,0.520249,0.439241,0.568662,0.558650,0.664826
0.660244,0.588688,0.515739,0.575254,0.647221,0.779649,0.635249,0.488502,0.686482,0.682545,0.560117
0.451213,0.560194,0.552816,0.525371,0.538473,0.720872,0.709359,0.459886,0.653492,0.516975,0.433211
0.568612,0.504861,0.651695,0.460751,0.508277,0.642949,0.652613,0.463346,0.552962,0.614649,0.619727
0.651110,0.753925,0.554381,0.719300,0.526164,0.674344,0.616025,0.496573,0.523591,0.620578,0.428037
0.519074,0.638338,0.667566,0.587649,0.623313,0.697955,0.615786,0.579118,0.636795,0.549167,0.686685
0.600615,0.510528,0.610423,0.594725,0.465269,0.771742,0.717122,0.603370,0.516919,0.605814,0.540965
0.643293,0.533042,0.512853,0.709451,0.517547,0.669543,0.828614,0.537036,0.626397,0.554088,0.524983
0.486182,0.523666,0.531122,0.670772,0.549391,0.550413,0.570998,0.609769,0.574321,0.670726,0.478889
0.569939,0.433332,0.662646,0.495196,0.580991,0.808933,0.692164,0.596045,0.608878,0.615021,0.523709
0.667505,0.567028,0.540675,0.544224,0.565092,0.786099,0.774279,0.591237,0.743622,0.731191,0.470912
0.579254,0.721645,0.531732,0.729356,0.589644,0.781731,0.772857,0.734626,0.805632,0.796707,0.534228
0.563779,0.669865,0.676835,0.513023,0.587798,0.751062,0.709276,0.844165,0.695427,0.663644,0.445746
0.571292,0.669989,0.711138,0.597236,0.753528,0.789455,0.628908,0.772136,0.678415,0.686085,0.732605
0.533682,0.760046,0.650090,0.725182,0.727485,0.678052,0.755968,0.591260,0.825964,0.808622,0.785339
0.555339,0.780934,0.746812,0.607195,0.678518,0.490416,0.767240,1.019151,0.601779,0.746864,0.537005
0.738273,0.564462,0.496598,0.607704,0.731474,0.691726,0.744173,0.546855,0.558521,0.691494,0.529922
0.712497,0.708213,0.765372,0.652595,0.750151,0.763814,0.829420,0.745953,0.694886,0.686210,0.700068
1.064613,0.691043,0.707717,0.763018,0.684630,0.766229,0.716034,0.638293,0.652458,0.659236,0.631793
1.066413,0.761785,0.735542,0.624265,0.796840,1.037573,0.760576,0.831689,0.907212,0.637304,0.601197
0.906368,0.759196,0.908657,0.736544,0.587141,0.721564,0.830572,0.766623,0.864436,0.571125,0.913832
0.944422,0.713305,0.665320,0.635260,0.520210,0.702891,0.970114,0.704404,0.966203,0.750431,0.823064
0.878307,0.916601,0.716206,0.778376,0.801072,0.755096,1.015815,0.750740,0.798631,0.753720,0.783153
0.912650,1.013247,0.822732,0.756099,0.730661,0.717173,0.902420,0.603012,1.013478,0.647304,0.764382
0.948140,0.842915,0.734164,0.879616,0.644412,0.875663,0.676651,0.863794,0.701418,0.670283,0.875556
0.966245,0.909881,0.914069,0.927972,0.848838,0.941365,0.829294,0.896798,0.815157,0.795756,0.692829
0.973258,0.868196,0.842181,0.693179,0.897957,0.878203,0.642587,0.924783,0.851696,0.682236,0.801682
0.947466,1.010769,0.850069,0.646491,1.008686,0.858619,0.980356,0.980418,0.820883,1.023490,0.868148
0.927931,0.829777,0.902231,0.934612,0.849340,0.868591,1.081285,0.668531,1.021221,0.895403,0.714591
1.179582,0.808960,0.701900,0.817452,1.036627,0.936229,1.045881,0.655633,0.855783,1.236098,0.744593
1.233845,0.987463,0.861701,0.947315,1.134013,1.222206,1.181616,0.755184,1.075097,1.063061,0.852539
1.184945,0.900124,1.039467,0.815584,0.999141,1.041628,1.035253,0.965554,0.957374,0.887430,0.780619
1.279748,0.992462,0.867770,0.965330,0.881214,1.039461,1.124644,1.026852,0.977067,1.014573,0.924567
0.952811,0.782253,0.917590,0.737601,0.854455,0.960925,0.967382,0.934391,1.213587,0.921183,0.884078
0.940318,0.819796,1.218660,0.984145,1.149053,1.073331,1.024820,1.080394,1.261502,1.017414,1.104649
1.180873,1.071384,1.094488,1.044887,1.027958,0.952397,1.212145,1.036396,1.216703,0.998025,1.121141
1.647695,1.110841,1.048147,1.004966,1.077695,0.983900,1.100380,1.020088,0.968505,1.077215,1.105912
1.259428,1.119105,1.018819,1.186261,1.109486,1.001560,0.906217,1.201587,0.994618,1.151924,1.041952
1.095042,1.259857,1.057477,0.939850,0.934875,0.811314,0.853520,1.201961,0.929824,1.072043,0.892870
1.034080,1.436456,1.220389,1.075609,0.929995,1.175141,0.929291,1.257515,0.849700,1.264344,0.818078
1.120172,1.095924,1.280473,1.308812,0.930287,1.128248,1.022006,1.282808,1.290991,1.499626,0.826413
1.019302,1.201400,1.374953,1.210992,0.940335,1.255009,1.109195,1.310006,1.300824,1.321757,0.947927
1.104391,1.138222,1.227571,1.113956,0.885559,1.143896,1.559318,1.496377,1.265408,1.337027,1.092285
1.235755,1.147883,1.371957,0.880915,1.029197,1.387975,1.072497,1.422600,1.092845,1.392266,1.115660
1.039950,0.965841,1.441184,1.063767,1.157948,1.307921,1.382797,1.159482,1.266922,1.320920,1.065387
1.645041,0.903528,1.466784,1.293278,1.133478,1.238468,1.242554,1.137258,1.001532,1.376175,1.398956
1.285299,0.798929,1.538780,1.440292,1.000637,1.411436,1.347961,1.693896,0.936554,1.224289,1.120032
1.140456,1.198178,1.256699,1.408104,1.275466,1.430932,1.569622,1.461692,1.015461,1.367200,1.070134
1.120202,1.221313,1.224956,1.470471,1.188097,1.807618,1.423554,1.442115,1.446569,1.013206,0.923266
1.338874,1.037084,1.615331,1.388682,1.300702,1.343840,1.410636,1.454701,1.489852,1.238494,1.398825
1.404259,0.886775,1.349199,1.213742,1.654521,1.345222,1.427716,1.485468,1.489190,1.294837,1.393798
1.464369,1.160463,1.210114,1.300145,1.234874,1.521018,1.380348,1.454407,1.201792,1.479965,1.241565
1.520646,1.281084,1.296649,1.462536,1.052461,1.241962,1.290849,1.412435,1.335619,1.493782,1.202092
1.561886,1.493204,1.260547,1.362531,1.476747,1.397158,1.358690,1.223234,1.709188,1.621218,1.411862
1.570768,1.594461,1.349449,1.432579,1.510994,1.485087,1.156391,1.570143,1.495671,1.648708,1.344991
1.450990,1.392187,1.499606,1.343862,1.516125,1.301296,1.434065,1.613484,1.533470,2.012894,1.266797
1.856580,1.382416,1.347911,1.330263,1.346087,1.420075,1.437906,2.028297,1.596783,1.599800,1.576891
1.807665,1.208117,1.312976,1.329643,1.354982,1.603546,1.718321,1.743301,1.143804,1.878164,1.499614
2.051311,1.454121,1.477206,1.305762,1.721203,1.675776,1.436896,2.159942,1.455803,1.922110,1.545905
1.740548,1.860311,1.491077,1.852799,1.388022,1.555251,1.729043,1.690545,1.377549,1.719532,1.681845
1.653028,1.725731,1.028783,1.432523,1.274856,1.882238,1.569002,1.387257,1.548516,1.637572,1.596288
1.894918,1.481243,1.424614,1.725068,1.316587,1.624742,1.436540,1.524891,1.482966,1.613051,1.564405
1.739527,1.927097,1.415027,1.592076,1.519735,1.778607,1.321934,2.046272,1.810332,1.809882,2.088315
1.681563,1.568685,1.673001,1.563269,2.245311,2.254713,0.981611,1.665928,1.412344,1.582052,1.424583
1.112533,1.730237,1.311105,1.627454,1.998413,1.933296,1.352880,1.540053,1.507982,1.647410,1.935088
1.285117,1.816026,1.431154,1.388329,1.981389,1.949959,1.437883,1.629163,1.674172,1.736150,1.377668
1.708794,2.134377,1.854997,1.803887,1.515054,1.850110,1.786966,1.844689,1.987932,1.800828,1.886683
1.985407,1.790200,1.760767,1.489354,1.603351,2.059966,1.527126,1.588511,1.746891,1.796359,1.953316
1.807539,1.566908,1.810919,1.578202,1.907920,1.728546,1.645034,1.789352,2.164731,1.802332,1.611475
1.725929,1.722715,2.031898,1.622046,2.071116,1.495433,1.876816,1.375945,1.693394,1.816914,2.001730
1.662896,1.795684,1.966326,1.879501,2.347348,1.977022,2.154719,1.677198,2.018171,1.650167,1.948847
1.993761,1.913726,1.547762,2.031637,2.010048,1.959206,1.965786,1.913169,1.586665,2.051655,1.900021
1.476640,2.137298,2.163783,1.526853,2.108386,1.410632,1.787251,1.891444,2.023970,2.149271,1.936032
1.733973,2.052823,1.979306,1.958649,2.190368,1.909732,1.612855,2.260311,1.738578,2.012721,1.956235
1.834023,1.990542,1.883164,2.062615,1.602461,1.988105,1.648700,2.160678,2.232473,1.398598,1.663455
2.208843,2.302306,1.724131,2.289107,1.796533,1.737853,1.457531,1.969876,1.991304,1.880916,2.429327
1.964840,1.631339,1.822582,1.693201,2.655201,2.048409,1.357939,2.198614,1.706738,2.149085,2.106436
1.871432,1.577120,2.322209,2.288334,1.844542,1.774044,1.651802,2.231319,1.936501,2.321039,1.789666
1.810812,1.796193,1.870812,2.007064,2.173122,2.311039,2.370357,2.507391,1.969167,2.102080,1.767390
1.853202,1.887132,1.842345,1.461878,1.763843,2.679294,2.249432,2.431240,2.083108,2.080152,2.188687
2.190757,2.175304,2.396229,1.613963,2.230561,2.445892,2.863726,2.463460,2.221964,2.247371,2.307591
1.571879,1.982588,1.921476,2.180086,2.081643,1.717729,2.207876,2.231734,1.764624,1.733341,1.901428
1.793752,2.364672,1.883355,2.673305,2.400023,1.665497,2.476333,1.882802,2.212642,1.965940,1.464090
1.948447,1.611834,2.073366,2.280281,2.028659,1.955862,2.365940,2.738704,2.348695,2.640962,2.069982
2.294671,2.300865,1.774640,2.461027,2.277916,1.987300,2.389237,2.505406,2.426610,2.738106,1.964909
2.181759,2.551999,1.910644,2.672958,2.148457,2.182042,2.357928,2.414482,2.163010,1.994920,1.876701
2.064036,2.248286,2.017499,2.257579,2.245891,1.971574,2.333734,2.635930,2.068635,2.535539,2.035410
2.468848,2.225032,2.134823,2.648992,2.083398,2.630636,2.059194,2.010513,2.388227,2.427444,1.517784
2.101326,2.367154,1.797894,2.122750,1.876448,1.965136,2.063754,2.006500,1.887140,2.480624,1.895476
1.933985,2.490723,2.407268,2.889379,3.017870,2.477513,2.444981,2.511364,2.570762,2.481916,2.013530
2.185563,2.106939,1.549343,2.731876,2.776318,2.611811,2.279263,2.264033,2.933676,2.267335,2.434852
2.501539,2.577926,1.913635,2.066867,2.435881,2.563141,2.211003,2.384405,2.727573,2.000195,2.852726
2.293704,2.042747,2.361044,2.481873,2.223009,2.484931,2.471599,2.125917,2.490037,2.492247,2.687811
2.339334,2.091095,2.623290,2.062979,2.260679,2.621478,2.056225,2.504239,2.701018,1.943075,3.130790
2.183412,2.510298,2.842739,2.493957,2.380201,2.834208,2.336745,2.103954,2.384982,2.208349,2.653578
2.590958,2.688870,2.537425,2.170753,2.944142,2.520770,2.161422,2.951863,2.714811,1.791839,2.291859
2.559202,2.372069,2.995598,2.217528,3.148682,3.525573,1.922064,1.862696,2.667052,2.832052,2.674745
2.484700,3.236970,2.437650,2.911198,2.769244,2.804930,2.145979,2.205325,2.849003,2.735165,2.072924
2.620402,3.005741,2.659332,2.847701,2.355580,2.669406,2.948506,2.465030,2.586056,3.099796,2.400762
2.654690,3.014590,2.563424,2.426219,3.035230,3.101456,2.873361,3.580296,2.643187,2.649496,2.345696
1.790035,2.889454,2.299675,2.768389,2.930045,2.383437,2.795433,2.712300,2.402013,3.012900,3.085761
2.385868,2.641377,2.351707,2.043625,2.650923,3.346888,2.760463,3.135850,2.316940,3.772222,2.726427
2.211575,2.433911,2.749360,3.222340,2.467880,3.258504,2.685222,3.131361,2.822903,3.067686,2.522691
2.895418,3.071333,2.394058,2.147102,2.441418,2.415873,2.930516,3.008753,2.829756,3.055344,2.590729
2.663633,2.759106,2.573836,2.312060,2.633735,3.143829,2.681166,2.910607,3.112298,2.985985,3.233440
3.257692,3.033185,2.596041,2.112201,2.424338,2.364745,2.912263,2.919522,2.498535,3.071711,3.024944
2.871127,3.105981,3.059367,1.602670,2.604744,2.475353,2.604990,2.749423,2.223522,3.098350,2.087705
2.946782,2.888359,2.768965,2.191209,3.177401,3.212324,2.964837,2.840646,2.462300,2.242521,2.715450
3.167046,3.460381,2.743015,2.315714,2.543752,3.173456,3.418775,2.775474,2.428324,2.559980,2.328830
2.655487,3.299418,3.067412,3.135510,2.639700,2.532414,2.850592,2.772701,3.162007,3.242973,2.993027
2.915814,2.930083,2.912580,2.677400,3.178138,3.328919,2.696378,2.841730,2.967081,2.508478,2.622403
2.719872,2.461912,2.714313,2.951432,2.842718,3.437149,3.510123,3.752192,2.665589,3.168972,3.058474
3.217136,3.531607,2.487666,2.655186,3.046436,3.133186,3.170937,2.463514,2.706991,2.705914,2.863834
3.152418,3.664781,2.481337,2.868194,2.967067,2.752999,3.004497,3.158819,2.832404,3.351868,2.821146
2.899534,2.384570,2.728139,2.431433,3.353843,2.477701,2.978642,3.130438,3.230852,2.474953,2.738979
3.098587,2.960332,3.503726,2.318158,2.843712,2.979670,2.914285,2.296872,3.881263,2.794322,2.213331
3.233355,2.723701,2.778014,3.303590,2.736470,2.540586,2.560371,3.049625,3.154290,2.375162,3.319324
3.846040,2.996195,3.018530,2.723191,2.147894,2.827724,3.218507,2.994564,3.182781,2.158032,2.505721
3.878263,2.821974,2.959660,2.973590,2.456640,2.819844,2.476996,3.780094,3.116755,2.370026,2.823474
3.135100,3.505219,2.851280,2.889727,2.238667,2.892331,3.006070,3.736647,3.052824,2.003444,3.077532
3.730067,3.007265,2.640630,3.336151,3.195084,3.496433,3.416120,3.277349,3.150848,2.904951,3.154660
4.162484,3.340787,2.625604,3.291611,3.094697,2.843152,3.139493,2.904503,3.198905,2.761313,2.720636
3.680093,3.278002,2.896722,3.374524,2.758511,3.189689,2.465030,3.477288,3.373154,2.559149,3.131064
2.591079,2.964494,2.699795,2.875248,3.449974,2.763224,2.418763,3.171736,3.242329,2.891570,3.414017
3.219416,3.750698,2.668212,3.719758,3.207245,3.304959,2.697858,2.334374,3.595435,2.767298,2.924446
3.072152,3.414378,3.112192,2.673588,3.680678,3.233339,3.136535,3.071372,3.270947,2.563897,2.451736
2.831426,2.987607,3.019332,2.785945,4.571133,3.456151,2.437950,3.029667,3.353728,3.138349,3.275158
2.896332,3.441688,2.973547,2.523717,3.685001,2.294543,3.168609,3.069891,3.077732,2.508873,3.221488
3.364763,3.230061,3.228498,2.898943,3.472897,3.190904,3.710640,3.271412,3.003284,3.310012,3.222916
3.399440,3.037136,3.578432,2.923209,2.923748,3.297967,3.655878,3.739981,2.881054,3.462775,3.065487
3.828726,3.051277,3.257469,3.687847,3.484706,3.309211,3.060536,2.973579,3.112231,2.827404,2.849754
2.285865,3.217042,2.848886,3.975774,4.043811,2.832266,3.197543,3.482925,2.817809,2.842349,2.975383
2.813810,2.878472,2.753421,3.919702,3.855294,2.747670,3.156406,3.466050,3.799979,2.698830,2.927346
3.273825,3.378901,3.196469,3.546368,4.052218,3.442453,3.608781,3.480325,3.516575,2.652602,2.837270
2.615796,3.017840,3.263780,3.703709,3.310514,2.385538,3.807773,3.029177,3.239032,3.144227,3.662530
2.651096,2.858375,3.259712,3.597335,3.271172,3.071330,3.125161,3.043013,3.632401,2.608380,3.143766
3.126165,3.333669,3.929651,3.683675,3.229430,3.228183,3.237128,2.471438,3.569591,3.393803,3.485126
2.673405,3.314553,2.908807,3.123412,3.257268,3.498646,3.589301,3.517622,3.502307,2.981632,3.436121
3.713758,2.758712,3.287836,3.322858,3.138288,2.960218,3.438711,3.990769,3.445674,3.908579,3.439089
3.500188,2.796892,3.254429,3.957151,3.829849,3.822386,3.238931,2.990950,2.952575,3.349453,3.886535
3.380954,3.325134,3.421983,2.609771,3.258998,3.504696,3.847932,2.792009,3.392633,3.669720,3.835768
2.962977,3.928212,2.673122,3.464214,3.519211,2.991504,3.398911,3.435134,3.509436,3.439179,3.580904
3.486711,3.704969,2.769912,4.019505,2.749008,3.561554,3.314744,3.770717,3.558411,3.393178,2.972619
3.106374,3.247537,2.616925,3.637967,3.656974,3.184261,3.260427,4.036131,3.617370,3.762722,3.562830
3.050648,3.362796,3.537973,3.480005,4.294030,3.199431,3.012107,3.630671,3.577301,3.488458,3.286694
2.621892,3.421350,3.759572,3.348739,4.083817,3.562854,4.130047,3.359461,3.712664,3.434479,4.159863
3.437599,3.421669,3.152696,2.963702,4.140229,3.288565,4.475548,3.616683,3.775394,3.224550,4.278240
4.128387,3.549210,4.283194,2.655074,3.671223,3.309684,2.764012,3.662073,3.985701,2.963871,2.721312
4.268862,3.296454,3.941227,2.564449,4.193580,3.363971,3.575097,3.555817,3.773218,3.370367,2.759453
3.887013,3.499532,3.882004,3.332727,3.634725,3.286560,2.960775,3.492140,3.287170,3.752187,3.297181
3.513668,3.074216,3.821415,3.872920,3.871585,2.889865,3.071652,3.763936,2.851224,2.980518,3.150622
2.927071,3.348790,4.225054,3.634389,3.065934,3.263845,2.771146,4.273639,2.566293,3.354978,3.841137
3.198227,2.926334,3.215919,3.359313,3.486902,3.906715,3.766101,3.152697,2.876547,3.185515,3.281504
3.566195,2.966504,3.475373,3.522566,3.186221,3.239941,3.849207,3.762056,3.761805,3.812686,3.953607
3.398084,3.079489,3.916168,4.162467,3.089230,3.697527,3.603518,4.083856,3.170886,3.875212,3.302777
2.924802,3.388745,4.023447,3.170745,3.234629,2.974811,3.606291,2.996317,3.379552,3.339735,3.543818
3.861031,3.243355,2.824847,4.233844,3.684179,3.701766,3.194318,3.001564,2.880021,2.690972,3.208473
3.666858,2.495116,3.909137,3.469763,2.931834,3.404278,3.748287,2.888376,3.209856,3.102452,4.067286
3.790428,3.149537,3.343648,3.142869,3.601356,2.553586,3.929226,4.136093,3.900964,3.852192,3.276785
3.587595,3.504974,3.144157,3.724582,2.892002,3.014758,3.093164,3.824298,3.156725,2.963741,3.201993
4.427284,4.116169,3.601359,3.507503,3.475529,3.489196,3.477925,3.838346,4.338720,4.104619,2.996445
4.137928,3.627364,3.734858,2.627764,2.967390,3.486971,3.296060,3.513097,3.754805,3.196153,3.873146
3.355031,3.889645,3.233351,2.801294,3.863722,2.676370,3.066342,3.930050,3.575374,3.968918,3.866303
3.780233,3.291688,3.636194,3.649063,3.443888,3.174901,2.400774,3.151828,2.933400,3.646722,4.179390
3.192906,3.452836,3.025218,3.085966,3.211171,3.833340,2.846980,4.386211,3.533213,3.779527,3.675933
2.834097,3.968987,2.771250,3.765651,3.889343,3.961320,3.632900,4.121152,3.733197,4.334564,3.440352
3.187914,3.023543,2.114068,3.970436,2.632877,3.565366,2.866978,3.589759,3.991714,3.695853,3.722264
3.407009,3.684837,2.501370,3.476848,3.618096,3.316992,3.688598,3.402114,3.178076,2.984470,3.790612
2.806758,4.003665,2.667440,3.717733,3.355336,4.024638,2.963711,3.526632,3.884371,3.034632,3.652596
3.353075,3.733052,3.072968,3.827685,4.353442,4.141998,3.066803,3.222157,3.375383,2.909310,4.262330
3.762880,3.603884,2.740401,3.254923,4.089516,3.762885,2.319118,2.714772,3.279516,3.173081,3.951253
3.394250,3.478667,3.413036,3.256077,3.679302,2.920708,3.011623,3.078062,3.554969,3.265010,3.562137
3.103989,4.228301,3.177362,3.196723,3.437687,3.152303,3.058721,2.966510,2.829182,3.552682,2.719559
3.113092,3.802994,3.356739,3.682946,3.677471,3.292774,3.003697,2.636825,3.439619,3.382616,2.925444
3.487523,3.132905,3.317664,3.029719,3.192738,3.735022,2.831263,3.348325,3.941215,4.501295,3.272763
3.792160,3.287860,3.261125,3.192296,2.855410,3.176903,3.344571,2.793031,3.114453,3.393183,3.415605
3.347307,3.735947,3.469612,2.996979,3.713251,3.481181,3.301666,3.095665,3.435085,3.477417,3.418020
3.266680,3.371931,3.794336,3.201117,3.009672,2.707582,3.664423,3.576353,3.909692,3.626810,3.426168
3.239228,2.916072,3.446871,3.217643,3.223811,2.811948,2.937528,3.321658,2.756670,2.957649,3.788838
3.713903,3.320890,4.042413,3.416134,2.978598,3.186451,3.324274,3.373792,2.598054,4.217063,3.949425
2.903323,4.110285,3.613257,2.712427,3.765186,3.324554,3.281832,3.706206,2.987315,4.053383,3.532452
3.403554,3.526305,4.112290,3.114474,3.217893,3.438034,3.730756,3.665956,2.885790,2.865222,3.211929
3.669029,3.641861,3.707652,2.548707,2.891336,2.490975,3.260423,3.258598,2.779108,3.579752,3.071034
3.338011,3.685438,3.691010,3.672099,3.372291,2.532462,3.210060,3.795239,2.577545,3.466840,3.225910
3.037461,3.319679,3.349520,3.759155,3.927935,2.643083,3.278284,3.147323,3.068474,3.229824,2.667107
3.216024,3.369359,3.892369,3.369388,3.621491,2.976290,3.310655,3.305052,3.408534,3.738896,2.972981
3.318628,3.388483,2.869432,3.044562,3.645301,2.547267,2.904254,3.281736,3.076105,3.269198,2.769601
3.707202,3.278265,2.543440,3.357665,3.823461,3.225389,3.257973,2.829482,3.394467,3.193871,2.750484
3.804439,3.173928,3.539927,3.633296,3.143083,2.695687,3.269601,3.602116,2.768161,2.843705,2.999685
3.584023,2.874849,3.770526,2.793461,3.403306,3.084072,2.827727,3.085670,3.002934,2.695946,2.117855
3.627935,3.006677,3.503504,3.068183,2.530147,3.228859,3.276781,2.812685,3.217422,3.114680,2.675196
2.962681,3.357378,3.159490,2.634331,2.955197,3.330150,3.134511,3.027648,3.513505,2.447631,2.713779
2.838376,3.327052,3.532730,2.563479,2.585407,3.194043,3.132810,3.606658,3.480270,3.080891,3.339976
3.092985,2.683762,3.827327,3.523314,2.621100,3.914395,3.386062,3.191067,2.334372,3.079144,3.162376
2.819034,2.597756,3.118974,2.761767,3.110981,2.338922,2.797769,3.664736,2.762932,2.785314,2.630724
3.533721,2.749985,3.265309,3.147296,2.612895,2.743580,3.020527,2.647421,3.514142,2.967176,2.985527
3.158285,3.125794,3.254903,3.084941,3.311138,2.790184,3.099047,3.460974,3.282624,3.040998,2.667710
3.399071,2.925896,2.908361,2.685229,2.801618,2.927856,3.744350,3.200647,3.180871,2.772732,2.225441
3.071274,3.077101,2.590217,2.670165,3.542267,2.651583,3.590352,2.947455,3.690058,2.367896,2.632065
2.736603,3.660900,3.013336,2.548990,3.194799,2.632604,2.606987,2.515616,2.730294,2.479942,2.600364
2.854741,2.783761,2.709436,3.077789,3.346451,3.148526,2.512273,2.571139,3.730972,3.158387,3.282136
3.425770,3.717485,2.014764,3.021601,2.914070,2.763662,3.075164,2.727460,3.279784,3.426340,2.890694
3.270575,3.483280,3.462683,3.017428,2.746813,2.947998,2.920324,3.232908,2.920047,3.012895,3.570686
3.181858,3.682409,3.274813,2.863492,2.948393,3.181456,3.078687,3.227289,2.936982,2.789522,3.002101
3.720620,3.023742,3.302526,2.733618,2.510796,2.639977,2.733089,2.360487,2.278096,2.441763,3.179121
3.106815,2.770752,3.374124,2.236161,3.177028,3.154801,3.055858,2.565239,2.354138,2.619141,2.984437
2.828010,2.230561,3.018745,2.860512,2.760180,3.016675,2.700516,2.724405,2.291621,2.538755,2.382178
2.887976,2.285470,2.454513,2.783844,3.077466,2.716990,3.002702,2.801944,2.789722,2.569053,3.076015
2.322907,2.021662,2.902119,2.651063,2.962305,2.717196,2.687255,2.880538,2.360254,2.523058,3.172593
3.009274,2.186667,3.052697,2.625568,2.714146,2.456602,3.315391,2.337328,2.411566,2.693083,2.594636
2.359272,2.781854,2.918467,2.784225,3.009616,2.989694,2.470871,2.519165,2.098704,2.283709,2.621234
2.791235,2.801439,2.780112,2.821091,2.818352,2.707221,3.236251,2.291575,2.513836,2.756721,2.718278
2.385339,2.845768,3.050319,2.564973,2.456853,2.562099,2.770668,2.672195,3.201645,2.503329,2.055710
2.586943,3.154662,2.762574,2.470669,2.381145,2.999860,3.100315,1.963193,2.807602,2.985412,2.341180
2.416096,2.567868,3.062358,2.669890,2.335555,2.489785,3.754702,2.260783,2.427754,2.600224,2.580937
2.696366,2.728480,2.629787,2.647022,2.515931,3.096556,2.647147,2.193653,2.097598,2.677835,2.379850
2.186211,2.540430,2.982861,2.161999,2.559095,2.594359,2.327844,2.633430,2.386051,2.778074,2.124995
2.369548,2.515554,2.265987,2.509036,1.898357,2.967618,2.564061,2.295515,2.826922,2.664689,2.334373
2.887672,2.477120,1.977363,2.877567,2.035211,2.879704,2.182311,2.485663,2.608360,2.625374,2.646582
2.847808,1.990812,2.239065,2.334436,2.295575,2.985148,2.361500,2.606151,2.652730,3.125507,2.510877
2.408428,2.118817,2.375800,2.272699,2.263715,2.260292,2.144056,2.355191,2.184765,2.239374,2.476486
2.659800,2.337981,2.179741,2.211648,2.391102,2.320646,2.281644,2.646651,2.426206,2.859112,2.328356
2.725835,2.463557,2.155421,2.033696,2.253709,2.446008,2.266312,2.259005,2.432183,2.327934,2.907905
2.705513,2.084772,2.203839,2.905335,2.621154,2.675715,2.733328,2.720072,2.070351,1.964317,2.847117
2.396033,2.455882,2.269349,2.361600,2.639824,1.962352,2.011661,2.447020,2.972802,2.272013,2.937767
2.107802,2.258714,2.049506,2.687221,2.321802,1.975198,1.911366,2.082380,1.768044,2.160752,2.595763
2.704651,2.450551,1.738156,2.435131,2.354739,2.166315,2.444422,2.265666,2.738245,1.973991,2.598747
2.279130,1.774392,1.750057,2.152627,2.102667,2.032110,2.390861,2.479067,2.693484,1.975248,2.760818
2.425999,2.330590,2.153884,2.501758,2.633658,1.863057,2.306179,2.155075,1.836595,1.970852,2.269167
2.281034,2.491360,2.179824,2.455957,2.281490,2.168816,2.311946,2.099858,1.989422,2.029005,2.171276
2.280631,2.395953,2.090439,2.193211,1.882261,2.301688,2.152924,2.007783,2.277203,1.829491,1.859371
2.361265,2.212735,2.017510,2.613807,2.395397,2.072785,2.014600,2.475067,2.186773,2.005377,2.378948
1.882028,2.260425,1.777843,2.277527,2.095734,2.180351,2.081041,2.141512,2.506623,2.241132,2.235293
2.227635,2.347576,2.285265,1.729961,2.358452,1.815631,2.318849,1.646688,2.287995,1.989374,2.244793
2.487080,2.090137,1.873153,1.997889,1.829243,2.294422,2.144525,1.745890,2.132626,1.962060,1.793186
2.005407,1.984774,1.764295,2.017278,2.140680,2.326924,1.946905,1.994103,1.995828,1.827373,1.897500
2.090921,2.068156,1.631663,2.110744,2.044942,1.846607,2.151138,2.213422,1.562654,1.780178,1.758491
2.118595,1.889897,2.015109,2.065457,1.669115,1.890965,2.018735,1.717881,1.866838,1.509512,1.841717
2.234006,2.279394,1.455515,2.007217,1.952614,1.975290,1.926324,2.134494,1.628593,1.894030,1.780214
1.999429,2.257236,1.962816,1.937499,1.921054,2.002331,2.083574,2.073636,1.904018,1.383206,2.106981
1.701820,1.549826,1.659613,2.052050,2.397278,1.952189,1.642264,2.068044,1.756690,1.947694,2.248047
1.758184,1.833482,1.680322,1.787999,1.801279,1.835492,2.009843,1.469144,1.450298,2.050847,2.059074
1.568355,1.771724,1.646912,1.801115,1.595397,1.860685,2.232713,1.663884,1.864927,1.885668,1.460237
1.427429,1.716864,1.394697,1.997250,2.142969,1.534115,1.897727,1.810046,1.377130,1.966848,1.907412
1.653242,1.739319,1.533892,1.946592,2.522422,1.683197,1.654019,1.714252,1.214449,1.821540,1.747331
1.521464,1.582699,1.945905,1.713347,1.973186,1.475861,1.853853,1.930544,1.549399,1.775871,1.916466
1.781206,2.031976,1.525380,1.912399,1.519443,1.331850,1.946440,1.675239,1.392931,1.961948,2.008884
1.408560,1.873378,1.575182,2.157498,1.933463,1.408101,1.751139,1.752335,1.547844,2.000848,2.008478
1.326650,1.800365,1.357182,1.370218,1.980870,1.607382,1.457229,1.626399,1.446232,1.923874,1.881272
1.505048,1.484370,1.612871,1.335923,1.667076,1.694416,1.638800,1.567230,1.481400,1.351103,1.598860
1.245479,1.222762,1.968666,1.348078,1.446088,1.473316,1.870765,1.475976,1.498305,1.730293,2.188028
1.290452,1.624462,1.441183,1.410907,1.502431,1.525811,1.838063,1.655161,1.903592,1.477115,1.482564
1.510084,1.646785,1.386465,1.571752,1.705334,1.405482,1.770280,1.594342,1.502927,1.530300,1.648560
1.386688,1.701308,1.450236,1.661156,1.768862,1.688031,1.488285,1.583326,1.389442,1.721709,1.188526
1.206656,1.389325,1.816222,1.381052,1.761376,1.496143,1.367115,1.689402,1.577191,1.464775,1.734090
1.669954,1.306409,1.426186,1.478019,1.441277,1.814426,1.494126,1.588203,1.431535,1.524481,1.643920
1.707769,1.547124,1.485822,1.221781,1.358595,1.536452,1.138312,1.485312,1.539249,1.238823,1.478954
1.718439,1.404547,1.350018,1.132966,1.528970,1.150956,1.284306,1.650294,1.424400,1.208334,1.755092
1.743725,1.355715,1.160475,1.246941,1.777056,1.199780,1.424935,1.277754,1.481454,1.399548,1.518644
1.810444,1.170618,1.342896,1.581453,1.336371,1.429377,1.107571,1.581723,1.607230,1.371510,1.465453
1.187065,1.225492,1.197793,1.352589,1.175766,1.410556,1.344569,1.179801,1.136379,1.347097,1.408366
1.181429,1.595169,1.204675,1.455358,1.479380,1.313190,1.381263,1.306323,1.089462,1.456773,1.105390
1.162844,1.259024,1.165554,1.278901,1.428298,1.231124,1.201482,1.125892,1.187463,1.389038,1.271008
1.041492,1.487293,1.256972,1.198486,1.236797,1.319460,1.231529,1.194464,1.432509,1.466568,1.183076
1.494341,1.327287,1.196229,1.253644,1.252148,1.213844,1.544274,1.240393,1.369508,1.336866,1.545364
1.236004,1.069794,1.144584,1.148233,1.411844,1.020332,1.242635,1.423243,1.536279,1.101188,1.212787
1.412791,1.094640,1.419796,0.951567,1.001673,0.990787,1.161392,0.864080,1.634966,1.162744,1.361504
1.429007,0.920941,1.017155,1.056494,1.407454,1.039858,1.244109,1.119494,1.281757,1.038562,1.117185
1.373679,1.161795,1.283486,0.816015,1.023716,1.198934,1.286488,1.235511,1.185527,1.106983,1.166677
1.083042,1.206200,1.065588,0.982426,1.098527,1.288014,1.050726,1.001199,0.984435,0.908804,0.876781
1.285250,1.090514,1.014830,1.118458,1.378564,1.135407,0.887343,0.998719,1.141840,0.954566,1.088986
1.239419,1.144791,1.196431,0.883098,1.273316,0.941787,0.931364,1.114894,1.040036,0.973134,1.177527
1.103139,1.049877,1.053499,0.949878,1.114005,1.194812,1.016695,0.798114,1.002162,0.865420,1.249914
1.155975,1.000164,1.039733,0.956901,1.340470,0.945628,1.237359,1.296628,1.082713,1.123083,0.976523
1.057733,0.995916,0.970027,1.016943,1.176804,1.151349,1.053668,1.080400,0.964111,0.957455,0.971142
1.059505,0.977706,1.077804,1.097245,0.928698,1.099696,1.291027,1.286424,0.877997,1.314688,1.207456
1.027792,0.877156,1.110599,1.211022,0.769160,1.135443,0.942806,1.081561,0.834422,1.298982,1.043787
0.824186,0.879526,1.168429,1.007937,1.089055,0.751532,0.941124,1.242425,1.013601,1.043162,0.948978
0.916285,0.974841,0.821783,0.938833,1.030358,0.892285,1.109167,0.981515,0.830097,1.174629,0.871467
1.106172,1.205055,1.021938,0.911729,0.857797,0.942927,0.997693,1.056152,1.140942,1.036272,0.770051
1.045298,0.977728,0.792491,0.952595,0.987875,0.829815,0.859671,0.904608,0.970551,0.899557,0.802434
1.126474,1.250218,1.114020,0.746397,1.228387,0.876216,0.759214,0.855127,0.798070,1.031524,0.917487
1.075197,0.838697,1.001244,0.703798,1.230056,0.791242,0.942603,0.971611,0.899236,0.993867,0.779627
1.028520,0.844395,1.135700,0.685383,1.042064,0.872892,0.823011,0.886544,0.841556,0.732799,0.939609
0.709076,1.020694,0.960202,0.957485,0.791025,0.949270,0.791800,0.900113,0.914007,0.763470,0.824815
0.958705,0.849403,0.902319,0.722964,0.808115,0.827629,0.934979,0.848331,0.697152,0.692478,0.835625
0.765446,0.827846,0.858439,0.739151,0.819124,0.745874,0.809541,0.758106,0.669797,0.749208,0.817884
0.963752,0.814028,0.830521,0.602688,0.698940,0.816354,0.751070,0.755577,0.852747,0.719896,0.583416
0.887943,0.771933,0.833804,0.762510,0.622751,0.754489,0.745232,0.601333,0.862995,0.619750,0.903780
0.649849,0.864702,0.734357,0.771392,0.566882,0.896899,0.772176,0.682454,0.635989,0.827658,0.749010
0.543596,0.846176,0.825893,0.836063,0.525975,0.735449,0.821360,0.722786,0.598003,0.908816,0.608791
0.720789,0.604961,0.718501,0.677592,0.556877,0.818943,0.632487,0.757129,0.707872,0.767650,0.570164
0.645676,0.737481,0.859146,0.731573,0.645294,0.527470,0.829451,0.846636,0.654411,0.864196,0.775999
0.574981,0.834139,0.665003,0.830083,0.717896,0.710448,0.646067,0.838481,0.665695,0.836416,0.692210
0.459255,0.677114,0.825130,0.976811,0.847649,0.646207,0.532029,0.825470,0.809334,0.690011,0.790973
0.523321,0.761626,0.743339,0.650175,0.649749,0.648444,0.592897,0.743250,0.723792,0.807914,0.764082
0.721206,0.822492,0.708301,0.686242,0.699784,0.663902,0.546083,0.830831,0.783499,0.772951,0.736546
0.566279,0.679857,0.708211,0.708701,0.684629,0.716453,0.620643,0.791714,0.562185,0.614285,0.919676
0.468301,0.623874,0.681125,0.535503,0.688952,0.554849,0.514058,0.887541,0.789085,0.697569,0.665335
0.547305,0.563582,0.568135,0.602310,0.618099,0.613155,0.550146,0.687459,0.650703,0.635080,0.750631
0.592355,0.538905,0.435228,0.734253,0.790918,0.447767,0.454932,0.647114,0.629023,0.562112,0.741622
0.602411,0.495981,0.449803,0.671247,0.698428,0.566556,0.618597,0.816154,0.647555,0.683151,0.726177
0.651059,0.597948,0.643137,0.659046,0.675736,0.691152,0.630100,0.809042,0.525151,0.597443,0.571377
0.684641,0.537535,0.454020,0.670268,0.614334,0.709213,0.552280,0.582880,0.503525,0.631439,0.467956
0.569932,0.683830,0.499557,0.768809,0.610438,0.694047,0.635032,0.689472,0.640818,0.594177,0.580723
0.554188,0.643051,0.542168,0.543370,0.687216,0.747777,0.749493,0.507482,0.550461,0.637888,0.735634
0.677570,0.521479,0.542144,0.743567,0.622396,0.553719,0.619100,0.616882,0.496476,0.514465,0.552612
0.696616,0.554551,0.434128,0.684865,0.523672,0.676705,0.736402,0.532443,0.582564,0.580899,0.580655
0.645222,0.502478,0.449161,0.596455,0.530810,0.500812,0.506115,0.607422,0.515542,0.485965,0.472776
0.493296,0.455240,0.700724,0.506072,0.610365,0.473019,0.496652,0.521253,0.490619,0.542757,0.387007
0.775890,0.481233,0.594599,0.484225,0.339111,0.511130,0.636093,0.416371,0.560659,0.413248,0.409861
0.639071,0.422575,0.593672,0.460735,0.457206,0.582010,0.417798,0.466770,0.451627,0.495837,0.544015
0.424722,0.493227,0.627419,0.636454,0.571813,0.471685,0.597276,0.464402,0.608148,0.425263,0.492546
0.517733,0.391433,0.526176,0.513124,0.501700,0.607958,0.450377,0.503222,0.448015,0.388915,0.400427
0.587105,0.505057,0.545038,0.482825,0.500762,0.586787,0.372709,0.456617,0.600393,0.459830,0.468786
0.497064,0.429194,0.619637,0.447715,0.545111,0.597312,0.411363,0.512045,0.593118,0.489048,0.502460
0.476322,0.245322,0.481609,0.476138,0.484415,0.457201,0.505560,0.501037,0.322377,0.420413,0.500839
0.456999,0.414822,0.532491,0.504573,0.468893,0.512623,0.543500,0.541469,0.335749,0.466520,0.382517
0.536035,0.443069,0.426213,0.436546,0.549842,0.493403,0.418623,0.430152,0.280775,0.518196,0.582595
0.471526,0.359624,0.470076,0.367104,0.511250,0.452061,0.448110,0.411817,0.383220,0.531202,0.526862
0.556071,0.450290,0.516132,0.441160,0.550594,0.598991,0.378667,0.480104,0.489115,0.460446,0.345484
0.467168,0.449469,0.481340,0.307030,0.458275,0.629354,0.584106,0.344247,0.442594,0.454333,0.296483
0.542409,0.511761,0.395927,0.382083,0.455223,0.459809,0.468473,0.394843,0.387730,0.359547,0.393832
0.532297,0.495752,0.450924,0.551445,0.476462,0.535578,0.423565,0.403766,0.480881,0.478745,0.361060
0.453729,0.408564,0.515653,0.546154,0.477491,0.628921,0.386903,0.374092,0.547242,0.484342,0.293947
0.464635,0.511008,0.449182,0.427658,0.415392,0.536222,0.376251,0.373664,0.515291,0.459319,0.314280
0.509232,0.535537,0.429799,0.503189,0.591011,0.514930,0.352212,0.379683,0.512914,0.500591,0.292692
0.459536,0.495530,0.511148,0.509581,0.561136,0.499942,0.542625,0.413025,0.466316,0.586834,0.367014
0.412434,0.459147,0.464417,0.503190,0.538458,0.374983,0.440507,0.327343,0.390512,0.595152,0.543086
0.404555,0.499453,0.274490,0.494064,0.460443,0.415028,0.299468,0.403746,0.567454,0.560513,0.560543
0.482920,0.476809,0.283317,0.476117,0.389762,0.323586,0.443703,0.274582,0.488275,0.385263,0.500966
0.536009,0.482935,0.434305,0.335337,0.518792,0.396268,0.373876,0.452507,0.453345,0.522238,0.415467
0.529505,0.486885,0.343700,0.459856,0.416638,0.363053,0.480805,0.354705,0.482155,0.390536,0.422274
0.536672,0.530960,0.368611,0.522670,0.497893,0.500722,0.473411,0.438918,0.422348,0.386351,0.447747
0.573593,0.623515,0.348481,0.339220,0.437045,0.570170,0.523374,0.481803,0.359748,0.439956,0.536842
0.482489,0.472079,0.338188,0.360320,0.425856,0.350418,0.486682,0.450239,0.416088,0.431900,0.428243
0.477846,0.532138,0.440102,0.532857,0.382225,0.375450,0.577834,0.413479,0.443126,0.436266,0.401101
0.340625,0.474901,0.426627,0.413522,0.494593,0.406076,0.363597,0.446985,0.406662,0.432247,0.328685
0.518461,0.498083,0.402256,0.496489,0.514984,0.494771,0.514335,0.435160,0.345865,0.533980,0.435411
0.330237,0.389863,0.464110,0.497674,0.331696,0.429050,0.399375,0.402341,0.336638,0.541432,0.324594
0.307390,0.416216,0.429482,0.557026,0.425163,0.491360,0.355930,0.406658,0.436179,0.401190,0.380923
0.349070,0.451018,0.414917,0.535261,0.488773,0.385451,0.405662,0.404449,0.381195,0.388459,0.435803
0.385042,0.478845,0.426680,0.489344,0.433115,0.356093,0.400334,0.404782,0.401135,0.384612,0.397631
0.496046,0.561929,0.469441,0.370082,0.509853,0.415320,0.360807,0.450575,0.385913,0.293378,0.402881
0.403776,0.541480,0.453177,0.415298,0.415045,0.387117,0.435592,0.354787,0.532173,0.304614,0.379535
0.485938,0.419297,0.404227,0.440301,0.454555,0.451382,0.484580,0.281397,0.609034,0.511316,0.471219
0.546626,0.395661,0.428085,0.433040,0.336574,0.422552,0.460917,0.286922,0.546363,0.472116,0.415076
0.501027,0.560330,0.487405,0.474433,0.384843,0.424254,0.437208,0.372260,0.537939,0.574140,0.463628
0.441231,0.551962,0.495330,0.414292,0.355091,0.454097,0.389403,0.303637,0.566637,0.469887,0.467922
0.544823,0.435011,0.514476,0.439500,0.398573,0.399066,0.330265,0.389586,0.409969,0.423704,0.446496
0.617152,0.391802,0.542161,0.494138,0.346328,0.546202,0.379701,0.433874,0.424418,0.364717,0.623247
0.491587,0.534283,0.505251,0.548160,0.342224,0.542820,0.250229,0.491163,0.503022,0.348039,0.394753
0.533753,0.526164,0.423252,0.488044,0.397389,0.498560,0.339747,0.513431,0.421282,0.505961,0.480136
0.613845,0.458274,0.429622,0.434407,0.519977,0.467602,0.432529,0.451988,0.319841,0.370747,0.471089
0.614607,0.462265,0.585172,0.437185,0.447351,0.374905,0.541525,0.460325,0.359234,0.493208,0.498588
0.479539,0.509523,0.567092,0.434237,0.430886,0.445079,0.453859,0.591100,0.287956,0.318526,0.595033
0.460915,0.433531,0.464384,0.506206,0.322232,0.477708,0.465379,0.637633,0.356259,0.395765,0.631232
0.622352,0.398516,0.548113,0.496140,0.451063,0.468813,0.620729,0.599078,0.482116,0.430503,0.568212
0.492664,0.381721,0.562578,0.405739,0.525665,0.411629,0.666776,0.515711,0.431777,0.420355,0.556630
0.571614,0.468203,0.416120,0.571025,0.476721,0.429677,0.577873,0.617973,0.402948,0.605123,0.524646
0.481852,0.496157,0.569561,0.540813,0.592999,0.584347,0.566405,0.501807,0.431070,0.475999,0.535888
0.453669,0.602280,0.496920,0.530488,0.527131,0.608687,0.496961,0.537845,0.487579,0.596400,0.490795
0.406347,0.526589,0.465141,0.737023,0.476234,0.440767,0.628555,0.521116,0.653828,0.574097,0.461710
0.498434,0.604272,0.428429,0.630964,0.600064,0.605807,0.389290,0.456161,0.518807,0.551241,0.525258
0.580937,0.490524,0.436535,0.717951,0.537973,0.689261,0.567950,0.569807,0.502412,0.500356,0.635088
0.553318,0.590421,0.406558,0.657492,0.598017,0.688275,0.541155,0.539036,0.583689,0.518890,0.493465
0.526264,0.622224,0.566952,0.587112,0.641039,0.532743,0.688291,0.472376,0.655213,0.522255,0.502102
0.608517,0.453127,0.582393,0.561549,0.746742,0.546077,0.622596,0.512313,0.646367,0.708051,0.637592
0.620020,0.454425,0.553349,0.603575,0.648806,0.541599,0.660497,0.563006,0.594902,0.604002,0.541871
0.605592,0.567461,0.753705,0.399684,0.575472,0.786849,0.634435,0.651830,0.651506,0.504970,0.629188
0.579392,0.634712,0.679706,0.536567,0.447466,0.667387,0.569886,0.659884,0.572652,0.546386,0.642297
0.738597,0.618938,0.713825,0.457874,0.555422,0.618659,0.502372,0.620101,0.519318,0.590959,0.737151
0.627096,0.532727,0.785931,0.654566,0.411506,0.668833,0.594643,0.492424,0.772521,0.512933,0.694002
0.733487,0.539363,0.786648,0.587723,0.529248,0.573868,0.567510,0.665931,0.755955,0.573243,0.667059
0.711117,0.593728,0.698164,0.588899,0.498927,0.385996,0.673710,0.626989,0.660503,0.660058,0.539744
0.615600,0.759574,0.711551,0.675717,0.639402,0.493659,0.705710,0.551266,0.650757,0.671578,0.691607
0.600129,0.599509,0.794612,0.623046,0.792029,0.516565,0.537718,0.500236,0.930910,0.675940,0.615838
0.734712,0.734028,0.779621,0.619576,0.665962,0.713258,0.832724,0.537465,0.811456,0.556485,0.880318
0.612342,0.807175,0.757774,0.701791,0.823023,0.622199,0.778659,0.539582,0.737044,0.683140,0.902519
0.530038,0.602706,0.557191,0.582111,0.800724,0.692040,0.786452,0.634301,0.726903,0.540626,0.758644
0.536282,0.701524,0.927321,0.659603,0.702798,0.493319,0.836614,0.465274,0.880466,0.463924,0.876450
0.579306,0.717566,0.764725,0.597774,0.926037,0.807882,0.830967,0.583474,0.891759,0.500567,0.850222
0.894801,0.726096,0.799841,0.726884,0.754093,0.832540,0.888120,0.734615,0.836805,0.555586,0.952024
0.619792,0.576414,0.658990,0.667093,0.831788,1.024512,0.767079,0.680059,0.686496,0.563262,0.889804
0.657799,0.826281,0.588795,0.660563,0.778869,0.845549,0.761569,0.796571,0.623251,0.701928,0.691520
0.642679,0.878811,0.663424,1.043346,0.983598,0.794852,0.713704,0.757843,0.698546,0.708882,0.825838
0.733898,0.777050,0.793216,0.739416,1.048178,0.813389,0.879361,0.715940,0.659178,0.703207,0.877178
0.705853,0.771236,0.857863,0.749909,0.827100,0.773131,0.962662,0.770030,0.729804,0.733185,0.700837
0.749310,0.828976,0.682811,0.631619,0.788381,0.813533,0.826370,0.605142,0.822645,0.915571,0.891189
0.756525,0.662535,0.959439,0.719938,0.760357,0.883286,0.815518,0.825274,0.734222,0.808691,0.897996
0.748087,0.583369,0.918496,0.754692,0.804198,0.852311,0.886204,0.768026,0.655267,0.790179,1.031325
0.966929,0.781940,0.863658,1.154316,1.072373,0.841172,0.806442,0.831149,0.706670,0.962845,1.116582
0.857230,0.707495,0.804364,0.933781,0.866395,0.857936,1.147292,0.852548,0.592511,0.767811,0.925169
1.080886,1.001129,0.965229,0.948529,0.941911,1.049119,1.048220,1.082991,0.701358,0.734776,0.942706
0.958409,1.010818,0.921402,0.897633,1.184487,0.887480,0.789394,0.805890,0.718450,0.974957,0.862525
1.256119,1.060002,1.067652,1.052420,0.984752,0.936829,0.891087,0.808926,0.995870,0.673816,0.981572
1.246529,0.925506,1.062254,0.764766,1.189342,0.819502,0.896298,0.747248,1.050464,0.694639,1.006527
1.176842,1.021578,0.975541,0.871027,1.200052,0.906663,0.884609,0.979905,0.968922,0.701495,1.078582
1.097387,0.859165,1.052470,1.231601,1.105969,1.183412,0.896753,1.102388,1.316670,0.977862,1.077808
1.335359,0.966017,0.738905,1.108688,1.048897,0.875570,1.119028,0.961335,0.998108,0.763228,1.152858
1.116780,1.518632,0.785443,1.086801,1.139016,0.820698,1.007012,1.093612,1.219773,0.985443,0.927367
1.225829,1.142805,1.087003,1.152273,1.361506,1.070854,1.120704,1.378054,1.151067,0.911934,0.852022
1.131752,1.193732,0.884047,0.937027,1.114934,1.112724,0.963955,1.015560,1.174583,1.287875,1.166890
0.956588,1.041253,1.118408,1.005451,0.929819,1.219488,0.902244,0.997096,1.234641,0.983670,1.002423
0.802716,1.237762,1.388149,1.026192,1.397091,1.027909,1.080093,1.065105,1.205905,1.062532,1.100864
0.796251,1.117183,1.325890,1.087972,1.476866,0.846797,0.870800,0.956096,1.380782,1.056582,1.144822
0.892005,1.146532,1.397328,0.893125,1.366142,0.894158,0.998288,1.208606,1.140038,1.358847,1.197640
0.934096,1.144860,1.081741,1.091069,1.086869,1.231166,1.078481,1.325042,1.006189,1.186420,1.081380
1.021848,1.082692,1.065890,1.154719,0.914826,1.147158,1.118294,1.089157,1.471132,1.301754,1.057864
1.268345,1.218848,1.133049,1.244473,1.399431,1.350816,1.207771,0.858269,1.232516,1.278949,0.923135
1.066112,0.991163,1.091315,1.327840,1.397425,1.068900,1.095853,0.987379,1.271897,1.104941,1.132148
0.998338,0.759252,1.232760,1.328945,1.410457,1.345811,1.296827,1.273929,1.249818,0.905524,1.235521
1.082111,1.114773,1.066766,1.098766,1.413343,1.047127,1.154859,0.958990,1.558341,0.932358,1.368635
1.044421,1.201247,1.355066,0.934540,1.631364,1.389650,1.093526,1.197772,1.487926,1.243294,1.445129
1.154454,1.006902,1.317373,0.778926,1.177612,1.255614,1.199362,1.174916,1.233872,1.134550,1.249399
1.004597,1.223576,1.594852,1.083855,1.304489,1.312475,1.258005,1.206872,1.201629,1.414548,1.389469
1.034150,0.847928,1.442919,1.063225,1.383088,1.338269,1.351039,1.421224,1.339310,1.186317,1.345109
1.420021,1.050166,1.822166,1.159201,1.250530,1.067390,1.360057,1.377298,1.242580,1.099453,1.323897
1.545096,1.436510,1.527929,1.505058,1.660448,1.234850,1.409648,1.429910,1.500028,1.185332,1.174139
1.608322,1.511535,1.499358,1.337328,1.671827,1.192790,1.080004,0.998329,1.364986,1.537346,1.317469
1.127909,1.432908,1.712012,1.498291,1.457733,1.321610,1.516823,0.991427,1.101147,1.600742,1.232664
1.227022,1.264813,1.313583,1.742312,1.471838,1.349156,1.171613,1.147791,1.134726,1.788404,1.557602
1.539188,1.143247,1.403425,1.362610,1.891622,1.456088,1.034313,1.526050,1.130609,1.567204,1.842576
1.441865,1.157900,1.450886,1.491240,2.258301,1.476184,1.376386,1.634629,1.298171,1.602114,1.655157
1.639354,1.225606,1.248214,1.244948,2.094632,1.342700,1.605256,1.512647,1.470764,1.390026,1.645368
1.533160,1.312783,1.639689,1.671991,1.628388,1.649310,1.588524,1.632177,1.964245,1.443749,1.383629
1.393705,1.452531,1.610723,1.364471,1.625926,1.567834,1.720947,1.809394,1.630977,1.207054,1.844532
1.957855,1.172876,1.589242,1.731576,1.547612,1.578492,1.509081,1.923781,1.485177,1.179420,1.373208
1.470143,1.452070,1.329362,1.661519,2.242030,1.309589,2.211781,1.633497,1.932379,1.593956,1.531520
1.349098,1.194633,1.355377,1.594578,2.022730,2.016500,2.239148,1.440275,1.831708,2.075713,2.232121
1.372999,1.445624,1.838934,1.451627,1.699890,1.852438,2.075245,2.047039,1.523742,2.290341,1.963769
1.814582,1.483986,1.621960,1.697481,2.260914,1.796043,1.994591,2.083738,1.692418,1.825436,1.819025
1.468801,1.735024,1.868110,1.899871,1.722434,1.634610,1.945827,1.634359,2.088377,1.382397,1.877109
1.455479,1.452744,1.838803,1.947813,1.742360,1.751717,2.241683,1.622324,2.051045,1.864911,2.157938
1.429792,1.535060,1.602963,1.830336,1.225139,1.977494,1.845824,1.475670,1.619971,1.453972,2.046046
1.674387,2.250533,2.071220,1.530014,1.404188,1.678810,1.946190,1.838055,1.372641,1.642452,2.104258
1.344489,1.756353,1.515381,1.991516,1.796462,1.631046,2.044585,2.323234,1.572498,2.011735,1.731331
2.028789,2.068103,2.017369,1.995115,1.724304,1.508091,1.808828,1.552734,1.851584,2.171169,2.085512
1.780556,2.084667,1.763980,1.537342,1.680980,1.662725,1.850006,1.531526,1.954166,2.032197,1.767348
1.887096,2.130085,1.472859,1.907236,1.559626,2.204504,1.623985,1.834734,2.208003,1.861677,1.752493
2.017968,2.204144,1.470865,1.623425,1.365281,2.024745,1.713975,1.328399,2.308777,1.818373,1.890652
1.616163,2.182955,1.820293,1.957424,1.379689,2.442657,2.418652,1.737237,1.674989,1.837441,1.937738
1.906764,1.747655,1.878028,2.141128,1.792840,2.068858,2.216568,2.238984,2.165970,2.143824,1.805926
2.251380,1.732138,1.888357,2.247607,1.961579,2.332455,1.821591,1.970210,1.823823,1.784198,1.902220
1.976088,2.213575,1.774178,1.892549,2.211658,2.202621,2.291986,1.942188,1.871181,1.745174,2.433034
2.099815,1.769016,1.940905,1.864976,2.465481,2.609081,2.329111,2.074933,1.708565,2.172145,2.009202
2.117484,1.596328,2.547277,2.070433,2.583019,2.452703,2.114686,2.080294,2.040731,2.044287,2.050782
1.950063,1.917230,2.377859,2.018150,2.245350,2.085540,2.194333,1.795729,2.120482,1.806890,2.093107
1.963660,2.084022,2.341911,2.054324,2.314498,1.819773,2.033995,1.744094,2.099571,2.393964,1.889736
2.328472,2.223901,2.515898,1.809260,2.428774,2.036778,2.512727,2.385907,2.068625,2.256281,1.681237
2.698759,2.246853,1.947718,2.027835,2.389433,2.170322,2.680247,1.560610,1.875326,2.098917,2.483252
2.396174,2.445677,1.941504,2.031757,2.533489,1.972065,1.794913,1.955249,2.541334,1.811369,2.615732
3.204655,2.158051,1.980538,1.997697,1.945403,1.620703,2.124574,1.922720,2.555350,2.068886,2.286638
2.688410,1.923154,2.100346,2.092106,2.416221,2.290825,2.205572,2.371034,2.342189,2.352272,1.886850
3.138917,2.433145,1.855624,2.066156,2.089931,2.178916,2.525719,2.108837,2.477669,2.231391,2.275907
2.881986,2.343761,1.672597,2.797938,2.685242,1.722294,2.626291,2.054770,2.562121,1.981567,2.305165
2.794735,2.795123,2.120796,2.576936,2.594787,2.378120,2.680905,2.559354,1.904974,2.733558,2.486135
2.608607,2.915329,1.604149,2.148077,2.982499,2.798511,2.554368,2.640107,2.240123,2.293826,2.408320
2.690639,2.308386,1.893415,1.942711,2.458568,2.260587,2.334308,2.554937,2.082127,2.518117,2.819977
2.888842,2.359893,2.159879,2.573701,2.550538,2.693951,2.866620,2.324691,2.239740,2.325327,2.748570
2.464602,2.320709,1.895505,2.605515,2.955102,2.468705,2.205108,2.217786,2.267367,2.446252,2.266012
2.977796,2.589724,2.415871,2.152130,2.293115,2.118657,2.317162,1.932468,2.376736,2.837851,2.669516
2.695877,1.989030,2.250258,2.529721,2.584900,2.748953,3.060129,2.396311,2.526056,2.526066,2.574826
2.303864,2.351515,1.879116,2.344717,2.181706,2.548654,2.754774,2.573564,2.532130,2.553426,3.005183
2.038622,2.646949,2.317556,2.093634,2.320793,2.390076,3.225340,2.411154,2.705846,2.826664,2.551245
2.410484,2.341865,2.524722,2.881326,2.506828,2.160642,2.331974,2.149342,2.764443,2.692446,2.347186
2.277115,2.126836,2.185201,2.153058,2.900332,2.658049,3.131467,2.858433,2.957911,2.712910,3.255386
2.342907,2.208208,2.201529,2.082958,2.228989,2.205231,3.118704,2.138396,2.591614,2.591752,2.620652
2.229162,3.260655,2.369735,1.900578,2.861743,2.356840,2.650352,2.317566,3.227268,2.155579,2.583524
2.701190,3.104048,3.046742,2.005780,2.815425,2.422603,3.272392,3.478914,2.802365,2.177216,2.242180
2.826023,3.292188,2.737986,2.387813,2.204994,2.570530,3.097042,3.006318,2.678561,2.709583,3.015413
2.939734,2.861395,2.854383,2.940441,3.226137,2.423212,2.885750,2.508835,3.088782,2.261785,2.472786
3.449788,2.897637,2.521710,2.759534,3.128399,2.874111,3.168893,2.738445,3.052510,2.620165,2.660136
3.721794,3.180045,2.648281,2.822682,3.697624,2.367139,2.681482,2.873314,2.940830,2.944293,2.395896
3.319851,2.527511,2.342188,2.848762,3.569800,2.607181,2.524792,2.973073,3.163667,2.608997,2.267798
3.135305,2.860097,2.498339,2.725421,3.110357,2.986375,3.122264,2.482687,2.583145,2.849150,2.863156
2.872273,2.399061,2.559785,3.061745,3.063118,2.621034,2.676144,3.020132,2.436236,3.374777,2.359300
3.133625,2.899652,3.129069,2.728578,3.035471,3.073120,2.553987,2.539354,2.189141,2.935963,3.020889
2.476850,2.431868,3.237756,2.284898,2.719175,3.678000,3.248122,2.776984,2.862151,3.764914,3.211199
2.726021,3.109321,3.572481,3.053805,2.968916,3.691109,2.874658,2.469890,2.457355,4.081899,2.814187
2.930493,3.172404,3.335273,3.098449,3.563635,3.642268,2.596975,2.992463,3.018931,2.996435,2.609881
2.893468,2.202544,2.996366,3.314270,3.297103,2.982015,2.431036,3.499049,2.649563,3.416833,2.637739
3.394081,2.392501,3.104369,3.146111,2.635268,2.999732,2.838793,2.964072,3.320207,2.647942,2.781721
3.727730,2.746235,2.921022,2.411461,3.221342,3.419353,2.973915,2.573484,2.780861,3.327653,2.664649
3.639165,2.698201,3.095157,2.603830,3.331012,2.679150,2.321046,2.437132,3.222535,2.876488,2.751780
3.328321,3.057346,3.160483,2.869720,2.669046,3.146675,3.086097,3.029679,3.442299,2.998290,3.053811
3.033566,3.516804,2.584958,3.460015,2.583405,3.105768,3.020831,3.189181,2.896089,3.504748,2.603098
3.123711,3.431451,2.522248,3.491898,2.803327,3.279289,2.633710,3.570249,2.566098,3.192241,3.289473
2.550884,3.406851,2.880635,2.994273,2.794944,2.570727,3.004766,2.676275,2.223077,3.676546,3.556752
2.853353,3.098890,2.767032,2.923474,2.860175,2.990496,2.609367,3.334997,2.727684,3.192408,3.474436
2.611924,3.572493,3.390046,3.325400,3.421035,2.815516,3.502256,3.202133,3.115756,3.172877,3.249388
2.610935,2.598731,3.275454,4.173757,3.124598,2.710696,2.919471,2.724030,3.338731,3.053354,2.709977
3.699629,3.837480,3.445472,3.629722,3.621393,3.571865,3.768148,3.249417,3.481510,3.009528,3.598769
3.466206,3.962025,3.136796,3.207252,3.672680,2.857174,4.142020,3.948113,2.583833,3.104756,3.576790
2.448595,4.074167,3.188621,3.491687,3.499944,2.635423,3.682165,4.259968,2.508400,3.389950,3.587474
2.803697,3.466190,3.250722,2.479886,3.192803,3.100848,2.879452,4.186911,3.166601,3.146637,3.463370
2.478365,3.432270,2.975712,2.733936,3.513982,2.914969,2.976499,3.493030,3.463449,3.123208,2.656963
2.862012,3.507967,2.571588,2.469346,3.343910,3.136158,3.745824,3.521886,3.105558,3.106946,2.371861
3.505813,3.446876,2.958850,3.400699,2.898482,3.178633,3.462827,3.333968,3.703179,3.049864,3.060170
3.578755,3.384551,3.188644,2.889830,3.480339,2.637122,2.740020,2.844353,2.818320,3.160627,2.859661
3.251170,2.787369,2.994381,2.671668,2.754708,2.914094,3.320119,3.067452,2.897200,3.027870,3.078405
3.676362,3.569881,3.419759,2.659699,3.402290,3.185631,3.705048,3.599418,3.115301,3.620606,3.484040
3.220326,3.345690,2.884826,2.999143,2.652465,3.874693,3.707504,3.413195,3.529354,3.056741,2.715507
3.611765,2.729745,3.862861,3.065292,3.068991,3.116176,3.793311,3.504314,2.785514,3.317625,3.411536
4.263619,3.249140,2.668840,3.214335,3.106236,3.347725,3.457903,3.840161,3.720125,3.440906,3.205526
3.879220,2.714429,3.765548,3.467243,2.836128,3.185913,3.847709,2.631880,3.365123,3.177039,3.362486
3.460189,3.283801,3.449470,3.918140,3.665419,3.508586,3.089723,2.818373,2.683831,3.215246,3.381740
3.289286,3.362534,2.958666,3.528931,3.367537,4.343676,3.252141,3.002676,3.040766,3.304947,2.777535
2.945689,3.674823,2.787661,3.295245,4.017356,3.870401,2.889821,3.433007,3.409858,3.240986,2.794007
2.990195,3.237573,3.720860,3.831443,3.668547,3.406179,3.226156,3.385219,4.029510,3.216693,3.097022
2.772497,3.476385,3.328195,3.780174,3.123295,3.592121,2.866208,3.271523,4.399717,3.206214,3.423162
3.284213,4.340654,3.671968,2.764774,3.611619,3.740044,3.776964,2.845803,3.142462,2.688436,2.737749
3.339132,4.132481,3.719361,3.243189,3.127626,3.531672,3.539784,3.829161,3.200404,3.264653,3.098823
3.574353,3.792606,3.536968,2.678984,3.753534,3.187441,3.251571,3.535210,3.388834,3.503324,2.630937
3.904856,3.724839,3.353962,2.785075,3.844601,3.327279,3.726513,3.523812,3.296731,3.603511,2.931733
3.259438,3.667930,3.951226,3.102033,2.647773,3.666473,3.308923,3.891063,3.093553,3.489016,3.142875
3.346641,3.522919,3.546767,2.977702,2.603404,3.848103,3.438617,2.917617,3.699810,3.962665,3.269677
3.657547,2.824500,3.359889,3.082813,3.751447,3.533279,3.161090,3.911803,3.188862,3.744445,3.612133
3.517740,3.883530,2.980830,3.902654,3.623504,3.572998,3.771294,3.595884,3.005376,2.848969,2.826160
2.888725,2.758788,3.956532,3.469526,3.224485,3.093215,3.685709,3.650190,3.925473,3.905250,3.605367
3.678406,3.198641,3.672471,3.435741,3.552780,2.372864,3.756623,3.646835,3.159407,3.081984,3.525740
3.980187,3.455698,3.102748,3.259897,3.077080,2.776274,3.394559,3.887979,4.100249,2.918955,3.096716
4.008182,3.192263,2.782514,3.996624,3.540486,2.895470,3.769661,3.383985,3.305026,3.629014,3.341781
2.949663,2.897579,3.560296,4.161517,3.356442,3.003069,3.995454,3.482901,3.270314,3.319540,3.543394
3.088880,3.042476,3.151253,3.143523,3.048918,3.437224,3.538337,4.036979,3.540369,3.982564,3.562753
4.058651,3.855073,3.591026,3.603335,2.891113,2.977291,2.482264,3.435949,3.060401,3.287013,3.637653
4.084536,3.784575,3.187324,3.314073,3.448913,2.967906,2.734336,3.363003,3.426087,3.700113,3.056544
3.551767,3.604769,3.451418,3.632940,3.679345,3.714789,2.950688,3.658332,3.612519,3.757692,2.874424
3.910801,3.590620,4.286035,2.829521,3.685426,3.966153,3.733519,3.527735,3.521235,3.602262,3.476021
3.072499,3.349234,3.856786,2.698132,3.908366,4.404441,3.403386,3.710648,3.665973,3.260948,3.134093
3.287590,3.960053,3.917765,3.173633,3.379194,3.583639,3.437361,3.949656,3.969691,2.906572,3.347504
3.614850,3.437772,3.735784,3.977533,3.795944,3.531068,3.120292,2.509654,3.067384,4.046409,3.465368
2.933307,3.035744,3.315893,3.873181,3.865811,3.611821,3.273695,3.201156,2.802117,3.425744,3.556297
3.799836,3.251125,4.068776,3.269572,3.476040,3.515932,2.766096,4.134467,3.782860,3.279459,3.719803
3.368974,3.613059,3.643834,2.990940,3.478878,3.150156,3.767276,2.892708,2.972160,2.960939,3.213404
2.972659,2.743621,3.640880,3.548913,3.323336,3.362842,3.341573,2.958434,3.111083,2.324222,3.707612
3.010951,2.989420,3.644693,3.250515,3.418520,3.326630,3.468080,3.576436,3.008640,2.577984,3.646064
3.069853,3.437932,4.529655,4.040805,3.181491,3.498893,3.469382,3.243843,3.610489,3.402629,3.685498
2.999742,3.181337,3.218530,3.004387,3.693181,3.136097,3.504729,3.231220,2.778350,3.587383,3.868330
3.955164,3.776948,2.812031,3.546897,3.851769,2.526980,3.425851,3.388827,3.270976,2.955607,3.252605
3.793938,3.612663,3.544449,3.738946,3.573219,2.974626,3.733237,4.073511,3.327564,3.382558,3.956444
3.741710,3.060560,3.294728,3.338315,3.963166,3.310402,3.297829,3.139297,3.665024,3.358306,3.638175
4.010292,3.385480,4.022077,3.285009,3.665250,3.274394,3.764607,3.060707,3.792525,2.962106,2.998256
3.098454,3.556030,3.528483,3.407823,3.773588,3.387124,3.320107,3.513780,2.588811,3.729416,3.076274
3.085168,3.224974,3.136112,3.485606,3.457600,3.024221,3.913169,4.368667,2.900144,3.101214,2.723298
2.885637,3.597178,2.874425,3.727543,3.777572,3.252899,2.929170,4.020778,3.038665,3.090529,3.449494
3.263597,3.465599,3.546126,3.222003,3.951936,3.403531,4.150061,3.568315,3.398734,3.340713,3.546062
2.920032,3.403992,3.809970,3.859346,3.282540,3.113379,4.321194,4.317492,3.670524,3.093563,2.569757
3.060156,3.729025,2.945432,3.267683,2.547907,2.870279,3.711634,3.144494,3.252858,2.772132,3.166232
3.556027,2.830724,3.421977,3.008505,2.533829,2.877046,4.122272,3.413336,3.724107,2.669922,3.104931
3.336373,2.995830,2.835727,4.092478,2.584624,2.759442,3.255145,3.334551,3.337186,3.617029,3.223776
3.510322,3.166815,3.160913,3.294867,3.161387,2.928550,3.484494,2.995864,4.067783,3.606653,2.529128
2.825618,3.243430,3.205465,2.808107,3.584457,3.006804,3.719807,3.730966,3.500692,3.070158,3.178361
2.335945,2.907346,3.390137,3.336079,3.168773,3.331337,3.618191,3.917024,3.119839,2.731253,2.921930
2.734971,2.965119,3.181227,2.842335,3.388545,2.857688,3.187068,3.546936,3.604367,2.561840,2.339666
3.111901,2.754634,2.647737,2.976946,3.245014,3.421704,3.394332,4.204751,3.341467,3.535199,2.547421
3.081037,3.429670,3.267028,2.332226,2.764903,3.162337,3.282683,3.862989,3.153787,3.292309,3.387493
3.317199,3.267702,3.094698,3.118830,2.890818,3.064893,2.842567,3.735055,3.502312,3.542241,2.516038
3.305204,3.764071,3.435271,2.599722,3.476524,2.518013,3.439722,3.058196,3.489318,3.152440,3.177020
2.804955,2.872395,3.409081,3.349981,3.520415,3.461666,3.222960,3.023172,2.618980,2.695327,2.699547
2.867803,2.771940,3.801104,2.355581,2.930500,3.273229,4.139427,3.048628,3.188608,2.823090,3.026440
3.216124,3.278160,4.200433,3.401838,3.524304,3.161588,3.849305,3.090375,3.118511,2.734993,2.597217
3.083748,3.055859,3.810172,2.505233,2.796952,2.801779,3.088625,3.260827,2.844711,2.361605,2.849087
2.990365,2.808971,3.471289,3.234982,3.237310,2.798610,3.488035,3.699963,3.282448,2.984349,3.380855
2.955792,2.744793,2.640855,2.697809,2.980830,3.233824,2.521848,3.295551,2.748023,3.000973,3.173594
3.227708,3.274566,2.814376,3.573445,3.251326,3.421358,2.676275,3.475742,2.200933,3.716252,3.420830
2.764374,3.095056,2.858229,3.153199,2.815211,3.297849,2.513170,3.414259,2.828205,3.376822,2.295426
3.288203,2.981290,3.005336,3.750187,3.136742,3.181199,2.349645,3.679239,2.638289,2.653398,3.311503
2.998623,2.903821,3.142496,2.796486,2.800396,3.413014,3.162197,3.763612,2.828119,2.951371,2.933085
3.063435,2.869220,2.932883,2.815564,2.800123,3.477565,2.486580,2.736579,2.893681,2.706759,2.945580
3.159423,3.215817,2.940500,3.040277,2.648851,3.020586,2.519462,2.787908,3.045815,2.951311,2.777661
3.532457,2.741025,3.293664,3.235348,2.565602,3.013666,3.190096,2.564061,3.242925,2.515980,2.095249
2.850923,2.495788,2.587087,2.601424,2.642352,2.971488,2.883455,2.611036,3.173892,2.747449,2.382562
2.787865,3.481137,2.828113,3.143920,3.161841,2.559180,2.792590,2.883114,3.557311,2.639037,2.585056
2.378627,2.514790,2.479130,2.979165,2.378737,2.526078,3.268490,2.819210,2.952661,2.664204,2.792022
2.580699,2.713746,2.886951,2.504439,3.082396,2.810597,2.162995,3.148287,2.946432,2.568217,2.982981
2.972150,2.454551,2.850267,3.071155,2.904876,3.078212,2.603253,2.342087,3.325852,2.989856,2.250377
2.189453,2.323865,2.629024,2.952744,3.006656,3.090109,2.864453,2.331036,2.832814,2.150841,2.444219
2.746648,2.403535,2.744648,2.332665,3.207528,2.574822,2.481002,2.435047,2.653784,2.769756,2.531475
3.163331,2.132869,2.147222,2.973674,2.994723,2.203612,2.871214,2.762121,2.681757,2.822042,3.009513
2.585414,2.271172,2.853648,2.214887,3.315134,2.360199,2.888875,2.533802,2.528027,2.435267,2.750964
1.865419,2.737895,2.597202,2.711525,2.522698,2.297215,2.542301,2.299748,2.737544,3.168384,2.298058
2.333562,2.434750,2.110796,2.509557,2.395038,2.755762,2.217034,2.503830,2.216110,3.026527,2.058954
2.848362,2.541346,2.237335,2.003012,2.256443,2.500609,2.569053,2.990296,2.584364,3.016617,2.520252
2.513682,2.298460,2.185830,1.956746,2.078515,2.648822,2.607793,2.440438,2.656674,2.374739,2.860766
2.731131,2.727439,2.226980,2.927180,2.075505,2.347406,2.727099,2.225164,2.709122,2.647414,2.608748
2.594078,2.402768,1.885018,2.770691,2.050818,2.052124,1.961796,2.506141,2.376153,2.651687,2.486980
2.346685,2.267532,2.556215,2.801054,2.168315,2.211859,2.615978,2.288585,2.365963,2.097338,1.883940
2.499496,2.043897,2.228451,3.054304,2.415029,2.577839,2.703680,2.651767,1.894827,2.254715,2.734609
2.703199,2.181278,1.828655,2.182510,2.190914,2.813197,2.144708,1.753669,1.974281,2.423592,2.070128
2.332199,2.352486,2.468615,2.460380,2.300783,1.816325,2.309127,1.930752,1.923085,2.010339,1.814625
2.290415,2.076411,2.303406,2.047107,2.238327,2.413176,1.901141,2.339390,2.382077,3.109931,2.043217
2.564595,2.157844,2.543654,2.163779,2.000390,2.270731,2.129765,2.071630,2.092369,2.414469,2.441238
2.643531,2.148010,2.152005,1.993528,2.378298,1.817296,1.960730,1.848719,2.480511,2.388466,2.307770
2.152858,1.597033,1.976736,1.998400,2.309098,2.236883,2.208001,2.379023,2.287374,2.356590,1.947687
2.192082,2.160550,2.218129,2.430740,2.394380,1.570096,2.574522,2.628123,2.086874,2.204887,2.119171
1.914294,2.315780,2.079224,2.149005,2.520546,1.890696,2.459850,2.045047,2.103983,2.240292,1.910970
2.245381,2.628430,2.601203,2.090511,2.053232,1.743011,2.147275,2.163783,2.031659,1.715460,2.036234
2.603315,2.137239,2.516555,2.213060,1.692169,2.034657,1.748787,2.207185,1.563506,2.509105,1.757664
2.341946,2.125784,2.164133,2.018590,2.059182,1.835879,2.059894,2.253605,2.388799,2.042125,2.283779
1.695980,2.265605,1.974972,1.786586,2.111844,1.899852,2.062746,2.272320,2.034007,2.391715,1.696801
1.751991,2.133264,1.918182,2.086239,1.930227,1.787397,1.865458,1.837666,2.406981,2.641287,2.037284
2.014413,2.224978,1.805334,2.138271,1.330396,1.757801,2.007381,1.547192,1.792660,2.400266,2.139754
1.755497,2.165462,1.818682,2.132339,1.590932,1.765454,2.008534,2.043764,1.776234,2.037258,2.043943
2.181364,1.741119,1.906778,1.796834,1.688193,1.506788,2.154254,1.537281,2.063090,1.865050,1.800781
1.751113,1.582295,1.704714,2.121867,1.753987,1.619824,1.824740,1.518491,2.409839,2.124288,1.866237
2.011743,1.928151,1.675211,1.794900,1.930274,1.635057,1.937755,1.676444,1.883010,2.139823,1.830268
1.690916,1.938879,1.524945,1.746602,1.654050,1.655293,2.176708,1.661169,1.666693,2.229563,1.859835
1.683982,1.698880,1.704385,1.892765,1.774828,1.750875,2.497450,1.735559,1.963124,2.052669,2.080424
1.879391,1.761314,1.759205,2.292358,1.930131,1.678311,1.758918,1.807770,1.769843,2.005602,1.686339
1.703319,1.598304,1.474238,1.665023,1.839240,1.583745,1.910559,2.184924,1.778298,1.904919,1.990622
1.582595,1.628737,1.750883,2.175213,1.514186,1.556735,1.983237,1.807287,1.515891,1.404483,1.482379
1.289471,1.825711,1.683177,1.601017,1.747135,1.775737,1.821929,1.830075,1.875513,1.351053,1.588748
1.550726,1.725895,1.509266,1.409214,2.013686,1.301446,1.784161,1.664771,1.726849,1.341479,2.193500
1.732121,1.797214,1.724034,1.304638,1.670337,1.667228,1.885790,1.989862,1.447310,1.552409,1.990984
1.826350,1.716906,1.299183,1.374446,1.649819,1.436284,1.698731,1.867351,1.501894,1.373990,1.532149
1.435173,1.899636,1.349847,1.374493,1.818083,1.345693,1.672381,1.829004,1.658228,1.572121,1.349245
1.457838,1.515484,1.545575,1.305810,1.513291,1.774848,1.258361,2.110390,1.671383,1.452149,1.229231
1.706693,1.699982,1.596757,1.389627,1.847276,1.953443,1.552185,1.976182,1.648210,1.262047,1.435624
1.481965,1.607483,1.684042,1.183683,1.694065,1.761134,1.890411,1.466098,1.865500,1.606515,1.241445
1.559733,1.273942,1.637010,1.571243,1.341237,1.504116,1.914948,1.404977,1.577131,1.464747,1.549723
1.420662,1.815127,1.809787,1.535544,1.575322,1.357294,1.658232,1.305486,1.393961,1.322211,1.607520
1.437380,1.508824,1.378877,1.280643,1.151399,1.255807,1.420664,1.464753,1.474476,1.305681,1.138482
1.417849,1.471370,1.504713,1.230753,1.376579,1.626371,1.608565,1.303595,1.593882,1.525858,1.712148
1.617578,1.253111,1.468837,1.490595,1.328030,1.248396,1.540092,1.550662,1.400588,1.545288,1.408293
1.606859,1.326265,1.361331,1.323973,1.058853,1.415313,1.464847,1.451785,1.166904,1.443311,1.183669
1.168991,1.012110,1.507933,1.410985,1.205785,1.055196,1.433019,1.073353,1.084565,1.355239,1.304420
1.215786,0.938008,1.381621,1.223176,1.286665,1.088841,1.405155,1.250600,0.900687,1.526113,1.288018
1.076044,1.512536,1.620105,1.261127,1.428939,1.283190,1.390255,1.177754,0.769409,1.574332,1.101734
1.425062,1.436213,1.077567,1.096131,1.132316,1.091841,1.141829,1.145132,1.098030,1.514583,1.011319
1.440328,1.304126,1.024661,0.977356,1.037779,1.052841,1.283770,1.091180,0.936295,1.463635,1.033464
1.152553,1.214884,1.264144,1.246402,1.385950,1.059654,1.069522,1.456727,1.153117,1.412223,0.957010
1.225033,0.984221,1.039070,1.461810,0.965333,1.193815,1.170480,0.962290,1.312797,1.199519,1.251038
0.796645,1.001434,1.220319,1.388159,1.192632,1.002902,1.158123,1.219904,1.126285,1.232006,1.266264
0.985986,0.891581,1.129786,1.060314,1.323528,1.070064,1.250316,0.999644,1.392649,1.400553,1.243107
1.045106,0.976958,1.345281,0.982188,1.306586,1.101785,1.101415,1.102842,1.300617,0.997131,1.112831
0.739474,0.886031,0.857163,1.072538,1.144340,1.125861,1.137880,1.027443,1.235249,0.940751,1.042646
1.011383,0.854009,1.125100,0.959132,1.300881,1.110189,1.244546,0.977086,1.224127,1.023825,1.376317
1.121026,1.187161,1.152796,0.825613,1.088775,1.143622,1.281597,0.969499,1.028796,1.281480,0.782578
1.012667,1.069714,1.169253,1.154353,0.894426,1.000801,1.110019,0.918310,1.100262,0.986532,1.045484
0.843738,1.103992,1.013059,0.888309,1.072280,0.971158,0.995357,0.689262,0.735720,0.861999,1.056747
0.963574,1.053377,1.156283,0.792960,0.971136,0.995314,0.964753,0.808624,0.998174,0.964388,0.877335
0.903204,0.864341,1.072972,0.904415,0.870970,1.006253,1.025353,1.088832,0.892136,1.005431,1.030493
0.889018,1.041304,1.104065,0.946922,0.643394,0.828098,0.944492,1.253962,0.798150,0.938343,0.667323
0.927469,0.880592,0.730890,0.863671,0.816918,0.799402,0.835547,1.002625,0.831399,1.066817,0.764824
0.906935,0.917238,0.620253,0.822587,0.754330,0.868525,0.795100,0.866254,1.124226,0.941532,0.821156
0.826028,1.061638,0.629295,0.927499,0.712000,0.763790,0.993754,0.953755,0.780804,0.972810,0.897157
1.013049,0.933427,0.698770,0.809837,0.937125,0.809156,0.827540,0.905713,0.959377,0.982674,0.884776
0.796512,0.872776,0.875025,0.770506,0.852288,0.861834,0.940626,0.972633,0.964485,1.156298,1.007484
0.889815,0.916989,0.909815,0.865148,0.876437,0.991222,0.703694,0.838828,0.972069,0.843828,1.018747
1.062483,1.034810,0.982957,0.992109,0.691078,0.783633,1.012337,0.828650,1.130888,0.748686,0.816080
0.831213,0.886084,0.752588,0.818703,0.601862,0.929362,0.892211,0.882049,0.955762,0.692528,0.953522
0.859786,0.712564,0.775048,0.823024,0.747128,0.860253,0.898925,0.885513,0.961636,0.910695,0.722922
0.848363,0.859045,0.743851,0.757142,0.773104,0.782496,1.063839,0.912998,0.819124,1.010080,0.874593
0.858082,0.663485,0.665654,0.683131,0.726034,0.848595,1.069621,0.970966,0.833152,0.757477,0.832370
0.655328,0.867947,0.708446,0.562283,0.792192,0.771492,0.785737,0.795868,0.799221,0.699560,0.722940
0.741852,0.648380,0.814568,0.594867,0.832190,0.594936,0.858108,0.814155,0.828912,0.809861,0.754634
0.760365,0.595480,0.660721,0.525148,0.978702,0.804523,0.713340,0.822006,0.754900,0.815770,0.674256
0.712645,0.660429,0.754572,0.482421,0.878536,0.622276,0.643568,0.876422,0.829428,0.731831,0.587095
0.736007,0.613651,0.579903,0.605952,0.786099,0.624603,0.513122,0.772046,0.540157,0.756256,0.628628
0.641023,0.534273,0.823036,0.634402,0.814894,0.725751,0.655837,0.789850,0.737803,0.687042,0.661330
0.493975,0.560886,0.597194,0.564457,0.716778,0.647885,0.739371,0.675515,0.526257,0.523598,0.592761
0.467482,0.805604,0.481122,0.639859,0.577952,0.724477,0.683350,0.577725,0.473360,0.607086,0.649075
0.483468,0.780015,0.638048,0.562880,0.494433,0.507954,0.748137,0.761756,0.565241,0.552108,0.626744
0.488585,0.735197,0.639220,0.648357,0.610065,0.679634,0.619154,0.705917,0.566970,0.628141,0.742665
0.552920,0.612368,0.531770,0.733051,0.706047,0.663770,0.545545,0.720087,0.699474,0.567276,0.614532
0.628448,0.611831,0.661590,0.664440,0.505086,0.581734,0.492503,0.627913,0.514974,0.589639,0.456370
0.520709,0.643151,0.500280,0.685835,0.539306,0.745770,0.498273,0.672840,0.561498,0.733236,0.492249
0.589399,0.678603,0.513265,0.629620,0.487196,0.734178,0.600271,0.641721,0.578328,0.601454,0.505586
0.767153,0.570383,0.517102,0.603111,0.533359,0.630654,0.574855,0.616100,0.396678,0.576844,0.661062
0.629183,0.501800,0.566413,0.594351,0.581018,0.522536,0.471899,0.747903,0.528913,0.567603,0.513111
0.549235,0.536848,0.546987,0.641818,0.715874,0.556490,0.515220,0.651167,0.534894,0.391443,0.650967
0.639479,0.532382,0.570742,0.512055,0.585821,0.484301,0.616140,0.645726,0.476316,0.497239,0.441247
0.564342,0.500700,0.687981,0.666964,0.493154,0.451722,0.655532,0.672221,0.455354,0.586175,0.548306
0.560836,0.671006,0.602952,0.481249,0.387633,0.493114,0.539410,0.558191,0.524351,0.751282,0.544935
0.458297,0.618735,0.508590,0.490207,0.468819,0.541075,0.699997,0.554291,0.494253,0.743826,0.502316
0.683028,0.517847,0.527569,0.491110,0.414388,0.639032,0.378744,0.467783,0.579650,0.530647,0.690452
0.484038,0.551445,0.544120,0.582837,0.407532,0.609084,0.551587,0.419335,0.498503,0.456760,0.525063
0.494003,0.556304,0.558239,0.520324,0.573333,0.638596,0.529066,0.477241,0.577709,0.556051,0.505746
0.588785,0.468109,0.493994,0.539668,0.518176,0.599689,0.527960,0.418426,0.484908,0.503123,0.374644
0.674770,0.457208,0.447336,0.562328,0.532255,0.591057,0.446349,0.478928,0.612444,0.410400,0.541494
0.646940,0.464420,0.555811,0.562823,0.522101,0.669477,0.569521,0.556591,0.439023,0.480710,0.480559
0.690370,0.413511,0.455456,0.541472,0.588005,0.542557,0.531580,0.521311,0.469878,0.401715,0.536710
0.521092,0.505415,0.478803,0.493173,0.485590,0.447985,0.469835,0.519439,0.385211,0.489631,0.463398
0.587790,0.568778,0.531692,0.651059,0.591806,0.551185,0.444664,0.377168,0.377280,0.470122,0.426346
0.564408,0.514803,0.451564,0.524543,0.418787,0.560247,0.398415,0.360182,0.388098,0.476581,0.537955
0.462649,0.621728,0.478963,0.512992,0.508177,0.470739,0.421180,0.388350,0.364248,0.373348,0.501397
0.395757,0.494112,0.349723,0.384035,0.438021,0.528029,0.408234,0.408344,0.365344,0.432334,0.435226
0.477544,0.462360,0.484144,0.438498,0.424736,0.412315,0.360865,0.362227,0.367753,0.422507,0.556511
0.542185,0.451628,0.410779,0.417486,0.419971,0.501523,0.452811,0.478556,0.405344,0.415362,0.556265
0.537992,0.435227,0.382876,0.425193,0.338259,0.554383,0.391831,0.562062,0.486184,0.344411,0.591667
0.623728,0.296792,0.519807,0.434404,0.402390,0.526209,0.337216,0.546174,0.417911,0.449994,0.435260
0.617957,0.389470,0.433052,0.546268,0.408917,0.530696,0.298088,0.624412,0.453949,0.448040,0.410281
0.443682,0.491758,0.375178,0.512640,0.411242,0.594898,0.385141,0.527316,0.448436,0.449923,0.489102
0.348908,0.504203,0.403552,0.424217,0.510510,0.539773,0.489593,0.543890,0.334949,0.432809,0.617407
0.482742,0.399551,0.450776,0.484943,0.476306,0.599184,0.531080,0.479937,0.360441,0.584071,0.512677
0.506723,0.358067,0.408171,0.532334,0.502655,0.452722,0.571408,0.495152,0.355253,0.345520,0.397062
0.576707,0.316770,0.402177,0.591807,0.450865,0.437797,0.608960,0.478815,0.446927,0.413834,0.485023
0.600504,0.361528,0.442251,0.464425,0.419758,0.519916,0.513780,0.561298,0.434620,0.496302,0.369881
0.515363,0.383660,0.385179,0.403621,0.433747,0.346974,0.459678,0.535863,0.392226,0.486679,0.351935
0.582134,0.533148,0.444579,0.393869,0.464760,0.536653,0.454721,0.594726,0.418846,0.481947,0.376723
0.580084,0.564030,0.498636,0.360385,0.510998,0.501864,0.457105,0.466266,0.436833,0.484377,0.415457
0.410394,0.502379,0.560667,0.297889,0.565464,0.478015,0.373794,0.457884,0.515560,0.418981,0.372845
0.323050,0.501421,0.368976,0.314165,0.654718,0.416318,0.319994,0.435693,0.432941,0.508027,0.288385
0.347223,0.497432,0.384678,0.516274,0.600133,0.395038,0.364126,0.479151,0.351287,0.357538,0.334418
0.368529,0.502393,0.421329,0.501720,0.465208,0.397959,0.458756,0.529445,0.501550,0.458644,0.311383
0.429368,0.414777,0.359562,0.423733,0.394611,0.423582,0.421898,0.410534,0.399200,0.549680,0.512955
0.367746,0.479344,0.401296,0.530543,0.490974,0.463227,0.512635,0.421239,0.368976,0.599232,0.463854
0.382151,0.579366,0.392419,0.687938,0.482364,0.467622,0.502890,0.468966,0.570019,0.510656,0.432912
0.348276,0.417589,0.436175,0.415538,0.464900,0.485195,0.400081,0.550794,0.562118,0.509273,0.361263
0.430458,0.460343,0.602103,0.639443,0.422043,0.481313,0.383131,0.450194,0.577350,0.462843,0.412493
0.484475,0.423269,0.543395,0.462841,0.500532,0.507962,0.431925,0.448283,0.434367,0.454763,0.375470
0.433124,0.534460,0.628588,0.509497,0.430723,0.652388,0.419714,0.508414,0.402409,0.433650,0.404900
0.436988,0.480844,0.527702,0.545764,0.483274,0.521458,0.451431,0.530458,0.494834,0.430023,0.374414
0.538329,0.599360,0.397675,0.575424,0.402630,0.423482,0.411841,0.509473,0.528631,0.527501,0.336724
0.481592,0.508080,0.512586,0.473289,0.421812,0.459914,0.385204,0.428716,0.588169,0.551299,0.396669
0.410024,0.558475,0.491082,0.471874,0.461597,0.480283,0.454898,0.405204,0.466679,0.484195,0.366164
0.408281,0.512415,0.433766,0.448021,0.351106,0.452228,0.387981,0.453663,0.504322,0.569957,0.442000
0.418865,0.532655,0.513464,0.562006,0.361815,0.593554,0.477117,0.502744,0.471856,0.513624,0.545236
0.382015,0.472919,0.539756,0.534239,0.457130,0.668878,0.507647,0.556548,0.676531,0.517084,0.403549
0.403434,0.588043,0.552751,0.511874,0.439944,0.619545,0.576966,0.618375,0.430979,0.372857,0.544259
0.483061,0.586794,0.531914,0.561889,0.491660,0.692555,0.608235,0.514961,0.445296,0.375029,0.649518
0.546462,0.561517,0.528311,0.603634,0.441258,0.420919,0.604094,0.541437,0.359854,0.246369,0.430152
0.476234,0.489107,0.512642,0.426183,0.498773,0.570464,0.537137,0.523114,0.350199,0.382176,0.575098
0.598117,0.513208,0.373815,0.469062,0.333994,0.434569,0.596207,0.462697,0.572386,0.553884,0.545333
0.514505,0.513096,0.493145,0.543531,0.338934,0.514006,0.585374,0.529124,0.487094,0.507633,0.540253
0.586355,0.612209,0.515381,0.704089,0.443136,0.554299,0.629294,0.554050,0.579661,0.462969,0.423454
0.526653,0.618327,0.442925,0.615140,0.454929,0.484682,0.737530,0.559619,0.554975,0.516708,0.369103
0.619204,0.503006,0.512007,0.724041,0.632198,0.491056,0.518177,0.650510,0.562516,0.399082,0.471136
0.585297,0.566455,0.523166,0.701174,0.695367,0.540595,0.537650,0.692533,0.437148,0.443959,0.492467
0.652201,0.640641,0.331369,0.645921,0.635930,0.503604,0.443613,0.696257,0.617788,0.480535,0.530568
0.538847,0.663211,0.369213,0.748850,0.566013,0.467324,0.455376,0.656930,0.596508,0.596759,0.643295
0.475514,0.517018,0.395021,0.594915,0.697237,0.634223,0.500770,0.564077,0.570763,0.569282,0.551586
0.539385,0.593549,0.527180,0.632318,0.504627,0.863791,0.401810,0.658808,0.570913,0.516499,0.682442
0.512301,0.520467,0.552860,0.604659,0.618811,0.660789,0.636010,0.603869,0.652077,0.580197,0.620353
0.596156,0.464434,0.621708,0.428169,0.733776,0.583384,0.521323,0.745457,0.656435,0.514315,0.719659
0.657950,0.509435,0.507493,0.438586,0.662790,0.562683,0.585773,0.669309,0.636455,0.552217,0.504306
0.731357,0.611213,0.499258,0.610332,0.617642,0.649398,0.559810,0.594109,0.513177,0.609827,0.662582
0.580166,0.553027,0.549110,0.720724,0.762895,0.556083,0.551849,0.609101,0.499064,0.466819,0.693655
0.674713,0.647687,0.689520,0.607079,0.624547,0.755777,0.756487,0.577438,0.553677,0.597696,0.746862
0.699086,0.770168,0.650111,0.681839,0.644455,0.715150,0.590699,0.660754,0.576512,0.713486,0.630573
0.509953,0.764396,0.680529,0.607115,0.613413,0.650254,0.735020,0.600453,0.718963,0.628720,0.730054
0.516099,0.635300,0.658156,0.598212,0.596280,0.546218,0.593442,0.820756,0.816401,0.784973,0.550123
0.526932,0.878308,0.702651,0.537700,0.729731,0.591707,0.432335,0.673986,0.694301,0.681868,0.638490
0.607113,0.760859,0.667584,0.471061,0.580453,0.510078,0.572177,0.683542,0.817233,0.732861,0.860471
0.727416,0.789173,0.583334,0.619527,0.724163,0.590372,0.548940,0.563225,0.873276,0.636199,0.798336
0.738005,0.912638,0.562502,0.478337,0.678086,0.674045,0.554902,0.736203,0.863802,0.815038,0.752344
0.783468,0.921188,0.861076,0.627346,0.745025,0.630007,0.720673,0.843976,0.737688,0.459420,0.892372
0.720147,0.775705,0.583932,0.691958,0.892341,0.759368,0.732889,0.882660,0.626905,0.527697,0.620501
0.730383,0.790696,0.444390,0.934481,0.675094,0.666090,0.885660,0.770511,0.700122,0.849174,0.661424
0.619060,0.679077,0.619820,0.880263,0.839473,0.833993,0.637949,0.815314,1.000104,0.661921,0.555984
0.603757,0.778951,0.610587,0.897985,0.900661,0.645879,0.660548,0.726249,1.041626,0.738746,0.603494
0.739436,0.635354,0.658497,0.875278,0.973764,0.788054,0.909849,0.616948,0.988474,0.688216,0.619623
0.531069,0.805877,0.663796,0.803415,0.891597,0.786579,0.887095,0.791564,0.934377,1.028556,0.768380
0.649665,0.757715,0.811818,0.859034,0.787140,0.696952,0.845406,0.918479,0.814175,0.930466,0.589700
0.813040,0.795757,0.769499,0.803083,0.838035,0.660700,0.870603,0.701220,1.156032,0.818595,0.617911
0.844567,1.031169,0.814351,1.096102,0.944928,0.793539,0.663030,0.511545,0.995471,0.695953,0.649418
1.008391,0.711342,1.186257,0.791355,0.615026,0.941226,0.893942,0.642799,1.101737,0.897496,0.846601
0.825876,0.877397,0.809094,0.825781,0.676559,0.837203,0.646796,0.807889,0.882903,0.838078,0.767206
0.893854,0.789724,1.066742,0.702074,0.941645,0.811918,0.993846,1.037894,1.011610,0.752113,1.047685
1.051711,0.970691,0.832262,0.843247,0.971070,0.739401,1.094044,0.925436,0.954070,1.114794,0.882201
1.172551,1.091964,0.616924,0.828657,0.805728,0.754906,1.189880,0.795578,0.898460,0.778454,0.956678
1.059603,0.893218,0.942752,0.861180,0.741980,0.797531,0.739459,1.027688,0.900898,0.875369,1.246739
0.887051,1.137418,1.117284,0.905814,0.875051,0.818695,1.145079,0.777072,0.763828,0.930373,0.819960
0.939218,0.951771,1.200414,0.985155,0.729345,1.173394,1.143521,0.871566,0.838129,0.792826,0.969671
1.082262,0.783910,1.143581,0.880468,0.806762,0.926258,1.130417,0.999813,0.923267,0.887402,0.829665
0.860027,0.882249,1.315981,1.009555,1.009668,0.890457,1.230675,0.864907,1.034962,0.838428,0.970200
0.894148,1.122306,1.162530,1.256426,1.042606,1.099147,1.087336,0.731124,1.145819,1.116353,1.097874
0.943773,1.219263,1.140145,1.372001,0.699875,1.362630,1.187060,1.011061,1.368351,1.181505,1.049695
0.870408,1.033991,1.256619,1.144551,0.765069,1.444069,1.027320,0.850588,1.090829,1.144021,1.419187
0.906167,1.148603,1.463670,1.262211,0.787490,1.368371,1.061690,1.250927,1.386506,1.039706,0.918439
0.994935,1.205912,0.860955,1.130352,0.978107,1.199875,1.106216,1.058148,1.193194,1.011972,1.193202
1.330090,0.973104,0.977435,1.102274,1.035841,1.248022,1.039745,1.154996,1.187367,1.050620,1.141267
1.561980,1.353192,1.044368,0.915588,1.077157,1.447563,1.288174,1.105453,1.304398,1.192961,1.139680
1.234436,1.099531,0.980012,1.105513,0.995313,1.557595,1.106920,0.938734,1.047428,1.197376,0.983059
1.155012,1.251044,0.933478,1.421344,0.956345,1.307727,1.257821,1.384367,1.184879,1.240186,1.083812
1.535815,1.291377,0.907363,1.457706,0.712881,1.385049,0.954063,1.245906,1.066559,1.177373,1.305524
1.393891,1.511382,1.262280,1.505448,1.173816,1.392439,1.274916,1.248139,1.221715,1.402852,1.513586
1.347733,1.213001,1.441044,1.228965,1.122843,1.296033,1.393780,0.983835,1.100597,1.328898,1.311896
1.281393,1.339190,1.305816,1.279028,1.278639,1.347766,1.000372,1.375852,1.081522,1.404461,1.190991
1.627540,1.189821,1.093951,1.307784,1.015146,1.244042,1.223138,1.517082,1.192283,1.446724,1.379521
1.450911,1.301144,1.149233,1.219208,1.218732,1.397328,1.116784,1.133515,1.217822,1.416989,1.219965
1.256667,1.129169,0.996608,1.607920,1.330406,1.464539,1.245027,1.279531,1.243366,1.174945,0.980887
1.219005,1.390382,1.039827,1.268716,1.151033,1.533078,1.267780,1.060259,1.430180,1.107351,1.239924
1.291265,1.079735,1.317928,1.243109,1.305952,1.406314,1.312659,0.989084,1.442874,1.560425,1.299741
1.145187,0.949280,1.514797,1.478254,1.479484,1.532443,1.136867,1.305698,1.410969,1.632525,1.568802
1.490183,1.169957,1.388975,1.333880,1.676172,1.624750,1.409411,1.097158,1.358336,1.534433,1.591288
1.386668,1.339688,1.373774,1.654022,1.489131,1.675217,1.582005,1.279593,1.516635,1.533492,1.763841
1.229908,1.251834,1.411466,1.378146,1.278288,1.284188,1.896719,1.450848,1.327580,1.236450,1.789765
1.476811,1.299828,1.741393,1.612655,1.467827,1.211042,1.917805,1.177759,1.525007,1.543802,1.965505
1.134099,1.294614,1.625018,1.462595,1.530660,0.975583,1.933099,1.325318,1.427921,2.050647,1.498300
1.534838,1.041631,1.335661,1.512512,1.364247,1.328912,1.591617,1.355794,1.726377,2.156784,1.474322
1.578588,1.343431,1.358166,1.741350,1.897973,2.074811,1.431575,1.700093,1.606371,1.696255,1.574268
1.746323,1.313939,1.462309,1.717204,1.397151,2.352312,1.397876,1.696651,1.509014,1.789466,1.720342
1.509581,1.761881,1.497908,1.541568,1.438682,1.901509,1.695712,1.516170,1.526466,1.965614,1.281885
1.666928,1.376052,1.646521,1.481515,1.926146,1.802996,1.757706,1.769652,1.262074,2.073872,1.498854
1.858320,1.584950,1.669743,1.589669,1.674638,1.760787,1.566109,1.852931,1.994822,1.915392,1.389143
2.035110,1.631967,1.883466,1.544037,1.602445,1.614131,1.662882,1.858852,1.693130,1.647074,1.608254
2.282055,1.855846,1.714865,1.558051,1.718996,1.591668,2.012301,1.688716,1.763230,2.385219,1.552805
2.001782,1.791172,1.591265,1.537946,2.012986,1.791221,1.421666,1.739711,1.847885,1.561744,1.600113
1.648413,1.911651,1.280208,1.529817,1.540520,1.581738,1.770423,1.572604,2.280136,1.979912,1.563799
1.580228,2.093292,1.627272,1.438455,1.443624,1.967740,2.197419,1.976341,1.551362,1.684179,1.954661
2.183389,1.802558,1.616641,1.356368,1.431734,1.544232,2.068395,1.528112,1.744209,1.707913,1.951508
2.656303,2.068706,1.784172,1.697705,1.663527,1.668686,1.677407,2.018086,1.728398,2.184492,2.124468
1.864842,1.866560,1.633841,1.714386,1.863688,1.474924,1.779981,2.047115,1.484093,1.745180,1.929406
1.893345,1.810872,2.065467,1.771394,1.923039,1.643066,2.059099,2.389208,1.776064,2.182660,1.884317
2.370697,2.354045,1.940898,1.945773,1.855076,2.029707,1.979689,2.477628,1.421980,2.122869,1.976863
2.073510,1.810731,1.290020,1.698282,1.828008,1.836242,2.240980,2.140874,1.466183,2.417974,1.811612
1.882552,2.005633,1.546088,2.049891,2.137186,1.740339,2.515644,2.246306,1.895685,2.360050,2.103355
2.162384,2.347728,1.690585,1.589762,2.143897,1.951456,2.830328,2.621038,2.004642,2.415960,2.149544
2.226971,2.193755,1.482588,1.869902,2.247349,2.163135,2.660342,2.351701,1.641677,2.213294,1.938601
2.207567,1.819242,1.864671,1.697242,2.050693,2.014974,2.620315,2.422973,2.362141,2.314119,1.897430
2.258285,2.489899,1.634838,2.271461,1.893672,2.135405,2.828491,1.892693,1.888225,1.599167,2.146681
2.061320,2.398944,2.193152,2.313757,2.027910,2.207759,2.377110,2.202040,1.809814,1.901896,1.712499
2.463015,2.158718,2.094778,2.093667,1.722268,2.582907,2.381862,2.640522,2.673423,2.025870,2.003179
2.219752,1.998697,1.889501,1.872336,2.143744,1.992188,2.149589,2.680371,2.263885,1.781041,2.593089
2.343566,1.851725,2.313587,1.927280,2.363519,2.080315,2.147193,2.009378,2.603362,2.082463,2.339308
2.730857,2.048425,2.325674,2.220023,1.874738,1.799572,2.244475,2.726937,2.148799,2.208411,2.149054
2.062747,2.318884,2.534005,2.027597,2.122671,2.014930,1.705927,2.325531,2.385662,2.470832,2.198121
1.973142,2.100072,2.139243,2.291749,1.870512,2.129358,2.358986,1.889153,1.902294,2.276449,2.556061
2.232860,2.259676,2.518351,2.662629,2.910624,2.084649,2.300574,2.294099,1.814815,2.114687,2.773237
2.154704,2.754446,2.188092,2.445719,2.813337,2.419084,2.515093,2.063303,1.805064,1.839004,2.488310
2.064132,2.638131,2.332464,2.380796,3.254768,2.110043,2.719105,1.901417,2.446680,2.082053,2.431452
2.596283,2.142129,2.605163,2.222933,3.184030,2.288724,2.523049,2.092643,2.246103,1.995121,1.869693
2.681859,2.468764,3.072315,2.115600,2.611159,2.191085,2.385907,2.576442,2.188771,2.364188,2.597907
2.280568,2.445069,3.171582,2.421672,3.129568,2.136557,1.983822,2.173247,2.885273,2.455627,2.274224
2.369549,2.437526,2.283386,2.737368,2.539608,2.526283,1.713627,2.646095,2.549486,2.473941,2.026498
2.207146,2.172531,3.280638,1.842554,2.903374,2.480269,1.955987,2.743556,2.241089,2.280670,2.882057
2.263178,2.591629,3.414834,2.646693,2.302703,2.598780,2.606584,2.076840,2.683866,2.265367,2.501270
1.946748,3.103830,2.907368,2.458530,2.287649,2.159525,2.300220,2.304961,2.351429,2.739944,2.972625
2.734161,2.424863,2.363298,2.386549,2.778043,2.399146,2.464492,2.924630,2.409956,2.118662,2.468692
2.329314,2.863325,2.990700,2.729611,2.526753,2.237037,2.267409,3.083051,2.312074,2.610474,2.798626
2.751306,2.287170,2.867973,2.762681,2.799256,2.351317,2.564945,2.831146,2.472496,2.325147,2.644039
3.536592,2.989286,2.683445,2.852062,2.821635,2.459426,2.805613,2.888086,2.673362,2.746776,2.406433
3.011358,2.551746,2.615101,2.364631,3.251178,2.544463,3.084376,2.549393,2.813228,1.996189,2.603405
2.397963,2.721551,2.909659,2.682868,3.344435,2.937540,2.732370,3.147133,2.335674,2.921477,2.946682
2.846071,3.196739,2.753444,2.531497,2.908829,2.207681,2.846292,3.205808,2.239907,2.695536,2.681857
3.004874,2.919141,2.525540,2.746670,2.526256,1.850317,2.286034,3.311729,2.540875,2.805101,2.607739
3.154582,2.864885,3.395295,2.936455,2.544029,1.952520,2.862620,3.296128,2.727269,3.711713,3.134709
2.994881,3.779221,2.934156,3.082981,3.225975,2.824584,2.287244,2.058580,2.793397,3.120870,2.908175
2.967824,3.602588,3.096743,3.111809,2.950373,2.884383,2.928665,2.240461,2.698740,2.833684,2.908915
2.719971,3.353490,3.254750,2.621575,3.292339,2.874796,3.591865,2.964290,2.171445,2.876502,3.112465
2.583015,3.372043,3.272048,2.736863,2.945982,3.635008,2.943217,2.970438,3.116528,2.365245,2.475157
2.382521,3.201216,3.051988,2.237352,3.423552,3.121169,3.136575,3.057950,2.701258,2.839210,2.046450
2.219132,3.067756,2.345190,3.180246,3.227808,2.882978,2.712873,2.342070,2.506751,3.509093,2.954136
2.658018,2.887916,3.369683,2.375190,3.404318,3.263748,2.934204,3.012796,2.578046,3.403480,3.238888
2.383519,3.227422,2.750976,2.347074,2.598606,2.751356,2.983806,2.834926,2.773999,2.997991,3.779861
3.384517,3.424633,3.458518,2.781546,3.043849,3.023623,2.609614,2.936737,2.913924,2.825869,2.766552
3.788475,3.547168,2.520829,2.749718,2.939091,3.108237,2.618481,3.583010,3.154185,2.916788,3.398821
3.704392,3.282906,3.311030,3.034603,2.937757,2.953824,2.774290,2.801118,3.299831,3.632439,2.904597
3.824199,3.406417,3.760404,2.537450,3.260263,2.911189,3.413402,3.284530,2.663716,3.290994,2.692987
3.473849,2.959691,3.091643,2.882537,3.016441,3.007084,3.548109,3.329723,3.009450,3.088242,2.745556
2.896220,3.636681,3.203968,3.125586,2.582943,3.803520,4.029789,3.212129,2.885214,3.269992,3.236199
3.199906,3.448358,3.458122,2.643365,3.483938,2.997142,3.132859,3.007008,2.174885,2.851735,2.926251
3.399350,3.664329,3.548214,3.231303,2.986678,3.672296,3.096120,3.227789,2.253787,3.445170,3.550881
3.248069,3.357247,3.362249,3.363543,3.845401,3.266561,2.200745,3.538452,2.446929,3.088487,3.107892
3.297893,4.367886,3.068728,3.043883,3.536053,3.479338,2.947420,4.025430,2.834633,3.162354,3.094372
3.118465,3.228176,3.607686,2.738530,3.754857,3.609761,2.971211,3.118291,3.333014,3.272530,2.974286
3.327404,2.790587,3.940408,2.474152,3.209963,3.145413,2.634974,3.281559,3.411870,3.593381,3.460149
3.112130,3.232012,3.576390,1.889904,3.346115,2.896190,3.547700,4.029574,3.529483,3.066940,2.964517
3.395696,3.632460,2.599529,3.026387,3.520144,2.418257,3.296026,3.068535,3.186719,2.824156,3.616153
2.994864,3.695379,4.054854,3.099112,3.121022,2.865842,2.571376,3.480979,3.814052,3.567247,3.281633
3.365960,3.478392,2.874349,3.069895,3.226119,2.254109,3.428803,4.252811,3.275325,3.873352,3.274140
3.528333,3.674055,3.274050,3.518441,3.395643,3.440164,3.040279,4.126333,3.604551,3.213031,3.207507
3.838407,3.490386,3.441375,3.635650,2.768381,3.077202,3.389358,3.839965,2.608979,2.583456,3.225896
4.043659,3.375099,3.043755,3.385046,3.448344,2.822685,3.639113,3.566921,3.637692,3.044938,2.894265
3.854748,3.026610,3.378701,3.388663,4.259769,2.833194,3.903868,2.953132,3.544959,2.934067,2.066087
3.244223,3.504957,3.486000,3.272673,3.737896,2.941042,3.661582,3.006845,2.598216,3.439949,2.899401
3.472154,3.873544,3.388635,3.866327,3.403960,3.336263,3.242878,3.636869,3.207997,3.570846,3.409137
3.042618,3.473378,3.815648,3.490240,3.015140,3.436732,2.593416,3.274591,3.622512,3.580043,3.459175
3.364425,3.745174,3.569565,3.450567,3.203387,3.252447,2.571525,2.799392,3.602299,3.333346,3.636838
3.491554,3.576129,3.261309,3.375681,2.987149,2.927936,3.341365,3.440801,3.785522,3.841006,4.032333
3.079151,2.817505,3.687623,3.653833,2.913209,2.964798,3.535379,3.266579,3.565983,3.501965,3.601237
4.059961,3.057718,3.661689,3.319104,3.765735,3.009926,3.293710,3.213185,4.108984,3.530076,3.185820
3.033066,3.179218,2.581812,3.723209,3.879896,3.427061,3.319341,2.697060,3.216113,3.654128,3.842546
3.678651,3.089967,3.513385,3.778000,3.286257,3.281614,3.124642,2.705698,4.074816,3.729791,3.469797
3.202937,3.147925,3.134896,2.968830,3.019250,3.077058,3.277042,3.540898,3.626155,3.588775,4.328631
3.343800,3.817371,3.416756,3.123555,3.096474,3.246282,4.101213,2.760132,3.429392,3.135310,3.917602
2.886374,3.898465,3.982258,3.224493,4.023514,3.072700,3.801367,3.277708,2.624109,3.375642,3.273240
3.768710,3.449372,3.625399,3.082600,3.452526,3.600858,2.854849,2.884367,2.701336,4.287864,3.080650
3.171646,3.511931,3.646542,3.642752,3.490069,4.047511,3.873738,3.563336,3.966581,3.195632,2.818085
3.204127,3.814982,3.333271,3.761003,3.874731,3.649144,3.390582,3.031379,3.558475,3.741790,2.958893
2.924598,4.047233,3.682200,3.661291,3.035809,3.303566,3.839285,3.555603,3.289752,3.082542,3.383198
4.247533,4.003729,3.002384,4.374276,3.472547,3.451181,3.656805,3.299522,3.316675,2.539987,2.952291
4.001558,3.266783,3.311440,3.191894,3.484112,3.346471,3.954046,3.337743,3.965966,3.259301,3.852630
3.770824,3.445912,2.558858,3.773286,3.783617,2.755486,3.185223,3.299763,3.038696,3.508866,3.046173
4.545740,3.503027,2.873074,3.237324,3.142960,3.168296,3.007875,3.756022,2.853777,3.356310,3.979444
3.550498,3.224192,3.879793,3.090912,3.856595,3.020182,2.859035,3.505058,2.986705,2.745572,3.246090
3.274892,4.077765,3.278591,3.389831,3.211471,2.970525,3.284593,4.113691,2.784129,4.077552,2.940497
3.625831,3.563592,3.253808,4.269358,3.355897,2.984898,3.788203,3.453321,2.860970,3.553793,4.006961
3.706029,3.882127,2.984361,3.345643,3.865214,3.253710,3.037025,3.671334,2.788994,3.239370,3.016386
4.508568,3.584629,3.560671,3.156483,3.007775,3.292763,2.949889,4.206286,4.008984,3.144860,3.421066
3.005208,3.258252,2.701162,3.162750,4.786110,3.641773,3.764082,4.168246,3.136560,4.037776,3.709810
2.990056,3.546506,3.268325,2.968096,3.815467,2.950794,3.427483,3.358961,3.124368,4.275385,3.786895
3.340394,3.865320,2.750812,2.920364,3.350413,3.811820,3.343726,3.030716,3.109546,3.553245,3.669332
3.495103,3.955820,3.673814,2.915326,3.066898,2.999940,4.128178,2.975587,2.570542,3.129448,3.574678
3.430294,3.637215,3.505881,2.854809,2.889866,3.048564,3.747884,2.853104,2.766988,3.397520,3.110556
3.051988,3.374209,3.449947,3.599725,3.331767,3.664111,3.081194,3.391703,3.346079,2.903465,3.515917
3.460419,3.176691,3.362599,3.045052,3.563093,3.784172,3.568294,2.986379,3.374173,3.384742,3.298161
2.901239,3.323187,3.231909,3.064497,3.048386,3.080471,3.602465,3.172881,3.302038,3.470649,3.448298
3.650272,3.355025,3.486503,3.599796,2.892953,3.867502,3.700262,3.520566,3.250807,3.826572,3.264507
3.779155,3.294016,2.791090,2.384939,3.327959,3.371111,3.544287,4.042327,3.399842,2.923019,4.070386
2.894584,3.545863,3.634837,3.297750,3.897601,3.560109,3.163465,2.804030,3.074772,4.049959,3.672004
3.510796,2.717183,3.555372,2.688315,3.017185,3.778481,3.241034,2.983148,2.526784,3.760908,3.142675
4.537751,2.616119,3.267227,3.079624,3.898049,3.727380,3.660628,3.776989,3.449951,3.945770,3.790976
3.238340,3.237845,2.813113,3.101048,3.339109,2.912243,3.538013,3.535835,2.716437,3.293283,3.102560
2.882690,3.422666,2.642718,3.629773,3.000960,3.327830,4.157526,3.895777,3.360478,3.349372,2.783160
3.073300,3.176515,3.651023,3.518780,3.515434,2.997411,2.786895,3.522066,3.258656,2.809961,3.594374
2.784380,3.585595,3.807920,3.125222,3.441407,3.460257,3.532006,3.909533,3.950794,3.071274,2.957117
3.115032,3.149430,3.295668,3.158722,3.055794,3.313825,3.079492,2.635720,2.883287,3.294242,2.982570
3.364903,3.167716,3.422598,3.545762,3.439607,3.709709,3.882443,3.035499,2.923570,3.150438,2.494274
3.546905,2.729581,2.691259,2.913949,3.339642,3.237480,3.143994,2.917238,3.586571,3.136739,2.177073
3.347566,3.441553,2.956382,2.891389,2.871368,3.073692,3.439230,2.789901,3.620793,3.094698,2.492078
3.469452,2.911604,3.748773,3.210279,4.181108,2.716625,2.974380,3.254432,3.599211,3.617550,2.777732
3.624718,3.488051,3.287567,2.838815,3.153467,3.516186,3.173615,3.488033,3.221711,3.396122,3.574620
2.701132,3.007755,3.077735,3.257146,3.384007,3.025419,3.036244,3.062339,2.899059,2.920775,3.522627
3.426643,3.097510,3.456506,3.829467,2.912082,3.016442,3.011023,3.943417,3.196580,3.600692,2.780796
3.701539,3.213359,3.014537,3.842355,3.471580,3.021440,3.371395,3.428878,3.492582,3.097684,2.567095
3.352334,3.428767,3.308284,3.531470,3.673980,3.102861,3.647165,3.217681,3.365890,3.576821,2.791162
3.306097,3.484474,3.908148,3.169136,3.106223,2.899110,2.866056,2.791856,3.232049,3.646529,2.430733
2.840515,3.210151,4.344350,3.205270,2.555310,3.378212,2.340430,2.944755,3.519847,3.152097,2.213757
3.671595,3.168424,3.469188,3.169834,3.137882,3.308769,3.359535,3.541172,3.040689,3.661440,2.860317
2.708727,3.164616,4.127379,3.106414,2.535691,3.081074,2.699740,3.462705,2.910772,3.132774,2.431265
2.793773,3.411250,3.016781,2.790715,3.343634,3.813013,2.940382,2.939765,3.275815,3.122256,2.726537
2.292092,3.838043,3.552412,3.132688,3.443442,2.822209,2.810564,2.610920,3.180944,2.733273,3.322147
2.696013,3.070436,3.760075,2.418256,3.092397,2.738862,2.919484,3.222796,3.101291,3.388711,3.474559
2.563943,2.518995,3.272512,2.697501,2.540321,2.604489,3.490020,2.989526,2.917746,2.252564,3.663836
3.831488,3.511430,3.441400,2.760072,3.161800,2.559049,2.507002,2.342930,3.308000,2.473842,2.336417
2.988823,3.584390,2.410647,2.314901,2.400956,2.575290,2.372806,2.747516,2.683124,2.651854,2.986727
3.476841,2.876030,3.037111,2.665797,3.642828,2.552366,2.711318,2.884176,2.756505,2.705283,2.823021
3.250910,2.876297,3.119809,2.764960,3.754700,2.420733,2.940785,3.059903,2.857232,2.313287,2.472967
3.448686,3.034927,3.264536,2.590273,3.585507,3.573427,3.390375,3.031228,2.603091,2.992339,2.479903
3.082967,2.911343,3.178188,2.587594,2.653440,2.549187,3.209487,3.541711,3.336059,2.691747,2.881619
3.054982,2.682923,2.986268,2.354340,3.285128,3.615897,2.873939,2.512912,2.926860,2.382793,2.734236
3.438707,2.890492,2.891257,2.557674,3.103375,2.529903,2.338652,2.385400,2.974456,2.430896,2.658017
3.211590,2.402231,3.217111,2.692367,2.901614,2.271057,2.900797,3.044890,3.469929,2.856938,2.982183
3.064196,2.489301,2.958036,2.414349,2.248662,2.824586,2.344630,2.645295,3.070472,3.517932,2.286055
2.620438,3.437071,2.770261,2.837706,3.135009,2.782286,1.957174,2.460666,2.294279,3.074780,2.663033
3.305629,3.546933,2.485105,2.950383,2.434408,2.592810,2.536197,2.736589,3.128026,2.700278,2.357552
2.983574,2.696297,2.873708,2.669106,2.397524,2.930352,2.791482,2.510218,2.504415,3.341731,2.457472
2.248975,2.888294,2.873751,2.702923,2.565811,2.259352,2.509175,2.678267,2.852366,2.595015,2.940977
2.746362,3.308664,2.635354,3.016612,2.463341,2.782502,2.391759,2.757224,2.497948,3.067805,2.460700
2.032968,3.216113,2.435587,2.174405,2.928819,2.936816,2.404351,3.136461,2.280526,2.449828,1.934709
2.858522,2.547730,2.433185,2.597043,2.608128,2.748493,2.138995,2.680842,2.661476,1.975988,2.507994
2.400138,3.098871,2.542905,1.874577,2.693951,2.619718,2.938242,2.249041,2.864901,2.371628,2.646336
2.507219,2.359494,2.565920,2.785158,2.244948,2.390254,2.621176,2.513464,2.596031,2.877354,2.921281
3.097152,2.306037,2.697313,3.028483,2.287908,2.376549,2.494648,2.862472,2.075755,2.393324,2.540557
2.861050,2.296139,2.003896,2.567103,2.475430,1.916732,2.835032,3.079696,2.095355,1.955770,2.503941
2.395131,2.393788,2.945144,2.311008,2.089733,2.229650,1.932786,2.817186,2.655293,2.926354,2.194093
2.345380,2.275199,2.829741,2.182943,2.522039,2.235804,1.933482,3.130888,2.186131,2.596867,2.176761
1.972742,2.343590,1.891723,2.698841,2.625738,1.704237,2.327144,2.176022,2.424016,2.590732,2.113748
2.226847,2.212059,2.609384,2.496207,2.618379,2.175318,2.160381,2.670889,2.657331,2.547774,2.568720
2.153397,2.394213,2.498262,2.504060,2.595331,2.518990,2.269511,2.144693,2.881441,2.406498,2.345286
2.254916,2.250672,2.187432,2.295693,2.281347,2.520810,2.326563,2.585517,2.500539,2.649372,2.394242
2.160807,2.041739,1.865460,2.057196,2.889615,2.205645,2.345798,2.295747,2.155897,2.494623,2.320064
1.671189,2.178416,1.955764,2.367728,2.319725,2.243919,2.189383,2.140754,2.309479,2.059800,2.058776
2.202510,2.424371,2.423397,2.930941,2.306477,2.248878,2.565785,2.217874,2.700183,2.091916,1.534077
2.027135,1.839344,2.385529,2.717442,1.891472,2.046673,2.085715,2.224248,2.065625,2.170090,2.155619
2.549688,1.611986,1.954732,2.546171,1.866011,1.938643,1.901020,2.390355,1.998314,2.003796,2.508120
2.125898,2.152932,2.708687,2.551588,2.071780,1.849691,1.981108,2.131042,2.156935,2.390599,2.428730
1.949121,2.322374,2.407230,2.534114,2.096743,2.134622,1.872670,1.879681,2.048483,3.010321,2.054370
1.845998,2.041615,1.986810,2.363193,1.926891,1.728057,1.810591,2.137577,1.913500,2.355601,2.341903
2.299430,1.981322,1.871533,2.266176,1.919916,1.922511,2.329800,1.949968,1.693555,2.450995,2.384836
2.165028,1.934822,2.048665,2.153433,1.919625,2.036237,1.979602,2.077043,2.249987,2.250065,2.247748
2.561419,1.525505,1.564249,2.007520,1.712918,2.382038,2.076962,1.590332,1.938208,1.930965,2.633262
2.460053,1.631270,2.087368,2.479803,1.832408,1.680056,1.795475,2.041433,2.033167,2.045077,2.237057
1.896730,1.540108,1.927626,2.633834,1.823807,1.851543,2.006583,1.790436,2.242931,1.809277,2.186401
1.772958,1.939247,2.001133,2.511046,1.833538,1.987951,2.068414,1.795786,2.405474,1.782410,2.479173
1.818293,2.290910,1.700908,2.268117,1.472419,1.546135,2.040811,1.709515,1.688085,2.072957,2.029807
1.839441,2.124355,2.086158,1.998305,1.938403,1.606292,1.820751,2.032553,1.690371,1.921670,1.680719
2.006762,2.124617,1.941035,2.047012,1.896986,2.056975,2.265169,1.895565,1.566711,1.918183,2.139657
1.827850,2.538801,1.585756,1.721740,1.636732,1.706287,1.885358,2.258411,1.815599,2.013365,1.914455
1.717508,1.840371,1.564602,1.734426,1.943945,2.048990,1.673881,1.601929,1.995657,1.582863,1.992574
2.129507,1.462694,1.802002,1.699029,1.949185,1.727341,1.880387,1.316943,1.995924,1.919498,1.966618
1.805868,1.904745,1.844907,1.801799,1.755537,2.115656,1.750907,1.629369,2.104067,1.826919,1.959356
1.400507,1.891108,1.814019,1.612431,1.540922,1.647960,1.651774,1.567735,1.875322,1.981907,1.712201
1.829113,1.736577,1.666672,1.695636,1.562229,1.398224,1.429844,1.606365,1.953985,1.912634,1.556310
1.731247,1.425077,1.660503,1.335504,1.369927,1.841168,1.941485,2.007702,1.603379,1.770540,1.590046
1.598023,1.924346,1.782348,1.477951,1.092236,1.603631,1.629235,2.162339,1.506055,1.865443,1.580340
1.456840,1.434206,1.725181,1.359228,1.493533,1.702020,1.798455,1.738281,1.349941,1.672537,1.684230
1.637363,1.561052,1.720327,1.313563,1.551824,1.374713,1.418644,1.616187,1.439586,1.835777,1.875596
1.435603,1.745488,1.500249,1.212725,1.293327,1.348179,1.462070,1.776737,1.505758,1.267098,1.664275
1.766479,1.424840,1.838058,1.084425,1.337101,1.519290,1.440090,1.432454,1.850782,1.119070,1.814337
1.495060,1.573235,1.526145,1.362651,1.258363,1.052874,1.575369,1.589083,1.658102,1.143828,1.998675
1.356152,1.376606,1.751606,1.414521,1.373960,1.668018,1.528774,1.631780,1.830866,1.469814,1.543961
1.279195,1.332814,1.227715,1.180814,1.296013,1.717393,1.613582,1.397465,1.676869,1.285349,1.838433
1.252564,1.282113,1.305923,1.520655,1.192559,1.480115,1.718726,1.395288,1.785999,1.107364,1.596862
1.417442,1.393878,1.537320,0.983595,1.471620,1.371300,1.480025,1.249818,1.253801,1.364791,1.774373
1.236367,1.522373,1.637311,1.402764,1.340474,1.309910,1.565241,1.231008,1.756880,1.619321,1.555352
1.292972,1.561436,1.757999,1.098316,1.098977,1.531603,1.393562,1.215588,1.446807,1.091780,1.667684
1.228525,1.495420,1.769381,1.119624,1.162240,1.575417,1.439094,1.281900,1.673918,1.120467,1.564346
1.321741,1.368739,1.260006,1.191728,1.247390,1.337902,1.051949,1.074291,1.374859,1.185534,1.486672
1.384146,1.223903,1.656579,1.131421,0.999375,1.291829,1.355302,1.598077,1.195366,1.161396,1.463821
1.469126,1.538025,1.670216,1.218550,1.260015,1.269056,1.243252,1.092016,1.216419,1.431044,1.519357
1.273586,1.385910,1.370322,1.568489,1.458530,1.044548,1.187573,0.961932,1.315202,1.556199,1.217357
1.095909,1.058700,1.391658,1.198975,1.204679,1.255815,1.495254,1.251957,1.120732,1.182602,1.090461
1.050538,1.082168,1.249739,1.194626,1.374292,1.272229,1.329510,1.188401,1.131750,1.409522,1.329109
1.098687,1.138353,1.177704,0.921109,1.305709,1.242829,1.087147,1.217181,0.964669,1.006311,1.346898
1.342890,0.923682,1.496443,0.913809,1.349136,1.288149,1.075554,1.264497,0.935087,0.976453,1.314288
0.810179,0.991536,1.077666,0.979791,1.219003,1.129331,1.240800,1.124913,0.990021,0.952892,1.416725
1.042012,0.909904,0.968216,1.022038,1.164473,0.997326,1.067978,1.258143,1.215944,1.174104,1.157793
0.952740,0.801772,1.311218,0.907752,1.417977,0.719993,1.335208,1.066092,1.092604,0.948520,1.294356
1.060329,0.960494,1.195998,0.946690,1.186158,1.090991,1.444776,1.171406,1.090328,1.008592,1.313346
1.046797,0.793396,1.365939,0.851192,1.037932,0.985829,1.186144,1.220316,1.066715,1.110148,1.177440
1.072263,0.896457,0.992858,1.076034,1.081120,0.980348,1.411235,1.264867,1.152097,0.994141,0.885024
1.011666,1.058213,1.258791,0.947066,0.802347,0.767463,0.904012,1.104018,0.993276,0.736886,0.960258
0.767787,1.242977,0.977508,0.847695,0.941828,0.898224,0.988271,1.147728,0.932145,1.011249,1.064671
1.045796,1.014067,0.858059,0.878392,1.069496,0.911017,0.985013,0.960902,0.778603,1.005161,0.953189
0.937063,1.170335,0.922750,0.809094,0.762141,0.891690,1.028016,0.924371,0.762577,1.203700,0.923439
0.933282,1.315964,1.064999,1.015270,0.958753,1.040014,0.911968,0.724662,0.921780,0.811876,1.213894
0.953012,1.423443,1.113179,0.858937,1.025339,0.778569,1.007449,0.770902,0.758727,0.856250,0.991594
0.968934,1.259269,1.010757,0.814911,0.935741,1.004569,0.985739,0.763430,1.069087,1.012216,0.696231
0.761240,1.078153,0.985146,0.828120,0.779908,0.933001,0.810179,0.688954,0.904358,1.003921,0.887726
0.908455,1.113649,0.867759,0.835168,0.999641,1.096421,1.026913,0.848042,0.830786,0.987753,1.073081
0.792012,1.031795,0.929514,0.803418,1.012725,0.795174,0.928945,0.619690,0.835196,0.882956,0.877130
0.902020,0.740251,0.835257,1.020869,1.033578,0.659418,0.798636,0.709495,0.694891,0.674563,0.864488
0.780311,0.735452,0.961058,0.812724,0.851390,0.624198,1.066893,0.696320,0.825996,0.746463,0.691573
0.554612,0.960792,0.937123,0.864301,0.651294,0.828214,0.931161,0.744136,0.740539,0.967050,0.865998
0.708144,1.036340,0.802771,0.815773,0.805611,0.752091,0.986481,0.511783,0.531688,0.756965,0.969859
0.816766,0.696223,0.645781,0.955119,0.743055,0.770060,0.604805,0.586794,0.581833,0.941848,0.856812
0.566421,0.544853,0.791377,0.753835,0.639677,0.821459,0.766310,0.759729,0.793324,0.851337,0.803005
0.667459,0.962897,0.882377,0.633424,0.620942,0.477960,0.738827,0.639228,0.780970,0.600834,0.622945
0.712887,0.607767,0.831260,0.728868,0.638731,0.689228,0.842017,0.469066,0.739196,0.485738,0.768188
0.769695,0.745732,0.850127,0.691241,0.827111,0.630644,0.903772,0.565308,0.673259,0.681665,0.868238
0.663253,0.921260,0.693139,0.783718,0.705130,0.704697,0.861312,0.543541,0.804409,0.629648,0.721513
0.587012,0.717294,0.695665,0.876074,0.604949,0.722026,0.835940,0.712932,0.932997,0.599145,0.870280
0.734671,0.799089,0.712795,0.700742,0.854911,0.707664,0.985519,0.584869,0.765993,0.712060,0.859286
0.787228,0.860089,0.685438,0.649280,0.752208,0.618873,0.858601,0.609462,0.755514,0.551960,0.806940
0.717624,0.695316,0.760208,0.582615,0.796869,0.615503,0.708946,0.800740,0.470999,0.612255,0.736069
0.711327,0.679124,0.535653,0.651294,0.716616,0.460821,0.619653,0.725192,0.713901,0.528246,0.732655
0.636187,0.587139,0.645904,0.483980,0.559968,0.584232,0.619644,0.633550,0.688936,0.581584,0.631185
0.604128,0.698626,0.606779,0.476001,0.455564,0.839585,0.451618,0.586310,0.586909,0.453292,0.557641
0.529363,0.582494,0.698217,0.505244,0.442520,0.733464,0.545162,0.593183,0.719695,0.511915,0.732757
0.555855,0.531839,0.643205,0.495305,0.722460,0.657319,0.552429,0.560489,0.775020,0.498046,0.649592
0.580037,0.533855,0.632798,0.488362,0.771411,0.573261,0.627181,0.692411,0.806093,0.524266,0.579722
0.568699,0.599890,0.624604,0.437267,0.495127,0.709392,0.557608,0.436456,0.692812,0.497718,0.471301
0.604544,0.489965,0.580239,0.597984,0.674268,0.665071,0.456303,0.596085,0.757802,0.496391,0.550498
0.673149,0.403465,0.541345,0.718713,0.602823,0.618202,0.492388,0.524464,0.633338,0.433001,0.491945
0.478124,0.633583,0.548709,0.639493,0.462763,0.576242,0.475078,0.442233,0.606938,0.667121,0.669243
0.487328,0.499779,0.557084,0.664321,0.480094,0.657416,0.538745,0.519877,0.467628,0.579933,0.455764
0.423525,0.626866,0.506195,0.649177,0.428208,0.533207,0.650289,0.598259,0.543272,0.366932,0.565822
0.497108,0.518971,0.542294,0.557231,0.478649,0.561565,0.489404,0.645906,0.458692,0.430268,0.515327
0.433085,0.393899,0.574824,0.580099,0.548129,0.479696,0.444139,0.478435,0.531209,0.499412,0.499567
0.597078,0.580902,0.549738,0.543795,0.642220,0.469817,0.601656,0.451549,0.456429,0.587729,0.412008
0.370923,0.510733,0.429989,0.478395,0.470904,0.395052,0.448458,0.603019,0.332978,0.460684,0.580342
0.461173,0.525698,0.451699,0.587343,0.546642,0.427395,0.491321,0.650901,0.517105,0.594289,0.613150
0.585095,0.588660,0.505712,0.469232,0.562001,0.530598,0.483101,0.493678,0.340405,0.666009,0.473964
0.579779,0.532655,0.463793,0.527213,0.517520,0.515747,0.626010,0.426034,0.422482,0.690790,0.431452
0.519294,0.577933,0.517660,0.453536,0.513308,0.522899,0.605847,0.469292,0.413331,0.543360,0.491529
0.507121,0.450280,0.427880,0.481134,0.504979,0.434941,0.557879,0.337981,0.399008,0.512235,0.565029
0.421381,0.609696,0.493248,0.419242,0.631078,0.644338,0.496189,0.531639,0.528885,0.484356,0.437387
0.480725,0.399801,0.495020,0.424561,0.426563,0.524921,0.428656,0.538257,0.468390,0.526337,0.399947
0.453645,0.549707,0.401800,0.540043,0.537558,0.426422,0.477036,0.447003,0.439837,0.408147,0.361689
0.449331,0.589981,0.373962,0.446089,0.455590,0.474105,0.253883,0.327447,0.536172,0.485077,0.397437
0.529528,0.444519,0.376153,0.436029,0.627342,0.570189,0.395446,0.476242,0.456205,0.382574,0.537978
0.505272,0.513757,0.472941,0.397500,0.457821,0.503947,0.518447,0.497532,0.383126,0.382127,0.482750
0.551662,0.457023,0.508481,0.395167,0.525360,0.474573,0.417024,0.432073,0.454912,0.523258,0.457244
0.531245,0.482753,0.493497,0.378282,0.485637,0.445604,0.446950,0.467232,0.397559,0.485643,0.515011
0.479013,0.331375,0.465541,0.445769,0.461516,0.406760,0.361493,0.505498,0.315092,0.396624,0.466164
0.483000,0.390507,0.395476,0.419416,0.426489,0.363791,0.358584,0.340809,0.392561,0.342073,0.436024
0.515656,0.413557,0.520729,0.568185,0.380222,0.389306,0.396093,0.289320,0.417774,0.359268,0.510608
0.408255,0.363730,0.442124,0.435625,0.391640,0.377804,0.398910,0.345710,0.539745,0.444159,0.442379
0.475652,0.336974,0.401611,0.469208,0.463489,0.328488,0.417329,0.411068,0.456107,0.429191,0.440677
0.537832,0.305420,0.453449,0.442153,0.512689,0.373506,0.467982,0.523790,0.635054,0.322972,0.451629
0.516503,0.347588,0.370901,0.485311,0.387307,0.420075,0.373927,0.459051,0.548976,0.360450,0.563592
0.444747,0.373993,0.433206,0.365864,0.348133,0.554329,0.389027,0.473389,0.476045,0.397966,0.508150
0.364868,0.446625,0.401237,0.389143,0.414075,0.452846,0.214781,0.456890,0.442140,0.394290,0.523715
0.434195,0.380510,0.444323,0.442561,0.489170,0.490008,0.251213,0.347092,0.424666,0.512286,0.543725
0.399386,0.633232,0.332378,0.452249,0.406439,0.497492,0.304090,0.392936,0.350983,0.435179,0.456899
0.302261,0.519670,0.382346,0.426753,0.393559,0.408167,0.393743,0.504401,0.312052,0.305941,0.438664
0.448914,0.639450,0.388440,0.506023,0.449737,0.562252,0.496636,0.615234,0.327934,0.455187,0.417394
0.558708,0.436854,0.451594,0.484973,0.428930,0.514050,0.575397,0.449956,0.324717,0.464836,0.378520
0.579263,0.411036,0.514199,0.531903,0.412714,0.482737,0.452502,0.547802,0.411570,0.322916,0.360429
0.426852,0.450069,0.458930,0.533784,0.347719,0.402388,0.443261,0.559807,0.372672,0.364115,0.398366
0.460889,0.362110,0.517983,0.576883,0.365378,0.344044,0.500853,0.626291,0.374046,0.504661,0.475132
0.469926,0.442520,0.411082,0.591476,0.453932,0.427328,0.513254,0.600545,0.486646,0.346273,0.505547
0.498093,0.470721,0.509306,0.522395,0.402896,0.513565,0.524441,0.466464,0.419773,0.443514,0.358857
0.425855,0.402051,0.410873,0.524874,0.597911,0.429708,0.404019,0.480805,0.452795,0.447755,0.366388
0.338741,0.331275,0.562651,0.584370,0.575517,0.463443,0.323860,0.576483,0.390408,0.372111,0.410711
0.326030,0.358874,0.405373,0.532357,0.550040,0.480694,0.407279,0.387007,0.397103,0.439258,0.484589
0.311612,0.282046,0.374359,0.404866,0.589923,0.494974,0.355776,0.504892,0.399307,0.375920,0.600116
0.470902,0.411349,0.451149,0.578082,0.424100,0.451828,0.449733,0.455304,0.390437,0.602279,0.504802
0.487089,0.441564,0.460160,0.443547,0.561633,0.453927,0.500029,0.516466,0.453721,0.413585,0.446772
0.467458,0.360403,0.314645,0.569207,0.447684,0.376279,0.441677,0.505145,0.529306,0.389564,0.477257
0.457387,0.482455,0.500190,0.507756,0.513778,0.359020,0.459283,0.394335,0.593181,0.449089,0.471522
0.514724,0.532241,0.593654,0.362595,0.527068,0.509635,0.593824,0.558167,0.454942,0.467540,0.431067
0.489765,0.476393,0.523455,0.453710,0.483350,0.554031,0.567497,0.498598,0.579156,0.448529,0.442304
0.599368,0.547316,0.552818,0.537517,0.563187,0.597838,0.408282,0.512322,0.505866,0.446175,0.477263
0.520386,0.516518,0.518433,0.324930,0.476655,0.572169,0.515383,0.617242,0.429308,0.469008,0.502626
0.663740,0.621794,0.519944,0.523732,0.426166,0.469125,0.393334,0.549651,0.514078,0.368611,0.650788
0.500456,0.549557,0.492538,0.618180,0.507357,0.568644,0.465462,0.621716,0.477556,0.525115,0.561644
0.688640,0.517730,0.461269,0.455363,0.578377,0.575283,0.425988,0.426852,0.308799,0.496723,0.543855
0.504044,0.542638,0.426610,0.509986,0.726255,0.539882,0.524004,0.472930,0.395842,0.581409,0.649341
0.574880,0.532285,0.444526,0.447818,0.595497,0.464140,0.528257,0.383980,0.614197,0.398890,0.660758
0.499797,0.592658,0.556504,0.506006,0.529664,0.510786,0.599811,0.630426,0.441746,0.646022,0.572288
0.662185,0.566703,0.525175,0.587685,0.547576,0.481976,0.474420,0.623918,0.472224,0.668868,0.583582
0.836756,0.455955,0.490901,0.452428,0.517052,0.432414,0.451047,0.617379,0.646054,0.639977,0.563193
0.540018,0.637130,0.600448,0.519611,0.433013,0.385480,0.445734,0.562137,0.585594,0.481505,0.575071
0.520709,0.578611,0.528677,0.493400,0.625479,0.367417,0.499769,0.565274,0.753661,0.522707,0.447452
0.552505,0.584670,0.646281,0.415856,0.647559,0.560133,0.518712,0.499475,0.625909,0.569885,0.533920
0.632185,0.582829,0.564946,0.580713,0.598691,0.871786,0.389348,0.452652,0.743553,0.498793,0.620022
0.500022,0.558176,0.686137,0.509402,0.461840,0.590085,0.718647,0.523962,0.721890,0.636115,0.672172
0.563414,0.670410,0.676557,0.651519,0.503831,0.680296,0.648738,0.536708,0.612369,0.638837,0.566481
0.725705,0.704817,0.539532,0.562834,0.604594,0.650736,0.641723,0.483787,0.778649,0.810633,0.810602
0.579661,0.710415,0.495404,0.607456,0.567660,0.704779,0.730065,0.563462,0.598437,0.616748,0.787275
0.593310,0.610589,0.535002,0.756462,0.608404,0.663380,0.653726,0.576683,0.491296,0.651001,0.671274
0.603067,0.706582,0.727567,0.476709,0.449070,0.648026,0.758648,0.648095,0.444752,0.750319,0.711678
0.528066,0.475404,0.551308,0.662783,0.569510,0.731245,0.764202,0.547647,0.640345,0.867263,0.638243
0.473841,0.741162,0.919497,0.631194,0.649208,0.580108,0.625672,0.701549,0.696605,0.687618,0.702952
0.589331,0.619692,0.725065,0.539537,0.701150,0.584122,0.642566,0.537845,0.694504,0.823787,0.880527
0.660556,0.734434,0.758006,0.800706,0.548909,0.696477,0.661026,0.525595,0.575652,0.913462,0.771443
0.676463,0.705419,0.780829,0.780176,0.556293,0.871962,0.701523,0.491925,0.749118,0.896642,0.864262
0.577281,0.854233,0.853600,0.866708,0.569079,0.877517,0.743796,0.677996,0.610803,0.906321,0.680180
0.692460,0.816412,0.713539,0.688826,0.757000,1.001599,0.730301,0.793040,0.675555,1.276976,0.653245
0.840354,0.930295,0.801624,0.756979,0.971030,1.036574,0.637583,0.774224,0.631295,0.926631,0.841573
0.807507,0.743071,0.848973,0.902854,1.017450,0.782261,0.730640,0.814054,0.615466,0.889051,0.694617
0.622661,0.762798,0.715748,0.850896,0.821272,0.709512,1.048496,0.889217,0.838488,0.750262,0.893346
0.779837,0.736149,0.504652,0.765011,0.923566,0.835528,0.977461,0.767025,0.814727,0.650836,0.755179
0.850979,0.965065,0.635159,0.919494,1.010227,0.749745,0.931812,0.610228,0.860478,0.745156,0.761731
0.933832,1.031838,0.751725,0.753376,1.075148,0.823502,0.941432,0.479234,0.717373,0.802903,0.857397
1.082119,1.076124,0.789618,0.739883,0.912203,0.980641,0.995786,0.681621,0.720729,0.892290,0.967154
1.197804,0.912339,0.945691,0.695872,1.200900,0.876664,0.860056,0.801253,0.918190,0.892466,0.899673
1.033955,0.842073,1.004257,0.716186,0.911094,0.866599,0.915900,0.713155,0.879467,0.655315,0.960643
0.936500,0.933397,0.775250,0.771725,1.156750,0.968251,0.994203,0.669574,0.756611,0.916764,0.977033
0.907231,1.057651,0.741686,0.747875,0.962178,0.809885,1.067431,0.916170,1.018524,0.902677,0.974864
0.958349,0.938924,1.126785,0.918972,0.843503,0.915573,1.141324,0.885599,1.176149,0.978332,0.999859
0.868394,0.766244,1.059687,1.012630,1.088244,0.802762,1.084857,0.809883,0.907372,0.731091,0.901891
1.164432,1.231696,0.984521,0.848714,0.790006,0.678399,1.019049,0.817732,0.971405,0.702582,0.959215
1.116925,1.041501,1.192784,0.683371,0.897540,1.025973,1.065784,0.939971,1.085436,0.851069,1.069514
0.963450,0.891606,0.883612,1.379927,1.044228,1.129003,1.020010,1.191453,1.120835,0.772674,1.083584
1.171899,0.754155,1.171410,1.093107,0.801422,0.833109,1.121879,1.050765,0.882742,0.653837,0.801523
1.323325,0.656754,1.183770,1.049275,1.107358,0.924940,1.033322,1.018386,1.246296,0.671450,1.128581
1.191920,0.777526,1.064511,1.151695,0.861869,0.945320,1.029497,1.352252,0.810700,0.804211,0.939026
1.079832,1.096697,1.089795,1.345266,1.097152,1.039852,1.095403,1.339867,1.203683,0.926798,0.949835
1.121136,1.022576,0.995260,1.089728,0.930220,1.154950,0.899118,1.218182,1.104054,1.197402,1.195122
0.917383,1.046083,0.872071,1.036057,1.209781,0.999679,1.207720,1.172899,1.346948,1.268512,1.192418
1.160049,0.927048,0.974304,1.216988,1.176381,0.896842,1.368950,0.895438,1.168660,0.960422,1.379228
1.055290,0.941212,1.233024,0.970296,1.291553,1.181145,0.901331,1.062001,1.354783,0.783574,1.043081
1.314874,0.905254,0.996124,1.170463,0.996894,1.115305,0.874240,0.923132,0.862825,0.843359,0.855482
0.941972,1.371682,1.192868,0.875207,1.554284,1.144996,1.189472,0.907479,0.965616,0.838367,0.795250
1.312242,1.392498,1.280178,1.244684,1.051483,1.320147,1.400161,0.927168,0.882576,0.968499,1.099112
1.526787,1.439642,1.126457,1.240041,1.210175,1.085002,1.447943,0.899898,1.426076,1.377353,1.302447
1.185254,1.503683,1.127512,1.163278,1.313346,1.250812,1.285336,1.022029,1.579604,1.388163,1.113760
1.519315,1.426029,1.233477,1.454665,1.412387,1.134408,1.128093,1.247076,1.575936,1.216828,0.995514
1.081879,1.298464,1.183609,1.137399,1.195889,0.932263,1.089884,1.459012,1.347211,1.470541,0.825239
1.025044,2.037822,1.443330,1.244058,0.929781,1.423395,1.214343,1.066205,1.262333,1.369035,1.170731
1.599685,1.367414,1.226057,1.354591,1.220867,1.296909,1.179970,1.500510,1.033275,1.662733,1.381264
1.284468,1.749108,1.417315,1.582663,1.153361,1.429573,1.333018,1.319349,1.325780,1.817109,1.283254
1.252107,1.644642,1.205102,1.446592,1.099491,1.206566,1.247603,1.443706,1.583371,1.417693,1.473325
1.012206,1.622599,1.725240,1.500866,1.383937,1.387913,1.194348,1.372113,1.390118,1.343653,1.542471
1.286784,1.523646,1.641795,1.573316,1.335366,1.501875,1.457087,1.562188,1.370912,1.408642,1.971468
1.354370,1.142955,1.437469,1.564753,1.369840,1.292409,1.251033,1.498162,1.486106,1.363092,1.812522
1.192022,1.292212,1.338197,1.523027,1.327195,1.733272,1.782157,1.366091,1.361117,1.604651,1.148517
1.520738,1.186769,1.488322,1.733471,1.977669,1.737536,1.422130,1.557479,1.074155,1.309118,1.448387
1.515556,1.205575,1.286431,1.262424,1.770583,1.465034,2.143633,1.555665,1.181934,1.377319,1.901912
2.146319,1.632678,1.452237,1.679630,1.855868,1.592165,1.915460,1.340254,1.304866,1.520174,1.993942
1.930388,1.461287,1.351018,1.630288,1.471440,1.663715,1.674213,1.531164,1.321008,1.385902,1.987064
1.557575,1.291726,1.680537,1.731427,1.428348,1.515287,2.310363,1.337354,1.128309,1.401343,1.532404
1.246658,1.343111,1.501347,1.760173,1.639027,1.428205,1.804279,1.367107,1.314900,1.495832,1.624750
1.337750,1.474979,1.392318,2.194293,1.675707,1.523990,1.940695,1.330733,1.373827,1.524851,1.792769
1.792965,1.307813,1.281262,2.098394,1.716147,1.696641,1.454159,1.849472,1.437641,1.446642,1.861197
1.675837,1.697630,1.714438,1.913667,1.578047,1.777947,2.068341,1.367989,1.457132,1.644465,1.126497
2.024924,1.460592,1.604390,1.579465,2.109436,1.616087,1.927918,1.926180,1.436852,1.771089,1.650788
2.014911,1.506572,1.454801,1.834802,2.024067,1.871064,1.690822,1.778882,1.894601,2.132109,1.584502
1.952773,1.683615,1.509439,1.714619,1.764463,2.255283,1.890904,1.525847,1.895856,1.745175,1.825635
1.744606,1.823840,1.301815,2.051305,1.730409,2.280191,2.189320,1.474363,1.849162,2.219148,2.114729
1.882171,2.199628,1.340346,2.044585,1.758638,2.108769,2.065665,1.623083,1.994492,1.920222,2.386990
2.363949,1.745010,1.639561,2.057414,1.706437,2.130896,1.832122,1.972169,1.426129,2.011331,2.480636
2.425857,1.920822,1.999549,1.932991,2.068221,1.981193,1.859509,1.758559,2.017291,2.580579,1.908317
2.185133,1.684740,1.865371,1.878250,1.753620,1.845903,2.379819,1.789925,1.275021,1.672167,1.986617
1.628587,2.369976,2.018350,2.076882,2.015510,2.042160,2.124270,2.252284,1.697114,1.880755,1.967882
2.120183,2.175766,2.495432,2.137223,1.714673,1.617892,2.177981,2.315801,1.357603,1.909742,1.933184
2.549811,2.154791,1.965757,2.306099,2.443653,2.000265,1.720011,2.364994,1.574294,2.088549,2.295799
2.266389,2.137886,2.126986,1.945127,2.430333,1.977915,1.976251,2.019486,1.837093,1.577386,1.991788
2.152260,2.036142,2.049956,2.574399,2.524189,2.093560,1.888977,2.304402,2.131340,2.206931,2.192870
1.873033,1.776635,1.742529,2.294453,2.052916,2.167578,2.586834,1.724858,2.583049,2.481760,1.819897
1.693091,2.509774,1.522351,2.032551,1.778698,1.679991,2.362628,2.195121,1.767536,2.503948,2.129725
2.210501,2.418319,2.048388,2.161999,1.642589,2.559694,2.574593,2.124182,2.674196,2.184809,1.678717
1.796749,1.923868,1.476822,1.467942,2.218670,2.432058,2.501387,2.149088,2.406246,1.649479,1.764947
1.957756,2.050018,1.890453,1.791483,2.029090,1.910620,2.432712,2.105522,2.607176,1.829339,1.859657
2.332381,1.770502,2.210831,1.930494,1.856123,1.822841,2.100104,1.814741,1.804084,1.906605,2.266605
2.929960,2.319795,2.162206,2.400288,2.448985,1.846975,2.067075,2.325570,1.999763,2.626012,1.655902
2.745621,2.331402,2.257758,2.047177,1.888493,1.780678,1.968684,2.322844,2.089355,2.290967,1.898152
2.244248,2.474290,2.219033,2.646914,2.791935,1.858424,2.409628,1.868155,1.659272,1.926768,2.175020
2.547778,2.564453,2.648572,2.249919,2.463392,2.327543,1.822865,2.670256,2.022687,2.101230,1.778756
2.355498,2.353219,2.740002,2.139420,2.494623,2.148851,2.518850,2.624486,2.458917,1.803059,2.320431
2.701696,2.197708,2.264577,2.526780,2.237415,2.062038,2.329970,2.423279,2.168687,2.230684,2.313079
2.163257,1.805563,2.293991,2.475361,1.811853,2.663774,2.440774,2.055403,2.666308,2.511904,2.568174
2.761823,1.883954,2.025309,2.723999,1.816650,2.849958,2.303305,2.646643,2.692101,2.160665,2.514321
2.626401,2.206092,1.611074,2.313815,1.816778,2.735123,2.647003,2.435767,2.552603,3.169240,2.836551
2.745181,2.234417,2.191148,2.230877,2.192369,2.604825,2.162753,2.604444,3.127692,2.282193,2.609947
2.504363,2.303141,1.768334,2.474678,2.437890,2.755546,2.744267,2.296558,2.859116,2.485430,2.346562
2.762281,2.342799,2.051268,2.323134,2.454285,2.485263,2.030581,3.056736,2.334452,2.763252,2.960019
2.857237,2.833791,2.152512,2.418300,1.816464,2.624165,2.313064,2.398840,2.020189,2.873242,2.632336
2.355902,2.940307,2.291365,2.740122,2.391426,2.561560,2.374099,2.837671,2.330866,2.528577,2.510236
2.730813,2.396629,2.749642,2.741979,1.899122,2.198904,2.080205,2.648689,2.676531,2.004965,2.821984
2.169751,2.761174,2.935913,3.074040,2.141704,3.051126,2.282480,3.288217,2.318179,3.009781,3.421901
2.482106,2.647710,1.615137,2.052450,2.673305,2.515667,2.401043,2.924523,2.958394,2.818062,3.166459
2.320845,2.350239,2.385243,2.140647,3.000334,2.949079,2.408966,3.455353,2.990905,2.488294,3.528922
2.936487,2.588759,2.344436,2.140400,3.083691,2.947072,2.963361,2.872304,2.659795,2.599648,2.346266
2.887769,2.634673,2.306680,2.765912,2.981913,3.414629,2.186439,2.372516,2.919087,3.064186,2.113168
2.853609,2.572373,2.364388,2.786682,2.860736,2.684162,2.278189,3.389154,3.179332,3.234772,2.633683
2.675536,2.575245,2.451593,2.435147,3.000290,3.257395,2.209599,3.354610,2.556625,2.756123,2.745770
2.950439,2.981590,2.837939,2.673144,2.567665,2.752070,2.595352,2.877526,2.588457,2.634670,3.541088
2.282624,2.886512,2.517368,2.834564,3.459676,3.094000,2.802275,3.000697,2.614882,2.780277,3.579539
2.671572,2.947281,2.634629,3.112303,2.791367,2.760079,3.418712,2.785932,2.479476,2.366287,3.858283
3.049827,3.115685,2.440236,2.584707,2.475503,2.493350,3.171708,2.589999,2.919732,2.852764,3.004525
2.705866,2.460600,3.642260,3.229715,2.510779,2.622141,2.531109,2.722630,3.392083,2.853084,3.344451
3.664953,3.192959,3.504277,3.611753,2.847689,3.307267,2.799351,2.703241,2.357580,3.249035,2.730545
3.398252,2.462774,2.777511,3.052651,2.878815,3.141380,2.522890,2.445879,2.984796,2.859904,3.312041
3.254764,3.360876,2.202699,2.947690,3.308366,3.168178,2.228319,2.520937,2.410509,3.055595,3.143075
2.899688,3.610172,2.568442,3.117895,2.892448,3.165562,2.666348,2.204830,2.858704,3.050534,3.092782
2.986237,3.301724,2.742559,3.048859,2.520044,2.502426,2.552982,2.777486,3.056711,2.943657,2.630617
3.299650,2.585357,3.413679,2.623272,2.968884,2.945906,2.808291,3.219898,3.464137,3.327785,3.224004
2.557408,2.963147,3.272812,2.553061,2.449636,2.806219,2.924359,2.799528,3.290085,4.029053,3.013171
3.483806,2.583038,2.924724,3.169670,2.682574,3.157125,2.690240,3.349403,3.161601,3.918698,3.349918
3.833109,3.003727,2.981814,2.974106,3.680470,2.762739,2.490518,2.637372,3.444025,3.624194,3.327199
3.127533,3.036659,3.324498,2.495837,3.565527,3.180019,2.867586,2.999905,3.130028,3.260297,3.104965
3.237283,3.380636,3.591232,3.150175,2.990423,2.451978,2.515261,3.152979,2.986070,4.417419,3.134970
3.420685,3.766059,3.315018,3.190826,3.286494,3.300485,3.104483,2.931115,3.033403,2.702862,3.036942
3.096542,2.859548,2.669634,2.401365,2.599207,3.035668,2.862276,3.368270,3.620836,3.375049,2.804040
3.289841,2.458306,3.705874,2.685330,2.462062,4.196027,3.476699,2.274000,2.933774,4.225414,3.424011
2.786509,3.656719,3.534281,3.562268,2.627513,4.079946,3.261199,3.135153,2.855640,3.369567,3.890632
3.445587,2.556903,2.645759,2.215638,2.817869,3.659993,3.398866,3.053514,3.476696,3.547207,3.581678
3.276417,2.904457,2.838153,3.385668,3.288669,3.645330,3.769791,3.142952,2.866414,3.687731,2.826284
3.623987,3.005470,2.501748,3.040288,3.556097,4.559154,5.022397,3.356561,3.217947,3.818767,2.924624
3.312508,3.373941,3.756657,3.070869,3.867509,3.321204,3.838356,3.106847,3.454797,3.192993,3.628601
2.570727,3.328990,3.891749,2.839588,3.477883,3.431084,3.674485,4.001857,3.873507,2.852727,3.283148
3.197005,3.430117,3.302893,3.469439,2.910968,3.593395,3.430114,3.541374,3.625214,3.292015,2.956147
1.944717,2.964673,3.037663,3.173402,3.434203,3.564447,3.601250,3.999813,3.292054,3.794963,3.255987
1.953287,3.148874,3.841304,3.933385,3.699618,3.364515,3.702215,4.677572,3.202859,3.277233,2.974772
2.906290,3.471612,3.653448,3.629818,3.279862,3.414716,3.047473,4.102759,3.517501,3.738239,2.685381
3.496552,3.621128,3.768048,3.034328,3.545049,3.231113,3.608070,3.830963,3.589018,3.716984,2.940908
3.042733,3.343042,3.742466,3.149658,2.667188,3.269279,2.469605,3.547047,2.504156,3.483885,3.281338
3.388133,2.781438,3.369950,3.475270,4.545600,2.290733,2.374932,3.456242,3.313474,3.858673,2.889696
3.458758,2.784416,3.152423,3.019877,3.498447,3.193836,2.769140,3.545760,3.095317,3.257552,3.306504
3.333175,3.511795,3.809346,3.331407,3.776229,3.002987,2.607026,3.015214,2.909944,3.649871,3.193175
3.455151,2.772974,3.352281,3.669386,3.766893,2.810246,3.801207,3.599417,3.530402,3.801351,2.726997
3.820240,3.523569,3.376045,3.357403,3.296292,3.713699,3.387564,2.889608,3.976854,3.283097,3.521395
3.628395,3.059019,4.001738,3.045577,3.558430,2.252936,4.119195,3.486074,3.450405,3.439539,3.302199
3.381372,3.201053,3.192414,3.091151,3.201418,3.279723,3.701709,2.352793,3.608838,3.713024,2.756634
4.251969,2.758647,3.580766,3.785427,3.932955,2.959514,3.315762,2.968584,3.372995,4.101295,2.894045
4.069878,3.807301,3.371430,3.563164,2.975933,3.437769,2.938250,3.743519,3.635827,3.738863,3.117686
3.873755,3.361396,3.559407,2.733079,3.107894,3.153946,4.425191,3.766395,2.988316,2.605775,3.117198
3.165612,3.158914,3.280203,3.050529,4.519564,3.893113,3.688417,2.999016,3.304182,3.489239,3.424487
3.330415,3.039754,3.270303,2.747611,3.657940,3.578542,3.224147,3.087795,4.106068,3.528834,3.247867
3.515871,4.266270,2.817481,3.503011,4.181174,3.914115,3.488116,3.111954,3.150519,3.227773,3.439088
3.692731,3.645301,2.864941,3.567138,3.680031,2.873631,3.585744,3.199693,3.677858,3.419616,3.925095
3.049449,3.460792,3.511061,3.592983,3.151564,3.485744,3.184786,3.656989,3.481443,2.788717,4.701255
3.788442,3.636392,3.494607,3.740600,3.053403,3.353371,3.594588,3.929472,3.119069,3.192283,4.107062
3.149457,3.074848,3.024836,3.617727,3.182424,3.799266,3.894574,4.155518,3.114772,3.302189,3.533321
3.305679,3.526975,2.983573,3.455498,3.199343,3.743192,4.131367,4.110034,2.804835,3.535702,4.448246
3.002530,3.837070,2.999082,3.266861,3.200108,3.100881,3.723227,3.721889,3.169437,3.937960,3.686459
3.160694,4.096510,3.343150,2.809281,3.137721,2.993307,3.279742,3.808277,3.341022,3.374057,3.508328
3.542558,3.577973,3.621819,3.409392,3.375106,3.129601,3.065754,3.596574,3.602708,3.300921,3.303899
3.846208,3.607053,3.537686,3.576028,3.392238,3.614738,3.753577,3.149341,2.519905,3.842396,3.075402
2.611166,2.989809,3.750973,3.074166,3.626083,3.324511,2.613750,4.041971,2.934251,2.436086,3.288927
3.261423,3.068014,3.521879,4.503196,4.296815,2.945034,3.144185,3.120030,2.897268,3.467026,2.860269
3.550207,3.405501,3.077186,3.712717,3.764556,3.425768,3.021961,3.437711,3.953095,4.039168,4.097769
2.601926,3.641727,3.797043,3.231499,2.941986,3.307295,3.376384,3.354937,3.571581,4.166663,4.023080
2.933599,2.959806,3.541756,3.866058,4.019314,3.824811,3.636338,3.694408,3.356959,4.435248,3.383857
3.308911,3.152219,3.589282,3.639783,3.524814,4.266752,3.860148,3.056157,3.593116,3.848930,3.313429
2.903596,3.160860,3.494544,2.503131,3.577930,3.037236,3.922591,2.967072,3.546146,3.787601,3.488956
3.294484,2.675437,3.855554,3.709290,3.885543,3.567579,3.668786,3.709436,2.823152,3.152275,4.202458
2.606513,2.536346,3.856697,3.164040,3.936455,3.504327,3.284517,3.203490,3.810922,3.767647,4.577925
3.390440,3.481675,3.153813,3.230031,3.599961,3.878396,3.750790,2.800900,3.985929,3.635952,2.808105
3.021667,3.709678,3.229106,3.707333,3.523575,3.083295,4.011012,2.769704,2.941361,3.273822,3.973338
3.686974,3.906844,3.624233,3.814468,3.923174,3.446433,3.176631,3.195447,2.946660,3.198724,3.699986
3.724826,2.512228,3.952617,2.676102,3.938926,3.716402,3.149634,2.886636,3.455093,3.990144,2.980982
3.052131,2.520570,2.958055,3.713220,2.892320,4.002827,3.670025,3.295774,3.906624,4.078256,3.081046
2.407979,3.360479,2.894945,3.161387,3.705257,3.775737,3.475876,2.443405,3.483964,3.680255,3.062013
2.716260,3.854883,3.296349,3.517720,3.165696,2.528387,4.182172,3.819513,4.038574,3.529797,2.976576
3.105977,3.806743,2.944063,3.000550,2.877938,3.727996,3.213503,3.539014,4.314486,3.749702,3.216979
3.908424,2.926076,3.377202,3.733378,3.184163,2.999198,3.412951,3.029898,3.080375,4.096766,3.454561
3.505000,3.767082,3.264820,3.874674,2.850214,2.973568,3.194041,3.725331,3.230690,3.867448,3.604527
3.378278,2.563147,3.536434,3.424972,2.825824,3.385437,2.996355,2.627145,2.751333,3.266100,2.760458
3.406048,3.024663,2.787403,3.047667,3.514389,2.904399,3.291562,3.735960,2.994620,3.330280,2.698204
3.599013,3.172841,3.307627,3.261924,3.577196,2.917509,3.854938,2.637971,2.834868,3.410989,3.623829
2.644673,3.011347,2.752477,3.129919,3.756879,3.242573,2.844977,3.354154,2.686991,2.772038,3.294320
3.629191,3.253645,3.569280,3.092503,3.716928,3.189337,3.083987,3.579852,2.853141,3.278189,3.096082
3.336751,3.701032,3.708803,2.247528,3.480694,3.271387,2.933261,3.763800,3.460678,3.305901,3.297922
3.338101,3.066226,3.088117,3.119362,3.280680,3.278875,3.073425,3.729954,3.469753,2.882629,3.467763
3.107750,2.852067,2.892327,2.619112,3.367937,3.054297,3.369575,3.642592,3.468581,4.089972,3.232055
3.324190,2.405133,3.338107,2.605826,3.626810,3.367958,3.277401,3.446631,3.408976,3.560578,3.065028
2.576313,3.118536,2.799794,2.675957,3.186881,2.633695,3.113892,3.771095,3.313894,3.488024,2.808858
2.624455,3.535108,2.788606,2.279605,2.708210,3.215733,3.657729,3.251403,3.201700,2.655052,3.882184
2.864268,3.702527,2.563042,3.097972,2.520952,2.966473,3.556420,3.157042,3.258178,2.699486,3.771928
3.094333,2.980599,2.672134,3.324540,3.465622,3.081303,2.926505,2.799581,3.414909,3.026922,3.369617
3.413644,2.640741,3.016599,3.526369,3.229036,3.266310,3.114709,3.064901,3.219543,3.353751,3.390325
3.337019,2.939031,2.954941,2.585557,2.596098,2.790452,3.672178,2.969092,3.054138,2.934164,3.291121
2.943069,2.915538,2.849071,3.026247,3.068905,2.804976,3.486205,3.414604,3.524896,2.962554,3.467744
2.764317,2.922126,3.145829,3.535595,2.974036,2.792718,2.880334,3.455114,3.583700,2.423288,4.135073
3.006174,3.254767,2.782858,3.998822,3.068448,2.842645,3.265069,2.760816,3.093405,2.413482,3.310930
2.091476,2.738483,3.278199,3.088564,3.372546,3.504423,4.072019,3.589776,2.888779,2.617294,3.295633
2.753225,2.980449,3.461854,2.777669,2.943898,3.003079,3.669053,3.241220,3.116560,2.850901,2.675171
2.395180,2.306605,2.787555,2.705630,2.759769,2.299257,3.190845,2.883084,2.814418,3.038414,2.633247
2.071340,2.541778,3.105297,3.242359,2.503487,3.270546,3.336069,2.819926,3.339622,2.482621,3.144339
2.471371,3.473633,2.800896,2.607297,2.862786,2.732499,2.857510,2.959870,3.141508,2.411481,2.512777
2.125319,3.094011,2.732268,3.113198,2.795191,2.934545,2.873965,3.012382,2.789462,3.627793,2.440615
2.321172,3.080687,2.418089,2.773364,2.678276,2.587123,2.768577,2.830451,2.569766,3.113192,2.327732
2.683758,3.416428,2.335149,2.948384,3.007177,2.317828,2.587570,3.567869,2.479296,2.755280,2.324534
2.968767,3.309402,2.861252,2.726022,2.245312,2.647183,2.764051,2.676799,3.150947,2.868217,2.138867
3.038337,2.998809,3.046977,2.795171,2.654804,2.180604,3.054701,3.003267,1.897571,2.629630,2.758230
3.204499,3.045127,3.025739,2.554616,2.770526,2.602345,3.099928,2.847977,2.026174,2.773581,2.817785
2.362223,2.500890,3.102025,2.688338,2.884840,2.172342,3.109335,2.647665,2.169721,2.824732,2.331288
3.153469,2.237463,2.802448,2.790962,2.519787,2.160636,3.083822,2.835296,2.189690,2.416085,2.193751
2.161296,2.233771,2.608473,3.031443,2.325279,2.640125,2.506621,2.029889,3.288161,2.333041,2.364037
2.723035,1.862237,2.166811,2.229907,2.323816,2.046145,3.187472,2.209133,2.932156,2.205505,2.388048
2.554298,2.353037,2.552561,2.240163,2.705933,2.226424,2.589802,2.447520,2.785112,2.931822,2.777221
2.706344,2.971157,2.790239,3.201647,2.118478,2.268341,2.577417,2.460282,2.984890,2.597135,2.581410
2.785525,2.756219,2.762630,3.583206,2.790897,2.055409,2.331342,2.666066,2.632577,2.978571,2.578612
2.517141,3.151209,2.728041,2.596871,2.932488,2.550912,2.374865,2.517247,2.195771,2.639213,2.795858
2.122158,3.214934,2.388346,2.580372,2.721494,2.571605,2.936020,2.417774,2.460158,2.543954,2.939792
2.856629,2.677446,2.401694,2.397833,2.392145,2.748614,2.444605,2.807881,2.854859,3.386769,2.447912
2.701609,2.441854,2.693085,2.270104,2.862310,2.746362,2.113154,2.645902,2.345438,2.500972,2.188026
2.424067,2.764226,2.383871,2.594452,2.771544,2.157733,2.341095,2.785176,1.886675,3.002714,2.046503
2.610114,2.691582,2.222638,2.810715,2.571015,2.510974,1.826315,2.147071,2.554239,2.659783,2.508329
2.727664,3.016734,2.125832,2.867184,2.199956,2.257136,2.103259,2.341712,2.427957,2.740075,2.796461
2.558886,2.082833,1.966027,2.413031,2.285732,2.086791,2.456792,2.027963,2.494014,2.138550,2.787849
2.462092,2.183880,2.250560,2.399863,2.357585,2.056039,2.541862,2.213703,2.709694,2.219275,2.619195
2.591276,2.170205,1.873068,2.329904,2.566654,2.043199,2.390322,2.964130,2.771518,2.341676,2.831464
2.388633,2.352525,1.687096,2.325978,2.046655,2.326171,2.141328,2.351650,2.371913,2.879263,2.596395
2.190703,2.177703,1.943122,2.082748,2.224022,2.456636,2.339716,2.051203,1.933836,2.920419,3.091773
2.337562,2.236995,1.958820,2.841760,2.603246,1.753847,2.467536,2.236972,2.578322,2.362719,2.755838
2.699433,2.259648,2.124134,2.341797,2.539801,2.008197,2.370689,2.302444,2.240702,2.865904,2.216914
2.487750,2.254506,1.457217,2.403659,2.272626,2.364881,2.487725,2.026767,2.297328,2.391864,2.126457
2.079700,2.436611,1.682649,2.591793,2.072573,1.773316,2.807433,2.043443,2.006130,2.474976,2.093846
2.585704,2.668192,1.892059,2.212018,2.417160,2.327503,2.008862,1.807361,2.379286,2.275998,2.129763
1.846286,2.326414,1.795062,1.684739,2.112472,2.321040,2.391871,1.739948,1.881374,2.249789,1.746079
2.336256,2.332121,2.363226,1.677586,2.418266,2.053702,2.001290,1.575772,2.559558,1.554689,1.653404
1.853707,2.892559,1.864933,1.807825,2.120204,1.799975,2.135270,1.872093,2.205674,2.084393,1.994148
1.936609,2.223866,1.909025,2.349308,1.919664,1.453218,1.993824,1.984637,2.136454,1.608838,2.209806
2.103759,2.219750,1.619681,2.048442,2.166349,1.711091,1.948552,2.242130,2.658312,1.634351,1.922425
2.066292,2.274181,1.773330,1.728226,1.566715,1.615982,1.888651,2.109437,2.272320,1.661984,2.081443
2.053097,1.932869,1.822918,1.885857,1.654448,2.013298,2.092481,1.931651,1.934366,2.235701,1.680281
2.171380,1.910759,2.101216,1.874489,1.820068,1.667224,1.938387,1.660098,2.399011,1.600834,2.044556
1.720655,1.593428,1.925807,2.005477,1.898096,1.777284,2.151527,2.315082,2.377967,1.372086,1.727634
1.968272,1.866888,1.915094,1.952539,2.666087,1.996672,1.785254,2.261876,2.117774,1.742556,1.565143
2.042981,2.050242,1.709763,2.143891,1.872930,1.981097,1.573554,2.134765,2.104522,1.677761,1.759024
2.144961,1.756251,1.914795,1.953988,1.724218,1.766111,1.560567,2.000344,1.894849,1.749539,1.905243
2.065540,2.128428,2.110207,2.172223,1.831470,1.324540,1.668030,1.787480,1.923147,1.395894,1.812835
1.551328,1.729433,2.209651,1.794993,1.369393,1.505747,2.068631,1.390431,2.081385,1.418750,1.782011
1.647235,2.189457,1.613610,1.674578,1.396182,1.447385,2.065670,1.829860,1.818492,1.564929,1.652196
1.847447,1.841325,1.645777,1.516198,1.502112,2.168650,1.745334,1.860753,2.032018,1.641379,1.611742
1.470783,1.692505,1.613170,1.383782,1.622924,1.810902,1.489664,1.408467,1.684325,1.622051,1.861355
1.809015,1.718824,1.485634,1.583384,1.389503,1.856347,1.418683,1.840173,1.699235,1.677636,1.465972
1.596814,1.770066,1.551642,1.391177,1.376010,1.793848,1.707711,1.842502,1.713913,1.371990,1.424238
1.795179,1.603994,1.692963,1.285236,1.173106,1.689232,1.648256,1.823783,2.088504,1.694355,1.555785
1.239843,1.844438,1.631908,1.248743,1.712968,1.690237,1.560942,1.448971,1.709924,1.211031,1.628831
1.305205,1.676087,1.282539,1.615061,1.456399,1.432648,1.596473,1.498503,1.271455,1.756551,1.598460
1.707499,1.505542,1.097710,1.461970,1.360910,1.480581,1.379709,1.278204,1.330608,1.615785,1.371701
1.640671,1.631567,1.171566,1.416718,1.597959,1.580523,1.631001,1.602808,1.654755,1.089895,1.467594
1.360772,1.390148,1.173991,1.181304,1.523090,1.294560,1.102493,1.347266,1.457027,1.612618,1.329784
1.515621,1.439064,1.338888,1.291588,1.133561,1.402097,1.300949,1.395036,1.149865,1.348669,1.615070
1.584049,1.173638,1.418732,1.494584,1.540830,1.606817,1.380062,1.180208,1.363867,1.086232,1.787038
1.113333,1.102859,1.310421,1.296446,1.316392,1.368186,1.442536,1.145091,1.147626,1.442402,1.610230
1.497707,1.302726,1.116186,1.588365,1.488203,1.533872,1.194532,0.984157,0.999153,1.431544,1.197006
1.240358,1.183536,0.942160,1.506345,1.569281,1.262033,1.213393,1.293502,1.109176,1.418854,1.636062
1.428491,1.180864,0.999578,1.409134,1.117641,1.041004,1.295461,0.919506,1.171624,1.198360,1.153859
1.249876,1.064014,1.130042,1.532269,1.477261,1.140915,1.445058,1.066261,1.187417,1.317005,1.337134
1.204242,1.125937,1.207704,1.338955,1.324083,1.161206,1.516890,0.889693,1.032158,1.511082,1.237393
1.040953,1.176100,1.210137,1.423591,1.304025,1.192501,1.260102,1.114451,1.378880,1.205052,1.549467
1.365910,1.051876,1.550110,1.109201,1.384282,0.908305,1.314026,1.286451,1.285772,1.144944,1.270730
1.368153,0.834558,1.299177,1.238457,1.100972,1.095024,1.353098,1.254482,1.083047,1.193426,1.293715
1.096245,1.122736,1.220679,0.892521,1.086416,1.216661,1.171365,1.000635,1.151746,1.072548,1.029982
1.328334,0.919093,1.128595,1.045139,1.272978,1.157069,1.314652,1.257329,1.132156,1.289448,1.118960
1.276686,0.845607,1.108761,1.167457,1.231374,1.143606,1.184992,1.108104,1.149563,1.284912,0.893205
1.128463,0.863199,1.014356,1.019494,1.115693,1.077364,1.092568,0.907274,0.921016,0.952794,1.082834
1.101503,1.070096,1.085580,0.774040,1.381681,0.933916,0.874632,1.017001,1.152791,0.949676,0.794418
1.060844,0.862819,1.184757,0.947951,1.289970,0.912287,0.718705,0.912158,1.085328,1.092799,0.831006
0.994735,1.035886,0.911318,0.848548,1.142595,0.884184,0.846613,1.000521,1.085601,0.910226,0.973366
0.942490,0.652860,0.905194,1.009598,0.850191,0.994273,1.031669,1.140266,1.100106,1.120124,0.952263
0.802636,0.793564,0.830423,0.969396,0.732707,1.027230,0.900746,0.826550,0.710718,1.096294,0.852751
0.982304,0.824296,1.035671,0.852381,0.843452,0.872873,1.058215,0.934294,0.766902,0.839004,0.717139
0.836186,0.829629,1.079724,0.843562,0.934056,0.818483,1.154249,0.966743,1.085951,0.801949,0.967873
1.235512,0.879367,1.001385,0.907950,0.859863,0.841967,1.012223,0.894269,0.964175,0.745968,0.967441
1.172389,1.059381,0.963625,0.946378,0.763025,0.860720,0.913322,0.908019,1.100934,0.739958,0.838720
0.749262,1.076397,1.042356,0.655202,0.905801,0.994028,0.900746,0.844770,0.792046,0.761192,0.849500
0.778888,0.724599,0.720239,0.721756,0.991672,0.900263,1.220172,0.965383,0.762338,0.878941,0.807409
0.545932,0.944588,0.716623,0.678747,0.765138,0.969902,1.093208,0.935159,0.800485,0.808696,0.700340
0.732599,0.697863,0.654675,0.757451,0.793484,0.949011,0.872457,0.633247,0.864062,0.848306,0.857492
0.885310,0.759435,0.821910,0.866557,0.701254,0.661436,0.996169,0.566130,0.806103,0.923497,0.796317
0.825914,0.835684,0.875413,0.682561,0.823274,0.603725,0.822329,0.701801,0.902928,0.827023,0.677029
0.789695,0.636702,0.963973,0.722532,0.716625,0.585771,0.674440,0.820724,0.965975,0.784184,0.683643
0.923977,0.775602,0.888695,0.735313,0.575315,0.664482,0.934199,0.928628,0.847117,0.853765,0.804996
0.908624,0.676855,0.851682,0.844599,0.646226,0.691507,0.711147,0.783076,0.883911,0.816352,0.784578
0.987030,0.774708,1.026159,0.821994,0.778362,0.494683,0.767269,0.692091,0.818604,0.642680,0.736642
0.804167,0.785920,0.827396,0.820081,0.755575,0.757047,0.745028,0.636102,0.908275,0.735470,0.767024
0.848135,0.543493,0.732754,0.835753,0.629760,0.650678,0.639729,0.635874,0.665520,0.844295,0.774033
0.823642,0.574266,0.611874,0.688598,0.864406,0.539173,0.553907,0.598034,0.777541,0.861244,0.656839
0.600739,0.671167,0.690557,0.514544,0.849679,0.754326,0.613741,0.449177,0.605914,0.838340,0.555473
0.842819,0.608699,0.695427,0.592027,0.759197,0.714078,0.393604,0.583765,0.777147,0.714196,0.618346
0.753386,0.605685,0.789198,0.510675,0.618649,0.496553,0.487340,0.761245,0.744310,0.676188,0.534722
0.782230,0.638685,0.689333,0.522492,0.679209,0.573028,0.479891,0.622754,0.800231,0.634751,0.609278
0.700974,0.532286,0.500004,0.593401,0.493532,0.704993,0.619661,0.636616,0.572685,0.525294,0.566957
0.612515,0.685815,0.503310,0.606266,0.699128,0.621075,0.668907,0.632149,0.789219,0.567912,0.623237
0.592047,0.674776,0.579224,0.740154,0.551675,0.636085,0.667094,0.517637,0.656069,0.762182,0.605271
0.456270,0.779302,0.560117,0.849772,0.477483,0.518501,0.605458,0.671342,0.666558,0.555533,0.432554
0.647357,0.610809,0.621526,0.711654,0.552070,0.502661,0.624772,0.632805,0.591856,0.464810,0.644221
0.498646,0.613091,0.644287,0.520611,0.585210,0.578098,0.662202,0.515753,0.645968,0.559215,0.562010
0.678948,0.561982,0.408849,0.514975,0.418440,0.521103,0.476392,0.501424,0.602116,0.650871,0.525309
0.491630,0.667010,0.409723,0.561437,0.526809,0.618237,0.604000,0.429709,0.702396,0.496315,0.548227
0.536040,0.710050,0.505470,0.576712,0.681107,0.608791,0.674755,0.471041,0.653012,0.671255,0.712634
0.532665,0.793152,0.590533,0.558934,0.658093,0.512085,0.582730,0.509792,0.593249,0.645339,0.656354
0.549794,0.654367,0.547191,0.794157,0.655423,0.510803,0.486463,0.579774,0.542662,0.540793,0.655955
0.605293,0.531343,0.600120,0.513634,0.702032,0.403053,0.457214,0.556626,0.643480,0.570716,0.618351
0.717061,0.563732,0.468844,0.625253,0.660150,0.487833,0.589319,0.464196,0.572114,0.663338,0.778348
0.734582,0.596172,0.677585,0.625765,0.614998,0.418930,0.793975,0.489788,0.432985,0.540005,0.507426
0.640339,0.513956,0.517455,0.475992,0.637478,0.422746,0.537563,0.457776,0.646058,0.655341,0.634277
0.565785,0.579735,0.510062,0.442738,0.503595,0.495871,0.521375,0.564691,0.544009,0.613254,0.701679
0.566903,0.501072,0.578438,0.457542,0.466967,0.466774,0.592603,0.543350,0.570430,0.570487,0.586645
0.501345,0.659484,0.521904,0.427940,0.607872,0.358516,0.534159,0.529242,0.410993,0.471928,0.533980
0.538187,0.544870,0.473754,0.513275,0.564609,0.432018,0.522713,0.649699,0.453509,0.490881,0.460606
0.625958,0.443789,0.568347,0.584398,0.366200,0.501924,0.455212,0.562576,0.344323,0.651414,0.471399
0.509757,0.460683,0.511837,0.530736,0.529097,0.406438,0.497786,0.494458,0.443283,0.633742,0.356000
0.555357,0.399103,0.500840,0.527931,0.522587,0.395647,0.598090,0.461382,0.519330,0.496343,0.478429
0.439994,0.469175,0.473671,0.556683,0.451682,0.347875,0.500047,0.471840,0.460084,0.499699,0.338238
0.423697,0.344007,0.445246,0.544224,0.377044,0.362745,0.334377,0.553485,0.532266,0.408722,0.434053
0.508711,0.436511,0.451100,0.577771,0.427338,0.338678,0.341859,0.487056,0.537587,0.376564,0.512135
0.581563,0.461813,0.326936,0.573642,0.481939,0.448743,0.440602,0.516754,0.536706,0.396820,0.393369
0.636361,0.559029,0.348138,0.726794,0.392836,0.548808,0.431827,0.517559,0.488310,0.332748,0.488749
0.469647,0.552644,0.390637,0.519664,0.400574,0.390005,0.543165,0.398439,0.332693,0.361335,0.469856
0.457911,0.458853,0.492174,0.498673,0.487790,0.493849,0.424300,0.484033,0.394046,0.369117,0.343154
0.408410,0.343932,0.411206,0.504899,0.470112,0.449659,0.399221,0.412928,0.378701,0.433292,0.465568
0.484751,0.378520,0.396189,0.495446,0.527085,0.407506,0.442211,0.560579,0.339629,0.372941,0.409884
0.373352,0.397096,0.418409,0.475526,0.473170,0.408381,0.429719,0.438458,0.480454,0.482930,0.294430
0.474223,0.414115,0.434042,0.616229,0.516923,0.574893,0.366152,0.453933,0.439864,0.402542,0.368934
0.528580,0.507330,0.409432,0.392676,0.501884,0.532774,0.404618,0.522732,0.390383,0.541893,0.395806
0.537249,0.425697,0.462736,0.424082,0.445890,0.471452,0.446753,0.357635,0.466294,0.501465,0.365743
0.512752,0.239894,0.560210,0.584405,0.469591,0.441844,0.445470,0.530327,0.530714,0.556208,0.461893
0.467491,0.324806,0.430152,0.527399,0.511527,0.424501,0.380267,0.515772,0.535950,0.448643,0.371285
0.439550,0.332016,0.443332,0.530359,0.446351,0.460905,0.427362,0.484900,0.421407,0.527632,0.427340
0.466266,0.380571,0.466000,0.528497,0.378163,0.588889,0.410550,0.471948,0.390437,0.388023,0.431733
0.386141,0.420034,0.445226,0.448180,0.429779,0.479904,0.393930,0.453729,0.328553,0.412181,0.535116
0.480126,0.537586,0.362060,0.475621,0.500760,0.603462,0.332776,0.393895,0.387073,0.460619,0.449342
0.370970,0.550297,0.510615,0.401682,0.439444,0.442772,0.473891,0.421352,0.349425,0.433356,0.342026
0.431830,0.414687,0.451662,0.333748,0.423935,0.464947,0.455252,0.373119,0.387255,0.471721,0.466626
0.561801,0.545011,0.474738,0.322323,0.371068,0.433627,0.542050,0.470275,0.478913,0.391702,0.577254
0.418832,0.477514,0.452578,0.338263,0.375517,0.352305,0.476033,0.444262,0.404788,0.388210,0.658720
0.396743,0.528799,0.480579,0.365985,0.390422,0.405919,0.452649,0.525433,0.409882,0.443949,0.601531
0.451133,0.544207,0.374159,0.336783,0.394713,0.535309,0.456848,0.543451,0.343210,0.384616,0.545618
0.469664,0.409206,0.480138,0.258325,0.514717,0.465283,0.386014,0.630174,0.327844,0.429843,0.630652
0.555103,0.421751,0.504259,0.268279,0.454765,0.560956,0.497710,0.495032,0.483474,0.316780,0.569146
0.530580,0.409179,0.382496,0.461800,0.536857,0.368832,0.381825,0.640770,0.426712,0.477638,0.561612
0.458723,0.402081,0.448807,0.387705,0.454422,0.382833,0.505654,0.641156,0.502681,0.400370,0.486754
0.530147,0.314134,0.602712,0.491933,0.399974,0.362615,0.566425,0.490334,0.605765,0.525024,0.448803
0.530240,0.490042,0.534105,0.468292,0.481482,0.457116,0.483603,0.470093,0.428819,0.492758,0.318046
0.366175,0.460756,0.320243,0.477637,0.396288,0.433635,0.492403,0.579628,0.404524,0.475005,0.455254
0.392242,0.497479,0.459277,0.441858,0.534072,0.625225,0.455930,0.514741,0.571545,0.529185,0.387066
0.460129,0.421831,0.457462,0.410374,0.413015,0.482934,0.504065,0.507195,0.464451,0.351474,0.576618
0.568969,0.493266,0.501712,0.400185,0.347595,0.553945,0.357548,0.547688,0.375072,0.561348,0.661472
0.543729,0.553637,0.346896,0.391660,0.535988,0.450267,0.406501,0.362448,0.410888,0.517003,0.571041
0.497008,0.553281,0.418219,0.325379,0.625742,0.578870,0.386739,0.508431,0.557565,0.445548,0.645835
0.718339,0.518036,0.512647,0.296498,0.596189,0.506231,0.526166,0.478978,0.491581,0.352959,0.699326
0.618124,0.541333,0.455276,0.502060,0.571511,0.557684,0.473837,0.498623,0.559288,0.464361,0.544997
0.548513,0.598404,0.469131,0.486504,0.765534,0.478635,0.531256,0.505731,0.533897,0.480355,0.658460
0.589409,0.545021,0.546331,0.499188,0.583889,0.536396,0.580009,0.467373,0.581782,0.464489,0.528867
0.583311,0.483003,0.687601,0.436925,0.621925,0.425931,0.446584,0.694355,0.469696,0.348834,0.546013
0.529964,0.632148,0.549351,0.358249,0.550479,0.627288,0.529925,0.628088,0.484587,0.547912,0.603537
0.508461,0.546325,0.583208,0.326869,0.574785,0.590031,0.480830,0.550730,0.613820,0.597076,0.553380
0.486685,0.494852,0.509142,0.531440,0.617798,0.540625,0.429799,0.639107,0.502405,0.535307,0.505630
0.704555,0.548236,0.606228,0.532433,0.542907,0.439935,0.499379,0.578822,0.512098,0.592600,0.518504
0.646027,0.733163,0.470101,0.760111,0.507761,0.430277,0.542641,0.449762,0.468575,0.506581,0.547997
0.569142,0.604788,0.541241,0.518533,0.634944,0.433945,0.627174,0.620648,0.479914,0.431033,0.505762
0.579060,0.656888,0.576524,0.626912,0.440736,0.488111,0.649616,0.638694,0.545292,0.531179,0.465715
0.708946,0.670146,0.411573,0.466285,0.684732,0.401290,0.525011,0.682135,0.634306,0.578294,0.712803
0.624910,0.509927,0.485321,0.594870,0.469523,0.428431,0.635456,0.555691,0.671010,0.549821,0.482848
0.418114,0.666660,0.588568,0.576463,0.491627,0.512336,0.680972,0.724920,0.676376,0.750944,0.608822
0.505534,0.521430,0.431646,0.548893,0.351724,0.514521,0.539994,0.751258,0.683722,0.790182,0.595475
0.562846,0.674568,0.515407,0.667592,0.560548,0.728907,0.796055,0.672991,0.523221,0.696973,0.487647
0.638589,0.564056,0.609499,0.687478,0.656385,0.738789,0.654586,0.624236,0.576758,0.746031,0.582376
0.689196,0.545846,0.640699,0.661811,0.645546,0.652439,0.624442,0.375024,0.638249,0.809193,0.611342
0.635440,0.531664,0.628390,0.803355,0.647631,0.505580,0.689489,0.618487,0.602656,0.578032,0.624213
0.518553,0.704953,0.632154,0.742390,0.760865,0.809765,0.794377,0.620299,0.542794,0.604033,0.644903
0.679568,0.672487,0.765065,0.749037,0.774386,0.596677,0.798760,0.551994,0.702333,0.576926,0.652464
0.829907,0.696617,0.709752,0.792145,0.794338,0.510312,0.730214,0.690679,0.634793,0.713958,0.570423
0.773145,0.835492,0.716816,0.703582,0.885002,0.689491,0.756345,0.697131,0.656871,0.529533,0.910009
0.723795,0.620096,0.901658,0.536693,0.894425,0.605003,0.540799,0.656974,0.559655,0.731272,0.786539
0.793982,0.511942,0.543344,0.542143,0.650083,0.691627,0.772875,0.739245,0.697953,0.576401,0.730996
0.702603,0.497548,0.675001,0.587609,0.833115,0.750119,0.778932,0.777313,0.438704,0.743745,0.767658
0.594799,0.418024,0.543063,0.612263,0.937983,0.843828,0.611081,0.752928,0.782230,0.845988,0.704030
0.903480,0.648013,0.745241,0.744355,0.892428,0.836604,0.867132,0.802255,0.809834,0.982601,0.837016
0.650698,0.700230,0.792331,0.818681,0.889033,0.641577,0.799655,0.577540,0.843523,0.726055,0.592738
0.824128,0.705650,0.701287,0.864774,1.020876,0.766734,0.775235,0.649463,0.678868,0.690803,0.655149
0.681031,0.834927,0.830132,0.929554,1.083833,0.884819,0.612418,0.645742,0.944948,1.042475,0.611819
0.718407,0.901314,0.858916,0.782791,0.858176,0.914008,0.635897,0.649837,0.755378,0.808305,0.635100
0.817354,0.829012,0.961868,0.819139,0.881932,0.903738,0.689783,0.791019,0.834506,0.816998,0.730195
0.679966,0.810222,0.963297,0.621227,0.962378,0.810259,0.571350,0.675430,0.832084,0.700828,0.717494
0.819804,0.883425,1.159823,0.693258,0.819647,0.841156,0.800483,0.886876,0.960277,0.742297,0.943734
0.832639,0.885429,1.032429,0.942408,1.153699,0.936807,1.039632,0.963775,0.746952,0.812002,1.153658
0.980365,0.966432,0.928769,0.809979,0.931188,0.999072,0.979367,0.832994,0.901846,0.500111,0.909369
1.094071,0.699619,0.872543,0.920446,0.851195,0.881086,0.900945,0.987272,0.978753,0.529730,1.121207
0.769290,0.682891,0.931695,1.066915,0.924057,0.679410,1.030329,0.850030,0.888027,0.585528,1.267587
0.980555,0.914902,0.966832,0.831012,0.642886,1.259559,1.078864,1.072231,1.098537,0.832282,1.119177
1.128100,0.948243,0.863760,1.117792,0.817534,0.990963,1.266451,0.939318,0.845693,0.617306,1.154370
1.160623,1.022757,1.141024,0.930416,1.045803,1.123776,1.376577,0.791514,0.985837,0.985011,1.050724
1.077313,1.185382,1.044453,0.864869,0.879615,1.248273,0.884589,1.253921,0.921329,0.931078,0.944616
1.143716,1.092395,0.907302,0.927872,1.038623,0.946549,1.084534,0.712451,1.016560,1.221072,0.931581
0.818749,1.120352,1.212934,0.965913,1.279462,1.039789,1.085912,1.136788,1.147608,1.012810,1.110077
0.830038,1.194576,0.960137,1.039768,0.748519,1.202849,1.262737,1.233604,1.233498,1.170808,0.909132
0.858610,1.723929,1.284480,0.988185,1.050986,1.164679,1.133528,1.018621,1.157879,0.941985,1.585457
1.304535,1.792465,1.273904,1.072727,0.820116,1.092039,0.970922,1.086423,1.063746,1.339079,1.457357
1.157117,1.115943,1.102461,1.130666,0.927833,1.064911,1.017715,1.212171,1.018823,1.382285,1.654816
1.533938,1.128879,1.313006,1.444255,0.991578,1.387470,1.190445,0.955482,0.878932,1.255823,1.090691
1.305523,1.147669,1.434490,1.354186,1.064280,1.191934,1.218941,1.105927,1.023198,1.099264,0.814065
1.380198,1.509098,1.680479,1.545468,0.965158,1.291266,0.976736,1.033406,1.317148,1.067679,1.117276
1.412774,1.169943,1.470895,1.437146,1.094965,1.140485,1.101795,0.888593,1.203841,0.888654,1.140290
1.182089,1.323862,1.284463,1.161555,1.247115,1.377674,1.098202,1.317192,1.393888,1.003353,1.065005
0.918815,1.208511,1.185057,1.213714,1.178193,1.202995,0.974133,1.533948,1.103507,1.242614,1.085390
0.909200,1.326703,1.295222,1.108009,1.512365,1.028606,1.211843,1.293966,1.390555,1.272579,1.184929
1.185911,1.387980,1.347453,1.332723,1.589470,1.195016,1.168373,1.129054,1.327810,1.091691,1.122160
1.240385,1.526039,1.522913,1.394765,1.310698,1.555140,1.236415,1.307986,0.942500,1.061591,1.045588
1.265507,1.318149,1.688742,1.519266,1.433931,1.410541,1.291680,1.395349,0.950482,1.299118,1.456099
1.171400,1.029245,1.637243,1.642135,1.028340,1.341950,1.285227,1.505750,1.377226,1.093961,1.568043
1.392192,1.528677,1.204120,1.529091,1.426715,1.648304,1.472698,1.331078,1.179476,1.215524,1.116578
1.482568,1.033435,1.350760,1.391023,1.357004,1.146289,1.479642,1.617897,1.211188,1.436013,0.988358
1.863948,1.409209,0.994603,1.464649,1.357352,1.287207,1.469506,1.382995,1.221403,1.413865,0.914896
1.952255,0.930454,1.326800,1.690132,1.388123,1.748851,1.358244,1.544187,1.435735,1.780155,1.236125
1.547428,1.439972,1.442206,1.385895,1.425365,1.183803,1.426150,1.434762,1.494128,1.571749,1.232039
1.634704,1.511917,1.237643,1.659294,1.595266,1.809449,1.143770,1.635941,1.733766,1.654246,1.472194
1.852155,1.531256,1.827374,1.517387,1.163059,1.444621,1.355024,1.638938,1.634835,1.477434,1.351656
1.941209,1.521622,1.836200,1.460935,1.768669,1.251686,1.516768,1.571468,1.776074,1.850353,1.564787
1.611201,1.847208,1.576991,1.388403,1.218301,1.260549,1.545177,1.204379,1.535419,1.495526,1.928986
1.445281,1.456664,2.032474,1.316448,1.870787,1.036547,1.775612,1.496909,1.446385,1.494524,2.177507
1.425657,1.693905,1.822179,1.198945,2.069190,1.462457,1.569979,1.670040,2.046143,1.715315,1.983978
1.473166,2.096707,1.546838,1.478633,1.586303,1.287928,1.372057,1.397089,1.845239,2.138407,1.903336
1.807940,1.820692,2.236659,1.340948,1.335967,1.131696,1.180238,1.081263,1.973296,1.719011,1.695191
1.966162,1.240579,2.332836,1.970310,2.063261,1.576305,1.443223,1.297390,1.816317,2.002485,1.717219
1.761733,1.621524,2.202653,1.743703,1.732086,1.657521,1.361836,1.617953,1.527826,2.156834,1.613825
1.500476,1.705298,2.030353,1.979206,1.627808,1.607517,1.406498,1.732180,1.601909,2.003582,1.681599
1.686741,1.540039,1.912170,2.073006,1.905774,1.630511,1.494117,1.865852,1.474851,1.733992,1.796694
1.521112,1.327587,2.159040,1.940119,1.829364,1.698364,1.752200,2.008063,2.081206,1.786239,1.524410
1.650180,1.814755,2.011085,1.815542,1.681327,1.575067,1.833635,1.734360,1.963980,2.186544,1.619594
1.816386,1.405390,1.970948,1.936599,1.435267,1.655928,1.527021,1.526169,1.943370,2.218785,1.734225
2.100839,1.569327,1.960742,1.848115,1.773834,2.011322,1.386226,2.062178,1.565896,2.438828,1.605503
2.161043,1.880118,1.712644,1.968473,1.799870,2.137820,1.713935,1.850706,1.732526,1.601248,2.121225
2.120608,2.140411,1.900886,2.279981,1.607699,2.328368,1.719477,1.799621,2.233004,1.633089,1.493421
2.500522,1.809820,2.022182,2.108797,1.754613,2.535117,2.027303,1.881188,1.538312,1.658445,1.943227
2.641485,1.830350,2.390703,2.158074,1.774838,2.317877,2.087534,1.904683,1.862274,1.796142,2.073116
2.541382,2.128108,2.160074,2.800284,2.100775,1.803409,2.298297,1.705794,1.726744,1.526942,1.836923
2.050336,2.273792,2.451556,2.245258,1.848748,1.898460,1.720591,1.995664,1.662256,1.773525,1.870677
1.666190,2.682077,2.327209,2.467504,1.577211,1.617940,1.891304,1.842252,2.054762,1.881512,2.046782
1.688645,2.125088,2.089305,1.931258,1.990318,1.778658,2.019074,2.302036,1.986057,1.996084,2.304847
2.331124,2.239537,2.093541,2.185496,1.915172,2.047400,2.105595,2.524383,1.844237,1.868516,2.373593
2.270399,2.328368,2.374738,2.762642,1.990273,2.658243,2.265362,2.366628,2.061760,2.362634,2.387945
2.200680,2.147813,2.569258,2.570421,2.398330,2.100739,2.331542,2.694145,2.106576,1.938700,1.982375
2.970427,1.880160,2.557519,2.280913,2.201884,2.481987,2.101600,2.323906,2.558538,2.694408,2.640567
2.664506,2.317250,2.381677,2.702019,2.058340,2.801222,2.290539,2.234092,2.162572,2.233863,2.494191
2.686113,1.424473,2.416249,2.707311,2.216799,2.644295,2.541303,2.404019,2.468357,2.409174,2.847697
2.591218,1.894521,1.874995,2.554351,2.267470,2.305631,2.516306,2.240302,2.258869,2.266341,2.089147
1.804627,2.580480,2.323640,2.759863,1.759945,2.121095,2.171392,2.385310,2.161876,2.522092,1.758672
2.099792,1.794217,2.290873,2.892211,2.192009,1.873205,2.590732,2.747412,2.244327,2.519738,1.996822
2.003125,2.424704,2.117655,2.740029,2.091450,2.166852,2.651216,2.009281,2.574252,2.252060,1.907152
2.444482,1.964095,2.457108,1.823837,2.011138,2.506384,2.838493,2.457602,2.171634,2.523057,2.062135
3.051258,1.878933,2.232263,2.599730,2.638554,2.406102,2.338632,1.973696,2.011291,3.067752,2.865836
2.681754,2.423755,2.094031,2.845204,2.646519,2.502863,2.661725,2.420525,2.771642,2.512670,2.303021
3.113725,2.636009,2.184902,2.606177,2.547680,2.956107,2.496490,2.136587,2.521354,2.691838,2.560716
2.431767,3.053449,2.729587,2.946086,2.274965,3.058289,2.898087,2.917133,2.255708,2.397575,2.333331
3.113416,2.690246,2.358574,2.829622,2.052777,2.682779,2.581403,2.834342,2.818482,2.056894,2.664112
3.076743,3.040547,2.756863,2.798443,3.036506,2.568076,2.844499,2.820079,2.959786,2.673478,2.204873
2.448876,2.938334,2.768899,2.329486,3.022575,2.967363,2.466687,2.799712,3.098783,2.588043,2.730137
2.785131,2.259609,2.988654,2.377016,2.334256,3.226947,2.685312,2.519669,3.431606,2.402490,3.010014
2.802772,2.312585,2.295841,2.515033,3.079656,2.956248,2.965693,2.646052,2.534409,2.413090,2.383907
2.727694,1.901152,2.870849,2.101270,2.498782,2.352592,2.924586,2.842666,2.691308,2.738490,2.817605
2.635885,2.879059,2.771935,2.484335,2.799728,2.015451,2.430773,2.941436,2.630752,2.132563,2.703474
2.264468,2.440893,2.465883,2.136119,3.205349,2.613930,2.726129,2.355075,3.458738,2.610745,2.496996
3.005911,2.541851,2.897269,2.232765,2.366194,2.409081,2.744440,2.517392,2.920156,2.179298,3.117280
2.704051,3.305281,2.728389,1.988808,3.060469,2.399704,2.411607,3.002111,2.498872,2.623493,3.411115
2.819944,2.956106,2.931610,2.892195,2.508542,3.124300,2.934546,2.051283,3.059541,1.960739,2.973503
2.719696,2.966914,2.715721,2.388940,3.169501,3.436274,3.368224,2.332271,2.465381,2.213313,3.069821
2.768837,2.882045,2.730259,2.231073,3.348125,2.412558,2.911215,2.527555,2.378110,2.745738,3.473039
2.154682,2.627982,2.788998,2.810601,2.795004,3.157096,2.870516,2.104920,3.189873,3.078608,3.371118
2.966919,3.030528,3.080915,2.954307,3.445826,3.248768,3.435848,2.429277,3.485822,3.160864,2.516155
2.567699,3.471714,3.364911,2.534040,2.941698,3.185467,3.030356,2.275856,3.701462,3.297612,2.824979
2.368239,3.681029,3.049485,2.451327,3.281457,2.949760,3.271978,2.464644,3.392590,2.906081,2.681877
3.538022,3.319649,2.612139,2.623615,3.160600,2.856120,3.114121,2.868495,2.670237,3.491731,2.288720
3.118312,3.347812,2.366561,2.796489,3.164825,2.808060,3.061314,2.593321,2.926847,3.377564,2.440083
3.321082,2.880227,2.487570,3.264691,2.508269,2.551813,2.787521,2.919588,3.899849,2.617240,1.978097
3.596117,2.898791,3.258628,2.831144,2.375106,2.281823,3.207063,3.008650,3.393310,2.350884,2.624983
3.268507,3.377980,2.639906,2.758959,3.652633,2.303482,3.019324,3.765468,3.365992,3.153893,2.367616
3.123761,3.214173,2.689883,3.246733,3.332667,2.488903,3.346037,3.302762,2.875621,2.998198,3.112844
2.692982,2.624265,3.112033,2.773144,3.263297,2.968957,3.537935,3.187984,2.918573,3.074805,3.075128
2.870433,3.318368,3.253461,2.405831,2.831289,3.429595,2.591611,3.167948,3.438415,2.869245,3.098768
3.414652,3.366857,2.940886,3.525920,3.056435,2.466246,2.899457,2.864575,3.120506,3.543350,2.525328
3.427656,3.264157,2.614292,3.100092,2.629486,3.256932,3.241839,2.664244,3.349369,3.386207,3.227930
3.154804,3.248815,3.009199,2.752130,3.265958,3.362939,2.551533,2.712693,3.130312,3.311533,2.997720
3.229021,3.230630,2.922608,3.122249,2.515989,3.243578,3.162663,3.001880,3.540742,3.703338,3.370224
3.716602,2.961993,3.514025,2.549947,3.121608,3.202435,2.882119,3.567805,3.150833,3.824177,2.780813
3.509750,2.857915,3.516397,3.354021,3.162131,3.529240,2.549094,2.979771,3.621544,3.482955,2.288788
2.901846,3.516657,3.422094,3.239174,2.860153,3.194715,3.152274,3.140698,3.566446,3.476513,3.624853
3.052607,3.390479,3.198060,3.989066,3.786838,3.506961,3.684257,3.042835,3.570444,3.067500,3.471598
2.746538,3.639611,4.070547,3.331739,3.458978,2.684929,3.099264,2.796195,3.354513,3.618702,3.116390
2.706393,3.463893,3.262669,3.247792,3.082607,3.004134,3.990550,3.732407,3.643312,3.055860,3.273007
3.377276,3.603728,2.829817,2.983961,2.991834,3.851808,3.748624,2.756896,3.530478,3.230687,3.583043
3.530161,4.437463,3.345701,3.530235,3.508044,3.364394,3.332119,3.006756,3.175999,2.626969,2.918099
3.393362,3.922058,2.421271,3.309239,3.439905,3.220080,3.024859,2.804459,3.801377,3.164403,2.949215
2.629042,4.091634,3.597533,3.430849,2.975151,3.269691,3.651681,3.034773,3.665860,3.432755,3.069189
2.544257,3.691180,4.090639,3.320311,2.816294,3.625554,3.467260,3.313978,3.098382,3.622554,3.135702
3.006307,3.589223,3.185937,3.566563,3.513181,3.834274,3.132035,4.298956,3.209410,3.504381,2.858457
3.336393,3.010866,3.645092,3.184253,3.783718,3.348665,2.927405,4.069362,2.971892,3.170394,2.318074
3.056652,3.255595,3.461030,3.716246,2.937957,2.835151,3.060462,3.114537,3.736897,3.473317,3.146522
3.727316,3.085741,3.628865,3.819063,3.006714,3.454928,3.529694,3.274191,3.318061,3.469370,3.717699
3.616094,3.627662,3.801358,3.380022,2.975249,4.002797,3.138476,3.520478,2.970198,3.453340,2.729981
3.339525,3.199135,3.221555,3.172096,3.319970,4.010251,2.684395,2.606586,3.772140,3.326879,4.015342
3.392581,3.345664,3.238005,3.638253,3.112368,3.183234,3.436867,3.914108,3.704543,3.527506,3.881563
3.303111,4.181068,3.019895,3.113292,3.348675,3.701129,2.633307,3.038420,3.906626,3.271898,3.502005
3.633070,3.230911,3.473545,2.799927,4.176768,3.633492,2.406709,3.590690,3.334353,3.085323,4.359047
3.951935,3.551358,3.296507,2.924268,3.510395,3.554597,3.469153,3.483991,3.169649,2.686996,3.952949
3.559492,3.289432,3.678554,3.916334,3.835652,3.042695,3.145264,3.267477,2.925139,3.029341,3.835006
3.237278,3.324970,2.823809,2.969974,3.471944,3.839759,2.874658,3.215175,3.499618,3.317749,3.912212
3.071372,3.415031,3.601642,3.857560,3.395798,4.067294,3.307783,2.719881,4.027195,3.440130,3.779497
3.009765,4.364445,3.514543,3.946928,2.699139,3.960377,3.316536,3.581444,3.820961,3.369222,3.525480
3.220561,3.689391,4.100414,3.529563,2.476647,4.028798,3.600609,3.446068,3.397729,3.470321,2.990332
2.790608,3.502537,3.903789,3.939708,3.557048,4.034583,3.320702,2.945984,3.758809,4.094994,3.187750
3.311476,2.619216,3.909664,3.349431,3.652078,3.397320,4.033480,3.425497,3.293348,4.377098,2.767791
2.991420,3.855901,3.900902,3.322912,3.198990,2.936492,3.506481,3.290317,3.601875,3.866410,4.007436
3.216516,3.083378,3.748110,3.809079,3.495601,3.258894,3.736296,3.814940,2.827748,3.592448,3.406386
3.206512,3.364063,3.718050,3.004153,3.468951,3.250470,3.221979,3.072024,3.906972,4.241265,3.988418
3.360960,3.437130,3.274284,3.124767,3.481372,3.731926,3.858366,3.967374,3.136750,3.914705,3.401472
3.145853,3.216542,3.261305,3.054207,4.020097,3.027714,3.051661,4.208197,3.728669,3.785617,3.644442
2.440659,3.250386,4.090680,2.929797,3.197670,3.186438,3.815642,3.442902,3.777571,3.437717,3.716186
3.562746,2.923398,4.223862,3.596614,4.286243,3.269411,3.994348,4.124870,3.950591,4.051518,3.427393
3.690868,3.821167,3.714823,3.818101,3.419208,3.257473,3.969409,4.043618,3.685674,4.087291,3.424083
3.349591,3.785703,2.905340,3.404364,3.281662,3.776391,3.378982,2.899016,3.540492,3.666231,3.750845
3.795651,3.844877,3.501286,3.357090,4.368918,3.936329,4.192973,2.668561,3.758727,3.123045,3.231984
2.984555,3.998698,4.101887,3.238897,3.116751,3.642393,4.208010,3.503247,3.260805,2.831310,3.970576
3.318480,2.916263,3.681247,3.715353,3.192620,3.421620,4.130332,3.195705,3.077980,3.320968,3.612512
2.907792,4.333971,3.812834,3.505118,4.083134,4.201014,3.316760,3.258915,3.276367,3.549284,3.651540
3.606893,3.652238,3.893692,3.108454,3.289192,4.066830,4.127941,3.038420,2.725230,3.275441,3.433418
3.112043,3.133154,3.539305,3.635981,3.963616,3.166356,4.016899,3.380312,2.764718,3.587756,2.666104
3.448048,2.962778,3.279507,3.468247,4.226826,3.563014,3.653692,3.116428,2.926234,2.539067,3.313079
3.858643,2.967604,3.223099,3.649870,2.977025,3.901824,3.563767,4.116517,3.385027,2.874453,3.707331
2.492245,3.325876,4.040155,3.916192,3.277588,3.255510,2.873536,3.926577,2.796530,3.559874,3.462860
3.315677,2.728227,3.033562,3.338897,2.988193,3.151637,3.420296,2.990686,3.257177,4.581106,3.177898
3.048736,3.585700,3.102565,3.296310,3.075005,3.809984,3.313780,3.057073,3.071260,3.347387,3.424818
3.243127,4.120278,2.632815,3.337731,3.279205,3.530314,3.772313,2.577277,3.657316,3.093486,3.383838
3.183925,3.046634,3.627982,2.918214,3.284324,2.999751,3.669339,3.516438,3.791386,3.272122,3.328429
2.887448,2.529786,3.721013,3.357005,3.309711,3.922229,2.665282,3.765840,3.802198,3.438512,2.674951
4.062494,2.584260,3.658613,4.233096,2.196921,3.664576,3.636640,3.653416,3.427135,3.415816,3.135468
3.779078,3.019463,3.516291,3.853000,2.848464,3.320034,2.786781,3.520945,4.683420,3.807755,3.718934
3.642117,3.434672,3.468950,3.492001,2.792613,3.402128,3.254411,3.147435,3.988120,3.510827,3.159543
3.477721,3.464065,4.128845,3.043161,3.724143,3.678536,3.300706,3.354036,4.594054,3.471446,3.986616
3.661319,2.869189,4.030658,3.700769,2.587519,3.983196,3.145361,3.906990,3.620203,3.117789,4.024524
3.691774,3.304415,3.949482,4.137568,2.973251,3.506930,2.977337,3.873663,3.667412,3.126976,3.789557
4.093791,3.495788,3.511993,3.051799,3.378138,2.683800,2.788060,2.926681,3.338080,3.087926,2.816480
3.528507,3.417337,3.983024,3.425271,2.905832,3.317514,2.904521,3.007369,2.519499,4.010169,3.218527
3.608893,3.014559,3.144916,3.874165,3.429891,3.009072,3.902423,3.142608,2.669979,3.365214,3.192980
3.772758,3.357562,3.459399,3.509564,2.978576,3.289526,3.373614,2.815080,2.997477,3.617303,3.519105
3.569998,3.233539,3.934546,2.581285,2.859951,2.906723,4.350053,2.959926,2.966472,3.999027,3.948321
3.568418,2.878702,3.398903,3.004772,3.139598,3.210094,3.349569,2.439062,3.752173,3.404288,2.717872
3.215513,3.021166,3.152377,2.849219,3.243095,3.765418,3.367987,2.831991,3.031109,3.039169,3.210357
2.876806,2.886046,3.434384,3.672856,2.105628,2.969465,3.665698,3.036116,2.963175,3.369200,3.195167
3.373201,3.389531,3.766960,3.590026,2.374338,2.506922,3.755984,3.642540,2.897135,2.956044,3.828951
3.163226,2.699550,3.577275,3.661686,2.854574,2.612569,3.270143,3.732635,2.700830,2.543274,3.756310
3.360531,2.879434,3.210086,3.029580,2.688143,2.527282,2.795923,3.096534,3.040577,2.853561,3.618657
3.375379,2.929439,3.606147,3.329821,2.624613,3.345326,2.853711,3.628706,2.451292,2.584360,3.277141
2.807635,3.238649,3.057983,3.052861,2.407124,3.114680,2.858681,3.334184,2.783714,3.100985,2.804243
2.815274,2.678728,3.628634,2.776585,2.812114,2.992682,3.141547,2.824746,3.169822,2.946792,2.354260
2.880295,3.132714,3.260175,3.104318,3.162734,3.042078,2.606340,3.851003,3.363057,2.870669,2.639460
2.617627,2.712101,3.522781,3.424471,3.507507,2.977212,3.025860,3.350806,3.457356,2.675182,2.496812
3.271430,3.162683,3.060631,2.809889,2.876837,2.668652,3.646662,2.549688,3.484972,3.312118,2.800899
3.022164,3.106921,3.071720,3.142750,2.808253,3.252779,2.496997,3.315290,2.850687,3.095627,2.996938
3.127592,2.621226,2.278977,2.847602,3.148448,2.482073,2.786868,3.136130,2.621816,3.219314,2.769230
2.912544,3.100379,2.784794,2.174306,3.282714,2.337726,3.385413,2.956920,2.704551,2.928704,3.159271
2.910514,3.410234,3.357210,2.890251,2.822494,2.659948,3.444499,2.348969,2.510815,2.971479,3.411691
2.821239,3.160120,3.018801,2.879744,3.050474,2.325772,3.380511,3.098424,2.730557,3.556225,3.219180
2.860347,2.502332,2.794624,2.341149,2.857817,2.951125,2.762119,2.696116,3.139945,2.733761,2.720227
2.790642,2.423858,3.401530,2.934963,2.483931,2.693369,3.237070,2.910954,2.952098,3.117382,3.544075
3.050467,2.883940,2.994575,2.429965,2.956743,2.839362,2.997937,3.094655,2.577333,2.994335,3.118750
3.019635,2.380011,3.196547,2.187930,2.350868,2.765149,2.520524,2.989953,2.701620,2.465093,2.380133
3.761904,2.916445,3.028935,2.505218,2.653740,2.638338,2.797461,2.738704,3.267521,2.807101,2.640815
2.927630,2.854065,2.784409,2.564154,2.590953,2.425261,2.660841,2.634715,2.943696,2.561116,2.088639
2.585281,2.736351,3.053637,2.362785,2.761854,3.045533,2.830955,2.468073,3.012921,2.614916,1.871155
2.159240,3.262863,3.102789,2.563284,2.556741,3.347476,2.768680,2.532435,2.730343,2.660235,2.007053
2.724967,2.587862,2.684468,3.002350,2.559606,2.783562,2.523508,2.007994,2.301994,2.526098,2.645079
2.449086,2.966165,2.077113,3.064841,2.171213,3.002221,3.016892,2.500737,2.505758,2.356880,2.553179
2.382852,3.122684,2.313538,2.063797,2.614688,2.923553,2.341997,2.114483,1.890297,2.187583,2.431768
2.305701,2.452052,2.536708,2.634141,2.438645,2.762640,2.916269,2.478401,2.629721,2.181980,2.315549
2.144779,2.894867,2.436729,2.852007,2.618100,2.485020,2.525586,3.030379,2.680637,2.901707,2.249260
2.417682,2.837152,2.474693,2.438249,3.005826,2.922776,3.224343,2.907586,2.804722,3.065124,2.441453
2.149766,2.565880,2.823288,1.814864,2.751524,2.443320,2.387619,3.278838,2.848241,1.926788,2.324547
2.560825,2.553247,2.014436,2.564428,2.422310,2.335635,3.010189,2.504076,2.758532,2.134009,2.357441
2.966489,2.273515,2.104697,2.232314,2.340587,2.469464,2.888194,2.622659,2.230826,2.815610,1.985158
2.211968,2.404024,2.387722,2.472875,2.537681,2.436570,2.684465,1.924595,2.514961,2.730422,2.379040
2.582588,2.819812,2.111085,2.284531,2.290627,2.269845,1.964806,2.261196,2.481566,2.810105,2.639129
2.911178,2.888966,2.249943,1.910040,2.496151,2.366451,2.217426,2.150481,2.257204,2.569210,2.087846
2.355883,1.849901,2.046177,2.323293,2.238455,1.912522,2.239949,2.618028,2.505590,2.353638,2.270042
2.865579,3.042796,2.324234,2.161544,2.087774,2.595612,2.068890,2.086586,2.556255,2.199063,2.504575
2.382678,2.714943,1.999377,2.239074,2.567965,2.091310,2.696765,2.018667,2.457436,1.941088,2.528034
2.542457,2.160692,2.333099,2.356074,2.247552,2.599265,1.728959,1.803876,2.347319,2.156708,2.018193
2.913743,2.229333,1.874873,2.387564,2.419044,2.043850,2.216264,2.434304,2.127061,2.095121,2.458302
2.535586,2.317118,2.508078,2.271507,2.161591,2.291142,1.732414,1.555464,2.116565,2.338797,2.323873
2.000502,2.026737,2.168107,1.806426,2.165273,2.109820,1.846638,1.577975,2.130379,2.056445,2.233716
2.346760,2.770220,1.822098,2.093588,2.599104,2.070924,2.060812,1.918385,1.870026,1.925441,1.522879
2.223276,2.047049,1.927298,1.760879,2.290357,1.755777,2.174859,2.199215,2.105402,2.253353,1.976205
2.080272,2.087383,1.737507,1.669383,2.444727,1.552055,1.745845,2.186843,2.284951,2.376074,1.749502
2.185345,1.787172,2.276885,1.745336,2.180248,2.155611,2.389795,1.805455,2.193308,2.147744,1.752377
1.566381,2.091611,1.804716,1.350935,1.759315,2.130844,2.328747,2.001446,1.852088,1.687275,1.835013
1.931966,2.101363,2.328400,1.628558,1.956959,2.171169,2.021937,1.480654,1.640083,1.937993,1.639566
1.940700,1.843414,1.760490,1.702289,1.842693,1.806954,1.510383,2.206736,2.022921,1.721068,1.699063
1.615444,2.179032,2.030822,1.946808,1.401673,1.930703,2.159892,2.188544,1.823632,1.914901,1.541788
1.482620,1.680235,2.108720,1.576390,1.498145,2.022124,2.016898,1.452483,1.878923,2.066640,1.780183
1.716433,1.965005,2.383533,2.308156,1.583182,1.723946,1.888578,1.984432,1.883541,1.550416,1.859993
1.468502,2.061316,1.958429,1.937794,1.607850,1.703943,1.633105,1.834778,1.707380,1.642521,1.607208
1.589825,1.946320,1.945075,2.017027,1.872861,1.612097,1.792566,1.989864,1.765058,1.625929,1.253676
1.485390,1.833113,1.916483,1.712209,2.182225,1.648155,2.029168,1.564411,2.002570,1.810553,1.464823
1.611744,1.548587,1.802950,1.501662,1.705552,2.249107,1.884235,1.379187,1.736167,1.310483,1.491562
1.788775,1.752017,1.711706,1.512088,1.548984,1.582702,1.493175,1.666352,2.379426,1.360410,1.387229
1.495562,1.523083,1.448788,1.608197,1.630295,1.731803,1.292166,1.601396,1.899523,1.750410,1.334967
1.536012,1.362081,1.455793,1.040366,1.531240,1.518723,1.403046,1.833587,2.042029,1.683430,1.199256
1.534852,1.728518,1.550211,1.168735,1.927134,1.520325,1.537523,2.093646,2.052478,1.438811,1.433822
1.763722,1.407769,1.408027,1.069162,1.619948,1.611795,1.447432,1.824157,1.677026,1.428488,1.553844
1.635792,1.672340,1.739365,1.265465,1.431908,1.367631,1.412726,1.576761,1.660610,1.547495,1.634940
2.068464,1.340838,1.238619,1.166726,1.406877,1.452130,1.450088,1.894315,1.437403,1.888678,1.768722
1.763400,1.319098,1.477389,1.353414,1.360919,1.136496,1.222410,1.440347,1.784111,1.584791,1.414356
1.635143,1.446471,1.681780,1.501927,1.675680,1.181993,1.385582,1.255358,1.437847,1.269351,1.542343
1.498651,1.141197,1.759269,1.491974,1.686513,1.531311,1.244669,1.382925,1.320348,1.412403,1.566241
1.381444,1.396721,1.511922,1.210337,1.547981,1.370521,1.280706,1.347284,1.141123,1.526358,1.115958
1.601535,1.478524,1.330857,1.562695,1.389142,1.475354,1.189679,1.486940,0.914367,1.417947,1.633439
1.494095,1.035328,1.202679,1.401117,1.597764,1.475421,1.101326,1.048232,0.884643,1.644150,1.393240
1.355002,1.339858,1.298264,1.256505,1.390455,1.546052,1.477876,1.282047,0.900801,1.384090,1.293710
1.269820,1.295498,1.661587,1.416421,1.511954,1.532593,1.156987,1.070549,1.162920,1.655778,1.207598
1.685246,1.346808,1.669140,1.594434,1.043847,1.426923,1.167404,1.354141,1.498507,1.502273,1.561095
1.317454,1.151433,1.223034,1.244712,1.263359,1.162959,1.114744,1.267556,1.418866,1.427671,1.175642
1.258083,1.361688,0.959677,1.162726,1.252162,1.115934,1.121517,1.180577,1.344905,1.334471,1.342142
1.214839,1.213713,1.056049,1.266063,1.233725,1.015098,1.310442,1.307321,1.376773,1.042687,1.158388
1.457157,0.994109,1.032072,1.419486,1.243124,1.176966,1.320207,1.234842,1.084727,1.248004,1.347068
1.453776,1.296543,1.037007,1.339794,1.112512,1.295302,1.031311,1.390502,1.347485,1.175884,1.385557
1.145883,1.541238,1.351428,1.294638,1.160784,1.126306,1.205531,1.328612,1.402328,1.002839,1.071055
1.080631,1.261848,1.132085,1.141399,1.003240,1.093017,1.382377,1.222850,1.141557,1.023409,1.191557
1.106419,1.095081,1.039425,0.877897,0.847243,1.041010,1.154187,1.170024,1.162516,1.077021,0.907395
1.505247,1.540370,1.207330,1.098206,0.954769,1.213092,1.249707,1.023552,1.162998,1.136134,0.920488
1.148634,1.103631,1.117705,1.128273,0.885608,1.118885,1.447681,1.032805,0.949402,1.052437,1.220175
1.143749,1.226597,1.102483,1.000535,0.915929,1.090685,1.238173,1.085095,0.980345,0.869797,0.780502
0.983528,0.849782,0.982881,0.916798,1.039119,0.857076,1.082997,1.276328,1.276242,0.989475,0.901126
1.185134,0.770116,1.113413,0.981782,0.746377,0.970163,1.290120,1.033534,1.163767,0.938012,1.102240
0.981158,0.892092,0.927214,0.921627,1.086549,0.813503,1.069703,1.128139,1.351576,0.971373,1.148679
0.904682,0.932380,1.131988,0.805825,0.729992,0.997290,1.069237,0.862674,1.220250,0.710610,0.929335
1.071295,0.943111,1.250468,1.014486,0.935209,0.860037,1.024324,0.827049,0.844121,0.878735,0.831726
0.843298,0.867968,0.978518,0.979564,0.863385,0.954225,1.073911,0.764764,1.099269,0.823796,0.929003
0.750851,0.850442,0.842004,0.929100,0.904979,0.954003,1.067048,0.660574,0.788387,0.995266,0.957981
0.787077,0.949336,0.871686,0.893171,0.698767,0.850942,1.028209,0.704508,0.745356,1.099005,0.816389
0.718829,0.948126,0.642507,0.882353,0.788749,0.953366,1.008725,0.895147,0.691280,0.944132,1.101893
0.854829,0.914754,0.722949,0.774714,0.667877,0.842775,0.842673,0.672107,1.115558,0.855233,1.128582
0.705201,1.098901,0.857235,0.704593,0.947111,0.960062,0.850025,0.706980,1.040659,0.756945,0.750873
0.757056,1.116202,0.758301,0.883724,0.724881,0.789039,0.824889,0.808711,0.888669,0.713117,0.808600
0.703708,1.006010,0.752710,0.703237,0.770257,1.048603,0.776303,0.755294,0.818952,0.607996,1.005031
0.747362,0.959808,0.859522,0.730678,0.993813,0.929552,0.714743,0.819189,0.802073,0.821386,0.975886
0.771255,0.815546,0.847649,0.601988,0.954202,0.951182,0.756105,0.727139,0.926463,0.837828,0.779592
0.755952,0.768018,0.709644,0.756358,0.672728,0.810007,0.657901,0.683677,0.949626,0.943483,0.940141
0.686548,0.861676,0.798378,0.654543,0.689881,0.750297,0.769012,0.760459,1.043289,0.812109,0.847810
0.913048,0.896126,0.714562,0.900803,0.570995,0.734471,0.628850,0.609041,0.861793,0.936138,0.693236
0.861788,0.758960,0.707511,0.668946,0.595050,0.893950,0.716897,0.666763,1.030573,0.736245,0.818892
0.573208,0.850250,0.709612,0.836497,0.569970,0.970960,0.649352,0.684942,0.647702,0.708107,0.897260
0.724941,0.745689,0.723358,0.702400,0.623982,0.993846,0.645340,0.626681,0.695307,0.638648,0.900524
0.700099,0.798104,0.596164,0.633825,0.618522,0.816214,0.741062,0.719456,0.725785,0.692728,0.792091
0.581567,0.559342,0.588636,0.703170,0.586325,0.848461,0.647290,0.661501,0.797060,0.831305,0.692527
0.725837,0.678954,0.627492,0.684784,0.578546,0.702666,0.722979,0.767317,0.855898,0.847550,0.840316
0.626502,0.652335,0.715027,0.617024,0.583711,0.586494,0.736531,0.752334,0.724289,0.864498,0.642286
0.586504,0.838398,0.655914,0.673256,0.636517,0.613285,0.561503,0.730172,0.719300,0.793499,0.567297
0.605283,0.718952,0.599588,0.631906,0.450808,0.580982,0.734548,0.538123,0.757699,0.708119,0.652550
0.482103,0.688970,0.622929,0.574922,0.579934,0.550093,0.709906,0.613236,0.520300,0.598197,0.668896
0.672487,0.615221,0.569888,0.515363,0.539451,0.487842,0.713106,0.678897,0.663903,0.667966,0.592829
0.482196,0.718737,0.548930,0.618390,0.664683,0.515774,0.488211,0.560332,0.475927,0.538283,0.646222
0.509608,0.460752,0.687450,0.515624,0.478035,0.547321,0.492648,0.531017,0.425849,0.387967,0.685610
0.641062,0.629140,0.491008,0.568831,0.376646,0.594684,0.673483,0.657078,0.393820,0.543313,0.498901
0.501647,0.529246,0.531895,0.551976,0.554062,0.724047,0.603208,0.658924,0.532965,0.601450,0.520794
0.647784,0.666475,0.708416,0.662812,0.513199,0.766468,0.669563,0.637414,0.528224,0.550089,0.587705
0.672383,0.681534,0.652851,0.522094,0.555965,0.554353,0.516881,0.562316,0.502385,0.423998,0.518602
0.691662,0.689747,0.563976,0.573254,0.481976,0.590298,0.490920,0.556089,0.414025,0.600659,0.477391
0.604239,0.644070,0.537086,0.597104,0.447647,0.583024,0.505718,0.502287,0.412181,0.640058,0.444767
0.500504,0.483050,0.475913,0.452592,0.461831,0.539860,0.562271,0.576716,0.484690,0.603533,0.567341
0.418781,0.526264,0.392891,0.398071,0.424508,0.438846,0.606009,0.726782,0.501575,0.644740,0.514846
0.421762,0.606711,0.347462,0.440423,0.463685,0.381258,0.500132,0.656862,0.550220,0.490790,0.513414
0.395747,0.643438,0.466646,0.474749,0.494568,0.394442,0.437532,0.433003,0.556476,0.564178,0.415982
0.351250,0.547204,0.412052,0.517569,0.474884,0.471174,0.428419,0.495109,0.481536,0.526183,0.468639
0.397665,0.540135,0.488891,0.545118,0.467022,0.482486,0.374582,0.508643,0.470748,0.556792,0.394191
0.400901,0.482589,0.272218,0.674189,0.368716,0.421282,0.547106,0.359464,0.568245,0.606307,0.438014
0.352882,0.428802,0.270168,0.475100,0.443070,0.474564,0.611561,0.362746,0.370069,0.566397,0.471537
0.469335,0.394345,0.312439,0.324143,0.280933,0.605204,0.630350,0.384227,0.420957,0.412880,0.487270
0.455218,0.413054,0.397355,0.291990,0.376989,0.563877,0.439622,0.401202,0.421942,0.429738,0.555361
0.443346,0.442534,0.356412,0.384981,0.406728,0.401113,0.444629,0.360655,0.453047,0.567130,0.575261
0.478961,0.541652,0.373977,0.515340,0.338848,0.350202,0.458083,0.385659,0.408270,0.612014,0.572372
0.458889,0.446619,0.463960,0.553891,0.336764,0.409089,0.342073,0.487545,0.461344,0.442065,0.454351
0.311380,0.438681,0.419650,0.530347,0.384035,0.393327,0.294326,0.610347,0.315484,0.471330,0.536779
0.400586,0.388077,0.382879,0.476719,0.538865,0.523568,0.413793,0.523836,0.376995,0.441937,0.370681
0.422918,0.340677,0.383444,0.580311,0.497271,0.483274,0.403420,0.512792,0.483058,0.406213,0.426067
0.427785,0.331309,0.480478,0.505306,0.524545,0.504139,0.437692,0.414058,0.433959,0.477896,0.378665
0.516104,0.372746,0.476198,0.486490,0.477262,0.343228,0.531896,0.373141,0.448620,0.385173,0.449476
0.456794,0.479390,0.450496,0.582719,0.424278,0.540847,0.476768,0.346169,0.466213,0.333334,0.408909
0.373835,0.511182,0.423333,0.358552,0.414656,0.530044,0.518216,0.395797,0.378994,0.342662,0.578645
0.398883,0.548506,0.414352,0.438971,0.342739,0.362770,0.543410,0.495480,0.354697,0.391223,0.494643
0.469263,0.448536,0.477703,0.286005,0.360775,0.435922,0.418297,0.448177,0.477493,0.454839,0.657143
0.524941,0.407679,0.382397,0.391995,0.363163,0.578921,0.381221,0.365088,0.433675,0.433133,0.546032
0.404058,0.419517,0.472970,0.544067,0.441760,0.523954,0.429612,0.452890,0.515824,0.431353,0.514136
0.396015,0.496408,0.342656,0.452445,0.488076,0.556073,0.347843,0.381598,0.436266,0.382341,0.415801
0.403978,0.334654,0.415203,0.501451,0.428161,0.426162,0.347503,0.339194,0.400739,0.477959,0.432814
0.336140,0.435943,0.385888,0.427428,0.325471,0.462778,0.287419,0.451228,0.422446,0.543522,0.455002
0.299858,0.481822,0.377482,0.481737,0.296389,0.568185,0.369138,0.340085,0.522702,0.484977,0.485280
0.348955,0.559401,0.439833,0.595877,0.396839,0.413652,0.382145,0.458440,0.437426,0.490327,0.514795
0.347998,0.542013,0.392248,0.495795,0.407068,0.514659,0.322282,0.349587,0.440508,0.611581,0.497901
0.411173,0.528418,0.287191,0.523404,0.480953,0.464475,0.493179,0.383557,0.467255,0.497086,0.576641
0.501032,0.489109,0.441248,0.608620,0.416175,0.446197,0.424703,0.432805,0.451203,0.470363,0.374558
0.391728,0.514738,0.484206,0.534903,0.399223,0.368180,0.388271,0.440443,0.471803,0.456307,0.522745
0.481711,0.414034,0.361221,0.507415,0.377297,0.371627,0.359018,0.581658,0.525796,0.328975,0.406010
0.548990,0.416024,0.447229,0.476016,0.362821,0.533534,0.451759,0.478388,0.500210,0.486704,0.306798
0.354014,0.355555,0.427229,0.481845,0.494446,0.390442,0.539542,0.486875,0.441005,0.382398,0.340463
0.424919,0.574078,0.549264,0.319260,0.472085,0.456996,0.386966,0.452003,0.370438,0.311073,0.456083
0.480903,0.501991,0.492445,0.379153,0.512078,0.458996,0.412161,0.539063,0.369567,0.575147,0.347635
0.570858,0.546818,0.552369,0.428695,0.426579,0.433940,0.458096,0.577735,0.395037,0.347944,0.524023
0.433882,0.556160,0.515565,0.456107,0.287664,0.528690,0.427812,0.392842,0.587423,0.398849,0.399509
0.416645,0.559742,0.512976,0.372478,0.457107,0.405962,0.479779,0.519066,0.466425,0.530796,0.563110
0.311783,0.432905,0.471507,0.406502,0.406267,0.505916,0.540771,0.396397,0.437408,0.438009,0.412233
0.489475,0.589761,0.472587,0.444518,0.398495,0.649592,0.475129,0.374344,0.378226,0.481970,0.397045
0.471691,0.625274,0.563025,0.396481,0.433455,0.616654,0.503167,0.326775,0.304707,0.477799,0.424112
0.440401,0.601163,0.558858,0.429756,0.357635,0.574180,0.508925,0.339701,0.486366,0.595184,0.464331
0.497769,0.560132,0.654517,0.418552,0.395211,0.502349,0.488535,0.430144,0.389196,0.493289,0.431245
0.435645,0.368747,0.529960,0.441344,0.421057,0.507703,0.608249,0.505804,0.365043,0.522261,0.551733
0.572692,0.444402,0.492341,0.422020,0.494108,0.580066,0.536768,0.584993,0.501681,0.490571,0.475738
0.488984,0.467112,0.510483,0.566627,0.617380,0.441126,0.541090,0.400072,0.543040,0.652024,0.428815
0.614019,0.443800,0.718001,0.537569,0.416708,0.308843,0.470179,0.474738,0.575776,0.692289,0.472157
0.562097,0.382392,0.655783,0.541989,0.581020,0.358570,0.481704,0.424445,0.549686,0.568606,0.408005
0.600669,0.316609,0.497230,0.514595,0.547298,0.337964,0.559487,0.410663,0.612645,0.450293,0.560188
0.515912,0.357352,0.668584,0.624835,0.627252,0.302456,0.547704,0.529690,0.516609,0.449847,0.703063
0.521238,0.423653,0.578103,0.599354,0.338662,0.437919,0.490887,0.556392,0.555182,0.422957,0.759026
0.613139,0.498514,0.581533,0.531170,0.498314,0.361675,0.587500,0.585061,0.496520,0.495993,0.695471
0.679602,0.505224,0.524511,0.485055,0.311226,0.486562,0.576882,0.429103,0.566269,0.551511,0.661050
0.610849,0.432784,0.580202,0.572346,0.394639,0.439903,0.561566,0.525726,0.527874,0.548739,0.619208
0.736647,0.525791,0.497773,0.505736,0.515923,0.503995,0.365876,0.405103,0.537321,0.666709,0.463119
0.565329,0.475296,0.438525,0.671203,0.578936,0.473596,0.680133,0.532658,0.732122,0.603180,0.708079
0.465311,0.539215,0.545354,0.563995,0.605934,0.543191,0.597004,0.589290,0.793995,0.553479,0.681176
0.421864,0.657862,0.474907,0.615813,0.725165,0.574140,0.496620,0.558751,0.570329,0.652157,0.610651
0.571690,0.652894,0.517569,0.638724,0.655595,0.616307,0.645919,0.637155,0.541318,0.614861,0.655468
0.585025,0.658633,0.478295,0.742109,0.584337,0.554393,0.710817,0.686700,0.521423,0.650408,0.502183
0.687120,0.699397,0.551591,0.616248,0.667845,0.647864,0.771709,0.590781,0.419725,0.571434,0.548209
0.677793,0.749391,0.568445,0.640027,0.703913,0.644552,0.537766,0.726032,0.610918,0.599647,0.504396
0.636209,0.591712,0.584056,0.608859,0.667482,0.591029,0.684709,0.504346,0.483719,0.631516,0.530949
0.835833,0.721050,0.706976,0.757555,0.654898,0.741868,0.741612,0.575172,0.664128,0.699728,0.530402
0.781208,0.607276,0.668017,0.950038,0.517522,0.603446,0.585395,0.746343,0.643674,0.573374,0.504105
0.862437,0.554939,0.794853,0.786737,0.627922,0.637795,0.777661,0.836822,0.690262,0.661055,0.626906
0.811373,0.701815,0.934823,0.779109,0.545414,0.646862,0.701457,0.771571,0.764060,0.740954,0.507182
0.768030,0.608033,0.683160,0.677720,0.749752,0.783682,0.663245,0.852698,0.701514,0.849222,0.449937
0.792339,0.707238,0.661524,0.658034,0.712674,0.656744,0.580409,0.967623,0.698448,0.867717,0.550584
0.623381,0.883943,0.808651,0.778940,0.718668,0.832358,0.612013,0.735618,0.892256,0.745408,0.603077
0.992824,0.998422,0.759371,0.712594,0.716691,0.736661,0.526247,0.879361,0.783896,0.833670,0.622518
0.754198,0.851632,0.745436,0.619732,0.658655,0.847486,0.735023,0.697113,0.870101,0.704272,0.584721
0.911288,0.888154,0.649924,0.668476,0.870012,0.849780,0.810323,0.715950,0.903618,0.547865,0.775971
0.775363,0.815237,0.718942,0.686337,0.815758,0.719359,0.737821,0.798863,0.935485,0.825161,0.661562
0.768479,1.087527,0.670958,1.098802,0.889154,0.702190,0.733254,0.742596,0.779302,0.707201,0.741367
0.896448,0.962380,0.761523,0.920240,0.852610,0.645294,0.779471,0.845218,0.974404,0.700782,0.719612
0.895458,0.870181,0.727845,0.792638,0.813613,0.538158,0.790949,0.631566,0.958716,0.860361,0.865290
0.877182,0.859270,0.711886,0.966938,1.121961,0.596501,0.842295,0.886429,0.904170,0.725574,0.749027
0.771042,0.761649,0.810823,0.946938,0.982258,0.825637,0.836672,0.971450,0.983993,0.783124,0.662383
0.666442,0.702500,0.870727,0.884743,1.032547,0.872886,0.696921,0.735483,1.078005,0.921547,0.714318
0.674471,0.758100,0.962200,0.838909,0.990540,0.740226,0.815813,0.745453,0.862486,0.868277,0.749065
0.664807,0.708949,0.880035,0.915118,0.891633,0.773955,0.897730,0.848938,0.596845,0.920556,0.722860
0.775489,0.846472,0.584910,0.815821,0.907399,0.994514,0.879753,0.917660,0.642049,0.758185,0.824912
0.579075,0.952489,0.726992,0.863511,0.867352,0.786302,0.896295,0.774705,0.828113,0.957604,0.809885
0.657867,1.066994,0.826505,0.772558,0.885533,0.955089,1.182074,0.878507,0.834720,1.178838,0.893228
0.741880,0.946787,0.751427,0.850999,0.828759,1.190360,0.898043,0.696521,1.050470,1.041350,1.152516
0.946388,1.085904,0.856221,0.759940,0.820943,1.204688,1.039517,0.720935,0.867048,1.004772,0.870295
1.041885,1.153006,1.008470,0.762808,0.989275,1.186301,1.042138,0.827132,1.071503,1.006087,0.911751
0.983174,1.063048,0.923512,1.032295,0.790474,1.187902,1.239774,0.863273,0.967111,1.304366,1.040598
1.045014,1.316334,0.861079,1.011415,0.748688,0.758816,1.367191,0.760564,0.969253,1.056315,1.269625
1.126843,1.165491,0.801201,0.959115,0.858679,1.023487,1.128678,1.059258,0.874567,0.864603,1.095697
1.042475,1.147139,0.954892,1.012176,1.035155,1.121961,1.275781,0.841878,1.138734,0.976526,1.129806
1.232106,1.143357,0.970570,0.944735,1.369191,1.026726,1.367308,0.948574,1.060432,0.892707,1.034482
1.287950,0.976684,0.911208,1.136734,1.362819,1.227156,1.329814,0.823972,1.386311,0.969937,1.257715
1.077375,1.165493,1.101538,0.913936,1.419669,1.391771,1.130125,1.241817,1.211961,1.273441,1.442005
1.142879,1.306312,1.183860,1.241118,1.127673,1.168169,0.983370,1.094174,1.215626,1.199477,1.233022
1.175379,1.243743,1.382223,1.318040,1.307057,1.203501,1.011253,0.944434,1.368038,1.227906,1.339632
1.078813,1.403583,1.139248,1.245435,1.231589,1.192572,1.199918,0.991360,1.399822,0.862934,1.017811
1.459188,1.633336,1.065044,0.948200,1.376054,1.137485,0.991017,1.267964,1.471735,1.292295,1.026058
1.279241,0.919766,0.763861,0.926818,1.325440,1.621880,1.116005,1.129779,1.583806,1.368285,1.068114
1.184279,1.028146,0.917819,1.377979,1.231173,1.356002,1.063049,1.167450,1.306681,1.436725,1.428453
1.514666,1.536020,0.966565,0.918307,1.218228,1.349867,1.202260,1.565105,1.452654,1.529141,1.371022
1.277849,1.326985,1.237379,1.155380,1.167030,1.096894,0.958856,1.280585,1.401478,1.168578,1.465429
1.353576,1.345718,1.443499,1.110254,1.227837,1.004558,1.243688,1.544407,1.541903,1.225984,1.378763
1.458729,1.580896,1.341795,1.228318,1.286021,1.352958,1.242637,1.380808,1.528385,1.343778,1.524744
1.203776,1.402016,1.366903,1.371534,1.393384,1.284161,1.116718,1.218777,1.420290,1.089801,0.978841
1.580759,1.723283,1.426421,1.355938,1.663183,1.076860,1.230158,1.400389,1.603466,1.625150,1.487791
1.353024,1.829914,1.513457,1.607299,1.392965,1.157404,1.789185,1.379684,1.321571,1.560329,1.223651
1.769711,1.511665,1.617066,1.535176,1.474920,1.392823,1.489981,1.455215,1.474770,1.540349,1.504401
1.629978,1.310571,1.562388,1.530539,1.366428,1.429294,1.463354,1.606276,1.922792,1.760670,1.561983
1.723532,1.559093,1.636200,1.666827,1.398144,0.944319,1.610596,1.441255,1.851779,1.875937,1.047696
1.319329,1.685574,1.119166,1.549964,1.430391,0.941834,1.594341,1.159840,1.166571,1.476803,1.111942
1.183168,1.271745,1.493868,1.533432,1.545428,1.518101,1.946198,1.185253,1.579715,1.716168,1.592951
1.394906,1.408608,1.492199,1.891518,1.617256,1.676859,1.825393,1.944404,1.638013,1.660484,1.540347
1.647928,1.738772,1.534124,1.632749,1.674339,1.541856,1.982266,1.961433,1.795021,1.560301,1.419596
2.106878,1.768991,1.404703,1.670597,1.868909,1.172325,2.227524,1.827762,1.690436,1.534425,1.812990
1.840535,1.847191,1.614130,1.920520,1.711238,1.585285,1.905879,1.970067,2.001056,1.271694,1.743335
2.169697,2.109678,1.618697,1.776258,1.485662,1.874516,1.876604,1.579813,1.701864,1.066012,1.754408
2.046746,1.383705,1.698120,2.040802,2.176621,1.637966,1.734269,1.574131,1.909348,1.351775,1.225444
1.742294,1.771288,1.521181,1.683018,2.055995,1.574004,1.802907,1.751625,2.065231,1.631063,1.877880
2.251929,1.608868,1.613304,1.984940,1.824014,1.741476,1.674524,1.636988,1.602974,1.722409,1.680910
1.646065,1.791461,1.700925,1.721209,1.995760,1.610377,1.344789,1.555478,1.785039,1.620356,2.115399
1.848422,1.997146,1.750396,1.828000,1.733502,1.735897,1.828492,1.861748,1.889041,1.842063,1.909977
1.523457,1.689954,1.608087,2.114589,1.690535,2.127807,1.470962,1.909652,1.753394,1.935124,1.943920
1.760367,2.067143,1.808346,2.275866,2.229887,1.369537,1.878507,1.963520,1.456648,1.691288,1.881227
2.236117,1.967916,2.366498,1.876140,2.076734,1.547828,1.814197,1.863501,1.305998,1.582582,1.261030
1.973224,1.791468,2.302316,1.859976,2.313305,1.360903,1.515062,2.074868,1.458509,1.428996,1.742053
2.203591,1.755615,1.733324,1.935745,2.334992,1.293723,1.291047,2.403456,1.914068,1.648304,1.765741
1.697110,2.152231,2.064202,1.992834,1.990808,1.720806,1.815958,1.975593,1.995134,1.543067,2.068656
1.687963,1.848641,1.929018,2.045326,2.042853,2.041952,1.630414,2.110527,1.699428,1.987512,2.529203
2.377686,2.280973,1.661859,1.941870,1.884559,2.304514,1.639807,2.430036,1.616604,1.936803,2.343957
1.829285,2.187626,1.808909,2.376530,1.784858,2.111076,1.574260,2.245141,1.973100,1.440165,1.986656
2.344441,1.692569,2.321410,2.481986,1.581667,2.264992,1.847325,1.711351,2.368368,1.600737,1.918048
1.746871,2.083225,1.971905,1.932344,2.367283,2.242195,2.209432,2.461524,2.117234,1.648942,2.637150
1.883474,2.059741,2.246355,2.318227,2.141085,2.271687,1.918843,2.143763,2.043450,2.339357,2.082234
1.687159,1.817118,1.914801,2.583738,2.357479,1.955176,1.888705,2.049912,2.290780,1.820974,2.123396
1.777924,2.203956,1.765266,1.988413,2.567155,2.373547,2.733595,1.834966,2.677331,1.654902,1.936525
2.289879,2.238064,1.485999,2.361036,2.339392,2.629519,2.384513,1.900231,2.258424,1.688561,2.020453
2.283146,2.185792,2.275769,2.624038,2.322345,3.078692,2.138177,1.902041,1.840600,2.188495,2.311979
2.231867,2.173246,2.198019,2.386325,2.673090,2.855890,1.724245,1.823829,1.958927,2.279652,2.522826
2.259574,2.348495,1.658190,2.137821,2.354401,2.536324,2.157680,2.031712,2.017562,1.874614,2.552564
2.569952,2.118463,1.460724,2.794577,2.339798,3.000901,2.619602,2.684590,1.727847,2.330761,2.973616
2.324609,2.120513,1.937132,2.292709,2.732384,2.310789,2.398635,2.880747,2.222994,2.328329,2.348297
2.568144,2.775855,2.284768,2.541804,2.121280,2.128175,2.407903,2.039939,2.160022,3.071302,1.755232
2.589084,3.249612,3.045369,2.649242,2.591899,2.204859,2.591491,2.092894,2.407277,2.177122,2.159593
2.365299,2.555795,3.467441,2.524600,3.000174,2.888711,2.429134,2.595958,2.483039,2.712238,2.193873
2.923147,2.509778,2.772338,2.517786,2.734699,2.718535,2.612989,2.074149,3.161279,2.614691,2.028136
2.518796,2.450265,3.287303,2.675289,2.468558,2.718815,2.473901,2.542892,3.144070,2.615362,1.991833
2.420140,2.696699,2.509991,2.843172,1.853437,2.825822,2.160052,2.300736,2.971711,2.111396,2.707406
2.957483,2.509237,2.530901,2.498807,2.232610,3.350557,2.116946,2.885686,2.700326,2.860567,2.215985
2.534753,2.578178,2.475848,2.781809,2.858966,2.441241,1.921491,2.435096,2.300042,2.548397,2.520691
2.332366,3.235745,2.265416,2.524371,2.265377,3.264577,2.543897,2.383731,2.707920,2.730370,2.865951
2.004899,2.840183,2.277991,2.435444,3.480008,2.435958,2.206957,2.439932,2.446834,2.816526,2.529310
2.596121,2.231155,3.206715,2.193040,2.728500,2.963645,2.275210,2.583849,2.236121,2.625228,2.561991
2.426882,2.185778,2.432386,2.195498,2.157504,3.178026,2.671069,2.783687,2.481048,2.709395,2.417789
2.499334,2.614904,3.294351,1.892294,2.507224,2.696179,2.507885,2.774350,2.611433,2.301005,2.682918
2.796034,2.453201,2.585144,2.256704,2.563495,2.335920,2.220237,2.716286,2.382144,2.207238,2.450894
2.754356,2.974585,2.653831,2.872634,3.145223,2.451437,3.118028,2.804845,2.861093,2.341171,2.203483
2.730709,3.216427,2.406201,2.994029,2.322045,2.175820,3.312958,2.275645,2.381354,2.472153,2.493528
2.975359,2.800751,2.727321,3.253004,3.205467,2.646680,2.472678,2.376062,2.353279,2.580028,2.726846
2.828427,2.938998,2.379131,2.670892,2.898181,3.010418,2.668284,2.528900,2.036917,2.568272,2.799777
3.162625,2.409435,2.865180,2.891346,3.007257,3.169733,2.516677,2.586162,2.777675,1.997110,2.752202
3.376391,2.811044,2.535602,3.099734,3.347697,3.109800,2.822337,2.996236,3.066103,2.984851,2.264858
3.117288,2.503351,2.125958,3.059174,3.044374,2.344130,2.839736,2.488731,2.880923,2.791783,2.508688
3.183001,2.866513,2.462823,3.333365,2.651315,3.174637,3.233790,1.984622,2.328856,3.047411,2.750005
2.795716,3.268216,2.474977,2.925158,3.046126,2.646108,3.340932,2.582020,2.451157,2.733169,3.080459
3.323914,2.879693,2.601195,3.456111,3.140399,3.366026,3.360921,2.178544,3.360139,3.912792,3.101009
2.739245,2.788486,3.382750,2.888935,3.031199,2.994142,3.014929,2.306768,2.276739,2.391051,2.869944
2.513787,2.817836,3.689688,2.980300,2.668186,2.851925,2.209009,3.200373,2.429272,2.816606,2.693686
2.905207,3.564677,3.812015,3.341038,2.902076,2.727463,2.954294,3.532201,3.622095,2.969598,2.952230
2.634304,2.769456,3.009392,3.154310,2.684923,3.158279,2.544963,2.684556,2.979064,2.399861,2.759158
2.781908,2.692516,2.558110,2.918490,2.303440,3.832551,3.012971,2.694831,2.819542,2.913932,3.070859
2.430389,3.072813,3.095704,3.211563,2.683289,3.391791,2.995436,2.302294,2.749605,3.245107,3.333201
2.413103,3.033014,2.911793,2.829902,2.708233,2.701816,3.416696,3.285404,2.588549,3.163345,3.560806
2.551689,2.556582,3.116015,2.929935,3.505226,2.577396,2.886718,2.552908,2.883552,3.079011,3.153316
3.190124,3.739301,3.160212,2.723328,3.129906,3.223378,2.835036,2.887008,2.764829,3.767380,2.531558
3.455226,3.223126,2.567515,3.233966,2.620095,2.905540,2.683612,2.313862,3.360014,3.248518,2.951585
3.491588,3.114201,3.179075,2.634392,2.818891,3.727388,3.007333,3.086033,3.119696,3.803304,3.778005
3.718479,3.802430,3.553160,3.540027,2.797282,3.308045,3.163090,3.384301,3.186868,4.325279,2.341605
3.579052,4.230002,3.428937,3.102866,3.369052,3.395031,3.453481,3.283415,3.441626,4.284798,3.369833
2.390276,3.553349,2.665878,2.492128,3.422799,3.195449,3.532441,2.913837,3.326374,3.350072,3.694935
3.512249,2.920036,3.213189,3.070250,3.137656,3.579135,3.586180,3.370772,3.182081,2.766536,4.051232
3.370694,3.564912,2.366399,3.400732,3.887309,3.530533,3.096074,3.005310,3.356895,3.173727,3.697393
3.507090,3.567928,2.734704,2.893700,3.816397,3.671098,3.852460,2.996462,2.619757,2.807995,4.249980
2.885276,3.881583,2.762018,3.250299,3.308658,3.233614,4.123243,3.256725,3.394748,3.493200,4.067340
3.297998,3.057726,2.457020,3.894760,3.458093,3.459865,4.577200,3.412240,3.276833,4.163860,2.936597
2.861394,3.137537,2.512047,3.969312,2.683725,3.735695,3.497949,3.120392,2.710052,2.964933,3.249143
2.889228,3.830506,2.749149,4.039938,3.461363,4.084287,3.355831,3.783314,3.044608,2.542376,3.586980
3.447907,4.184646,2.955545,3.085772,2.738093,4.118521,3.234734,2.974339,3.394618,2.660941,3.226906
2.891848,3.453835,4.151569,3.644687,3.446139,4.006513,3.267681,3.896153,3.376656,2.681081,2.757592
3.262399,3.299498,3.624604,3.451901,2.616485,3.584284,2.748479,3.660274,2.817750,3.797092,3.804550
2.925408,2.858880,3.883862,3.460698,3.373813,4.108039,3.463387,2.952314,2.662368,2.912472,3.218373
3.343651,3.522010,3.014535,2.555571,3.237332,3.986585,2.806390,2.767361,3.007486,2.980175,2.960196
3.568275,3.471906,3.419226,4.153015,2.905623,3.254969,3.241684,3.360920,3.664620,2.987777,3.515533
3.486490,3.047664,3.599826,3.057431,3.527612,3.014951,3.089647,3.602320,3.227732,3.003825,3.302985
4.214311,2.895052,3.379641,3.450383,3.407239,2.940025,3.064278,3.598540,3.270494,3.128347,3.794868
3.281017,3.048434,3.230867,2.959779,3.752186,3.189416,2.982001,4.208698,3.353469,3.296228,3.517374
2.910397,3.737107,3.314656,2.911640,4.467155,3.668506,3.071650,4.123900,3.777953,3.433516,3.380513
3.161097,3.873341,2.683937,3.465270,3.616981,3.629067,3.331396,3.814007,2.687190,4.080229,3.694218
3.450289,3.093083,4.331567,2.710048,4.154103,2.542843,3.346397,3.872412,2.730811,3.538103,3.348125
2.910494,3.504684,4.219596,3.417999,4.376785,3.698854,2.887307,3.318143,3.082534,2.941062,3.132913
3.300192,3.840377,4.104146,4.014360,4.010735,3.268053,3.198726,3.022825,2.839104,3.850133,3.181593
3.532261,3.466173,3.760500,4.138563,3.372931,3.338203,3.672867,2.670226,3.234694,3.394014,2.920775
3.408727,3.102592,2.556816,4.201730,3.410905,3.007125,3.714160,3.094989,2.822392,3.144666,3.428678
3.212960,2.912133,3.514143,3.245617,4.103580,3.433325,3.816050,3.345542,3.247074,3.924840,3.485087
2.581602,3.285773,3.031006,3.524796,3.820400,3.908959,3.455322,2.871111,3.275522,2.326321,3.976372
2.864487,3.744923,3.193542,2.949045,3.234836,3.840151,4.048585,3.264241,3.491160,3.280191,3.034841
2.993268,3.650952,3.116409,3.206951,3.592922,4.445956,3.913237,3.339741,3.550261,3.441766,3.203032
3.526402,3.789851,3.175930,3.977251,3.074547,3.683596,3.003950,2.535863,3.810808,3.583661,3.068481
2.557088,3.363602,3.150145,2.608548,3.252035,2.623840,3.461390,3.384973,3.445502,3.536999,3.640219
2.836933,3.243613,3.571628,2.738961,3.964054,3.673984,3.108388,3.744702,3.891958,2.829832,3.454817
3.191324,2.942420,3.258149,3.091978,3.096129,3.198377,3.388538,3.581021,3.931820,3.693784,3.547086
3.546371,3.541988,2.692903,3.922271,3.492455,3.836485,3.728996,3.969036,3.757158,3.843778,2.642396
3.052846,3.296148,2.726176,3.261709,3.333316,3.346886,2.724483,3.454031,3.421680,3.848725,2.617778
3.930949,4.097858,3.103361,3.010207,3.890065,3.697686,3.819460,3.337467,3.233211,4.268919,2.927471
3.838844,3.540077,3.169308,2.897891,3.546365,3.730942,3.609653,3.399126,3.200710,2.991193,3.578178
3.413778,3.390254,2.953766,2.881508,3.482142,4.224462,3.184293,3.294574,3.275326,3.015678,3.570631
3.319520,3.787065,4.053918,3.686331,2.686656,3.057808,3.493404,2.941981,3.661184,3.743632,3.040471
2.697460,3.173543,3.188205,4.160967,3.340171,3.719109,3.001117,2.943033,3.204897,3.080265,3.737252
2.609497,3.911843,2.895871,3.564103,3.972258,2.902321,3.543939,3.678140,3.598115,3.305269,3.363024
3.241928,3.655206,3.318118,3.817593,3.504055,3.296534,3.018151,3.175130,2.786036,3.292823,2.902225
3.150302,3.333113,3.143133,4.088958,3.915452,3.534633,2.949215,2.336990,3.727801,4.088596,3.409856
3.562669,3.371501,3.302438,3.899610,3.463790,3.164698,3.106933,3.558755,2.835522,4.728005,2.872817
3.367363,3.123972,2.836260,3.547971,3.084757,3.012298,3.960119,3.295968,3.245735,3.904852,3.767025
3.271339,3.725244,2.910191,3.591264,3.202964,3.082007,4.234781,2.204173,3.728046,4.288521,3.087693
3.051485,2.973952,3.769689,4.038682,3.011194,2.475073,4.056322,3.742619,3.328866,3.816175,3.029026
2.923659,3.334611,3.351504,3.380470,3.301833,3.401208,3.464604,3.633437,3.598674,3.390134,3.024439
2.682446,3.221158,3.593542,3.963311,2.955550,3.343954,3.050938,2.986298,3.604522,3.106827,2.728588
3.047069,3.149611,2.674335,3.470213,3.300566,3.141625,4.105671,2.411345,3.700067,3.327133,2.781176
3.099481,2.431264,3.392087,3.536654,3.679786,3.380922,3.601608,3.489285,2.486611,3.698552,2.784182
3.183203,3.003190,4.092240,3.394540,3.547692,3.882694,3.270404,4.149957,2.532230,3.078527,3.074418
3.268993,3.311411,3.679356,3.224273,3.558246,3.290813,2.191238,3.411421,3.158393,3.274359,2.962420
3.145437,2.944778,3.851155,3.469276,3.765936,2.901943,2.891138,3.747437,3.623480,2.368096,4.248360
2.788738,3.833342,3.504991,2.893958,3.018682,3.438640,2.773913,3.251832,2.637222,3.560901,3.489192
2.920884,3.221173,3.047979,3.153125,3.332126,2.599045,3.397305,3.844840,2.902016,2.750495,3.450942
3.304224,3.954196,2.988271,2.834890,2.677376,3.963549,3.363129,3.499009,2.874273,3.822993,2.700050
3.302179,2.790928,3.422866,2.760139,3.268678,3.309470,3.611244,3.437341,3.104577,3.209418,2.971943
3.173420,2.403633,3.213264,2.329118,3.067738,3.154225,3.439034,3.428219,2.812436,3.118839,3.325211
2.708235,3.040591,3.442821,3.027783,3.804114,2.704676,2.493162,4.260652,2.763823,4.347697,2.687806
3.280509,3.323081,3.501312,2.521135,3.961289,2.909012,2.790500,3.472669,3.147986,3.355262,2.914077
3.705787,3.750686,3.187754,2.817738,3.214086,3.235976,2.655607,3.111432,3.226945,2.839073,2.797958
2.856872,3.344590,3.110915,2.833052,3.550735,2.681371,3.411552,2.835251,2.837275,2.336108,3.162371
3.061986,3.343903,2.960258,3.079770,3.661068,3.169881,3.563279,3.149109,2.982137,2.826470,3.078533
3.439930,3.203438,3.379035,3.156079,3.059486,2.093620,3.429380,2.755661,2.138824,2.708674,2.365310
3.478245,3.062971,3.054568,3.151925,3.087851,2.659830,3.435766,3.333960,2.976989,2.649068,3.506794
2.794440,3.251924,3.146235,3.011906,2.961658,2.393627,2.704166,3.745470,2.461762,2.334277,2.783441
3.097735,3.317278,2.489935,2.955685,3.329506,2.332672,3.367068,2.585945,3.307669,2.916020,3.207708
3.276907,3.344106,3.038762,3.276953,3.200389,2.776656,2.825216,3.041589,2.815502,3.121965,3.526312
2.826559,2.729475,3.325276,3.333978,2.476900,2.774146,3.348195,3.234355,3.215592,3.109129,3.352294
2.692761,3.395264,2.522862,2.465253,2.300400,2.928104,2.989161,3.029400,3.248858,3.180951,3.477487
3.102156,3.702209,3.049842,3.014519,2.591361,3.051943,2.736534,2.476560,2.846235,2.851859,3.558086
2.677712,2.929419,2.819383,2.627968,2.952167,3.220696,2.388646,2.673149,2.367414,2.591942,2.934333
2.518366,2.573515,2.849835,3.365722,3.205330,2.506891,2.761688,2.184837,2.422132,2.816396,3.159775
3.600995,2.784103,2.482074,3.419804,2.721942,3.413740,3.004840,2.741182,3.140772,2.452478,2.283836
2.828250,2.298046,2.588966,2.630976,2.590305,2.761788,2.827482,3.191970,2.700691,3.182326,2.696551
3.076419,3.102626,2.889076,3.185931,2.748790,2.846088,2.805046,2.623547,2.764398,2.717064,2.698470
3.145795,3.070039,2.549358,2.590302,3.070806,3.450234,2.963917,2.511230,2.986189,2.344582,3.171962
2.743286,2.918898,2.821158,2.496292,2.775957,3.260066,2.886987,2.598350,3.127361,2.768543,2.895928
3.139451,2.554188,3.318033,2.716086,3.623725,2.468016,2.823714,3.191094,3.413898,2.451203,2.974054
2.661498,2.371607,2.658917,2.758688,2.415261,2.860781,2.886168,2.174229,3.681944,2.760875,3.414041
2.459497,3.295524,2.868540,2.833583,2.956479,3.182695,2.769820,2.666625,3.157426,2.742589,3.016867
2.213530,3.128555,2.601580,2.880362,2.147625,2.266932,2.328829,2.600173,2.676894,2.443969,2.590917
2.852329,3.102525,2.986056,2.617777,3.055005,2.607416,2.760810,2.907660,3.430447,2.373834,2.502115
2.298477,2.729429,2.709204,2.941322,2.172543,2.790617,2.838505,2.042537,3.332466,2.271008,2.585243
2.608358,2.559742,2.524790,2.787359,2.987064,3.199076,2.647301,2.389616,2.597567,2.271832,2.310328
2.157499,3.598538,2.613927,2.618911,2.511650,2.593758,2.429051,2.239773,2.610245,3.037530,2.448907
2.960692,3.125527,3.163554,2.883811,2.911827,2.623378,2.676713,2.321116,2.259179,2.478957,2.419917
2.865503,2.825470,3.112946,2.541644,2.869084,2.761248,2.356205,2.312910,1.974726,3.029864,2.344322
2.580672,2.534555,2.717729,2.589965,2.959282,3.327761,2.882828,2.396560,2.302101,3.537803,2.477789
2.516231,2.384902,2.956989,2.651122,2.799151,3.226865,3.049610,2.310920,2.452044,2.584655,2.923630
2.213757,2.511527,2.708062,2.833153,2.631052,2.382453,2.632930,2.317389,2.240751,2.210111,2.911644
1.958552,2.237069,2.283776,2.369902,2.751045,2.522647,3.064660,2.160403,2.276384,2.338273,2.579484
2.935356,2.160975,2.493177,2.089846,3.311115,2.424380,2.811832,2.572566,2.539625,2.479555,2.292034
2.882409,2.128154,2.424694,1.992483,2.970647,2.684335,2.732793,2.780091,2.273202,2.480527,2.455254
2.615535,1.926196,2.428191,2.340494,2.157702,2.778045,2.513128,2.173500,2.445198,2.614281,2.478857
2.765827,2.220553,1.865176,2.771863,2.363201,2.846540,2.382187,2.351392,1.884250,2.617694,3.144840
2.511108,1.506323,2.270291,2.136225,2.408554,2.637330,2.150745,2.134312,2.050598,2.686077,2.184525
2.306249,2.298868,2.241697,2.049289,1.898335,2.398985,2.069106,2.117335,1.765883,2.167914,2.405795
2.861014,2.190825,2.241369,2.180050,2.360472,2.664201,1.875368,2.539713,1.892572,2.722784,2.977699
2.335731,2.026882,2.513273,2.109970,2.166465,2.917287,2.391751,1.782804,2.118536,1.787694,2.530669
2.200233,2.171286,2.632263,2.351890,2.085793,2.581399,2.213827,2.282049,1.885473,2.108321,2.709756
2.346618,2.052509,1.964817,2.169989,2.301991,2.416473,2.362935,1.994580,1.525572,2.302058,2.805924
2.182736,1.640992,2.385748,2.559998,2.111505,2.102625,2.249590,2.651936,2.300013,2.337241,2.485539
1.961988,1.930820,2.407560,2.144544,2.497323,2.533199,2.104025,1.864431,2.236480,1.779965,2.716942
1.907494,2.128203,2.421116,2.076334,2.590314,1.986680,1.886433,2.101004,2.233640,2.598239,1.842524
2.082662,2.014218,1.802886,2.181889,2.118555,1.977883,2.176389,2.158197,1.764318,2.074218,1.990690
1.854494,1.766149,2.457199,2.152832,2.246176,2.078851,1.943406,1.915400,2.036280,1.874733,1.813348
2.040423,2.289090,2.009695,1.923285,1.795506,2.220543,1.857788,2.534719,2.205550,2.161371,1.595811
2.099647,2.446755,1.958450,2.446695,1.772915,1.985620,2.149302,2.487909,2.291521,1.595287,2.084427
2.163270,2.018264,1.802956,2.379934,1.743914,1.994673,1.812784,2.063167,2.347745,2.026465,2.003470
1.806324,1.601190,1.890582,1.863528,1.547387,1.742867,1.838555,2.098778,2.836515,1.417548,2.084196
1.479394,1.795503,2.364951,1.459615,1.642017,2.049273,2.131642,1.867871,2.260260,1.597485,2.100403
1.808538,1.570558,1.807532,2.051652,1.306165,2.122199,1.649073,2.036547,2.025144,1.856361,1.930044
2.257691,2.159973,1.987210,2.019896,1.654764,1.916383,1.581000,1.495584,2.366015,1.899391,2.343081
1.846678,2.054179,1.610216,1.740978,1.465513,1.979529,1.756941,1.501758,1.871673,2.211038,2.262020
1.860860,2.133166,1.312840,1.708253,1.880971,1.514804,1.602348,1.673249,1.796911,1.918337,1.465309
1.740799,1.911328,1.657089,1.848628,1.798657,1.300823,1.342991,1.619819,1.421345,1.804811,1.722990
1.656234,1.750801,1.429753,1.855069,1.391492,1.621091,1.787133,1.769454,1.647809,1.492232,1.535337
1.584425,1.469484,1.594920,1.745270,1.128739,1.660688,1.697669,1.306210,1.643717,1.403051,1.573990
1.749417,1.505451,1.586406,1.850094,1.844804,1.490888,1.449830,1.661992,1.906714,1.867883,1.651036
1.416573,1.582854,1.662373,1.507923,1.640637,1.741013,1.593108,1.954940,2.009933,1.674032,1.691603
2.019181,1.891360,1.952100,1.747323,1.580614,1.900733,1.391758,1.450353,1.735619,1.586368,1.806781
1.890899,1.462280,1.652870,1.439816,1.744488,1.457292,1.473197,1.762024,1.624893,1.683334,1.390832
1.506369,1.552296,1.528945,1.668139,1.545666,1.424374,1.438163,1.892857,1.624876,1.608784,1.528249
1.446430,1.215156,1.613100,1.560398,1.503219,1.348546,1.484188,1.704220,1.707936,1.654197,1.182543
1.273522,1.222236,1.640039,1.320722,1.746299,1.348372,1.857477,1.507102,1.516518,1.709789,1.055388
1.221499,1.360181,1.432723,1.526334,1.283308,1.423587,1.508995,1.267639,1.438149,1.741953,1.141897
1.535438,1.498994,1.511420,1.436834,1.355419,1.535005,1.510344,1.522115,1.383646,1.340077,1.302553
1.428023,1.609404,1.368377,1.667657,1.632877,1.393698,1.601485,1.494232,1.616750,1.524232,1.513726
1.450139,1.284131,1.280755,1.293517,1.511636,1.149656,1.357076,1.894873,1.490786,1.325129,1.584597
1.468565,1.505198,1.406978,1.155783,1.440178,1.183686,1.467274,1.701758,1.787991,1.333036,1.017601
1.342782,1.728135,1.359808,1.508813,1.378112,1.472901,1.611426,1.461314,1.515837,1.344265,1.259566
1.217946,1.330702,1.534358,1.554647,0.965761,1.513899,1.739451,1.402601,1.363627,1.265851,1.161452
1.157224,1.431318,1.243991,1.226944,1.298297,1.343837,1.657983,1.325692,1.324390,1.188646,1.048434
1.197139,1.408377,1.519220,1.191401,1.300138,1.217531,1.157915,1.547727,1.428803,1.202277,1.184127
1.215474,1.482580,1.252502,1.206533,1.290820,1.243382,1.368354,1.480996,1.422493,0.923572,0.932215
1.197758,1.443758,1.238339,1.176089,0.950845,1.258799,1.421248,1.668394,1.398405,1.144561,0.912720
1.411593,1.206927,1.255476,1.075750,1.147521,1.274199,1.492126,1.175627,1.330870,1.274667,1.007758
1.105886,1.024814,1.019575,1.431887,1.220217,1.245613,1.537966,0.921583,1.196675,1.185069,1.087333
1.086401,1.008387,0.957835,1.168896,1.470302,1.125016,1.170167,1.114411,1.460591,1.095820,1.207775
1.519001,0.851186,0.866815,1.206798,1.334861,1.076797,1.577999,1.287172,1.302968,0.961013,0.973629
1.028644,1.171372,1.036552,1.351408,1.289612,0.903099,1.139158,1.074574,1.010424,1.125254,1.273663
0.972140,1.060376,1.114202,1.052757,1.268498,1.065378,1.186054,1.207287,0.956351,1.149082,0.946126
0.967084,0.824396,1.103095,1.097909,1.117586,1.420423,0.842893,1.250546,1.155085,0.971804,1.046119
1.348547,0.984393,1.053223,1.267276,1.014385,1.158496,1.094124,0.969962,1.211541,1.044055,1.033013
1.045844,1.129707,1.121623,1.027501,1.055137,1.303076,1.047484,0.992340,0.993977,1.090696,1.203357
1.088889,1.016893,1.342695,0.892774,0.988852,1.232705,1.189729,1.059345,0.906024,0.957995,1.101179
0.933271,0.959391,0.917182,1.021023,1.214347,1.056302,0.789822,1.000718,0.989823,1.236032,1.074311
0.844517,0.989244,1.130731,0.787777,1.020511,1.069472,1.158953,0.982539,0.970875,1.055411,0.917906
1.150018,0.934035,0.882470,0.676203,0.913744,1.008370,0.932078,0.729135,1.173670,1.163587,1.030213
1.016225,0.930450,0.633222,0.852450,1.035557,0.783175,0.744281,1.072690,0.960612,1.196828,0.906860
0.782396,1.095281,1.069297,0.873541,1.023359,0.854265,1.065196,0.949277,0.879841,0.849707,1.156779
1.015097,1.071171,0.914417,0.754337,0.982245,0.962330,0.967346,1.046498,0.804551,0.775354,1.202125
0.723131,1.053067,0.830587,0.969221,1.020787,0.769399,0.968632,1.050159,0.972545,0.896772,0.856066
0.917046,0.934556,0.802126,0.839967,0.878278,0.913322,0.978886,0.993589,0.719403,0.945042,1.064604
0.692330,0.943189,0.880520,0.766816,0.830124,1.136621,0.868949,1.035417,1.031304,0.873419,0.927458
0.964485,1.122285,0.751114,0.781619,0.942899,0.990640,0.928416,0.850730,0.888272,0.717057,0.966129
0.933740,0.691293,0.923367,0.744035,0.704945,0.657962,0.797705,0.643074,0.880674,0.881896,1.078726
0.923500,0.964642,0.927771,0.737428,0.631525,0.966777,0.928506,0.832600,0.768420,0.699059,0.682864
0.744813,0.920800,0.913209,0.870118,0.796585,1.019329,0.815828,0.806287,0.792647,0.853137,0.584793
0.774715,0.745329,0.747344,0.624330,0.913691,0.902643,0.867121,0.880813,0.795614,1.004594,0.564293
0.833399,0.828973,0.731261,0.544331,0.917528,0.654408,0.782981,0.702188,0.749943,0.654906,0.736591
0.773030,0.855659,0.557913,0.702315,0.773446,0.617864,0.614663,0.783707,0.833164,0.715709,0.731600
0.796634,0.866272,0.628019,0.814148,0.712776,0.715770,0.749522,0.632887,0.874373,0.746316,0.695725
0.852721,0.906961,0.446027,0.768825,0.833805,0.525834,0.573206,0.893254,0.865738,0.585707,0.642125
0.775340,0.750112,0.638628,0.725550,0.709332,0.687687,0.713491,0.747594,0.754169,0.578344,0.657326
0.601081,0.716358,0.613957,0.691728,0.712821,0.660885,0.754154,0.455536,0.761276,0.747532,0.705342
0.623774,0.606307,0.752914,0.717396,0.691568,0.597527,0.652042,0.674069,0.945177,0.731325,0.726928
0.644393,0.480593,0.893338,0.759780,0.655793,0.702627,0.743274,0.562251,0.805691,0.732823,0.752791
0.426904,0.682842,0.842272,0.662106,0.731250,0.558042,0.639308,0.593272,0.876329,0.728221,0.660739
0.560564,0.454317,0.591900,0.618690,0.688435,0.487843,0.604504,0.789058,0.773799,0.688638,0.491886
0.427161,0.620069,0.748570,0.616092,0.550928,0.427158,0.503645,0.694620,0.722348,0.564452,0.717420
0.608722,0.546714,0.609697,0.631056,0.655763,0.617546,0.565259,0.658971,0.664012,0.631667,0.719863
0.745937,0.731833,0.602727,0.627830,0.671318,0.644142,0.513581,0.627772,0.596233,0.643063,0.555767
0.634111,0.432690,0.770959,0.581200,0.544322,0.676351,0.601175,0.673161,0.536090,0.720870,0.606317
0.601317,0.478793,0.628655,0.583217,0.532024,0.749547,0.593800,0.651448,0.711527,0.679688,0.699491
0.668788,0.487746,0.544305,0.453475,0.530728,0.654403,0.609110,0.528615,0.454166,0.727243,0.484227
0.502077,0.516752,0.499123,0.490062,0.496564,0.539281,0.701487,0.499160,0.483063,0.569812,0.482468
0.589583,0.557415,0.584446,0.461824,0.528437,0.715404,0.473007,0.503267,0.544571,0.595857,0.543520
0.518179,0.549168,0.596868,0.569523,0.521365,0.707799,0.608494,0.391079,0.543963,0.680259,0.539987
0.444908,0.461742,0.487106,0.528483,0.584730,0.622485,0.562413,0.548706,0.639822,0.622562,0.541497
0.465438,0.586503,0.445812,0.516940,0.592210,0.490081,0.689459,0.616333,0.510645,0.541579,0.469830
0.398081,0.551339,0.487633,0.504728,0.576011,0.668572,0.623415,0.524215,0.598188,0.701984,0.765621
0.504964,0.598852,0.391941,0.484267,0.524159,0.570025,0.522125,0.558890,0.430677,0.493509,0.694503
0.562809,0.468781,0.477142,0.505344,0.545242,0.657887,0.502114,0.462930,0.419249,0.587846,0.431628
0.467610,0.474875,0.450983,0.568687,0.477958,0.589468,0.577029,0.511593,0.592498,0.570868,0.460736
0.625910,0.555716,0.399635,0.475856,0.553809,0.571727,0.591376,0.546925,0.551855,0.501515,0.520157
0.637830,0.558879,0.386296,0.678063,0.425095,0.549446,0.545207,0.541296,0.574526,0.630584,0.500887
0.541272,0.317733,0.400877,0.467383,0.453251,0.506150,0.585875,0.481383,0.608403,0.503774,0.484704
0.406328,0.339112,0.380730,0.539511,0.420725,0.465772,0.517260,0.449346,0.649175,0.540413,0.487811
0.426090,0.542159,0.451793,0.525873,0.371415,0.422984,0.532453,0.503123,0.470960,0.390997,0.424827
0.362428,0.512824,0.454860,0.495740,0.483336,0.351515,0.454644,0.500816,0.464458,0.383721,0.505513
0.437204,0.552056,0.463698,0.334421,0.310498,0.437627,0.418407,0.468981,0.450267,0.474224,0.528264
0.445440,0.479343,0.477726,0.386303,0.438762,0.541816,0.548277,0.440261,0.396749,0.521997,0.501797
0.570360,0.537657,0.365484,0.445109,0.517809,0.498174,0.605933,0.438138,0.433312,0.530949,0.287351
0.535131,0.383054,0.574674,0.430798,0.450172,0.346819,0.446469,0.467211,0.440467,0.646088,0.409667
0.411223,0.497125,0.487715,0.471094,0.455512,0.424301,0.530689,0.468938,0.496253,0.402581,0.360831
0.399618,0.539640,0.474709,0.488843,0.427532,0.449880,0.519390,0.393384,0.346346,0.405740,0.468155
0.450111,0.459009,0.442209,0.500821,0.404349,0.527835,0.427378,0.462478,0.446549,0.480963,0.532168
0.477989,0.577213,0.501508,0.557489,0.417912,0.469765,0.361026,0.427604,0.572233,0.477137,0.382521
0.529407,0.588935,0.423439,0.577814,0.461624,0.395987,0.394227,0.301886,0.529303,0.399690,0.603649
0.465488,0.561911,0.465589,0.504878,0.386904,0.393282,0.448988,0.434938,0.500805,0.419954,0.428222
0.490253,0.478769,0.543821,0.425765,0.424211,0.384031,0.488492,0.505667,0.512732,0.334893,0.496312
0.460285,0.368494,0.419433,0.477340,0.418880,0.357155,0.360731,0.487578,0.509438,0.418485,0.414303
0.524120,0.445661,0.437803,0.421250,0.474925,0.408317,0.434793,0.498130,0.414264,0.338357,0.499023
0.444345,0.514617,0.391053,0.475286,0.514988,0.438861,0.574018,0.358062,0.418550,0.576723,0.424099
0.423047,0.526189,0.453036,0.429723,0.485599,0.495970,0.486606,0.388597,0.375455,0.331575,0.590012
0.420486,0.475590,0.392863,0.481044,0.377142,0.612002,0.475955,0.453613,0.347908,0.404774,0.581220
0.270229,0.468179,0.486341,0.524122,0.470733,0.482092,0.429456,0.426678,0.417762,0.545834,0.540180
0.325481,0.422012,0.393351,0.486290,0.407104,0.490210,0.480307,0.368858,0.419479,0.426165,0.512446
0.433938,0.451257,0.367823,0.613483,0.419283,0.476438,0.435288,0.362035,0.364969,0.468304,0.433411
0.505922,0.452228,0.413875,0.526400,0.394430,0.443938,0.459885,0.431847,0.391114,0.405189,0.489178
0.431696,0.521912,0.367404,0.405793,0.323696,0.482518,0.416220,0.360257,0.335806,0.425692,0.587347
0.374384,0.420389,0.428651,0.415062,0.407222,0.562706,0.393678,0.326671,0.329105,0.405429,0.424503
0.311300,0.552772,0.391205,0.467758,0.360226,0.499166,0.548192,0.397568,0.374358,0.400581,0.430397
0.239691,0.383071,0.523438,0.343760,0.375615,0.497999,0.464200,0.491360,0.477196,0.552930,0.425142
0.330444,0.471086,0.377453,0.469319,0.377457,0.371398,0.537810,0.501965,0.352632,0.493084,0.510716
0.371860,0.468969,0.402139,0.514882,0.389314,0.459217,0.585595,0.567912,0.445372,0.571218,0.687063
0.518170,0.434723,0.404386,0.479757,0.393151,0.500976,0.441424,0.416244,0.347935,0.491258,0.694480
0.442662,0.486593,0.478820,0.392358,0.498140,0.378195,0.418442,0.456244,0.342824,0.341660,0.509005
0.364189,0.386341,0.476506,0.410740,0.472907,0.474021,0.554519,0.417663,0.461409,0.462595,0.689463
0.367081,0.379541,0.440071,0.546888,0.410624,0.364132,0.413143,0.550976,0.513393,0.420155,0.521196
0.351127,0.560388,0.505314,0.395794,0.510759,0.359051,0.401216,0.503213,0.468313,0.438650,0.457661
0.406550,0.636392,0.569038,0.443423,0.516135,0.400696,0.407791,0.364151,0.545248,0.391325,0.411951
0.508821,0.346457,0.667562,0.524826,0.474257,0.337025,0.404010,0.324322,0.529834,0.326131,0.452559
0.574523,0.523860,0.510038,0.470297,0.504260,0.405332,0.468075,0.422845,0.585153,0.526127,0.388566
0.493658,0.491813,0.499938,0.621634,0.417796,0.437811,0.615847,0.425881,0.498703,0.465325,0.632458
0.570837,0.451590,0.505995,0.480359,0.490047,0.488248,0.601817,0.426963,0.431034,0.472129,0.543179
0.490216,0.459786,0.574614,0.405858,0.408396,0.619616,0.459154,0.469732,0.585442,0.559663,0.356675
0.454526,0.318279,0.414042,0.485741,0.372415,0.610222,0.556773,0.618460,0.418580,0.385248,0.575437
0.402676,0.581862,0.456499,0.399642,0.428078,0.506069,0.636567,0.485327,0.374073,0.475543,0.608523
0.440024,0.559199,0.394057,0.490066,0.511041,0.503967,0.560884,0.615603,0.363100,0.452033,0.512834
0.491429,0.470477,0.371807,0.508925,0.362989,0.505537,0.418724,0.635523,0.353221,0.620930,0.493697
0.490377,0.536227,0.374667,0.632101,0.429331,0.521300,0.421425,0.439498,0.437228,0.497642,0.473104
0.511013,0.446223,0.587412,0.679948,0.543039,0.453452,0.542632,0.584309,0.431585,0.636896,0.475146
0.433608,0.598668,0.412522,0.477321,0.464881,0.485194,0.619691,0.484036,0.603953,0.504596,0.544886
0.418811,0.542841,0.602733,0.550600,0.552002,0.506531,0.499054,0.431240,0.560293,0.568709,0.523826
0.523954,0.615003,0.537982,0.647981,0.517974,0.508330,0.518884,0.444989,0.620324,0.573258,0.591557
0.596826,0.566194,0.557535,0.611515,0.558796,0.704213,0.560877,0.551401,0.462975,0.608402,0.558991
0.532243,0.458324,0.479792,0.739912,0.660592,0.560214,0.570631,0.609262,0.624459,0.478923,0.466429
0.482569,0.658334,0.414490,0.697509,0.691913,0.680675,0.698923,0.572635,0.577547,0.561928,0.548453
0.705815,0.760224,0.297444,0.510928,0.705742,0.600620,0.518301,0.622893,0.700147,0.438113,0.552032
0.661458,0.550937,0.479447,0.813145,0.784040,0.544121,0.718198,0.511795,0.644680,0.495790,0.553712
0.788362,0.590380,0.590443,0.448815,0.685173,0.546731,0.670296,0.541258,0.671999,0.600046,0.734721
0.678500,0.648978,0.472112,0.585762,0.454245,0.595835,0.727996,0.563165,0.590285,0.414301,0.619046
0.626909,0.504360,0.631107,0.618774,0.634166,0.606843,0.642167,0.592653,0.831473,0.538483,0.668155
0.687679,0.741000,0.600996,0.521836,0.808728,0.582412,0.601456,0.632303,0.663540,0.524069,0.852402
0.589556,0.673971,0.542251,0.452187,0.752888,0.571423,0.630182,0.820777,0.716789,0.573822,0.758160
0.498515,0.762392,0.760298,0.612058,0.818423,0.444624,0.823012,0.783972,0.653255,0.540108,0.767317
0.546467,0.692406,0.809982,0.704720,0.801400,0.510169,0.819862,0.744993,0.805238,0.755750,0.577258
0.674120,0.862481,0.646672,0.592541,0.595709,0.573968,0.741845,0.804870,0.520084,0.686120,0.776077
0.623450,0.784624,0.645098,0.768250,0.740355,0.611318,0.651783,0.821031,0.579275,0.680308,0.730691
0.659455,0.939753,0.793300,0.579346,0.659740,0.624456,0.607580,0.669400,0.854279,0.692483,0.656811
0.590381,0.820732,0.750441,0.747593,0.800590,0.639838,0.677505,0.564452,0.859155,0.617025,0.574338
0.568882,0.813131,0.705002,0.719423,0.481968,0.767877,0.756582,0.509960,0.827822,0.552563,0.615115
0.770936,1.039161,0.730765,0.799153,0.645871,0.674108,0.787532,0.542151,0.799272,0.571175,0.528995
0.653409,0.818402,0.625534,0.671789,0.636575,0.774496,0.724646,0.798877,0.602663,0.744125,0.577322
0.775797,0.775044,0.522078,0.583079,0.864481,0.788313,0.773258,0.517656,0.677504,0.816382,0.543841
0.638372,0.743497,0.714105,0.629683,0.838670,0.955518,0.764816,0.656955,0.898799,0.716181,0.667998
0.791651,0.778848,0.780311,0.639769,0.819466,0.907103,0.799719,0.811853,0.816133,0.538647,0.842087
0.753082,0.978978,0.644408,0.782417,0.719016,0.757006,0.834531,0.816558,0.804553,0.807434,0.791122
0.768576,0.982380,0.770264,0.724434,0.826175,0.810725,0.702939,0.758905,0.800516,0.629553,0.916027
0.653486,0.964775,0.791264,0.742171,0.716814,1.035231,0.600627,0.899876,0.822578,0.587737,0.957864
0.774022,0.870892,0.522704,0.560928,0.942688,0.978376,0.787780,1.079281,0.753241,0.790402,0.682528
0.836490,0.942870,0.640127,0.656141,0.944422,0.829183,0.886087,0.945222,0.712699,0.723261,0.777938
1.003420,0.948640,0.958520,0.692671,0.776765,1.079583,0.992243,0.675658,0.913669,1.055947,0.708157
0.783167,0.872033,0.926061,0.835891,0.770944,0.772939,1.033844,0.728116,1.012799,0.927069,0.770203
1.005854,1.024114,1.163438,0.837658,1.115475,0.664206,0.828200,0.703680,1.022356,0.873982,0.791456
0.960089,0.791151,1.334343,0.817465,1.035097,0.891689,1.115856,0.959609,0.744699,1.106847,0.797757
0.994386,0.946210,0.868801,0.794960,0.939052,1.057307,1.058415,0.933039,0.807978,0.906993,0.786670
0.964771,1.248496,0.963026,0.937816,1.069124,1.000166,1.027999,0.765180,0.865288,0.887220,0.920013
0.698177,1.175906,1.044274,0.898753,1.023511,1.060359,1.013000,0.754657,1.010323,1.221144,0.749005
0.936038,1.211588,1.428518,0.709657,0.934757,1.183429,1.339574,0.766736,0.862609,1.105661,0.972169
0.857422,1.156961,1.140429,0.778409,1.003339,0.997594,1.028465,1.010049,1.037038,1.086523,0.884540
0.790391,0.838596,1.286866,0.822470,1.229021,0.949417,1.052135,1.209376,1.290012,1.228029,0.782666
1.065555,0.998254,1.240390,0.915249,1.016533,0.836178,0.941741,1.174697,0.693982,0.939975,0.988994
1.136541,1.268075,0.992268,0.767568,1.168020,0.922152,0.751137,0.855806,0.929457,0.778355,1.117409
1.134813,1.393045,1.357953,1.091274,1.147882,0.845479,0.655701,1.152160,0.871785,0.980760,1.134642
0.957526,1.444285,1.008773,1.003782,1.416151,1.104702,0.832118,1.185268,0.818682,0.909741,1.452559
0.912818,1.038769,1.388202,1.076951,1.046744,0.974909,0.852347,1.179781,1.096968,1.255262,1.475615
1.129445,0.954786,1.143030,1.036246,1.186706,1.063502,0.931388,1.448527,0.915963,1.513995,1.344247
0.974406,0.989123,1.223716,1.013278,1.139476,1.273317,0.864847,1.107986,1.012059,1.384329,1.376234
0.938937,1.065131,1.223374,1.322760,1.478893,1.362712,0.976207,1.420640,0.972224,1.238112,1.490723
1.077275,1.107424,1.370686,1.191925,1.278664,1.447397,0.985671,1.079451,1.122035,1.255557,1.356494
1.094909,1.125086,1.296866,1.105144,1.398364,1.345072,1.122700,1.682257,1.185891,1.183735,0.991256
1.209733,1.249682,1.630693,1.364008,0.843279,0.990978,1.174728,1.154547,1.442311,1.104119,1.137087
1.010601,1.882496,1.594424,1.411525,1.295057,1.061378,0.964980,1.365819,1.353036,1.292172,1.456531
1.043301,1.202994,1.474207,1.178889,1.416621,1.228239,1.041141,1.099309,1.382600,1.458634,1.020529
1.422063,1.221825,1.593268,1.399395,1.005170,1.270515,1.036024,1.005546,1.485791,1.394481,1.074529
1.159981,1.171859,1.118940,1.218829,1.178786,1.581907,1.337731,1.224328,1.602618,1.639236,1.337499
1.148608,1.024336,1.177871,1.081541,1.116379,1.623928,1.428266,1.169367,1.558329,1.395145,1.288384
1.339070,1.048026,1.208651,1.385360,1.062508,1.255982,1.579999,1.123493,1.172566,1.247001,1.572545
1.331448,0.822257,1.034217,1.148840,1.156119,1.496232,1.590407,1.085325,1.098067,1.171145,1.300489
1.271406,1.170802,1.582753,1.186021,1.179353,1.672440,1.408687,1.206821,1.235864,1.252286,1.350247
1.272391,1.073053,1.404397,1.405229,1.496519,1.467395,1.157073,1.192575,1.324117,1.237427,1.251231
1.320683,1.699622,1.584196,1.473051,1.308870,1.644591,1.215275,1.335718,1.561456,1.353704,1.220594
1.226709,1.356943,1.715639,1.609287,1.253928,1.404722,1.426258,1.669681,1.544225,1.276858,1.219901
1.595515,1.341667,1.401047,1.536966,1.521787,1.770224,1.524461,1.526272,1.508497,1.304542,1.538805
1.663907,1.251263,1.625823,1.512901,1.500063,1.815378,1.515449,1.592281,1.282357,1.774371,1.811114
2.016294,1.538193,1.580355,1.657214,1.708442,1.518646,1.304341,1.562738,1.851973,1.785837,1.593291
1.606151,1.276895,1.621237,1.490765,1.543159,1.221694,1.755621,1.683605,1.381602,1.321661,1.157815
1.980464,1.789986,1.689690,1.674309,1.781609,1.661789,1.524341,1.351475,1.970535,1.312704,1.508612
2.354428,1.931591,1.548710,1.817188,1.491733,1.591723,1.479710,1.401505,2.082549,1.692380,1.404625
1.958170,1.903560,1.781399,1.737323,1.761651,1.673120,1.310116,1.526507,1.558205,1.793691,1.536751
1.954928,1.986789,1.831174,1.380780,1.685344,1.815890,1.421039,1.825467,1.396301,1.321717,1.377463
1.768842,1.889834,1.769703,1.803188,1.513896,1.366474,2.113257,1.830037,1.549494,1.441225,1.661376
1.717674,1.986631,1.600347,1.969618,1.535737,1.976221,1.822096,1.326711,2.085836,1.511766,1.430736
1.455822,2.235359,1.656498,2.056403,1.499674,1.973515,1.815182,1.585650,1.584340,1.532598,1.512576
1.396355,2.311321,1.852114,1.677030,1.493643,2.215526,1.501391,1.226800,1.862217,1.399628,1.940852
1.386255,1.917101,1.348986,1.789217,1.569321,2.438643,2.022551,1.346509,1.526904,1.236430,1.918845
1.649683,2.070588,1.792016,1.564202,2.151781,1.768664,1.879825,1.785873,2.028537,1.514486,2.052968
1.602149,2.071977,2.076873,2.237186,2.090717,1.672754,1.744440,1.958400,1.736651,1.541351,2.016963
2.179660,1.888498,2.183751,1.739972,1.961225,1.616068,2.274479,1.951937,2.263611,1.651887,1.855080
1.729732,2.407438,2.540272,2.128517,1.894274,1.699251,2.089895,2.120169,2.150455,1.532588,1.652821
1.740485,2.073048,1.829156,1.921305,1.918959,1.962731,2.072279,2.200727,2.204894,1.964950,1.800852
2.084904,2.168676,2.087724,1.809792,2.274857,2.195756,1.898320,2.591110,1.886411,1.314631,1.778894
2.292357,2.061064,2.548245,1.736619,2.219861,2.033889,1.550940,1.982714,2.262622,1.913548,2.107452
2.384895,2.047376,1.910854,2.959048,2.116158,2.153862,1.300310,1.847203,2.195718,1.986200,1.840494
2.209200,1.681458,1.953282,2.993844,2.263762,1.780434,1.912977,1.931998,2.375614,2.032477,1.999947
2.207521,1.932640,1.990392,2.323901,1.841484,1.981196,2.087133,2.364571,2.129516,1.989142,2.425195
1.875414,2.276895,2.144597,2.226348,2.458990,2.137832,2.376130,2.378491,2.652050,2.088778,2.096058
2.291708,2.065264,2.589760,2.185349,2.839796,1.992867,2.684830,2.097835,2.009690,2.101088,2.511408
2.455020,2.609931,2.691440,2.142124,2.456822,2.580124,2.409769,1.992172,2.387643,1.920820,1.942990
2.511915,2.428992,2.412393,1.803852,2.046281,2.619650,2.808645,2.278487,2.014877,2.165788,2.012138
2.365115,2.248620,2.359721,2.057364,2.391137,2.762382,2.468729,2.410291,1.893699,2.221611,2.311705
2.602947,2.691353,2.248225,2.427969,2.394832,3.140789,2.258467,2.110752,1.745406,2.278369,2.169515
2.762363,2.486039,2.737926,2.184362,2.520973,2.970588,2.229883,2.361556,1.813497,1.768409,2.441726
2.379340,2.197870,2.178260,1.963366,2.030873,2.932228,2.617035,2.071767,2.422814,1.967027,1.954189
1.680319,2.550938,2.834191,2.349134,1.970969,2.843695,2.407204,2.233628,2.159862,2.246814,2.033125
2.449965,2.492991,2.808624,2.155842,2.261079,2.421579,1.837370,2.245588,1.914610,2.290810,2.399739
2.612228,2.674083,2.007039,2.096174,1.872646,2.296194,2.151111,1.916329,1.598684,2.001440,2.423319
2.695309,2.427750,2.367781,2.483693,2.155359,2.218639,2.111417,2.073937,2.301169,2.308121,2.776712
2.611934,2.293777,2.850995,2.124845,2.668509,2.054883,2.298353,2.084662,2.040440,2.265493,2.558084
2.528802,2.382616,2.575487,2.019277,3.067387,2.952316,2.176910,2.311991,1.865669,2.393656,2.382929
2.815922,2.094503,2.565414,2.777874,3.095175,2.189926,2.355815,3.004637,1.941228,2.388059,2.972616
2.546569,1.905119,2.773352,2.636613,2.810981,2.382562,2.697016,1.949176,2.237326,2.568084,2.553779
2.281586,1.993777,1.869809,2.095713,2.518111,3.102627,2.409041,2.365786,2.641043,2.633225,2.375601
2.184768,1.877471,2.484238,2.530668,2.969114,2.828751,3.122091,2.281460,2.701378,2.811687,2.473329
2.016827,1.983482,2.429025,2.513352,2.560552,2.373046,2.576835,2.570644,3.106967,2.970762,2.580974
2.472511,2.237658,2.735123,2.472165,3.225932,2.915246,3.137079,2.266821,2.943657,3.098951,2.294211
2.457463,2.036372,2.349767,2.881214,3.239335,2.999141,3.480724,2.335532,3.175082,2.960502,1.994381
2.616831,2.199033,2.509763,2.550065,3.074540,2.798134,3.250912,2.583689,2.961188,2.538361,2.458222
2.591048,2.779087,2.634768,2.686412,2.365931,3.248950,3.166739,3.159181,2.494284,3.013961,2.390647
2.647440,2.055785,2.735981,2.518458,3.118184,3.343822,3.389938,2.986405,2.767539,3.504552,2.467250
2.651213,2.674076,2.628865,2.361110,2.919188,3.470633,2.457548,2.298815,3.029332,2.503190,2.992645
3.101716,2.705339,2.911951,2.786831,2.826871,3.364876,3.218693,2.217756,2.316354,3.287762,2.530155
3.122682,2.274326,2.612224,2.386173,2.839583,3.038336,2.709885,2.239365,2.554521,3.086118,2.653450
2.698983,2.497935,2.881730,2.589481,2.790303,3.962034,2.739202,2.280339,2.598433,2.916113,2.922910
3.102424,2.601072,3.082780,2.912717,2.692846,3.675889,3.098518,2.119884,3.003117,2.184561,3.172096
2.579867,2.944623,3.596803,2.868916,2.383249,3.375214,2.660618,2.736580,3.119352,2.472958,3.071590
2.935494,2.717740,3.025269,2.581574,3.178680,3.880061,3.453964,2.357195,3.103437,3.663434,2.783765
2.825822,3.055752,2.672218,2.701628,3.129204,3.226092,2.416680,2.440992,3.164465,3.412665,3.255948
3.165542,3.187862,2.822996,3.357143,2.977224,2.958734,3.349532,2.750751,2.844819,2.556722,3.356331
3.360329,2.872599,2.720168,2.774214,3.584346,2.529278,2.394430,2.538211,2.855644,1.946735,2.731838
2.561351,2.341306,2.677976,3.066315,3.731004,2.846004,2.786152,3.029077,3.228285,3.370234,2.828108
3.101273,2.926144,2.592615,3.043758,3.894701,3.238771,2.470019,3.163216,3.658158,3.197286,3.220972
2.830401,3.294408,2.077054,2.775521,3.374038,2.902793,3.016386,3.067705,3.305192,3.314795,3.163414
3.756124,3.375320,2.434535,3.647948,3.271761,3.011096,2.519464,3.503684,3.697365,3.586634,2.413296
3.471086,3.555787,2.700844,3.405200,3.586553,2.862405,2.518579,3.811598,2.479302,3.227623,2.854378
2.610158,3.207640,3.366534,2.789408,3.160192,2.966906,2.851207,2.665731,3.576234,2.911066,3.572328
2.548497,3.296421,3.038822,3.624401,2.998576,4.012407,2.357633,2.828632,4.026090,3.254314,2.968745
3.286883,3.274669,2.455409,3.645231,2.723629,3.732203,2.708620,3.218840,2.629029,2.635061,3.498811
3.829068,2.804216,2.866630,3.724435,2.845611,3.113713,2.752038,2.747165,3.319486,2.776526,3.866346
3.392271,3.920860,2.833411,3.284963,3.203724,3.890893,2.893668,3.440623,3.524990,3.106087,3.427564
3.443629,4.101793,3.078998,3.625735,2.798061,3.479399,2.867172,2.691249,3.608619,2.239077,3.022570
3.414482,3.213497,3.653508,3.028792,2.820294,3.091203,3.328122,3.034715,3.425738,2.611235,3.145735
4.074621,3.270343,2.915110,3.430067,2.737168,3.243345,2.763417,3.176114,3.254918,3.342010,3.381504
3.778771,3.918884,3.675460,3.747465,3.350184,3.392440,3.593238,3.077924,2.959199,2.886684,3.665093
3.562453,4.087097,3.219397,3.399490,3.608492,3.096869,4.199105,2.851459,2.914862,3.616789,3.761508
3.050710,3.772968,3.186825,2.132246,2.512687,4.338978,3.231174,3.844926,3.391247,3.668111,3.734476
3.821165,3.240130,3.434828,2.652201,2.806029,4.320343,2.662980,2.846477,2.903695,3.038029,2.721674
3.395216,2.962513,4.058486,2.889267,2.904691,3.054509,3.367408,2.812581,2.914688,3.117061,3.094920
3.358284,3.517096,3.806589,2.752368,3.193242,2.909017,3.792269,3.938320,3.226877,3.118433,3.325433
3.502322,3.801582,3.421514,3.237432,3.393648,3.334201,4.408719,3.103457,2.952644,2.838718,3.783237
3.426839,3.292249,3.491534,2.895653,2.790917,3.527936,3.838238,3.601960,3.103760,2.710228,3.478695
2.612457,3.507650,3.248912,2.557672,2.533932,3.354092,3.763603,3.234282,2.869889,3.227680,3.768044
3.573451,3.253395,3.605493,3.225767,3.619719,2.512503,3.385919,3.247756,3.181000,2.747598,3.377290
3.589275,3.257501,4.210015,2.996581,2.501524,3.278927,3.294289,3.298757,3.132063,3.356584,3.584533
3.539985,3.616712,3.280016,3.497959,3.106638,3.572238,3.054796,3.636637,2.766957,3.629206,3.309044
3.121697,3.569844,3.456947,3.779462,2.818228,2.509073,3.647899,3.296926,3.323224,3.274870,3.326630
3.600335,2.930975,3.238608,2.740231,3.143672,3.223861,2.817373,2.960284,3.428388,3.694247,4.021222
4.247706,3.440912,3.639222,2.979161,2.691556,2.741640,3.085947,3.240925,3.239160,4.034868,3.347599
3.439179,3.699098,3.646250,2.836376,3.156487,2.942927,3.504186,3.723739,3.139447,3.451885,3.637291
3.502237,3.232143,3.580625,2.758126,2.988014,2.820609,3.638078,3.804831,4.155815,3.776832,3.443121
3.196135,3.923257,3.479410,3.464284,2.309099,3.144348,3.937857,3.815889,3.856922,3.876229,3.885206
3.683084,3.443365,3.043262,2.845235,2.793283,2.458308,4.437797,3.339343,3.194924,3.960210,3.324337
3.795317,3.591973,3.371895,2.908190,3.103427,3.602167,3.296421,3.376111,3.415674,3.118980,3.425343
3.258619,3.916903,3.023454,3.094380,3.632397,3.073569,3.313557,3.230054,3.795130,3.221016,2.822856
3.632358,3.647405,3.746755,2.450879,3.773848,3.660416,3.591539,4.142657,3.508813,3.459814,3.719571
3.854883,3.744158,3.147743,3.388793,3.365880,3.785246,3.576158,4.119130,2.969816,3.316140,4.074870
3.880574,3.333673,3.031159,3.426932,3.827394,3.399725,3.702992,3.942614,4.147493,3.457920,3.582377
3.936388,2.956178,3.228955,3.316862,3.252448,3.838729,2.877379,2.739989,3.026247,2.697966,3.815122
3.742998,3.174481,3.315077,4.310340,3.273182,3.298824,3.580985,3.825203,3.978905,3.473659,4.051725
4.306198,3.261576,3.138430,3.840304,3.658514,3.222614,3.108390,3.516398,3.411689,3.327330,4.213221
3.459464,3.311492,3.729426,2.730857,3.687511,3.605432,2.871596,2.763287,3.516323,3.399109,4.405023
3.965435,2.770787,2.853017,3.061935,4.104567,2.852262,2.985195,3.554272,3.345233,2.762860,4.108705
3.441882,3.714224,3.813059,3.734978,3.964073,3.636083,2.639500,3.555659,3.721267,3.007806,4.460753
4.325167,3.827606,3.693955,3.472066,3.858602,2.886724,3.181831,3.246621,3.666074,3.667036,3.806368
3.801636,3.626019,3.345813,3.469957,3.574403,3.126517,3.275945,4.077480,3.993889,2.868450,3.191165
3.698210,3.791034,3.948971,3.599768,4.163881,3.637035,4.024681,2.989278,3.421560,3.614779,4.117144
3.183403,3.095463,3.064729,3.432837,3.290353,3.744487,3.843126,3.322688,4.278510,3.482903,3.790384
3.310042,3.168441,3.253679,2.712969,3.537630,3.735976,4.091332,3.644890,4.188615,3.607426,3.554233
3.192390,3.149051,3.342363,3.716370,3.578300,3.088195,3.352187,3.509089,4.262684,3.263321,3.795137
3.298772,4.331010,3.399605,3.464029,3.232049,3.240720,4.154802,4.155944,4.001304,3.805670,3.032460
3.546742,3.453952,3.569043,3.502254,3.069551,3.388968,3.635106,3.782204,3.748227,4.716440,3.539811
3.288235,3.107734,3.503584,3.020863,3.610088,2.672433,3.374600,3.585861,3.971981,3.167658,3.370559
3.561080,3.561006,3.776649,2.793111,3.175478,2.882111,4.224659,3.068576,2.987832,3.299748,3.101152
3.790986,3.166690,2.953257,2.882871,3.498841,3.334721,3.479068,4.209768,3.576566,2.757638,3.907815
3.177732,3.785638,2.938163,3.205542,3.747475,3.480796,3.529063,3.951177,3.518411,3.169778,3.755132
2.882846,2.623843,2.880760,3.887524,4.009563,3.723498,3.740678,4.002324,2.757205,3.212223,3.828997
3.659164,3.825618,3.732061,3.808822,2.847706,2.685620,3.447648,3.453222,3.788515,3.222187,2.968397
3.730676,3.128605,3.531053,3.627893,3.086941,3.286243,3.374907,3.428337,3.636501,3.516066,3.486046
2.907594,3.861727,2.748091,3.285723,3.102180,3.991557,3.006608,3.970851,3.166223,3.687548,3.087086
4.103951,3.229008,3.014511,3.994205,3.676347,2.954025,2.883779,3.205993,3.164015,3.542405,2.972479
4.261516,2.729974,3.156180,3.923571,3.983616,4.046270,3.043417,3.177786,3.720517,3.521329,2.827269
3.355592,3.191107,3.434197,3.475980,3.390459,3.305194,3.729283,2.505107,3.564663,4.070956,3.250937
3.054996,4.482441,3.454501,3.114049,2.872580,3.419973,3.345290,3.517101,3.153450,3.739806,3.914459
3.116596,3.737516,3.861369,3.594561,4.045564,3.480214,3.375639,3.120454,2.982819,3.971180,3.879838
4.241886,3.574919,3.221487,3.637011,3.619758,2.731437,3.508293,3.231360,3.106965,3.549032,3.404291
3.568645,3.090264,3.077327,4.083176,3.514870,3.200182,2.938550,3.388062,2.582741,3.238946,3.400787
3.415703,3.429276,3.741879,4.017435,3.653113,3.812188,3.528705,2.681907,2.779746,3.973630,3.181276
2.787958,2.681195,3.854732,3.402497,3.302952,3.589502,3.836189,2.588843,3.219404,3.449108,3.156871
3.344871,2.660688,3.328890,3.123890,3.627901,2.511037,3.708813,2.537782,2.700326,3.387469,3.149184
3.457327,3.281563,4.022488,3.314281,3.369815,2.699753,3.560090,2.648532,3.038936,3.260361,3.558536
3.706994,3.230445,3.583759,3.624284,3.535308,3.318250,3.066690,2.697450,2.565050,3.845539,3.478529
3.330390,3.557925,2.774233,3.371805,3.403927,3.218701,3.170864,2.693476,2.451623,3.900894,3.502031
3.228870,3.681127,3.418516,4.012280,2.675615,3.628735,2.854788,2.809550,2.026360,3.438794,3.116070
3.042716,3.472320,3.319422,3.411932,2.552478,2.967274,3.626059,3.151765,2.562036,3.230619,3.308978
3.206624,3.444491,3.429562,3.608365,2.662404,3.237278,2.543848,3.575832,3.032112,3.838750,3.368024
2.660263,2.663118,2.929456,2.626351,2.759265,3.251989,2.732683,3.060270,2.544834,2.625611,2.582820
3.412509,2.970791,3.380143,2.237064,3.323427,3.682782,3.209133,3.371800,2.868749,2.825340,2.976772
2.830691,3.242566,2.919001,2.992942,2.967991,3.678860,2.747166,2.547118,2.751265,3.304554,2.487900
3.090278,2.594710,3.178671,2.522687,3.252969,3.240580,3.082959,2.895829,3.269597,3.178204,2.546474
4.057750,3.139506,2.928737,3.010204,2.446469,2.946911,2.607555,3.073343,3.696181,2.864708,2.961051
3.239562,3.144487,2.822985,2.889047,2.638633,2.551908,2.746540,3.077290,3.443889,2.850998,3.203853
3.259708,2.865515,3.343952,3.406228,3.059922,3.245804,3.358813,2.913815,3.237621,2.705695,2.922121
3.393800,3.001807,3.132919,2.950042,2.095837,3.009822,2.878209,2.758093,3.193868,2.284447,3.091356
3.283413,2.599492,2.615749,2.870252,2.741229,2.799445,2.640676,3.061708,3.180061,2.534206,3.049074
2.340066,2.807089,2.154802,2.919985,2.526168,3.134593,3.175331,3.126404,3.129623,2.600295,2.786845
3.169936,2.713568,3.151325,2.857642,3.132696,2.775248,3.058066,2.695257,3.680335,2.678719,3.111762
2.936653,3.378924,2.919835,2.383367,3.154529,3.390378,2.882471,2.569689,3.517513,3.200872,2.820848
2.154407,3.070069,2.324414,2.655307,2.682968,3.177372,2.638752,2.509703,3.238025,3.210263,2.735290
2.501651,2.411342,2.568245,3.108446,2.591167,2.842185,2.471560,2.725054,3.129459,3.267449,2.515438
2.911721,2.104040,2.706598,2.919303,2.391027,2.230847,2.864242,2.007926,2.822654,2.955879,2.436578
3.104841,2.447247,3.089717,2.780971,2.410835,2.928813,2.597655,2.762187,2.883567,2.941424,2.497298
2.379592,2.618468,2.483191,3.182648,2.414403,2.418728,3.007774,2.496246,2.938252,2.582945,2.773342
2.487306,2.253068,2.560212,2.657077,2.381333,2.732788,2.731076,2.610707,3.127403,3.003495,2.097747
2.981757,1.931987,3.126223,3.035181,2.402568,2.768738,2.796611,2.640953,3.000127,3.111442,1.967091
2.882121,2.865038,2.854502,2.596876,2.816040,2.487887,2.370498,2.554319,2.771236,2.441612,2.527690
2.129271,3.091613,2.719379,2.241028,2.460822,2.459847,2.456523,2.749678,2.867567,2.695457,3.237977
2.838670,2.967381,2.983510,2.339094,2.583036,2.694425,2.217458,2.743650,2.308597,2.788267,2.998738
2.740881,2.898065,2.216075,2.862346,2.540233,3.051922,2.687535,2.594715,2.060426,2.634381,2.431248
2.793986,2.905254,2.053800,2.342585,2.308811,2.739987,2.286823,2.774416,2.465294,2.238474,2.581125
2.356428,2.767677,1.758334,2.686172,3.177756,2.149014,2.438273,2.194032,2.555504,2.323856,2.392698
2.949984,3.113854,1.900217,2.692676,2.769063,2.090903,2.147188,2.088033,2.264958,2.725184,2.032568
2.615743,2.593768,2.305750,2.946456,2.252207,2.426564,2.297248,2.769157,2.136463,2.204868,2.259776
2.258579,2.713529,1.978183,2.764559,2.212715,2.533366,2.192908,2.636940,2.306910,2.055277,2.192693
2.573243,2.593945,1.887876,2.114157,2.849355,2.187444,2.578841,2.124450,2.171884,2.447833,2.230466
2.297449,1.792043,1.750877,2.325100,2.715212,2.682067,2.720345,1.991370,2.608107,2.698581,2.412861
2.173136,2.224399,1.866797,2.527459,2.728105,3.025312,2.710775,2.214963,2.620501,2.428134,2.343236
2.324195,2.019369,1.820960,2.528337,2.803421,2.347305,2.189376,2.041398,2.494829,2.084366,2.327013
2.637557,2.336873,2.937557,2.486801,2.686269,2.431054,2.334965,2.267794,2.433071,1.783297,2.112242
2.881429,2.561774,2.399060,1.982346,2.189532,2.021550,2.475342,2.636820,2.443616,2.399070,2.183868
2.721863,2.311223,2.227951,2.218162,2.174598,1.958677,2.843075,2.013495,2.499655,2.422064,2.061980
2.595793,1.961102,1.731419,1.936730,2.640578,2.188754,2.249213,2.531670,2.478700,2.002466,2.425969
2.602900,2.115486,2.356454,2.317855,2.385912,2.334268,2.387102,2.584843,2.320751,2.233965,1.892575
1.980810,2.066062,2.098968,2.734634,2.372911,2.296375,2.579566,2.322484,2.394098,2.045687,2.360956
2.013896,2.088965,2.297508,2.262480,2.010560,2.595475,2.196038,2.377232,1.493697,1.927506,2.084551
2.632392,1.958765,2.211472,1.794954,2.434876,2.329597,2.367136,2.153575,1.817816,2.379478,1.839434
2.331807,1.247762,2.309449,1.788046,1.758236,1.788942,1.950454,1.704206,1.941581,2.284483,2.320612
2.261468,1.721398,1.976400,2.412592,1.842932,1.788369,2.121089,1.353748,2.005120,2.037261,2.066637
2.819302,1.601730,2.217594,1.803812,1.511985,2.154934,1.780356,1.951966,1.797336,2.114538,2.004046
2.161869,1.887702,2.374864,1.702663,1.941831,2.064695,1.898351,2.498959,2.223261,1.926421,2.275327
1.842222,2.459260,1.951415,1.996091,2.038094,1.741694,1.931774,2.012623,2.009980,1.954284,2.073546
2.096500,2.261310,1.827036,2.333981,1.775418,2.067583,2.164034,2.229389,1.986687,1.893752,1.918230
1.735161,1.867643,1.724429,2.541168,1.704264,1.996915,1.721608,1.756108,1.817590,1.961723,1.890813
1.982427,2.161561,2.013562,1.825849,1.922337,1.471862,2.171705,1.994045,1.991855,1.949969,2.444741
1.697943,2.082324,1.607123,1.622502,1.648170,1.955396,2.371731,2.019974,1.866320,1.944930,1.998339
1.629938,1.543853,1.881416,2.009309,1.506682,1.673257,1.608692,2.079750,1.977602,1.767101,2.135360
1.643131,1.631178,1.546180,2.336349,1.802194,1.491706,1.841664,1.940275,1.881668,1.415972,1.849718
1.629280,1.654359,1.839891,2.486508,1.972308,1.965712,2.228139,1.887275,1.493144,1.540436,1.655088
1.628992,1.827763,1.742821,1.976991,1.945863,1.656108,2.094377,1.783416,1.755088,1.699831,1.840890
1.854863,1.775139,1.550553,2.056669,1.779760,1.631413,2.386125,1.997875,1.841406,1.867938,1.727973
1.431274,1.857561,1.415386,1.741796,1.842250,1.331498,1.461881,1.641334,2.104994,2.018741,1.308396
1.692139,1.609641,1.941738,1.525441,1.684558,1.656073,1.529061,1.418127,1.879036,1.618826,1.057887
1.431868,1.344460,1.539492,2.224514,1.470118,1.694797,1.663222,1.624474,1.762866,1.578160,1.392606
1.461286,1.141865,1.274965,1.732158,1.441898,1.521184,1.196027,1.483653,1.418654,1.744475,1.571873
1.677022,1.447490,1.191468,1.708292,1.517256,1.256998,1.216278,1.787995,1.368633,1.585911,1.641752
1.584577,1.347513,1.341662,1.556415,1.598042,1.586521,1.401448,1.463920,1.627426,1.976135,1.635846
1.345485,1.492161,1.426088,1.667833,1.597001,1.628898,1.233628,1.650304,1.815146,1.577659,1.336292
1.240428,1.568890,1.416650,1.451228,1.191028,1.477460,1.841691,1.465561,1.396157,1.599276,1.351202
1.480747,1.251658,1.368299,1.650481,1.612067,1.556461,1.669720,1.190834,1.641546,1.596067,1.539825
1.739708,1.594884,1.424290,1.318696,1.244539,1.134507,1.202405,1.408912,1.184690,1.196253,1.604877
1.440691,1.308576,1.647448,1.570168,1.217139,1.582002,1.230827,1.588746,1.364641,1.428924,1.592322
1.544076,1.352389,1.354736,1.646291,1.478246,1.541525,1.563241,1.140632,0.927869,1.363989,1.620419
1.103135,1.122259,1.433648,1.481192,1.633714,1.522029,1.408691,1.330365,1.306261,1.311582,1.643782
1.175524,1.513800,1.265684,1.639800,1.422996,1.424775,1.380091,1.513839,1.164307,1.460327,1.742791
1.318678,1.496074,0.912133,1.562060,1.389540,1.656800,1.143339,1.419318,1.284658,1.315705,1.290754
1.581757,1.426514,1.417641,1.482606,1.237828,1.113898,1.370809,1.352991,1.072258,1.241615,1.375204
1.155945,1.397267,1.017903,1.356067,1.212116,1.549919,1.158561,1.387458,1.359084,1.466948,1.161561
1.124662,1.100493,1.415228,1.546353,1.250632,1.350477,1.226174,1.273586,1.189452,1.209314,1.398230
1.034462,1.209348,1.154379,1.307781,1.221948,1.302666,1.430448,1.226510,0.968417,1.297207,1.085005
1.246818,0.971254,1.535507,0.959561,1.339901,1.306408,1.255844,1.136472,1.015700,1.306804,1.362020
1.248941,1.272624,1.494034,1.078588,1.501444,0.942617,1.086058,1.158580,1.249004,1.056685,1.162034
1.047571,1.082452,1.425321,0.994451,1.163664,1.227405,1.030203,1.110076,1.048226,1.213427,0.981631
1.165401,1.072261,1.100887,1.041162,1.127922,1.205316,1.213239,1.172344,1.331693,1.198513,1.006026
1.432730,1.241684,1.247998,1.120520,1.192129,1.074742,1.296764,1.100178,1.248829,1.209826,0.890168
1.227807,1.130147,1.172846,1.051046,0.795953,1.055228,1.172116,1.020716,0.952989,1.156290,1.162570
0.902869,1.080569,1.453117,0.972721,0.824765,0.760559,1.167711,1.055664,0.970410,1.217825,1.315528
1.201190,1.198812,1.040942,0.998471,0.929097,0.824135,1.069751,1.204323,1.129878,1.285885,1.229706
0.927074,0.871078,1.043642,1.209372,1.071472,1.006068,1.103250,1.147333,1.139875,1.046487,0.869614
0.944266,1.044613,0.909946,1.035602,1.104066,1.018784,0.898373,1.075879,0.961212,1.029155,0.992666
1.008009,0.772307,1.050458,1.114144,1.002470,0.862640,1.058312,1.097672,1.050268,1.118118,0.887016
0.927918,0.863654,0.860854,1.081511,1.041508,1.091288,1.078810,1.194321,1.140691,0.860032,0.935596
0.674935,0.854385,1.012766,1.087102,0.918490,1.051234,0.918232,0.852751,0.886686,1.224600,0.999173
0.981662,1.153595,1.008842,1.121823,0.835929,1.046698,0.675032,0.781565,1.071112,1.123936,0.976651
0.713797,1.077773,0.747133,1.009564,0.724384,1.018416,0.928388,0.871991,0.916323,0.924229,0.890507
1.038734,1.312955,0.962389,0.855276,0.810364,1.033619,0.828901,0.942154,0.899666,0.695342,1.007690
0.889452,0.835532,0.866994,0.786263,0.849954,0.932807,0.949702,0.958649,0.746005,0.917741,0.751577
0.967716,0.929448,0.752600,0.841020,0.905143,0.908877,1.103175,0.861362,0.716452,0.843201,0.863586
0.679461,0.906790,0.871037,0.825825,0.889741,0.716880,0.829292,1.039031,0.803084,0.902274,0.881662
0.842055,0.753487,0.777319,0.796144,0.802230,0.877326,0.916304,0.896898,0.908487,0.836439,0.763735
0.943914,0.816181,0.945443,0.719290,0.697597,0.957973,0.964673,0.859835,0.766952,0.888793,0.971761
0.683759,0.803709,1.027185,0.805079,0.969449,0.823349,0.942654,0.942922,0.783364,1.040519,0.732850
0.711329,0.749695,0.862566,0.747313,0.764831,0.899279,0.705694,0.811294,0.806814,0.947916,0.769513
0.745971,0.803927,0.639590,0.749759,0.842479,0.738273,0.537280,0.922518,0.843334,0.808558,0.859434
0.685503,1.041424,1.022189,0.785548,0.756626,0.910544,0.527021,0.911965,0.635238,0.777389,0.750240
0.740167,0.805202,0.894604,0.744086,0.905992,1.073472,0.630453,0.689626,0.621115,0.855729,0.908023
0.879449,0.924276,0.898176,0.567890,0.970358,0.678302,0.535279,0.677280,0.451273,0.715459,0.684119
1.007123,0.704279,0.779143,0.852832,0.807797,0.875455,0.616111,0.602558,0.428212,0.768034,0.771259
0.855360,0.761382,0.694644,0.760963,0.594496,0.713707,0.571630,0.610761,0.543865,0.656859,0.615640
0.784251,0.776533,0.596834,0.673939,0.674178,0.674418,0.674580,0.659028,0.554868,0.668255,0.663385
0.655467,0.702976,0.568274,0.793650,0.753042,0.733335,0.616133,0.597095,0.651008,0.813788,0.762639
0.744617,0.834976,0.534340,0.609314,0.613998,0.575506,0.486294,0.563076,0.748535,0.498351,0.762850
0.701470,0.665912,0.451489,0.574367,0.953858,0.627448,0.595545,0.489371,0.655001,0.760210,0.739228
0.538696,0.679014,0.605573,0.785873,0.759223,0.763353,0.592468,0.579892,0.722050,0.708498,0.560519
0.561265,0.638619,0.588001,0.768514,0.708596,0.590854,0.623464,0.627821,0.600184,0.765176,0.651121
0.732183,0.611486,0.547333,0.738635,0.628386,0.594015,0.607019,0.553160,0.690465,0.771644,0.557393
0.583767,0.543323,0.630713,0.489396,0.656241,0.772515,0.603413,0.605928,0.590026,0.621839,0.680049
0.443462,0.636774,0.620606,0.553721,0.596530,0.858305,0.653467,0.589116,0.804894,0.779246,0.666559
0.499659,0.664001,0.595127,0.522693,0.784284,0.568376,0.600671,0.548342,0.586092,0.652829,0.668150
0.617623,0.525942,0.670374,0.600427,0.655710,0.668520,0.639506,0.617576,0.663203,0.644264,0.495786
0.694054,0.546788,0.533714,0.484431,0.657444,0.527489,0.584965,0.578107,0.526778,0.688519,0.484950
0.539597,0.625701,0.588595,0.631081,0.707998,0.646448,0.533036,0.679066,0.532652,0.733802,0.474373
0.730535,0.654098,0.614182,0.627167,0.607746,0.686667,0.670393,0.627916,0.540708,0.599467,0.519547
0.689693,0.509528,0.530836,0.658149,0.543914,0.598969,0.547026,0.495809,0.535064,0.587026,0.524949
0.484166,0.462393,0.449608,0.575452,0.727266,0.569553,0.672520,0.545387,0.453977,0.548056,0.587569
0.639207,0.472290,0.481799,0.500624,0.564601,0.571106,0.646788,0.498933,0.376780,0.538619,0.544334
0.580044,0.489536,0.524194,0.605170,0.597289,0.661217,0.541324,0.543536,0.532639,0.441547,0.496426
0.589667,0.623742,0.526456,0.480813,0.644204,0.541946,0.604592,0.519035,0.399301,0.506876,0.587775
0.600968,0.529438,0.431459,0.601692,0.588337,0.465496,0.418084,0.468422,0.416101,0.402654,0.508981
0.547647,0.552377,0.535001,0.555961,0.389555,0.574151,0.351484,0.559282,0.380730,0.535037,0.504711
0.580457,0.419647,0.543626,0.457480,0.536503,0.571425,0.446675,0.598092,0.390068,0.358956,0.599210
0.497360,0.565054,0.533701,0.396540,0.574067,0.615843,0.539371,0.340874,0.515446,0.490282,0.500076
0.553832,0.467916,0.457591,0.451948,0.577360,0.534878,0.549877,0.354961,0.493771,0.463303,0.471356
0.474070,0.667053,0.432049,0.469621,0.503184,0.385581,0.482823,0.493242,0.426848,0.352997,0.515742
0.623975,0.569196,0.520510,0.449060,0.485343,0.520949,0.459469,0.477145,0.448766,0.425911,0.439133
0.608852,0.579730,0.471406,0.422379,0.531554,0.528458,0.554353,0.540185,0.429162,0.447785,0.342264
0.553814,0.395834,0.369472,0.431375,0.528609,0.500766,0.552722,0.581198,0.497433,0.470528,0.493055
0.558991,0.375005,0.509670,0.397474,0.438538,0.454925,0.498565,0.486573,0.579871,0.384396,0.445921
0.549233,0.515373,0.518987,0.292190,0.553900,0.476408,0.423358,0.561171,0.513828,0.377582,0.342978
0.537682,0.464550,0.470923,0.402378,0.468119,0.509982,0.498116,0.543236,0.539829,0.313548,0.477994
0.617576,0.405404,0.424789,0.365091,0.477661,0.414215,0.365092,0.424631,0.517226,0.410060,0.472213
0.501269,0.402262,0.442860,0.387368,0.587697,0.427276,0.380588,0.390027,0.435111,0.416028,0.565937
0.442011,0.407170,0.436295,0.578168,0.547103,0.408560,0.378739,0.379389,0.457834,0.454766,0.422932
0.503991,0.472570,0.379366,0.506181,0.372464,0.484638,0.430433,0.469134,0.495547,0.386559,0.416191
0.581948,0.440881,0.449255,0.463370,0.555602,0.444339,0.478398,0.451021,0.515316,0.387804,0.409146
0.443159,0.491071,0.541508,0.575523,0.411573,0.437998,0.573158,0.376866,0.515868,0.359762,0.477476
0.614396,0.452695,0.463741,0.415140,0.441268,0.486500,0.476542,0.443672,0.512066,0.368519,0.497714
0.451184,0.491383,0.448033,0.482748,0.522064,0.464742,0.457673,0.427202,0.460331,0.450011,0.483654
0.515666,0.447252,0.350525,0.476749,0.441244,0.472274,0.461547,0.437366,0.402457,0.510444,0.489473
0.460258,0.374860,0.384148,0.474735,0.433949,0.508859,0.398422,0.468524,0.514090,0.482397,0.442379
0.387149,0.336697,0.475681,0.518145,0.376036,0.389538,0.503252,0.588744,0.477356,0.493082,0.450276
0.376713,0.418283,0.475781,0.386675,0.473675,0.504765,0.343802,0.549428,0.469098,0.442697,0.470653
0.478234,0.360961,0.378178,0.408283,0.432080,0.423544,0.355613,0.476328,0.481906,0.482666,0.453508
0.459473,0.368890,0.503386,0.360322,0.515985,0.386186,0.425596,0.558153,0.528820,0.568034,0.421246
0.408184,0.406338,0.495551,0.489164,0.508642,0.427633,0.366008,0.548512,0.464395,0.509722,0.423427
0.333065,0.425272,0.440218,0.433473,0.412700,0.437219,0.390599,0.438989,0.493480,0.533659,0.483006
0.399621,0.465389,0.384905,0.467689,0.448209,0.397971,0.433841,0.504868,0.450749,0.605005,0.562815
0.308511,0.551813,0.358203,0.407229,0.483012,0.413663,0.387658,0.472990,0.521165,0.472955,0.421906
0.340044,0.379164,0.343195,0.568276,0.517456,0.372427,0.299515,0.425398,0.358722,0.603439,0.384106
0.398217,0.381149,0.500949,0.464592,0.529003,0.340146,0.466726,0.508409,0.339964,0.557616,0.418263
0.540064,0.406335,0.562258,0.483889,0.596171,0.463510,0.555420,0.417168,0.409555,0.470351,0.375797
0.417594,0.450350,0.529205,0.499057,0.432683,0.390918,0.474203,0.373193,0.416987,0.579709,0.353504
0.464766,0.387657,0.526085,0.454636,0.443789,0.556143,0.446177,0.430869,0.590279,0.475274,0.408114
0.596280,0.377672,0.437654,0.529836,0.468393,0.511640,0.424081,0.449159,0.465962,0.427470,0.333140
0.535309,0.302187,0.632018,0.449958,0.407882,0.469732,0.466981,0.466064,0.674091,0.353675,0.344141
0.379575,0.426919,0.532687,0.571556,0.367275,0.476237,0.390202,0.460807,0.502774,0.488774,0.412407
0.376223,0.415638,0.472339,0.459153,0.302333,0.370879,0.489382,0.486818,0.486834,0.515214,0.295382
0.425677,0.435053,0.524745,0.606072,0.406981,0.414649,0.362327,0.526255,0.448684,0.501839,0.477285
0.496706,0.338741,0.570762,0.501623,0.450278,0.524924,0.448941,0.476290,0.360448,0.419118,0.475548
0.389868,0.335170,0.484342,0.483333,0.538542,0.518858,0.502534,0.470081,0.587996,0.368008,0.385450
0.530339,0.472085,0.378814,0.502106,0.529604,0.472178,0.413063,0.517300,0.653391,0.359585,0.415894
0.468255,0.425573,0.492662,0.565623,0.441007,0.564136,0.407803,0.654948,0.573562,0.440337,0.458457
0.428331,0.438833,0.545062,0.655307,0.527881,0.545136,0.377336,0.501869,0.431602,0.486626,0.457153
0.667068,0.580702,0.465994,0.479821,0.554863,0.487306,0.467628,0.500563,0.403933,0.530612,0.508474
0.653183,0.508036,0.598330,0.575961,0.453177,0.545848,0.526423,0.537086,0.335313,0.392648,0.525962
0.651472,0.650759,0.500301,0.619739,0.484622,0.571031,0.559604,0.540086,0.401799,0.700550,0.591852
0.537935,0.620471,0.623388,0.663921,0.534164,0.577751,0.595624,0.535376,0.404596,0.710835,0.438757
0.538965,0.654222,0.660767,0.609125,0.590582,0.421526,0.607279,0.592472,0.347365,0.586902,0.531301
0.558801,0.702338,0.509212,0.365900,0.519879,0.622261,0.625769,0.570765,0.669844,0.463772,0.578032
0.616192,0.661205,0.602323,0.580974,0.598357,0.659473,0.559201,0.455855,0.727475,0.537393,0.657037
0.572363,0.557811,0.594560,0.621323,0.619994,0.587373,0.779939,0.343207,0.667986,0.490443,0.447594
0.504506,0.768985,0.444721,0.420310,0.449327,0.573753,0.534446,0.478943,0.644702,0.591890,0.467483
0.684836,0.773962,0.391308,0.631876,0.535821,0.562495,0.651183,0.499362,0.642098,0.473301,0.334750
0.513314,0.853881,0.493705,0.605885,0.542852,0.613453,0.501569,0.644319,0.573196,0.549916,0.399554
0.643451,0.656011,0.637057,0.683247,0.581933,0.651701,0.421461,0.555292,0.575232,0.649109,0.523266
0.663383,0.564618,0.757420,0.711640,0.545060,0.655632,0.398862,0.557401,0.517400,0.619619,0.519944
0.664596,0.742768,0.582978,0.634898,0.731481,0.536408,0.555141,0.550920,0.556621,0.766828,0.565987
0.484715,0.578438,0.599857,0.545960,0.507261,0.650577,0.507006,0.598102,0.491196,0.783121,0.772043
0.734131,0.548024,0.439810,0.554197,0.486083,0.827372,0.688775,0.655458,0.488572,0.707938,0.667205
0.604073,0.626735,0.548071,0.580673,0.550244,0.767487,0.496512,0.514574,0.755681,0.679853,0.525991
0.674841,0.669889,0.469078,0.583583,0.464969,0.837827,0.520948,0.590504,0.672122,0.627206,0.583181
0.749088,0.803206,0.702684,0.563994,0.663682,0.821022,0.786429,0.485283,0.857519,0.761367,0.695467
0.577659,0.550383,0.885279,0.738652,0.652697,0.816712,0.816478,0.607290,0.577844,0.652829,0.685084
0.610685,0.447505,0.631075,0.730885,0.696166,0.741618,0.651569,0.778563,0.875903,0.725291,0.632980
0.668697,0.643408,0.731349,0.574667,0.597006,0.707363,0.637897,0.637278,0.828042,0.746732,0.704623
0.904142,0.716528,0.919848,0.703107,0.629049,0.580650,0.579100,0.761577,0.724822,0.623937,0.676741
0.822271,0.757580,0.840972,0.754703,0.757639,0.874921,0.806294,0.764912,0.752071,0.718164,0.742103
1.013556,0.831359,0.823266,0.772602,0.806819,0.958955,0.611109,0.698542,0.823145,0.947223,0.735411
0.845431,0.749615,1.049126,0.659819,0.938913,0.742401,0.766013,0.771496,0.733055,0.915344,0.732363
0.556245,0.689679,0.787499,0.946929,0.959524,0.854246,0.910772,0.873297,0.669543,0.817629,0.774611
0.576159,0.594348,0.847206,0.989585,0.948934,0.707186,0.787591,0.927381,0.681496,0.903609,0.578055
0.579177,0.921140,0.848924,0.925845,0.691267,0.883228,0.797704,0.837841,0.815426,0.836387,0.823225
0.584075,0.865045,0.871245,0.907802,0.761164,0.682179,0.736742,0.988387,0.705433,0.965614,0.861500
0.595544,0.644457,0.775967,1.219173,0.970301,0.773730,0.801631,0.845798,0.859089,0.981773,0.777934
0.685180,0.746467,1.023445,0.821485,0.759843,0.676006,0.768160,0.783286,0.798480,0.757408,1.093292
0.799492,0.782148,1.036604,1.068088,0.996778,0.935651,0.824747,0.678869,0.760364,0.815982,0.903095
0.795907,0.907833,0.657249,0.950041,0.789267,0.595241,0.640234,0.724357,0.890859,0.895333,1.008659
0.776624,0.902010,0.956715,0.889688,0.685661,0.849762,0.656282,0.831666,0.884544,0.893983,0.999017
0.889229,0.920190,1.001671,0.853994,0.773738,0.859092,0.932139,1.085571,0.803419,0.992045,0.892609
0.883939,0.931341,0.913186,0.799277,0.870385,1.016433,0.772412,0.905379,0.880472,0.857193,0.846976
0.776623,1.195790,0.925590,0.889981,1.035018,0.831796,0.719081,0.821926,0.605218,1.040130,0.743689
0.835103,0.954212,0.897835,0.731340,0.917526,1.199786,0.952205,0.923316,0.879469,0.910053,1.124682
0.998648,0.932858,0.971469,0.810501,0.943819,0.950951,0.743181,0.818853,0.784814,0.918711,0.989072
0.751357,1.285118,1.068125,0.962717,0.727545,1.192325,0.703007,1.041482,1.248509,1.110855,1.021786
0.763338,1.156966,1.108332,0.906935,1.005809,1.069166,0.793832,0.911407,0.873487,1.073304,1.291558
0.950174,1.081686,1.081493,0.967396,0.892117,0.902710,0.983837,0.902397,1.030347,1.244125,1.201210
0.670195,1.004723,0.937874,0.875058,0.979941,0.828753,1.088496,0.837099,1.000825,1.089802,1.117082
0.748986,1.136722,1.036308,1.109150,1.088075,1.185484,1.301145,1.115129,1.168480,1.051923,1.277588
0.678056,1.215525,0.843563,1.076715,0.964307,1.101857,1.362200,0.933660,1.163363,1.008315,1.244253
1.074320,1.003458,0.991673,1.000425,1.003810,1.309147,1.099381,1.111817,1.146817,1.156801,1.322929
1.212277,1.081704,0.860650,1.297832,1.072999,1.032598,1.438741,0.922532,0.838447,1.215445,1.227770
1.413156,0.973346,1.008335,0.862601,1.025210,0.962259,1.409968,1.155928,0.844582,1.389632,1.360908
1.140752,0.865583,1.030082,0.994069,1.110460,1.334571,1.100613,1.070554,0.939908,1.014721,1.230692
1.238849,0.930552,0.979043,1.361668,1.405698,1.138338,1.152909,1.041107,0.757802,1.439130,1.549304
1.386184,1.065792,1.488309,1.271942,1.389220,1.164937,1.095280,1.157612,1.170319,1.206332,1.278270
1.133832,1.131550,1.525651,1.281068,1.176566,1.261406,1.202070,0.952128,1.157123,1.298038,1.177245
1.309985,1.254115,1.383976,1.552067,1.078562,1.242158,0.919398,1.082295,1.302719,1.417899,1.202419
0.779813,1.159570,0.965018,1.298133,1.369109,1.338148,1.116804,1.188185,1.034742,1.157553,1.159176
1.011474,1.181689,1.169661,1.603302,0.954685,1.303775,0.916936,1.373588,1.141711,1.167578,1.469281
1.077493,1.306662,1.453974,1.417795,0.951283,1.329136,1.148357,1.128710,1.374572,1.465639,1.713118
1.137905,1.250681,1.230633,1.665002,1.076569,1.583088,1.311490,0.914248,1.577437,1.295826,1.635624
1.255167,1.067531,1.708594,1.730888,1.773049,1.339059,1.321706,0.967342,1.459325,0.950094,1.517325
1.171866,1.104772,1.503015,1.453611,1.338419,1.472402,1.169123,1.370002,1.422532,1.267130,1.511634
1.061626,1.462338,1.469101,1.574085,1.361476,1.289537,1.294780,1.408526,1.471930,1.187795,1.345472
1.204430,1.287154,1.112151,1.359001,1.260736,1.460056,1.321061,1.746004,1.047940,1.402384,1.818104
1.587110,1.536054,1.068309,1.609745,1.468278,1.275206,1.504392,1.332298,1.321928,1.651481,1.757168
1.354158,1.270768,1.075649,1.540984,1.410339,1.132150,1.319938,1.358291,1.204636,1.876682,1.539003
1.459914,1.507537,0.825007,1.284813,1.375714,1.504174,1.463073,1.429260,1.768979,1.639763,1.410135
1.420885,1.637246,1.177002,1.442783,1.529256,1.294115,1.199585,1.299862,1.910096,1.616382,1.389244
1.413575,1.590187,1.130824,1.154306,1.349752,1.261988,1.490577,1.288340,1.611076,1.653019,1.282417
1.460068,1.994112,1.315636,1.191793,1.452082,1.515092,1.417473,1.337828,1.505282,1.536513,1.334620
1.593643,1.508515,1.199157,1.466482,1.444301,1.467715,1.388518,1.482511,1.202226,1.728336,1.748397
1.687075,1.916915,1.473968,1.358390,1.657939,1.877758,1.747247,1.476220,1.864697,1.493469,1.634721
1.737229,1.706825,1.748597,1.629922,1.480379,1.730404,1.735538,1.539212,1.620557,1.882525,1.795430
1.633207,1.846468,1.432550,1.222654,1.755820,1.906767,1.848338,1.429660,1.463853,2.508633,1.457564
1.366908,1.925112,1.922399,1.802266,2.099551,1.932009,1.888047,1.719440,1.222509,2.064662,1.810030
1.061143,1.814921,2.143415,1.744293,1.592301,1.676617,2.118381,1.677266,1.120734,2.160743,1.476589
1.594001,1.640018,2.045043,1.503739,1.997084,1.931695,1.551660,1.285415,1.304212,1.480565,1.579595
1.818022,1.626671,2.243992,1.590258,1.930738,1.975170,1.742303,1.669515,1.862843,1.584671,1.546158
1.226708,2.054554,1.498894,2.077155,1.900407,1.701630,1.717376,1.798769,1.926980,1.968818,1.688722
1.518955,1.988977,1.781482,1.752438,2.141144,2.109304,1.803763,2.064411,2.075334,1.575934,1.871576
1.293466,1.958019,1.548934,2.047101,1.976125,1.738338,1.869275,2.232474,1.647760,1.687324,1.808043
1.908813,2.094654,1.506373,1.515073,1.551011,1.615706,1.439635,1.876070,1.675750,1.408625,2.104495
1.417452,1.546000,1.896291,1.721137,1.406723,2.069031,1.543519,2.136498,2.187508,1.743045,1.731289
1.370789,1.480724,1.555166,2.064698,1.585642,2.203259,1.381516,2.077484,2.129499,1.398937,2.117722
1.780506,1.831233,1.848052,1.964733,1.917778,2.165606,1.743382,2.067330,1.635011,1.636278,1.826448
2.088211,1.383224,1.951559,2.358583,1.751340,1.786884,1.742290,2.084572,1.686847,2.104175,2.446797
1.716602,1.878461,2.482828,1.908290,1.968398,2.098616,1.895266,1.773007,1.749306,1.672938,2.091727
2.087517,1.001767,2.232487,2.520797,1.760072,1.991017,1.612074,1.995499,1.649653,1.832110,2.425648
2.591310,1.211481,1.959418,1.860668,1.746281,1.955404,1.478451,1.855007,2.358673,1.528519,2.179937
1.948392,1.693756,2.187251,1.908008,2.332906,1.913949,2.078943,1.895384,1.593262,2.281462,2.076224
2.224543,1.884700,1.858622,1.900786,2.235671,2.008055,1.562219,1.754617,1.997398,1.916252,2.083894
2.198809,2.165849,2.067452,2.263606,1.669482,1.709985,2.062728,1.931979,2.154282,1.906799,2.045822
1.815494,2.104585,2.702092,2.484201,2.105487,1.612526,2.196453,1.982262,1.990997,1.959332,2.729326
2.415201,2.289964,1.951071,2.091942,2.211866,2.347352,2.541323,2.354841,2.436486,2.206431,2.245778
2.019673,1.850732,2.405868,2.467592,2.223148,2.011385,2.281014,2.225063,2.137242,1.882125,2.446642
2.073066,2.254318,1.947847,2.549032,2.073680,1.659915,2.328628,2.400375,2.173380,2.221084,2.097980
1.834647,2.137049,2.174817,2.157800,2.667832,2.305673,2.419006,2.586501,2.649442,2.432403,2.380117
2.189942,2.369450,1.976921,2.136746,2.972782,2.327110,2.182794,2.928588,3.197137,2.033234,2.227835
1.950705,2.091737,2.442226,1.960052,2.240365,1.883713,1.957018,2.821264,2.966903,1.903061,2.030411
2.117553,2.438003,2.803134,1.936462,2.371511,2.053947,2.507618,2.670855,3.090690,2.620623,2.903028
2.939237,1.874521,2.888059,1.861895,2.480152,2.035827,2.108772,2.592126,2.319486,1.745009,2.909542
2.263143,1.917162,2.419398,1.861243,2.103526,2.282638,2.499604,2.844089,2.370491,2.399255,2.180635
1.982721,2.722495,2.708308,2.022827,1.947434,2.192702,2.448275,2.362836,2.466541,2.259338,1.929019
2.368766,2.836303,2.456605,1.742944,2.127939,2.530340,2.217411,2.540946,2.636706,2.673041,1.956714
2.173402,3.580996,2.099690,2.179723,2.408779,2.793933,2.507457,3.026174,2.855605,2.958157,2.298946
1.898322,2.094755,2.355119,2.251677,2.327743,2.457614,2.194946,2.892275,2.576792,2.237120,2.422996
2.655769,3.384119,2.266255,2.015313,2.354345,2.291105,2.661806,3.304795,2.693986,2.935960,2.322478
2.336974,3.038972,2.769405,2.535031,2.149568,2.948741,2.970749,2.368614,2.858649,2.586585,2.584339
2.905654,2.489895,2.395354,2.774455,2.945954,2.556874,2.615761,2.160451,2.477922,2.087248,2.362122
3.308695,2.159580,2.864775,2.733613,2.685168,2.479253,2.607317,2.204569,2.994734,2.698298,2.613169
2.444010,2.245055,2.920928,2.745759,1.947624,2.135337,2.346381,2.185347,3.243938,2.689551,2.351491
2.954710,2.297639,2.519230,3.023756,2.441289,1.978351,2.893230,2.198696,2.897150,2.576072,2.667723
2.493904,2.513814,2.609884,2.779867,2.281745,2.718319,3.052352,2.580667,3.110154,2.942473,2.417995
2.462010,2.470105,2.716188,2.869437,2.807125,2.139025,2.782873,2.439365,3.204990,2.948118,2.361886
3.267552,2.969286,2.810919,2.858747,2.323873,2.380668,2.125714,2.882708,2.622455,2.659242,3.266525
2.431344,2.794297,2.782570,2.820363,2.814224,2.365279,2.585136,2.813098,3.044986,2.786445,3.127632
3.965974,2.808831,1.840562,2.240914,3.081663,3.196403,2.438662,3.192015,2.793203,2.752987,3.149209
3.132637,3.373692,2.199341,3.019681,2.961093,2.738399,2.504088,2.650310,2.917929,2.291535,2.897623
2.608584,2.880648,2.450356,3.305975,2.684836,2.264902,2.342184,3.135581,3.080386,2.393083,2.780318
2.791390,3.326361,2.689181,2.731715,3.301212,2.699235,2.895272,2.999338,3.327525,2.469890,2.885264
2.897721,2.339394,3.120634,2.609736,2.521340,2.622959,2.683323,2.709138,2.827882,2.413984,2.870855
2.695484,2.543518,1.948826,2.754479,3.220043,2.774864,2.297706,2.626400,3.355066,2.923354,2.845609
2.965935,2.359228,2.329465,3.085221,3.489985,2.737997,2.384306,3.020787,3.562656,2.104219,2.299491
3.056849,2.984512,2.531825,2.869104,2.982167,2.443284,2.766163,3.125571,3.048702,3.042035,2.846107
2.857051,2.922828,2.162971,2.547528,2.721900,2.381985,2.949216,2.639154,3.169024,2.683325,3.349464
2.814928,3.124664,3.155713,2.887374,2.700483,2.800765,3.656872,3.280152,3.076708,2.603341,3.240535
2.656556,3.311018,2.800571,4.112734,2.800057,2.291428,3.317959,3.371940,3.459293,2.915935,3.159724
2.544376,3.244622,2.376706,3.410577,3.690692,2.556399,3.434872,3.221147,2.774098,2.896767,3.225349
3.229809,3.485721,3.064486,3.561929,2.717638,2.517187,3.289894,2.955483,2.943553,2.928525,3.670459
3.424991,3.047735,3.646073,3.220432,3.103006,2.838338,4.126500,3.036570,3.111365,3.122006,3.498404
3.385221,3.772734,3.145299,2.535695,2.812428,3.088129,3.245791,2.812995,3.612399,2.908755,2.825536
3.680116,3.437278,3.293506,3.718883,2.382551,3.096876,3.544468,2.113236,3.196692,3.118165,3.707571
3.390951,3.079946,3.271803,3.060081,2.739966,3.106590,3.529049,2.496636,3.578701,3.061174,3.084393
3.305988,4.125482,3.036019,3.267232,2.850457,3.390275,3.013262,3.112731,2.734052,3.372541,3.582990
3.012404,2.860400,3.037437,3.662955,3.025119,2.712844,3.338200,2.947807,3.475739,3.155925,3.040347
2.973378,3.533394,3.175043,3.374999,3.133830,3.180597,3.139098,3.061446,3.009415,3.274652,3.123165
3.663311,3.688311,3.190067,3.578143,3.372716,3.005493,2.712997,2.742693,3.565507,3.183398,3.774174
3.012634,3.709658,2.813516,3.618414,3.920652,3.560786,2.626698,2.931845,3.172968,3.431001,3.495112
3.630366,3.428362,2.457212,3.242032,3.350691,2.590065,4.045292,3.893817,2.796677,3.049438,3.892850
2.429124,3.855904,3.010320,2.598140,3.263440,3.120143,3.647428,3.159288,3.114296,3.806490,3.100730
3.967359,2.726421,2.570617,3.579452,3.679209,3.258208,3.677685,3.238472,3.622516,2.721120,3.042994
3.041548,3.061198,3.183049,2.942062,3.321523,3.347509,3.750978,3.534728,3.127718,3.492365,3.020811
2.579587,2.977872,2.862368,2.458978,3.393921,3.037738,3.387951,3.328516,2.927417,3.418673,3.252983
3.409607,4.284479,3.045077,3.821313,3.073591,2.859931,3.265125,3.212761,3.246783,3.227342,3.707656
3.209341,3.460151,3.999701,2.983999,2.944519,2.567611,3.261776,3.316868,3.490282,3.917052,3.585494
3.075321,4.094154,3.242832,3.313602,2.771174,3.643665,3.174591,3.432497,3.382130,3.406515,3.362707
2.584950,3.999087,3.691522,3.319679,2.598602,3.949241,2.609761,3.503884,3.373353,2.439973,3.779440
2.785803,3.800883,3.618575,3.080031,2.940252,3.684938,3.194086,4.377088,3.326577,3.567662,3.612655
3.751973,3.525893,3.747116,3.640738,2.965509,3.223767,3.577277,4.258385,3.723495,3.549808,3.678242
3.630400,2.959672,3.283098,3.351354,3.152897,3.911756,3.643195,4.182828,3.606012,4.155149,2.784305
2.861724,3.275763,3.108692,3.255431,3.571953,3.634205,3.559954,2.749719,3.279092,3.860360,3.455424
3.428141,3.316756,3.413482,3.007943,2.584576,3.266429,4.085512,3.595237,3.634829,3.839231,3.621269
3.830940,2.796275,3.906923,2.627052,2.437367,3.856672,4.010713,3.443299,2.828195,4.190988,3.951906
3.147715,2.734512,3.011329,3.119764,3.366325,3.223588,4.247709,3.769410,3.224793,2.562861,3.731671
3.362264,2.510421,3.272450,3.154126,3.033319,3.462627,3.390343,3.518288,3.191295,3.598464,2.998332
2.773369,3.000920,3.389389,3.026247,3.975706,3.170450,3.460402,2.869779,3.104563,3.297650,3.606999
3.078159,3.188345,2.933973,3.503913,3.776752,3.727809,3.455964,3.145639,2.735806,3.534788,3.662016
3.506877,3.500127,4.076828,3.399215,3.000393,3.539706,3.217097,2.902562,3.228505,3.073690,3.786495
3.038733,3.168791,3.608926,3.089324,3.659312,2.961662,3.677033,2.910871,4.434696,3.385383,3.340782
2.906031,3.711447,3.378470,2.379596,3.391702,3.529820,3.806508,3.025812,3.419941,4.078804,3.200286
3.433386,2.819613,3.017804,3.180824,3.214118,4.011219,3.089161,2.739164,3.974502,4.437388,3.784402
3.218664,3.781368,3.592806,3.383507,3.681836,3.389910,3.720710,3.146702,4.112202,3.182458,3.199689
3.085190,3.516027,4.025349,3.430747,3.096450,3.638248,3.642544,3.333723,3.005679,3.443556,3.985585
3.356540,3.680918,4.308297,2.943327,3.712897,2.092245,3.549462,3.347150,3.161448,3.687631,3.222241
3.026039,3.128307,3.814899,3.833661,3.502607,2.693469,2.930282,2.986656,3.616249,3.892679,4.044588
3.818406,3.368441,3.656495,3.605241,2.872860,2.852185,3.388193,2.965934,3.870187,3.366118,3.539133
3.409206,3.341460,3.282616,4.130840,3.195408,3.622276,3.622540,3.014401,3.539873,3.478816,3.847643
3.481792,3.211713,3.838976,3.246031,3.993667,3.116133,3.633989,3.123334,3.517184,3.425627,3.987859
2.877015,3.187455,4.010244,3.873007,3.526598,2.824860,3.736552,3.175680,3.231031,3.413404,3.565832
3.363519,3.207833,2.823632,3.480072,3.820019,3.303940,3.622765,3.072016,3.142893,3.660827,3.922343
3.743141,3.307660,3.554509,3.580628,3.220663,3.149082,3.365170,2.801362,2.900087,2.449700,3.506429
3.478060,3.747444,2.884105,3.889770,3.562482,3.213325,3.099332,3.164874,2.863707,3.928300,2.520751
3.530514,3.719761,3.480195,3.626118,3.238398,3.326201,3.407690,3.157436,3.367024,3.642646,3.008906
3.654016,3.628669,3.620259,3.633093,3.764422,3.379587,2.942175,2.596537,3.464274,3.176783,2.669082
3.265253,4.622063,3.901626,3.775131,4.574121,3.435927,2.591868,3.280889,3.515977,2.934311,2.816047
2.808978,3.740601,4.139235,3.454644,4.576580,3.595793,3.466736,3.048173,3.254083,3.645901,3.238194
4.038956,3.714992,3.383040,3.897577,4.139643,3.569347,3.084913,2.655040,3.168486,3.412257,2.908764
3.877837,3.882627,3.963670,3.083936,3.202275,3.640442,3.181780,4.139321,3.374568,3.706270,3.417871
4.256323,3.854195,3.835722,3.340361,3.843140,3.623118,3.607326,3.681363,3.970927,2.973121,3.112131
3.988334,3.474467,3.815819,3.584350,3.472192,4.088319,2.869698,2.685376,3.539493,3.170448,3.319966
3.367028,3.768936,3.237464,3.608836,4.023824,2.954822,2.567733,2.923921,3.342894,3.505952,3.270298
3.732636,3.344643,3.222979,2.968998,3.962993,3.625637,3.724175,3.179962,3.505207,3.297845,3.474491
3.100041,3.623728,3.361994,3.508861,4.109995,3.630435,3.952948,3.377152,3.834441,3.360405,3.040657
3.132128,3.375548,4.095589,3.658332,3.344169,2.613661,3.529669,3.311991,3.637054,3.586107,3.001956
2.865505,4.259132,3.579289,2.848685,2.762438,3.053717,3.966403,3.985493,3.007345,3.582139,2.814266
3.204055,4.309368,3.047240,3.053545,3.387369,3.268634,4.196560,2.887680,3.253351,3.365576,3.832873
3.103760,3.356914,2.590083,3.741454,3.653958,3.370561,3.442726,3.810726,3.139304,3.220041,3.465496
3.175916,3.557426,3.533824,3.448758,2.808103,3.288505,2.599008,2.804699,3.479882,3.509445,2.955758
3.838127,3.534584,3.260801,2.855869,3.074582,3.643660,3.624928,3.797270,4.135270,3.247808,3.725489
4.071776,3.354065,3.232213,3.952896,3.573495,3.055496,2.586280,2.623437,3.417732,3.279978,3.282399
3.578353,4.057125,3.299173,3.264969,3.367134,3.166843,3.476963,3.529305,3.384901,3.290647,2.969378
3.686004,2.888563,3.180230,3.358898,3.428457,3.861138,3.579402,3.821800,3.427194,2.734162,3.467963
2.424851,3.033723,2.855541,2.708406,2.992798,3.871603,2.701456,2.605064,2.592194,2.802110,2.903316
3.578813,3.820036,3.113950,3.112244,3.042937,3.461595,3.434900,2.584522,3.001566,2.884635,3.309657
2.915347,2.422124,3.611630,2.792036,3.329855,3.774198,2.595167,3.896867,3.495088,3.609484,2.998847
3.777782,3.361468,3.347749,3.409567,2.630181,3.373966,3.210684,3.863366,3.837978,3.290991,3.294735
3.091067,3.336759,3.239196,3.459993,2.844511,3.096109,3.146962,3.598868,3.435561,3.135868,2.770609
3.363673,3.325158,3.512496,3.390931,3.111854,3.245259,3.664006,3.320892,2.989155,3.088239,2.906629
3.192802,3.272202,3.126994,3.370764,3.118844,2.730804,2.947071,2.833210,3.814918,2.394453,3.824189
3.327167,3.864323,3.239748,3.566338,3.063295,3.088918,2.595251,3.029513,3.493636,3.372865,3.455742
3.682819,3.500450,3.188458,3.248678,3.151768,2.917398,2.374663,3.287489,4.155032,3.194619,3.439093
3.344819,3.635112,3.228957,3.364658,2.688562,3.264005,2.782986,3.566572,3.372621,3.741013,3.259079
2.841507,3.689362,3.512622,3.650331,3.393541,3.243329,2.787986,3.666093,3.787541,3.241303,2.834111
3.623880,3.158043,2.577148,3.365026,3.931742,2.822203,3.425677,2.999955,3.045303,2.794974,3.063752
3.569551,3.182649,2.584424,3.177108,3.743940,3.006052,3.089198,3.146010,3.144337,3.815489,2.856800
2.883638,3.074533,3.157938,3.257365,3.186065,2.749713,3.055560,3.055945,3.327939,2.819117,3.009950
2.967269,3.435440,2.744969,2.813225,3.511029,3.286049,3.173748,3.020526,3.248268,3.730547,3.116368
3.541322,3.215059,2.158626,3.002529,2.957786,2.797163,3.188380,3.011651,3.259973,3.428924,3.238890
3.351074,3.184864,2.154397,2.682308,3.050239,3.091174,2.970412,3.310992,2.929347,3.486439,2.762860
3.649629,3.697452,2.892257,2.243893,3.078764,3.221525,2.969544,3.347856,2.848666,3.023478,2.741881
2.678007,3.786903,2.592439,3.086533,3.225146,2.587320,2.990273,3.445924,2.467957,2.469417,2.757927
3.553773,3.478747,2.490826,3.113905,2.441727,2.597626,2.469931,2.647107,2.777983,2.789243,2.976860
3.697949,2.718654,1.956542,2.635550,2.780535,2.906145,3.140296,2.608407,2.824793,2.617511,3.514441
2.850824,2.931352,2.400767,2.811072,2.843723,2.638468,2.762027,1.923569,2.603215,3.031913,3.487914
3.080222,3.390397,2.804846,3.372123,3.005193,3.152130,2.469702,2.155693,3.004189,3.147380,2.873465
2.430598,2.917752,3.154553,2.870643,2.635685,3.189827,2.299280,2.584767,2.764931,2.751897,2.549924
2.375126,2.689094,2.770810,2.459841,2.915244,2.559713,2.462176,2.600531,3.000642,2.747192,3.135126
2.258963,2.621030,2.577314,2.006517,2.831205,3.158853,2.695736,3.137824,2.814300,3.663324,2.683571
2.799136,2.733909,2.396191,2.850378,3.106051,2.452090,3.240657,2.760180,3.085773,2.944066,2.325404
2.780397,2.665830,2.397097,2.807026,3.222929,2.628516,3.187806,2.161910,2.790884,2.994839,2.630374
2.376670,2.667318,2.667908,3.007493,3.074460,2.842349,2.598225,2.374696,2.464034,2.684308,2.367168
2.728215,2.910750,2.309857,2.300388,2.647062,2.388033,2.623537,2.519324,2.051418,2.385767,2.904495
2.661962,2.718834,2.359476,3.000544,2.765809,2.476848,2.745985,2.587527,2.349641,3.003228,2.458035
2.559805,3.133985,2.170004,2.610005,2.235877,2.523953,2.218623,2.487574,3.187436,2.655735,2.671901
2.636518,2.671632,2.283344,2.529486,2.487750,2.338315,2.144910,2.762267,2.163590,2.931946,2.721866
2.781280,2.537014,2.351838,2.579876,2.705492,1.625909,2.011714,2.041877,2.306521,2.558455,2.708153
2.586539,2.177049,2.491611,3.230888,1.787651,2.385961,2.503905,2.839764,2.628666,1.989528,2.834048
2.834602,2.671849,1.956020,2.809185,2.209735,2.439128,2.186143,2.105760,2.210835,2.148804,2.126182
2.431776,2.476608,2.364148,2.161101,2.431874,2.330875,2.448050,2.143134,2.616972,2.339959,2.098313
2.360175,2.641154,2.473851,2.263829,2.786491,2.186746,2.558035,1.966117,2.165690,2.341695,2.598619
2.482878,2.511679,2.606140,2.129863,2.587836,2.227240,2.645079,2.426682,2.467381,2.705137,3.144677
2.435458,2.485134,2.049271,2.061564,1.911013,2.239702,2.329324,2.186682,2.454662,2.626263,2.156763
2.606524,2.543718,2.607461,2.219481,2.611275,2.033539,1.787942,2.317827,2.186729,2.494589,2.196898
3.036781,2.574486,2.957525,1.947550,2.415594,2.031998,1.716082,2.165488,2.172585,2.057116,2.645698
2.353189,2.964460,2.476679,2.886649,2.300829,2.454293,2.083248,2.788606,2.072089,1.904712,2.586974
2.794883,2.244669,2.243131,2.819071,2.195751,2.819634,2.499348,2.697674,2.709480,2.533930,2.928456
3.463834,2.261667,2.084812,2.243983,2.065163,2.171378,2.285763,2.074596,2.411916,2.296155,2.206808
2.095648,2.530534,2.403353,2.298479,2.506322,2.549717,2.202607,2.052824,1.745591,2.363506,2.404566
2.629344,2.289630,2.554558,2.095712,1.915639,2.423835,2.457839,2.406388,2.076382,2.380541,2.677893
2.261246,2.139749,2.538691,1.660305,2.232002,2.842220,2.024481,2.828024,1.862997,2.379974,2.520924
2.260109,2.359233,2.153939,1.784290,2.087505,2.626785,1.842276,2.431504,1.904683,1.935504,1.927697
1.597741,2.019139,2.413571,1.602500,2.354245,2.544288,2.146820,2.171997,1.519729,2.543198,1.733900
1.962267,2.152858,2.590345,1.543487,2.080278,2.772226,2.238138,2.141347,2.189064,2.243421,2.217676
2.062508,2.211940,2.385821,1.744569,2.310622,1.870750,2.231408,2.125934,1.648547,1.705820,2.126882
1.789362,2.193613,2.341810,1.972867,2.017333,2.135816,1.809316,2.200230,2.015153,2.069840,2.551665
2.325681,1.825527,2.189651,2.185522,1.881997,2.155242,1.777172,1.948277,2.002279,1.974132,1.928979
1.692260,1.851623,2.214144,2.014676,2.122153,1.753456,1.848766,2.140806,1.529198,2.020125,2.800330
2.280462,1.811093,2.301767,2.151855,1.953101,1.603642,1.460101,1.867745,2.040674,1.808466,1.962246
1.575366,1.731327,2.271248,2.032578,2.216365,1.786152,1.698618,2.130956,1.848620,1.948485,2.235006
1.899677,1.829474,2.118845,1.803378,1.959930,1.567679,1.578005,1.723552,1.798834,1.744088,2.200738
2.050843,1.895418,1.856273,1.748080,2.051618,1.960574,2.096620,1.731048,1.937491,1.408569,1.798788
1.850623,1.876915,1.497228,1.739188,1.827580,1.587403,1.961077,1.855390,1.910710,1.743982,1.440781
1.895658,1.261214,2.183511,1.825944,2.063581,1.993282,1.924441,1.616119,1.817388,1.652007,1.583231
1.822607,1.661573,1.656749,1.922636,1.901415,2.145073,2.034657,1.543965,1.551223,1.677453,1.656692
1.858030,1.600981,1.785295,1.434626,1.608127,2.121513,1.913671,1.942945,1.675036,1.535333,1.331197
1.557366,1.840791,1.493971,1.679490,1.519496,1.988655,1.935355,1.856002,1.735348,1.601570,1.829846
1.600691,1.356853,1.812024,1.614801,1.734889,1.675093,1.462470,1.536217,1.613681,1.758513,1.862185
1.741597,1.527685,1.576332,1.555172,1.565977,1.710535,1.333321,1.636394,1.315096,1.647715,1.700228
1.765873,1.421141,1.344962,1.506177,1.789054,1.588722,1.596407,1.437171,1.502815,1.494546,1.636696
2.000837,1.864357,1.627709,1.508478,1.433466,1.727292,1.517549,1.491133,1.768005,1.635736,1.892992
1.874287,1.554366,1.279350,1.356189,1.570009,1.638079,1.456901,1.520248,1.554264,1.498023,1.492453
2.012075,1.614699,1.732736,1.154206,1.392305,1.521097,1.108635,1.555977,1.500280,1.633339,1.851277
1.311233,1.495902,1.540791,1.447040,1.597219,1.588950,1.205208,1.684012,1.553572,1.615589,1.822967
1.438586,0.973011,1.219331,1.295308,1.447791,1.562224,1.182111,1.402659,1.340712,1.721455,1.780798
1.669905,1.589092,1.492191,0.986366,1.622718,1.751355,1.286244,1.232945,1.324080,1.533497,1.505199
1.278380,1.381349,1.507462,1.411047,1.738184,1.621999,1.170472,1.165109,1.164774,1.580459,1.390330
1.561124,1.443908,1.730179,1.217122,1.420780,1.429065,1.559454,1.203246,1.028516,1.213262,1.444199
1.263611,1.278265,1.661173,1.192263,1.396717,1.224351,1.440477,1.382395,1.393650,1.430478,1.691299
1.236587,1.487641,1.693119,1.414432,1.489145,1.745676,1.453614,1.320298,1.431897,1.359057,1.528979
1.536711,1.437239,1.483742,1.534271,1.104699,1.406969,1.147012,1.748296,1.273901,1.444066,1.522467
1.692512,1.154226,1.339932,1.078344,1.319107,1.101735,1.384693,1.437233,1.399848,1.453897,1.481599
1.176030,1.136573,1.251172,1.174557,1.212519,1.298250,1.214246,1.154883,1.272424,1.357542,1.501010
1.502066,1.211446,1.128141,1.224907,1.234298,1.237727,1.027892,1.163714,1.293079,1.257647,1.341046
1.255318,1.259964,1.430576,1.317475,1.343458,1.293984,1.268011,1.421357,1.170201,0.940065,1.216681
1.371268,1.517477,1.191822,1.274671,1.361808,1.199626,1.195472,1.426522,1.159831,1.267754,1.304897
1.346631,1.557863,1.435592,1.257780,1.323417,1.144967,1.110655,1.289170,0.856340,1.161137,1.425856
1.248230,1.283380,1.328606,1.069778,1.443780,1.225359,1.369813,0.989545,1.074273,1.309065,1.501957
1.165388,1.329105,1.321490,1.175933,1.055970,1.160279,1.567992,1.043196,1.180773,1.363634,1.025596
1.257499,1.020510,1.150999,1.277603,1.374714,1.138088,1.685254,1.252998,0.923262,1.189541,1.054592
1.152703,1.426831,1.066180,1.019175,1.311465,1.124255,1.373236,1.081083,1.280528,1.211735,1.209640
1.291047,1.186836,0.765368,0.984678,1.066019,0.968714,1.370743,0.893215,1.210932,1.264818,1.076692
1.015295,1.008120,0.717162,0.887925,1.244916,0.953431,1.152235,0.853633,1.094357,1.133554,1.092947
1.055133,1.030026,0.893397,0.902854,1.014643,0.843824,0.929473,0.817191,1.022223,1.009230,1.060395
1.056968,1.056173,1.095859,0.997085,0.943332,0.968676,0.845877,1.027668,1.146361,0.900626,0.782889
1.087413,1.106865,1.009336,1.164778,1.156120,1.046685,0.875124,0.933998,1.205066,0.789197,1.125324
0.874619,0.930659,0.960014,0.963495,0.969351,1.098126,0.949123,1.046945,1.249026,0.920704,0.875392
0.907276,1.029424,1.085475,0.959831,0.920327,0.915593,1.057987,1.052757,1.069929,0.755970,0.826048
0.901564,1.064220,0.914434,0.998418,0.783517,0.966690,0.951682,1.055760,1.084480,0.914245,0.859126
0.928153,1.023822,0.914380,1.011412,1.061748,1.107052,1.219123,0.975272,0.945463,0.793709,0.803379
0.857967,0.771707,1.097471,0.999651,1.148192,1.047018,0.719872,1.068901,0.821049,0.996896,0.655942
0.963799,0.962482,1.040239,1.090274,0.944217,1.194539,0.905081,0.918170,0.716299,1.023537,0.796531
0.909406,0.969433,0.806380,0.774359,1.039051,0.923109,0.835244,0.832099,0.818985,0.783187,0.805171
0.694044,0.785422,0.929349,0.877314,0.864113,1.087040,0.906371,0.835536,0.947309,0.747467,0.914237
0.631560,0.781963,0.935238,1.153411,0.703125,0.929325,0.827043,0.847313,0.795678,0.647302,0.752784
0.808872,0.790709,1.104544,0.922523,0.757286,0.854725,0.770229,0.627218,0.992774,0.626998,0.839283
0.856840,0.778591,0.871988,0.925637,0.837033,0.824196,1.002206,0.759991,0.880039,0.647110,0.602722
0.638928,0.623207,0.953471,0.702174,0.854464,0.705578,0.798335,0.828306,0.677215,0.779131,0.779862
0.642416,0.730362,0.948986,0.640141,0.771237,0.587415,0.812138,0.701579,0.818828,0.954686,0.950798
0.788595,0.859802,0.960760,0.731279,0.971957,0.828983,0.737465,0.596553,0.818871,0.822550,0.745033
0.878680,0.631481,1.019216,0.646107,0.914512,0.864308,0.595736,0.873396,0.830120,0.988988,0.779058
0.788207,0.665698,0.798764,0.721319,0.605751,0.595230,0.630665,0.635527,0.643484,0.882695,0.662428
0.561355,0.684877,0.827669,0.759326,0.633867,0.808034,0.623344,0.853364,0.691880,0.822983,0.529174
0.641337,0.656810,0.845822,0.945758,0.604477,0.555773,0.907088,0.695533,0.621156,0.700133,0.809550
0.663281,0.496585,0.573741,0.662670,0.506680,0.517094,0.599394,0.658461,0.550913,0.720171,0.792346
0.563752,0.697576,0.726193,0.797881,0.659328,0.599691,0.717249,0.791639,0.640895,0.785027,0.855160
0.561010,0.863383,0.536112,0.726025,0.645504,0.729525,0.670880,0.682242,0.597954,0.599983,0.780687
0.675247,0.660588,0.675054,0.664390,0.671914,0.486703,0.669917,0.630217,0.507925,0.736989,0.639558
0.561235,0.573132,0.689973,0.781046,0.505155,0.516883,0.674708,0.779571,0.795602,0.592111,0.607562
0.676463,0.620072,0.601597,0.830268,0.626826,0.541223,0.633017,0.751873,0.593655,0.406444,0.426947
0.533104,0.687314,0.765803,0.767041,0.683678,0.558619,0.636452,0.658018,0.655663,0.688958,0.546642
0.648258,0.710678,0.673647,0.698099,0.515767,0.614830,0.604454,0.612371,0.576767,0.523772,0.564585
0.726812,0.668657,0.612810,0.925737,0.561390,0.725631,0.582280,0.508703,0.549010,0.616190,0.508478
0.616369,0.796803,0.588455,0.866205,0.643919,0.664338,0.500640,0.467164,0.628763,0.567907,0.459073
0.670175,0.500325,0.531802,0.708966,0.571556,0.631772,0.597095,0.563975,0.626597,0.604323,0.455782
0.623496,0.526164,0.715170,0.769114,0.518046,0.499472,0.490282,0.587290,0.547944,0.633657,0.595692
0.574394,0.434241,0.729774,0.621940,0.566814,0.534532,0.566898,0.570172,0.538107,0.702549,0.502121
0.596466,0.497656,0.586642,0.455336,0.654256,0.472650,0.487375,0.562200,0.609886,0.537761,0.560343
0.568139,0.526945,0.569976,0.488532,0.581747,0.592327,0.607587,0.557969,0.650246,0.419340,0.502366
0.521535,0.649076,0.566086,0.594342,0.704720,0.507713,0.651014,0.487467,0.598115,0.488910,0.636915
0.550682,0.457585,0.467765,0.639190,0.604551,0.651180,0.461758,0.538016,0.491769,0.413334,0.391125
0.443941,0.466896,0.382392,0.603810,0.594856,0.579654,0.582440,0.490188,0.490619,0.362454,0.394338
0.532272,0.502820,0.559534,0.672074,0.618463,0.523351,0.484166,0.485891,0.571769,0.562553,0.560846
0.509996,0.440472,0.588425,0.464824,0.468599,0.412750,0.609616,0.471148,0.514073,0.586331,0.418892
0.505271,0.539543,0.569112,0.584012,0.320750,0.503902,0.585037,0.578049,0.432036,0.612536,0.537658
0.500468,0.594958,0.557203,0.482772,0.376836,0.441725,0.500896,0.429296,0.410744,0.565356,0.400681
0.502140,0.529503,0.540465,0.574428,0.321325,0.571706,0.505316,0.468310,0.477126,0.529156,0.448274
0.458676,0.570245,0.474139,0.511266,0.405103,0.466663,0.423004,0.451074,0.514808,0.422252,0.474896
0.455872,0.493832,0.550997,0.479694,0.411131,0.416086,0.359099,0.486745,0.465976,0.337046,0.538872
0.464014,0.514767,0.647854,0.335192,0.625172,0.450728,0.400085,0.374781,0.568259,0.405247,0.450753
0.356123,0.650747,0.545486,0.466544,0.502656,0.412575,0.404512,0.438786,0.502842,0.598229,0.437386
0.406710,0.614024,0.451285,0.513330,0.531627,0.426025,0.342083,0.433118,0.465118,0.441199,0.521855
0.425562,0.557426,0.475933,0.529448,0.476353,0.396160,0.464008,0.476347,0.404857,0.478843,0.358102
0.538586,0.449528,0.396425,0.556306,0.494393,0.462756,0.353632,0.541027,0.519661,0.368704,0.276289
0.456784,0.637536,0.468974,0.535537,0.396724,0.525053,0.467920,0.493758,0.468999,0.392285,0.468971
0.492527,0.354001,0.459545,0.454511,0.415803,0.493790,0.504802,0.478441,0.586256,0.536167,0.371801
0.510804,0.423355,0.421088,0.535906,0.461556,0.456331,0.442872,0.403368,0.564678,0.573454,0.362910
0.389980,0.573282,0.453757,0.562642,0.470166,0.469759,0.438286,0.366909,0.482612,0.528220,0.392567
0.543156,0.420375,0.570583,0.434554,0.403264,0.533177,0.430792,0.467847,0.507904,0.457366,0.285621
0.436785,0.490987,0.450587,0.380505,0.376135,0.488722,0.441557,0.435820,0.503528,0.474440,0.384832
0.533940,0.396906,0.421596,0.390326,0.344227,0.350579,0.355003,0.585737,0.370382,0.369440,0.442863
0.535482,0.434600,0.429506,0.412982,0.401211,0.472136,0.433060,0.531601,0.501597,0.415036,0.478759
0.539921,0.443752,0.465701,0.432753,0.447632,0.584399,0.335690,0.598828,0.444412,0.433016,0.445711
0.431683,0.468879,0.315677,0.414750,0.348544,0.427578,0.371352,0.556270,0.480298,0.468800,0.568400
0.310736,0.420927,0.390319,0.465966,0.374417,0.440214,0.575427,0.406030,0.419029,0.496339,0.388313
0.466989,0.564889,0.387414,0.414267,0.483452,0.500036,0.403059,0.414559,0.492738,0.317054,0.571391
0.406586,0.350412,0.400553,0.485386,0.511100,0.434812,0.321278,0.536348,0.436852,0.433558,0.419992
0.348212,0.421674,0.336451,0.523795,0.390302,0.429849,0.338570,0.529984,0.359625,0.287206,0.453799
0.358285,0.354348,0.476860,0.536688,0.441589,0.420397,0.437646,0.532895,0.478824,0.394264,0.442429
0.459210,0.365038,0.431857,0.491981,0.374450,0.472300,0.395686,0.418266,0.449107,0.363377,0.415404
0.463925,0.219778,0.324377,0.500944,0.359866,0.569316,0.442115,0.447150,0.410318,0.414507,0.335762
0.406628,0.335832,0.429059,0.531738,0.369287,0.398824,0.463231,0.331072,0.503995,0.373752,0.552299
0.471758,0.395395,0.439367,0.557185,0.361408,0.446444,0.519202,0.374512,0.410425,0.457828,0.438605
0.405055,0.348762,0.418924,0.653690,0.345668,0.517941,0.485435,0.383250,0.396709,0.448265,0.497034
