0.673568,4.884212,0.000000,0.000000,0.000000,0.749963,6.241318,0.000000,18.097202,2.734090,0.000000
7.205015,0.000000,4.805350,0.763923,28.756399,7.881944,2.657498,0.000000,17.589118,2.618661,1.965204
1.765984,0.000000,2.904945,0.000000,0.000000,4.965942,0.271854,0.000000,0.602747,0.000000,32.701969
11.807886,14.024850,0.414911,13.387172,4.928738,10.216291,1.983305,8.366418,6.562987,4.348627,3.807079
0.000000,0.000000,1.840450,0.000000,0.000000,2.761478,0.000000,3.569816,3.953610,0.558174,0.000000
1.762438,0.000000,9.747444,19.715883,0.931179,0.000000,7.375404,0.000000,11.964833,0.000000,0.000000
9.436865,18.367590,9.081699,2.863615,0.175399,0.000000,0.000000,0.000000,6.304627,0.000000,0.000000
2.976125,0.050478,0.000000,0.000000,6.592016,0.000000,3.314858,0.000000,12.505094,5.943909,17.922716
0.000000,12.948141,0.000000,0.000000,0.954921,1.905539,11.773025,7.556477,0.912160,15.425257,5.643463
0.000000,13.692650,0.000000,2.846843,0.000000,3.766270,0.000000,0.000000,10.201636,2.084991,0.614171
0.000000,10.461447,3.938800,0.000000,0.000000,0.000000,0.000000,13.102319,0.000000,1.141905,0.000000
0.000000,3.667002,3.629887,5.746470,3.630421,2.335887,0.000000,3.682501,3.261756,0.000000,2.220730
0.000000,8.610941,8.638558,0.000000,0.000000,0.000000,0.000000,1.001040,0.000000,0.000000,0.000000
2.889881,5.713755,0.000000,4.770037,2.641457,0.000000,0.000000,0.000000,1.573370,0.000000,0.000000
5.588073,18.594142,1.639983,14.101259,0.000000,0.000000,0.000000,11.404059,0.000000,0.000000,0.000000
9.417830,8.589566,4.610826,0.000000,0.000000,5.369823,0.000000,0.000000,9.688607,0.000000,2.924171
2.096104,3.510844,0.000000,0.000000,0.000000,7.164558,0.836173,0.000000,0.000000,0.000000,0.000000
0.000000,14.259105,8.737071,5.953991,1.025438,3.009385,9.744295,2.577591,0.000000,9.900135,0.000000
0.000000,0.147457,0.000000,0.000000,0.000000,2.533337,0.000000,0.000000,0.000000,6.981139,4.831408
0.000000,0.000000,12.832989,0.000000,2.145359,0.248249,5.279931,2.593894,2.783808,0.000000,11.149371
5.420512,0.000000,0.000000,0.000000,3.804921,1.828593,3.964250,6.501470,3.030214,3.536661,0.000000
1.989990,0.000000,0.000000,0.000000,5.055821,11.867371,1.323029,0.000000,0.970834,0.000000,0.000000
4.163753,0.000000,0.000000,0.000000,0.000000,4.803911,3.976415,0.000000,2.761641,0.000000,2.490790
0.000000,0.000000,0.000000,0.000000,2.239498,0.000000,0.000000,14.051255,0.000000,17.065128,0.000000
8.139150,6.961812,4.523828,2.352706,5.076581,0.000000,4.609916,2.827809,0.000000,0.000000,0.000000
0.000000,0.000000,0.000000,25.907147,0.000000,0.000000,0.000000,0.000000,0.662440,0.000000,0.000000
0.000000,0.000000,0.000000,20.031837,6.259426,2.618817,6.410211,0.000000,0.000000,1.300921,12.298518
0.000000,0.360651,0.000000,3.114143,9.211136,0.000000,3.213547,0.000000,0.000000,2.562372,5.191139
2.665431,1.812356,5.688846,4.311304,4.439903,0.000000,0.000000,0.000000,0.000000,1.149042,0.000000
0.000000,7.628654,0.826978,12.881244,0.000000,0.000000,3.922664,0.000000,0.000000,0.000000,9.642905
0.621947,15.842517,3.287553,0.000000,0.000000,0.000000,1.571425,0.000000,8.085885,0.000000,0.353710
0.000000,0.467151,16.000072,0.000000,0.000000,0.000000,0.000000,0.000000,0.000000,17.118124,2.502074
0.000000,0.000000,3.343415,0.000000,3.215614,0.180168,2.629690,3.121395,0.000000,3.323805,0.000000
5.220835,0.000000,8.580382,0.000000,0.000000,0.000000,0.898224,0.000000,0.191302,1.631287,0.000000
0.000000,0.263155,3.729487,0.000000,0.000000,0.329458,0.000000,0.000000,4.455856,0.541189,6.967915
2.955272,9.926681,0.000000,0.000000,0.000000,0.000000,0.000000,0.000000,0.000000,0.000000,1.614765
0.000000,0.000000,5.284285,2.432643,0.000000,17.724116,3.594691,0.000000,1.479768,12.024999,0.000000
0.000000,2.645844,0.000000,1.229787,0.000000,7.029512,0.000000,0.000000,2.661689,0.000000,2.303483
0.000000,12.501572,0.000000,2.800654,3.511955,5.786909,0.000000,11.394671,0.000000,0.000000,0.000000
0.000000,2.818781,6.051982,0.538053,1.051045,2.676642,0.000000,4.245897,0.314640,16.661001,0.000000
0.000000,0.000000,0.000000,2.312185,6.570745,1.003807,1.533719,0.000000,0.000000,3.528851,0.000000
0.000000,0.000000,8.532657,0.000000,1.110335,0.422530,0.000000,12.241229,0.000000,1.158974,0.000000
0.000000,8.046461,0.000000,2.568026,0.000000,0.000000,0.000000,0.000000,0.000000,1.693723,9.752063
0.000000,0.000000,3.347109,0.816133,0.080272,0.000000,4.299583,0.000000,0.000000,0.000000,2.067767
0.000000,6.915800,0.012576,1.813333,2.846790,8.606950,0.796525,8.340434,0.000000,14.004979,10.334968
6.218695,0.000000,19.482456,0.000000,4.436718,0.000000,1.182098,3.296731,17.573007,15.860571,0.000000
0.000000,10.424753,5.350277,1.335460,0.649214,2.312457,0.000000,0.000000,14.444089,3.318349,0.000000
6.006449,0.000000,0.000000,0.465130,0.000000,0.929522,0.000000,1.755910,0.000000,0.000000,17.539175
4.652956,2.081681,0.000000,2.434332,10.366524,0.129657,10.270206,0.000000,6.749400,0.786494,4.593356
0.000000,1.957763,3.951031,6.439094,0.000000,0.000000,4.185134,0.000000,0.457298,2.078227,0.210204
3.647724,18.156165,5.434511,0.000000,12.918806,11.625252,0.000000,4.159471,0.000000,0.000000,4.905761
0.054824,0.235473,5.466366,0.000000,12.096872,0.000000,3.015986,21.164089,0.000000,16.349797,0.125174
0.000000,3.691477,0.371820,1.148287,5.069513,0.000000,3.177211,3.226670,7.424645,5.093566,0.773570
0.000000,3.821047,2.680856,1.916789,0.000000,0.000000,0.000000,0.000000,0.000000,6.549623,0.000000
6.718067,3.282583,0.000000,0.000000,0.081417,18.464124,2.172645,0.000000,1.477746,0.000000,4.143547
0.000000,1.789728,1.497743,0.000000,4.905725,0.000000,3.469238,0.000000,2.212169,0.000000,4.069063
2.260104,0.073378,0.000000,3.211175,0.000000,0.000000,0.000000,1.889098,0.000000,0.220046,0.000000
4.828357,0.000000,4.479349,5.865974,3.333278,0.000000,14.448647,9.250136,0.000000,0.537668,3.780783
9.011339,8.015363,0.000000,0.000000,1.518634,4.997772,3.271103,0.000000,1.174589,0.000000,0.000000
0.000000,0.000000,0.000000,0.000000,0.000000,0.000000,0.000000,0.000000,0.000000,4.694298,2.769896
0.963428,5.291983,1.706370,0.000000,0.000000,1.323986,1.046292,2.158930,0.000000,2.312194,0.000000
0.000000,3.108592,0.000000,0.000000,0.000000,0.000000,7.150282,0.000000,0.503242,0.829901,0.000000
0.000000,0.000000,0.643882,0.000000,1.873279,4.637800,0.181853,4.825230,6.258657,3.341736,1.129023
0.000000,7.691492,0.000000,0.000000,1.681750,0.000000,1.379694,0.000000,0.000000,0.000000,0.976850
11.341352,1.665983,1.144877,0.000000,8.181327,0.000000,7.638836,2.585553,0.000000,0.000000,17.272662
0.000000,0.000000,0.926914,0.850512,0.814364,0.653862,0.000000,0.000000,3.887885,0.000000,0.000000
8.442182,2.372246,0.000000,1.022339,1.844348,0.000000,6.685343,6.178765,2.956529,4.737612,0.000000
0.000000,2.477804,0.000000,3.767350,4.137973,0.000000,6.823016,0.851632,0.000000,0.000000,15.858544
0.000000,12.658449,2.544152,0.000000,2.435358,0.000000,0.000000,5.203566,0.000000,13.399460,0.000000
0.000000,0.000000,3.453141,1.063609,4.562100,3.756995,6.987937,10.376701,2.849991,3.142361,0.000000
0.000000,0.000000,0.000000,0.033536,0.000000,0.721335,0.311461,1.572008,0.000000,0.347392,0.000000
0.000000,0.000000,4.870224,1.811580,3.841350,0.000000,0.000000,15.699161,0.703970,7.116788,0.000000
0.000000,6.215822,0.000000,8.087593,0.000000,0.735310,6.155131,0.000000,19.333705,0.000000,1.116053
0.000000,1.051823,3.131023,0.000000,1.631752,0.000000,2.564304,0.000000,0.000000,4.302108,3.677786
0.050167,0.422560,0.000000,0.760842,0.000000,0.000000,0.000000,6.747461,4.574154,0.845867,0.342999
0.000000,0.867359,0.000000,0.000000,2.149499,0.000000,0.047183,0.000000,0.000000,0.051304,8.491679
0.000000,0.000000,0.000000,0.000000,0.000000,0.000000,0.000000,7.145319,7.835295,0.000000,0.000000
0.000000,0.000000,9.098748,15.816458,4.354915,1.578048,0.000000,4.148593,2.358242,0.000000,0.000000
0.000000,5.267273,0.348192,0.000000,0.000000,0.704345,0.000000,7.920271,0.000000,0.000000,0.000000
3.222777,0.000000,1.466231,0.000000,0.000000,1.230311,0.000000,2.258508,0.000000,0.000000,0.000000
0.959747,8.495532,0.000000,7.448539,10.928302,12.430288,2.197478,10.581273,2.835391,0.000000,2.311379
5.476412,0.000000,0.000000,1.380116,0.000000,9.923663,0.000000,2.658707,2.221112,5.191782,0.000000
0.000000,0.456113,3.366426,0.000000,5.642876,3.029143,0.000000,6.053697,5.974388,0.000000,0.000000
0.000000,2.125587,6.068968,4.685152,0.000000,0.000000,2.266813,0.000000,1.161592,0.000000,0.000000
0.000000,0.000000,3.398928,0.000000,1.072019,2.523642,2.271498,0.000000,0.517583,3.456294,0.000000
11.110670,5.116341,0.000000,13.740505,1.163291,0.000000,0.000000,0.000000,0.000000,0.000000,0.000000
3.531890,0.000000,1.376787,14.248737,6.964107,0.000000,3.246115,6.076635,0.000000,0.000000,0.000000
2.469137,29.456083,3.140848,1.889584,4.390805,0.000000,0.000000,8.514808,0.000000,0.000000,0.000000
0.000000,0.378071,0.000000,0.000000,0.000000,3.365630,0.000000,2.973969,0.000000,2.388616,2.375712
0.000000,0.000000,0.000000,0.000000,8.952148,0.000000,1.115660,0.000000,1.685584,12.383785,6.711359
0.000000,0.000000,0.000000,0.000000,1.877522,0.000000,0.000000,0.000000,0.000000,4.143926,0.000000
0.000000,1.724830,0.000000,0.000000,0.000000,0.000000,6.756916,0.301224,0.000000,5.294742,3.722392
9.855980,0.058657,1.654023,0.000000,2.521723,0.000000,0.000000,6.866068,0.728088,0.000000,2.468161
2.838556,0.000000,0.000000,0.000000,1.058540,0.000000,1.566817,1.438248,5.266353,0.000000,0.000000
0.000000,0.878102,5.074616,0.000000,4.746942,0.000000,0.000000,4.513251,0.000000,0.000000,0.000000
0.000000,0.000000,4.044996,0.000000,0.000000,14.006038,0.000000,3.453189,0.000000,1.518564,0.000000
10.862670,2.186504,5.488371,1.567554,0.330957,7.452779,3.958273,0.000000,0.000000,0.380978,7.297493
0.000000,1.125343,0.000000,0.000000,0.000000,4.507032,9.186164,0.000000,1.097512,1.592622,1.218004
4.068499,0.592574,1.022684,0.742615,0.000000,0.000000,0.088004,0.000000,1.016777,0.000000,0.000000
0.000000,0.798156,0.000000,0.000000,0.000000,1.138265,5.532829,0.000000,0.000000,12.603519,0.000000
5.391731,0.492212,0.000000,5.750686,0.000000,4.223350,2.106972,7.210705,2.894592,2.375816,0.000000
0.000000,0.000000,4.803105,0.000000,0.000000,0.000000,12.895573,4.345989,3.394562,8.821185,0.000000
0.000000,0.000000,0.000000,3.274573,0.000000,0.564336,3.676416,0.000000,6.996117,6.967959,0.787990
2.836382,0.000000,3.296648,0.000000,0.000000,5.446392,5.262844,13.136409,0.000000,12.458813,0.000000
12.251199,0.000000,0.706974,5.665426,5.429164,3.213722,0.000000,0.000000,0.000000,0.000000,0.000000
9.823208,0.000000,1.497562,0.000000,0.000000,0.472208,2.042499,3.490983,0.000000,0.000000,0.000000
6.399581,0.000000,2.536403,5.323288,0.000000,0.000000,0.000000,1.728902,7.543710,2.481853,6.390106
0.000000,0.000000,0.000000,0.000000,5.103045,0.000000,3.065012,0.000000,2.671754,9.811468,11.544519
0.392486,3.640695,0.000000,0.000000,0.000000,0.000000,0.182280,0.259211,0.789490,3.179456,3.036443
4.316072,0.000000,1.243575,0.000000,2.599252,0.000000,0.000000,0.000000,0.000000,3.112687,4.023487
4.680518,0.933525,3.108363,1.113115,0.000000,0.989168,1.343178,0.000000,0.000000,1.105760,0.000000
4.445588,0.000000,0.000000,6.330644,0.000000,5.791506,0.000000,0.421105,0.000000,0.000000,0.000000
8.537536,0.000000,0.000000,0.059194,1.689496,0.000000,0.000000,0.000000,0.221003,0.000000,0.000000
0.000000,0.000000,0.625690,10.837267,0.447891,12.088219,0.000000,0.000000,0.000000,3.120911,0.000000
0.000000,0.253989,0.000000,0.000000,1.205576,1.619149,5.989690,0.000000,0.000000,1.849573,1.010729
14.917213,4.000473,0.967334,0.000000,0.000000,0.000000,4.496826,0.000000,0.000000,5.412505,15.213723
0.000000,4.518791,0.000000,4.878901,0.000000,0.000000,0.000000,0.000000,0.000000,0.000000,0.000000
0.000000,2.806541,0.000000,3.467748,0.000000,1.280141,0.000000,2.001177,0.000000,5.341318,1.787187
0.000000,3.361988,2.614283,3.480975,0.000000,0.000000,0.000000,5.555711,0.647646,0.000000,0.000000
3.896656,0.000000,0.000000,0.000000,0.245652,0.000000,0.000000,3.953032,2.233735,0.000000,0.000000
0.000000,0.000000,0.000000,3.212180,0.000000,2.583300,1.224358,1.555545,1.176896,0.131062,0.000000
0.525361,0.000000,0.076589,3.592193,2.608310,11.438784,4.681900,8.030231,0.000000,9.326443,5.736264
4.442022,1.466524,7.504915,0.000000,0.919169,0.152568,5.399178,0.000000,0.000000,0.000000,0.122422
1.263763,5.142096,10.695887,3.677024,5.518559,10.275202,0.000000,0.690288,3.673496,21.643933,0.000000
1.556933,5.278326,2.427007,0.000000,0.000000,0.000000,0.000000,2.881418,0.704448,0.000000,9.343976
0.000000,0.000000,0.000000,3.048326,8.097450,3.253587,0.000000,0.000000,3.210330,12.413302,3.708546
0.000000,0.000000,1.772594,0.000000,0.865972,2.602232,3.117719,3.757314,0.000000,6.813286,5.691920
1.048656,0.650432,1.311403,0.000000,0.000000,4.484638,3.150744,0.000000,0.000000,0.000000,2.431507
7.138772,0.000000,0.703463,2.368108,0.000000,0.000000,1.324510,0.000000,0.000000,1.773186,0.000000
7.332694,0.000000,5.024238,0.000000,0.000000,0.000000,4.078748,1.412759,0.000000,0.000000,0.000000
0.000000,0.000000,4.980747,0.000000,0.000000,0.000000,7.285482,0.000000,4.545060,0.000000,2.887603
4.657397,2.821387,2.741962,0.000000,0.000000,5.970018,6.484151,0.000000,0.000000,0.000000,5.295859
5.535932,0.000000,0.271411,0.000000,0.316983,1.398830,1.534556,0.000000,0.000000,0.000000,0.000000
0.674619,0.000000,5.341927,0.000000,4.260546,4.500596,0.000000,0.000000,0.000000,1.110405,0.000000
0.000000,0.000000,2.627464,0.702475,1.869815,0.000000,0.000000,0.000000,10.229897,0.000000,9.812901
3.925193,0.000000,1.399082,1.315465,2.027864,1.281153,5.459645,0.000000,1.576408,3.091551,4.280455
5.479909,0.747866,0.375813,1.332099,0.000000,0.000000,7.115908,0.453296,0.000000,0.000000,3.099492
0.277657,1.760058,4.717644,0.000000,0.000000,3.478100,0.000000,2.642432,1.170611,0.000000,1.803202
0.000000,2.784793,2.979917,0.000000,1.980535,1.838024,4.679357,0.513676,0.000000,1.476596,0.000000
0.000000,5.979024,0.000000,0.000000,4.004371,0.000000,5.878377,1.636374,0.000000,0.000000,0.000000
1.562457,0.449349,0.763621,0.000000,0.000000,0.000000,0.788752,0.934378,1.004698,1.224006,4.527731
1.028925,3.362210,0.000000,6.641990,1.951795,3.103062,6.923020,10.199193,2.257984,2.833544,6.457195
13.213767,0.489566,0.360233,1.431334,0.000000,4.347745,1.140186,0.000000,0.000000,0.000000,0.000000
0.000000,2.125182,0.662334,0.000000,7.081876,0.000000,2.255177,0.135953,0.000000,3.253412,0.000000
3.991676,3.923343,0.895901,5.745093,0.000000,0.000000,0.984786,0.000000,2.561793,10.343639,0.000000
0.000000,0.000000,0.000000,0.000000,0.000000,5.592932,0.000000,0.000000,3.902233,3.374441,0.000000
7.122509,2.440929,6.334213,9.120788,2.659589,1.464035,14.173360,6.304618,8.930550,9.856261,0.000000
0.000000,5.793985,1.237361,2.185225,0.000000,0.000000,4.632266,0.000000,0.000000,1.710790,1.973461
3.919235,0.000000,0.000000,0.000000,4.281055,2.099374,2.011000,3.030699,0.000000,0.000000,0.000000
1.603329,4.833876,0.000000,0.000000,0.000000,0.000000,0.591850,0.000000,0.000000,1.571559,0.078572
4.459419,0.000000,4.626289,0.000000,0.000000,3.545340,1.186421,0.000000,0.000000,0.000000,1.720668
0.000000,0.000000,5.959477,4.806521,0.000000,1.060815,6.423506,3.296094,0.000000,3.307304,0.000000
1.546564,0.000000,2.484859,6.409601,0.915273,2.000142,0.873252,1.424657,4.027234,5.894198,0.000000
0.060444,1.892943,2.505023,0.000000,0.445601,0.000000,0.024458,0.000000,4.294581,0.000000,0.275821
0.000000,9.390828,0.000000,3.862347,3.732947,0.424589,0.714287,0.000000,0.000000,0.000000,0.000000
3.294412,2.983621,0.000000,2.834307,0.000000,2.875671,0.000000,1.127185,6.389024,3.377254,0.000000
0.000000,4.525759,0.000000,0.000000,0.000000,0.000000,0.000000,2.121038,4.176599,2.663202,9.718071
0.000000,0.000000,0.593419,1.824745,1.006310,0.628608,0.000000,1.527338,8.394018,0.424787,0.000000
0.000000,5.002359,2.924339,0.587682,0.000000,0.110086,1.009202,2.452188,0.000000,1.705244,3.955380
0.000000,0.000000,2.741302,1.197860,0.000000,0.000000,4.066788,0.000000,7.058170,0.000000,1.131429
0.000000,0.404986,0.000000,1.078605,2.284341,3.854273,0.000000,1.856261,0.566449,7.306367,0.000000
0.000000,4.110629,0.000000,2.019389,0.000000,0.807240,0.000000,0.000000,3.925467,3.769766,0.000000
0.000000,2.671466,0.593623,4.581638,7.413984,0.000000,4.387736,1.301640,0.000000,1.790016,4.086168
9.375367,0.000000,0.000000,3.249691,3.133854,0.000000,0.000000,0.000000,1.892178,0.000000,3.724715
0.000000,0.934345,2.650555,0.000000,0.000000,0.000000,15.158800,0.000000,1.249610,8.988262,0.000000
4.799357,0.000000,0.797973,3.050779,0.000000,0.000000,1.696225,1.807019,0.000000,7.359097,0.347365
0.000000,0.000000,0.000000,0.464580,3.926283,0.188445,0.637572,0.000000,0.537403,0.000000,9.531347
0.000000,0.000000,0.000000,0.000000,0.000000,0.000000,0.000000,4.546512,1.788188,0.568127,0.000000
0.000000,0.000000,0.697005,1.131012,0.739600,0.538897,0.000000,3.619610,1.959721,0.000000,0.000000
2.518471,0.000000,0.000000,1.571851,1.624621,4.482277,0.000000,0.000000,0.000000,0.000000,3.749543
0.000000,1.608356,0.000000,13.959628,0.000000,3.118611,2.218738,0.994160,0.000000,1.432483,0.000000
0.000000,0.000000,0.000000,3.259658,0.000000,0.000000,0.000000,0.000000,0.000000,0.000000,0.546264
0.000000,0.000000,0.000000,8.792369,0.000000,2.482364,0.000000,0.914075,0.000000,3.801042,2.916356
0.000000,0.000000,6.835996,0.000000,0.000000,0.274265,5.598907,0.000000,2.838107,2.228602,0.000000
0.000000,0.350503,0.000000,1.302049,5.949994,0.000000,0.000000,5.442809,0.000000,0.175078,2.224643
1.477612,0.000000,0.000000,0.000000,3.970523,0.000000,0.000000,6.748853,0.000000,0.000000,0.000000
9.299870,0.000000,3.255678,10.014362,1.352692,1.299894,4.117856,1.199255,0.000000,0.000000,0.000000
7.042414,0.000000,2.774523,2.253972,0.000000,2.525903,0.349095,4.363234,0.000000,0.000000,0.000000
2.444667,1.847261,2.918754,0.578599,3.815933,1.491113,4.012096,1.018988,0.000000,0.000000,0.000000
3.922012,1.311519,0.000000,4.148215,0.000000,2.376572,2.735377,6.720251,0.000000,1.185210,0.000000
1.277292,0.000000,4.357086,0.000000,0.000000,0.612355,7.112238,0.000000,0.000000,0.693039,0.000000
0.394441,2.702622,0.000000,6.396712,5.133564,0.577382,0.000000,0.000000,2.990496,3.317452,0.000000
2.124436,1.379938,2.669005,6.947834,6.213211,0.000000,0.000000,0.000000,4.591273,0.000000,1.458665
0.000000,0.000000,0.140397,2.782682,2.467474,1.335942,6.811385,2.651645,0.000000,0.000000,0.000000
2.894968,0.000000,10.348296,0.000000,1.311182,0.000000,0.000000,1.287107,2.928149,0.000000,0.000000
5.113914,0.000000,4.854060,0.000000,0.720031,0.000000,0.000000,1.586887,2.760909,3.327040,11.980863
1.701375,1.814279,1.084629,0.000000,1.526000,0.465733,3.896215,0.429599,0.000000,0.000000,7.719833
0.000000,5.803199,6.377109,1.965999,16.554542,0.000000,1.039541,0.000000,1.265062,4.330895,0.000000
2.087810,0.000000,0.000000,8.333496,0.000000,0.181517,10.101853,2.491666,0.000000,0.000000,0.000000
0.488666,3.188095,0.877819,2.937938,0.201586,0.000000,0.000000,3.720597,3.425074,0.241342,0.000000
0.000000,7.144410,5.867325,0.123496,0.000000,1.982807,0.074706,0.218511,4.281072,1.316695,0.000000
0.000000,0.000000,0.757590,4.024650,0.000000,0.000000,0.000000,0.356548,4.675358,0.000000,5.563963
0.000000,0.000000,0.985024,0.000000,1.555573,0.850142,2.189908,0.000000,0.000000,0.000000,1.643274
0.466229,0.000000,1.324674,1.752885,1.967360,1.321968,1.688472,9.442612,0.000000,5.233167,0.000000
0.000000,0.000000,5.246149,0.247007,6.979296,0.000000,3.796409,0.000000,0.000000,2.495225,5.909338
4.186377,0.000000,2.400227,0.000000,2.541266,0.000000,3.489548,0.445364,4.446846,0.000000,1.182766
1.286226,0.000000,0.000000,0.000000,0.000000,0.000000,0.000000,0.276965,3.843445,0.665749,0.000000
0.000000,0.000000,0.261417,0.000000,0.000000,2.633989,0.000000,4.374169,5.796171,0.000000,1.377277
0.000000,0.000000,0.000000,0.000000,0.000000,1.417373,2.799173,0.000000,0.000000,1.916253,0.000000
2.299060,1.234131,0.000000,2.316041,0.000000,1.543815,0.205429,0.314286,5.308532,0.000000,1.390896
2.304614,2.115559,0.482232,0.000000,6.509196,4.616441,11.055461,0.000000,1.650122,0.000000,0.000000
0.680510,0.000000,3.368756,1.099510,2.908671,8.983006,0.000000,0.000000,3.066310,1.580219,5.496993
5.414727,0.000000,1.897228,3.676984,5.838871,0.000000,1.651579,8.474685,7.080530,0.000000,0.000000
0.000000,0.000000,0.000000,3.038432,5.926160,3.310076,8.352359,0.000000,0.000000,3.960097,2.398877
0.000000,5.573878,0.452453,0.000000,3.635816,0.000000,0.000000,2.651049,11.307582,0.000000,0.000000
2.583940,0.247029,0.000000,11.721567,5.834923,2.269336,0.000000,0.000000,0.541394,0.097300,2.470552
5.886945,6.286602,4.758034,3.846540,0.000000,0.326195,0.251320,2.249858,0.000000,1.866710,0.229912
0.512835,0.000000,0.000000,2.292746,0.654481,20.875650,0.000000,0.000000,0.000000,0.000000,6.045927
0.000000,0.000000,3.318817,0.000000,0.000000,1.133475,0.268880,0.988197,0.000000,0.000000,0.000000
0.000000,7.884197,2.796388,13.401056,1.118342,0.000000,1.716161,0.000000,3.870321,0.000000,0.000000
0.000000,0.000000,5.275944,0.000000,1.955657,0.000000,4.480388,0.139118,1.510042,1.802700,0.000000
6.194017,0.000000,0.000000,1.947585,2.966395,3.860686,0.000000,0.616533,0.731639,2.707367,0.704347
1.169424,0.000000,0.000000,0.186852,0.340388,0.000000,1.232974,4.965600,0.000000,4.066710,0.037466
0.000000,3.991623,0.278447,0.000000,0.000000,1.265193,6.876171,0.000000,0.367712,1.888194,0.000000
3.267746,0.000000,4.749913,0.381297,0.000000,0.885517,3.844676,6.555199,0.714706,0.000000,1.080467
4.871928,2.838282,5.723824,0.618026,0.000000,0.000000,0.000000,0.000000,1.413655,2.268203,0.048072
4.683318,0.000000,2.268460,5.873828,0.000000,1.476948,0.000000,0.560118,0.208696,0.794519,0.000000
0.000000,0.591628,4.316034,1.331896,1.804017,2.748403,3.936426,0.886597,0.000000,0.000000,3.163918
0.913623,7.056171,0.000000,1.191612,0.000000,1.220264,8.071678,4.281089,5.420718,1.799257,2.857040
0.000000,3.381623,0.000000,5.094183,0.135487,5.021746,0.444519,0.000000,0.000000,0.000000,3.815979
1.203739,0.398012,0.000000,1.493839,0.617157,0.000000,2.437383,0.000000,0.000000,0.000000,0.818363
0.936343,0.899782,1.802725,0.000000,0.000000,12.815190,2.064457,0.000000,0.000000,0.225312,0.000000
2.754379,0.000000,5.576945,0.000000,3.770331,0.000000,6.362054,6.524702,0.000000,0.000000,11.549376
1.152756,9.782155,0.361753,0.432795,0.000000,0.000000,0.000000,8.963544,0.102602,13.660187,0.000000
0.000000,1.279315,1.996505,0.923771,0.000000,0.000000,2.861690,0.479352,0.000000,1.948826,0.000000
1.827935,0.728978,11.833125,0.000000,0.000000,0.000000,2.369117,8.985002,0.000000,4.684013,1.297140
0.602369,0.000000,0.000000,0.000000,8.772232,2.706142,8.425165,4.912972,5.790383,0.000000,0.000000
0.000000,0.000000,1.131196,0.000000,0.000000,1.925847,0.000000,3.778860,0.000000,0.000000,0.310448
1.098791,1.294365,0.000000,0.000000,0.000000,0.000000,1.377788,0.000000,4.571222,0.000000,0.000000
3.838694,0.000000,0.000000,1.349920,0.000000,0.000000,0.000000,0.608445,4.050830,0.320746,0.042108
0.000000,2.385460,0.000000,0.000000,0.000000,9.516884,0.000000,2.663902,7.459443,0.000000,0.000000
0.000000,0.000000,0.000000,0.859381,9.420893,2.706319,5.840336,0.000000,0.315638,0.000000,1.357346
1.824456,3.922919,0.000000,0.075808,1.431713,0.441933,0.000000,3.349223,1.694908,0.000000,0.000000
0.306164,0.133758,0.000000,5.525462,4.215483,7.948261,0.331000,5.441144,3.711593,0.971622,0.000000
0.000000,1.881951,0.000000,1.248130,0.000000,7.945411,1.001505,1.448979,1.862858,0.000000,1.417610
0.000000,1.375813,0.000000,0.000000,5.195495,0.000000,1.435119,0.000000,0.270387,2.857283,0.451963
0.000000,6.717348,1.797259,1.881857,0.000000,0.000000,2.623246,1.512607,0.000000,0.000000,6.276962
0.000000,0.000000,7.821816,0.000000,0.896421,2.263388,3.591530,9.034798,1.304717,0.000000,0.000000
0.000000,0.000000,6.871762,0.000000,9.170929,1.396608,2.168253,2.973455,4.777358,1.636174,2.537111
0.000000,0.000000,0.289931,3.706864,0.000000,2.659668,0.000000,0.000000,0.731437,0.000000,0.000000
4.269135,0.891360,3.583543,0.000000,0.471681,1.706003,3.282971,0.631190,0.348725,0.000000,1.765258
1.895370,1.518015,1.625060,3.003077,0.000000,3.915634,1.873263,4.907462,2.274505,11.112833,3.652076
5.505712,2.952852,0.000000,0.000000,0.933059,0.000000,6.456417,7.831479,0.000000,0.000000,0.000000
6.003342,4.730128,1.518743,3.180662,9.900955,0.000000,0.000000,2.102053,0.000000,1.673241,0.000000
0.000000,8.487594,0.000000,10.061557,0.000000,10.897610,2.060819,4.016265,0.000000,0.000000,0.000000
0.000000,0.000000,9.946712,6.024830,0.000000,0.000000,0.000000,2.342510,0.278063,0.000000,0.000000
3.946486,2.779347,3.395522,13.615752,1.912473,5.182328,8.677294,0.000000,0.000000,0.000000,1.610730
3.415309,2.110639,2.998839,0.000000,5.954906,0.000000,4.846377,3.438324,0.000000,3.979614,3.658356
0.000000,0.802811,0.000000,0.000000,5.322879,2.932370,3.678096,0.000000,0.008185,0.000000,11.653569
0.714562,0.000000,0.000000,11.833020,3.882494,0.000000,4.399468,0.000000,0.000000,0.000000,0.000000
0.264965,0.000000,0.000000,5.774908,0.000000,0.718404,0.000000,5.250944,3.634840,8.285238,3.222491
2.358315,2.275362,0.000000,2.605686,0.000000,0.000000,1.776342,0.843696,0.000000,4.842105,0.000000
1.856662,0.000000,5.687889,0.000000,0.000000,3.272902,0.000000,0.000000,11.472802,0.000000,0.000000
2.467498,0.000000,0.000000,1.204196,2.250276,7.108355,1.373541,0.000000,0.000000,8.127045,0.276328
0.000000,5.670651,1.885182,5.234468,2.761469,0.000000,7.072150,4.353662,0.000000,4.745457,0.000000
4.719006,1.719612,0.332203,0.666756,0.000000,1.378016,0.000000,0.000000,2.797240,1.717053,1.241074
3.721595,1.836852,0.000000,1.560091,0.000000,0.383818,5.400552,0.000000,2.990129,0.000000,0.000000
0.000000,0.000000,0.985242,22.333572,0.000000,0.000000,0.000000,0.791586,0.000000,0.000000,2.041034
0.000000,0.000000,0.000000,0.000000,0.000000,0.320943,0.962617,0.501500,6.533136,1.611234,1.359045
0.171631,0.000000,0.000000,0.000000,8.483699,0.000000,0.391611,1.426144,1.065644,0.000000,0.000000
0.987842,7.407698,7.183435,0.000000,0.000000,0.000000,0.000000,13.780366,0.000000,0.000000,0.000000
0.000000,0.000000,0.000000,12.669545,5.867786,0.000000,10.716210,0.000000,8.174341,1.499052,1.300050
2.243194,0.000000,1.489439,4.297909,0.287906,0.181541,0.000000,9.773559,4.470205,0.000000,0.430948
1.086728,0.000000,0.000000,0.000000,4.616634,0.000000,0.109509,0.000000,4.632963,0.000000,5.164261
1.272153,1.425172,0.000000,6.224270,0.167490,0.666781,0.000000,10.342487,0.000000,0.000000,8.530441
5.013133,0.000000,7.717473,0.838283,0.000000,0.000000,1.643716,0.254706,0.897894,5.186832,0.000000
2.481879,13.644463,0.000000,0.000000,10.170331,0.000000,6.869281,0.000000,1.465762,0.000000,0.000000
0.000000,0.000000,0.000000,8.951126,8.995066,0.000000,0.000000,3.078965,0.000000,0.000000,1.317553
15.887045,0.000000,0.000000,0.169325,4.711526,6.595493,0.000000,5.692292,0.000000,0.000000,0.000000
5.440674,3.330489,0.000000,0.000000,4.544006,4.789320,0.000000,0.000000,0.779426,1.565419,2.237045
0.000000,0.608937,0.000000,6.601621,7.047935,0.000000,0.000000,2.773077,5.749463,0.000000,1.753582
1.173563,0.000000,0.000000,0.000000,6.178440,5.591913,0.177980,0.000000,0.000000,0.000000,0.000000
2.645046,0.000000,0.000000,12.657153,12.412389,4.577688,0.000000,17.213046,0.000000,5.771045,1.951886
0.000000,0.974707,0.000000,7.623952,0.000000,0.000000,0.000000,0.000000,0.000000,0.186987,0.000000
0.000000,0.390233,0.000000,7.300638,2.618098,0.000000,1.417192,0.000000,2.846582,0.000000,0.000000
6.611367,0.000000,0.000000,27.930534,2.173502,13.399101,0.000000,0.000000,0.000000,46.206345,0.000000
18.854852,16.941867,0.000000,1.198623,0.000000,0.000000,0.000000,2.274327,0.000000,2.490859,0.000000
0.000000,5.034908,0.000000,0.000000,0.145373,15.051313,0.000000,1.089341,0.654760,4.628945,6.992703
0.000000,2.512911,5.770740,0.000000,0.000000,0.000000,2.132256,0.000000,0.774783,0.000000,10.103845
2.330652,3.157086,0.667259,0.000000,0.000000,5.775751,0.000000,0.000000,0.000000,0.000000,0.000000
12.193051,0.000000,0.000000,0.000000,5.522930,0.620961,5.428738,0.000000,0.264006,0.000000,0.000000
1.248198,0.000000,0.591345,0.000000,10.336662,6.491514,1.053033,0.000000,0.000000,1.648990,6.831456
0.000000,7.519275,0.000000,0.000000,0.000000,0.000000,8.945843,8.459876,0.000000,0.000000,0.610441
0.000000,0.862872,1.276985,15.067630,10.602510,0.000000,0.000000,0.000000,8.054800,0.000000,0.000000
0.000000,0.279370,0.115764,1.599359,3.716551,0.000000,5.174743,0.000000,9.784709,0.000000,5.079625
1.983834,7.195349,0.000000,8.446800,0.000000,0.000000,1.143402,0.000000,0.887921,0.000000,0.000000
7.011106,0.000000,4.248025,6.510072,0.000000,2.158528,0.000000,0.000000,7.706556,0.435431,0.000000
3.057341,8.197656,0.317776,0.000000,0.000000,17.221663,0.000000,7.049388,1.614419,2.018950,0.000000
0.000000,7.837514,7.102785,0.000000,0.000000,4.677605,4.487223,0.563332,0.000000,0.000000,15.810422
11.692726,3.274934,0.178646,1.407428,1.847623,0.000000,0.000000,0.000000,0.466940,0.000000,4.722102
0.000000,0.000000,0.514666,2.196031,0.000000,4.202539,0.000000,8.329633,0.935922,0.000000,1.574873
0.000000,2.090041,12.237944,13.323164,7.928635,3.726918,3.094210,0.000000,12.228209,0.155506,4.621966
0.328157,0.000000,3.032674,0.000000,0.000000,4.335716,0.000000,0.000000,10.069481,8.402355,0.000000
0.000000,2.616240,0.000000,3.004702,0.000000,17.012342,0.000000,6.087883,1.242473,0.000000,0.762256
0.000000,0.000000,0.000000,0.000000,1.124668,2.550467,0.000000,0.000000,0.000000,0.517090,0.000000
0.000000,5.874858,0.000000,0.000000,2.695131,2.949130,4.612743,0.000000,5.482705,0.000000,2.039484
2.156999,0.000000,1.864931,5.913669,2.503109,9.398256,0.000000,9.249768,0.000000,0.000000,0.957349
3.014700,0.000000,2.915185,0.000000,2.661041,0.000000,7.159215,0.000000,4.214965,1.051032,0.333576
1.744793,2.229489,8.423832,0.000000,4.788910,0.000000,7.462311,0.000000,0.000000,1.946175,0.000000
0.000000,0.000000,0.000000,0.000000,0.000000,0.000000,4.263276,0.000000,0.000000,1.849172,14.268345
2.451457,4.207798,0.000000,0.000000,0.000000,6.045813,8.473762,10.397289,0.000000,0.794294,12.906259
7.647108,1.804808,0.000000,0.000000,0.000000,3.988773,1.464519,5.640248,3.157108,13.846862,5.980972
3.075708,17.163816,3.956085,0.237414,3.527459,0.000000,0.000000,3.991818,0.000000,4.682398,0.000000
3.097611,0.000000,6.591957,0.000000,0.000000,15.194708,0.000000,2.857653,9.676259,0.000000,0.000000
4.188443,0.000000,0.000000,0.619802,0.000000,1.529233,0.000000,0.000000,0.000000,4.411896,0.000000
10.390305,0.000000,1.870594,0.000000,0.000000,17.800900,0.000000,26.583577,0.804484,4.550570,5.421297
0.000000,1.445735,10.854677,4.102282,0.000000,0.000000,2.130956,0.000000,1.243831,8.778440,0.000000
0.000000,5.025059,0.000000,0.000000,0.000000,2.863644,3.242071,7.347423,2.255300,0.000000,0.297374
1.354028,0.000000,4.241283,0.000000,0.000000,0.000000,0.000000,7.182602,0.000000,0.000000,0.827436
7.532434,0.920252,0.000000,0.000000,6.012516,1.144014,3.822729,8.103331,0.000000,5.969183,2.568688
0.000000,0.000000,0.000000,3.021163,0.000000,0.121905,1.973915,0.000000,5.257526,0.000000,28.389643
13.648053,4.295244,7.298043,0.000000,0.000000,3.455394,0.000000,25.581006,0.000000,0.000000,0.000000
1.720293,2.550185,0.000000,0.000000,2.792837,5.564494,1.668642,0.000000,3.459484,0.778808,11.213785
14.629313,0.752284,0.000000,6.280245,0.000000,4.771601,0.000000,0.000000,0.000000,1.493753,7.471206
6.881404,0.000000,7.437103,2.568614,3.899097,1.842664,0.000000,0.000000,0.000000,4.602857,0.000000
0.000000,1.897259,0.000000,0.000000,0.000000,9.849735,1.880587,3.299551,0.000000,12.347892,9.170043
0.000000,0.831763,0.000000,0.000000,0.000000,20.969274,2.173804,0.000000,20.720697,0.000000,0.000000
0.000000,7.300392,7.373455,0.000000,0.754830,0.000000,0.000000,0.978999,15.098050,5.481489,0.000000
2.405660,0.000000,7.544698,0.000000,0.627511,1.043153,1.535346,9.281384,0.000000,2.497654,11.802563
0.000000,0.000000,0.000000,7.742544,0.000000,10.045587,0.000000,1.648229,0.855218,0.000000,0.000000
18.071040,16.319303,2.421057,21.566598,6.458127,0.897491,0.000000,0.000000,0.000000,0.000000,0.000000
5.632908,2.273400,9.910048,0.000000,6.348841,0.000000,8.767842,10.092523,9.798197,1.668456,2.035225
9.778970,1.624981,0.000000,3.805530,0.000000,0.000000,3.743792,2.300078,15.701453,7.660231,19.236923
1.350276,6.392158,0.000000,3.678738,0.000000,7.014496,5.142023,0.000000,0.000000,4.297242,1.075198
9.106665,4.963901,9.501491,0.000000,0.000000,2.215744,0.644727,2.611416,3.236903,2.507217,5.114897
24.153649,0.000000,6.644840,0.000000,6.183746,0.000000,4.932908,0.000000,3.773380,5.282983,2.745120
16.948775,12.116726,3.038462,0.000000,2.827829,0.000000,4.784777,0.000000,0.000000,0.000000,0.000000
2.418794,0.000000,5.244711,0.890866,0.000000,0.000000,0.000000,0.000000,11.572751,4.322435,0.000000
10.748573,0.000000,16.965549,9.305898,0.000000,0.000000,8.167256,0.000000,0.000000,3.027742,0.000000
0.851550,0.000000,24.136312,0.000000,7.252562,0.000000,0.000000,15.098366,3.612160,2.980832,0.726152
0.000000,9.520873,0.000000,0.000000,1.127439,0.000000,0.000000,0.000000,0.000000,0.235819,0.000000
0.000000,1.118176,2.630442,7.352686,0.000000,2.585836,0.000000,0.000000,2.041674,1.616643,0.000000
0.000000,1.368112,0.000000,7.214641,5.093547,6.346994,8.773036,0.000000,8.970106,7.398013,12.978269
0.000000,0.000000,10.896472,0.000000,0.504680,0.000000,0.000000,6.588052,5.890157,0.000000,0.000000
3.453220,0.000000,6.999884,0.000000,5.079880,0.000000,1.665963,0.000000,30.503885,0.000000,0.000000
26.538616,0.000000,5.076130,7.590886,0.000000,6.195956,0.790290,0.000000,4.778623,0.000000,0.000000
6.259726,10.368843,4.490470,0.000000,13.193012,1.399356,0.186217,0.000000,0.000000,9.400732,0.000000
1.889425,0.000000,10.224606,1.001686,0.850444,29.350603,0.000000,3.153588,0.973639,12.089007,0.000000
1.651870,0.000000,0.000000,0.000000,2.192632,0.000000,3.091434,4.477808,15.686054,7.473891,13.235643
0.000000,4.926883,5.671127,0.000000,0.000000,21.332973,2.532988,0.000000,0.000000,0.000000,1.974599
0.000000,19.018105,6.234057,36.201044,5.019398,1.253524,0.000000,5.400468,0.000000,4.232691,0.000000
14.912141,0.830914,0.000000,0.000000,0.000000,2.231318,0.000000,6.645643,0.000000,4.467651,1.864499
2.713854,0.452708,0.000000,3.076554,0.000000,13.468877,0.000000,10.662689,0.000000,0.025731,5.171120
0.000000,0.000000,2.199414,1.431339,2.564867,0.000000,0.000000,3.666781,3.084913,4.797361,0.000000
0.000000,1.951475,0.000000,0.000000,6.203912,5.327026,1.776888,10.855942,2.577432,0.778551,0.000000
0.000000,4.433918,0.000000,3.755666,4.392088,0.000000,3.102878,3.373395,0.000000,7.191170,1.415578
1.869013,5.953529,11.846277,0.000000,0.000000,0.000000,0.957104,0.000000,0.000000,3.715557,0.000000
0.000000,0.000000,0.468988,3.514646,4.268606,0.596719,0.000000,2.190200,0.000000,0.699976,0.000000
0.000000,9.058484,5.280317,1.084112,10.785108,0.000000,0.000000,11.808801,2.026284,7.573077,1.037838
3.549790,0.000000,0.594683,0.319013,0.000000,10.903873,0.000000,4.374364,2.230364,0.000000,0.000000
0.000000,0.000000,15.583433,8.053183,0.000000,0.505337,0.047652,6.606909,4.044633,0.000000,0.161324
0.000000,2.104947,4.816436,6.312274,0.000000,0.000000,4.757676,0.000000,23.772594,0.000000,2.616832
7.349257,0.000000,0.000000,2.155083,0.000000,0.000000,1.007021,6.109633,9.353655,0.000000,0.869037
8.119726,4.671498,1.722338,0.000000,0.000000,15.208724,0.000000,0.000000,0.000000,0.000000,3.976040
8.171371,1.104732,3.462370,5.271485,0.000000,1.998426,0.000000,2.744688,0.000000,0.000000,0.176735
0.000000,3.078723,0.000000,4.909575,0.000000,0.000000,2.783160,4.089771,5.269114,0.000000,1.587917
3.553930,0.000000,0.000000,1.921575,3.237160,0.000000,14.899123,0.000000,7.624301,19.865738,0.000000
0.000000,0.000000,7.124114,0.182579,4.977502,5.316504,0.000000,4.154858,4.319048,2.652505,0.000000
8.246260,0.000000,18.874308,0.000000,0.000000,0.739925,0.000000,0.000000,11.464960,4.036973,0.000000
1.399007,2.797607,0.708078,0.000000,7.513742,13.565526,0.000000,7.851436,1.534910,1.065836,0.000000
26.803354,0.000000,6.285633,2.230583,15.935956,0.000000,0.000000,2.732143,0.000000,16.770076,0.857485
0.000000,0.000000,0.000000,8.171385,1.611629,2.236775,7.389432,10.612153,0.000000,0.000000,13.480567
0.000000,3.993533,5.207766,0.467755,3.239932,0.000000,3.006441,0.000000,0.000000,0.000000,0.000000
0.000000,5.576444,14.478233,4.602744,0.000000,9.166519,5.799022,0.000000,2.348959,26.186185,0.000000
0.134427,0.000000,6.205746,0.000000,0.378471,0.000000,11.337669,3.622332,0.000000,2.296970,0.000000
5.128882,0.000000,0.000000,0.000000,0.000000,9.798936,0.000000,13.235688,5.030119,0.000000,20.265703
0.000000,0.000000,9.273911,1.438904,0.000000,3.517313,0.000000,8.782040,4.172104,0.000000,4.132227
2.339121,0.000000,0.000000,0.000000,6.325732,2.201071,0.000000,1.214304,0.369664,0.000000,7.368085
0.000000,12.885644,0.000000,1.770247,0.002746,21.802584,0.000000,0.000000,1.486140,0.000000,0.000000
0.000000,3.306620,3.236396,5.262337,1.065828,0.000000,3.125042,4.568934,0.000000,0.000000,9.000699
0.000000,2.495833,0.299757,0.093736,1.817499,0.000000,9.977085,3.903004,0.000000,9.886365,3.249544
0.000000,0.000000,0.000000,7.313281,6.224048,0.000000,1.219800,0.000000,2.949879,10.585433,2.825277
4.991278,0.000000,0.000000,0.000000,3.640376,0.000000,0.000000,3.375274,0.000000,8.441851,0.000000
7.569607,0.000000,0.000000,0.324416,5.837517,1.451911,4.928842,0.425040,1.915613,1.928391,0.000000
0.000000,0.000000,0.000000,18.507561,2.679547,14.734840,0.000000,10.902357,0.000000,0.000000,4.452643
0.000000,14.305380,3.394651,0.000000,0.106153,1.956673,14.607578,27.970601,0.000000,6.014858,0.000000
1.498485,2.223685,0.000000,0.000000,9.007990,1.829878,6.219968,3.208572,2.436325,0.000000,1.308891
7.502424,10.451493,8.211940,0.000000,0.000000,0.000000,0.000000,0.254872,0.000000,0.000000,3.548620
3.175025,0.000000,0.000000,0.000000,1.374497,0.000000,0.000000,0.000000,0.292704,11.135262,2.151535
7.884649,4.628887,0.000000,0.951817,0.000000,7.979213,3.529962,0.000000,6.592662,0.000000,13.514478
2.988959,3.023871,0.000000,3.800377,6.112219,0.000000,0.000000,5.353313,2.899853,0.000000,3.942730
11.486553,0.000000,2.633164,3.688036,0.395755,0.000000,6.422379,11.472225,0.000000,0.000000,0.000000
5.582935,0.000000,4.341062,1.432083,0.296496,0.000000,5.003633,3.196633,0.000000,0.000000,0.753114
4.314945,0.000000,0.000000,9.451212,0.000000,0.000000,0.000000,1.475998,0.000000,10.952774,1.370939
6.572019,1.400639,0.000000,4.820022,7.196289,5.428515,7.585129,2.398308,0.000000,0.000000,7.625611
0.000000,0.000000,5.399352,0.000000,2.032025,3.072210,0.000000,4.149110,1.940778,0.210454,15.273255
2.985474,0.763135,0.000000,0.000000,0.000000,0.000000,6.389494,13.585310,1.728316,2.609438,0.000000
0.000000,0.000000,3.752535,0.768066,2.934753,0.000000,3.193579,0.000000,0.000000,0.000000,2.135724
7.989638,0.000000,0.000000,0.000000,1.662885,3.959066,0.630100,8.542790,1.926708,3.599850,1.176335
0.000000,0.000000,4.491457,5.270471,0.000000,4.738731,0.000000,3.433893,16.626337,13.341116,3.544569
0.000000,4.495481,2.985858,0.713852,0.000000,0.000000,0.000000,1.436433,0.000000,0.000000,0.000000
7.400073,12.662302,0.000000,4.127263,7.695824,0.000000,0.000000,0.000000,7.329796,12.924427,0.000000
0.000000,0.000000,5.538338,0.000000,4.405843,0.000000,2.263362,9.498121,4.377438,0.000000,6.541115
4.553485,0.000000,1.661231,0.000000,5.258179,7.925756,0.000000,0.000000,8.205325,1.462172,0.000000
0.000000,0.000000,0.000000,0.000000,2.000606,17.280672,0.000000,0.000000,0.000000,0.000000,10.574448
2.948661,0.000000,0.000000,0.000000,0.000000,4.409594,4.840767,0.000000,0.000000,1.077110,0.000000
0.000000,6.256253,12.243441,0.000000,14.996112,3.143744,4.894869,0.000000,8.385257,0.000000,6.344837
4.903626,2.707654,9.662099,0.000000,3.593321,5.127317,0.324491,5.531684,13.448255,0.000000,2.857754
1.373069,3.003576,0.000000,4.157875,0.000000,5.527595,0.000000,0.000000,1.865678,13.613705,0.000000
2.543525,0.378988,6.080237,0.000000,0.650967,0.517728,1.416357,0.000000,0.000000,0.000000,0.840986
0.000000,3.189932,0.000000,0.000000,0.000000,1.246042,0.000000,0.000000,0.000000,1.333010,0.000000
6.425454,0.000000,2.119878,0.636282,6.075805,0.000000,1.853690,0.000000,0.000000,6.964689,3.457330
0.000000,7.997936,0.000000,9.905187,16.140481,1.554169,4.347280,10.679844,0.000000,0.000000,18.685258
13.309133,2.253530,0.000000,0.000000,3.933739,0.000000,10.507506,9.189172,2.388702,0.000000,1.500582
11.310615,2.826952,0.000000,0.397594,6.470573,0.000000,3.659509,0.000000,10.086150,0.643090,0.403211
14.773091,0.000000,3.068793,1.780865,4.390434,13.019853,0.907103,4.135138,6.344237,0.000000,0.000000
0.000000,7.790550,0.000000,2.157731,2.204275,0.000000,4.710959,1.031230,2.525262,0.632059,1.099855
0.000000,19.691870,6.532852,4.424442,0.000000,0.000000,0.234797,0.000000,2.687490,3.326786,6.174099
4.509457,0.000000,0.000000,0.000000,0.000000,8.396735,0.172338,3.854089,8.380065,0.280248,0.000000
7.361206,0.082766,0.000000,0.000000,0.000000,4.263614,0.000000,6.381327,3.604700,0.000000,1.285635
8.622485,0.000000,2.858900,0.604218,0.000000,2.545710,1.815217,2.901596,14.250072,0.000000,0.000000
1.184049,0.000000,4.012129,9.938187,0.000000,0.000000,0.000000,0.000000,0.000000,0.000000,5.880405
4.872878,0.000000,0.000000,0.000000,0.000000,0.000000,0.000000,0.667090,0.000000,0.000000,0.000000
0.000000,5.667733,0.000000,10.026741,3.351934,3.641210,1.602029,0.000000,0.733605,0.776925,0.000000
5.780566,2.312919,0.000000,0.000000,5.429513,6.000439,0.000000,9.051482,0.000000,5.341458,0.000000
0.000000,0.315917,1.941195,0.000000,0.000000,0.000000,0.000000,0.000000,0.000000,0.000000,0.000000
2.088591,0.000000,0.000000,2.126084,0.000000,0.000000,0.000000,0.000000,3.142620,19.634456,0.000000
9.039402,0.000000,0.398578,17.267409,0.000000,3.184095,0.000000,0.920666,7.663944,7.245665,1.389752
0.000000,0.000000,3.339113,0.000000,0.000000,0.000000,2.302180,1.887684,0.000000,0.000000,0.000000
14.885991,0.000000,0.000000,0.471141,0.000000,7.270705,4.514604,0.000000,0.000000,19.105598,8.122689
2.801274,0.000000,0.000000,0.000000,5.690032,4.902007,1.761624,2.437614,4.517429,6.635916,12.052263
4.687020,3.428988,0.000000,0.793759,0.000000,0.000000,0.000000,0.000000,10.133582,0.000000,0.000000
1.659145,0.000000,0.000000,13.767542,0.000000,3.796334,0.000000,2.129064,1.479405,0.000000,10.897399
9.090139,0.000000,8.931135,4.980351,0.000000,0.000000,0.000000,10.529140,9.645200,2.412517,9.497165
1.479590,0.000000,0.000000,5.518367,0.000000,4.155130,0.000000,1.689850,5.543990,0.000000,0.000000
0.000000,11.469927,0.000000,9.739373,0.000000,6.629186,12.247850,11.634499,4.088482,3.940799,0.000000
0.000000,0.000000,0.773385,0.000000,0.000000,0.000000,7.823195,0.000000,9.873256,0.000000,0.988474
0.000000,0.000000,0.913370,0.783504,2.994422,0.000000,7.358864,1.386735,2.780209,0.000000,12.153212
0.000000,3.397949,0.000000,0.000000,0.000000,0.000000,0.000000,5.141865,4.810181,0.000000,4.707285
3.310658,9.304329,1.360986,0.000000,0.000000,0.000000,2.888269,6.205555,1.557241,10.003448,4.667267
5.798347,0.000000,0.000000,0.000000,0.000000,1.303599,3.516262,1.620974,2.828297,0.000000,0.000000
0.000000,2.394698,0.000000,1.685472,4.573456,0.883619,6.031461,0.000000,7.974422,2.205098,4.547151
0.925050,0.000000,0.000000,0.581152,9.572581,2.982989,0.123681,0.000000,0.000000,0.000000,5.840280
0.000000,1.507377,1.858934,0.329724,5.172831,5.365635,0.000000,14.583781,7.881578,4.342965,0.000000
0.000000,0.635866,3.855368,1.655336,0.350867,9.164585,0.000000,1.855506,3.485038,0.000000,4.676941
0.000000,0.000000,3.407608,0.000000,0.000000,11.065090,0.000000,0.000000,1.180926,0.000000,0.000000
3.053541,0.000000,0.000000,0.000000,1.210591,0.000000,1.592653,0.000000,0.000000,7.738321,0.000000
0.000000,0.000000,0.000000,1.222250,4.452508,0.000000,2.806003,2.137262,2.500122,6.203243,22.065382
2.751570,0.000000,6.140051,0.000000,0.000000,0.000000,6.423106,0.905638,0.000000,1.246067,0.000000
6.386258,1.329274,6.416283,2.477703,0.000000,0.000000,0.000000,6.412538,1.487078,7.666730,0.679131
9.979392,4.792189,0.000000,7.398991,0.175109,0.000000,2.416840,7.912367,0.000000,2.383655,1.245818
0.067556,1.214518,3.068573,4.756310,0.000000,8.971729,0.000000,0.547001,0.000000,0.000000,0.000000
2.420367,16.439716,0.000000,12.108263,5.551002,3.039029,0.000000,3.940000,0.736244,3.793956,0.000000
1.117587,0.000000,0.000000,0.000000,1.380882,0.000000,0.000000,0.000000,0.000000,7.058422,0.000000
0.000000,1.094016,0.000000,3.618830,7.092409,0.000000,1.861082,0.000000,0.000000,0.000000,2.928055
0.000000,0.000000,0.000000,0.000000,0.000000,0.000000,2.238079,0.000000,2.396599,0.000000,0.197156
1.865630,2.546050,1.617866,0.000000,2.179860,0.000000,0.000000,4.425066,0.000000,1.184513,8.626302
0.000000,0.790764,0.000000,0.591631,0.000000,0.000000,2.703030,0.000000,0.456232,0.790151,0.000000
3.346693,0.000000,8.617459,2.570651,0.000000,13.885627,4.652055,4.223352,11.416707,1.274993,10.441565
0.000000,0.000000,0.045089,2.823862,0.000000,0.000000,0.000000,8.292951,0.000000,0.000000,1.007532
2.719114,5.884628,0.000000,0.539888,0.000000,4.920050,3.025900,0.000000,0.000000,0.000000,0.000000
0.000000,0.000000,0.000000,0.000000,0.000000,0.000000,0.000000,0.765396,3.404262,2.309834,0.000000
4.611257,5.448211,0.000000,0.000000,0.000000,0.015360,0.000000,0.000000,0.000000,0.000000,3.893888
0.000000,0.000000,7.245383,6.957191,0.000000,6.856585,0.000000,0.000000,0.000000,0.000000,0.000000
0.000000,10.664842,0.000000,5.268727,0.000000,0.000000,0.000000,3.418965,0.000000,0.000000,0.000000
13.032294,0.000000,0.000000,0.000000,0.000000,0.000000,1.384124,0.000000,4.124016,11.987083,0.000000
0.509044,0.000000,0.000000,0.000000,1.130086,0.000000,14.901642,3.063991,0.595110,0.000000,2.363201
0.000000,1.867524,0.000000,0.000000,0.000000,3.064784,12.419975,1.639237,5.250686,10.878449,0.000000
1.800229,0.000000,2.536459,4.052202,1.859191,0.000000,0.000000,1.337137,0.000000,8.421775,4.198811
10.380591,0.386164,0.000000,2.962842,0.000000,2.848076,2.696238,0.000000,0.000000,3.589732,0.000000
2.814650,0.000000,0.000000,0.000000,7.157149,0.063275,0.000000,1.656456,2.614952,0.000000,1.420611
1.159008,0.000000,6.823648,0.000000,7.388063,0.000000,4.092798,0.000000,3.681424,0.000000,0.165128
0.407045,12.098013,0.467664,0.000000,0.000000,0.000000,2.284042,21.392208,12.079596,6.756263,0.000000
4.254614,0.000000,0.000000,3.855017,2.030899,9.530589,2.574446,0.000000,0.000000,0.000000,0.000000
9.243413,0.000000,0.000000,5.566901,7.172959,0.458976,0.000000,0.000000,0.000000,3.828804,0.000000
0.000000,0.000000,0.000000,2.305264,0.618286,0.000000,0.000000,0.955588,0.000000,0.000000,0.000000
0.207965,0.210772,1.283490,2.866571,2.415739,0.000000,5.227480,10.488387,0.000000,10.336616,0.932292
9.209232,0.000000,0.000000,0.000000,0.000000,4.878116,0.756802,6.938534,0.000000,4.766867,4.972006
1.207316,0.555780,0.333832,4.856007,0.000000,0.000000,2.760327,1.299727,0.000000,2.266032,2.656361
3.911163,5.958055,15.591732,0.000000,2.198918,6.910976,0.000000,0.000000,0.000000,2.601750,0.000000
4.959328,6.352764,2.677501,1.307464,7.611062,0.868259,9.939367,0.000000,0.000000,0.000000,0.000000
2.667782,1.673778,5.337998,18.394761,10.361791,0.000000,0.000000,0.000000,6.006519,0.000000,2.717288
8.180147,0.000000,0.885180,5.472394,0.000000,1.934789,0.639547,1.222789,1.688119,4.740759,7.417694
2.443582,0.000000,8.231302,1.705317,9.674557,0.000000,0.000000,0.000000,6.405612,0.000000,4.569276
12.434778,0.000000,0.000000,0.000000,3.441571,0.000000,0.000000,0.000000,0.000000,0.000000,0.661759
0.000000,0.000000,0.000000,0.000000,0.000000,0.000000,3.699784,0.000000,5.269529,0.000000,0.000000
0.000000,0.292117,3.376284,1.573285,0.000000,0.000000,0.000000,0.253029,3.089062,0.000000,0.000000
0.000000,1.578618,0.000000,3.384922,14.606932,0.000000,0.000000,0.000000,1.031955,4.973216,8.398053
3.721201,4.386657,0.665406,0.000000,2.422323,0.000000,0.000000,2.494833,0.000000,3.559818,9.943414
0.000000,0.000000,9.391552,5.457825,0.740024,0.000000,0.080784,0.000000,0.000000,7.309405,0.000000
0.000000,0.000000,4.137636,1.155095,3.750723,3.039997,0.000000,0.000000,0.000000,1.571430,0.000000
0.000000,5.122890,6.784047,2.935294,3.923886,2.105083,0.000000,0.000000,6.688737,0.000000,0.000000
0.000000,0.171443,0.000000,9.591752,0.000000,3.500383,2.524327,0.000000,0.000000,0.000000,2.002126
1.765173,0.000000,6.413327,9.203179,1.235429,0.000000,1.357328,0.000000,0.856601,2.427887,0.000000
4.946807,0.000000,0.000000,0.000000,1.631419,3.828221,0.000000,0.763983,2.941526,0.890379,9.963498
2.537143,0.000000,1.311162,0.000000,0.000000,0.000000,0.000000,0.000000,4.246069,0.490649,1.321254
1.028096,2.378803,0.000000,0.000000,1.428955,6.595537,2.675506,1.407685,3.170631,0.000000,0.000000
0.000000,0.588617,2.783412,4.226965,3.599133,12.540345,0.000000,1.173881,0.928154,0.000000,0.000000
9.337589,8.852840,0.000000,2.637441,0.000000,0.000000,1.082889,2.435556,3.686554,0.000000,8.775930
0.000000,0.000000,0.000000,1.120456,0.000000,3.057305,0.000000,1.729065,6.295838,6.155556,0.000000
5.198252,0.000000,2.838518,2.023633,8.274135,0.000000,1.922231,3.373107,0.000000,4.244861,0.000000
0.000000,0.000000,0.000000,0.000000,0.000000,0.399114,4.924607,6.568658,0.965862,0.000000,1.310288
0.000000,0.874288,0.000000,0.000000,5.055358,0.000000,6.273142,0.000000,0.000000,5.058575,5.932442
2.185495,0.000000,0.000000,0.902211,2.119498,3.275610,1.187498,0.601574,2.380265,0.000000,0.000000
3.709823,7.602509,0.832306,0.218075,3.664813,2.107965,1.744669,7.010680,0.000000,3.470648,9.253548
2.147879,0.000000,2.006170,0.000000,1.562218,0.338586,0.000000,0.000000,11.759971,1.506988,0.000000
1.249785,0.925699,8.191931,0.000000,4.622258,1.574162,0.000000,1.080169,5.462567,0.000000,1.352269
0.000000,1.894943,0.000000,3.134556,4.217933,2.631495,0.000000,0.000000,3.064630,0.000000,0.000000
0.000000,0.219699,0.472473,0.000000,0.952428,1.315411,0.000000,9.463320,8.931166,2.088633,0.702136
0.710671,0.000000,4.390012,4.244626,0.000000,0.000000,0.000000,0.000000,0.000000,3.710545,0.755506
0.000000,0.933859,0.000000,1.153637,2.429611,7.842292,0.000000,0.000000,0.799279,0.148998,0.565304
0.000000,0.833905,4.600380,2.814728,0.000000,3.344661,0.656501,0.000000,0.000000,0.516599,0.000000
0.277208,0.557532,0.000000,0.000000,0.000000,5.171255,0.000000,3.567617,0.000000,1.029773,7.606901
5.602098,4.495799,0.000000,0.000000,0.000000,0.000000,0.000000,6.537764,4.500625,0.000000,10.137340
7.013330,4.534214,0.896464,0.000000,2.693441,1.126639,0.438699,5.485034,5.559328,1.484974,0.000000
0.000000,0.000000,0.000000,1.622484,1.005508,3.118540,0.000000,0.000000,0.000000,0.000000,4.198566
0.000000,4.512988,1.571057,9.896924,3.122013,0.000000,3.020294,3.627623,2.157158,3.874517,11.031896
0.000000,3.992739,0.669327,2.889815,0.000000,1.585261,4.053176,4.444647,3.028209,6.444781,0.000000
0.000000,0.000000,2.242391,1.187096,3.539628,0.564628,9.612414,0.000000,3.560694,2.110852,0.000000
0.000000,0.000000,1.447493,11.313981,3.986965,1.225456,0.000000,0.000000,0.546958,0.774129,9.599826
0.000000,0.000000,5.210888,0.000000,0.000000,0.000000,0.000000,1.612743,0.000000,0.000000,2.542168
0.000000,0.000000,2.030062,0.355134,4.506868,0.000000,0.000000,12.054206,0.000000,3.329317,2.960082
0.000000,3.148387,0.000000,0.000000,8.105755,2.972728,1.681064,18.723094,0.000000,0.000000,0.000000
2.166175,1.010026,0.000000,9.604345,0.813231,0.000000,6.642194,2.376922,15.234808,0.000000,9.371361
1.081877,2.402371,0.000000,0.000000,1.275257,5.700957,0.000000,6.790667,0.000000,0.428216,0.000000
1.890202,1.118220,6.022236,3.130048,6.435535,4.218310,0.000000,1.749693,0.000000,0.000000,2.061446
5.900285,2.712778,1.902377,0.000000,0.000000,2.896751,0.000000,0.000000,4.388760,0.000000,0.000000
4.926403,0.549954,2.582590,0.000000,6.004405,2.776222,0.217065,0.000000,0.000000,0.755232,0.000000
0.000000,0.000000,0.000000,0.000000,0.000000,0.429593,0.412077,0.000000,0.000000,0.412629,0.943827
2.709127,3.917796,3.527118,0.749457,0.000000,10.711542,0.718470,0.000000,5.511162,3.355555,0.000000
0.724608,16.932772,0.000000,0.000000,4.714287,0.000000,0.000000,3.281367,1.967037,2.217737,0.000000
2.937389,5.193904,1.942374,0.502989,1.247258,0.000000,3.780052,3.601915,7.954083,2.699071,3.796658
0.000000,0.000000,1.247624,0.000000,1.317296,0.665821,0.000000,3.786819,2.641244,0.000000,4.914691
0.000000,1.533128,2.564362,0.387866,1.598913,0.085622,5.622501,3.851859,1.238090,0.000000,3.379376
1.721360,0.000000,14.747065,6.782725,2.292468,4.881972,6.242292,0.238253,0.000000,0.000000,0.000000
3.302210,2.577611,0.000000,0.000000,5.678118,0.000000,0.000000,0.000000,2.338142,0.000000,0.032185
0.000000,0.000000,2.233667,7.410132,4.564002,7.576435,0.000000,0.000000,0.000000,0.000000,0.000000
13.340727,0.000000,2.536778,0.029807,4.778720,0.000000,0.000000,5.092678,4.191837,1.359354,0.000000
0.000000,0.000000,7.303887,0.000000,3.263539,0.000000,0.000000,1.157097,3.382128,0.000000,1.367321
0.699112,0.656622,0.000000,0.000000,0.000000,0.000000,5.246607,0.000000,0.000000,1.231000,0.000000
4.758497,6.407852,0.000000,0.000000,3.635717,0.000000,0.820316,0.000000,0.000000,14.950100,0.067436
0.766443,1.037044,0.000000,1.176615,0.000000,0.000000,0.000000,0.000000,1.860310,0.000000,0.000000
2.012709,0.944181,0.470107,0.000000,0.000000,1.767606,0.000000,0.000000,4.269413,1.328027,0.000000
4.960115,0.000000,0.663140,1.508055,0.000000,7.490099,0.000000,0.403753,0.753705,0.000000,0.820984
1.504390,0.000000,0.000000,1.321929,0.000000,0.000000,6.040230,0.000000,0.000000,1.139845,0.408073
0.000000,0.000000,0.000000,0.000000,2.119391,1.441593,0.000000,0.000000,5.624173,0.000000,12.359956
4.317111,3.199605,0.000000,0.000000,0.016804,0.000000,0.000000,0.000000,1.109281,0.000000,3.031953
0.000000,2.013597,0.000000,0.000000,0.265815,0.000000,2.645155,0.000000,3.139663,0.000000,0.000000
4.141940,0.000000,2.205397,1.143728,1.519242,0.000000,0.969241,0.928908,0.000000,3.044294,0.878266
0.000000,2.907132,0.952813,0.000000,0.000000,1.149014,0.000000,0.000000,9.192494,0.000000,2.773290
0.896278,0.000000,0.886067,0.379394,2.654401,0.000000,0.000000,10.295666,1.561097,0.855557,0.427742
0.000000,5.082739,2.319078,0.429291,1.030307,0.000000,0.000000,0.000000,0.159233,0.000000,9.056259
0.000000,0.000000,0.412888,0.000000,2.322158,3.240129,3.174420,16.265143,8.311404,2.420366,0.000000
0.000000,0.000000,5.524729,6.174546,9.440158,0.000000,0.000000,0.000000,3.186045,4.391213,0.716077
10.249626,8.731829,0.363649,3.138755,3.633138,1.171344,0.913929,0.000000,1.381400,1.647280,3.439888
0.000000,1.794952,6.335214,0.000000,5.494281,3.720784,0.563616,0.000000,0.653969,0.000000,0.000000
6.531000,0.219977,0.000000,0.000000,0.000000,0.000000,3.969911,3.526457,0.039059,1.067294,5.092615
0.000000,0.000000,4.256589,0.000000,0.000000,0.000000,0.000000,0.000000,4.743791,6.319065,2.751238
0.000000,2.143868,0.000000,0.000000,0.000000,6.235342,0.000000,6.415240,1.068879,0.000000,0.000000
4.060550,4.544201,1.783355,1.855491,12.747598,1.824965,1.936123,3.389390,0.000000,0.000000,1.712999
0.432492,1.102482,0.000000,0.000000,0.000000,0.000000,0.000000,1.730510,4.580249,0.000000,0.000000
0.000000,0.000000,0.000000,2.544680,0.769662,1.858598,0.284159,0.000000,0.000000,4.222779,2.668130
0.000000,1.469403,0.428199,0.000000,2.557763,0.000000,0.000000,18.064362,6.264906,0.000000,3.628258
0.000000,0.358742,0.000000,0.000000,0.000000,3.463001,0.720132,1.572717,3.365246,2.058866,1.291751
0.774951,0.000000,0.000000,2.550842,3.419151,0.000000,0.542008,0.000000,0.000000,3.195579,1.815598
0.646319,0.000000,0.963004,0.000000,0.071458,0.000000,0.000000,2.124980,0.000000,3.740529,0.000000
9.810321,3.459480,0.000000,0.000000,0.000000,2.151022,0.000000,0.473619,0.000000,0.000000,1.173438
0.000000,3.568773,0.151232,1.727323,0.541275,1.233941,2.255068,8.340749,0.000000,0.041599,0.000000
5.961025,0.000000,0.000000,0.000000,0.000000,0.000000,0.000000,5.935527,5.554125,0.000000,0.745438
2.593433,0.000000,0.000000,0.000000,2.919984,0.000000,0.000000,0.000000,0.000000,0.000000,0.000000
0.000000,2.173633,5.077883,0.000000,0.000000,0.000000,1.680782,1.639079,4.219853,0.000000,7.506615
2.157303,2.944668,0.594599,0.921764,0.000000,0.000000,3.444388,0.000000,2.760764,0.000000,0.000000
0.000000,6.166971,0.000000,0.000000,5.039150,3.612199,0.000000,7.257009,0.000000,0.000000,1.167443
6.087675,0.000000,0.000000,1.705488,5.957424,1.744254,0.000000,2.217799,7.946118,2.203215,0.000000
6.036254,3.309806,0.000000,3.427007,4.488232,0.000000,2.101013,0.000000,0.750488,0.000000,4.108420
6.341467,2.515468,0.000000,0.000000,0.922882,0.000000,0.000000,0.000000,4.103326,2.964457,0.793179
0.000000,0.000000,0.000000,1.407714,0.515665,0.104202,9.415977,0.000000,0.000000,3.632734,5.163847
2.167265,0.923800,6.999703,0.655347,0.000000,0.167340,3.337779,0.000000,0.000000,0.000000,0.000000
0.000000,0.000000,5.897889,1.420746,0.000000,0.000000,0.000000,0.000000,3.895783,10.320480,2.209753
0.000000,0.000000,0.528075,0.544512,0.930095,1.031336,0.000000,7.336561,13.786713,5.232918,0.814570
0.400849,0.000000,2.331680,0.000000,3.169193,1.369060,0.000000,0.178032,0.367447,0.781371,0.000000
5.788222,0.000000,1.456191,3.750618,0.296241,0.000000,0.613930,0.565445,0.000000,1.576248,0.425601
0.000000,0.285246,0.063801,0.110428,0.000000,0.000000,0.000000,3.018997,0.000000,6.485383,0.806664
0.000000,0.424768,0.507473,1.733146,0.000000,1.535117,3.113427,3.668707,2.982456,0.382140,5.320898
8.863262,0.000000,0.032555,0.000000,0.000000,0.000000,0.000000,5.803091,0.000000,0.000000,6.109453
0.873112,3.329253,8.172209,0.000000,0.356497,0.484899,9.325936,0.000000,0.000000,7.524092,1.272701
3.003715,3.952017,8.358416,2.919591,0.515006,0.000000,0.000000,0.000000,0.000000,1.060976,0.000000
0.000000,0.000000,3.108376,0.000000,0.000000,4.895730,0.000000,0.000000,0.000000,4.394082,0.000000
0.401473,2.049596,3.449143,0.000000,0.000000,2.724534,1.635208,0.000000,0.000000,0.000000,0.000000
6.610167,2.055057,0.000000,0.000000,0.000000,0.000000,3.249324,4.853073,0.000000,2.415768,0.000000
0.000000,0.000000,2.415167,0.753001,3.379129,4.281515,0.000000,1.302447,6.855171,0.000000,0.350936
1.253461,3.061304,0.000000,0.000000,0.290757,1.493689,0.000000,1.449444,0.000000,0.000000,1.375863
7.029575,4.192520,0.000000,0.000000,0.000000,1.028010,4.482333,1.878629,0.627928,0.000000,0.700473
2.509750,0.119526,1.690673,0.000000,0.000000,0.116984,2.472158,1.842140,0.000000,0.198913,0.000000
2.584106,0.229171,0.000000,5.719207,0.282617,0.000000,6.021452,1.228898,0.000000,0.000000,0.000000
1.058615,1.295477,0.000000,0.000000,1.014169,0.000000,0.000000,0.000000,0.000000,0.000000,7.555747
10.666298,0.241277,9.232008,0.000000,0.000000,1.666641,5.244383,5.466859,0.112392,0.000000,2.748388
0.557490,1.578264,1.162209,0.000000,5.068665,0.000000,7.841642,7.383908,7.774701,0.000000,2.936092
0.760209,0.000000,0.831517,0.000000,3.537885,0.000000,0.000000,0.000000,3.296075,0.000000,0.000000
3.061931,5.074619,0.975795,5.492021,0.852072,0.000000,2.672730,0.727863,2.832018,3.153853,0.000000
1.626698,0.000000,9.710252,0.195725,0.000000,0.000000,3.618717,0.000000,0.000000,0.000000,0.000000
5.414423,0.000000,4.142744,0.000000,5.038653,0.000000,4.801444,0.000000,0.000000,0.000000,5.264659
0.858985,0.000000,0.000000,1.926987,0.000000,0.000000,1.265593,3.991005,0.000000,2.786718,2.666448
0.000000,5.637689,3.140945,6.270470,0.000000,0.305209,0.000000,0.000000,0.000000,0.000000,0.248379
9.128636,0.000000,0.000000,4.932730,4.845947,0.000000,17.115725,0.000000,1.647336,0.000000,3.693838
0.000000,4.114298,2.724381,0.000000,4.625982,0.800207,0.338704,0.000000,0.000000,2.156985,0.000000
1.378638,0.000000,0.000000,1.264790,1.264955,5.659785,0.000000,4.034199,0.000000,1.410188,2.588797
0.000000,0.116129,5.041642,7.569864,3.377618,0.732674,6.269885,0.504472,0.000000,0.000000,7.627126
0.101608,0.000000,0.000000,0.292584,8.943468,0.577927,0.000000,0.000000,0.000000,0.000000,0.000000
13.478682,1.082561,2.323055,0.000000,2.927505,0.000000,0.148881,2.159965,0.000000,0.000000,1.352379
0.000000,0.975264,0.000000,0.735082,3.765369,0.308784,0.000000,0.000000,8.121452,0.000000,0.000000
5.369799,0.000000,6.553202,0.680705,0.100167,0.000000,0.000000,0.000000,0.000000,4.373195,0.000000
1.465716,0.000000,1.010318,1.842198,1.675557,5.883335,0.000000,1.108526,0.566522,0.000000,0.000000
1.019726,0.936949,1.783086,6.594695,0.000000,0.000000,0.000000,0.000000,0.000000,0.000000,0.431371
3.315717,0.000000,0.000000,0.000000,6.051867,3.795736,0.000000,3.150972,0.000000,0.000000,1.254091
0.915175,1.678845,1.955962,0.000000,3.141934,0.000000,0.000000,4.812170,1.967313,0.000000,3.452762
0.505278,0.000000,4.196441,0.660291,5.067590,6.831718,0.000000,0.000000,0.000000,1.513760,3.849744
5.096352,2.352181,0.000000,1.930039,0.239831,0.066854,6.300822,0.000000,0.000000,4.479075,0.000000
1.479593,0.000000,0.000000,0.440386,6.543901,3.807644,0.000000,9.125413,3.999364,1.683233,7.006845
9.202096,0.000000,0.000000,3.512524,0.000000,3.792167,0.000000,3.177714,9.020443,5.639686,0.000000
2.821645,0.348146,1.640737,3.178474,0.145826,5.372519,0.000000,0.000000,0.233842,1.084820,0.000000
9.227528,7.251819,4.521076,0.000000,0.000000,2.231794,0.000000,9.863084,8.054791,1.206141,8.073127
0.000000,0.000000,2.626462,0.006990,0.000000,0.809394,0.890968,6.541484,1.169632,2.059627,2.222599
3.379692,0.000000,0.000000,12.971780,1.792645,0.000000,4.163308,5.240009,0.000000,1.190007,0.000000
6.436338,0.000000,7.388818,0.000000,9.157777,0.529243,4.633177,3.302753,0.000000,2.470495,15.872547
0.000000,0.000000,0.000000,0.000000,2.766803,0.000000,0.000000,9.743505,2.031941,4.177236,0.000000
0.000000,0.000000,1.679373,0.000000,0.000000,0.850037,4.161004,1.012700,5.491295,6.920616,1.811135
2.766113,2.121365,0.000000,15.135024,0.000000,0.000000,0.485157,0.000000,3.445239,2.588433,0.000000
0.275289,1.064136,0.000000,0.000000,3.977709,14.240426,2.722568,1.732655,0.000000,7.303381,0.287180
0.115832,2.451255,0.000000,0.000000,2.574805,2.344570,5.104045,0.000000,8.114179,0.139434,1.116873
1.395923,0.000000,0.116287,0.000000,4.591943,2.768735,1.875035,0.000000,0.000000,0.000000,2.292248
0.000000,1.967664,0.000000,0.000000,2.212067,0.000000,7.938959,0.000000,0.000000,2.249274,0.000000
0.000000,0.000000,2.317711,0.836767,7.648396,13.767473,0.000000,8.574548,5.189607,0.000000,0.000000
10.769599,0.000000,4.959701,1.524645,4.606107,3.493427,11.226089,0.000000,0.000000,0.000000,0.000000
0.000000,0.000000,0.000000,1.769331,3.583457,0.000000,4.994494,0.000000,1.618642,0.000000,0.000000
5.728566,0.291237,3.244545,0.000000,5.342228,0.000000,10.503800,0.000000,13.890478,0.000000,2.473717
6.793764,0.000000,0.000000,8.934533,0.000000,0.000000,1.552478,0.000000,6.336822,4.159106,2.768968
1.335289,4.225724,0.810911,0.000000,4.808754,0.342650,1.307502,0.000000,5.348183,3.510135,1.940977
0.000000,9.224744,0.000000,0.000000,8.263641,13.742081,0.000000,2.122299,10.852119,0.000000,0.000000
4.739762,0.859131,1.299639,5.913707,0.000000,0.000000,3.782991,2.701772,3.013051,0.000000,0.000000
0.000000,1.630940,4.861233,0.000000,0.000000,9.079518,1.402332,0.000000,4.124415,0.000000,3.696342
1.354864,0.000000,0.840740,0.000000,8.747564,4.361424,15.430616,3.620504,0.000000,0.000000,2.648318
10.043585,0.000000,3.979351,2.280928,0.000000,1.188634,0.989892,6.574270,0.000000,6.299788,3.881203
0.000000,0.000000,0.188294,16.969766,6.061418,0.000000,6.555510,0.000000,0.000000,0.000000,1.249540
0.000000,1.966042,4.404040,6.500223,0.000000,0.000000,0.000000,3.917821,0.000000,7.609829,1.601191
8.512580,0.000000,0.000000,0.000000,0.927506,2.462080,4.403202,2.136028,10.294945,0.969971,2.951631
0.000000,5.463005,0.000000,0.000000,4.258624,1.971009,11.503893,2.054145,0.000000,6.921363,0.534618
1.470668,0.000000,0.000000,6.427081,1.587779,0.910103,0.000000,0.000000,0.000000,3.292116,0.226605
1.692103,1.162554,6.234333,3.971586,4.932585,0.000000,0.000000,0.000000,4.091215,0.000000,0.055341
0.000000,0.000000,0.000000,0.000000,0.000000,0.000000,0.000000,0.298214,6.413567,0.000000,0.000000
14.127105,10.120817,0.000000,0.000000,0.000000,5.701635,0.000000,0.785552,2.698250,3.983368,0.000000
1.782411,0.071216,2.174501,10.545183,6.569150,0.000000,0.000000,0.000000,0.508395,1.354703,0.000000
2.250349,0.000000,1.054427,2.001346,7.290606,8.151900,11.291315,0.000000,0.000000,3.124906,3.804157
1.075230,0.000000,3.495798,0.000000,1.175698,0.000000,0.000000,0.000000,14.138911,0.351501,0.872679
1.017388,8.163656,0.000000,0.000000,4.313730,2.240181,2.455810,0.000000,0.000000,0.000000,6.608189
12.137736,0.000000,1.869317,5.025960,0.692861,12.481384,0.976332,0.000000,0.829868,4.451427,4.584068
0.000000,4.460904,3.233761,0.000000,4.183830,1.285402,3.617182,0.000000,0.000000,1.463041,9.016662
4.673235,0.000000,9.107087,1.351660,0.000000,2.199795,2.060860,0.000000,8.528037,4.667298,0.000000
3.799719,8.999190,1.752953,0.000000,0.000000,0.000000,0.000000,0.000000,0.000000,0.000000,2.199116
3.126097,0.000000,0.000000,0.000000,3.802358,0.000000,0.000000,4.976848,2.429168,0.000000,4.370488
3.067909,4.927778,6.314380,2.238495,0.000000,0.000000,8.928867,3.903668,0.000000,0.000000,0.000000
4.249789,4.167685,6.432020,0.823895,1.084345,0.000000,10.015549,5.516476,0.000000,0.000000,0.000000
3.140531,8.887252,0.000000,0.000000,4.538355,0.902490,0.081845,0.000000,0.000000,0.857100,4.537247
0.000000,3.892619,2.370980,2.056498,7.902917,0.000000,0.000000,0.000000,0.102319,0.000000,2.612237
0.000000,6.168508,0.305256,3.803708,0.000000,0.000000,0.000000,1.580756,0.348648,0.000000,0.000000
4.608180,1.927915,8.435970,5.516055,0.000000,3.212050,1.062098,0.000000,0.000000,0.000000,3.956247
13.593512,4.024541,5.593652,2.869484,20.062837,7.832436,0.000000,5.594225,0.000000,0.000000,0.000000
2.249431,1.389503,0.000000,1.937186,0.000000,0.000000,4.486339,5.421311,5.743879,7.799586,0.000000
5.256299,0.000000,2.747386,10.454821,0.000000,8.406232,2.479101,0.000000,3.080335,0.000000,0.000000
7.955645,0.000000,0.661226,3.789774,2.482548,3.555195,0.000000,0.000000,0.000000,0.000000,0.000000
2.535151,0.000000,21.394094,0.000000,0.000000,1.248717,0.000000,8.982837,0.000000,0.000000,1.178691
4.178956,1.085246,0.000000,1.785845,0.000000,8.937737,1.957492,0.000000,14.869366,0.000000,0.000000
33.051224,2.045258,0.000000,0.000000,5.872141,11.175251,0.000000,5.025048,0.000000,2.694738,0.000000
4.117347,0.000000,0.000000,6.083884,0.000000,0.000000,3.308464,2.782100,0.000000,0.000000,0.000000
0.000000,8.352514,0.000000,11.027577,1.142145,0.000000,0.434628,2.352068,0.000000,2.316048,0.000000
0.000000,6.281122,5.083248,0.000000,7.102270,2.036152,0.000000,0.000000,0.000000,0.000000,0.000000
5.905127,4.640957,0.939069,3.852010,0.000000,0.000000,0.000000,3.711405,0.000000,1.628302,5.654722
2.029239,0.301474,0.000000,0.494586,0.000000,3.624706,7.387627,0.575309,14.413094,2.454448,0.600407
0.000000,0.575471,15.098541,0.000000,1.848759,0.000000,8.760586,0.000000,0.000000,0.000000,0.000000
0.000000,8.373953,0.000000,6.706010,6.256145,3.334827,0.000000,0.000000,8.101866,4.810035,0.000000
11.392317,0.000000,0.000000,9.748075,0.932665,3.603223,0.000000,10.500685,10.276556,0.000000,0.000000
1.776557,8.129525,0.000000,0.000000,12.171938,0.000000,0.000000,3.792099,2.310236,0.000000,0.000000
0.000000,15.463133,0.000000,0.000000,12.558592,4.950781,8.214336,12.883754,7.318352,4.820706,0.000000
5.539304,2.530631,18.083222,5.360150,0.000000,1.004525,7.238732,9.006687,3.974737,4.222892,3.098476
0.000000,1.086033,0.000000,3.749165,0.000000,0.000000,5.056534,6.665102,12.486047,0.644556,1.397000
0.000000,0.000000,3.804831,0.000000,4.250698,8.728305,2.865583,26.189152,2.519436,5.688910,3.084665
8.998723,1.623271,0.000000,14.207856,0.000000,1.366522,1.278675,4.869602,11.254307,0.000000,0.000000
0.000000,0.000000,12.775439,4.298665,1.403019,0.000000,0.000000,11.771670,9.802712,0.000000,0.000000
0.000000,7.472770,0.000000,3.452423,22.193534,0.000000,0.000000,2.734454,2.947337,0.953178,2.723410
10.882725,0.000000,15.329055,6.355321,0.000000,9.726419,3.418554,0.000000,0.000000,10.847472,0.000000
1.354897,2.503129,0.000000,0.814194,14.447792,0.589429,0.000000,0.000000,0.000000,6.604213,5.512312
0.000000,0.620265,0.000000,0.000000,4.299360,7.054093,0.000000,0.000000,2.193237,8.154497,0.000000
0.000000,10.194684,0.000000,16.630717,3.465519,12.245109,0.000000,1.030028,2.628930,0.000000,3.453819
0.000000,8.806749,2.344724,6.200846,0.000000,0.000000,0.000000,10.707784,3.477256,2.641945,6.140118
0.000000,8.076520,10.166290,0.600519,2.172750,0.000000,20.286639,0.000000,0.000000,0.000000,0.000000
0.000000,2.010321,0.000000,1.776360,6.646839,0.590915,0.000000,26.299412,2.459772,0.000000,1.583563
3.597106,7.955792,11.613752,0.000000,5.282893,0.000000,1.781690,5.325248,8.214865,0.000000,12.205031
10.412762,9.570264,0.000000,5.475680,0.000000,10.204858,10.043721,0.000000,0.000000,3.440746,5.522666
12.003124,13.614024,4.840336,6.798219,0.000000,0.000000,1.914441,12.362705,3.188182,0.000000,0.000000
5.838984,0.312209,1.012089,3.324275,11.391378,0.000000,4.159848,1.063442,0.359942,0.000000,0.000000
1.979598,2.292554,0.000000,2.288911,13.789904,0.000000,0.000000,0.000000,0.000000,9.770946,0.000000
0.000000,6.414234,2.201042,16.770354,0.000000,0.318837,0.000000,12.169915,0.000000,0.000000,0.583542
0.000000,0.000000,7.492865,24.254341,0.000000,10.606105,7.632394,1.848441,12.867706,2.193275,1.241815
16.758761,0.000000,0.329069,0.000000,7.631517,0.000000,0.668052,0.000000,8.398090,0.000000,0.000000
8.138459,0.450998,0.000000,0.000000,0.357959,5.801904,0.000000,0.000000,0.000000,0.000000,0.000000
0.000000,3.905765,0.000000,5.772224,0.000000,2.488723,0.000000,0.000000,0.000000,3.281354,1.204914
6.485196,0.448174,2.385808,0.484789,0.000000,1.247662,1.012445,0.606838,0.000000,6.748377,0.000000
2.903237,8.808417,0.000000,2.412393,0.000000,0.000000,12.093636,0.000000,7.555970,3.234316,0.000000
8.290890,6.404880,4.278867,0.125326,2.954959,3.049057,0.000000,0.000000,0.000000,1.170354,0.000000
0.000000,0.000000,22.544036,1.633771,13.420302,0.000000,7.381163,0.000000,0.000000,11.720605,0.000000
7.121386,2.500691,0.218236,0.000000,4.144519,0.000000,0.000000,0.000000,16.144465,0.000000,0.000000
0.000000,5.374707,0.951771,22.166265,0.000000,1.988731,0.000000,1.629355,0.000000,0.000000,0.000000
0.000000,0.000000,6.412106,0.000000,0.000000,10.464565,0.000000,0.000000,6.988290,3.704887,18.094555
1.026102,0.000000,1.605041,0.000000,3.117631,0.000000,4.403779,0.000000,0.000000,10.368533,0.000000
5.095893,0.000000,0.000000,6.516011,6.201912,0.000000,0.000000,0.000000,5.062916,0.000000,5.286435
0.000000,0.000000,0.000000,8.866555,13.417497,0.000000,0.000000,4.637187,0.000000,0.026606,8.732795
0.000000,5.683492,17.078334,0.000000,0.000000,0.665306,0.552188,0.000000,0.000000,0.000000,0.000000
8.403014,4.600471,1.450224,0.000000,0.000000,7.907042,0.000000,6.575252,0.000000,5.867584,23.846223
0.000000,0.000000,0.000000,13.118102,10.078063,0.000000,0.000000,0.000000,1.065664,0.081941,2.271496
16.794656,0.000000,0.000000,21.917195,0.000000,0.864725,0.753697,3.258490,4.900771,0.000000,0.000000
0.000000,0.000000,7.606466,3.719378,1.560784,0.000000,7.216987,0.000000,1.557122,2.103625,0.000000
0.000000,2.789452,4.564224,0.000000,0.000000,0.889221,7.375599,9.611019,5.693247,0.000000,29.316738
2.634564,0.000000,0.000000,0.000000,0.000000,2.481165,0.047794,8.850527,1.883798,0.000000,0.000000
0.000000,0.000000,0.000000,0.000000,0.107817,0.045101,2.585024,0.000000,2.542346,2.649363,7.275175
0.638182,0.000000,5.969845,0.000000,0.000000,0.000000,0.243844,0.000000,0.000000,0.000000,0.000000
7.423585,1.836227,0.000000,0.000000,0.000000,4.092692,5.178593,7.730209,0.000000,2.370332,0.000000
17.238865,3.799367,3.160651,0.000000,4.543767,0.000000,9.098813,0.000000,2.674606,0.000000,0.000000
0.000000,4.900184,3.656914,15.947884,0.000000,0.000000,5.454341,0.000000,0.000000,0.000000,5.874886
0.000000,0.000000,0.000000,11.057604,0.000000,0.000000,0.000000,12.329002,6.372935,0.000000,8.378619
6.730817,1.000598,3.140262,3.082341,4.641391,6.496547,9.989087,2.134449,0.000000,4.431456,0.000000
0.766299,2.341230,0.000000,0.000000,0.000000,0.000000,0.000000,23.948468,0.000000,0.000000,5.457514
0.000000,12.869783,10.359034,0.000000,13.211398,1.660189,0.000000,0.000000,0.000000,5.869575,0.000000
2.806016,9.000962,0.000000,0.000000,1.937689,5.622941,7.640853,9.439868,0.000000,26.711116,0.000000
11.723323,12.018101,1.484178,14.200126,0.000000,0.000000,2.940428,0.000000,1.785516,8.343288,0.000000
1.615629,3.721072,1.228736,3.692889,2.099199,0.000000,0.000000,0.000000,3.500688,0.000000,0.000000
3.398506,12.840681,0.000000,2.344402,14.215233,0.000000,0.000000,0.000000,0.000000,9.944702,10.036153
0.000000,0.000000,1.383968,1.044591,8.155283,8.811482,4.960912,0.000000,1.438434,0.000000,0.000000
6.306258,14.497781,0.000000,1.511224,0.000000,0.000000,2.214655,7.786294,8.166547,0.000000,0.000000
0.618689,1.561602,13.163160,8.245894,0.000000,5.213712,0.000000,0.000000,4.561262,0.000000,3.203449
0.000000,0.000000,0.000000,0.000000,0.000000,0.000000,0.000000,3.282312,0.000000,10.268451,0.000000
3.488312,9.388415,1.506662,3.243329,6.907328,0.000000,0.000000,0.000000,5.418981,2.391390,3.520352
0.969628,14.603300,8.156518,0.000000,0.000000,0.000000,2.798892,0.000000,0.000000,0.000000,0.214902
2.748986,0.000000,0.000000,5.545621,0.000000,7.378146,6.566591,5.089559,1.858183,0.000000,0.000000
0.000000,0.000000,3.169145,6.085750,0.000000,0.000000,0.000000,0.000000,0.000000,6.708869,3.997897
0.000000,0.000000,0.000000,8.180453,11.749532,5.507453,8.231255,0.000000,0.000000,0.000000,0.000000
0.000000,0.000000,0.000000,0.000000,0.000000,0.806610,16.768146,0.000000,7.919203,0.000000,1.906943
0.000000,0.000000,4.357434,15.918825,0.000000,0.000000,1.793556,2.727983,0.000000,5.386762,2.553060
0.000000,4.057764,0.409271,0.000000,0.000000,0.000000,0.000000,0.000000,8.442563,4.486529,13.660213
0.000000,0.000000,0.000000,0.000000,3.449178,0.000000,0.141841,0.000000,0.807173,0.000000,1.097742
0.000000,0.000000,0.000000,11.889308,9.509961,3.438979,0.000000,15.339084,0.000000,1.585872,24.695518
1.770014,0.000000,11.799421,3.675105,0.000000,3.799205,3.536853,1.543641,10.982976,4.371288,4.074010
2.320980,5.293049,8.233394,0.000000,0.000000,2.816251,0.000000,0.000000,7.652007,6.213276,0.000000
1.344000,0.000000,8.038475,0.000000,4.763263,0.000000,8.706459,12.850049,6.482024,3.996967,0.000000
1.074243,0.000000,0.000000,6.099337,0.000000,0.000000,0.181882,0.984928,0.000000,0.000000,0.550768
0.917242,1.061150,0.000000,3.054048,21.106180,0.000000,0.000000,8.420258,10.933893,7.235185,0.000000
30.844882,0.000000,0.000000,0.000000,0.000000,0.967038,7.581858,0.000000,1.270584,0.000000,1.790770
0.000000,0.922289,7.662844,1.179677,0.000000,2.727869,32.531194,0.000000,0.431947,2.531228,0.000000
9.584802,0.000000,3.245152,6.713381,8.709200,28.375482,13.407576,0.000000,0.000000,3.603325,1.395099
4.565235,6.440435,6.365300,5.169572,0.000000,8.604779,17.179573,0.000000,10.367986,0.000000,9.945577
7.410130,0.000000,9.833268,1.267682,0.000000,27.372268,19.314364,2.728350,0.000000,3.019211,2.647277
0.000000,4.376353,0.000000,0.000000,4.401756,3.410874,6.898856,0.148978,11.977431,6.724148,0.000000
4.094763,0.000000,1.891736,0.000000,0.000000,5.729441,0.000000,1.972096,0.000000,1.964873,0.000000
5.085092,5.339364,0.000000,0.000000,0.070958,5.778345,0.000000,2.552132,3.057337,3.209752,0.000000
3.720736,0.512747,0.000000,0.000000,0.000000,0.000000,0.000000,0.000000,0.847211,0.927395,0.000000
1.776901,0.000000,5.554384,0.000000,0.000000,17.876095,0.000000,0.000000,5.278947,1.623464,0.674553
0.000000,0.000000,15.754502,22.951886,0.000000,3.126939,0.000000,5.135446,0.000000,0.000000,0.000000
1.214371,0.000000,0.000000,0.000000,3.750488,0.000000,0.000000,2.647152,3.829787,0.000000,1.194120
0.000000,0.000000,0.000000,3.034637,0.726924,0.000000,0.000000,0.614265,34.726012,0.977845,13.431563
0.000000,0.000000,4.721888,3.993245,0.000000,12.870225,4.981780,3.315083,0.000000,5.527154,2.611620
3.709231,0.369442,2.868645,0.000000,3.514650,1.753103,0.296423,0.000000,0.512361,2.090072,0.000000
0.000000,0.000000,6.414875,7.378920,0.000000,0.248520,4.503399,0.000000,2.157456,2.074680,0.000000
0.000000,0.000000,6.080937,0.000000,2.262307,0.000000,18.463127,5.988147,0.000000,1.944960,2.333729
0.000000,9.333810,0.000000,10.911304,10.826199,0.000000,2.294165,0.164039,0.000000,1.210796,8.882020
0.000000,0.000000,0.794306,0.000000,0.000000,12.222147,2.958633,0.000000,17.284478,6.990834,0.000000
0.000000,2.303510,6.480614,0.000000,0.000000,0.000000,8.288928,16.306001,11.858509,0.000000,2.518887
0.000000,4.304481,6.042946,0.000000,2.632801,6.137349,0.000000,0.814700,0.776033,0.000000,0.000000
8.277738,2.109839,0.000000,11.910867,4.423385,0.000000,10.103862,1.746358,0.000000,0.000000,4.478278
3.413862,0.000000,0.240849,0.000000,0.000000,9.975361,0.000000,6.003987,0.000000,0.000000,2.112604
6.462650,0.000000,1.123984,1.163953,1.578153,0.227450,0.000000,0.000000,0.000000,7.329030,0.000000
0.000000,9.562086,0.000000,0.000000,8.414615,26.063638,0.000000,0.000000,0.000000,4.214429,0.590867
1.590504,0.510966,2.642186,0.000000,8.552351,0.236539,3.627944,5.362740,4.010970,0.000000,0.530002
0.000000,4.386439,2.222635,7.703532,0.000000,4.014766,3.045238,9.333535,3.471639,0.000000,0.366024
0.000000,3.014710,7.345401,0.000000,0.000000,1.244885,0.000000,3.271760,13.527094,3.571521,0.000000
3.314213,5.725221,12.539383,3.782163,0.000000,4.413218,12.962597,0.000000,0.000000,0.000000,0.000000
0.000000,0.000000,3.937842,10.864541,0.417772,2.730885,0.000000,6.794969,0.000000,0.000000,11.250568
0.000000,0.000000,0.000000,13.547191,5.441299,0.188569,0.000000,0.000000,0.000000,0.000000,10.365294
2.724145,0.000000,0.000000,0.000000,1.077592,1.965170,0.000000,0.000000,2.087023,0.531317,0.000000
0.000000,1.470806,7.436268,0.000000,0.000000,6.956761,0.000000,0.000000,0.576635,0.000000,5.566465
0.000000,0.000000,0.000000,0.000000,0.000000,6.421527,8.287738,0.000000,5.442669,2.000938,7.744879
9.094017,0.000000,0.000000,0.971934,1.643729,0.000000,0.000000,0.744692,8.406881,0.000000,2.326577
4.126813,0.000000,0.000000,0.000000,0.405341,0.000000,1.874689,0.000000,2.121028,7.289114,0.000000
1.819580,0.000000,6.013533,1.838049,0.000000,2.627326,1.807776,16.158333,0.000000,6.286897,0.000000
0.000000,0.000000,3.259113,4.741609,1.212347,0.000000,0.000000,12.478679,0.000000,0.000000,9.107847
0.000000,1.275099,0.000000,3.790863,0.000000,0.000000,0.000000,2.971884,0.000000,0.000000,0.000000
6.329512,4.197969,7.946402,0.000000,0.387849,1.925466,3.703668,0.696970,3.163221,4.687573,4.972348
3.505615,0.000000,5.541768,0.000000,7.189522,0.000000,0.000000,0.000000,2.923798,6.674588,0.000000
0.000000,0.793934,3.771752,1.593869,6.958198,11.757340,0.000000,0.000000,0.000000,6.127221,0.000000
3.405597,0.641491,0.000000,18.443930,0.000000,0.000000,0.000000,0.000000,0.000000,2.472922,1.993039
0.000000,0.000000,1.037060,0.000000,12.202623,4.026052,0.000000,0.000000,0.000000,11.764138,0.000000
0.000000,0.000000,0.000000,0.000000,0.000000,0.000000,8.709252,10.640367,1.678701,0.957690,0.000000
0.000000,3.410248,3.997509,0.000000,6.430309,0.000000,3.376432,2.061488,6.265963,0.000000,0.000000
0.000000,0.000000,0.000000,0.000000,0.000000,1.375190,3.578961,1.238436,0.507144,1.520767,2.270796
1.341944,10.084218,5.141355,3.823290,0.000000,0.000000,0.000000,9.042999,0.000000,1.939815,0.000000
3.135962,0.000000,4.380461,0.947740,1.724047,0.000000,0.000000,5.134159,0.000000,0.000000,1.061829
3.662780,1.492705,0.000000,0.000000,1.939595,8.041869,1.514894,0.000000,0.000000,1.387518,3.092490
0.000000,0.000000,1.414820,5.831935,2.275684,5.399953,9.066029,0.000000,0.000000,2.315822,3.538542
9.152547,0.000000,0.000000,1.412523,5.755057,0.778807,0.000000,9.441869,0.000000,0.000000,0.000000
0.000000,5.898901,3.619000,0.000000,3.870545,2.764060,4.419980,0.000000,18.441807,4.408899,0.000000
2.153669,6.124130,0.000000,0.000000,0.000000,0.000000,14.519231,0.000000,12.297826,8.722467,0.000000
6.905452,11.227878,0.000000,0.000000,0.000000,0.924034,0.000000,6.921166,15.533956,3.068053,0.000000
0.000000,0.000000,0.000000,1.014802,0.000000,0.000000,0.000000,0.000000,0.000000,0.378463,0.000000
0.000000,7.680145,0.000000,5.063500,0.000000,2.810572,3.083464,0.000000,3.320839,0.000000,0.000000
0.000000,0.858779,0.000000,4.523766,4.410334,0.000000,0.000000,5.085530,0.000000,5.678052,1.520029
8.549230,0.000000,0.000000,2.342666,0.000000,0.000000,0.472116,1.499120,0.573088,0.000000,0.000000
1.218185,4.714249,4.737566,0.000000,0.000000,0.000000,3.271256,0.000000,1.113935,0.454420,0.000000
0.173434,11.908825,0.000000,0.000000,1.537593,2.505956,0.000000,0.000000,0.000000,0.000000,3.386102
2.692103,6.325776,3.428463,4.282790,0.000000,3.274017,0.000000,0.000000,8.377193,3.980494,0.000000
0.000000,8.032785,0.000000,5.331501,0.000000,12.400996,0.000000,0.000000,0.000000,7.047868,1.476220
0.000000,7.359125,0.000000,0.126887,0.000000,6.809388,2.590938,0.000000,0.000000,1.183205,0.000000
0.000000,0.000000,0.000000,0.000000,0.000000,0.000000,0.000000,0.000000,0.000000,0.000000,0.657883
0.000000,0.000000,1.510737,0.000000,0.327173,1.119507,6.164107,1.285256,0.000000,0.000000,2.115576
0.000000,2.556198,7.276644,0.000000,0.000000,0.417670,13.808520,0.000000,0.264323,0.000000,0.000000
1.659448,2.881086,7.053003,10.039428,0.000000,0.000000,0.000000,0.363089,7.934576,7.046405,0.261915
0.000000,4.671580,1.255887,1.900514,3.501786,0.000000,0.000000,1.946013,5.017549,0.000000,7.131037
2.280577,0.852826,0.000000,0.297225,1.311687,0.000000,5.100255,0.000000,0.000000,0.967394,0.000000
1.723888,7.743961,0.000000,8.914118,4.137453,0.000000,0.000000,4.270976,0.000000,8.471320,0.000000
0.000000,2.424611,2.745288,0.000000,0.000000,0.000000,0.000000,0.091613,3.887469,0.000000,3.020318
5.594908,0.000000,0.000000,4.428857,1.148245,0.110789,4.670785,0.000000,2.652316,0.000000,0.600272
4.484875,0.619533,3.939155,0.000000,0.000000,4.113553,0.000000,0.352190,0.000000,1.395532,10.158505
7.163696,1.777835,3.813942,4.863673,1.064775,5.041439,1.370740,0.000000,0.000000,0.000000,0.000000
0.181705,0.000000,1.440411,7.281439,0.932805,0.000000,0.000000,2.337626,0.000000,0.000000,8.042364
3.943331,8.772473,3.666951,1.634384,0.000000,4.209873,1.697017,0.000000,1.123223,12.517081,0.000000
4.981007,0.000000,0.000000,1.357853,0.000000,0.000000,0.477095,0.000000,1.343966,1.159221,0.000000
6.754755,0.000000,1.636237,5.461238,0.000000,3.359206,0.000000,6.120020,6.128283,1.613255,7.911962
0.000000,8.100746,0.000000,5.892462,0.000000,4.640267,0.691033,0.000000,0.000000,3.683436,0.000000
0.000000,0.000000,0.000000,0.000000,0.000000,1.546152,0.000000,0.000000,6.604271,0.000000,0.000000
3.989663,0.000000,1.529983,2.033875,4.825463,5.537750,0.000000,0.000000,7.638333,2.001969,5.933814
2.161554,2.402144,0.538712,0.000000,0.000000,17.006487,0.000000,0.000000,4.238417,10.315689,0.000000
0.000000,0.000000,6.830253,0.000000,0.000000,9.212241,0.000000,0.000000,1.864465,0.000000,0.960263
0.000000,0.984231,0.000000,6.382594,1.740262,0.000000,0.000000,0.000000,1.568756,5.980190,0.000000
0.000000,3.386642,0.000000,0.000000,6.643944,0.000000,0.000000,1.012131,0.000000,0.000000,4.500850
0.000000,0.000000,0.000000,0.000000,0.000000,0.000000,0.000000,3.312691,15.039298,8.236018,11.793978
0.160598,0.000000,15.172965,0.000000,0.000000,5.815801,0.000000,0.000000,1.871414,5.467357,17.927741
0.589620,4.903358,0.000000,0.000000,0.000000,2.270849,0.000000,3.274533,3.514908,15.124120,0.000000
5.294935,0.000000,6.035056,5.575438,0.000000,0.000000,0.000000,0.000000,2.228526,0.000000,0.226863
3.113044,0.395699,0.000000,5.225628,0.000000,0.100825,2.604863,0.000000,0.000000,8.318840,3.310550
1.403806,0.000000,0.000000,2.081913,0.924132,3.115583,0.000000,0.000000,0.000000,0.000000,0.000000
6.878856,0.000000,1.176159,0.037502,3.602926,4.512382,0.000000,15.058581,6.089209,1.015722,0.424825
0.951678,0.000000,0.000000,1.728051,0.000000,8.026937,2.311426,17.633737,11.616544,0.877363,4.189118
0.000000,0.000000,0.039350,8.428282,0.000000,4.293548,0.000000,4.574996,0.000000,6.292402,0.000000
0.000000,4.008468,1.278560,0.681287,10.672246,0.000000,0.000000,6.931160,0.000000,3.895936,5.952475
0.000000,5.012846,0.000000,5.340921,5.148839,0.000000,6.910774,1.559273,5.075435,0.000000,3.324218
17.582364,5.167620,0.000000,2.229036,8.153709,6.536168,0.000000,0.000000,0.214831,4.855769,0.000000
0.000000,2.830172,1.906579,2.579289,0.000000,0.000000,2.505753,1.340558,6.928723,0.000000,0.000000
0.000000,0.000000,3.631030,1.222023,4.360177,0.000000,0.912388,6.145348,0.000000,3.581151,1.463677
0.000000,5.820392,0.220447,0.953392,3.137347,0.000000,16.056387,0.000000,0.000000,9.409698,7.587980
0.128514,1.513049,1.063638,0.000000,0.000000,0.288373,0.000000,3.283988,3.355761,0.000000,5.205994
1.421733,0.000000,0.000000,7.690324,0.000000,0.000000,0.245612,0.000000,0.000000,3.160660,0.000000
1.770541,5.831500,0.164600,0.000000,8.972310,0.000000,0.418880,11.610246,13.747135,0.000000,4.710849
0.000000,3.377687,2.269291,0.000000,0.000000,0.000000,0.000000,0.000000,1.314710,2.420832,0.000000
0.000000,5.189239,0.000000,6.576102,4.619726,11.141028,0.000000,0.000000,0.000000,2.973669,6.161193
0.000000,0.000000,1.614356,0.000000,0.000000,3.466476,0.000000,0.000000,0.000000,0.000000,9.520541
5.306228,1.241184,3.315662,0.961204,0.188229,7.615180,1.287050,0.000000,1.161999,2.275910,0.000000
1.613361,4.317020,3.097802,0.000000,0.000000,2.613779,6.401105,7.492534,0.000000,2.053549,0.000000
0.378535,0.000000,6.399318,0.000000,2.009372,2.211240,5.868195,3.169264,0.000000,3.043368,0.000000
8.343738,14.249889,0.000000,5.964811,6.126767,4.102038,0.000000,2.368831,8.795576,6.275547,3.231204
0.000000,0.000000,3.134492,0.000000,0.000000,0.000000,0.455502,0.000000,0.000000,3.560070,0.000000
0.000000,2.047948,11.077900,4.906957,1.242844,2.497352,0.531733,0.307241,1.363669,0.000000,2.347040
0.000000,0.000000,0.000000,1.337344,2.977330,0.000000,0.000000,6.776946,0.000000,0.978517,0.000000
0.000000,1.396487,2.701725,1.277008,4.059969,12.003554,1.530527,1.237718,0.886384,0.000000,1.489988
1.698420,0.000000,0.000000,0.000000,0.000000,1.671152,2.767369,1.586715,0.000000,0.034100,5.574539
0.985079,0.000000,0.000000,2.588016,0.000000,0.000000,6.189753,0.000000,0.000000,2.203019,0.000000
0.000000,0.000000,0.000000,2.667357,1.257916,0.000000,0.000000,1.839358,0.000000,2.050061,0.000000
3.248097,3.520727,0.000000,0.521833,0.000000,4.850250,0.000000,1.913221,0.000000,0.000000,0.000000
0.000000,0.000000,2.388693,1.589544,9.846891,4.569069,0.000000,1.286786,2.458157,2.841639,0.000000
0.753745,0.000000,0.848002,0.000000,9.905887,0.958275,0.000000,1.480273,4.268912,0.000000,0.000000
5.236324,0.000000,2.135776,4.925183,0.973235,0.000000,2.493442,6.310551,4.347108,0.000000,0.000000
0.000000,0.000000,0.000000,10.816403,0.000000,0.000000,0.000000,0.000000,0.000000,0.000000,3.264656
3.403531,8.289121,1.188171,0.000000,0.000000,0.318133,3.445265,1.383917,5.952984,8.204290,1.002073
0.000000,0.000000,0.000000,8.974549,0.000000,0.000000,1.531571,0.000000,8.260619,4.310112,7.765957
0.000000,0.000000,6.482452,0.000000,15.007405,0.252339,3.056270,1.221788,4.255549,0.000000,0.000000
3.074960,4.419355,3.567508,2.286292,0.000000,0.000000,5.717263,0.632371,1.263511,1.789160,0.941034
1.370064,0.368577,6.249142,0.104895,0.000000,0.000000,0.000000,7.082022,13.863672,7.756326,0.000000
0.000000,3.179319,0.000000,4.987696,3.737518,0.000000,1.681602,1.200944,0.000000,8.116241,4.412796
0.150908,4.545848,1.028024,0.000000,0.363042,4.170714,4.897464,5.251603,2.030821,3.009555,0.000000
0.000000,7.962952,2.894383,0.000000,13.957624,7.056522,4.602028,5.357506,1.486150,3.633935,12.567686
3.493066,0.000000,0.000000,20.003393,3.285032,0.000000,1.256091,4.724015,11.739589,3.927936,4.704092
3.544304,0.000000,0.000000,0.000000,0.000000,0.000000,7.227485,7.971626,0.000000,2.313750,11.367887
0.000000,0.000000,0.000000,0.000000,1.944472,2.919969,6.677096,10.690708,0.000000,0.000000,3.885171
7.007735,6.422692,0.000000,0.000000,8.583573,0.000000,0.000000,0.000000,0.000000,1.158959,0.301013
0.000000,0.000000,6.360190,8.082419,0.151504,0.000000,8.585166,0.000000,0.000000,0.000000,5.310029
0.000000,1.604709,1.196893,0.000000,0.000000,0.000000,0.000000,2.421774,0.000000,14.935316,0.000000
0.000000,5.147126,2.140425,7.738124,6.938685,3.099326,0.000000,0.000000,5.079049,0.000000,0.000000
0.000000,0.142737,2.414454,2.574894,1.375619,5.499317,0.000000,2.000172,0.000000,0.000000,16.125788
0.000000,0.000000,1.157216,1.026034,0.609693,3.716924,0.000000,0.000000,0.000000,0.000000,5.674802
0.000000,0.660048,4.974942,0.000000,0.000000,0.000000,0.000000,10.260780,0.000000,6.722783,0.000000
2.516511,7.645405,0.000000,7.624043,0.000000,4.516624,11.945514,0.115833,0.000000,0.825435,1.706140
0.454868,1.447645,0.720063,2.943150,0.000000,0.638594,0.000000,1.895438,2.642801,0.000000,8.197017
0.000000,0.661875,1.993470,0.773019,0.000000,6.228074,0.000000,0.000000,0.000000,0.000000,8.305558
0.000000,0.000000,2.255690,0.000000,0.000000,0.000000,2.286656,3.415450,4.043509,0.000000,0.000000
4.777288,0.000000,0.000000,9.027564,0.000000,2.000909,0.892949,0.000000,0.000000,0.522076,0.000000
0.380996,3.326726,1.656599,3.084656,1.769978,1.707927,0.000000,0.000000,0.000000,3.481203,18.333542
0.000000,0.000000,4.340212,0.000000,0.225892,7.987660,1.651463,0.000000,3.976715,1.104083,0.000000
0.000000,2.810239,0.000000,7.760983,0.000000,0.000000,0.000000,0.000000,3.162233,0.769192,2.140746
0.000000,0.545232,0.000000,0.000000,0.000000,0.000000,2.859626,0.000000,0.353592,0.000000,1.301812
0.000000,0.000000,14.611157,0.000000,0.000000,0.264361,6.372479,1.757135,1.609349,0.488517,2.783702
2.259367,1.802555,0.000000,0.000000,0.000000,8.001681,3.841591,9.219708,6.546595,2.642819,5.874901
0.000000,0.000000,0.000000,0.000000,1.135435,0.000000,1.105376,6.786431,0.000000,1.212644,1.023647
0.000000,0.000000,0.000000,7.491912,0.000000,0.287621,0.656987,0.912520,0.186766,0.000000,2.785629
0.000000,4.571372,0.000000,0.000000,0.000000,0.671607,0.000000,0.000000,7.909987,0.504189,0.000000
0.000000,3.327310,0.000000,6.321534,4.833804,5.448716,0.171684,2.289433,1.499203,1.068143,0.000000
0.000000,3.191564,0.000000,6.084105,3.171158,1.770146,0.000000,0.000000,0.000000,14.185547,0.516584
3.991656,1.590934,0.000000,0.000000,0.000000,0.000000,0.000000,0.000000,0.000000,1.998256,0.000000
0.000000,0.000000,2.072570,0.000000,8.407651,0.000000,3.108357,1.011009,0.000000,0.446939,5.943891
0.811754,0.000000,0.000000,3.772685,1.335744,0.000000,0.000000,1.967862,0.000000,0.727102,0.000000
0.000000,0.054427,0.000000,1.365784,0.000000,0.000000,0.000000,0.843807,2.404061,0.000000,0.612789
1.804108,0.551023,1.529161,0.401857,3.351456,0.618011,0.000000,4.303509,5.808228,4.303869,0.000000
3.871406,0.000000,1.676914,3.408608,0.000000,0.000000,0.000000,12.271961,3.647660,0.000000,0.000000
1.605582,0.000000,1.368042,4.721385,0.000000,9.924403,0.000000,0.000000,2.917945,0.000000,6.107696
0.000000,4.062938,6.973234,0.797640,4.632327,1.155032,4.497132,0.000000,0.000000,10.920240,0.000000
0.351095,6.821712,2.740254,0.000000,3.158967,3.262749,1.799625,21.088494,3.366067,1.316493,0.000000
4.043859,0.000000,0.858724,0.000000,2.576097,0.000000,2.439602,9.164505,0.066779,0.000000,0.000000
0.000000,5.620278,1.319990,2.865945,3.926705,0.000000,0.000000,0.000000,2.629305,2.259966,0.000000
0.000000,3.413401,0.000000,2.951551,0.419757,3.678495,2.183386,0.915647,10.733845,1.510199,1.993348
0.000000,0.000000,4.310312,13.661128,0.567583,6.729790,7.261982,0.000000,1.051423,0.000000,0.600502
4.951344,0.000000,0.828388,0.000000,0.000000,0.000000,8.581530,0.000000,0.000000,4.627149,2.257670
0.000000,3.325312,0.522141,1.635306,0.000000,3.127689,2.031868,0.615000,0.000000,0.000000,1.250610
0.467756,0.000000,1.363932,1.510387,0.000000,0.000000,3.308756,0.000000,0.883614,3.104507,5.515914
0.000000,0.714292,0.000000,0.000000,0.000000,0.000000,0.000000,0.000000,2.370588,2.334754,0.000000
2.043221,0.000000,0.000000,0.000000,2.404406,0.000000,3.450159,1.705017,6.622160,2.750643,0.000000
0.338145,0.000000,0.707617,9.591247,0.378303,3.561578,1.049115,1.378507,5.639679,4.964661,0.000000
4.802532,0.000000,0.000000,11.325111,0.183838,0.000000,0.967155,0.000000,0.000000,2.221831,4.448863
7.147780,2.612054,0.000000,0.000000,2.999814,2.338108,0.774276,3.705879,0.000000,1.802451,0.000000
5.710214,1.025133,0.000000,0.000000,0.740735,3.139780,0.000000,0.375598,0.000000,0.000000,0.000000
0.000000,0.000000,2.686049,0.000000,3.306042,5.698194,1.804512,8.578452,1.880265,2.643000,0.000000
9.244654,0.000000,0.000000,0.000000,0.000000,0.666527,0.000000,0.000000,0.000000,4.145959,0.000000
1.031447,6.253787,1.278428,1.143935,1.123159,0.000000,6.077963,0.000000,0.000000,0.000000,0.000000
0.000000,1.237743,7.333564,2.210364,5.007242,0.376111,1.078232,1.313032,0.000000,0.000000,0.601190
0.579069,0.820547,0.888654,4.995099,0.000000,1.111997,3.479645,0.558520,0.000000,3.522227,0.000000
0.371666,1.638923,0.000000,3.053876,1.023100,0.674510,5.614041,0.301287,1.108044,1.657202,4.713765
0.000000,1.881023,7.689357,0.000000,0.348240,0.672353,0.000000,0.000000,0.000000,0.000000,0.735404
0.000000,0.000000,4.035229,0.000000,0.000000,0.000000,4.933365,1.003148,0.000000,2.568756,0.000000
0.000000,0.424283,0.000000,0.000000,1.414398,0.000000,0.000000,0.642552,0.000000,0.000000,1.488186
0.000000,4.030940,0.324034,0.000000,0.000000,0.486356,1.609613,0.000000,0.000000,1.655613,2.880312
2.830694,0.000000,0.824628,3.155804,7.565775,0.000000,0.000000,1.354187,2.008245,0.000000,2.253159
10.593330,2.711477,3.634134,0.000000,0.277217,0.000000,5.338185,9.585282,1.317389,0.000000,8.022147
0.000000,0.000000,0.000000,1.861269,0.124108,2.607045,9.015225,0.000000,0.000000,1.211891,0.247288
7.036047,10.095243,1.277404,0.037480,0.000000,0.000000,5.487500,2.159750,0.412476,2.377662,1.077016
1.201604,0.000000,0.738142,1.315872,0.000000,0.612213,0.000000,0.000000,0.000000,2.481316,0.000000
0.000000,6.593381,2.410962,6.299438,0.000000,1.215202,11.167302,0.000000,0.842614,7.051352,0.091355
3.359800,0.000000,0.000000,1.663455,0.000000,0.000000,0.000000,0.000000,0.000000,6.527604,4.916459
10.091549,0.000000,0.000000,3.493739,0.000000,0.000000,0.000000,0.000000,0.000000,0.000000,0.000000
0.636537,0.000000,0.251460,4.386940,0.612527,0.970907,0.793710,1.512690,0.605491,0.358172,0.000000
8.551782,2.863257,7.957382,0.000000,0.000000,0.000000,1.333886,0.000000,0.000000,0.000000,0.000000
0.000000,5.625454,9.687120,0.280126,1.077360,1.769567,0.000000,0.000000,0.000000,0.000000,14.133250
3.784474,0.297417,3.276930,8.081092,3.698549,0.736855,0.000000,2.007595,1.996046,0.000000,0.000000
0.000000,3.744104,0.579679,5.039228,1.459044,2.467726,0.000000,3.725684,2.437134,0.000000,0.000000
0.000000,5.032622,4.732895,4.297876,6.981888,3.066735,1.012371,0.763299,2.033309,0.813902,6.871586
1.781964,0.000000,0.000000,6.320190,0.000000,1.217706,0.000000,0.000000,10.500288,2.163416,0.000000
2.463892,1.158937,2.572021,0.102256,5.796465,10.024962,0.000000,0.000000,2.675970,0.672819,0.870306
0.836945,0.000000,4.574796,0.000000,5.962304,0.000000,1.633306,8.877932,0.000000,0.000000,0.000000
0.000000,0.645831,0.717141,0.000000,0.342768,0.000000,1.817427,0.000000,2.977776,9.930230,3.977821
0.426348,7.749319,15.374053,1.517663,0.000000,3.740950,3.227953,2.782437,3.739177,1.058633,0.000000
0.000000,0.085188,2.061588,20.224256,1.258976,0.886930,0.000000,9.623554,0.000000,0.000000,3.505955
0.000000,0.000000,3.512803,0.196003,1.135700,0.000000,0.000000,0.544770,0.000000,3.373120,0.000000
3.251325,0.116822,0.000000,0.482560,2.062772,3.334156,1.207275,6.046217,2.104163,0.764220,0.000000
0.000000,0.000000,0.014682,0.000000,3.793342,1.760517,0.000000,3.802605,0.000000,0.922469,2.532866
2.536847,1.259871,0.000000,4.094367,2.889282,0.000000,7.138872,0.000000,0.000000,0.000000,0.000000
2.520598,6.352549,2.990293,1.981143,5.296750,0.564494,1.302960,5.337890,0.000000,0.000000,0.000000
0.822542,0.000000,0.112632,4.518304,1.823658,0.000000,1.108674,0.000000,0.000000,4.084605,0.000000
0.000000,2.528182,0.000000,0.000000,1.150381,0.000000,0.149798,2.154216,0.000000,1.800289,5.246363
1.571612,0.748885,3.532142,0.000000,1.417847,1.243722,0.327878,0.000000,5.465869,3.015297,0.000000
0.751206,5.627253,3.645302,0.000000,15.064690,3.046381,3.657275,0.000000,0.044894,0.212910,0.321428
0.000000,0.869750,4.194655,0.000000,4.299153,1.860293,0.645342,0.000000,2.804137,0.000000,0.000000
2.226308,3.769197,0.000000,8.576787,0.000000,0.000000,0.989927,5.286291,4.133847,0.000000,0.000000
11.476659,1.947854,8.597018,9.369299,0.000000,0.791927,0.000000,2.944492,0.000000,0.000000,0.000000
4.986132,5.866574,0.000000,3.401373,5.581505,1.260781,0.000000,0.000000,0.878199,6.267163,0.000000
9.935660,0.000000,0.000000,8.286235,3.154943,0.000000,5.476043,0.000000,3.147519,0.000000,0.000000
1.960129,0.000000,0.000000,4.362623,2.108099,0.336910,1.766919,0.000000,1.038724,0.000000,0.000000
9.009005,2.039501,2.495000,7.688638,0.906153,10.041002,0.000000,1.811793,0.286118,0.226155,6.390199
1.879494,0.000000,1.099836,0.000000,3.204404,0.000000,1.834291,11.890901,1.152387,2.630823,4.929757
0.000000,0.000000,2.523214,0.000000,4.756945,5.902306,4.825769,0.000000,0.178087,3.803716,2.864949
0.000000,3.213098,4.076082,0.000000,0.184324,0.000000,3.623013,3.336590,0.000000,0.614342,1.910288
9.398614,0.000000,0.000000,11.643590,0.000000,0.000000,0.000000,7.916504,0.000000,0.000000,0.680101
7.082094,3.051907,0.000000,2.191928,0.000000,15.930098,2.255377,1.259091,4.165079,0.000000,5.657330
0.270218,0.000000,10.679054,0.000000,2.631510,0.836193,0.358734,4.031456,0.000000,1.770198,0.000000
0.000000,0.623223,8.112311,0.000000,1.183645,0.000000,0.000000,0.000000,0.000000,0.000000,2.120251
0.000000,0.000000,0.353505,9.164155,1.630447,1.181027,2.363636,2.460652,3.805297,0.696919,1.209279
0.000000,0.874067,7.792069,0.000000,0.000000,0.669312,0.000000,0.000000,0.000000,3.207755,3.862557
0.000000,2.854784,0.000000,0.000000,10.689126,0.315889,0.000000,0.000000,0.000000,0.000000,0.000000
3.168786,0.000000,0.000000,5.465003,0.000000,2.965321,4.631666,2.207285,0.000000,0.967316,0.000000
0.000000,7.263907,11.715980,0.000000,13.676875,0.000000,6.149405,0.000000,0.000000,3.929214,1.590659
0.000000,10.354151,15.164554,0.000000,0.000000,0.000000,4.183029,5.950685,0.000000,0.000000,0.000000
14.806729,1.795654,0.000000,1.397420,0.000000,3.245308,1.793463,1.192354,4.393359,3.674091,2.332478
2.669340,4.778358,0.528789,0.000000,0.000000,0.000000,0.896657,0.000000,4.399675,4.836463,0.000000
2.055588,1.001382,0.000000,0.000000,0.000000,3.124281,3.942741,2.930032,7.653370,0.394507,0.000000
0.000000,0.000000,1.278096,12.390263,11.768351,1.429325,0.000000,1.871172,0.000000,0.867439,1.559392
1.757675,1.791450,1.558863,0.000000,0.000000,2.266859,10.825162,0.000000,4.344477,0.505936,0.000000
0.000000,2.756929,2.605735,4.574276,1.049789,1.415760,0.000000,0.000000,4.868509,20.950907,0.000000
2.736309,0.000000,0.000000,0.000000,0.000000,0.000000,9.599754,0.000000,0.000000,3.674837,0.978721
3.972881,0.959456,5.839779,2.389284,9.967767,0.000000,0.000000,5.167003,3.729728,1.285077,6.754428
1.500781,0.000000,0.145855,0.146530,0.000000,0.000000,0.523782,1.889962,6.531014,7.213625,6.624532
1.146669,0.000000,6.195639,0.000000,9.590055,2.379420,0.000000,0.000000,3.153521,2.049769,0.000000
0.000000,0.000000,2.530533,3.447515,0.000000,0.000000,0.000000,11.039741,0.000000,0.000000,2.589153
0.000000,3.735061,0.000000,0.000000,0.000000,0.000000,0.000000,1.317804,0.000000,4.746526,5.485743
5.164451,0.188232,0.000000,0.064311,0.000000,4.309966,0.000000,1.564758,0.000000,0.000000,5.521006
0.000000,0.000000,1.924546,18.479835,0.000000,0.000000,0.000000,0.000000,0.000000,2.935109,0.000000
3.368852,0.000000,9.592871,5.634096,6.282476,3.042183,0.000000,0.000000,0.000000,4.649319,0.000000
5.437186,0.697236,0.000000,3.725822,0.000000,17.794067,8.304460,0.000000,4.796347,4.223298,0.722092
0.952436,0.000000,0.000000,0.000000,6.100374,9.758323,4.200553,4.782730,3.631617,5.392899,0.000000
4.177339,2.459976,0.000000,1.428957,0.000000,7.612707,0.000000,3.857117,0.000000,5.848964,5.226335
0.000000,5.769625,0.734490,5.322015,0.000000,0.000000,0.758566,0.000000,0.207922,8.735440,4.646674
0.000000,0.000000,3.723221,1.525869,0.000000,0.000000,0.000000,0.000000,0.000000,1.391358,0.465135
6.643746,2.086181,0.000000,0.000000,12.354985,5.804866,10.759676,0.000000,0.000000,0.000000,0.000000
1.401033,2.025325,0.000000,0.000000,1.525668,0.000000,6.963988,0.000000,0.000000,8.015777,3.678141
15.766145,0.000000,0.000000,0.000000,0.000000,2.636499,3.396745,0.000000,0.000000,0.000000,4.252759
0.768877,6.625375,2.833422,0.614583,0.000000,0.000000,0.000000,0.000000,0.000000,0.000000,10.500488
0.000000,5.937298,0.000000,6.429625,1.148749,0.000000,0.000000,5.940505,8.155131,0.000000,10.608768
0.000000,6.308379,0.000000,0.000000,0.000000,5.746922,5.955187,0.000000,7.518283,0.000000,0.000000
6.639546,3.986974,6.067058,9.425668,0.000000,0.000000,0.000000,0.000000,0.000000,3.234354,12.848266
0.000000,0.000000,0.000000,4.319095,0.566659,0.000000,2.155661,0.000000,0.000000,4.985563,0.000000
0.000000,3.471738,0.240498,1.617078,0.700184,6.020048,2.933285,0.000000,0.000000,8.817457,0.414467
9.484410,0.000000,0.000000,2.819627,4.684280,17.960446,0.000000,6.836159,5.089364,9.505605,0.000000
1.822812,3.434418,0.000000,0.000000,0.000000,8.762173,6.270471,4.524842,1.258465,7.045168,0.000000
0.000000,0.000000,0.000000,0.492073,2.582699,0.000000,0.504929,0.000000,14.428504,0.000000,0.000000
0.000000,0.171580,0.000000,1.583280,24.307552,2.001280,0.000000,0.000000,0.000000,0.000000,0.000000
0.472351,5.287955,0.000000,0.000000,8.058686,0.000000,0.000000,0.000000,0.841340,0.942367,5.603988
2.701644,6.953606,0.833757,2.381974,2.181958,0.000000,0.351931,0.000000,4.234712,0.000000,0.000000
1.107862,23.972387,0.000000,0.000000,0.000000,0.000000,0.000000,2.561286,0.000000,0.000000,18.714679
2.544431,5.351114,5.279610,0.000000,0.000000,0.294030,0.706262,0.000000,0.000000,0.000000,11.639695
0.000000,0.000000,0.000000,0.000000,5.281216,0.666252,0.000000,1.435068,4.016276,1.365009,3.497709
0.000000,2.869305,0.000000,4.800294,0.000000,2.724185,0.000000,3.262538,7.720094,0.000000,0.000000
4.037170,5.038185,0.000000,1.508900,2.211432,25.499252,0.000000,0.000000,0.000000,17.649413,1.095291
0.000000,0.000000,0.000000,9.622235,13.418825,3.024095,10.292183,2.086158,3.973463,7.158306,0.000000
2.108732,0.000000,6.225681,10.170332,0.000000,4.464108,0.858891,6.159075,1.997990,0.000000,13.354758
3.240860,3.775718,16.368302,0.000000,0.506758,2.829398,7.543857,0.000000,0.000000,1.761325,8.040995
0.000000,0.000000,0.000000,16.673737,0.000000,0.009512,2.787493,3.654308,0.000000,7.348627,0.000000
0.000000,0.000000,0.000000,0.000000,3.989076,6.497360,11.438793,0.975347,1.506542,0.000000,2.121846
0.000000,13.651543,7.154453,4.525105,0.000000,0.839666,1.428585,0.000000,5.581664,0.000000,12.756635
20.362601,9.010607,9.742209,0.000000,7.936692,0.000000,0.000000,16.798795,0.000000,4.559737,0.388051
8.544704,5.146599,0.604136,0.305031,11.097502,2.556635,0.000000,0.000000,0.000000,0.000000,3.934258
0.000000,8.712683,7.103644,7.562470,0.000000,21.321208,0.000000,12.410501,1.451321,0.689246,0.000000
0.000000,0.000000,0.000000,13.902289,0.000000,0.000000,6.909945,0.000000,11.302094,4.062332,1.162234
0.000000,0.000000,4.050134,9.205107,0.000000,1.401586,3.042185,2.282752,0.000000,0.744588,0.094431
0.000000,0.426886,0.845687,0.000000,0.000000,9.464751,13.701805,0.000000,3.188533,0.000000,1.103782
5.226322,0.000000,3.531682,0.000000,5.238531,1.443853,0.000000,0.000000,0.000000,1.501826,0.965852
0.000000,0.000000,0.000000,0.000000,0.000000,0.000000,2.415077,0.000000,0.000000,0.000000,0.000000
4.588778,3.846104,11.008960,2.580295,5.004487,15.338671,1.191252,5.671474,3.218429,0.101430,0.000000
0.000000,0.000000,0.000000,1.109440,0.000000,2.477384,1.978043,0.000000,0.000000,0.000000,11.300500
19.378142,0.000000,0.000000,19.893919,0.582352,1.355240,3.163973,4.272079,4.778128,4.994282,3.737491
0.287977,0.000000,0.000000,0.000000,0.000000,3.172492,0.000000,0.000000,3.728205,7.523574,2.951179
12.215688,0.000000,0.000000,5.128302,2.181671,14.174774,13.287219,3.564738,1.838990,0.833289,0.000000
0.190351,0.000000,0.000000,0.000000,7.235042,14.791843,0.000000,0.000000,0.045225,3.027388,0.000000
0.000000,4.574051,0.000000,0.000000,0.000000,8.353050,3.899014,0.601095,4.500136,0.000000,0.000000
0.803138,10.230828,0.000000,1.697814,0.000000,6.328059,2.443571,0.000000,9.000383,5.044176,0.000000
11.620908,0.000000,0.000000,11.472998,0.000000,7.231018,0.000000,0.000000,4.275442,0.000000,0.000000
9.304703,8.686164,1.076889,0.000000,0.000000,0.000000,9.835336,4.794551,0.848898,0.000000,1.829483
0.000000,0.000000,3.385769,1.218296,0.000000,8.119462,10.335053,2.682112,0.000000,2.655268,12.859954
0.000000,4.636917,10.551354,0.000000,0.000000,1.063056,3.155743,0.000000,0.000000,20.058974,0.000000
0.000000,7.744167,0.000000,12.847202,0.000000,0.000000,3.692759,0.000000,17.152393,3.048279,0.000000
7.086608,0.000000,1.758827,0.000000,7.507438,0.000000,5.805522,0.000000,0.000000,10.188904,0.000000
1.131874,7.968191,4.928685,0.000000,6.233643,3.676578,0.000000,0.000000,0.000000,14.774786,1.230750
3.283456,0.129783,2.275645,0.000000,2.900189,0.000000,8.793037,0.000000,5.715162,0.000000,6.209506
0.000000,0.000000,0.000000,10.859958,1.442785,0.000000,1.827218,0.000000,6.103646,2.309535,0.000000
0.000000,2.417766,0.000000,0.000000,0.000000,0.277259,0.000000,1.403018,6.970295,0.000000,10.899652
0.000000,2.913181,0.000000,1.467497,5.379425,0.000000,0.000000,0.000000,5.320839,0.000000,0.000000
9.807308,0.033019,0.000000,3.342572,6.578089,8.898603,0.000000,0.000000,0.000000,0.000000,0.000000
13.741142,0.000000,0.000000,4.086999,0.000000,0.000000,15.663158,0.000000,1.933816,0.000000,0.000000
0.000000,0.773895,1.026179,10.334446,0.000000,0.000000,0.000000,13.203326,5.104802,2.466432,24.536383
12.266928,6.280367,12.631870,0.000000,0.000000,3.479013,0.525266,23.109976,6.283314,0.000000,0.000000
0.000000,0.000000,0.000000,7.458639,8.517324,0.000000,5.250569,0.378876,0.000000,22.506442,0.000000
3.715842,0.904330,2.157090,19.007129,9.938420,2.926546,5.339049,0.000000,4.412831,0.000000,0.000000
0.000000,0.000000,1.984826,0.000000,0.000000,3.242356,20.724065,1.772852,0.000000,0.000000,4.284433
0.000000,0.000000,0.472112,1.729712,9.582042,0.000000,0.000000,0.817662,0.000000,0.000000,0.000000
0.228962,0.000000,0.000000,4.095389,0.923102,2.246010,0.000000,0.000000,4.136126,3.916843,0.000000
0.000000,9.594760,0.951241,16.651532,3.044815,0.215354,3.012830,19.343887,0.000000,0.000000,0.000000
10.817591,5.415018,3.520929,1.726323,0.000000,21.356187,0.699471,8.533609,2.846100,2.657116,0.000000
0.000000,1.142763,22.903904,1.408531,0.156928,0.000000,0.000000,15.520302,0.000000,0.000000,8.685360
0.000000,0.000000,1.386751,0.000000,18.157460,1.944469,0.000000,0.141650,1.104000,3.259153,9.142375
0.000000,13.828085,1.493218,0.000000,0.000000,1.988578,7.148255,0.000000,0.000000,0.599179,0.000000
0.000000,0.000000,1.431680,9.439834,0.000000,0.000000,1.522010,2.360230,10.585070,0.000000,0.000000
0.152896,10.012830,5.514737,6.630565,1.904041,5.542713,0.580351,13.479440,0.000000,0.000000,12.609959
4.578951,0.000000,0.000000,3.340419,0.000000,4.501152,0.000000,2.964972,9.048524,18.373590,0.000000
2.892988,3.542365,7.314972,17.246040,0.000000,6.333694,7.136999,3.953873,0.134224,9.298530,0.990067
0.175921,3.536559,12.659456,3.012771,1.055654,0.000000,0.000000,0.082714,1.577717,0.000000,3.914671
0.000000,0.000000,1.889415,8.127560,0.000000,0.716271,0.000000,12.919034,0.000000,1.363963,5.098064
12.624715,0.000000,2.346220,0.000000,0.000000,0.000000,4.279625,2.039142,0.000000,1.169792,10.741193
5.205717,17.251357,3.255823,8.145294,3.760796,2.060527,8.784730,0.000000,27.304922,4.864677,3.663020
1.663903,6.233719,0.000000,12.665426,0.694997,0.000000,0.765347,5.014143,7.189523,0.000000,0.000000
0.000000,0.000000,0.351478,0.000000,8.324643,0.777283,0.000000,1.568699,7.019782,5.927892,0.000000
0.000000,2.329746,0.000000,19.882232,6.382119,0.000000,0.000000,11.619301,8.920359,7.237781,2.255885
14.104470,0.000000,2.025167,17.372995,6.588326,3.896374,0.000000,8.287322,0.000000,4.100234,6.727611
6.614660,11.053830,11.342716,2.994980,18.883834,0.000000,14.677124,3.082319,1.858943,0.000000,0.000000
9.919333,0.000000,0.000000,13.354815,0.000000,2.735564,0.000000,0.000000,0.000000,2.030740,7.659046
0.000000,0.000000,17.602805,0.000000,9.026020,6.423143,0.000000,5.714568,0.000000,15.707398,0.000000
1.667656,10.044668,5.802303,3.964231,0.000000,19.862679,0.000000,0.727348,0.984186,3.595064,1.735293
0.000000,0.000000,3.716192,0.000000,3.661301,11.968841,10.196059,2.539808,8.739689,1.528058,0.000000
8.859530,0.000000,10.283018,2.761896,7.199689,0.000000,0.000000,0.000000,1.903181,0.000000,0.867214
6.349215,4.808055,1.034774,0.000000,2.476333,0.000000,9.976558,0.000000,0.000000,0.000000,0.000000
2.492675,2.718227,1.837431,0.319060,17.580619,18.659539,0.000000,0.000000,4.721012,2.909605,5.479208
6.088535,2.791611,0.000000,7.609681,0.000000,0.000000,26.041182,0.000000,0.637683,1.391758,7.371995
3.038443,0.000000,0.000000,2.947630,0.000000,0.000000,1.813101,2.180173,6.243337,0.000000,0.000000
0.587803,0.000000,0.000000,14.181288,3.454377,0.000000,9.090536,0.785289,8.157016,0.000000,0.000000
0.000000,0.000000,0.000000,0.000000,0.000000,7.126012,0.000000,1.268249,0.508862,2.648072,10.635261
0.000000,0.000000,6.144631,2.843735,0.000000,0.000000,0.197180,19.866604,0.000000,5.454308,0.000000
0.000000,1.884997,2.854626,0.000000,7.408694,7.461829,9.816272,10.245498,0.000000,0.000000,0.000000
0.000000,0.000000,6.572072,9.990191,0.000000,7.108437,0.000000,0.000000,6.731171,0.000000,1.139075
2.883633,3.581265,0.000000,0.000000,4.820102,6.216882,7.216084,5.350061,22.938915,0.000000,0.000000
9.498294,0.000000,7.313327,1.102065,0.000000,0.610574,0.387510,16.398605,10.521070,5.366630,10.595226
0.000000,0.000000,1.869775,0.000000,0.000000,0.000000,0.525815,5.475757,4.795844,0.000000,21.016786
3.531598,0.000000,0.000000,7.158173,8.262909,1.033771,13.745663,3.625817,0.000000,5.161438,9.424552
0.000000,0.000000,10.024116,2.622031,5.063258,0.981064,23.259986,0.000000,3.817907,0.000000,3.584353
9.983448,0.000000,7.297487,0.000000,0.000000,6.127369,0.000000,0.000000,0.000000,1.044610,1.808131
0.000000,7.629856,14.480012,3.271326,0.027923,0.000000,2.378072,0.000000,7.890646,0.859406,0.740806
0.000000,6.370022,3.939391,41.237900,9.964724,2.886717,0.000000,20.112740,0.801047,3.774529,3.493805
5.000916,11.992690,0.000000,0.086915,17.212510,2.583388,0.000000,0.000000,18.026123,0.000000,2.016906
3.440462,0.000000,6.543146,11.638813,0.000000,1.232230,12.306270,0.000000,0.000000,1.552780,0.000000
0.000000,0.000000,15.587199,0.000000,0.000000,0.000000,0.581014,0.124890,0.000000,8.867664,1.452092
7.079428,12.132470,8.765559,2.554648,4.641739,9.050211,0.000000,6.477068,0.000000,5.458601,0.000000
0.000000,1.584719,0.000000,0.000000,0.035789,7.019177,0.000000,0.084704,0.000000,0.329290,0.797939
0.000000,1.808914,0.000000,10.988308,1.173336,19.960706,0.000000,0.000000,3.472878,2.011671,1.136357
0.000000,4.626556,0.000000,11.079252,1.416830,0.000000,0.000000,10.179542,5.312184,1.190061,7.491406
0.000000,0.000000,0.000000,0.000000,0.509212,5.211507,13.644492,0.000000,0.000000,0.000000,0.000000
7.746268,6.203074,2.344784,2.509342,0.000000,0.000000,0.000000,0.000000,0.000000,18.509694,0.000000
9.368747,16.657042,0.000000,0.809642,0.000000,7.371016,18.935671,8.227658,0.621958,15.702549,4.504722
5.476504,8.150824,1.772088,0.000000,0.000000,0.000000,0.000000,3.773586,5.234654,0.000000,0.000000
0.000000,8.012992,0.000000,0.000000,0.000000,0.000000,11.350467,0.767392,1.297796,5.520041,20.036291
7.962874,0.000000,0.000000,0.000000,0.000000,0.000000,0.000000,1.775489,0.608670,3.201632,0.000000
0.000000,0.000000,0.000000,0.000000,1.043246,16.214054,2.596643,0.000000,0.000000,0.383775,3.113038
14.512188,0.000000,0.000000,5.454434,0.000000,0.000000,6.962907,0.000000,2.697654,3.391516,0.000000
1.815562,1.043939,6.931168,0.000000,5.581679,8.794133,0.000000,0.000000,0.000000,6.207791,5.162110
18.608464,6.835468,0.000000,0.000000,0.000000,6.512378,0.000000,0.000000,2.253716,0.000000,5.340394
1.589910,4.905976,7.832204,0.000000,9.250461,12.231250,1.157703,1.837868,6.624349,3.835085,0.727332
0.000000,0.456734,0.000000,1.592927,16.471523,0.000000,0.000000,0.000000,0.000000,4.516454,9.264402
0.597579,10.873628,1.042104,5.960048,9.921861,16.025947,0.137671,0.000000,3.252903,2.937024,3.303545
0.000000,24.234927,0.000000,0.000000,1.784637,0.000000,0.000000,1.274083,0.913463,9.690144,5.071706
0.000000,0.932861,0.000000,6.307664,0.905799,0.000000,0.442668,2.751238,3.439232,3.832561,0.000000
0.000000,0.000000,0.000000,0.000000,7.067778,0.000000,0.000000,0.000000,12.336019,0.505573,0.000000
5.870709,0.000000,2.372005,0.061697,14.452164,4.406211,18.740208,0.000000,0.000000,0.000000,0.000000
0.000000,6.618793,0.000000,0.000000,0.883651,0.000000,5.287859,0.000000,0.000000,2.993815,0.000000
5.511463,0.000000,0.000000,0.000000,0.000000,4.065960,9.577286,0.000000,0.000000,0.000000,5.070693
0.000000,0.000000,9.115693,3.068173,0.000000,0.366178,0.000000,8.084954,4.485938,4.233003,0.000000
0.000000,6.570667,0.000000,1.286673,0.350893,2.153436,0.000000,0.000000,0.000000,2.415361,2.608885
1.625095,11.571690,0.000000,0.000000,0.000000,7.123335,11.558414,0.000000,2.769176,11.306660,6.572979
5.098320,0.000000,3.298774,2.594218,1.540559,0.000000,0.000000,0.000000,0.000000,0.000000,0.000000
1.847307,6.395942,0.000000,10.332992,0.000000,4.222290,0.000000,1.944521,0.564594,9.612539,0.000000
1.319754,0.000000,0.106202,2.392404,0.359619,3.390803,0.370481,0.000000,0.000000,0.000000,0.000000
17.967516,0.057258,4.406423,2.826428,3.094110,0.000000,0.000000,0.000000,2.818840,2.486867,5.242806
0.000000,2.287786,6.881114,2.300195,6.340357,4.611260,0.000000,1.529635,9.155350,2.585187,3.529348
3.712270,3.335507,3.652846,1.725006,0.000000,1.837807,0.496770,0.000000,0.000000,0.000000,6.331809
0.719092,5.584081,0.000000,6.229253,1.711135,3.889104,0.000000,5.750023,2.879514,3.089724,0.000000
0.921393,0.000000,5.155413,5.965174,6.635495,2.586019,0.000000,2.469890,0.510478,11.289539,0.000000
2.183102,7.289269,4.880782,6.613617,0.000000,0.000000,0.626429,0.000000,4.548161,0.089934,0.000000
9.473815,1.184638,0.088944,5.946997,0.000000,0.000000,0.000000,3.995308,9.051137,2.919753,0.716227
0.000000,0.000000,4.786274,0.000000,0.230283,0.000000,0.000000,6.610841,0.000000,8.145700,16.104243
0.000000,0.000000,0.936273,0.000000,6.328509,1.054683,0.171890,5.086126,1.464971,0.000000,0.000000
6.977697,0.000000,0.000000,1.993279,12.993868,0.000000,0.000000,6.624159,0.000000,0.000000,6.377753
1.374116,5.052248,3.591049,0.000000,0.000000,6.571459,0.000000,0.000000,0.000000,3.987654,0.000000
0.000000,7.205805,0.000000,0.340380,0.000000,0.000000,0.000000,0.000000,3.582146,0.000000,2.388194
5.500200,0.000000,0.000000,4.516096,0.000000,0.000000,8.636163,4.269851,4.991687,6.535260,2.729750
1.106309,0.000000,16.368947,0.000000,0.000000,13.761013,10.214485,3.514314,0.000000,0.000000,0.000000
5.960721,0.000000,1.705463,0.000000,1.186496,8.852359,2.928347,0.000000,1.130738,0.000000,0.000000
0.000000,0.000000,8.118208,0.000000,3.475115,0.443916,3.668547,0.000000,0.000000,6.608136,0.000000
1.569663,0.372203,5.903877,4.366758,1.509543,12.994733,0.000000,0.000000,10.049090,2.556133,4.558433
0.000000,0.000000,2.362454,3.765257,0.000000,0.697646,14.374401,7.322610,4.279551,0.000000,0.000000
1.287389,0.000000,13.413960,0.164031,0.000000,9.973493,0.000000,1.755963,1.112060,0.000000,1.173113
0.000000,4.017732,0.000000,0.000000,0.000000,7.475197,0.000000,11.510305,0.000000,4.372107,1.559791
0.423035,0.000000,0.000000,0.000000,1.824703,6.248954,2.260194,1.531633,0.918007,5.627381,3.691116
7.928700,1.224972,16.710647,5.402044,0.000000,0.361918,0.000000,0.000000,0.000000,1.049288,3.556041
0.000000,10.364217,2.536758,4.570672,13.356305,2.101931,1.608555,3.947857,6.863851,8.908613,2.041798
0.900631,0.691777,0.000000,1.681599,0.000000,0.000000,15.662471,0.000000,0.000000,7.987788,10.698368
5.397228,0.000000,0.000000,3.029447,0.000000,7.120444,4.104308,0.582409,3.563854,4.882409,0.000000
0.000000,0.000000,2.454763,0.608980,7.118199,2.754714,4.248695,0.441160,2.485934,0.877990,0.000000
0.000000,2.424900,4.245985,2.669066,6.537102,2.802899,5.801456,2.650235,4.517750,0.000000,0.000000
3.615607,0.000000,4.582097,0.000000,0.307220,0.000000,5.405115,4.928339,0.000000,0.000000,4.393102
9.117759,5.533706,4.728468,1.930140,11.525540,0.000000,0.000000,5.655195,6.389647,4.423135,8.408995
0.000000,0.000000,0.000000,0.000000,0.000000,0.000000,5.808373,0.000000,1.843804,6.172247,0.000000
5.772214,12.725214,0.000000,0.533027,0.000000,0.978290,1.543629,0.000000,0.000000,6.528448,3.372666
1.886139,0.000000,3.899371,2.487327,0.512633,3.253961,5.807789,0.000000,0.000000,1.997485,3.265321
0.000000,0.000000,6.009215,1.215493,0.000000,0.000000,1.681446,2.013668,7.659049,2.859733,0.000000
3.401312,2.538469,3.284535,0.240190,0.000000,2.218678,5.314284,0.750230,0.000000,0.000000,0.000000
0.331520,0.900393,11.764654,3.285560,0.000000,1.544762,3.493293,0.000000,0.000000,0.000000,0.067637
12.495148,3.113465,0.000000,0.000000,0.000000,0.000000,0.000000,0.000000,3.512495,8.385712,2.840100
2.849666,14.293941,0.000000,6.011453,1.088521,1.440163,0.000000,0.168827,0.000000,0.000000,4.495996
0.000000,0.000000,2.391182,0.000000,0.000000,2.945709,0.000000,0.000000,3.669696,0.000000,0.000000
1.985149,3.967100,0.000000,0.196883,7.099955,0.000000,1.294932,0.000000,0.000000,1.866911,9.642335
5.491481,2.501943,0.000000,5.225032,6.322152,0.000000,6.945423,6.581316,6.519490,0.000000,1.752012
5.610668,3.249378,3.929026,0.000000,0.000000,7.813932,0.000000,4.177806,0.000000,0.000000,0.000000
0.000000,2.680480,0.000000,7.637341,5.552671,0.325571,0.000000,11.019680,0.000000,0.000000,1.062592
6.540122,0.000000,0.000000,0.000000,0.000000,0.000000,6.099001,0.000000,5.034457,0.112540,3.564310
0.000000,6.572574,0.000000,0.000000,0.000000,0.000000,0.000000,2.215431,1.417492,0.000000,0.000000
0.924493,8.769405,11.798601,0.391995,0.000000,1.224440,0.000000,0.000000,2.665251,0.000000,3.822573
0.421809,0.000000,0.000000,6.722741,1.732395,0.171182,0.829121,0.000000,0.906786,0.568587,4.839040
2.186771,0.000000,0.000000,0.782202,0.000000,0.000000,1.728068,16.859591,1.598971,0.000000,0.000000
8.790697,0.726733,14.137719,7.224491,1.600741,7.222263,0.000000,0.849915,0.000000,4.062169,3.158054
1.142676,0.262149,0.000000,0.275552,7.378308,2.358661,12.760155,8.586175,6.122130,0.000000,2.445210
0.000000,0.000000,0.000000,0.000000,0.000000,0.000000,0.000000,0.000000,0.000000,0.000000,15.405096
0.000000,1.677115,0.734915,0.000000,0.000000,7.422079,1.708668,0.000000,0.837917,0.665896,8.589465
0.000000,0.000000,4.727911,0.000000,4.369231,0.000000,7.247045,0.000000,0.000000,1.034762,1.381384
0.000000,5.153885,0.000000,0.000000,1.693262,2.510310,1.282453,1.278574,6.058445,0.783003,1.112956
0.000000,8.280028,4.486701,4.584894,2.199057,3.444301,5.955102,0.000000,3.280635,0.000000,0.000000
1.812323,0.000000,2.583893,3.317175,2.940408,0.000000,0.000000,12.151951,0.000000,0.000000,0.000000
0.000000,3.525275,0.000000,0.000000,0.000000,6.556534,7.414483,8.059968,0.000000,12.760536,3.397760
0.000000,0.000000,0.000000,1.043644,0.000000,1.243826,4.152631,0.000000,0.000000,5.889648,0.000000
0.000000,1.056846,0.000000,6.078477,0.000000,0.000000,0.000000,0.395851,4.776712,19.184899,0.579020
4.961609,0.141408,1.111989,2.410700,0.902028,0.000000,8.878486,0.000000,17.281160,4.087617,0.727255
3.663006,3.015173,2.898620,0.207526,0.000000,0.589260,0.000000,0.000000,1.067197,0.536373,0.000000
2.484256,1.881233,3.400730,0.124342,0.000000,0.000000,1.075318,0.000000,0.000000,0.000000,1.604282
7.769506,0.124703,2.286683,0.000000,0.000000,0.938838,6.475769,2.356659,3.306229,0.536031,2.612091
4.199014,7.438400,0.000000,0.000000,0.535897,4.783626,0.000000,5.042747,3.413495,8.917408,0.000000
0.000000,3.627564,0.058457,4.546022,2.011108,1.557195,1.187828,0.000000,0.000000,13.143695,1.105511
0.413737,0.000000,0.000000,1.355407,0.361145,0.000000,0.000000,1.525659,0.000000,0.000000,0.000000
0.000000,5.752302,0.000000,1.081252,0.000000,0.000000,4.248509,9.786433,12.815167,2.562019,0.000000
0.000000,5.492795,0.440608,0.787325,6.473432,0.000000,0.000000,0.000000,4.105271,7.314600,0.000000
0.000000,0.000000,7.125129,0.000000,3.721560,2.765346,0.000000,0.000000,0.000000,2.520139,0.000000
1.326566,4.627899,0.000000,4.234020,0.000000,0.000000,2.592062,1.677823,0.000000,5.038612,6.823911
4.033619,0.000000,5.265474,0.000000,0.000000,0.275438,0.000000,0.000000,9.177146,1.315483,0.000000
2.262871,0.000000,0.000000,0.325651,0.000000,0.000000,0.000000,1.485497,0.000000,1.946438,4.771239
2.059979,0.000000,0.975370,0.996715,0.000000,0.000000,11.075517,14.074662,1.795565,0.000000,0.000000
0.000000,3.133812,4.824877,1.626879,0.000000,12.524311,0.000000,0.000000,4.575323,0.000000,0.000000
0.000000,0.000000,6.918938,0.474700,0.000000,0.000000,12.948876,0.156407,0.000000,0.876875,0.622065
0.000000,2.728631,2.895158,2.562697,0.487061,4.302300,2.688427,8.700841,4.608420,5.561057,0.000000
0.000000,9.780451,0.000000,0.000000,8.653593,1.500643,0.000000,0.000000,0.911358,0.000000,0.000000
0.000000,5.869927,0.000000,0.000000,0.322342,0.000000,0.000000,0.000000,1.103059,2.541942,0.000000
4.167403,1.475221,0.000000,8.219197,0.980810,0.932465,2.303598,0.000000,0.000000,8.061056,4.743465
5.563556,0.000000,2.524057,0.000000,0.000000,0.000000,1.882798,0.158789,8.453033,4.184219,7.872423
0.000000,0.000000,0.739098,0.056674,0.000000,0.000000,3.071103,1.773009,8.279595,0.000000,0.000000
0.523043,0.000000,1.390952,2.480297,5.451452,0.000000,0.000000,7.892501,0.000000,0.000000,0.000000
1.614817,0.000000,0.000000,0.606300,0.000000,2.374474,2.902053,0.000000,1.159754,3.456421,0.000000
0.000000,2.128104,3.131214,0.738718,3.388205,0.000000,4.164012,0.000000,2.396220,0.000000,0.000000
9.354080,3.465903,0.000000,1.262925,0.000000,10.178859,2.198431,0.000000,8.083041,6.171727,4.242828
0.000000,4.400682,1.484649,0.656021,0.000000,0.000000,1.115463,0.547359,0.000000,0.010997,1.926362
2.320179,0.108873,3.554710,1.157396,0.000000,0.806072,0.000000,0.000000,0.000000,5.326897,1.469434
2.788576,0.000000,0.000000,1.391979,0.000000,3.450428,1.303411,0.000000,0.000000,0.000000,0.000000
0.450688,1.938814,1.564742,0.000000,4.453991,1.091386,4.713225,0.000000,17.265099,0.000000,0.000000
4.405680,0.000000,8.286659,0.000000,3.647491,0.000000,7.457296,0.000000,0.000000,0.000000,0.000000
1.696462,0.000000,5.154898,0.000000,0.000000,0.264252,2.687792,0.000000,0.000000,1.725150,0.232123
0.943200,1.362984,5.714651,0.000000,2.405564,0.440969,0.000000,3.740403,0.000000,5.062728,2.496800
13.317451,0.014428,7.262041,0.000000,1.651516,0.000000,1.638710,0.000000,0.000000,0.000000,1.379850
1.271543,0.000000,0.000000,0.000000,0.000000,0.000000,0.000000,0.000000,0.860889,2.934950,11.504632
0.000000,0.000000,2.941690,5.896727,0.000000,0.000000,0.000000,0.000000,5.125895,0.000000,3.922647
15.943721,0.000000,7.624765,1.083791,5.335031,0.000000,2.129292,5.048575,0.000000,0.000000,0.000000
0.000000,5.792828,0.000000,0.664918,0.311380,4.017861,0.000000,2.891927,0.000000,18.310467,6.689843
0.000000,2.086687,0.000000,5.248436,6.899867,0.000000,0.000000,4.122984,0.000000,0.000000,6.178693
0.000000,0.000000,3.387437,0.000000,2.670557,0.000000,9.983440,1.926291,4.101026,0.000000,0.000000
0.445195,4.114128,10.037469,6.325553,0.030057,0.000000,5.567011,0.000000,1.264336,0.163178,4.960444
0.000000,11.600561,1.752645,1.641224,5.612603,0.000000,0.704654,17.570018,1.312422,9.820874,2.616452
0.672297,0.000000,0.532779,0.000000,0.000000,6.161244,6.799690,0.000000,1.216842,7.081080,8.898221
2.688572,3.761371,0.925883,1.885840,0.000000,2.442760,10.080326,3.448284,0.808394,0.000000,0.000000
0.000000,6.927718,0.000000,6.839794,0.000000,0.000000,10.130054,8.735766,0.000000,0.000000,5.723946
1.492317,0.000000,0.000000,12.075739,1.792923,0.000000,1.123912,5.642986,0.028166,5.574376,3.140303
0.866599,1.464612,0.017091,0.235894,4.215339,0.000000,0.000000,1.021109,0.267465,18.451477,0.000000
0.000000,2.175849,0.000000,1.300536,0.453010,0.000000,0.000000,4.829368,2.500071,0.000000,0.000000
20.721767,2.165591,0.000000,0.529909,1.314605,0.000000,0.000000,5.408909,0.827412,0.000000,9.118178
0.000000,0.000000,2.514610,0.000000,16.793631,6.592129,0.000000,5.948686,0.000000,0.000000,4.419053
2.860756,0.724996,8.871280,0.000000,2.595290,7.234368,0.000000,1.654788,4.624593,2.763839,0.000000
0.000000,0.000000,0.000000,0.000000,0.000000,5.114790,0.000000,0.486789,0.000000,5.018986,1.150596
0.086694,1.908542,11.140415,2.037721,1.421583,4.100768,1.954642,0.000000,0.345295,0.000000,2.323772
1.081100,0.000000,0.000000,2.238319,0.000000,2.574002,0.000000,0.000000,0.969498,1.087099,15.042027
0.000000,0.000000,0.000000,0.000000,4.997835,0.459024,0.000000,2.081518,4.317933,0.985859,0.705905
0.000000,0.000000,0.000000,0.000000,0.000000,0.000000,0.000000,1.329421,5.045241,0.094043,0.000000
2.005847,3.345790,3.400757,0.000000,2.134857,10.289581,0.000000,0.491434,0.280765,1.884550,1.177599
2.272140,0.000000,0.000000,1.843497,0.000000,6.026737,2.437443,6.183268,2.932095,2.949248,0.000000
0.000000,0.000000,0.948162,0.000000,0.685811,0.000000,5.527722,0.258032,2.498568,0.000000,0.000000
11.985002,0.000000,2.843799,0.000000,0.179915,9.347647,0.000000,0.000000,3.890235,2.852438,1.645603
0.000000,0.000000,0.000000,0.000000,0.605229,1.131270,3.256921,0.000000,6.379025,0.000000,3.564972
0.403743,0.000000,0.000000,1.180450,0.000000,0.000000,0.000000,0.161961,1.408811,0.000000,0.000000
0.000000,0.000000,0.402336,0.000000,0.000000,0.000000,0.000000,1.836371,0.684571,0.988272,0.000000
0.000000,0.000000,0.197933,6.899225,4.731059,2.314046,5.807273,0.000000,2.716274,1.114107,4.162701
0.000000,0.000000,0.545324,0.805433,1.108189,0.490128,0.000000,0.000000,0.000000,7.938596,0.895646
1.523206,0.000000,0.000000,1.998688,0.182182,6.779283,0.000000,1.362079,0.079443,1.461657,2.483093
0.000000,0.000000,0.578309,6.400942,0.000000,0.000000,0.000000,0.000000,2.839276,0.000000,8.923350
1.283135,10.122089,1.258372,4.599994,5.920937,0.000000,0.439776,2.089056,0.000000,0.783810,12.501952
1.163983,0.000000,0.000000,6.868687,8.840516,1.487763,0.119207,0.596914,8.357939,0.990045,0.000000
0.000000,0.000000,0.000000,3.170744,2.051208,7.532016,0.000000,2.782393,2.225519,0.089981,0.226974
0.036173,0.332346,9.396136,1.410131,4.359614,0.243570,0.000000,0.000000,0.665546,4.957779,6.340072
1.490107,5.435405,0.000000,8.470481,0.000000,3.928377,0.000000,0.000000,8.321303,0.484257,0.032539
0.000000,0.000000,0.000000,6.633900,0.000000,1.993663,5.921718,4.221169,0.000000,2.299425,5.099607
1.205138,0.000000,0.000000,0.000000,0.000000,0.000000,0.000000,0.000000,5.390860,0.845378,0.000000
0.000000,0.000000,1.044502,0.000000,0.000000,9.289102,0.000000,2.459508,4.680102,0.115026,3.686240
7.197952,0.000000,4.480635,1.807822,2.185148,0.050361,3.383358,3.093325,0.000000,0.200120,5.141268
0.107784,0.000000,0.458739,0.000000,0.000000,0.000000,0.000000,0.000000,9.577744,2.107471,0.000000
0.000000,0.200453,0.000000,0.416792,0.000000,0.000000,3.447652,0.000000,6.480359,0.000000,0.000000
1.468184,9.650906,6.592244,1.408392,0.610513,5.527482,0.000000,0.000000,2.162681,0.000000,1.892832
0.000000,5.374160,0.000000,0.000000,0.567675,0.000000,0.000000,0.000000,0.000000,0.000000,1.169616
2.166845,0.000000,0.953915,3.161604,2.281848,1.572526,0.000000,0.000000,2.431740,0.000000,0.769349
0.000000,1.562930,0.966049,0.000000,0.957344,0.000000,0.000000,0.000000,0.214858,0.000000,3.420603
3.089667,1.890001,0.000000,0.000000,4.925177,0.000000,2.640044,1.537024,0.000000,0.000000,2.551209
3.582524,0.584493,3.021565,1.699871,0.000000,0.000000,0.321919,0.000000,3.998957,0.000000,2.446829
3.053423,0.787374,0.000000,0.763584,4.613674,0.000000,0.783053,0.000000,2.709244,5.511922,0.000000
0.000000,0.000000,0.000000,2.202181,0.000000,0.000000,2.205735,0.161556,0.000000,0.000000,0.891704
7.839541,1.165894,0.000000,2.223848,0.000000,0.000000,0.899378,1.552261,2.568641,1.999501,0.000000
1.223421,6.269696,0.000000,0.000000,2.609075,0.000000,3.120023,1.956674,0.000000,0.000000,5.072151
0.000000,0.880775,1.962993,2.069067,1.781912,1.775312,0.000000,6.095936,2.287746,0.549034,8.015602
0.000000,0.000000,2.867756,4.335046,0.000000,0.000000,1.627239,2.397894,0.644902,0.000000,0.000000
0.832237,2.632312,2.316735,0.000000,5.783005,0.000000,9.963209,0.000000,4.706577,0.000000,2.571686
0.000000,5.790489,0.000000,6.488237,7.611889,0.000000,0.635023,1.978000,1.525017,0.000000,0.000000
0.000000,0.000000,0.000000,0.000000,0.000000,0.000000,0.000000,0.000000,3.051679,3.139549,0.000000
4.378423,0.000000,0.822944,1.748150,5.227552,0.488863,0.777644,0.603434,0.000000,0.000000,0.000000
0.000000,0.000000,0.000000,0.000000,0.000000,0.000000,1.795755,0.000000,4.849252,2.204129,3.252596
0.000000,3.053311,8.658327,0.000000,0.000000,0.000000,0.000000,0.000000,0.000000,0.269648,0.992867
0.000000,0.155327,3.321625,1.657423,1.015663,0.000000,0.000000,5.650094,3.193260,0.000000,1.691204
1.975709,0.710542,0.000000,0.000000,0.535995,5.906736,0.000000,0.000000,0.000000,2.657635,7.661302
5.470732,0.892768,0.000000,1.262860,2.308208,15.561103,0.000000,0.000000,0.000000,0.642756,0.000000
0.735820,0.428965,1.696631,0.000000,0.887883,0.274498,2.446987,2.449796,0.551601,0.000000,4.751563
1.069952,1.524639,0.000000,8.202323,0.000000,6.245430,2.223981,5.914011,1.817572,4.822433,0.045672
0.000000,0.000000,0.156208,2.954719,0.000000,0.000000,0.873111,0.000000,0.860998,0.000000,0.000000
3.575034,4.383792,0.000000,0.000000,1.240520,2.087725,11.343139,1.349064,0.000000,0.000000,0.000000
4.560000,0.897485,0.000000,1.751419,0.000000,0.000000,0.000000,3.648363,0.000000,0.000000,2.236707
0.000000,6.182267,0.000000,0.000000,0.000000,1.907223,1.787432,5.547959,0.000000,0.000000,0.000000
0.000000,1.035219,0.000000,0.000000,3.131173,0.000000,0.000000,1.985966,0.000000,2.470021,1.510228
0.690350,0.000000,2.935972,0.684942,0.000000,1.544453,0.000000,1.177920,0.000000,0.000000,0.823010
3.121272,1.632271,4.055702,2.029267,0.000000,1.078985,0.987787,0.000000,0.481283,1.733721,0.000000
0.000000,0.000000,4.721704,1.898831,3.369436,0.000000,1.220599,5.521146,1.318635,1.723671,4.310693
4.276477,4.331552,2.359393,1.110846,0.000000,0.892260,0.000000,0.000000,0.661578,8.749810,0.247349
2.375166,0.000000,0.000000,0.559551,2.492176,2.834771,0.000000,0.000000,0.465340,0.000000,0.000000
1.838596,0.000000,0.000000,0.000000,3.615221,4.016044,0.000000,2.246251,2.035519,1.092836,0.047212
0.957431,1.783153,2.730554,0.000000,2.169839,0.000000,0.819575,3.368233,1.401647,0.855581,0.774334
0.000000,3.148361,0.171670,1.419859,0.307753,0.000000,4.601775,0.000000,5.597955,0.332824,1.909022
0.000000,2.835368,8.691423,0.000000,3.860407,1.189165,0.000000,0.571089,0.000000,0.000000,0.559068
0.515509,0.413929,0.000000,0.000000,6.369090,15.197888,0.000000,3.912841,0.000000,0.000000,2.020882
0.000000,0.000000,0.000000,1.890937,0.000000,0.000000,0.000000,3.098653,0.000000,2.860775,0.404974
1.920533,0.000000,0.725169,0.903459,0.000000,0.863108,0.000000,0.000000,7.976890,0.000000,0.020843
5.964704,0.331925,0.000000,3.961797,0.213229,4.408491,1.634219,0.000000,1.212832,0.291721,0.000000
0.000000,0.000000,11.162429,0.000000,6.820864,2.653174,1.906621,3.305704,0.000000,1.807609,0.000000
0.000000,0.000000,7.821676,0.000000,0.000000,0.000000,2.166982,0.000000,0.000000,0.000000,0.397207
3.363189,0.000000,0.000000,0.000000,1.349872,0.000000,0.000000,3.762601,0.000000,4.032367,0.000000
0.000000,0.000000,3.222693,3.800804,0.431559,2.162265,0.000000,0.000000,0.000000,5.942927,2.947255
0.000000,6.599857,6.480779,1.025366,0.000000,0.000000,0.000000,0.056327,5.408590,1.565845,1.520915
0.874323,2.055850,0.131409,2.253729,0.000000,0.000000,1.269772,0.496706,0.304009,0.000000,5.266773
0.000000,7.206880,0.000000,0.000000,4.345277,5.851844,2.055538,0.000000,0.000000,0.907232,0.140553
0.000000,8.120479,4.290319,0.000000,2.358958,1.270811,1.546944,0.000000,1.477982,3.029820,0.000000
7.184527,0.000000,0.000000,0.000000,0.000000,4.748735,0.000000,0.000000,0.016200,2.953429,0.000000
0.000000,0.731227,0.000000,0.000000,4.477090,6.858665,0.000000,4.304086,0.726625,1.171940,0.000000
0.089719,0.000000,0.000000,5.415214,2.733664,0.000000,0.000000,0.000000,0.000000,1.253225,6.718338
10.875872,0.000000,0.000000,7.865796,1.563835,0.000000,0.911091,0.000000,0.000000,5.295594,1.708286
0.000000,0.000000,0.116764,0.000000,1.760899,1.549037,0.000000,0.000000,0.000000,0.000000,0.000000
3.381629,0.000000,2.973883,2.617811,0.000000,0.504456,2.416949,4.012722,0.901123,1.532897,4.179814
0.000000,0.023301,1.011461,0.000000,1.205124,0.000000,0.000000,2.848086,0.000000,0.000000,4.326564
6.789925,0.000000,2.431845,0.000000,2.051322,12.989397,0.000000,0.689191,0.870814,0.000000,0.948912
0.000000,0.147335,6.868646,0.000000,2.459673,0.000000,0.000000,2.338058,4.964977,1.323924,0.000000
0.000000,1.850463,3.077534,0.000000,0.000000,0.000000,0.000000,1.944261,0.236052,6.175153,0.000000
0.000000,0.000000,0.139425,0.000000,0.000000,1.968630,1.596007,0.000000,0.000000,1.761084,2.014706
0.000000,4.008602,0.000000,6.317261,4.283940,2.764153,1.414018,9.114295,8.290422,0.762204,4.600690
0.000000,0.444926,0.000000,0.000000,0.000000,0.000000,0.000000,5.126755,0.000000,5.089940,4.585473
1.420127,0.000000,2.106796,0.000000,2.427236,3.961409,2.485442,0.000000,0.000000,3.473349,8.151306
7.283742,4.860117,2.374286,0.000000,1.472305,2.726792,5.882523,4.343663,3.643469,1.929686,0.344567
0.000000,0.000000,0.000000,4.110793,0.000000,0.000000,0.000000,0.762734,8.415151,0.000000,3.683280
2.717617,4.550439,4.246191,0.000000,5.174806,0.000000,0.427695,7.689165,0.000000,0.000000,0.000000
0.000000,5.376483,1.281851,1.873658,0.000000,1.791985,0.389795,0.000000,0.109186,0.000000,0.755884
8.876444,0.000000,0.000000,0.000000,0.000000,5.571450,1.390599,4.595695,0.000000,2.734996,0.000000
0.000000,0.000000,0.000000,0.000000,0.000000,5.713678,3.250929,0.000000,4.496453,0.000000,0.624366
0.000000,0.000000,0.000000,0.000000,4.881060,1.617842,6.064281,0.000000,1.588077,4.638518,0.000000
0.194113,9.225508,5.797036,0.000000,0.000000,0.000000,1.034051,1.715572,0.000000,7.979255,0.000000
1.399150,0.000000,0.000000,6.082745,0.000000,0.000000,0.000000,0.000000,0.000000,0.000000,3.014149
0.000000,0.000000,0.000000,0.000000,0.000000,0.000000,5.273488,0.998037,0.000000,0.000000,2.513875
0.000000,2.411310,1.477790,0.000000,1.186494,0.569375,4.196554,0.000000,0.000000,0.000000,5.165672
0.000000,0.000000,4.154188,0.201315,19.785517,1.824492,0.000000,6.109275,2.566564,6.530853,0.750921
0.000000,12.802018,0.000000,0.000000,0.000000,0.000000,6.820382,0.755749,6.229741,12.690722,0.343932
2.186998,0.000000,0.000000,2.083349,0.000000,6.113427,0.000000,0.975365,10.197041,0.370851,0.000000
2.924067,1.862772,0.000000,0.000000,10.814578,0.669397,0.000000,12.166550,0.756349,9.555074,0.000000
0.000000,8.686649,7.167024,2.665359,0.000000,2.709140,0.000000,0.000000,12.531057,0.000000,0.000000
5.173690,0.000000,0.000000,0.000000,12.732162,7.377719,0.000000,0.000000,0.000000,0.993970,0.000000
0.000000,0.000000,0.000000,0.000000,0.000000,0.000000,0.000000,3.747318,1.773979,0.948121,1.937787
0.000000,0.498310,0.473647,0.000000,5.482935,17.341558,0.000000,0.000000,2.770272,11.459636,0.000000
0.000000,0.000000,0.000000,0.000000,5.474482,0.000000,0.000000,0.000000,0.000000,0.889710,0.000000
0.806336,0.000000,0.000000,0.000000,1.182828,0.000000,0.000000,0.000000,0.000000,1.108438,4.288179
0.000000,5.424928,0.000000,0.000000,0.000000,5.309669,0.000000,0.000000,2.859757,3.438677,0.086925
3.917525,0.000000,0.000000,0.000000,0.000000,0.000000,2.294973,10.552753,0.000000,3.444637,2.724999
4.512321,0.000000,6.349050,6.764265,0.000000,5.502220,0.422674,3.400325,2.896514,9.833374,3.649802
0.000000,0.000000,0.000000,13.170493,1.441890,23.082513,0.000000,5.785191,0.000000,0.000000,7.047253
9.675157,0.000000,2.143821,4.752670,0.000000,8.163580,1.039402,0.000000,2.339722,0.000000,6.932443
0.000000,0.000000,2.119120,1.595786,3.093934,0.000000,0.000000,10.516466,3.731602,5.626826,4.739749
0.000000,4.658500,0.000000,4.023785,9.889112,2.470652,3.435592,0.000000,0.000000,0.000000,2.052476
4.391005,0.000000,2.486917,0.000000,0.000000,0.000000,2.836653,8.742242,1.042823,0.339691,0.000000
0.000000,3.440075,5.983901,0.000000,4.353131,0.000000,4.052080,0.000000,0.000000,0.000000,10.880741
0.000000,0.000000,0.000000,0.000000,0.000000,11.881169,0.000000,0.000000,0.000000,0.000000,0.000000
6.531996,0.000000,0.485808,0.000000,3.632888,1.207118,9.952977,7.476307,0.000000,0.000000,0.000000
0.000000,0.000000,3.068417,0.000000,0.762472,1.272393,2.975090,10.304673,2.267085,1.284376,2.169351
0.000000,0.000000,0.000000,5.053757,0.000000,0.000000,9.983470,2.519703,6.218872,0.000000,10.184624
0.000000,33.546728,3.523095,0.000000,7.326174,0.235737,0.000000,7.878197,1.825665,10.690175,6.194687
0.000000,0.000000,0.774272,3.079368,15.280284,0.405976,5.849899,6.264963,1.823510,0.000000,2.615606
0.000000,6.446734,0.812967,3.577320,3.101934,0.000000,0.000000,13.471152,0.000000,2.334437,0.000000
0.000000,2.854045,1.499469,2.564941,8.446020,1.737249,2.427500,2.528149,0.000000,0.000000,0.000000
0.000000,0.000000,22.017666,3.336234,0.000000,1.234148,0.000000,1.015030,0.000000,0.000000,0.000000
1.449287,2.341440,3.810184,5.724314,1.923892,5.751400,0.000000,0.000000,0.000000,9.353099,0.000000
0.000000,0.000000,0.189898,0.000000,0.000000,7.038117,0.000000,0.000000,0.000000,0.000000,3.332870
2.689285,0.000000,0.000000,0.000000,0.000000,0.000000,0.000000,0.000000,0.000000,0.000000,2.591277
10.510291,0.000000,9.444001,6.721485,4.198294,5.870128,3.534949,8.918529,0.000000,0.000000,0.000000
6.038746,6.389175,0.000000,9.718521,3.294486,3.128971,0.000000,0.867058,0.012647,0.000000,5.485373
0.000000,0.000000,0.000000,0.000000,2.237910,5.946095,0.000000,0.824068,0.000000,0.000000,18.898894
0.000000,1.234903,0.000000,0.000000,3.163044,1.987073,0.000000,13.980106,0.000000,0.000000,0.000000
0.000000,0.000000,2.022467,0.845339,8.448843,8.567339,2.203678,2.621499,5.027572,0.855216,2.806945
16.960258,4.526739,10.809810,1.228392,0.000000,5.455346,0.000000,0.572049,0.000000,8.970911,0.000000
6.903008,0.000000,0.000000,0.000000,10.871345,18.669247,0.000000,4.072439,5.236496,3.545168,0.000000
0.000000,3.790974,0.000000,2.136113,0.406692,0.000000,0.000000,0.000000,9.264948,0.000000,0.000000
0.000000,0.000000,0.000000,1.719671,3.584459,0.000000,0.972720,5.202698,3.251073,1.810522,2.465437
7.097898,0.000000,0.000000,0.000000,0.000000,0.000000,5.616221,0.000000,3.188386,14.845353,0.000000
1.569075,0.000000,4.305310,0.000000,0.066767,0.000000,0.000000,1.595516,0.000000,8.100710,0.000000
0.000000,0.000000,0.000000,0.000000,0.000000,0.000000,1.902724,2.731025,1.584105,0.000000,0.000000
0.361248,0.000000,0.000000,0.000000,1.130552,0.000000,0.000000,2.331053,2.142506,0.000000,5.474406
0.000000,7.288268,2.068923,15.152546,4.031719,2.366777,0.148119,0.000000,0.960625,6.886478,3.858253
3.596108,8.555151,3.623947,4.824156,0.000000,0.000000,0.000000,0.000000,3.473005,0.000000,1.182487
0.000000,3.221032,0.374246,13.303042,14.202009,10.545036,3.375627,0.707607,1.268955,0.000000,4.847056
0.000000,15.305071,0.000000,12.338513,10.652730,0.223614,0.000000,0.000000,4.979645,3.886582,0.000000
0.000000,2.665019,0.000000,5.363763,3.946502,0.000000,0.000000,6.964932,0.000000,0.000000,6.056070
0.813361,0.826598,3.041581,0.835052,0.000000,1.834842,0.000000,0.000000,3.154178,2.452271,5.064020
3.217259,6.573655,1.102434,2.156137,7.442686,0.000000,0.000000,2.245596,11.275918,0.000000,0.000000
11.275245,1.464408,0.000000,6.719653,2.711652,4.369208,7.216825,7.424697,0.000000,0.000000,0.000000
2.308911,1.273839,0.000000,3.210233,1.037785,0.702852,0.000000,0.000000,9.014390,0.000000,3.464694
0.837662,0.000000,0.000000,1.587759,1.825377,3.439579,0.000000,0.000000,8.399492,0.000000,10.409473
2.587150,7.129052,0.000000,0.000000,5.269573,5.839586,8.208399,0.000000,0.000000,1.260435,0.000000
0.000000,5.868192,0.275260,6.543857,1.098615,0.000000,12.910979,7.174826,0.000000,1.910267,5.579327
10.091111,5.201943,0.807873,0.000000,2.889718,1.581294,2.434205,6.040078,1.152609,7.814618,0.000000
2.129951,0.000000,1.580244,0.000000,7.422286,9.161203,4.388194,2.546026,10.345742,0.000000,12.051042
0.000000,0.111439,0.000000,0.000000,2.613535,0.000000,8.032093,4.760536,0.000000,0.000000,0.000000
0.000000,0.443683,0.000000,4.165526,0.000000,0.000000,0.000000,0.000000,17.090694,0.000000,0.000000
0.000000,0.000000,0.000000,4.213876,0.000000,4.025655,4.717014,0.000000,10.385910,0.000000,0.000000
0.000000,2.847202,0.000000,0.000000,4.287072,4.798255,0.000000,0.000000,0.000000,6.124469,0.960961
0.000000,3.259909,4.990813,0.000000,0.000000,0.000000,8.038174,0.000000,15.638961,0.168580,0.000000
0.000000,0.000000,0.000000,0.000000,3.553953,1.533216,0.667814,3.494949,0.000000,6.098205,1.871434
1.784637,3.180809,10.173594,0.000000,6.902197,9.972899,3.845713,5.344052,3.096738,0.000000,5.403493
0.000000,0.000000,0.000000,3.144522,6.023350,5.916394,6.764747,0.567327,1.947207,16.313778,0.000000
2.478306,0.000000,2.534626,0.000000,0.000000,3.495590,8.946113,7.345096,4.642519,0.000000,0.000000
6.308740,6.240026,0.000000,6.910504,0.000000,4.964932,1.943652,30.823257,26.393469,0.000000,1.090931
8.496577,16.205327,9.158654,0.000000,7.076836,30.090085,11.323544,0.000000,8.682953,0.000000,0.000000
0.000000,1.858395,11.090699,0.000000,3.508838,7.095641,0.000000,17.204114,6.098512,0.709015,0.000000
5.946762,0.000000,0.715240,5.858830,11.396195,0.000000,0.569374,0.000000,0.000000,24.602625,7.356250
0.000000,0.000000,11.751911,3.720793,0.953875,9.885229,6.829049,4.874232,7.975862,5.573754,0.000000
0.000000,0.000000,1.196258,2.371075,0.000000,0.123550,10.184500,3.217898,0.000000,10.255425,0.000000
0.000000,7.292624,2.445393,5.310786,0.000000,0.000000,3.961298,4.134731,0.665461,0.000000,5.515509
4.656602,0.000000,0.000000,0.000000,0.000000,0.000000,0.000000,2.576594,0.000000,3.539674,0.000000
0.000000,0.000000,5.732282,0.000000,7.778345,2.381899,9.916990,3.094078,0.000000,1.812150,0.323021
0.000000,4.993374,5.717879,0.000000,0.000000,3.981025,2.904008,2.959769,0.000000,2.013269,6.111720
2.362060,0.000000,0.000000,4.731845,3.545509,0.000000,0.000000,0.990334,8.087467,0.000000,0.000000
4.077062,0.539024,3.077239,3.507774,8.401149,0.000000,10.069848,8.323416,10.145588,1.271217,0.000000
8.349274,1.939623,3.189178,0.000000,5.996423,3.065872,0.000000,10.615212,0.135730,0.000000,0.000000
0.000000,8.665830,0.000000,1.057561,7.499145,3.969601,0.000000,0.763045,2.671583,0.000000,0.000000
0.000000,0.000000,7.366461,0.349245,0.000000,1.034437,9.153100,0.000000,0.000000,0.000000,6.833566
0.000000,6.015553,0.000000,14.887558,6.997348,0.000000,0.000000,0.076148,0.000000,20.937789,3.131994
3.644143,0.000000,0.000000,5.370181,4.940586,3.023637,4.405596,0.000000,5.582858,4.039163,0.000000
3.048009,0.000000,4.500352,0.000000,0.817712,1.661551,0.000000,0.000000,0.000000,0.000000,27.737909
2.108430,6.423300,0.000000,3.897689,0.000000,0.000000,0.000000,0.000000,0.000000,2.650250,0.000000
19.022649,10.194273,1.531909,0.000000,2.804614,0.000000,9.157441,1.030072,25.913828,5.513527,0.000000
0.000000,2.518833,6.466364,0.129398,2.588752,0.000000,4.858897,11.011124,1.114031,6.628394,0.000000
9.568026,2.754311,0.000000,0.000000,0.000000,2.208200,2.684059,5.313115,0.000000,0.457556,0.000000
8.830132,3.774230,2.794049,9.513078,11.868696,10.060465,0.000000,3.036106,1.947345,1.707167,2.333223
3.504007,0.000000,0.000000,0.000000,11.832593,8.521377,2.056284,0.000000,3.008319,0.000000,0.094279
0.000000,0.000000,17.034599,0.000000,1.643859,9.210227,0.000000,4.740236,0.000000,1.824421,0.000000
0.716609,1.361268,0.000000,1.203705,4.288059,11.454427,0.000000,1.898390,0.461343,0.000000,2.242831
0.000000,0.000000,0.000000,0.000000,0.000000,2.373684,4.467760,1.668769,11.255838,3.946096,6.781053
1.643265,0.560019,1.500696,4.251280,0.000000,0.000000,0.000000,0.000000,3.595278,0.000000,0.000000
0.000000,0.808406,5.895853,5.132612,8.304720,12.666141,0.000000,4.526967,0.000000,11.314930,0.000000
0.000000,3.045536,8.714994,2.538610,0.000000,5.036697,5.565920,0.000000,6.233348,1.950473,1.687215
0.000000,0.000000,0.000000,2.499787,2.377854,0.000000,0.000000,1.780546,0.000000,14.338707,0.000000
0.677784,8.904830,0.000000,5.195708,9.762873,0.000000,10.203743,0.000000,2.823443,7.549708,4.015487
0.000000,8.167787,1.579437,0.000000,0.000000,0.000000,0.000000,3.442572,13.469391,0.000000,0.000000
2.552085,2.828396,0.000000,5.640812,0.000000,0.835287,5.504203,0.000000,0.000000,1.548414,0.168602
0.000000,0.000000,0.000000,0.000000,10.940766,0.000000,6.019927,0.000000,1.793877,0.531790,0.000000
5.220303,5.698445,5.115425,0.000000,0.000000,0.000000,1.054844,1.530269,7.889186,0.000000,0.000000
1.527120,0.000000,0.000000,0.000000,0.000000,0.000000,4.672390,0.000000,0.000000,0.000000,0.000000
25.594271,0.000000,7.970548,8.371776,0.000000,6.423053,0.000000,1.283501,4.162976,0.000000,0.000000
9.517178,18.275613,0.000000,1.502024,0.000000,1.010460,2.406503,0.000000,8.954044,8.797649,0.000000
9.564582,1.630918,2.834155,0.000000,0.000000,0.000000,0.000000,4.106558,0.000000,0.000000,9.723001
0.000000,0.000000,9.213049,7.191341,0.000000,0.000000,0.000000,5.868106,0.000000,0.000000,0.000000
0.000000,0.000000,2.230331,1.887410,0.000000,0.003071,0.000000,0.000000,8.858144,0.325740,6.271323
0.000000,0.037345,3.922972,0.000000,2.521861,0.296226,0.000000,0.000000,3.634662,12.966525,0.000000
0.000000,0.000000,0.000000,11.987791,0.787760,1.294668,3.792916,0.000000,5.088500,0.000000,4.747252
0.000000,2.722753,0.000000,0.000000,8.599094,2.963120,4.651629,3.965940,0.000000,2.770558,0.000000
17.403898,8.516490,0.000000,1.123149,0.000000,3.550975,13.968503,0.000000,12.200033,0.000000,5.784483
0.822546,1.662782,0.000000,0.000000,0.000000,2.328256,4.753011,7.084180,0.000000,0.000000,15.188578
0.000000,0.000000,4.443084,0.906872,19.034811,5.626850,6.250721,0.000000,0.000000,0.000000,0.000000
1.052352,0.000000,0.000000,0.000000,0.000000,6.504858,5.106008,5.270553,12.771175,17.193562,0.000000
0.000000,0.943683,0.000000,0.000000,0.029944,3.312111,0.000000,14.352189,5.167887,2.497440,0.000000
1.601392,0.000000,0.000000,3.030869,0.000000,6.907435,4.839348,0.000000,5.073149,3.640276,0.000000
0.000000,9.259434,0.123891,14.751237,4.876091,5.206863,3.500476,1.352156,0.000000,11.480401,6.824029
1.133665,5.063419,1.041325,2.624323,3.764549,3.774014,0.000000,14.831876,7.890563,3.167055,13.086774
0.000000,0.709813,5.193739,8.644500,4.836138,0.000000,2.706090,0.000000,0.000000,1.256595,0.000000
1.009980,0.000000,0.000000,4.955432,1.859456,0.000000,18.292146,8.396132,0.000000,5.074506,4.199664
0.000000,3.536129,2.925265,8.310331,0.995501,3.394314,0.000000,3.220470,3.886246,0.000000,0.000000
1.083077,4.211547,0.000000,0.943564,6.187023,3.136252,0.000000,0.000000,0.758140,3.453396,1.322891
0.000000,0.000000,0.000000,0.249507,0.000000,0.000000,1.999606,1.326727,0.000000,0.000000,6.120039
2.137577,2.941233,8.035089,4.791126,0.000000,0.000000,0.000000,5.060059,6.676885,0.000000,4.752435
0.000000,3.415795,0.298266,5.224044,3.513817,0.000000,0.000000,3.956312,2.989115,0.000000,2.384559
2.370454,0.000000,0.774029,8.747771,0.000000,0.668267,0.000000,0.000000,0.633058,1.499994,0.000000
0.000000,2.660668,0.366309,0.157629,2.242775,2.084475,0.000000,0.000000,0.000000,0.000000,5.566033
2.679635,7.641972,0.000000,1.398287,12.537078,0.000000,0.000000,0.000000,0.000000,0.000000,2.335323
0.396119,0.000000,0.000000,0.000000,0.000000,10.356559,0.000000,1.087787,1.062932,2.105162,14.582102
2.989756,0.000000,0.000000,0.000000,1.427394,3.022079,1.361457,0.000000,0.000000,0.000000,9.123004
1.858160,0.000000,2.257676,1.445320,2.564091,0.000000,0.000000,3.879484,4.487279,16.900158,13.933845
0.065465,0.000000,0.000000,20.484988,5.082728,6.330324,0.000000,5.596205,0.000000,0.632379,0.000000
0.000000,15.142311,3.437629,2.221958,18.359595,0.000000,0.565285,5.812843,2.165961,1.114456,0.000000
0.179252,0.000000,2.373460,0.000000,10.583790,0.000000,1.386780,0.000000,0.000000,0.000000,0.000000
6.143870,0.000000,1.380237,0.000000,7.364012,2.548885,2.559676,2.569969,1.487088,2.164596,16.650299
0.000000,4.241810,9.386523,0.000000,6.485569,2.385329,0.880415,16.292594,0.000000,0.000000,0.000000
1.814079,0.000000,0.256511,0.000000,8.046727,0.000000,14.828364,0.000000,0.000000,0.853407,0.000000
0.000000,1.025771,14.737732,1.983126,0.281620,16.897529,0.000000,19.316270,0.000000,13.118258,4.891873
8.871656,6.435425,7.194388,0.000000,0.000000,0.154721,0.000000,0.000000,0.000000,7.395237,0.000000
6.629549,0.000000,0.000000,0.000000,0.000000,3.062246,0.000000,1.171359,0.000000,0.000000,0.000000
0.000000,5.574494,4.159946,8.492452,8.040893,0.000000,0.000000,0.000000,1.937098,0.000000,4.015563
0.000000,0.000000,0.000000,14.661324,0.000000,1.580568,14.625502,0.000000,0.000000,3.766735,0.000000
1.782526,7.365501,2.083595,0.000000,8.402152,1.559741,0.000000,5.162626,0.000000,0.000000,4.164388
0.000000,0.000000,0.000000,0.413726,0.000000,4.209980,0.000000,0.000000,0.000000,0.000000,4.501627
10.249167,0.000000,0.000000,0.000000,0.000000,1.055519,0.000000,3.519587,28.400823,0.000000,3.211703
0.284621,0.000000,1.418606,2.358053,0.000000,0.000000,3.958057,0.254493,0.000000,2.393295,1.877862
1.545068,5.435875,0.000000,0.000000,0.000000,0.000000,0.000000,3.202656,5.198756,0.000000,0.638822
0.000000,0.000000,5.633297,0.533169,1.249242,9.090298,0.000000,7.772204,8.988722,0.000000,0.000000
0.000000,0.000000,1.669554,0.033669,6.732614,0.000000,6.499910,0.000000,0.000000,6.320780,2.680072
5.027940,0.000000,0.000000,0.340208,0.000000,0.000000,0.000000,0.000000,0.000000,0.000000,0.000000
0.086659,0.000000,0.000000,5.471273,4.847719,7.069410,0.000000,5.542473,6.520135,0.000000,0.000000
1.928328,0.000000,3.157507,0.924153,1.144157,0.000000,6.541167,18.510932,0.000000,0.000000,10.259419
0.890256,0.000000,0.000000,0.446301,0.000000,24.305036,0.000000,5.353384,6.894950,0.000000,0.000000
11.981455,2.760123,0.000000,0.000000,0.000000,0.000000,5.360887,0.000000,0.000000,0.000000,0.000000
5.867921,6.318526,8.388888,0.000000,4.062594,6.156759,0.000000,0.753489,12.718456,0.000000,0.000000
4.738565,0.000000,5.027961,0.000000,0.000000,0.000000,6.799143,0.000000,0.000000,5.305724,0.855408
2.621949,8.727777,11.973656,2.048536,1.126434,0.000000,4.429318,0.000000,0.000000,2.612312,0.000000
10.131645,0.000000,2.089721,0.000000,2.630239,6.416215,8.317015,0.000000,0.000000,1.074133,1.030601
7.395670,5.502342,1.449349,0.000000,0.636705,19.221730,0.000000,5.948491,18.813112,0.000000,2.214067
0.000000,0.649046,0.000000,0.000000,3.308714,0.000000,0.000000,0.000000,0.000000,13.201111,0.000000
6.406703,3.143588,2.731331,0.000000,4.721752,0.000000,4.444979,0.000000,3.839379,1.136231,0.774683
0.633130,7.592588,0.000000,0.000000,2.211076,9.545859,0.828350,0.000000,0.536635,0.000000,8.912511
0.000000,1.149499,0.000000,0.000000,0.000000,0.774687,0.000000,0.000000,0.000000,6.411674,0.000000
4.124665,0.000000,0.000000,0.000000,9.557115,5.470923,4.201416,0.000000,5.811148,0.000000,13.271712
0.681027,5.287329,1.548687,0.557266,2.490047,0.000000,0.000000,0.000000,7.541044,0.000000,7.081591
1.751816,0.000000,0.000000,0.562645,3.173527,0.000000,0.000000,0.000000,0.000000,0.000000,0.000000
0.315592,10.835534,0.000000,0.000000,0.000000,0.355701,0.000000,2.332801,6.033255,6.432713,4.726079
1.390347,4.935346,13.960020,4.191041,0.000000,5.965961,3.088843,0.000000,2.605500,1.369928,11.186183
17.669033,3.916632,0.391670,0.000000,0.034321,0.000000,0.000000,0.759637,0.000000,0.000000,0.000000
5.564641,4.182033,0.000000,1.001694,3.874525,2.517165,8.969962,0.000000,14.365762,29.181597,0.000000
4.795028,0.703434,0.000000,6.154335,3.285548,5.195851,4.280158,0.000000,0.000000,0.000000,1.498071
0.000000,0.000000,0.000000,2.648586,7.479325,3.093369,6.212086,0.000000,5.675156,3.502458,0.000000
0.000000,0.000000,0.000000,0.000000,0.000000,0.000000,10.868541,0.448993,0.000000,6.600322,0.000000
0.000000,0.000000,2.926169,0.000000,0.182537,1.327235,0.000000,0.000000,0.000000,2.565798,0.000000
5.617344,0.000000,0.000000,0.551900,2.974970,0.000000,0.102522,15.590146,3.352561,0.000000,0.000000
3.319197,1.658379,12.726228,0.000000,0.000000,1.925810,0.000000,2.328698,13.586160,0.068128,2.309974
2.369161,0.000000,7.933975,0.000000,0.000000,7.592000,19.616970,2.016924,0.000000,0.000000,0.498586
0.000000,1.166351,3.462206,3.097541,0.987217,1.025289,6.535323,9.424653,0.000000,3.622857,6.312969
6.738918,0.000000,0.000000,14.305204,0.000000,4.070942,0.108349,3.158617,4.274873,12.839229,2.337426
1.111064,2.078087,0.670498,1.779377,5.105750,0.000000,0.000000,0.000000,13.812229,1.426352,8.910385
0.214646,0.000000,3.033567,0.000000,0.461114,1.739300,6.060678,2.184996,9.161182,2.046650,4.102179
0.000000,0.000000,0.000000,0.000000,0.875102,0.000000,0.000000,0.000000,0.000000,7.530827,3.690224
3.888799,3.724460,0.627650,0.000000,2.708729,2.824123,0.284737,7.624538,26.112065,0.000000,7.894798
0.000000,3.681988,4.775509,0.000000,1.884431,4.408395,0.000000,9.473472,0.000000,0.000000,2.809117
0.000000,0.000000,0.000000,0.000000,0.000000,2.279882,7.665814,8.620947,3.210749,0.675300,0.000000
16.009640,4.485464,8.344328,0.000000,0.000000,3.075050,7.435248,0.000000,2.689885,0.000000,0.000000
1.369558,0.000000,0.483828,8.300957,0.000000,10.361765,2.850297,3.641292,0.000000,0.730748,5.618319
12.363389,0.000000,6.358565,0.000000,0.000000,0.000000,8.924585,0.000000,4.126680,0.000000,0.525051
5.888793,0.000000,9.975350,0.881430,5.448584,0.000000,0.000000,0.000000,1.272999,0.000000,0.000000
2.532233,10.166693,0.000000,0.000000,0.823586,0.000000,0.000000,3.245448,0.000000,0.686167,0.000000
9.019507,3.371581,12.049438,1.974715,4.851333,8.048294,1.474493,3.443364,8.468970,6.656365,0.000000
3.659320,0.110733,0.000000,0.000000,3.086083,2.976284,0.000000,0.000000,0.000000,1.920905,0.000000
0.851801,8.684331,1.908981,0.505416,12.479550,0.000000,1.317849,0.000000,19.071216,0.000000,0.000000
0.000000,7.598401,0.000000,6.600738,0.000000,3.920024,0.000000,2.144743,4.214971,0.000000,0.000000
0.000000,6.440409,1.437755,1.957716,5.637040,5.060137,0.000000,1.463766,7.588325,0.000000,0.000000
0.000000,6.870007,0.000000,0.303461,3.692794,0.000000,15.565346,0.000000,0.000000,2.807396,8.203060
0.000000,1.558422,0.000000,0.000000,8.149376,0.000000,0.000000,3.542563,5.721741,4.524189,1.937401
0.829332,0.000000,7.338463,7.708056,0.000000,0.993669,7.407453,0.000000,0.472549,6.921094,2.021351
0.000000,0.000000,2.539956,0.000000,3.049222,2.263926,13.418201,10.398465,6.946865,0.000000,1.852083
7.601037,2.658020,3.697207,5.444585,4.378868,0.000000,5.297141,0.000000,0.000000,0.217534,0.771476
1.864631,4.222491,0.000000,0.000000,0.000000,0.566970,4.379031,0.000000,12.525045,0.000000,6.639226
5.435696,0.000000,0.000000,11.257963,0.000000,1.318951,11.122194,0.000000,1.846411,2.974013,6.971554
0.000000,1.796074,1.168478,2.920972,0.000000,8.967552,1.947963,2.371154,1.573779,0.000000,0.000000
0.000000,5.744702,1.294031,1.559189,2.285765,0.000000,4.631945,0.000000,0.000000,0.000000,16.121594
7.165500,5.420727,0.518450,0.000000,0.000000,0.000000,0.000000,0.000000,0.000000,0.000000,7.958308
0.000000,0.000000,0.371077,4.882936,0.000000,0.000000,3.593878,0.000000,0.000000,0.000000,0.000000
0.000000,0.578580,2.915149,2.106439,0.000000,0.000000,7.446884,0.000000,1.992747,0.232603,0.092651
4.638323,1.263846,0.000000,0.000000,0.000000,0.000000,1.274641,1.238565,2.243186,4.406537,0.942648
0.000000,0.000000,3.618216,2.320913,1.571951,0.000000,7.963130,1.518601,1.036994,11.010140,0.000000
0.000000,0.000000,0.000000,0.000000,0.000000,0.000000,0.000000,2.824394,0.000000,1.199353,0.000000
12.732544,1.866115,2.999278,5.151411,0.000000,0.000000,0.299961,0.000000,7.233752,6.165650,0.000000
0.919850,3.886075,0.000000,0.000000,9.461490,0.000000,4.772297,0.000000,2.616283,7.615713,2.885408
4.692216,0.000000,3.886884,0.861717,0.000000,0.000000,0.000000,0.000000,1.709293,0.264164,0.000000
1.299963,0.533981,2.032492,0.000000,2.974038,8.179167,10.259081,0.142857,0.000000,0.000000,0.000000
0.000000,4.091580,0.000000,1.415824,0.000000,1.079108,6.351124,0.000000,0.000000,1.235258,8.062074
2.352840,4.547053,4.678560,2.500827,0.000000,1.759570,5.706339,0.000000,0.000000,0.154975,1.758961
0.000000,0.000000,0.000000,2.023500,5.153233,0.228730,1.427680,0.000000,2.137206,0.000000,0.000000
0.000000,0.588401,7.287737,0.000000,0.000000,0.960438,0.000000,0.000000,2.090373,0.000000,5.126677
0.000000,0.767765,5.436934,0.068694,0.016627,0.000000,0.000000,0.996888,0.645386,11.018247,1.709672
0.000000,0.000000,0.000000,0.570276,0.274894,0.000000,1.230096,5.155726,0.000000,4.037051,0.000000
2.368389,3.408449,2.099673,9.440779,0.000000,0.000000,9.334142,0.000000,4.854164,0.000000,4.604839
4.282599,0.675271,1.525276,1.776451,0.000000,0.000000,0.000000,3.189615,0.000000,3.990175,0.000000
1.466739,0.000000,0.000000,7.798893,0.000000,0.000000,10.420332,0.000000,5.163332,0.000000,0.000000
0.000000,0.000000,0.000000,0.000000,1.937305,0.000000,0.000000,1.256143,0.000000,0.312934,0.000000
0.000000,2.591961,1.156314,5.688865,0.000000,0.967432,4.337307,1.682038,0.000000,0.000000,3.589830
0.000000,0.000000,0.000000,0.000000,0.000000,1.414279,0.000000,0.000000,0.255844,0.000000,0.000000
0.000000,0.619578,3.047680,1.077592,0.202637,0.214280,0.777316,0.000000,0.000000,0.000000,4.438800
4.559380,0.251351,0.000000,0.000000,4.676948,1.030666,0.578342,0.000000,0.000000,2.590004,2.199399
0.000000,3.110859,1.170603,1.445462,3.368610,0.000000,0.313750,5.138835,0.000000,0.000000,2.358189
0.630278,1.588960,1.071946,1.250729,0.000000,1.371839,2.966863,0.000000,10.180690,6.349015,0.000000
2.539459,1.193095,0.000000,0.000000,0.000000,0.000000,5.946865,0.000000,5.384629,0.000000,0.000000
3.784435,6.998783,0.000000,0.000000,0.000000,2.917524,0.000000,0.204687,7.305215,0.000000,0.000000
0.000000,1.714680,0.000000,2.106255,0.305759,0.484401,0.000000,0.000000,5.464496,0.000000,0.000000
5.794957,0.000000,6.356240,0.000000,1.213347,0.000000,0.000000,0.000000,0.000000,4.080556,0.445320
9.059977,2.480187,7.193514,6.042924,0.000000,0.000000,11.995527,4.942341,3.852221,6.112626,0.071907
4.268363,0.000000,6.156743,0.000000,0.000000,4.468768,0.809888,0.000000,0.000000,3.294436,1.416853
0.000000,0.000000,1.441414,9.637223,0.000000,11.020575,0.000000,3.029888,8.046063,3.263018,1.002026
2.030917,2.823229,5.491134,1.242360,3.547610,0.000000,1.134061,2.175538,0.607487,0.000000,0.000000
3.404502,0.000000,7.942656,0.000000,0.000000,8.828643,0.000000,5.354915,4.542796,5.998138,0.000000
2.469007,0.354403,1.670445,0.000000,0.647137,1.184274,0.464292,0.669486,0.000000,7.869314,7.271064
0.000000,0.000000,7.633458,0.000000,0.276727,1.015813,0.624861,7.152065,0.000000,0.000000,1.797190
0.000000,0.954819,0.613687,0.000000,2.934944,0.000000,0.000000,4.383850,1.811457,3.043550,0.000000
0.000000,0.000000,19.259049,0.000000,11.721336,0.000000,0.000000,0.850433,5.992846,4.934043,0.000000
4.053359,0.000000,5.685775,1.777532,4.181044,2.466637,1.778404,0.344964,2.410088,0.000000,8.186332
0.000000,4.628834,2.183293,0.000000,1.900793,0.000000,0.755179,2.318479,0.000000,0.000000,0.000000
0.000000,0.260158,0.000000,0.000000,1.050907,0.000000,3.806144,6.032412,0.000000,0.000000,12.123112
0.000000,1.873394,0.000000,2.921218,5.157058,3.895239,0.199498,0.000000,1.711703,7.701094,1.094894
0.000000,0.000000,1.309060,0.000000,0.317331,0.000000,4.421168,0.273152,0.000000,0.000000,0.000000
0.000000,2.658695,3.470994,1.333620,0.000000,3.590903,4.260019,0.000000,0.491447,0.021097,0.000000
0.000000,0.000000,4.255466,0.000000,0.379930,0.000000,0.164564,10.185826,3.289754,0.000000,4.071180
2.095037,12.561829,0.000000,2.773913,5.891977,2.691465,0.412136,0.366580,11.055714,3.850211,8.959120
0.000000,0.000000,6.780051,4.995425,1.411371,0.000000,0.000000,11.355918,5.665603,6.598978,0.000000
3.502289,1.871093,0.000000,5.046071,0.000000,0.000000,0.000000,0.892397,4.748796,8.484636,2.534392
0.952841,0.000000,2.215979,7.349333,7.037378,0.593910,6.399346,0.000000,0.000000,6.879606,0.604027
0.000000,0.683210,9.943000,0.000000,0.797094,0.912885,3.639809,0.000000,0.000000,0.212366,4.329278
10.608036,0.000000,10.350530,0.000000,5.521708,0.000000,0.000000,3.237428,0.000000,0.000000,0.000000
0.453816,1.070931,0.644859,3.188593,5.108339,2.938676,14.005899,0.000000,0.000000,0.000000,0.000000
0.000000,0.000000,2.331783,0.000000,0.000000,0.000000,1.176668,0.000000,0.324642,0.000000,2.013341
0.000000,0.000000,0.000000,0.000000,5.497411,0.000000,0.000000,1.524421,0.000000,0.170143,0.000000
0.000000,8.226285,0.000000,0.000000,0.000000,5.498048,9.110660,0.000000,3.184577,4.950554,0.000000
1.409300,0.000000,0.000000,0.000000,0.368592,2.059446,0.539311,0.202585,0.000000,4.763823,5.384360
0.000000,0.000000,0.000000,11.826153,4.327844,0.676419,1.716957,1.425922,1.788070,0.000000,0.717083
1.072608,0.000000,0.000000,0.000000,0.000000,0.000000,0.000000,2.475296,0.000000,0.000000,0.000000
0.000000,0.000000,11.625502,0.000000,6.472441,0.000000,0.710701,3.190832,2.308681,0.000000,7.575029
0.000000,7.875067,6.537985,0.000000,0.096988,0.000000,0.000000,0.600217,0.000000,3.105248,5.912230
0.982040,2.464629,7.581969,0.000000,1.754205,0.000000,0.169814,0.525050,0.000000,0.000000,1.186909
0.000000,1.531636,0.000000,0.000000,0.000000,0.000000,0.984769,0.000000,0.000000,0.000000,0.000000
0.000000,0.420458,5.231989,0.000000,2.156149,6.455401,0.000000,0.000000,0.000000,5.592342,3.188239
0.000000,4.619270,0.000000,0.000000,0.000000,0.000000,0.000000,0.090886,5.826921,0.000000,0.000000
0.000000,2.095993,1.316223,0.520927,0.000000,0.000000,0.000000,0.000000,4.123538,0.000000,0.000000
0.155458,4.563647,0.956886,0.000000,0.000000,0.000000,0.464419,3.046805,0.000000,0.000000,0.000000
2.878270,0.156968,0.000000,1.131012,0.455474,0.000000,0.000000,2.324967,7.119168,0.698409,0.000000
1.269288,0.000000,0.000000,0.252462,7.492499,2.063166,7.810430,0.000000,0.000000,3.427715,0.000000
0.000000,0.000000,0.716041,0.530694,0.000000,0.000000,0.000000,7.411795,1.128743,6.069261,0.000000
1.288893,0.000000,0.622856,0.986308,0.000000,0.256216,2.375077,0.000000,0.000000,1.567954,0.000000
0.591504,1.021399,0.000000,11.335989,2.559279,0.000000,0.000000,1.405531,0.000000,2.582171,0.000000
5.430327,0.000000,0.000000,1.076658,0.000000,0.000000,1.360944,1.437706,0.539274,0.000000,7.973980
0.000000,14.240425,0.000000,2.036365,0.000000,2.367188,0.000000,5.357573,0.000000,0.000000,1.074155
8.132866,0.579455,2.031385,5.692438,0.000000,0.092151,0.000000,2.562118,20.762219,0.000000,0.000000
2.572998,2.212024,0.000000,0.000000,6.383285,1.197256,0.000000,3.026802,0.000000,11.002405,0.891994
7.870857,2.798041,5.853950,0.000000,0.000000,0.071529,0.000000,4.276207,0.000000,0.000000,0.000000
0.000000,0.000000,0.000000,3.830051,0.000000,0.000000,4.696465,8.904734,0.000000,2.094816,0.000000
2.659711,0.000000,0.000000,8.428474,4.120201,0.000000,0.000000,2.451761,0.000000,0.000000,1.395372
0.000000,1.986211,0.000000,0.000000,2.092660,0.000000,7.946274,1.072252,4.379346,0.000000,3.949732
2.823572,8.292838,17.524650,0.000000,1.282571,2.055578,2.794893,2.535946,0.000000,9.297585,5.643474
2.502647,4.399793,0.000000,0.000000,0.000000,6.958073,1.168789,0.000000,0.000000,0.269929,0.000000
0.000000,0.000000,5.884727,0.000000,0.168695,0.000000,0.343651,0.000000,1.672499,5.066927,3.755073
0.000000,1.420440,0.000000,0.308624,0.000000,0.643845,0.580121,0.257405,0.000000,8.550413,1.934823
0.031958,0.000000,0.677200,4.822637,3.002334,5.336591,0.000000,7.251445,0.000000,1.345212,4.387698
0.000000,5.930942,0.000000,0.000000,0.000000,2.333566,1.816550,1.898419,1.185356,3.607002,0.581772
0.000000,1.638255,0.883441,1.416099,1.041373,0.000000,0.000000,5.002513,0.996460,0.000000,2.199375
0.000000,1.080871,0.000000,5.738804,3.570897,2.128187,0.000000,5.404844,4.281243,0.000000,0.000000
11.112595,1.065023,10.615594,4.868902,0.000000,0.430214,0.000000,1.548346,1.192449,0.000000,0.000000
5.752153,0.000000,0.000000,5.543750,1.467577,1.333875,0.589126,0.000000,1.402585,0.000000,0.000000
0.000000,3.181252,2.683776,3.254947,5.237412,3.035617,3.644169,0.000000,0.000000,0.147301,0.000000
0.070221,1.656660,0.000000,0.043938,4.240135,2.270392,0.000000,0.000000,0.890380,0.000000,1.161736
1.829087,0.000000,0.000000,3.122674,0.954859,0.306027,0.000000,7.817734,0.204200,1.329928,0.000000
1.957060,3.096219,1.993335,0.000000,1.606499,4.349213,1.554553,1.898410,1.264446,0.000000,1.259110
2.251942,0.000000,0.823342,0.000000,2.207918,0.039666,0.000000,0.000000,1.453045,0.000000,1.290842
0.000000,4.384710,0.226573,0.000000,0.000000,0.000000,4.914244,0.000000,2.885558,2.624068,2.161959
0.000000,5.694335,0.000000,1.475691,0.000000,0.000000,4.521660,2.314346,4.355989,1.659950,0.000000
1.032484,4.865525,0.000000,0.000000,0.000000,0.942619,1.640431,1.134840,3.689914,0.000000,0.000000
2.147950,2.888733,0.000000,3.473057,3.225388,3.858122,0.920152,4.278243,0.000000,1.332500,0.746665
3.115439,0.157302,0.000000,3.817425,9.355936,0.000000,3.568061,0.000000,0.000000,0.000000,0.000000
3.392519,0.000000,2.157514,0.000000,0.000000,2.931473,0.000000,7.766301,0.000000,0.000000,2.306788
7.913498,1.040709,0.000000,2.687898,0.000000,0.370634,2.447669,3.007256,3.634455,0.879958,3.716838
0.000000,0.000000,0.888840,12.186151,0.000000,0.000000,0.000000,0.000000,2.442262,0.000000,1.052641
5.765547,0.421009,2.367519,0.000000,0.000000,3.017050,2.996791,0.000000,2.649181,3.141303,0.731237
0.000000,3.145125,1.884888,0.000000,0.000000,5.575338,0.914126,0.922921,0.000000,3.784057,13.484625
8.356339,0.000000,1.676612,0.699548,1.288152,0.000000,6.943958,11.098506,2.325417,1.053991,0.000000
0.000000,0.000000,0.000000,5.060287,0.000000,3.738291,0.000000,0.000000,5.233768,4.136784,0.000000
3.284415,0.000000,6.137915,4.953044,0.000000,0.000000,0.000000,0.000000,0.000000,10.255665,0.000000
4.644358,3.028585,1.402624,2.113881,5.664243,0.000000,0.000000,0.000000,1.851547,2.665601,5.397157
0.000000,0.000000,0.000000,0.000000,0.000000,0.000000,0.000000,2.398586,4.127772,2.776921,0.471246
5.021348,0.000000,3.269134,0.000000,0.000000,0.000000,0.000000,0.000000,4.567366,1.629662,3.593865
0.000000,0.997238,1.908423,1.683876,4.467871,0.000000,0.000000,0.000000,0.000000,0.000000,0.000000
1.302152,0.000000,2.740238,0.000000,0.000000,7.267236,9.153476,5.069468,0.470910,0.000000,0.000000
0.000000,2.846535,0.000000,6.992332,0.595664,0.963149,0.000000,1.784306,0.000000,5.179886,3.302176
7.333949,3.934495,1.114558,0.403113,0.000000,5.940991,1.823798,0.467785,0.000000,0.000000,1.484266
0.000000,0.000000,0.262740,0.000000,1.233951,0.000000,1.133042,0.000000,3.696910,0.000000,0.000000
0.000000,4.999145,0.000000,0.000000,0.000000,0.033507,0.000000,0.000000,0.287209,2.736378,0.000000
3.121166,0.000000,0.000000,4.609745,2.192313,3.199309,2.094683,0.656482,0.000000,1.873264,10.076858
0.046597,2.853727,0.000000,0.000000,1.842035,0.000000,0.000000,0.000000,0.000000,0.134028,1.119530
0.000000,0.805375,3.113912,0.000000,3.323235,0.959335,4.911698,0.000000,0.580190,3.124087,0.000000
5.473973,0.000000,2.887557,0.057120,0.000000,6.909224,2.673647,8.055195,0.000000,0.000000,0.000000
3.297037,0.143708,0.000000,0.000000,0.000000,7.510242,0.000000,0.000000,0.000000,0.000000,0.000000
0.000000,1.006551,2.591210,0.000000,5.974331,1.773927,0.000000,2.520090,0.000000,1.057419,7.820241
0.000000,2.181200,0.486561,0.000000,0.000000,1.766609,2.168114,1.441940,0.000000,9.037159,0.000000
3.164774,0.000000,0.416236,2.510922,5.731396,0.000000,0.000000,0.676392,2.048600,9.079273,0.000000
0.000000,1.286669,0.000000,3.975248,2.616775,0.000000,0.000000,0.000000,1.909493,0.000000,0.000000
0.000000,3.920016,0.000000,3.928313,6.121063,0.000000,0.000000,0.841429,0.000000,1.550910,0.000000
0.000000,0.988973,2.881153,0.000000,1.943510,0.540385,0.000000,0.984341,3.623272,0.000000,0.000000
0.523445,0.205890,0.000000,3.659210,0.834348,0.553698,0.000000,6.492273,0.000000,5.121943,1.964705
0.000000,0.000000,0.000000,0.000000,0.000000,6.522327,0.000000,0.000000,0.000000,5.127803,0.000000
2.208715,0.000000,3.187566,0.000000,1.553940,3.408000,5.676619,0.250773,4.025464,0.000000,0.000000
0.739569,0.000000,0.000000,1.169396,3.002198,0.351918,1.234552,0.000000,0.000000,0.000000,2.774164
4.044674,0.598973,0.000000,1.331829,2.662020,0.000000,4.792572,6.234875,0.000000,3.942331,1.190973
0.000000,1.530163,0.000000,0.000000,2.776430,3.290761,0.000000,0.453505,5.528238,0.000000,0.841878
3.836893,3.874827,1.049636,0.000000,0.000000,0.000000,5.299688,0.000000,4.676199,3.542930,0.000000
4.368889,0.000000,0.000000,0.000000,0.000000,0.000000,1.272735,0.000000,0.000000,0.000000,3.784880
3.551194,0.000000,3.366147,0.000000,0.000000,2.015767,0.000000,0.000000,6.651915,0.000000,0.000000
3.867176,0.000000,0.112643,0.583572,0.131286,0.000000,2.175955,0.000000,2.155926,1.538704,0.000000
0.000000,0.000000,6.868623,3.968483,2.301118,0.390139,0.000000,0.000000,2.991051,0.000000,4.255325
0.000000,0.690024,0.000000,0.000000,0.000000,0.480750,4.005706,2.359195,0.000000,0.000000,1.060254
3.802887,0.000000,2.274716,8.730361,0.000000,0.888212,0.000000,6.559835,0.000000,0.000000,0.732089
5.421299,0.000000,0.553721,2.705159,10.002356,8.925945,0.000000,4.812229,0.015831,0.000000,1.808426
8.299317,2.207341,0.000000,8.262650,2.884170,0.928160,0.000000,0.361446,1.692722,5.865897,0.000000
4.677692,0.000000,0.000000,1.355842,0.000000,0.000000,2.076291,3.020100,3.738996,0.000000,0.000000
0.866074,0.000000,0.000000,1.617464,1.366609,1.818696,2.901993,0.000000,0.000000,0.000000,0.000000
6.078772,2.093898,0.000000,0.336061,0.000000,6.358379,0.000000,3.074763,0.000000,3.748758,0.000000
7.992524,0.621356,0.000000,0.037084,0.000000,2.847866,0.000000,4.303807,0.000000,0.173132,3.951360
0.000000,0.000000,0.000000,3.304024,7.997098,3.930692,3.689333,0.000000,0.000000,4.394272,15.672053
3.752574,4.563357,2.962086,0.404355,0.000000,0.000000,0.000000,0.000000,5.941127,0.931871,0.000000
0.942177,0.061450,3.698124,0.978491,0.000000,0.002850,0.000000,0.000000,0.594397,0.000000,0.000000
0.000000,2.435209,4.547736,4.144598,0.000000,2.201000,1.215130,0.000000,0.000000,1.105339,7.794328
0.000000,3.462788,0.000000,0.000000,2.084179,1.017847,3.992860,11.783057,10.973953,10.098868,4.234499
6.246363,0.746382,6.110099,25.997560,2.943422,0.000000,0.000000,0.838369,2.792876,0.000000,5.188467
0.000000,6.035427,0.000000,2.697121,0.000000,4.538189,3.052563,0.000000,0.000000,0.000000,6.621435
2.282706,17.159812,9.152868,0.000000,0.064764,3.472712,0.000000,0.445677,3.210515,0.000000,6.768651
0.646373,1.215818,0.000000,7.368433,10.878403,0.000000,1.988841,3.563432,4.391267,0.000000,0.476788
0.000000,0.000000,1.664616,0.000000,5.470185,0.000000,0.900196,0.000000,0.000000,0.070608,0.000000
0.000000,0.000000,2.699815,4.399981,0.850666,1.300891,0.000000,8.619626,4.110813,0.000000,0.000000
11.096779,1.012383,0.000000,6.095136,0.000000,0.000000,6.853327,0.000000,0.000000,1.353675,0.000000
0.000000,0.000000,0.000000,0.000000,1.978830,3.551835,0.000000,0.000000,0.000000,16.012792,0.000000
0.000000,0.000000,3.323377,0.000000,0.000000,2.411695,0.000000,0.000000,0.000000,15.609406,0.000000
0.000000,0.000000,0.000000,0.000000,0.000000,17.319580,9.758968,0.000000,1.694057,0.000000,0.000000
0.000000,12.839944,6.864435,6.141885,8.445552,0.000000,0.000000,0.000000,8.804116,0.000000,8.652073
0.000000,0.000000,3.784003,0.288823,2.063707,0.000000,0.000000,0.000000,0.285252,0.000000,4.169606
1.888936,4.198267,1.522766,0.000000,11.221541,6.825819,0.000000,0.000000,0.000000,0.057878,0.000000
0.919782,0.000000,1.408934,0.000000,1.746366,5.911031,0.000000,9.339072,5.051027,3.186123,6.582069
6.431929,4.040541,0.000000,9.405880,16.232690,6.366218,9.974854,0.991771,0.000000,10.874032,0.000000
0.223779,2.566849,0.000000,3.013725,0.000000,0.000000,0.419088,0.000000,3.438026,0.000000,1.180813
0.000000,3.087979,1.011124,0.000000,2.075771,6.153771,2.620737,1.751496,8.975426,4.221223,4.924017
3.138423,3.363542,0.000000,0.000000,0.000000,7.950968,0.000000,0.000000,6.663637,0.000000,0.000000
9.569369,0.680512,2.342118,0.000000,0.000000,0.000000,10.922728,0.000000,2.673469,6.097583,0.000000
0.000000,3.024296,0.964298,0.000000,17.514405,7.056162,0.000000,0.000000,0.000000,0.000000,0.000000
9.766535,0.000000,0.000000,0.000000,2.066619,0.055391,0.123119,0.000000,2.997645,0.325631,0.000000
0.000000,3.115544,0.000000,0.000000,0.044669,2.406789,2.904526,6.519529,0.000000,3.967247,0.000000
9.846552,0.000000,0.509536,0.603499,5.286890,0.000000,6.792654,0.000000,0.000000,0.000000,0.000000
0.940278,0.000000,6.918210,2.013094,0.000000,7.135285,0.000000,10.556766,0.000000,3.328919,1.329970
5.536165,2.499438,2.173756,2.532804,2.937461,6.439298,0.000000,0.323403,2.863313,0.000000,1.007853
0.000000,2.766860,1.335532,4.718717,3.934847,3.414493,0.000000,0.077376,0.000000,0.000000,4.289632
0.000000,0.000000,0.000000,6.846276,0.000000,0.000000,7.129603,0.000000,2.395644,2.107604,1.337747
5.346851,10.113993,0.000000,0.000000,0.458744,0.000000,0.000000,0.000000,4.483149,0.000000,11.193408
4.719165,1.445761,12.157849,0.000000,0.000000,4.068179,0.000000,0.000000,6.123982,0.000000,0.000000
10.499196,0.000000,21.610393,2.109169,0.000000,2.273489,1.290882,0.000000,0.000000,0.000000,0.000000
0.200233,11.796705,0.000000,1.048925,3.726501,3.260181,7.374095,0.000000,0.000000,0.885939,0.000000
0.000000,0.000000,17.265390,5.514898,0.000000,0.000000,0.000000,3.280877,1.164308,4.394773,5.048849
6.447945,0.644329,0.930675,0.000000,0.000000,0.452139,1.603951,2.065417,1.840534,0.492231,3.305969
5.232500,0.000000,4.344752,2.452983,1.844080,1.639886,0.593870,0.000000,0.878001,0.000000,7.662070
0.000000,1.755566,0.000000,13.682807,0.000000,12.393211,0.000000,3.147296,0.492604,0.000000,0.031927
22.554361,0.000000,0.000000,3.700862,2.343196,10.908562,0.387283,6.696783,0.740757,0.000000,0.000000
0.000000,2.474699,3.010095,1.960874,2.179120,0.000000,0.000000,0.000000,4.256849,0.000000,0.000000
0.000000,11.438671,2.308815,4.744936,0.000000,0.000000,2.239127,0.000000,0.000000,0.000000,5.734144
0.000000,1.901364,2.580955,0.000000,5.847842,0.000000,4.673917,0.000000,1.598536,0.000000,0.000000
2.868148,0.097712,2.012502,12.368266,8.047023,2.770870,6.219863,0.000000,0.000000,2.394457,0.000000
0.000000,5.897546,0.000000,0.000000,0.000000,0.000000,1.195231,4.308739,0.000000,0.000000,1.930440
0.000000,0.000000,0.000000,4.367715,0.000000,1.464386,6.121127,0.000000,27.076488,5.880477,5.733952
1.115541,2.470630,0.000000,4.502525,10.028798,3.232356,0.000000,1.248727,2.515538,1.655659,0.000000
0.000000,8.620880,0.000000,0.000000,0.000000,1.262908,1.153514,0.854959,0.000000,0.832250,0.000000
10.697180,0.000000,2.325233,0.267395,0.000000,5.628543,2.217639,0.000000,0.000000,14.812048,0.726600
0.000000,0.000000,0.939796,3.267157,4.442174,0.000000,0.000000,2.120951,0.000000,0.000000,0.000000
0.000000,1.094153,1.896849,0.686927,0.000000,8.817188,0.000000,4.701114,0.000000,0.000000,6.022192
1.314324,0.000000,6.427381,6.166769,0.000000,10.512381,0.000000,18.005853,0.000000,2.821110,6.561556
4.603425,0.682287,0.000000,29.626597,0.000000,8.815704,0.000000,0.598303,20.641798,4.334428,5.081723
3.558033,3.905158,7.035076,1.435899,9.755543,0.549866,1.974794,12.399421,0.048473,2.507290,21.747385
0.000000,0.000000,4.858987,1.958842,2.030225,2.059196,10.610002,3.101073,6.069001,0.855557,1.366404
0.000000,0.000000,0.000000,0.000000,0.769189,2.146963,0.000000,3.183110,0.000000,1.964585,6.742403
0.000000,0.000000,7.037012,0.000000,0.000000,2.664568,7.489692,1.104073,0.479408,0.000000,6.278593
14.322009,0.000000,19.060094,0.000000,2.068146,3.318674,11.614546,6.492088,0.000000,3.939588,0.000000
1.811290,0.000000,2.733085,2.561606,0.000000,0.000000,0.214145,0.000000,0.000000,0.000000,0.000000
14.163234,2.534829,2.009265,0.000000,12.026841,1.136722,1.863295,6.150743,5.417370,0.000000,0.000000
0.000000,2.727983,17.767440,0.000000,3.682933,20.985501,0.000000,6.774973,7.739605,5.739972,0.395388
1.453222,0.000000,0.000000,0.000000,0.000000,0.000000,0.000000,3.272447,0.000000,6.319604,0.000000
12.248361,7.348679,0.213394,3.218679,13.955666,1.440932,0.266424,0.000000,13.787649,2.085378,9.396367
0.000000,10.891419,0.000000,0.000000,0.227454,0.000000,9.578324,7.418044,9.283525,0.000000,0.000000
9.507692,5.116604,0.000000,0.000000,2.880612,7.642436,2.183802,7.577188,5.602795,2.227743,0.000000
0.000000,0.000000,0.000000,0.000000,0.000000,0.000000,0.000000,7.365877,0.000000,0.000000,0.000000
6.542791,3.717274,2.305183,1.875202,2.360555,0.000000,9.650036,4.237404,0.000000,2.861231,0.000000
32.763124,0.000000,8.684446,0.000000,4.663465,0.000000,0.000000,0.000000,6.338980,4.290403,0.000000
0.000000,1.740197,2.474430,7.671300,0.000000,9.773252,0.000000,0.000000,15.264215,0.527387,4.623623
3.305900,0.000000,14.335894,1.853698,0.736173,1.373512,0.000000,0.000000,7.316501,0.403977,0.000000
0.000000,0.000000,2.659159,0.000000,0.000000,4.740311,0.000000,0.410208,2.716230,0.000000,0.000000
0.148382,0.000000,13.055282,0.000000,4.284828,0.000000,1.553495,4.673467,3.123147,7.936774,15.116248
0.000000,0.000000,0.000000,14.977019,2.537979,6.320180,0.000000,4.563146,2.536630,0.000000,9.570875
11.708070,4.564650,0.000000,0.000000,0.000000,0.000000,0.000000,0.000000,7.603541,0.000000,4.961559
3.412508,0.000000,7.138457,0.000000,0.000000,0.877668,4.400832,0.000000,3.780054,0.000000,0.000000
0.000000,0.845166,5.976984,3.419315,0.378794,5.399729,0.000000,0.000000,0.000000,0.000000,1.232370
6.711117,3.096103,0.000000,0.895081,1.774549,0.000000,0.592594,0.000000,3.093827,0.000000,1.516873
0.000000,0.000000,7.513918,0.000000,3.947832,3.094760,0.000000,4.616315,0.000000,0.000000,6.390929
1.095299,0.000000,2.593799,0.000000,0.000000,0.000000,0.000000,7.194063,0.000000,4.709527,15.761058
0.000000,0.000000,0.000000,35.690258,0.000000,26.746328,0.000000,0.000000,6.580419,0.000000,0.000000
1.061251,0.000000,3.167992,13.215880,0.000000,0.000000,8.769831,0.000000,5.106665,0.241193,0.072209
18.324959,0.000000,0.000000,3.446931,8.610953,1.161969,17.731050,10.798155,4.508401,21.659572,0.000000
7.564954,8.863736,0.000000,9.299168,18.992197,1.362547,8.712755,10.330459,0.000000,0.659308,0.000000
5.025076,4.863585,0.000000,0.000000,1.289651,0.000000,2.789630,0.000000,0.000000,0.000000,7.598063
10.643112,0.982629,0.000000,0.000000,8.612199,0.000000,0.000000,5.782781,2.099332,1.913646,0.000000
0.000000,0.000000,0.000000,2.770335,0.000000,1.345295,4.184622,0.000000,0.000000,0.000000,14.955307
5.667410,0.000000,0.070607,7.412495,0.000000,0.000000,6.341305,0.000000,1.466453,0.000000,0.000000
1.539715,0.251700,0.000000,2.075397,4.393215,0.000000,8.180736,4.601080,2.614020,0.000000,0.000000
0.000000,0.396200,19.550422,5.235274,24.528869,3.099798,13.938237,14.340942,4.743875,3.234059,0.000000
5.225449,3.755347,4.795364,0.000000,0.000000,0.000000,11.681707,6.383291,0.000000,11.895895,0.000000
0.000000,1.462927,0.000000,14.514175,22.900112,0.310893,0.000000,2.130562,0.877025,0.000000,0.993716
11.149437,2.243501,11.084788,0.241567,5.524568,0.000000,0.000000,2.003139,0.000000,0.000000,0.000000
13.557042,4.562636,14.597054,0.000000,0.000000,0.000000,11.913712,0.000000,0.000000,1.561113,3.413728
0.163002,1.726226,4.082753,4.868012,1.575927,0.000000,3.929309,0.000000,0.649834,0.000000,0.000000
0.000000,0.000000,2.037053,1.889395,10.208779,13.439940,3.248063,0.000000,0.000000,11.009729,3.778913
6.770702,1.401150,3.551133,0.000000,0.000000,0.000000,0.000000,0.000000,3.564564,0.000000,0.000000
0.000000,5.856460,0.806071,2.000851,17.433468,3.289769,5.242585,1.992920,4.068873,2.463775,0.586544
15.054585,0.004322,1.827669,0.899223,3.458966,0.000000,0.000000,0.000000,1.186426,0.000000,0.618949
0.000000,5.237816,0.000000,0.000000,0.000000,1.946146,9.737747,23.538650,2.028137,0.664678,1.507769
0.000000,0.000000,9.291157,0.000000,0.000000,12.025456,0.000000,0.000000,0.000000,10.322193,11.782203
23.274509,1.778938,4.060545,3.786316,0.000000,0.000000,0.000000,7.085929,8.515063,10.829108,1.502207
0.000000,0.608736,0.000000,7.792213,2.096957,0.000000,1.496181,0.000000,1.644362,0.000000,0.000000
9.944821,0.000000,0.000000,2.662883,0.000000,0.000000,1.971384,0.000000,0.000000,0.061180,0.000000
3.859840,16.547788,10.668960,0.000000,0.000000,5.616644,0.000000,0.000000,2.231394,15.920298,0.000000
4.730149,0.000000,4.780978,4.550913,0.000000,0.000000,11.509936,0.000000,4.157787,2.793449,0.000000
10.887251,11.982729,0.000000,5.012398,3.769375,7.479849,0.000000,0.000000,0.000000,0.000000,0.000000
0.000000,0.000000,1.155403,0.000000,1.269256,14.547448,1.339752,13.468970,3.435304,0.000000,13.066578
0.000000,3.672289,8.453931,2.447850,8.690656,8.458407,2.416039,0.000000,3.220325,0.000000,0.000000
0.000000,8.331850,0.000000,0.000000,3.538895,8.420487,0.000000,6.945972,4.517508,0.000000,3.368228
0.000000,9.858286,5.390324,0.000000,0.342374,1.805610,11.940326,4.021191,0.000000,0.000000,31.099225
0.000000,0.000000,0.000000,0.000000,0.000000,11.054651,0.000000,3.476865,0.000000,0.000000,3.207616
0.723918,0.014266,21.452412,5.338732,0.000000,0.747908,0.000000,0.000000,0.000000,0.000000,2.776749
1.523803,1.159287,0.000000,0.000000,0.000000,0.000000,0.000000,5.491525,7.609105,1.269267,0.000000
3.309378,9.219284,0.000000,8.533950,13.363123,0.000000,0.000000,2.744721,0.000000,6.924196,0.000000
0.000000,0.000000,1.534979,0.000000,0.000000,14.235741,1.808864,0.000000,15.605096,0.000000,11.956365
1.634446,3.574329,0.000000,0.000000,0.573347,6.364716,17.089658,0.000000,5.943891,7.273635,0.000000
11.301512,0.179955,0.000000,0.000000,0.000000,0.000000,0.000000,0.000000,0.000000,1.024397,7.133559
0.000000,0.000000,0.000000,4.441012,3.174400,13.126859,12.976904,2.453976,0.000000,0.881305,5.740572
1.226939,9.091571,0.000000,0.000000,3.522510,0.000000,0.000000,5.424928,7.711074,4.724784,17.149642
6.582383,0.437369,0.000000,0.000000,18.877817,0.000000,0.000000,0.000000,0.000000,3.456498,0.000000
3.489636,0.000000,0.000000,0.000000,0.000000,0.000000,7.012890,8.715228,0.000000,24.706811,1.992363
11.104869,0.562211,0.000000,3.042196,0.000000,0.000000,0.000000,0.000000,15.464639,8.191906,1.297226
0.000000,0.000000,0.447713,6.292493,0.000000,0.000000,0.000000,7.183611,12.313577,0.000000,2.261922
1.944596,0.000000,13.603087,6.168249,0.000000,0.000000,0.871497,23.052637,8.984172,0.000000,0.000000
0.052801,2.743347,17.254842,0.043385,1.455266,0.000000,0.000000,5.145565,4.416562,0.000000,6.776394
3.398430,3.768348,0.000000,0.000000,2.398163,0.000000,0.000000,3.420083,1.661663,9.651383,2.747577
0.000000,0.000000,0.000000,4.135532,0.000000,0.000000,0.000000,0.000000,0.000000,0.597004,6.447392
9.351239,0.000000,0.000000,0.000000,1.361319,0.000000,0.000000,0.000000,0.000000,0.000000,0.000000
0.000000,0.180593,0.000000,0.000000,0.000000,0.000000,4.716823,3.738080,0.000000,0.000000,0.000000
0.000000,0.000000,10.621242,2.198027,0.000000,5.708139,0.000000,3.426162,0.000000,4.073040,0.000000
11.987341,0.000000,0.294052,22.017247,0.000000,13.487254,0.000000,0.000000,3.970006,2.876672,0.000000
0.000000,4.403072,0.000000,1.686007,2.092937,9.001195,0.602153,0.000000,0.000000,0.000000,3.996978
0.000000,1.189206,0.000000,18.218069,0.000000,0.000000,2.171689,0.000000,0.000000,10.793583,0.000000
0.870463,0.000000,3.502245,2.378510,1.041594,1.986763,5.363238,3.310893,1.667112,2.856040,1.239808
0.234439,0.000000,1.512204,0.000000,3.254412,0.000000,0.000000,5.148284,3.800008,0.000000,0.000000
0.687128,1.582022,7.736252,0.000000,0.000000,4.749761,0.000000,5.789124,4.107068,0.000000,11.875878
1.988681,1.345203,4.882044,0.000000,2.211531,6.281026,6.126256,0.000000,6.706714,0.000000,10.328296
0.000000,4.116923,1.607914,2.615678,0.000000,0.000000,0.000000,0.000000,2.214741,0.000000,11.088256
11.640451,0.000000,0.000000,2.939154,0.000000,0.000000,0.000000,5.408066,0.000000,11.785276,0.000000
0.000000,1.819326,0.889756,2.509995,0.000000,0.000000,0.000000,12.682135,0.000000,3.026903,1.994883
7.860416,9.157807,0.000000,0.000000,0.000000,9.510100,0.000000,4.664455,5.316043,2.668564,0.000000
8.341715,18.089933,3.880625,0.000000,0.746136,0.000000,0.000000,17.625129,10.868636,0.000000,0.000000
0.812945,1.836508,0.000000,0.000000,8.436759,5.441105,0.782325,6.489282,0.000000,0.000000,7.290173
0.000000,0.504454,14.358586,0.000000,5.223556,0.884692,7.196366,0.000000,0.000000,0.000000,6.117304
2.012724,0.369842,0.000000,0.289496,12.480625,13.929133,34.909899,1.890205,4.627884,4.678992,0.000000
10.278549,19.008475,1.185085,3.084244,0.000000,10.854816,3.301321,9.894937,21.355538,1.349360,3.772820
7.931202,3.926354,0.104354,5.959643,0.000000,2.919002,1.885103,0.090267,7.990525,0.000000,13.734927
0.687920,0.000000,0.000000,10.927928,5.940878,2.815791,2.530979,3.183773,1.927099,0.000000,1.603544
2.771650,1.520547,0.365240,0.074434,1.561723,6.048443,7.546443,0.000000,0.000000,0.000000,3.697756
10.003785,0.000000,16.335665,2.454687,0.000000,1.917627,0.000000,2.166345,3.105846,10.724356,1.155962
0.645344,4.429951,0.000000,3.538726,1.906546,0.000000,0.000000,0.000000,9.484391,2.538713,0.821782
3.730411,0.000000,1.079310,0.000000,0.000000,0.000000,8.909678,7.479930,11.201707,0.000000,0.000000
0.000000,8.061816,0.000000,0.000000,0.000000,0.000000,0.000000,0.357043,0.000000,0.000000,5.073855
4.892806,2.220979,0.000000,0.000000,0.287037,0.423468,0.000000,0.000000,0.000000,0.000000,0.000000
0.000000,0.805119,3.637334,0.000000,0.448654,0.000000,13.145330,20.285149,3.972271,0.000000,0.000000
0.000000,18.743948,0.000000,2.793026,0.000000,0.000000,0.000000,0.000000,6.412920,10.248240,0.000000
0.252245,0.000000,0.000000,0.000000,5.657502,0.000000,4.584422,4.545709,7.138438,7.635890,0.000000
0.507988,7.264925,2.877739,3.456197,12.050697,1.256788,6.125409,0.000000,0.000000,8.466432,0.000000
0.000000,0.000000,1.596776,0.000000,0.000000,3.725687,6.712051,9.751364,0.000000,0.000000,0.000000
5.115011,7.878679,8.490662,0.000000,6.747498,0.000000,10.653534,1.181658,0.000000,4.653330,3.505523
0.000000,0.000000,0.000000,5.909120,0.000000,0.227504,1.534577,0.000000,0.000000,1.793718,0.000000
0.357525,0.000000,12.612547,0.000000,0.000000,12.087113,3.148204,6.336292,5.728491,12.482791,0.000000
0.000000,2.752438,0.000000,1.636069,0.000000,4.935590,6.088965,0.000000,2.510013,12.023135,0.000000
11.086606,1.987493,4.716547,0.000000,0.000000,0.000000,0.000000,0.000000,6.201987,0.000000,6.810528
0.000000,0.525711,0.000000,0.426964,3.513233,0.206926,0.000000,6.465470,0.000000,1.742057,5.527779
0.654363,0.000000,0.000000,3.994111,0.000000,0.000000,1.959825,0.539374,1.019621,0.618301,0.000000
2.018816,6.196629,4.093533,0.000000,2.075487,0.000000,6.285313,0.000000,4.185496,0.000000,6.211664
0.000000,2.585380,0.000000,0.000000,0.000000,4.331414,6.003394,2.875772,3.327965,0.748295,3.161302
2.807161,0.000000,0.000000,1.413624,0.906670,0.643448,0.000000,0.000000,0.000000,3.779060,8.412408
0.000000,0.000000,0.000000,11.240338,3.771822,0.000000,19.803089,0.000000,0.000000,0.000000,7.253036
0.000000,9.174602,5.888742,0.000000,0.000000,0.397031,0.000000,0.000000,0.000000,0.000000,0.925439
0.000000,0.000000,0.000000,0.000000,15.140752,0.000000,0.000000,0.000000,0.000000,2.133153,3.022252
0.000000,7.446143,0.406685,4.668152,0.000000,0.000000,10.033979,8.161150,0.799846,7.737399,0.000000
0.000000,0.673766,4.730345,0.000000,2.964975,0.000000,12.261712,2.623379,0.000000,0.000000,0.000000
0.841600,0.000000,11.455285,15.609515,1.483126,0.000000,0.000000,0.000000,0.000000,0.000000,0.000000
5.063147,1.162101,0.000000,15.607518,3.626617,0.000000,8.176810,5.459514,0.000000,1.959345,0.000000
0.337430,4.716925,2.679342,0.000000,0.000000,2.854482,3.938752,8.104569,5.813043,0.000000,0.000000
15.133036,1.952358,0.000000,8.248741,0.000000,0.746589,0.000000,10.703385,1.137850,0.000000,0.000000
6.724069,11.092656,10.606760,1.321247,0.000000,10.300603,13.107230,0.000000,10.585388,17.098971,0.000000
2.607639,0.000000,0.000000,2.594007,7.733198,0.000000,0.000000,4.316975,0.000000,2.158834,2.282269
2.262069,0.000000,3.237472,10.986063,0.000000,2.458165,0.000000,0.000000,1.005581,0.000000,9.360674
0.000000,10.251592,0.796782,0.000000,5.166692,16.707979,14.678362,4.636186,0.000000,0.000000,0.893662
2.751536,10.390511,3.046518,0.000000,0.000000,0.000000,3.689548,0.000000,0.000000,0.000000,0.000000
0.000000,3.497664,0.000000,1.729608,1.593841,3.382679,0.000000,4.928012,0.000000,3.622252,0.000000
0.000000,0.000000,5.066866,8.873310,1.367097,4.136958,5.498482,0.000000,1.234693,0.098411,6.784154
4.573267,2.785074,2.616926,0.153448,0.000000,0.000000,1.534949,0.588964,0.000000,11.906771,8.851182
3.756429,1.344737,4.463965,0.878606,4.860179,8.673219,4.282832,3.348742,3.107310,0.000000,0.000000
0.000000,0.000000,0.000000,0.000000,0.236189,0.000000,4.935456,0.000000,6.578277,0.000000,0.000000
0.000000,5.034919,5.253905,2.566085,0.000000,12.520033,0.000000,0.000000,4.879937,0.000000,7.811483
5.837776,1.982330,0.000000,0.000000,5.616997,10.275694,0.000000,9.483922,2.698613,0.000000,2.110192
5.282899,0.000000,7.977646,0.391275,5.889499,2.855316,0.000000,0.000000,0.173226,1.819320,0.167505
2.380874,0.000000,0.000000,0.000000,2.094316,1.034525,4.576886,4.915899,20.247680,0.315187,9.951647
0.000000,10.079995,0.000000,0.000000,2.622506,3.972138,0.000000,8.304420,0.000000,2.833319,0.012656
1.613539,0.000000,4.178835,0.000000,12.328470,1.279855,3.616394,3.198805,1.780944,0.863308,2.207335
0.000000,6.560162,0.000000,0.000000,0.000000,0.000000,5.217005,4.873116,0.000000,7.292867,0.760992
3.959620,0.000000,0.000000,0.000000,0.000000,0.000000,4.475375,0.000000,0.214737,9.389914,1.774063
16.328678,2.468635,3.280558,0.000000,10.637353,0.000000,1.571785,0.000000,6.111459,12.156917,0.358154
0.000000,1.415029,3.417691,0.000000,0.000000,0.000000,0.000000,1.769313,0.266453,14.632235,6.867129
8.927983,0.000000,6.683987,1.774190,0.000000,0.000000,6.825407,6.004513,0.000000,0.000000,0.000000
0.000000,1.686881,1.241209,0.000000,0.000000,1.051884,0.176474,0.000000,0.000000,0.455095,6.582903
0.000000,3.459210,2.771506,3.345360,0.000000,10.755794,14.515252,0.776463,0.000000,0.000000,5.666053
0.000000,0.269450,4.894232,5.003993,4.946003,4.189823,0.019178,0.000000,0.000000,1.398503,0.000000
0.000000,1.899857,0.000000,5.996832,4.336736,4.098749,0.000000,0.000000,0.000000,0.000000,0.000000
7.910815,0.000000,2.141977,0.000000,0.000000,0.000000,20.115672,8.235559,2.246544,22.332198,11.899206
1.147543,1.685128,0.000000,1.371105,1.280110,0.000000,2.369238,0.000000,1.145355,0.907272,0.000000
12.670415,0.000000,0.000000,8.986144,1.123900,0.000000,10.489397,3.164029,10.586610,0.000000,6.470617
0.000000,0.000000,12.468239,0.789470,8.151668,3.836852,9.487889,0.000000,6.064208,4.612864,0.000000
7.376022,4.535413,5.181449,0.369356,0.000000,13.574545,0.000000,0.000000,0.000000,4.386970,3.196661
10.761988,0.000000,0.000000,0.000000,0.000000,0.000000,0.037640,0.208370,0.061375,0.000000,2.955537
10.310981,0.000000,3.206861,0.000000,1.191071,4.514229,0.000000,0.000000,11.253454,0.000000,0.000000
8.088674,6.183664,5.594319,0.000000,0.000000,0.000000,0.366322,0.000000,2.267847,1.286679,0.000000
0.000000,1.017928,0.000000,0.000000,3.870089,0.000000,0.000000,0.000000,5.107869,6.600509,2.101049
1.523445,0.000000,1.894279,10.525757,0.000000,0.000000,7.296097,6.335814,4.462807,0.000000,0.801083
0.000000,0.000000,0.000000,0.000000,1.653440,2.252785,0.000000,0.000000,0.000000,0.000000,6.597325
0.000000,2.364700,0.000000,3.615794,0.000000,0.000000,4.799475,0.000000,6.083591,0.340798,0.000000
0.000000,0.000000,0.000000,0.000000,0.946904,0.000000,12.733945,0.516978,2.792436,5.133331,0.250580
0.000000,0.000000,0.242823,2.578807,0.844983,0.000000,0.551121,1.757279,0.000000,0.000000,0.000000
6.910458,0.000000,0.000000,0.000000,4.025559,0.721367,0.000000,0.000000,0.000000,1.362662,0.000000
0.000000,3.249812,5.004012,0.000000,0.000000,0.000000,7.849848,0.000000,0.000000,0.000000,4.112049
0.000000,0.390155,1.530383,6.101757,0.000000,3.054322,2.267940,0.707293,0.995752,0.000000,0.000000
1.327244,0.000000,0.452094,2.167298,6.761670,0.000000,0.000000,2.469391,0.949697,0.752410,3.169431
2.694650,5.190612,0.000000,0.000000,0.000000,0.000000,0.000000,0.786621,9.558254,9.748886,0.000000
0.000000,4.352360,10.464216,2.479631,12.631953,0.067514,1.430528,2.659541,0.000000,2.446627,6.439150
0.804831,2.394303,4.368615,0.888736,2.342162,2.574212,1.691987,5.632484,0.000000,0.232042,2.254350
0.341411,11.886628,0.000000,0.000000,0.000000,0.000000,2.156037,0.000000,0.000000,0.000000,0.000000
0.000000,0.000000,5.101663,1.961257,0.000000,4.399543,0.000000,0.000000,0.000000,10.396149,0.000000
3.491153,3.484419,0.000000,4.513060,0.000000,0.000000,0.000000,0.000000,0.000000,0.000000,0.000000
2.019393,0.000000,0.000000,7.067871,5.075842,4.861078,0.000000,6.694945,0.000000,3.863051,5.582825
2.012728,0.000000,5.450388,1.130865,0.000000,0.719957,0.667312,0.318655,4.491380,5.495725,0.000000
0.000000,3.236088,0.000000,0.000000,2.071953,0.000000,0.000000,1.022653,0.975728,0.502915,0.000000
3.700737,0.000000,0.000000,0.000000,8.154185,2.687388,0.000000,0.000000,0.000000,0.000000,5.588388
0.000000,0.000000,3.136579,5.395607,0.000000,0.000000,0.000000,0.000000,0.000000,1.227363,0.000000
10.921036,6.474400,2.022444,0.000000,6.990324,6.433554,0.000000,0.000000,4.904641,0.000000,2.608097
3.359118,7.387265,0.964150,5.238025,0.000000,0.000000,6.927359,0.000000,5.967361,0.000000,0.282364
0.000000,0.000000,6.119552,7.024472,0.000000,0.434136,0.000000,0.644695,3.208847,0.000000,0.000000
0.000000,0.000000,0.000000,4.271701,0.000000,2.620960,1.238914,0.000000,0.000000,4.977248,0.000000
0.000000,3.179517,0.000000,8.101175,7.610734,0.182030,2.470284,6.297093,4.040319,1.008376,9.933654
0.147738,10.677034,4.329210,0.000000,2.991877,3.142726,1.533266,0.000000,0.000000,0.000000,0.000000
0.526529,4.713854,0.000000,0.000000,0.000000,0.967756,0.000000,0.000000,4.157406,3.508802,1.776647
0.000000,6.091481,4.016571,0.000000,1.593258,0.000000,0.000000,16.098011,4.596829,0.280446,0.000000
0.000000,3.495935,0.000000,1.016382,0.000000,0.000000,0.000000,0.035594,4.253362,1.767840,0.000000
0.000000,0.348749,2.297267,0.539808,0.000000,11.616780,5.040863,0.532615,2.613927,0.000000,0.000000
0.000000,2.721104,2.122868,7.171630,3.176099,0.000000,0.000000,3.538940,0.000000,0.000000,5.765938
7.212875,4.165219,0.057326,0.000000,0.000000,3.395188,0.000000,6.495910,2.651444,0.000000,0.000000
0.000000,0.000000,0.000000,1.747746,2.910605,2.946719,0.696641,2.021781,0.000000,0.000000,0.000000
5.079685,0.000000,4.307025,0.941468,0.000000,0.000000,0.000000,7.761241,5.254993,5.535769,0.000000
0.000000,0.321744,0.000000,0.611534,0.000000,0.000000,15.605533,0.000000,0.000000,4.051463,6.420797
0.518024,0.000000,8.618110,0.000000,0.999497,0.000000,0.000000,12.126280,7.386416,0.000000,0.000000
13.316618,0.000000,2.028135,3.183994,2.165140,0.000000,4.689347,0.000000,4.183246,13.653400,0.000000
0.000000,5.926454,0.000000,0.000000,5.411585,0.000000,1.212784,0.818846,0.000000,4.721649,0.000000
0.000000,1.087844,0.000000,0.000000,0.000000,9.198578,3.407860,0.000000,0.000000,1.212781,2.100117
0.000000,5.753720,0.000000,0.000000,2.522621,0.000000,3.453126,9.824036,0.000000,0.000000,4.482713
11.253148,3.178266,0.000000,9.787169,2.481641,0.000000,0.000000,0.000000,0.000000,0.000000,0.000000
0.000000,0.000000,1.943433,0.000000,1.321481,0.000000,14.886029,0.000000,4.744545,0.000000,2.156505
0.061968,0.000000,0.000000,0.000000,6.891370,0.000000,0.675501,0.000000,0.000000,0.000000,9.469077
2.343959,4.123252,0.000000,0.000000,0.000000,0.000000,0.000000,4.790287,0.000000,0.000000,4.771391
1.322457,8.501606,3.466790,2.252765,0.000000,3.376221,3.029853,0.000000,0.600952,0.000000,3.877243
2.925189,0.000000,0.000000,8.552109,0.000000,3.635329,0.000000,1.723921,1.311771,0.000000,3.610902
1.850667,0.000000,0.445455,4.572501,0.000000,1.904891,8.586071,0.000000,1.565745,1.103239,1.623077
0.000000,0.591770,0.000000,0.000000,0.000000,0.000000,0.000000,6.745766,0.000000,12.072970,0.000000
2.682552,0.467233,0.000000,0.518134,0.625739,0.000000,3.528872,0.478068,0.000000,0.000000,4.397003
0.000000,4.325436,2.990737,0.753521,1.415531,0.111229,0.000000,0.980900,0.000000,0.000000,4.898868
8.699142,0.000000,0.000000,12.686431,0.781981,0.000000,0.474934,0.000000,0.000000,1.175933,5.921480
2.725160,0.000000,0.000000,3.126690,5.643927,1.948038,0.000000,11.136274,0.000000,3.591988,0.000000
3.843744,11.137434,0.286111,3.614045,0.000000,0.671992,2.149931,0.000000,0.860421,0.000000,0.775700
0.000000,1.355624,0.930149,0.000000,0.899553,0.924228,0.000000,2.793440,6.805321,3.747064,1.215384
1.285482,0.000000,0.000000,0.000000,4.442620,0.000000,4.679317,0.000000,2.218988,0.000000,1.441163
1.843345,0.940070,0.000000,7.145193,2.541484,0.000000,1.389809,0.000000,0.000000,0.000000,4.834004
7.831367,1.265919,1.949064,0.000000,3.338151,4.473713,0.000000,8.885749,18.261903,6.747701,0.000000
0.000000,1.689842,0.000000,5.676527,0.000000,0.000000,0.172806,0.588633,0.000000,0.000000,0.000000
0.000000,0.000000,6.770638,6.859264,0.000000,0.424672,13.092806,5.383639,0.227456,0.000000,0.000000
0.000000,4.181914,1.050404,0.000000,0.955620,0.000000,0.122003,9.632033,2.227793,0.000000,0.923922
0.722498,3.475508,5.979453,2.829412,1.219147,6.164689,2.757053,1.655880,0.000000,3.609370,4.950874
2.040938,0.000000,2.673277,0.000000,1.348667,0.000000,0.000000,2.358870,0.000000,1.381206,0.000000
0.000000,1.400833,7.172710,0.000000,0.000000,0.000000,0.000000,0.000000,2.403107,1.423935,1.865747
2.244753,1.898905,0.000000,0.671606,2.114157,4.671059,0.000000,3.359074,2.140268,3.759895,0.000000
3.519701,2.200751,1.327104,2.193987,0.000000,0.000000,0.949894,0.652100,4.015449,1.131734,2.553112
3.197742,4.954738,0.000000,0.000000,0.000000,0.000000,2.113077,0.000000,0.320841,0.000000,0.000000
0.000000,0.000000,0.000000,0.000000,1.846126,0.000000,0.000000,2.842905,0.000000,0.000000,0.000000
6.329334,0.000000,2.938060,0.000000,0.000000,3.139140,1.800301,0.000000,0.000000,0.121211,0.979655
2.163550,2.648132,0.000000,0.000000,7.590252,0.000000,2.107449,0.000000,1.608890,0.000000,0.000000
2.397457,2.850808,0.000000,0.000000,0.000000,0.000000,0.000000,2.098248,4.613727,0.848758,4.159431
2.916233,1.765672,3.106855,0.000000,1.957869,0.000000,5.527850,2.712652,0.000000,0.000000,0.000000
1.103056,0.000000,0.539000,2.070490,2.322940,0.000000,4.019735,0.802179,6.383077,6.411582,0.000000
0.000000,0.964776,0.925178,0.000000,3.266981,0.529405,1.275453,0.000000,1.576836,0.271232,0.912448
4.126921,0.000000,0.000000,0.000000,0.000000,0.000000,0.165521,0.000000,0.000000,0.000000,1.843114
9.688239,0.808589,3.213330,5.328345,0.000000,1.428135,1.263915,0.000000,0.545436,4.066880,0.000000
8.461479,1.175001,1.688204,0.550135,0.000000,0.000000,0.000000,0.000000,1.276191,0.000000,10.370258
0.000000,0.000000,0.000000,5.131780,0.000000,0.000000,5.144019,6.141485,2.906684,0.541164,2.816659
6.746761,1.975246,0.000000,4.050859,0.000000,0.000000,9.520611,4.322253,0.000000,1.899981,0.000000
1.725437,0.000000,2.277643,0.000000,0.718366,4.985495,0.000000,0.000000,0.000000,0.000000,3.773256
10.236984,1.367880,1.386705,0.000000,0.000000,0.000000,4.226023,0.000000,1.344333,1.623257,0.667113
1.843930,5.208582,1.296187,3.645423,9.464027,3.028558,5.259599,0.678006,2.224018,0.978597,2.622944
6.237439,4.828270,4.566352,4.945338,4.922954,2.137644,0.000000,0.519675,0.047835,0.000000,0.000000
0.000000,8.203949,0.938063,13.621555,0.000000,1.287883,3.781985,0.000000,0.000000,7.760119,0.000000
2.097718,0.000000,0.000000,0.000000,0.112280,0.000000,1.373074,7.385198,6.892286,5.897434,0.000000
0.000000,0.000000,2.253794,1.855150,0.155879,0.206112,0.000000,1.356697,0.000000,0.000000,3.866230
0.000000,0.843077,1.242467,2.086265,0.000000,2.861957,0.000000,3.222146,2.140757,1.634301,6.618373
0.000000,9.843551,0.000000,4.040846,0.000000,0.000000,0.000000,0.000000,1.895594,0.314198,0.000000
3.071904,1.069683,0.000000,1.193678,0.000000,0.773035,3.404542,0.000000,0.000000,3.104463,6.740692
5.560680,0.000000,1.118202,2.423809,0.000000,0.000000,3.395021,1.003849,0.000000,0.000000,3.874435
3.033445,0.000000,0.000000,0.000000,0.000000,0.000000,1.502691,0.405160,0.000000,1.220529,0.000000
2.098584,0.000000,0.459100,0.848081,0.176938,0.000000,1.238398,14.192924,0.000000,0.000000,0.000000
0.000000,2.915045,0.000000,0.632973,0.000000,1.911365,3.824852,0.000000,0.000000,0.000000,3.314070
5.633793,0.000000,6.242577,2.890529,0.000000,7.798216,0.000000,0.000000,0.000000,3.186612,14.409001
0.000000,0.000000,3.030027,0.634392,0.000000,4.166833,0.000000,1.732750,10.668418,0.000000,0.000000
2.460109,0.629309,0.000000,0.000000,0.740482,0.000000,0.460987,0.000000,3.732816,7.938047,2.618514
6.332047,0.000000,4.300639,0.327826,1.999464,0.000000,0.000000,3.486138,3.358526,0.536153,1.139529
6.870985,0.962185,4.989160,0.000000,0.870686,0.000000,1.167794,0.000000,2.004491,3.678865,2.121271
1.173342,0.000000,0.000000,0.000000,1.362818,1.847438,2.796072,0.000000,0.000000,3.912059,0.532232
2.162424,4.794968,6.855791,2.556516,4.958305,2.463714,2.850003,3.314451,0.000000,0.025725,0.000000
0.000000,1.193532,0.000000,2.619960,1.114462,0.483818,2.122107,1.509852,0.000000,0.000000,6.126164
0.000000,3.389368,3.562446,1.071307,0.000000,0.000000,2.821044,0.000000,3.728365,0.493147,4.203192
0.000603,0.000000,0.000000,0.000000,2.254782,3.460625,3.822940,1.422528,0.000000,5.534334,0.000000
4.322554,0.000000,0.000000,0.000000,0.000000,0.000000,1.529989,0.000000,0.000000,0.000000,3.100039
0.000000,0.000000,8.236351,7.416236,0.000000,2.380432,0.856023,0.199499,7.013494,0.000000,0.000000
4.347090,0.000000,0.000000,0.000000,0.000000,0.000000,0.405278,4.824263,0.258460,0.000000,0.000000
2.676071,3.200473,5.664492,1.475584,0.000000,4.514082,0.000000,1.012402,0.000000,5.693541,0.988383
0.000000,0.000000,0.000000,0.000000,0.203401,0.000000,0.000000,5.874413,0.000000,0.000000,2.780304
9.035670,5.663399,2.212280,0.000000,0.000000,1.210540,1.596004,0.000000,0.247755,7.124371,0.000000
0.000000,2.410704,3.121655,0.000000,0.223983,0.034630,1.631337,0.000000,1.596360,6.278666,0.000000
5.669410,2.915577,4.894604,5.748583,0.526115,3.088489,4.302226,0.000000,0.945013,1.353592,0.000000
0.000000,2.720483,0.000000,0.000000,2.232181,0.000000,0.000000,0.000000,2.493578,0.000000,0.799043
0.000000,0.000000,1.059154,0.000000,0.482033,3.646085,0.000000,3.171456,3.612772,0.354546,4.362173
0.000000,7.257459,8.247521,1.933467,0.000000,0.000000,2.233863,0.000000,0.000000,4.593490,0.000000
3.784046,0.000000,0.000000,0.000000,9.960297,0.849711,0.456157,11.375170,0.000000,0.000000,0.000000
5.072067,1.695254,0.000000,0.133050,7.417646,1.112710,5.255494,0.000000,0.000000,0.000000,0.489008
0.065016,5.710209,0.000000,9.184959,0.000000,2.050418,0.000000,0.000000,1.872476,3.058383,0.000000
0.780812,0.000000,0.000000,0.000000,0.552672,0.000000,0.000000,1.347488,9.408320,12.017074,2.086436
3.632359,0.000000,3.561709,0.000000,8.144061,0.000000,3.141341,0.000000,4.722358,0.000000,0.000000
0.000000,2.739401,0.000000,1.178109,0.000000,0.000000,0.000000,0.000000,0.000000,0.000000,0.000000
1.075964,0.566630,1.054669,1.271793,2.255526,0.000000,0.000000,2.769933,1.242863,0.307012,8.410122
6.558307,0.000000,2.971871,0.863127,0.000000,5.366536,0.000000,1.121260,0.000000,2.288981,0.000000
2.040547,0.000000,0.000000,0.000000,5.691924,0.000000,5.029210,4.538861,0.000000,0.000000,3.069628
0.000000,8.120028,0.000000,0.000000,10.920430,0.000000,3.380002,0.000000,0.000000,0.000000,3.213378
0.000000,0.000000,0.156702,4.547744,0.000000,0.000000,1.242625,1.410466,0.000000,0.000000,0.000000
0.334301,0.000000,0.000000,5.310754,0.000000,0.000000,0.000000,13.503713,3.363002,1.503872,0.046289
0.000000,0.000000,2.399408,0.422690,2.355982,3.559441,0.000000,0.053820,1.354218,1.562356,0.000000
2.604240,0.000000,3.334995,7.667315,0.000000,2.144036,2.404981,0.000000,1.027729,0.000000,2.490210
0.000000,0.000000,0.000000,6.992779,2.209232,0.000000,1.309494,3.358511,0.000000,0.000000,0.895220
0.000000,0.000000,0.000000,2.634544,0.000000,0.000000,0.000000,1.814609,4.030037,2.740967,0.000000
0.000000,0.000000,0.845076,0.000000,1.560012,2.414628,3.243640,3.372675,4.760486,0.276110,5.527315
2.232203,0.000000,0.000000,0.460287,0.000000,0.058184,3.198528,7.723849,8.660912,0.000000,3.588958
1.278008,0.000000,4.914862,0.000000,0.000000,0.000000,0.404534,0.000000,5.964463,5.011630,0.408498
0.460340,1.099542,0.331038,9.359673,0.000000,3.066775,0.000000,0.000000,5.305957,4.168947,7.998238
0.000000,0.382593,0.000000,0.000000,0.000000,0.000000,2.429376,0.000000,1.602562,0.000000,2.470937
0.000000,0.000000,0.000000,3.551035,0.000000,0.000000,0.726911,0.000000,0.000000,0.000000,0.000000
0.000000,2.608022,5.294165,0.000000,2.265458,2.873580,0.000000,0.000000,2.908224,3.870770,0.000000
10.986536,0.000000,0.692275,6.113585,5.093401,0.000000,1.507242,0.000000,2.223815,0.000000,0.989681
0.000000,0.000000,0.000000,10.598886,0.000000,6.246281,0.029814,3.065271,0.227280,0.000000,3.771325
2.926693,0.998107,0.717246,2.271790,2.370855,2.333043,0.000000,1.974390,2.222063,0.000000,0.000000
2.557484,0.000000,0.000000,0.000000,4.424105,0.000000,8.639946,1.516920,4.081821,0.000000,0.000000
0.000000,0.000000,8.104247,0.000000,0.000000,0.000000,0.048639,0.000000,0.000000,2.036037,1.806281
1.279359,4.740323,0.000000,3.992006,0.000000,0.000000,8.215049,3.852416,4.032967,0.000000,4.974684
9.147325,6.646773,0.359047,0.000000,0.000000,1.874955,0.000000,5.262860,3.246436,7.059246,2.209704
2.691525,0.000000,10.416741,4.042518,0.186130,3.794651,0.000000,0.598105,0.000000,0.165478,2.177600
3.755018,7.422756,0.000000,0.000000,0.000000,1.064776,0.000000,5.387174,7.862986,0.000000,0.000000
5.068640,0.000000,3.776159,7.617036,0.000000,0.395578,0.000000,0.000000,0.000000,0.000000,1.314588
0.000000,2.404950,3.393780,0.000000,6.734224,1.209598,2.473530,0.421575,2.435867,0.000000,0.000000
1.724543,0.000000,2.543347,1.393792,5.248279,7.050282,0.000000,0.000000,2.209011,0.254391,9.100181
0.000000,0.000000,4.364726,7.199034,1.949809,0.000000,4.864979,0.895242,1.879170,0.000000,0.000000
4.633197,0.000000,0.972529,0.000000,3.989426,9.079806,0.000000,0.000000,0.000000,14.057783,0.000000
8.236757,0.296743,0.000000,0.997754,0.650019,0.000000,0.000000,2.271288,0.000000,1.086116,0.000000
1.792506,0.000000,6.318633,0.000000,3.940599,0.000000,0.137387,0.000000,0.873049,0.000000,0.000000
8.588108,0.394338,0.000000,0.000000,1.419667,2.578088,0.878369,0.593190,0.000000,4.703480,1.986537
7.530317,0.448996,0.302216,2.200551,4.703369,0.385578,5.129416,1.761875,0.000000,6.850402,0.000000
0.372203,0.000000,0.000000,0.000000,6.531231,1.923400,0.000000,1.188158,3.085198,0.000000,0.000000
1.334375,0.000000,1.235274,0.924885,1.272500,0.000000,0.218292,0.000000,0.000000,0.000000,1.136001
0.000000,2.799758,5.347698,0.000000,1.973443,13.528509,18.479510,6.335288,0.000000,0.000000,0.000000
5.538148,4.671824,5.087852,0.000000,1.022823,2.042267,0.000000,0.000000,0.000000,0.000000,0.000000
0.000000,14.144172,0.000000,12.418190,0.000000,2.558595,1.660560,0.000000,0.000000,6.567625,0.000000
0.000000,3.999758,0.839338,0.000000,0.000000,0.000000,0.473626,1.773836,0.542175,3.400606,0.000000
0.493428,2.124002,1.759065,0.000000,4.283315,18.990079,1.125255,0.698203,0.000000,0.000000,0.000000
2.521456,0.000000,7.807207,0.000000,0.673678,2.724338,0.058942,0.000000,0.000000,0.000000,0.000000
0.000000,5.928058,0.000000,1.605712,3.450194,0.000000,0.000000,1.754143,2.951865,0.000000,14.346071
7.558234,0.000000,10.984736,1.671509,0.000000,0.000000,0.000000,3.490986,4.370917,0.000000,0.000000
0.000000,1.439850,1.239057,4.805431,8.546522,2.338973,0.000000,1.109367,0.000000,0.000000,1.816816
0.000000,0.142327,0.000000,0.000000,0.000000,0.000000,0.000000,0.000000,2.566392,0.000000,0.000000
3.487717,0.000000,0.467614,1.506286,0.000000,1.884791,3.214529,12.561535,0.000000,0.000000,0.000000
2.424055,3.745337,0.000000,0.000000,0.000000,9.361423,0.000000,6.156747,1.873253,1.149958,0.000000
2.441246,0.000000,1.490366,0.000000,2.383558,0.916487,12.940003,7.041453,0.000000,0.000000,0.378700
0.000000,0.389621,3.469982,0.000000,0.000000,0.000000,2.039564,0.000000,0.000000,4.727064,0.000000
0.000000,3.700562,7.587807,0.000000,0.482627,27.654050,0.000000,1.799768,5.943606,1.362636,0.000000
0.815345,0.000000,5.001822,1.828445,1.536020,3.993729,1.572532,3.623023,0.000000,0.000000,0.000000
2.309241,0.937003,0.000000,4.014604,0.000000,0.000000,0.000000,0.000000,2.976693,0.000000,4.418252
0.000000,1.756764,0.000000,3.305424,0.000000,0.345859,5.111551,0.000000,20.232973,0.000000,3.565410
0.000000,4.782163,0.000000,0.000000,3.240482,2.359514,0.000000,1.894025,3.422249,0.000000,0.000000
0.000000,0.000000,6.661013,0.728674,0.000000,0.000000,0.000000,2.960287,6.533230,0.470738,1.828080
0.000000,0.000000,0.000000,0.000000,0.000000,1.853300,16.825545,2.336818,0.155258,2.367687,1.688504
1.105642,0.618279,9.699923,0.000000,0.000000,0.000000,1.702638,8.262016,0.000000,10.407769,0.000000
5.704701,0.000000,0.436241,1.119111,2.146562,0.450367,1.352693,12.027935,5.911005,2.070786,0.000000
0.000000,2.134239,0.000000,1.245801,0.000000,0.000000,1.630516,0.000000,1.256356,4.266693,0.000000
5.603627,0.000000,0.000000,0.000000,0.000000,8.641011,0.000000,0.000000,2.967354,3.323264,0.000000
1.365782,0.888526,0.000000,10.963669,5.959725,0.000000,1.450770,0.000000,0.000000,1.309190,0.000000
2.968133,0.000000,2.908679,5.323794,0.000000,11.983851,3.341322,7.873087,0.000000,2.963825,2.299940
0.859561,0.000000,2.578562,4.145463,7.150740,9.092719,0.432600,0.000000,0.000000,0.000000,0.000000
3.301423,3.542744,0.000000,0.000000,5.819950,2.935316,6.454947,6.787567,0.000000,0.000000,4.494918
0.000000,0.000000,0.000000,0.000000,1.019714,1.413035,0.000000,2.133444,7.333603,1.611701,5.269332
0.000000,0.000000,0.000000,0.000000,12.783357,0.000000,6.305848,0.000000,0.000000,0.000000,0.863281
0.000000,0.000000,6.935659,0.000000,0.696955,0.000000,17.917324,0.000000,0.000000,6.026495,10.484006
0.000000,11.367445,0.905735,0.000000,0.000000,0.000000,6.986917,3.558212,0.000000,9.286384,11.172420
10.429147,0.000000,0.000000,1.730817,5.220858,7.027547,3.919368,0.000000,0.000000,0.000000,3.103885
0.000000,0.000000,0.000000,0.000000,0.729310,0.000000,0.000000,0.000000,0.000000,7.891410,0.000000
0.000000,9.157143,12.164824,0.000000,1.106592,0.000000,1.386692,0.000000,4.399532,0.000000,0.000000
0.000000,9.976540,4.541024,0.000000,0.000000,0.000000,3.681860,0.872604,1.168258,0.000000,0.000000
5.799627,1.713698,5.177159,0.000000,3.586942,6.467263,0.000000,0.000000,2.386317,1.718237,3.808057
3.412830,0.000000,0.000000,2.031256,4.375538,1.274528,0.000000,0.029285,5.238337,0.000000,0.000000
3.605275,0.852731,0.000000,4.923726,0.042552,3.959549,6.696345,0.000000,0.314230,2.049449,0.000000
6.541346,0.000000,6.699536,0.000000,1.836146,2.107703,0.000000,7.889388,0.185797,0.000000,0.736454
0.000000,0.922826,0.000000,0.000000,0.000000,0.000000,4.174803,7.279531,0.000000,12.477393,0.000000
4.029086,12.027209,0.000000,4.749603,0.000000,15.827833,0.000000,3.008892,6.572209,1.534622,0.000000
11.705066,6.556864,0.000000,2.506692,2.735179,0.000000,0.000000,0.000000,0.000000,1.755387,0.000000
0.000000,7.461575,0.000000,0.000000,0.628499,8.006750,0.000000,12.334505,0.000000,4.544968,0.000000
2.112114,1.735999,2.175603,0.911680,6.914403,2.323197,7.813083,6.669068,2.265989,2.376945,0.000000
0.000000,2.553155,0.000000,3.153731,1.195148,0.000000,4.287953,0.000000,0.540674,0.000000,2.359655
0.000000,2.910936,0.545409,0.000000,0.000000,8.729722,0.000000,0.000000,0.000000,2.537220,5.460180
0.000000,0.000000,14.799284,10.384549,3.620060,0.000000,10.947987,0.000000,0.000000,6.043918,8.297054
0.000000,0.000000,0.000000,3.783011,0.000000,0.000000,1.130961,1.395577,0.337540,1.307870,0.000000
7.054034,0.000000,10.857056,0.000000,0.000000,8.206646,2.083044,0.000000,0.758978,2.053657,0.000000
0.000000,3.325352,0.000000,1.950619,3.051426,0.000000,2.689654,0.000000,14.694314,0.000000,3.296817
0.000000,1.603599,3.166374,7.664337,12.681469,0.000000,13.505475,0.000000,4.812244,3.671360,0.000000
2.802405,0.000000,0.909567,0.000000,15.653952,0.000000,6.653147,1.231488,0.000000,0.000000,1.665832
0.225583,1.206140,0.000000,1.504625,0.000000,0.149009,5.613025,0.000000,2.930594,0.000000,0.000000
3.982793,10.017250,0.000000,1.213293,0.000000,1.647268,0.000000,0.000000,0.000000,5.315324,1.127519
0.000000,3.040708,0.000000,0.000000,0.000000,0.000000,0.000000,12.978616,0.000000,2.296186,1.617498
0.456189,0.000000,10.553260,11.850670,1.635020,0.000000,0.000000,7.566046,8.077452,0.000000,0.000000
12.568616,5.710376,0.294792,0.000000,0.000000,3.011114,0.000000,2.639387,10.737710,5.483069,8.250173
0.000000,14.521782,0.000000,0.000000,6.110445,3.400353,0.000000,1.454999,1.305596,8.040915,0.000000
0.000000,0.000000,4.706393,12.715384,0.794781,0.000000,0.000000,0.000000,1.875280,4.495303,9.237586
0.000000,0.000000,21.569133,0.000000,0.000000,0.000000,1.858705,0.000000,0.000000,3.127224,0.000000
0.159353,0.000000,0.000000,0.000000,0.000000,2.351826,5.049788,0.000000,32.776333,11.056830,0.000000
0.000000,0.000000,7.362338,14.095543,2.445749,12.942366,1.807359,0.000000,4.969741,1.963832,0.000000
1.801293,0.156461,8.323770,4.541199,8.488305,2.780576,0.000000,18.981385,4.383927,0.000000,0.000000
14.350746,5.379734,2.759319,2.485307,0.000000,15.683161,1.587400,8.388880,0.834944,0.780371,0.000000
0.000000,0.693649,10.933922,0.000000,6.223297,1.979666,4.650059,0.000000,8.161610,0.000000,1.581884
0.000000,3.422401,6.947803,0.000000,0.000000,0.000000,2.696561,9.762115,0.000000,2.780758,0.000000
0.000000,0.625812,0.000000,6.411074,0.000000,0.000000,4.250361,0.000000,0.000000,12.599417,0.000000
6.641647,11.403533,0.000000,0.685293,0.000000,0.000000,6.690466,0.000000,0.000000,3.281735,1.972613
4.815115,7.980238,0.000000,1.670531,0.000000,2.264745,0.000000,0.000000,0.000000,0.000000,0.000000
0.000000,0.000000,0.000000,0.000000,6.987395,0.000000,3.516447,2.970644,9.135628,4.383858,0.000000
0.466621,2.270408,9.169198,3.626701,0.000000,0.999732,0.421575,0.000000,8.032839,0.000000,8.169315
3.971135,0.000000,0.000000,0.000000,2.929131,0.000000,2.835973,0.000000,0.000000,0.000000,0.000000
0.000000,4.219909,0.000000,18.923189,8.530780,0.000000,0.000000,7.154066,0.849118,6.349187,11.285498
0.000000,10.698200,0.233099,3.940059,4.047553,0.000000,0.000000,19.958618,6.944463,11.973347,9.091334
2.201582,1.367548,0.000000,3.899545,0.000000,2.407012,0.000000,0.000000,2.066391,0.000000,0.000000
0.000000,4.907267,0.000000,14.748338,0.000000,0.000000,3.723180,0.000000,0.000000,7.593969,8.067146
0.953731,0.000000,2.763665,5.640319,1.358521,1.461538,11.416040,5.005226,7.244279,6.856340,0.000000
1.718693,0.000000,0.000000,22.586653,0.000000,0.518837,0.000000,4.142425,1.214429,2.620230,0.000000
0.000000,0.000000,1.457997,0.000000,0.000000,0.000000,0.000000,0.000000,0.000000,0.000000,4.474344
0.000000,15.800722,0.000000,1.589470,0.000000,3.111347,0.000000,0.000000,1.530408,7.034021,4.691105
9.183574,0.000000,0.000000,0.000000,2.402001,0.000000,7.948612,0.000000,0.000000,0.000000,0.000000
0.276891,0.000000,0.000000,2.661835,0.000000,0.000000,0.000000,0.000000,6.892646,0.000000,0.000000
12.780124,0.000000,0.000000,3.494595,2.360629,2.144606,0.000000,0.000000,11.275092,0.511595,12.104352
9.205827,0.000000,0.000000,0.000000,0.000000,0.000000,0.000000,9.305236,3.443628,0.000000,0.000000
0.000000,2.611806,0.000000,12.485031,5.369447,0.000000,0.000000,0.000000,1.151797,0.000000,0.000000
0.000000,0.000000,14.809848,0.000000,4.559623,3.191250,0.527113,6.220340,3.966604,0.000000,0.999646
1.975594,0.001549,0.222391,0.000000,0.000000,0.000000,0.000000,0.000000,1.090248,0.000000,2.251315
0.000000,1.307911,7.826060,5.768654,0.000000,0.000000,4.888208,1.485409,0.000000,0.994338,10.240827
2.241150,9.447961,0.857333,10.073511,0.000000,0.000000,0.309051,18.456910,3.449294,0.000000,0.000000
2.139664,5.064920,5.249021,16.618776,4.018822,0.000000,13.796616,4.513809,5.718959,11.180379,16.675250
6.123772,0.000000,8.032668,4.670298,16.697280,0.974558,0.000000,0.000000,2.547831,0.000000,1.712824
0.000000,14.512482,0.000000,0.000000,2.394768,0.000000,15.435280,0.000000,0.000000,0.000000,0.000000
9.857945,2.952715,2.438363,2.170488,5.855873,2.337398,8.054074,0.210367,0.000000,1.180685,6.596170
0.000000,0.000000,0.000000,1.222342,0.000000,0.000000,0.000000,0.000000,4.195219,1.391164,22.585440
4.741376,0.000000,0.000000,0.229597,0.000000,0.622261,0.000000,0.000000,4.604810,0.000000,0.000000
4.196783,0.000000,25.241849,0.000000,4.147270,4.090230,25.654896,3.975727,9.158108,0.000000,6.199027
9.587702,0.000000,0.000000,2.533884,12.761777,0.000000,7.224000,0.000000,0.000000,0.000000,0.000000
0.000000,12.553068,0.000000,7.294137,0.000000,7.680060,8.886119,15.563425,13.439256,3.985628,3.156963
1.638280,0.000000,0.547009,2.885774,18.020973,0.000000,17.178276,0.000000,6.275107,29.133396,1.031442
0.614133,0.000000,0.598867,0.000000,0.000000,3.330308,6.224463,5.108942,0.000000,8.845535,0.000000
0.000000,0.212926,0.000000,0.000000,4.715677,9.520123,1.283895,4.751407,0.084300,7.681149,0.000000
0.000000,2.124934,0.000000,12.172118,9.139172,4.280419,0.656428,0.691937,24.472645,0.000000,14.020060
0.000000,1.545197,0.884227,8.037224,1.856919,10.909220,12.923933,9.573056,3.828368,0.000000,0.000000
10.599300,0.000000,0.000000,1.704906,0.000000,0.000000,12.994316,0.386899,0.000000,0.000000,0.317477
20.357082,8.592677,0.000000,17.837265,5.778640,0.196245,0.000000,0.000000,0.000000,6.105383,6.170588
0.000000,1.049253,0.000000,8.735395,0.000000,0.000000,2.342980,5.095223,0.000000,0.000000,2.313712
0.000000,6.121423,0.000000,8.740671,0.000000,0.000000,0.239161,9.952734,0.000000,11.403059,0.000000
0.000000,6.321925,4.431090,4.730117,12.414529,0.000000,0.000000,13.167886,0.000000,0.000000,0.000000
2.441253,15.790818,0.000000,3.050805,0.941723,8.819465,1.915654,8.518494,0.000000,0.000000,1.750884
0.000000,0.000000,0.000000,0.000000,4.366645,2.754973,0.000000,20.658116,0.636450,7.924036,5.965927
0.000000,0.000000,12.191752,0.000000,25.643906,0.000000,0.000000,0.000000,0.000000,0.000000,0.000000
0.000000,0.000000,0.995416,0.000000,1.796689,0.000000,9.084415,8.345401,0.000000,0.000000,0.000000
0.000000,0.000000,0.000000,14.983220,0.000000,3.333887,0.000000,0.000000,27.584050,0.000000,0.000000
4.783394,0.937285,14.231946,0.000000,0.000000,0.993206,4.129837,5.168080,0.000000,0.000000,0.000000
9.045159,0.704792,6.833770,3.335307,9.318484,6.636350,0.000000,5.125389,0.000000,0.000000,0.000000
3.924133,1.063112,9.522874,2.788616,3.728614,2.054244,0.000000,0.000000,6.126136,0.000000,14.423693
6.654929,0.000000,0.000000,7.556648,18.803838,10.997033,0.000000,0.000000,0.000000,0.000000,0.000000
11.075865,8.686095,12.833021,0.000000,6.436554,18.265252,0.000000,4.944361,0.000000,3.186772,0.000000
3.277308,0.000000,15.412248,3.868577,0.169114,0.000000,0.000000,2.710215,0.375240,3.933383,0.000000
0.000000,6.299276,0.000000,0.000000,0.000000,0.000000,1.971084,0.000000,6.062218,12.912627,7.960564
0.000000,5.031984,1.554118,0.000000,0.000000,0.000000,1.865705,2.787975,0.000000,6.295427,0.000000
1.658629,0.000000,0.684237,2.004184,3.158128,7.852143,0.000000,0.000000,0.000000,3.137321,2.998301
4.171751,0.000000,0.099725,1.694113,0.975335,6.430084,3.906851,6.610539,3.131449,0.000000,0.000000
0.000000,5.401250,1.927414,2.817344,0.000000,1.567062,8.750961,2.372087,11.695143,0.000000,3.872558
0.000000,0.000000,0.000000,0.000000,3.542601,0.000000,0.000000,0.000000,7.641953,3.262187,1.517024
4.931156,0.204368,12.135014,8.662553,13.661139,0.000000,4.149793,0.000000,0.000000,0.000000,0.000000
10.912698,14.300873,16.689783,0.000000,0.407229,6.758891,0.441991,2.063259,14.153604,0.000000,3.380825
0.000000,0.000000,0.000000,0.000000,0.000000,7.486667,0.000000,0.000000,0.782351,0.000000,0.120942
0.000000,2.955402,0.000000,2.170990,0.000000,2.833908,0.561685,16.790013,0.000000,2.717159,0.000000
5.713878,8.588408,0.000000,0.000000,5.675721,0.000000,0.000000,2.251020,9.134477,0.000000,8.967395
0.000000,0.000000,0.000000,6.815394,7.586228,0.000000,0.239196,0.000000,1.456131,3.121968,3.308453
21.316261,2.345125,5.819902,0.955075,0.000000,0.000000,0.000000,0.000000,0.000000,2.680661,0.000000
29.454481,2.092010,0.000000,2.863321,6.833521,2.728675,3.912293,3.182810,1.537792,0.000000,10.630429
3.161582,0.000000,0.000000,12.120470,0.000000,1.867941,0.000000,0.000000,1.852509,0.000000,0.000000
1.813524,9.164849,4.409724,0.935531,0.000000,3.963855,0.000000,7.306151,0.000000,10.331858,9.495539
0.000000,0.000000,5.504544,0.000000,0.000000,0.000000,0.000000,0.000000,0.263961,0.000000,11.355861
0.000000,12.110304,7.259139,4.070433,10.286411,0.000000,0.000000,0.000000,9.193921,1.264560,0.000000
1.912228,20.783669,3.757155,15.908648,0.000000,1.155871,0.000000,4.305397,6.042668,12.413543,0.000000
0.000000,0.000000,0.000000,3.084704,0.000000,10.196828,2.951370,1.808623,12.233639,0.000000,0.000000
4.278862,7.380870,0.000000,0.000000,18.770734,0.000000,0.000000,0.000000,0.000000,0.000000,0.000000
0.000000,3.097399,0.000000,3.961593,9.471465,1.807253,0.000000,10.361267,0.000000,12.971517,0.000000
2.378232,3.011459,0.827380,4.154915,1.496114,5.049760,0.000000,10.116497,7.266240,0.000000,27.016406
1.394367,0.000000,0.000000,11.864998,12.545909,0.467450,0.000000,0.121471,0.000000,2.332317,25.344284
0.000000,7.445891,4.408963,0.000000,0.000000,8.722653,0.000000,0.000000,1.638754,0.000000,8.351742
0.000000,1.811885,0.000000,13.070745,0.000000,2.806109,0.000000,0.000000,1.455251,0.000000,0.000000
1.298401,1.649063,0.000000,0.000000,0.183069,1.910428,0.000000,18.052367,0.240579,20.664002,1.293888
0.000000,0.000000,4.867090,0.000000,2.945957,0.000000,0.000000,7.090075,18.811512,3.254187,0.319424
14.339465,1.154725,1.616687,19.506690,0.000000,0.000000,0.000000,0.813475,2.958339,9.995339,2.289435
19.944512,0.000000,11.225615,4.650501,0.000000,0.000000,1.169189,0.000000,14.446712,1.411070,18.911654
0.000000,0.000000,0.000000,1.256876,0.000000,0.000000,8.043783,6.390601,0.000000,5.700137,5.656222
3.848872,6.884855,2.578257,0.000000,6.146071,0.000000,0.000000,0.000000,5.085276,2.420816,0.000000
10.400083,0.000000,0.000000,0.000000,0.986640,6.480624,0.000000,4.348542,0.000000,0.000000,4.401638
1.841595,3.498120,10.437574,3.262365,2.609984,0.000000,0.000000,2.287289,0.000000,3.980579,0.000000
6.594831,0.000000,0.000000,13.310720,0.000000,0.000000,0.382284,0.000000,3.177336,9.368543,0.000000
4.258677,7.499443,0.000000,7.691473,0.000000,6.142074,14.232062,0.000000,1.591541,0.000000,0.000000
1.844565,1.704010,4.255630,0.000000,0.682309,0.000000,0.000000,0.000000,0.000000,0.000000,0.000000
11.233848,3.278626,11.416524,0.000000,3.132269,0.000000,0.000000,0.000000,3.184503,8.109798,1.261273
1.533935,0.000000,1.707727,3.223822,0.000000,0.000000,0.000000,5.880576,0.000000,0.000000,17.253945
8.979240,0.000000,0.000000,6.621871,5.417853,5.113181,1.316321,13.169946,3.010606,0.000000,7.864415
4.120838,0.000000,0.000000,0.631313,0.576028,17.691619,3.940042,8.814936,0.000000,17.490270,0.000000
2.127777,1.780007,0.000000,2.347337,0.000000,1.940896,4.205007,0.000000,0.000000,3.470738,8.414023
25.426471,5.409085,4.095486,3.187106,0.000000,0.000000,3.919927,0.000000,6.260218,2.512639,3.581604
8.899898,0.000000,0.480183,0.000000,0.806163,0.000000,3.721657,0.000000,0.000000,7.406232,3.204189
4.589483,0.000000,0.000000,0.333426,1.192862,2.554927,0.000000,0.000000,0.559780,6.326636,0.000000
0.000000,0.000000,0.000000,0.000000,0.000000,0.000000,5.386366,0.661434,0.000000,6.532185,0.000000
0.853589,11.825976,24.053184,0.000000,0.000000,0.000000,0.824180,0.000000,0.492457,0.000000,8.645400
0.000000,0.000000,0.000000,0.699652,11.431733,0.000000,2.612226,12.623856,0.103472,7.818828,0.000000
0.000000,6.765294,0.000000,0.000000,3.260143,6.387995,10.272033,0.000000,1.419860,0.000000,0.000000
4.261304,2.359612,0.000000,1.206807,7.646289,2.437029,3.672644,0.000000,0.000000,0.000000,0.000000
2.009274,0.000000,0.000000,0.000000,5.308753,0.000000,0.000000,3.699580,0.000000,0.000000,3.074686
10.820816,2.323044,3.929918,0.532436,0.000000,0.000000,0.857499,0.000000,0.000000,0.033197,6.893044
0.000000,1.138477,0.140084,0.000000,0.000000,4.749559,0.000000,0.000000,7.935781,2.286533,0.000000
0.896959,0.000000,0.000000,1.412343,0.000000,12.483646,2.834098,0.000000,0.000000,5.931430,0.000000
0.000000,5.473267,0.000000,6.665716,0.000000,0.000000,0.000000,0.000000,0.562007,8.637121,12.055719
1.981239,0.406259,3.520162,0.000000,0.000000,0.000000,0.313852,0.464007,4.849184,0.000000,7.971305
0.000000,0.000000,3.188019,0.000000,0.000000,12.198584,8.701723,0.000000,5.241589,0.000000,0.000000
3.676933,0.000000,21.706166,0.000000,0.000000,5.505948,2.387290,10.712668,0.000000,0.000000,2.307807
0.000000,0.000000,4.244941,0.000000,1.266955,2.024656,0.000000,1.579161,0.000000,0.000000,3.008359
1.906095,1.385461,0.000000,0.000000,0.806225,1.179082,0.000000,1.912468,0.000000,0.000000,10.174682
14.628296,0.000000,0.000000,3.034416,0.302630,0.000000,0.000000,0.000000,12.240039,13.267735,0.000000
0.000000,5.710274,0.000000,9.872203,0.774421,4.433573,4.830842,0.594288,0.000000,0.000000,1.197036
9.239764,1.314061,2.743089,2.146062,0.000000,2.423864,5.186575,12.674196,0.503241,9.549910,0.093773
0.000000,6.224087,0.000000,0.135753,0.000000,0.000000,0.000000,0.735700,1.417194,0.401683,0.000000
4.312529,6.462261,0.000000,0.000000,11.876410,4.421845,0.000000,0.000000,3.251931,0.000000,1.842815
11.287990,3.480248,0.000000,2.459660,3.199642,2.901386,3.856825,0.000000,4.653992,1.999541,0.000000
0.000000,0.000000,0.000000,4.093454,0.000000,0.000000,4.730625,6.649947,2.208203,1.717440,6.302311
0.000000,4.721754,0.000000,0.000000,0.000000,0.968867,0.000000,2.648555,4.130930,0.000000,7.210455
0.580983,1.488184,0.000000,3.400288,0.000000,2.760635,9.006859,0.000000,4.742595,0.191336,2.324933
3.688432,1.424351,0.000000,1.261931,0.000000,5.269627,0.000000,0.805927,8.819125,0.000000,0.000000
1.941071,0.000000,0.000000,0.000000,9.919024,0.000000,9.901002,0.000000,30.323274,0.000000,6.918379
7.172478,4.228991,0.000000,0.000000,0.961641,0.000000,2.196073,0.158749,5.599221,0.000000,1.897122
0.000000,1.607822,0.000000,0.000000,3.141235,2.644971,0.000000,0.000000,0.000000,1.982683,0.811036
0.000000,4.527567,0.000000,0.000000,0.000000,2.561566,0.000000,0.000000,1.857681,0.000000,0.000000
0.000000,1.672799,13.128080,2.979873,14.034339,5.039279,0.000000,5.638690,0.634028,0.385204,10.355743
1.894176,0.000000,4.873628,0.000000,0.000000,8.766478,7.492459,0.000000,3.794334,0.000000,0.000000
2.962519,0.678814,0.000000,7.932876,1.405495,1.194278,4.144367,0.000000,0.000000,2.356405,6.105473
4.271163,2.570341,2.167425,0.000000,0.000000,3.262256,3.609130,0.000000,0.000000,0.000000,3.154580
0.000000,0.000000,5.562142,3.676030,2.092738,0.026171,0.373472,9.785793,0.000000,0.000000,0.000000
14.446324,4.014478,0.000000,3.533557,0.000000,0.000000,0.000000,3.240681,0.000000,9.384094,0.000000
0.000000,0.000000,0.000000,3.120633,3.314457,15.800048,0.384757,0.000000,1.466610,4.658374,0.000000
16.131257,0.031929,11.612589,2.502301,0.000000,3.674400,0.542400,6.914391,5.966599,3.168731,0.000000
1.394627,1.160970,1.688906,0.000000,2.537638,0.000000,8.348285,0.000000,0.000000,8.358247,29.197004
8.598286,0.000000,0.000000,6.633369,0.000000,0.000000,0.000000,3.146171,0.000000,5.290457,0.000000
0.000000,0.000000,3.651988,0.000000,11.287255,7.633372,0.000000,5.570641,1.005443,0.000000,0.000000
0.000000,9.616560,0.000000,0.000000,0.847187,0.071664,0.000000,0.000000,2.885498,0.000000,4.231376
6.144209,0.000000,1.192560,5.161372,0.000000,14.912692,0.000000,0.000000,0.000000,10.157064,10.346878
6.058743,0.000000,1.774887,0.000000,0.846852,0.000000,0.000000,0.000000,0.000000,0.000000,0.000000
0.000000,0.000000,0.000000,0.000000,0.000000,1.049196,2.472238,4.160620,5.583428,0.000000,0.000000
1.316520,3.579450,2.993405,2.101811,0.000000,2.090775,9.291372,13.258944,0.000000,14.008298,11.187875
4.909233,0.000000,0.000000,0.000000,6.171630,0.000000,13.491514,1.405466,0.000000,1.047435,1.799038
0.000000,3.899409,0.000000,0.324460,0.000000,0.000000,2.502029,2.190545,0.000000,8.381831,0.000000
0.000000,0.000000,0.000000,0.000000,0.000000,1.071102,4.414040,2.445459,0.745879,0.000000,0.000000
2.502555,5.973331,0.000000,0.000000,0.000000,0.000000,0.000000,2.289217,0.000000,0.804936,3.672775
0.000000,0.000000,2.259510,1.198388,3.134275,2.980518,0.000000,0.000000,2.434918,2.965239,0.000000
0.000000,5.443951,2.429804,3.724714,3.270890,4.185139,0.000000,0.000000,0.314337,5.481251,0.000000
9.918704,0.000000,14.011330,4.103546,0.585273,0.000000,6.308646,3.550076,0.000000,0.000000,2.765063
5.634693,3.496627,5.284851,1.524336,0.000000,1.649689,4.697100,1.131141,0.000000,0.356214,1.529284
0.874778,0.000000,6.514175,0.082224,0.000000,0.000000,3.972735,2.167583,0.000000,0.000000,6.431846
23.763348,0.000000,1.672101,2.543159,0.000000,9.118161,3.090541,0.143173,0.000000,4.320691,0.000000
0.000000,3.400986,0.000000,0.178137,0.000000,0.000000,0.000000,1.935955,1.636731,0.000000,0.000000
0.000000,0.000000,2.619435,0.000000,6.692183,0.000000,0.000000,0.678562,1.910466,1.515850,1.344296
0.000000,1.575327,0.000000,5.376944,0.000000,1.489077,7.032528,10.706022,0.000000,0.000000,3.384898
0.925663,0.000000,0.000000,0.000000,1.440599,0.000000,1.130982,0.000000,2.828263,3.364153,0.725295
0.000000,2.549868,8.349330,2.970754,1.799988,0.000000,0.000000,0.000000,4.335151,1.635586,0.000000
0.000000,0.000000,1.646639,4.628559,0.173448,2.577874,1.912199,6.359851,0.000000,0.328855,3.352244
0.000000,0.000000,5.421788,2.957733,9.720362,7.586481,5.959812,0.000000,0.000000,0.000000,1.661180
0.000000,8.040587,3.304118,0.000000,11.135234,1.379697,0.000000,7.999173,0.000000,0.000000,2.647668
0.000000,0.000000,0.000000,0.000000,0.000000,8.162753,2.991928,0.126200,0.000000,3.446130,0.000000
0.000000,0.000000,0.592193,2.326004,0.335812,4.345434,2.437628,0.000000,7.831246,0.000000,0.000000
1.316117,2.274207,1.270804,0.000000,0.000000,2.748848,15.360510,3.873058,0.000000,0.000000,0.000000
0.000000,0.000000,0.000000,18.590042,4.788604,0.000000,1.107847,7.458471,9.411181,8.101148,0.000000
0.689874,0.853545,2.077910,0.000000,0.950441,0.000000,18.865895,0.000000,6.821435,0.000000,0.000000
0.000000,0.000000,0.606733,3.070856,5.777033,6.761547,0.000000,7.859411,1.192839,12.234920,0.000000
1.530994,0.000000,2.403618,0.000000,0.000000,0.303367,8.734626,4.028961,0.000000,0.000000,0.000000
0.000000,0.000000,5.616831,6.563202,0.000000,0.000000,9.212024,0.000000,0.000000,0.000000,9.922937
0.000000,0.000000,0.000000,3.003232,6.931575,0.000000,5.658879,0.324074,0.000000,0.000000,4.434059
2.724881,0.000000,1.074959,2.108889,14.669354,3.194060,0.000000,5.007876,0.000000,2.169584,0.000000
2.505575,0.286986,0.149693,0.000000,0.106007,4.634243,5.511537,0.000000,3.624997,0.000000,3.623076
2.772458,2.779172,6.433220,5.585070,0.000000,0.000000,0.000000,3.103001,0.000000,0.000000,2.486680
1.014978,10.874735,2.432011,9.757361,5.089288,0.000000,1.815246,0.317532,0.000000,0.000000,2.259729
2.054059,0.000000,0.195310,4.552918,7.623119,0.000000,0.000000,13.317354,0.000000,22.801521,0.000000
4.779022,0.000000,0.149666,0.000000,0.000000,0.613251,0.826234,2.605422,0.000000,0.000000,7.158667
0.000000,0.000000,1.833661,0.129680,0.000000,0.000000,0.000000,14.707354,0.000000,4.104582,0.000000
0.000000,0.000000,0.000000,2.816954,0.000000,2.292775,1.078838,0.000000,0.000000,2.822293,0.000000
0.000000,0.000000,5.611105,0.000000,7.507430,2.215261,0.000000,1.904384,5.445755,0.000000,0.000000
0.454046,0.978594,4.455434,0.000000,9.075710,0.599590,3.665423,0.000000,0.000000,1.041993,0.000000
0.000000,2.402892,10.893641,0.000000,6.321782,0.487650,6.639081,0.000000,0.000000,0.000000,0.000000
0.000000,0.000000,0.000000,7.170375,2.666632,3.490956,13.862992,0.000000,6.343135,1.708614,2.573581
0.393475,0.000000,0.873113,0.000000,1.901579,0.257993,0.000000,1.927356,1.128880,4.540633,5.191492
0.000000,0.000000,3.443573,1.842978,7.410107,0.000000,3.046093,6.606534,0.000000,9.837264,9.031175
0.000000,7.239923,0.000000,2.266391,1.526687,6.686403,0.000000,0.000000,2.488624,0.000000,0.000000
0.000000,10.337464,7.315741,0.000000,0.000000,1.976755,0.000000,0.000000,0.051030,0.000000,0.952742
6.033755,12.506210,0.613790,8.775261,0.000000,4.708102,3.034965,2.837542,0.000000,0.305575,0.000000
0.000000,5.940735,1.918373,0.344490,0.000000,1.556863,1.563332,2.221738,0.000000,0.000000,2.190702
8.721350,0.000000,5.349133,0.000000,3.780436,3.236048,6.965747,0.000000,0.000000,0.000000,0.774918
0.000000,5.188341,4.329624,0.000000,2.128319,4.236536,1.816414,0.000000,4.267454,0.000000,0.000000
2.384510,7.191943,4.337244,2.780910,0.000000,0.000000,4.650136,3.513896,0.000000,0.000000,3.239342
0.617892,4.120481,5.387971,1.530320,0.000000,0.959339,0.000000,0.000000,0.000000,0.000000,3.274820
0.000000,3.983344,0.000000,0.000000,0.000000,0.000000,0.000000,0.010916,0.000000,2.584884,2.824095
0.000000,0.000000,5.486234,9.638881,1.574035,2.009306,0.096301,0.000000,3.940365,1.711115,0.000000
0.000000,0.000000,0.000000,0.000000,0.000000,0.000000,6.699933,6.429689,8.633637,0.000000,0.000000
2.600264,0.000000,1.706390,0.000000,3.218993,0.492514,0.000000,6.833571,10.200137,0.000000,2.423937
3.193051,0.000000,1.859429,4.671492,0.000000,0.000000,13.646225,0.000000,4.995477,0.000000,0.526043
0.000000,0.000000,0.000000,0.000000,2.378722,0.000000,0.000000,0.588452,10.145997,0.000000,5.261942
0.000000,5.303909,0.184627,10.540360,0.000000,0.000000,6.475927,4.306898,2.809633,0.000000,0.000000
0.000000,3.727121,7.794337,0.000000,2.244909,2.001890,0.000000,2.032118,3.062053,0.000000,0.000000
0.000000,8.133191,8.706321,0.749447,6.514629,0.000000,2.530184,0.000000,0.000000,0.000000,0.000000
0.000000,0.000000,0.000000,7.359000,0.000000,6.343427,0.336874,0.000000,3.564303,1.655960,0.000000
0.000000,2.753166,2.672192,7.240180,0.000000,0.000000,9.634161,0.000000,2.893854,3.840199,5.143693
0.000000,2.643708,0.000000,1.260049,0.740978,0.775028,0.000000,4.278333,4.347587,1.295356,0.171877
8.396442,5.602728,0.000000,1.915747,1.846130,1.323661,0.000000,0.000000,0.000000,0.386056,0.000000
0.183859,0.000000,0.895808,0.358305,0.000000,0.000000,3.407017,0.145854,0.000000,0.000000,18.248001
2.078930,0.000000,0.095772,5.864999,1.237324,8.767888,1.623838,2.627444,0.000000,8.582631,0.000000
0.663074,0.000000,3.076555,2.820881,0.876670,0.000000,3.167486,0.000000,11.307539,3.776946,0.000000
3.780191,0.583342,0.000000,0.761096,3.618252,0.000000,0.000000,0.000000,1.783268,0.000000,3.212072
0.000000,5.098722,8.009762,2.617258,7.712621,0.000000,0.000000,0.000000,0.000000,0.900296,0.829433
6.052389,2.251057,16.341363,0.024248,4.281369,0.000000,2.125763,4.470284,0.000000,1.377686,0.000000
3.773622,7.302585,0.000000,4.978559,0.000000,11.599207,5.111625,0.000000,2.115077,0.000000,10.246929
2.910360,4.990263,5.155352,2.710529,6.170975,0.031642,0.000000,0.000000,0.892585,4.411464,8.636704
0.000000,0.000000,6.573055,0.000000,1.048081,0.000000,0.000000,0.000000,0.000000,5.182874,0.000000
1.850361,0.491186,1.831687,3.527176,7.400093,0.000000,2.085698,11.885925,0.000000,3.453299,2.852328
3.315555,6.831885,1.885809,9.220440,0.000000,0.163968,0.000000,0.121927,0.000000,0.000000,3.329739
1.470217,0.000000,0.000000,0.238124,2.949488,13.631621,0.280372,0.916236,1.443568,0.000000,0.000000
1.262660,0.000000,0.000000,0.000000,11.518695,1.121983,3.608169,0.000000,0.970991,3.936798,5.531789
0.000000,0.469856,0.000000,5.019976,0.405502,3.496916,1.690760,0.585208,2.577523,5.016771,3.214162
2.595492,0.000000,0.000000,0.000000,0.619052,0.000000,2.925226,20.388108,0.000000,3.705936,15.912338
0.000000,0.292669,5.560446,3.143737,0.000000,0.000000,0.000000,0.000000,7.268488,3.364022,0.000000
1.775126,2.552437,5.683268,0.000000,0.000000,1.378346,2.924281,1.292919,3.906791,0.000000,6.905791
0.237350,0.000000,0.000000,0.000000,0.000000,3.086360,3.729474,2.465055,0.937477,8.924215,0.000000
1.853192,0.000000,0.899929,7.269515,2.080793,0.000000,5.954046,16.670328,0.000000,3.686539,4.056956
1.880548,1.553844,0.000000,0.000000,0.000000,0.000000,3.701823,0.000000,0.000000,0.000000,0.634889
4.483539,0.534641,0.000000,0.000000,0.000000,1.488081,0.020918,1.192091,0.000000,1.444087,0.000000
0.000000,0.000000,0.624027,2.166409,0.000000,0.119488,14.421502,0.000000,0.000000,3.541583,18.173096
4.922704,0.000000,2.309733,9.936695,7.830060,0.000000,1.595098,0.000000,1.390289,6.107171,0.000000
0.000000,3.106630,4.392215,0.000000,0.080332,1.297964,0.000000,5.095055,3.859972,7.557149,2.342611
0.000000,3.706726,0.000000,0.000000,0.000000,0.000000,0.277716,0.000000,0.583520,0.000000,0.370541
0.528808,0.000000,4.015520,3.223801,0.000000,0.000000,0.000000,3.001482,0.000000,3.166180,0.000000
0.635293,0.000000,0.000000,0.000000,7.599827,2.995089,0.000000,2.105003,2.798627,8.140407,0.000000
5.082381,0.471309,0.000000,0.000000,1.887715,0.000000,1.834436,0.832941,0.000000,0.000000,2.473248
0.000000,0.000000,4.498758,5.500304,5.899922,0.000000,2.635413,6.568758,5.248496,4.619606,1.195670
3.086338,0.000000,0.666212,2.235002,0.000000,3.126764,2.307322,2.410443,3.531871,4.428823,5.423788
3.664861,3.601767,5.464808,3.246610,0.544366,0.884091,5.074576,14.822279,3.366024,0.000000,1.243331
10.120982,5.559216,1.559212,3.962587,0.000000,0.000000,0.000000,2.174158,1.441937,0.474152,0.000000
0.000000,1.200827,0.000000,0.669779,1.541470,0.000000,0.000000,0.871177,0.000000,0.565424,1.085431
0.000000,0.096359,4.845298,2.127963,2.980824,0.882927,0.164834,1.573195,0.358658,0.000000,5.548737
0.000000,6.169175,0.000000,0.000000,0.000000,1.672274,5.434710,18.649581,0.000000,0.609657,1.385637
0.253082,0.612313,0.000000,0.000000,0.000000,3.347706,4.879570,0.000000,0.000000,2.241070,8.285382
0.000000,2.209256,1.427633,0.315198,1.326696,0.000000,0.000000,2.923815,0.000000,2.321242,0.000000
0.000000,0.000000,2.105847,0.000000,7.483496,1.527201,10.160919,1.875373,0.247570,0.000000,0.000000
0.000000,0.000000,0.000000,10.900860,3.887743,1.694305,0.000000,6.246781,0.000000,5.695076,0.000000
1.575712,0.000000,0.000000,3.749016,0.522364,0.000000,0.000000,0.000000,3.453679,1.486574,0.921121
4.150055,0.000000,0.000000,2.300391,0.000000,0.000000,0.000000,0.286580,3.768074,7.277397,0.000000
0.000000,1.804298,0.631554,0.000000,4.120704,4.398599,0.000000,0.000000,0.000000,0.000000,0.000000
1.893743,0.000000,0.344159,0.000000,0.000000,0.000000,0.222941,0.000000,0.000000,0.000000,4.131819
2.760357,2.288582,0.000000,0.000000,5.029506,0.559208,0.000000,0.867806,0.000000,0.000000,0.000000
0.000000,2.593762,0.000000,0.000000,1.307581,2.145981,0.000000,0.437321,3.893298,0.000000,3.128429
0.000000,0.000000,0.000000,4.187760,0.000000,0.000000,0.000000,0.862214,4.088231,0.000000,4.343109
3.575112,6.856459,0.000000,2.123558,8.292483,5.677071,2.046914,0.000000,1.879125,5.793946,2.255173
0.787876,4.063379,13.038371,2.038996,0.000000,2.968778,0.344255,2.647172,6.138850,0.000000,3.960664
0.000000,4.503869,2.025830,1.877611,0.000000,0.000000,5.860355,7.035390,2.627441,2.268947,1.018615
0.000000,0.000000,2.671381,1.446773,0.535648,1.553535,0.000000,0.000000,0.000000,1.867675,5.230102
0.000000,7.433772,0.000000,0.000000,0.000000,0.000000,1.434159,0.000000,6.019930,0.000000,0.000000
0.000000,0.000000,0.000000,0.000000,0.000000,0.000000,0.000000,0.000000,0.000000,5.164883,0.000000
0.000000,4.642914,1.902401,0.000000,2.923728,0.000000,7.503965,0.000000,1.200258,0.000000,0.000000
1.135125,2.415323,0.866360,3.399807,0.000000,0.000000,0.000000,0.000000,0.000000,2.199354,2.615954
5.691627,0.000000,0.000000,2.837371,0.000000,0.000000,5.998756,0.000000,0.592059,0.199303,1.980613
1.639164,2.532300,0.000000,0.000000,1.294004,5.559528,2.680823,0.375041,0.000000,1.324470,0.000000
0.000000,0.000000,0.000000,2.724691,0.000000,0.000000,7.490177,0.695081,0.340095,0.238518,8.475512
1.875226,3.691291,0.000000,0.000000,0.000000,4.612258,0.000000,0.000000,6.164756,0.000000,2.666018
0.000000,8.170690,3.270151,2.712358,0.000000,4.054849,0.000000,0.000000,0.000000,3.542368,0.000000
7.873629,0.103921,0.000000,0.000000,0.562498,2.564574,13.130957,0.000000,0.000000,0.550195,0.000000
4.189193,0.136131,0.749522,0.000000,0.000000,0.000000,0.000000,2.643949,0.000000,0.000000,3.955348
6.050494,0.000000,1.148012,0.562661,1.598220,0.000000,0.000000,3.081307,0.000000,0.000000,0.000000
2.304963,0.000000,0.000000,6.167827,2.506298,4.399881,15.525557,0.000000,1.499300,0.000000,0.000000
0.000000,0.000000,2.510175,0.000000,0.000000,0.605070,0.676206,0.000000,0.000000,0.000000,12.488377
1.709442,0.000000,6.699913,2.571238,0.000000,2.630736,2.101490,0.000000,3.013033,0.000000,0.996771
0.758013,1.155572,1.031206,0.127795,7.927019,6.536497,2.087416,0.849193,0.000000,1.692846,1.227236
0.000000,2.337183,0.614428,4.168907,0.000000,2.654273,0.000000,0.000000,0.000000,0.698582,0.845991
0.000000,0.000000,2.526370,0.000000,3.285530,0.000000,1.558582,0.000000,1.529042,5.083798,0.000000
7.911696,0.000000,0.000000,0.000000,0.000000,1.137856,4.547842,0.000000,0.000000,0.378079,0.061647
2.181046,3.348081,0.000000,1.898515,11.479540,1.961470,0.000000,0.000000,0.926773,3.339592,0.000000
0.000000,2.949965,4.223541,3.493307,0.000000,0.000000,0.000000,6.407869,0.792471,0.000000,0.000000
0.000000,0.000000,3.766915,0.000000,6.586627,0.000000,7.748017,0.000000,8.870490,0.078137,0.000000
0.754603,1.065845,4.820529,8.239594,0.000000,2.392196,0.000000,7.361680,0.000000,5.704920,1.987100
0.585064,0.628883,2.037360,2.144078,1.561191,1.219366,0.000000,1.326176,0.000000,5.505196,0.000000
0.000000,0.000000,0.000000,0.000000,3.337353,2.244817,0.000000,1.994502,3.657462,0.000000,1.548902
0.000000,0.000000,0.000000,0.000000,0.000000,1.270366,1.426115,4.762504,0.000000,0.000000,0.507979
2.155316,0.000000,3.257556,6.400789,2.320185,1.313540,0.000000,0.000000,0.412053,0.000000,0.000000
3.213001,0.000000,0.000000,5.679896,1.464787,0.477015,2.217489,0.000000,2.072403,0.000000,1.466955
0.000000,0.725637,2.429132,3.741774,0.000000,4.424233,3.729231,0.000000,5.713959,11.884329,0.000000
0.593995,3.866211,0.000000,6.593708,0.059231,0.000000,0.000000,0.444542,1.254462,1.304698,0.000000
3.168966,1.985006,17.679950,0.000000,1.222101,3.667964,0.000000,4.660710,3.268344,0.000000,3.002527
0.000000,0.000000,0.000000,6.880301,3.647650,0.000000,1.398464,5.192261,0.000000,0.000000,0.893361
0.000000,0.317838,0.000000,0.000000,0.000000,0.000000,0.000000,1.994441,5.347754,0.000000,1.458296
0.000000,3.589430,10.206099,0.000000,0.952851,2.724224,0.000000,0.000000,0.000000,0.000000,6.400494
1.338494,0.000000,3.445471,2.668919,0.000000,1.974342,0.000000,0.000000,0.000000,0.000000,2.733555
0.000000,0.000000,0.000000,0.000000,1.767370,0.739734,0.788132,9.292038,0.000000,3.715688,1.935892
0.000000,0.000000,0.502626,0.000000,7.637061,4.796363,0.000000,2.569974,1.513276,0.000000,0.301395
2.671147,3.347253,2.133446,2.912440,0.000000,3.028288,5.495136,0.000000,0.000000,0.000000,1.230659
0.000000,0.426132,2.748178,0.698270,2.230748,2.270800,0.412841,0.240640,3.285282,0.000000,1.705463
0.629541,0.000000,4.560520,0.000000,0.000000,0.000000,5.085719,1.419288,2.179261,1.535762,0.000000
0.427060,1.692410,0.000000,0.000000,1.953755,0.000000,0.112669,6.270934,4.677901,0.000000,0.000000
0.229493,0.000000,0.000000,1.505010,0.000000,2.521953,0.000000,0.000000,0.000000,6.304139,7.066801
0.000000,0.000000,0.000000,0.000000,0.000000,2.854004,0.000000,8.571250,0.122554,0.000000,4.925713
0.486481,0.000000,0.832374,0.000000,7.508221,0.000000,2.165938,2.870027,1.987384,2.588008,4.995057
0.000000,10.655912,7.482532,4.537380,1.463860,0.897839,11.849165,0.000000,0.833859,0.000000,1.919535
1.809028,0.000000,1.091428,2.375759,6.702028,0.352274,5.499235,0.950538,1.851660,0.000000,10.870968
0.000000,2.075141,1.916327,0.401553,0.000000,0.000000,1.294465,5.411282,0.000000,1.310077,0.000000
5.473060,3.241143,7.802869,3.827555,0.000000,0.000000,13.221801,0.000000,0.000000,0.000000,0.000000
0.246170,10.591093,5.652156,2.010325,6.544199,0.000000,0.085415,1.995430,0.000000,2.528382,0.000000
3.607917,0.000000,4.193091,1.719233,0.053255,0.000000,0.000000,7.596060,0.000000,1.387502,0.000000
0.303616,4.629337,0.000000,0.894784,0.000000,2.655484,0.000000,1.377639,0.000000,0.000000,6.083099
16.348536,0.000000,0.000000,0.000000,4.786184,1.589651,5.029690,0.281056,0.000000,13.859841,9.666581
5.876483,0.000000,0.000000,1.779512,0.079167,1.757673,0.000000,4.167064,7.492301,11.493564,0.000000
8.236594,0.000000,0.000000,0.000000,7.560329,11.047630,9.811430,0.662433,5.754592,0.000000,4.903841
0.458938,3.508531,8.694389,1.703377,0.000000,0.000000,4.267227,0.000000,6.495413,6.801128,6.399975
0.000000,0.000000,10.393530,0.000000,0.000000,3.904169,0.000000,0.000000,1.086499,5.846087,0.000000
0.000000,0.000000,11.026277,0.000000,0.000000,0.000000,7.015116,0.000000,3.145303,0.000000,0.000000
1.173541,10.845258,0.000000,3.885059,0.000000,0.000000,2.747508,7.327034,12.268563,1.259088,7.021779
5.484441,2.744026,0.000000,5.184175,0.000000,0.000000,0.000000,1.556216,0.000000,0.212558,3.814054
0.492825,0.094028,4.686417,3.302445,19.940523,1.744091,3.417799,1.138057,0.000000,0.000000,7.734028
0.000000,0.000000,6.122950,0.581029,0.000000,0.000000,0.000000,1.348996,0.926700,0.000000,0.000000
4.077052,0.691518,0.000000,0.386553,0.000000,2.360084,2.804473,0.000000,7.720242,0.587097,0.000000
0.560269,2.003110,0.000000,0.000000,0.000000,0.000000,0.000000,8.063401,0.984873,0.000000,0.000000
4.253012,0.000000,0.000000,0.000000,0.000000,1.459735,3.196308,0.000000,2.777769,0.000000,0.000000
0.065441,2.916887,8.444686,1.222499,0.000000,0.000000,19.302505,0.000000,0.000000,6.948448,0.000000
1.017921,0.000000,0.000000,1.693452,0.000000,0.000000,13.132631,1.018074,3.682550,2.572812,2.674054
9.282435,1.754582,0.000000,0.644707,7.998761,3.340267,8.388308,6.494540,2.738698,0.000000,0.000000
0.357636,1.244519,1.070302,12.395182,10.409738,0.000000,2.073703,0.000000,0.000000,2.813986,0.000000
6.475287,0.000000,1.901315,0.000000,0.000000,2.432733,0.000000,11.250197,0.000000,2.818548,0.000000
0.000000,0.000000,0.000000,0.000000,4.684573,0.000000,8.866928,0.000000,3.467662,0.000000,0.000000
0.000000,0.000000,2.437463,0.000000,0.000000,1.637426,11.884426,2.817158,7.429527,0.000000,3.889452
4.691470,12.360079,0.000000,0.000000,0.000000,4.247767,0.277529,0.000000,0.000000,0.000000,3.597913
0.000000,0.000000,0.000000,0.000000,1.477682,0.000000,2.939288,0.000000,4.404355,0.000000,0.000000
10.020115,2.796497,0.000000,9.286548,0.000000,0.000000,1.963558,0.000000,0.000000,4.963918,0.000000
7.747979,15.226133,0.000000,0.000000,10.135803,0.000000,2.066826,10.621839,0.000000,15.101025,2.293350
3.896750,3.100072,0.000000,1.729156,10.725757,0.000000,3.316600,11.585037,4.610598,0.000000,7.522330
0.000000,0.000000,0.000000,1.609584,0.000000,0.395423,0.000000,0.000000,2.954666,8.126654,5.637277
15.799892,0.000000,12.695988,1.134827,0.461786,0.000000,0.000000,6.961133,1.462201,1.711423,2.836542
10.164691,0.000000,9.597996,0.000000,0.000000,0.000000,3.087262,0.000000,0.000000,8.906063,0.043105
6.030267,0.000000,8.424953,1.509131,0.452211,0.000000,2.151800,0.000000,0.000000,2.255895,0.000000
0.000000,8.282668,0.000000,0.000000,3.358015,0.000000,0.000000,0.889947,0.000000,11.791649,0.902137
10.477231,6.104809,0.000000,0.000000,2.243698,0.000000,10.411345,0.000000,4.225204,3.057184,4.356662
0.000000,3.075551,1.912016,9.081827,0.000000,3.263182,0.737726,2.321019,0.000000,9.487350,0.000000
0.000000,1.347899,0.000000,8.332337,7.887122,4.839023,0.000000,19.436305,8.366774,0.000000,0.000000
5.410701,10.914793,2.599250,1.841657,3.841128,0.000000,0.000000,0.000000,0.942844,13.087699,0.000000
7.584667,3.749697,4.107466,3.825551,0.000000,4.867960,2.908392,0.000000,0.000000,0.000000,0.000000
0.000000,0.000000,3.873334,0.000000,5.334102,0.000000,1.243922,3.501098,0.000000,1.304692,6.656649
7.944887,0.000000,0.000000,0.378108,0.000000,2.426031,3.987029,0.000000,14.314474,8.972604,0.000000
3.646218,10.387282,1.350917,5.539659,0.000000,0.000000,0.000000,0.000000,0.000000,0.000000,0.000000
0.241464,2.069628,10.175724,8.475680,4.897149,5.630128,0.000000,0.000000,0.565198,0.000000,6.713780
4.872249,1.810787,6.233051,2.630226,6.256151,0.000000,6.015293,0.000000,0.000000,0.000000,1.471464
3.538206,0.000000,0.000000,4.444926,0.000000,22.897545,2.368277,11.486575,2.568333,0.660490,7.225791
0.000000,0.000000,1.856663,7.926978,9.870157,0.000000,0.000000,7.098372,0.000000,8.084653,1.347768
0.000000,0.000000,2.650527,0.000000,1.147826,0.000000,0.000000,0.000000,4.189346,2.380125,2.244972
0.000000,2.971516,0.000000,3.129871,0.012227,0.000000,0.000000,0.000000,0.274826,3.693745,3.679783
1.031087,5.787611,3.011406,0.000000,7.002049,1.424220,0.000000,0.000000,0.000000,7.148703,0.000000
0.852147,4.844957,5.173390,1.839556,9.430901,0.000000,6.540307,3.096634,0.000000,0.000000,3.701248
12.232490,4.393341,1.694842,0.000000,18.149741,0.000000,9.654247,0.000000,3.068041,0.141544,7.783593
6.330906,8.132894,7.481004,0.000000,0.000000,20.717696,1.940114,0.984245,0.000000,0.620014,0.482021
0.000000,8.418330,0.000000,0.215491,0.000000,0.000000,0.000000,6.314215,0.000000,6.693262,6.992451
0.000000,0.663064,8.695777,0.000000,0.000000,2.467800,0.000000,6.383086,0.000000,0.000000,0.000000
5.143277,0.000000,4.733362,0.000000,6.429695,0.145132,0.000000,0.000000,0.000000,0.000000,3.535485
0.000000,9.230952,1.345401,0.000000,0.000000,0.000000,0.000000,6.689400,7.535951,0.000000,0.000000
0.000000,0.000000,2.867647,3.828260,0.000000,5.275796,6.865262,2.598548,0.000000,7.682386,8.424067
0.000000,6.897649,0.000000,0.000000,10.407512,0.000000,0.000000,0.000000,5.374601,0.113089,7.768638
0.000000,0.000000,0.000000,5.254315,7.256906,14.107838,6.662298,14.774337,0.917906,4.458503,0.000000
0.000000,0.000000,12.158444,0.000000,1.461535,0.000000,11.343393,0.000000,3.450473,2.794042,0.478161
10.084088,0.935153,0.000000,0.000000,0.000000,4.060483,0.000000,0.000000,20.162960,0.000000,0.328444
0.838859,0.000000,1.456867,3.287282,0.000000,0.000000,10.987695,10.627727,0.000000,0.000000,2.888164
0.000000,0.919145,3.250314,0.000000,0.747301,0.000000,12.305349,0.000000,0.273110,0.000000,7.678614
0.000000,8.391561,4.109629,0.000000,10.406584,5.902685,2.774304,0.000000,11.421950,5.278739,23.403258
0.000000,0.034066,4.437561,0.000000,36.352687,0.000000,13.378980,0.000000,0.506158,0.000000,0.000000
0.289213,0.000000,0.000000,0.000000,0.000000,0.581191,9.871070,1.446018,17.057973,1.263739,0.000000
0.000000,2.136946,0.000000,0.000000,8.245193,5.983175,0.000000,0.886286,2.724928,0.000000,2.062388
6.423285,2.413774,0.000000,0.609267,8.791805,3.246802,1.639202,1.770508,4.455748,0.000000,5.476303
0.000000,4.444865,0.000000,22.677184,9.388388,2.232762,5.449785,0.000000,0.000000,10.908490,3.054658
5.233779,0.900736,1.472361,0.000000,2.443572,5.370515,4.756640,2.975976,0.000000,0.000000,4.243981
6.709667,2.497341,2.187678,0.000000,0.670103,6.902252,5.847782,2.193425,17.532415,2.776651,9.164445
3.216936,1.655905,6.469385,2.416433,0.000000,0.233888,10.466529,1.820709,11.585469,0.000000,0.000000
3.776654,0.000000,8.810188,0.000000,1.761726,0.877522,18.179838,0.000000,4.976073,11.150632,0.000000
11.868397,12.749578,7.948177,4.068909,0.000000,0.000000,10.098370,0.000000,1.769038,11.203236,4.053456
0.000000,4.343731,0.000000,0.000000,3.388805,0.000000,0.000000,0.956377,1.859168,0.000000,5.737784
5.512507,8.870833,2.199200,11.888494,1.869177,4.272935,4.512374,9.031505,36.672367,0.000000,0.000000
0.000000,5.404490,3.932997,1.984207,3.940945,0.000000,0.000000,0.000000,0.000000,10.619723,0.000000
0.000000,0.000000,10.725687,0.000000,3.210557,2.756417,5.192286,1.695586,8.904149,24.469115,7.946055
2.177906,0.000000,0.000000,0.000000,0.000000,1.249861,0.000000,0.000000,7.820104,1.991176,14.286236
1.569805,0.303162,12.019955,0.000000,4.344884,4.718793,2.386558,0.000000,0.000000,9.663871,1.165450
0.000000,1.626058,2.118016,16.341967,8.131911,3.389635,7.702914,0.000000,5.238741,0.000000,3.348163
0.000000,3.782561,0.000000,0.000000,0.000000,0.000000,6.690072,0.000000,0.000000,7.011443,3.526467
5.256122,3.498587,0.000000,0.000000,0.000000,1.316500,2.552787,0.000000,1.258090,0.000000,2.504088
4.920593,0.000000,27.981188,4.459038,0.709771,0.000000,0.000000,3.716565,16.067427,2.662846,0.758756
3.928763,1.739675,0.000000,4.420259,0.000000,3.852632,15.794111,4.837679,2.934448,6.643686,4.845760
0.000000,1.585476,8.490503,0.000000,0.000000,0.000000,0.000000,1.846396,14.048129,0.000000,8.373085
0.000000,0.000000,20.698730,0.000000,0.000000,10.795760,3.801640,0.000000,2.349810,15.770963,9.295790
0.000000,0.000000,10.501606,1.264438,0.000000,0.000000,15.347509,1.243647,0.000000,0.000000,13.089666
0.000000,0.000000,0.000000,0.000000,10.950573,1.739794,0.000000,10.631981,0.000000,0.000000,1.448473
0.000000,0.000000,4.422267,0.000000,7.442490,8.059733,0.000000,7.021085,0.000000,6.680616,0.000000
0.000000,3.205565,0.000000,8.748364,7.020305,8.908885,0.000000,0.000000,0.000000,5.555308,10.470561
6.421566,5.268844,19.378432,4.787881,9.736332,0.396415,6.831320,0.000000,6.231090,0.000000,5.398570
8.181138,8.378230,0.000000,0.000000,7.458984,2.770148,6.797086,3.930770,6.072691,0.000000,0.000000
5.707864,0.000000,3.475041,10.806194,0.270774,0.000000,6.357774,2.217349,0.000000,5.455231,0.000000
9.652520,0.417947,1.996771,0.000000,0.000000,0.000000,5.190899,0.000000,4.295785,0.000000,0.000000
1.159371,0.000000,0.000000,12.791807,0.000000,19.777447,11.058847,2.222022,0.000000,2.407650,0.000000
0.000000,0.000000,0.000000,4.021512,3.592597,1.207940,0.000000,0.000000,2.286916,1.781782,0.000000
2.594334,1.816597,3.790332,4.959879,0.000000,6.577056,0.000000,0.000000,0.694744,0.000000,0.000000
1.697979,18.668738,0.000000,5.089750,0.000000,0.000000,11.729215,8.031870,9.097821,0.000000,7.174469
1.662189,0.000000,5.621435,0.000000,2.526437,0.000000,2.651352,0.567517,4.941089,1.478507,7.491395
15.242692,19.455133,1.550566,0.000000,0.000000,0.000000,0.000000,0.000000,3.025116,5.159273,11.967426
0.000000,0.879294,0.779292,0.000000,7.951594,21.142688,4.732273,0.000000,6.615241,0.566737,0.000000
0.000000,13.206525,0.000000,0.000000,8.414954,0.000000,9.496473,11.119895,0.000000,0.000000,0.000000
0.000000,5.398179,0.000000,6.060250,0.000000,1.085414,4.358344,11.451598,0.962108,0.000000,0.901091
4.380579,1.821818,6.879125,0.476267,0.000000,6.761065,0.000000,2.848547,0.000000,0.000000,0.000000
0.000000,0.000000,4.955738,7.597047,7.931193,0.000000,3.714630,5.343270,12.289362,11.116718,0.000000
4.247143,0.000000,0.000000,1.564612,0.000000,0.665178,0.346132,0.000000,4.487484,6.088896,0.000000
0.000000,0.000000,0.430184,2.190672,0.000000,2.028044,1.237747,10.216405,3.753250,4.514129,0.000000
0.000000,11.861289,7.593760,4.158836,0.000000,1.025395,1.168869,0.000000,10.185273,0.000000,8.090579
0.000000,7.395927,9.620561,0.000000,0.000000,0.000000,9.529153,11.039928,4.819710,1.021662,0.000000
0.000000,0.000000,0.000000,2.015606,2.810819,3.022982,3.255884,16.089649,0.000000,14.126464,0.000000
11.683316,1.852666,2.009518,8.573112,0.000000,0.000000,2.340441,8.670842,1.801310,2.558295,10.137479
0.000000,0.000000,0.000000,5.524705,0.000000,10.131363,9.012576,12.484986,9.684786,11.334851,23.049161
14.220794,0.302344,0.417414,39.990981,3.874407,3.596888,3.963517,7.821584,3.923229,2.890230,0.000000
0.000000,20.256733,0.985563,0.000000,16.067163,6.481476,0.000000,0.000000,0.000000,2.261889,3.754544
6.413216,7.959801,0.000000,9.007412,2.534892,10.338319,26.441674,0.000000,0.000000,0.000000,5.503633
0.000000,3.626834,0.737079,0.000000,0.000000,8.635465,6.723017,0.000000,0.000000,0.000000,3.471832
0.000000,0.000000,0.000000,1.008562,5.657874,5.000736,0.000000,3.174262,5.789822,8.228723,0.000000
7.903875,1.317665,0.974440,2.595243,6.815789,0.000000,3.602343,6.067546,0.000000,0.000000,4.263938
0.000000,0.000000,0.766992,0.000000,10.692183,0.000000,3.616868,0.000000,6.015320,0.000000,0.436506
3.190807,0.000000,13.304252,0.000000,2.597282,0.000000,0.446814,0.000000,0.000000,0.000000,0.000000
4.727099,9.638461,7.502417,0.000000,3.137759,0.000000,11.640779,5.282970,5.434860,0.000000,0.000000
0.000000,8.429786,0.000000,0.000000,0.000000,6.192510,0.000000,4.091031,0.000000,0.000000,0.000000
3.016475,0.000000,2.152309,5.647906,0.000000,0.000000,0.000000,2.185115,2.750271,3.802083,0.000000
0.000000,0.480326,0.000000,0.000000,0.000000,2.412041,0.436266,3.524117,1.677171,1.012692,0.636002
0.000000,0.000000,0.000000,0.000000,1.079266,0.000000,12.271944,0.017590,2.636255,0.000000,0.000000
3.343281,1.893102,1.299741,0.000000,0.890275,4.524346,0.384179,5.567676,0.000000,0.000000,9.742827
0.000000,5.254580,1.288242,6.072200,3.712092,1.410414,10.754315,0.000000,2.553329,0.000000,25.932141
0.000000,2.619206,4.246312,0.000000,1.880670,5.054761,0.000000,4.789140,0.000000,0.000000,1.375397
5.511459,0.000000,2.716161,0.135148,0.000000,4.794490,6.124370,0.000000,2.142133,1.611448,0.000000
0.000000,4.465750,9.596765,0.000000,0.000000,0.000000,1.748419,5.314819,0.000000,0.000000,0.000000
4.836173,4.979608,0.000000,0.000000,4.649814,0.000000,3.485852,0.000000,5.640275,0.353783,12.835797
5.134042,2.662123,0.000000,1.776120,0.000000,12.432928,7.296932,0.974846,10.475088,7.442498,0.000000
0.000000,10.695989,0.000000,0.000000,0.324448,1.873206,0.704388,0.000000,1.138412,0.000000,2.849911
1.776680,3.157742,1.441589,0.000000,1.830582,5.093524,9.872927,0.000000,2.411995,0.754580,0.000000
2.588985,6.943961,3.368456,0.000000,3.839486,0.000000,3.943225,0.000000,7.111334,0.879856,4.447977
3.554314,0.000000,0.000000,9.103412,0.000000,8.423207,0.000000,0.811503,2.566544,1.334044,3.848574
0.000000,5.426507,0.029246,0.000000,10.582693,0.000000,2.393271,5.208170,1.123322,16.321866,0.000000
0.360759,1.388045,9.858009,0.000000,1.839311,10.173906,0.000000,0.000000,3.769888,0.000000,0.000000
0.000000,0.000000,14.516675,0.000000,0.000000,0.000000,7.174668,6.627761,13.704013,6.230146,0.000000
0.000000,1.992734,0.000000,3.469435,0.000000,0.000000,19.049397,1.538528,0.991078,0.000000,0.247045
0.000000,6.638581,3.288123,4.112788,11.804272,0.000000,4.426050,0.000000,10.240553,0.000000,2.754961
12.957917,0.000000,1.888914,6.481176,5.597882,0.000000,1.726686,4.980890,0.000000,0.000000,4.418487
0.000000,1.166220,0.813578,0.000000,12.714326,5.687376,0.755540,10.523572,2.031055,1.910900,0.000000
0.000000,0.000000,2.089677,0.000000,6.171377,0.000000,9.822085,0.000000,20.874114,0.000000,0.536321
4.192857,5.420562,2.487195,0.000000,0.000000,4.811028,5.960384,3.056415,1.361035,2.251610,0.000000
0.000000,8.352186,0.000000,0.662650,17.320426,0.000000,18.071749,0.000000,1.462147,0.000000,3.088065
0.000000,7.351508,8.870416,0.000000,6.995257,0.000000,9.746179,8.381093,0.000000,0.000000,0.000000
9.447586,6.982971,0.000000,0.000000,1.659278,0.000000,3.887545,3.742711,7.871239,3.873508,1.331086
8.677306,0.000000,0.000000,4.794606,0.000000,9.041989,0.000000,0.000000,4.775705,0.000000,4.168628
4.914782,8.981551,0.000000,0.000000,0.885675,0.000000,0.000000,5.199157,0.000000,0.000000,0.000000
0.000000,21.217205,0.000000,1.626160,1.307437,2.795407,3.258302,0.000000,4.498652,17.877807,0.381646
3.642606,3.175117,1.197309,10.726389,0.000000,3.966598,0.000000,0.000000,2.080882,0.000000,13.444742
0.000000,6.071290,12.804445,5.741543,9.233648,10.830038,0.000000,0.282843,4.578640,0.988712,0.000000
0.000000,1.793210,0.000000,0.000000,0.000000,0.000000,0.000000,2.098483,0.000000,0.000000,6.098797
0.081224,1.399820,10.876077,0.000000,0.000000,3.980617,22.140724,9.740241,0.000000,0.000000,14.095366
0.429667,0.000000,0.000000,7.802376,0.000000,8.597578,0.000000,0.000000,1.441061,0.000000,0.000000
3.096985,0.000000,1.646438,0.000000,0.000000,0.552318,4.194364,9.556077,0.749750,0.256080,16.247948
10.814363,0.000000,6.945672,0.000000,3.233352,11.697972,0.000000,2.789220,12.298210,0.000000,0.000000
0.000000,0.000000,0.510159,0.000000,4.419152,0.428578,0.000000,0.000000,5.393395,0.000000,12.505419
7.668145,0.000000,0.000000,0.000000,0.000000,1.443259,0.000000,7.836940,3.180626,9.810251,0.000000
1.100003,3.043297,0.000000,3.445100,7.014724,1.033788,0.000000,1.933014,4.051221,4.880058,0.000000
8.665496,10.584517,11.501260,0.000000,0.000000,0.057374,0.000000,2.354583,0.259296,0.000000,7.470310
0.000000,7.792229,2.060122,2.591038,0.000000,2.905447,4.785054,4.666070,12.432452,8.160631,3.716933
5.568309,7.503579,0.000000,0.000000,2.311122,0.000000,0.000000,0.000000,0.000000,15.695270,2.509930
0.000000,0.000000,2.353052,3.195881,2.400517,0.000000,10.663916,0.000000,1.382227,2.612773,0.000000
0.000000,0.000000,0.000000,5.167449,2.589644,2.474670,0.000000,3.070371,0.000000,0.000000,0.000000
3.647633,0.307102,2.283149,0.315090,1.903665,23.234192,4.370512,5.693749,0.000000,30.011828,2.837003
0.484637,0.000000,12.947138,9.082645,0.000000,10.561104,6.532552,3.058577,9.081269,10.424858,3.289941
3.204691,0.108944,5.497941,0.000000,0.000000,0.000000,0.000000,5.022611,0.000000,0.000000,3.170787
5.503184,0.000000,0.000000,0.000000,0.000000,0.000000,0.000000,0.562324,2.839188,0.000000,0.000000
0.368683,2.190812,0.000000,0.000000,14.961497,0.000000,4.737371,0.000000,0.000000,0.138166,9.047643
0.000000,1.067717,3.296210,0.000000,8.987072,4.896347,0.000000,3.941130,0.000000,0.000000,0.000000
0.000000,0.844996,17.565873,9.724864,10.407308,0.000000,0.000000,7.737884,0.000000,3.526597,2.683765
12.861995,2.289090,6.097033,0.000000,0.000000,0.041782,1.570448,0.000000,0.000000,4.512584,0.000000
0.000000,3.852785,3.061048,0.000000,4.083897,0.000000,14.832657,2.125327,0.000000,24.177459,2.018212
3.931026,0.000000,0.000000,4.035238,15.130869,0.000000,0.000000,0.000000,0.000000,11.381712,0.000000
0.520022,0.406992,1.069697,0.853599,10.201859,1.630290,0.000000,0.000000,0.000000,19.920919,1.978680
0.000000,0.000000,0.000000,0.000000,0.000000,0.169829,0.223570,3.772930,0.000000,6.567479,2.979333
1.256298,0.000000,0.752301,4.142401,12.610561,2.540298,10.250322,2.880522,2.528001,2.673768,6.411112
0.413570,0.000000,0.000000,1.699905,5.062011,0.000000,0.551993,0.000000,0.000000,0.000000,0.000000
0.000000,4.621491,2.136687,5.608028,2.989700,2.360203,12.355614,0.000000,0.000000,4.123930,17.849789
0.000000,0.000000,0.000000,0.426996,3.316294,2.662837,0.000000,0.000000,0.000000,5.293812,0.000000
3.668111,0.000000,0.000000,0.946219,0.000000,0.517920,1.907713,0.000000,0.907341,0.000000,0.000000
8.759082,0.000000,3.505364,0.000000,0.000000,5.637574,4.783155,4.330635,14.666931,5.186517,0.000000
0.000000,0.406925,0.000000,7.337225,0.000000,0.000000,0.000000,0.000000,4.145916,0.000000,16.999146
0.469574,10.801182,1.619962,0.000000,3.069377,0.958314,0.264892,0.000000,0.000000,0.000000,0.000000
0.234471,3.839835,9.531993,0.000000,0.000000,0.000000,0.000000,1.206346,8.135931,1.987308,0.000000
5.323580,0.000000,6.448191,2.186935,10.017198,0.000000,0.000000,0.000000,0.000000,0.000000,6.867030
0.000000,0.000000,0.197806,1.835440,1.307541,0.663433,3.978474,3.496285,32.015886,0.000000,0.000000
9.520338,0.000000,0.000000,0.000000,1.166494,4.187819,0.000000,1.446496,0.000000,0.000000,4.661711
0.000000,5.108841,0.000000,0.640813,5.927416,8.226429,4.539275,0.000000,0.000000,0.000000,5.457936
3.676013,0.492273,0.000000,0.000000,2.228506,5.254505,13.139517,0.000000,0.000000,0.000000,2.535681
5.496823,3.964853,0.000000,0.000000,0.221643,0.000000,0.000000,0.000000,0.000000,0.000000,0.000000
2.237883,0.000000,3.541892,3.233441,7.697183,0.000000,5.407379,6.102221,0.649222,2.626421,0.965864
0.000000,0.000000,0.000000,0.161020,0.000000,2.236468,0.000000,0.000000,0.000000,3.122831,0.000000
0.000000,0.000000,0.000000,0.000000,0.000000,2.592490,0.707575,7.523664,0.000000,0.000000,0.395167
0.000000,0.000000,1.518349,0.000000,2.937452,0.000000,0.000000,4.259933,10.149325,0.000000,2.988450
0.000000,0.361667,0.000000,0.473817,0.000000,2.581153,0.000000,0.000000,2.132269,0.000000,8.620011
0.768414,6.951631,0.632599,2.029944,1.880437,0.000000,2.056411,0.000000,0.000000,3.518300,0.000000
0.000000,0.000000,19.574279,0.000000,0.000000,0.000000,1.316114,3.681356,0.000000,0.000000,2.819639
3.240993,0.000000,5.221628,0.000000,0.000000,0.000000,0.000000,4.868140,4.189845,0.000000,0.000000
2.400364,0.000000,0.000000,3.140020,6.820412,0.000000,1.184820,7.595243,5.905105,0.519352,3.826815
0.000000,4.430913,0.000000,0.000000,4.140138,0.000000,0.000000,6.796059,0.000000,0.000000,2.035611
7.136728,0.781237,1.112371,0.419410,5.755442,2.348349,0.680335,0.000000,0.000000,2.196765,5.921100
0.000000,3.183615,0.000000,3.039463,12.576269,2.258078,5.396106,0.000000,5.354078,2.143758,0.000000
7.156857,2.231812,0.000000,0.000000,1.382472,0.890813,0.134842,4.298004,0.000000,0.000000,0.000000
0.000000,9.851861,1.065667,5.805778,1.044579,0.000000,2.614646,5.047037,0.938453,0.294992,0.000000
0.000000,0.000000,6.267519,0.000000,0.000000,2.570557,0.000000,0.000000,0.800247,0.000000,0.000000
0.969801,0.000000,0.000000,2.991655,3.769304,0.000000,0.000000,11.292764,0.000000,7.392615,0.000000
1.692110,3.229942,0.000000,0.777774,1.028867,0.135344,0.000000,9.516726,1.729140,0.000000,7.632797
0.000000,10.102442,1.622583,0.000000,0.257717,0.842656,0.000000,0.000000,0.000000,0.000000,3.909482
2.134849,3.063365,0.000000,0.000000,1.659882,0.000000,3.572527,9.466907,0.777455,8.237457,0.000000
1.295330,0.000000,1.537265,0.000000,0.000000,0.000000,2.004219,0.000000,0.439535,4.820976,10.243841
0.000000,0.000000,4.535250,4.147871,0.124858,2.801432,1.379711,0.000000,9.406864,1.108181,0.000000
5.198821,0.000000,0.000000,0.000000,0.000000,2.571254,0.000000,0.939607,4.509469,0.000000,2.803353
0.000000,0.000000,0.000000,0.000000,4.751050,3.824809,0.000000,0.745086,0.000000,0.000000,0.000000
4.112020,7.302091,0.000000,0.891137,0.000000,0.306731,0.356684,1.327320,2.687199,0.000000,0.000000
0.000000,1.309703,0.059213,3.292110,4.446804,0.953573,0.000000,3.382244,6.523479,0.712568,19.341797
7.360140,1.164835,1.972305,6.932238,5.284509,1.764599,0.000000,6.716843,0.000000,0.000000,4.153670
6.516291,0.000000,0.000000,1.459254,0.000000,0.000000,7.085319,0.000000,0.000000,1.148908,2.411089
0.000000,0.675580,0.000000,0.000000,4.126323,0.000000,0.000000,0.000000,3.059462,0.000000,0.000000
0.000000,11.593401,7.198355,7.033852,0.000000,2.332431,0.000000,0.000000,6.081148,0.000000,3.635462
0.000000,0.144338,0.000000,0.000000,0.000000,4.676919,0.000000,11.417530,0.000000,0.000000,0.000000
0.000000,3.180253,0.000000,0.370991,0.000000,0.490670,3.226976,0.000000,0.000000,2.185132,0.000000
0.000000,0.000000,2.861900,0.000000,0.000000,0.000000,0.000000,5.571948,0.000000,0.000000,0.000000
21.407046,0.377462,0.961298,0.951135,0.000000,1.416597,0.000000,6.151031,0.000000,2.670070,0.000000
0.477580,0.000000,0.056760,0.000000,5.241096,0.000000,0.000000,0.000000,0.000000,0.000000,7.919343
1.599923,0.000000,6.031995,5.189881,0.000000,1.613825,0.000000,4.719076,0.000000,0.000000,0.243779
13.545324,2.086252,1.171345,4.510217,0.000000,0.000000,2.828790,2.572119,0.000000,0.000000,0.000000
0.000000,0.000000,0.079169,17.612548,0.000000,6.007132,0.000000,1.642912,1.200900,3.262616,2.053383
0.000000,0.000000,0.000000,0.000000,11.152647,2.500752,8.748175,9.139233,0.745952,0.906450,0.000000
1.306805,0.000000,0.000000,1.305764,4.166506,0.884112,0.000000,1.462025,12.750700,7.024860,2.886060
0.000000,0.000000,0.000000,0.000000,4.435621,0.981618,0.000000,0.000000,0.202105,0.000000,0.000000
3.413625,0.000000,0.000000,2.413793,0.000000,5.032047,0.000000,1.188209,0.000000,0.000000,0.000000
0.188935,0.870627,9.498873,0.000000,0.000000,0.465023,0.000000,0.000000,6.877172,12.525433,1.057280
13.690848,8.406215,4.211269,0.970081,4.451094,0.000000,0.000000,0.000000,0.000000,0.000000,0.542341
0.000000,1.009353,3.926903,0.000000,1.975482,0.967861,0.231446,10.221305,12.125633,0.141976,1.773687
0.658628,0.000000,0.928789,0.000000,0.000000,3.967307,0.139666,2.496673,7.177249,3.366463,3.149324
1.958922,0.000000,2.002829,0.000000,6.348472,2.344144,5.896991,0.387450,3.036080,2.358537,0.359508
0.000000,1.359642,2.335168,5.270575,0.000000,0.000000,4.200986,2.582382,0.405679,0.000000,0.000000
1.471301,1.596977,0.000000,0.694911,1.560663,0.000000,0.000000,0.000000,0.000000,6.410853,0.000000
0.000000,1.356959,0.000000,2.000008,0.000000,0.000000,0.819726,0.000000,0.000000,4.995576,1.412788
0.000000,2.608706,0.000000,1.204140,0.000000,0.000000,1.223369,1.248386,6.910560,3.948019,2.238619
0.000000,0.937177,2.822908,0.737876,2.318131,0.260974,1.440335,0.000000,0.000000,0.000000,0.000000
0.000000,2.062674,0.000000,0.928454,0.000000,1.709603,1.181235,5.812765,0.729816,0.000000,0.000000
7.810152,0.000000,0.000000,1.761544,0.000000,0.000000,0.000000,3.237082,0.000000,0.000000,0.000000
0.000000,0.000000,0.000000,0.000000,0.000000,7.989504,2.252019,8.234111,4.559459,0.558645,2.510952
0.000000,0.000000,7.194349,0.000000,1.020460,0.582233,0.723519,3.155466,0.834971,0.507283,0.000000
4.712147,0.000000,0.000000,0.417211,1.167742,0.000000,0.000000,0.000000,1.154477,4.777372,0.000000
0.000000,0.000000,0.937459,0.000000,0.000000,5.326132,2.273712,6.772970,4.708438,3.018556,4.872850
0.000000,0.000000,0.784694,6.200994,7.210434,1.283536,0.000000,7.755295,2.291548,7.575304,20.420217
0.000000,0.000000,3.828944,3.639846,2.267002,0.000000,5.683134,13.072742,8.889519,1.902310,4.968118
0.000000,0.683625,0.000000,3.225897,10.001109,9.837910,9.397732,5.521135,1.339445,0.000000,0.000000
0.000000,0.000000,5.254385,5.223130,1.100439,0.000000,7.011959,0.000000,0.831031,3.389668,0.000000
2.322671,0.000000,0.000000,0.000000,2.386364,0.000000,0.000000,6.897723,6.570184,2.953507,0.000000
0.000000,1.050922,0.000000,0.000000,0.000000,0.000000,0.000000,0.000000,0.000000,0.000000,8.045043
0.000000,0.000000,5.140729,0.000000,0.000000,1.416796,0.909839,0.000000,1.429560,1.936277,0.000000
0.000000,0.000000,0.988582,3.297392,0.000000,3.014495,0.000000,7.537620,0.000000,0.796705,0.000000
5.166634,4.529902,4.417033,0.000000,2.742040,0.000000,7.595304,5.445802,0.684891,0.000000,3.628800
0.000000,5.237417,0.000000,1.302256,0.000000,0.000000,2.748357,11.130822,0.000000,0.000000,7.784940
5.471022,0.000000,3.428212,4.405718,0.000000,3.324622,1.852671,4.431657,5.570996,0.000000,0.238737
3.187595,0.000000,0.000000,4.293679,0.000000,0.000000,0.000000,0.000000,2.529968,5.258569,0.000000
0.000000,0.000000,4.403742,0.000000,0.000000,0.000000,17.455382,0.000000,0.000000,0.000000,1.574143
0.000000,6.916430,0.000000,13.490327,0.000000,1.438763,1.530021,0.000000,0.000000,0.447555,0.000000
6.365717,0.235115,0.000000,5.165420,2.296872,3.009294,2.458066,1.258706,0.510809,0.000000,9.845591
0.000000,0.598160,2.016265,0.842577,0.000000,0.868815,0.000000,0.000000,0.000000,1.138331,0.000000
0.000000,0.000000,2.421515,0.000000,0.000000,3.454019,18.525186,5.217885,2.034986,0.429590,0.000000
0.000000,0.000000,0.000000,0.000000,0.482099,0.014272,0.000000,0.000000,0.501478,0.000000,0.000000
6.028815,0.968433,0.000000,0.000000,0.000000,6.835112,1.777237,0.780501,1.061705,0.000000,0.000000
0.000000,4.893692,0.135298,0.000000,1.604414,0.163716,0.000000,5.120361,0.000000,0.000000,6.087265
3.581899,1.723195,0.000000,0.379899,0.000000,0.000000,0.000000,0.000000,8.350980,0.000000,4.162160
8.406544,0.238656,0.000000,0.000000,0.000000,0.000000,2.701122,0.000000,0.000000,6.662054,0.000000
0.000000,0.000000,4.183590,0.000000,0.000000,3.761045,2.031937,0.028772,0.000000,0.000000,9.394020
0.124173,4.204932,0.660751,3.184415,0.000000,0.000000,0.000000,0.000000,0.000000,0.000000,0.000000
0.000000,0.000000,0.000000,0.920456,0.000000,1.403326,1.977589,4.646306,0.000000,0.000000,0.000000
0.000000,0.000000,0.848138,0.000000,0.000000,7.000945,0.000000,0.000000,2.434624,0.000000,0.250070
0.807277,1.708506,0.000000,2.014111,10.306015,0.000000,4.120116,5.449990,0.000000,0.000000,3.406139
0.000000,0.750639,7.201093,0.000000,2.784741,0.536637,0.000000,7.453592,0.441514,0.000000,6.011253
0.738496,1.619773,0.714653,2.416265,0.000000,0.000000,0.000000,1.738237,3.141677,2.416732,0.000000
0.000000,0.000000,1.145608,2.686980,0.000000,0.000000,1.632169,0.447181,3.408081,1.550862,8.636470
0.000000,1.690972,0.837980,1.650770,0.000000,3.334908,0.000000,1.359276,4.299154,0.148286,8.173960
3.875868,3.129403,0.000000,0.000000,0.000000,6.179541,7.250389,0.661737,0.000000,0.000000,0.000000
2.177095,0.000000,0.912910,0.000000,0.000000,0.893710,0.000000,12.869990,0.000000,0.000000,0.565875
1.231891,0.000000,0.000000,1.220702,0.000000,0.000000,0.000000,0.000000,2.559430,4.849401,0.000000
3.398252,0.000000,0.227355,0.000000,0.000000,2.119447,0.000000,0.000000,2.519190,0.459346,0.000000
0.000000,0.000000,0.000000,2.449907,0.000000,4.738040,3.000060,0.668459,4.409176,0.000000,0.000000
0.547751,6.600226,2.111877,3.133507,0.000000,0.000000,0.115801,1.394605,0.908051,0.000000,2.925307
0.053192,5.231424,0.000000,3.174501,0.000000,8.389878,0.000000,0.676564,0.000000,0.451082,0.492104
2.917834,1.595692,0.000000,3.299339,0.000000,0.429397,0.000000,0.847530,0.000000,0.000000,0.542650
6.036996,0.000000,9.328596,0.000000,0.000000,0.000000,2.459423,0.000000,1.591627,0.000000,1.787295
6.444831,0.000000,0.000000,9.901206,6.891687,0.000000,0.948162,0.000000,0.000000,0.692418,8.888779
0.000000,2.767467,3.360989,0.000000,1.051493,3.218606,0.000000,0.000000,0.940630,0.000000,0.000000
1.310265,0.000000,0.000000,0.000000,0.000000,0.000000,1.028797,0.000000,0.000000,0.000000,2.748316
0.000000,2.415119,0.000000,12.356752,0.000000,0.750261,6.464678,0.165005,2.239493,6.980971,0.884094
0.000000,4.813257,0.000000,0.000000,3.821520,0.000000,6.169804,0.000000,1.583146,1.991375,0.000000
1.731698,0.000000,0.000000,2.478924,2.415621,0.515763,0.000000,0.000000,0.000000,0.711187,0.000000
0.000000,2.047369,4.935901,2.358759,4.084734,0.000000,0.000000,0.000000,5.075267,0.000000,0.000000
0.000000,3.452304,4.669802,0.748826,3.056354,0.000000,0.905865,0.000000,1.078005,0.000000,3.885671
1.308942,3.541772,0.269644,0.233911,0.000000,1.156414,0.000000,0.000000,4.107336,2.389814,4.281252
0.000000,0.593425,0.696699,0.000000,0.000000,3.513842,0.000000,0.000000,4.172238,0.000000,1.140733
0.000000,0.000000,1.660271,0.000000,0.000000,0.063191,0.000000,3.679347,0.331751,4.266311,3.090504
0.000000,0.000000,2.267086,2.601173,3.520533,0.000000,0.000000,0.000000,0.421633,4.489310,0.208917
0.654765,0.914417,0.557639,6.086221,4.332172,1.054096,1.798179,0.048530,2.494561,0.000000,3.822757
6.904960,0.000000,1.514871,1.357815,3.526288,3.615400,0.345313,0.000000,0.000000,0.102057,0.000000
6.424932,0.000000,1.401251,5.898083,0.000000,3.487157,0.000000,0.347550,0.000000,0.000000,0.000000
0.000000,0.000000,0.000000,0.000000,0.000000,0.000000,2.430221,1.397839,1.451252,0.000000,0.991018
0.000000,0.338539,2.129172,0.000000,1.922561,1.374498,0.000000,0.000000,0.000000,0.000000,0.000000
0.000000,0.000000,0.000000,0.000000,0.251580,0.755776,0.655690,1.872795,1.239314,1.634575,0.000000
0.000000,0.904007,0.000000,4.424597,0.037062,0.000000,0.000000,1.358379,12.183044,1.122102,0.525305
3.102281,0.000000,0.000000,0.983515,6.038415,1.382120,0.000000,0.000000,0.000000,3.674483,0.000000
2.339462,4.204531,0.487363,1.429629,7.333960,0.175300,0.000000,2.814951,0.748274,3.446491,3.859612
0.818019,2.345815,0.000000,4.764710,4.712736,0.000000,1.382804,0.000000,0.000000,2.250406,0.000000
0.000000,0.000000,0.000000,0.000000,0.728128,0.000000,0.000000,0.000000,0.000000,0.000000,2.156280
0.309466,0.000000,0.000000,0.000000,2.125784,4.394742,0.000000,0.000000,3.150617,4.751681,0.000000
3.101598,0.000000,3.379407,0.000000,0.000000,0.529788,1.532961,0.000000,8.760600,0.000000,0.000000
0.000000,0.968107,0.000000,1.096149,0.000000,0.728979,1.852429,0.000000,6.777471,0.000000,0.000000
1.327705,1.202960,6.649922,0.574857,2.629473,0.000000,0.000000,0.000000,0.760752,5.003997,7.299767
0.000000,5.931761,0.972111,0.923475,0.000000,0.000000,0.000000,3.888904,10.734446,0.000000,5.504386
7.342563,0.000000,1.212965,0.929405,0.000000,0.000000,0.663037,0.000000,0.000000,0.000000,0.000000
0.000000,0.000000,0.000000,0.000000,0.000000,3.143273,0.000000,0.000000,4.010087,1.332182,0.000000
4.263738,0.436516,0.000000,1.430567,0.000000,0.000000,1.268722,0.000000,0.000000,0.000000,2.875304
0.000000,0.000000,0.000000,0.000000,0.000000,0.855827,2.345600,4.831170,0.000000,0.000000,3.053994
0.000000,0.422247,1.034735,6.101019,0.000000,0.000000,4.864107,1.786943,1.125184,5.291519,1.810275
0.344831,0.000000,0.000000,1.220113,0.587810,0.000000,0.000000,0.183646,3.794054,0.000000,0.000000
0.000000,0.000000,1.804897,0.311417,1.875432,8.025627,1.204810,0.000000,0.000000,0.000000,0.000000
0.000000,0.000000,0.000000,0.000000,0.000000,1.712246,2.668630,0.000000,0.052210,1.165403,7.521944
4.475360,0.000000,2.642432,1.040917,0.000000,0.000000,9.557102,3.820853,6.333116,2.388166,0.000000
0.000000,5.680108,0.000000,0.000000,0.000000,0.000000,0.000000,2.738268,0.000000,0.040695,0.000000
8.153360,14.899706,0.000000,0.000000,0.000000,10.028721,1.951430,1.439648,0.000000,0.861193,4.673277
0.000000,0.000000,0.000000,0.000000,0.000000,0.000000,4.107390,0.000000,3.233511,4.488697,0.000000
3.331988,0.000000,0.000000,0.000000,0.000000,0.000000,0.496930,0.169034,4.537377,0.000000,0.000000
0.000000,0.000000,0.577194,1.660274,0.000000,10.355581,10.163991,0.000000,1.386246,2.141577,2.222698
2.744010,0.000000,3.777184,0.000000,3.050914,3.351565,8.681318,0.000000,6.619890,4.804794,2.328551
0.000000,0.000000,0.000000,0.000000,1.832613,0.000000,7.053124,0.000000,0.000000,3.429538,0.000000
0.000000,17.275732,0.733469,0.000000,0.000000,4.121001,0.000000,2.283842,4.317668,1.560447,2.496487
0.000000,0.000000,2.484427,0.000000,3.534110,0.000000,3.778878,2.163446,0.000000,7.223976,0.000000
0.000000,0.000000,1.380256,0.000000,0.000000,4.564030,0.000000,0.000000,3.411804,0.000000,0.000000
0.000000,1.156591,0.036492,0.000000,0.346164,4.469488,0.273518,0.000000,2.811857,0.290924,0.000000
4.863319,0.056820,1.812754,2.540818,2.334605,5.702499,0.000000,0.876872,5.238918,1.766127,0.208296
0.000000,2.175125,0.000000,1.504945,0.000000,0.000000,0.000000,0.000000,0.378238,0.411894,3.875008
0.000000,2.339521,0.000000,3.326248,1.568668,4.794039,0.000000,0.253736,0.000000,0.000000,0.000000
0.000000,0.887084,5.339531,1.759245,5.687512,0.000000,2.444913,3.825177,0.160602,0.000000,6.472826
0.000000,1.479439,0.283457,0.000000,0.111323,0.954215,0.000000,0.000000,3.906577,0.000000,0.000000
0.000000,1.570347,0.000000,14.552585,1.460952,0.118754,0.000000,0.000000,0.000000,6.783831,0.000000
0.763864,5.313056,2.500428,0.000000,1.743828,0.000000,0.000000,0.000000,0.000000,0.000000,0.000000
2.476072,0.000000,6.048628,5.655221,0.814771,0.000000,1.394622,1.540830,1.640843,1.427581,3.813950
0.000000,4.860412,0.000000,0.000000,0.000000,12.506749,5.528268,5.211003,0.434638,0.000000,0.000000
0.268947,3.229561,0.000000,0.000000,0.000000,0.000000,0.000000,5.696810,0.000000,0.000000,0.000000
0.000000,0.000000,9.070385,0.767571,0.000000,3.930729,5.472589,0.863652,0.409297,0.000000,4.352778
5.302749,0.000000,3.463552,2.980612,0.445882,0.000000,0.863556,1.146728,0.282040,0.000000,0.000000
0.000000,0.428862,14.118950,0.000000,0.158091,0.000000,4.393387,0.455220,0.000000,0.000000,0.000000
2.775948,0.000000,2.830059,0.000000,1.838864,0.000000,0.000000,0.749034,0.000000,0.961438,0.000000
4.878419,0.000000,1.048591,1.662927,1.772924,0.000000,0.274600,0.000000,0.000000,0.000000,0.000000
1.141913,2.278842,0.000000,2.152669,0.000000,0.000000,0.000000,0.000000,0.923250,0.000000,3.231713
0.000000,0.428503,0.000000,0.000000,0.000000,1.170202,0.000000,0.000000,0.000000,0.000000,3.270295
0.000000,4.600524,0.000000,0.000000,0.677463,2.471361,10.084265,0.000000,0.000000,0.000000,3.021497
2.595937,1.118613,0.000000,9.933944,0.000000,0.000000,1.206055,0.000000,7.333465,0.000000,7.765363
0.000000,0.055041,0.000000,0.000000,4.302147,1.712463,0.000000,4.037999,1.885379,0.000000,0.000000
12.303584,0.000000,1.702693,0.000000,0.657497,0.000000,0.000000,0.000000,0.000000,0.000000,0.000000
2.493370,0.000000,0.000000,0.530738,3.761743,0.230170,6.153030,0.000000,6.456115,0.000000,0.000000
0.675623,1.897684,2.953749,0.816531,0.000000,0.000000,4.565984,0.000000,0.000000,0.859763,3.546577
12.654081,12.004028,0.000000,0.000000,4.902234,0.000000,7.246215,0.000000,1.105535,0.000000,2.054894
0.177235,2.753506,0.000000,0.000000,0.000000,4.392360,0.000000,13.271794,2.383877,0.000000,0.000000
0.000000,0.000000,0.000000,0.000000,0.000000,0.915962,0.000000,1.606724,4.549675,0.000000,1.334046
0.000000,0.000000,0.755422,0.000000,0.000000,0.000000,0.000000,3.550145,19.136991,0.323092,0.000000
0.000000,3.988702,2.121166,3.821068,3.353278,2.816836,6.046050,0.597590,0.000000,4.086334,0.000000
2.888207,10.363514,0.000000,0.811348,0.000000,0.000000,3.307800,0.793482,0.000000,11.291384,4.722687
5.472245,0.000000,0.000000,0.000000,6.975837,0.000000,0.000000,4.026833,5.469114,12.335907,0.000000
0.829515,2.398641,1.587658,0.000000,0.000000,0.227016,0.049654,0.000000,0.000000,7.540433,1.369583
0.000000,0.674051,0.000000,0.000000,0.000000,0.902777,6.189438,2.063512,3.313054,3.316506,8.250496
1.098273,2.753477,4.097426,1.153192,3.615217,0.000000,6.431293,0.073842,2.435735,0.000000,3.641018
0.000000,0.000000,0.000000,0.118381,0.000000,15.142585,0.000000,0.000000,0.933833,8.157343,0.000000
1.224707,0.000000,2.555819,0.000000,0.594341,0.307139,0.000000,0.315992,5.665032,0.000000,3.965827
9.854510,0.000000,12.573663,3.700755,2.118115,0.000000,6.061249,0.000000,0.000000,0.000000,2.321106
4.571598,0.000000,0.000000,0.000000,9.388169,0.000000,2.088503,6.856645,0.084699,9.329571,5.929296
2.377411,0.000000,0.000000,10.540882,0.000000,0.000000,0.000000,0.000000,6.536204,5.140366,0.000000
4.070073,3.618164,0.000000,0.000000,0.000000,0.000000,0.000000,24.442540,0.000000,10.543564,0.000000
6.948451,0.000000,6.988216,1.242379,0.000000,3.176629,0.000000,0.177940,0.000000,1.088121,21.571930
8.997368,0.000000,0.000000,4.303609,0.000000,0.000000,0.000000,1.511933,0.000000,3.599281,3.244122
0.000000,3.698884,0.000000,6.298238,0.686702,5.135001,8.680828,2.203693,8.941827,1.101891,0.140345
0.000000,3.654999,6.139087,0.000000,0.000000,0.000000,1.528854,3.284948,7.278878,4.755588,0.722648
2.889851,0.000000,4.154526,0.000000,5.301882,0.478571,2.469899,2.084609,0.000000,6.732572,8.502891
2.869512,0.000000,0.161975,5.416105,4.968972,5.118434,6.324097,1.231252,0.000000,9.469647,0.673388
2.600937,4.784195,1.268424,1.170605,1.510287,0.000000,9.671018,0.000000,0.000000,0.000000,0.000000
6.237649,1.255454,0.000000,2.620666,5.790665,2.153888,6.285547,1.165710,0.000000,4.618338,0.000000
0.000000,0.000000,0.000000,0.000000,6.627496,4.728881,0.000000,0.000000,6.192191,0.000000,0.000000
0.000000,3.032455,0.000000,0.000000,2.429807,0.417893,1.291678,4.918395,1.897534,10.721011,0.000000
4.146676,9.519823,1.075992,2.336470,0.000000,0.000000,14.692639,0.000000,0.000000,1.006302,0.000000
0.000000,4.848309,1.081378,0.000000,2.817035,0.000000,2.596832,0.000000,0.690025,3.108188,2.775881
0.000000,0.225773,1.534227,4.806799,0.573404,0.000000,6.900297,1.392923,0.521262,0.000000,1.206161
2.190756,0.904544,3.588975,6.876003,13.150797,0.000000,0.000000,8.755466,3.189028,1.308505,1.024905
8.771815,0.000000,0.205913,2.412422,0.000000,0.000000,11.544189,8.453977,6.669815,0.000000,0.000000
1.598603,10.315261,2.947091,0.000000,3.175985,10.026336,0.000000,4.251437,4.910677,5.800979,4.366666
0.124575,0.000000,0.000000,3.636872,0.050725,0.000000,3.474632,6.141072,1.145877,0.000000,10.117428
8.322785,4.318140,0.000000,10.822453,0.000000,0.000000,0.000000,0.347794,0.760794,0.669099,0.510262
1.517703,0.698034,12.759780,5.047098,0.000000,0.000000,2.045904,8.255408,4.803715,0.000000,0.000000
1.417974,4.656541,0.000000,0.000000,0.000000,0.000000,0.000000,0.000000,15.453096,0.000000,2.435966
0.000000,4.169713,0.000000,5.759957,0.000000,2.450234,3.312084,19.770707,2.163058,0.000000,2.826495
0.000000,0.000000,0.000000,0.000000,0.775317,2.274033,0.000000,16.343982,0.000000,0.000000,0.000000
6.691851,0.119520,3.130101,10.114304,0.000000,12.058662,0.000000,12.145676,1.422433,0.000000,10.652038
0.000000,2.851722,2.508628,0.000000,1.656026,3.027547,0.000000,5.112043,5.428608,2.685018,0.845232
5.071188,9.490187,16.754613,0.000000,0.000000,17.529626,2.469831,7.613345,1.706850,0.000000,0.000000
2.983462,11.635531,1.168885,4.906062,0.480493,0.000000,0.000000,0.000000,0.000000,5.014980,6.096145
3.810486,10.229138,4.314976,0.000000,0.000000,0.000000,3.184831,2.299900,0.000000,0.000000,0.000000
0.000000,8.886433,4.438148,7.747484,0.000000,2.161378,3.282955,0.000000,6.990395,4.253658,0.000000
0.000000,0.000000,2.669782,7.384019,0.000000,2.190044,5.599421,0.000000,0.000000,6.774129,0.352283
0.763110,0.000000,0.000000,0.838404,0.000000,4.797642,0.000000,0.282243,3.094340,0.000000,0.000000
0.000000,0.000000,0.000000,1.972875,0.547731,4.243768,1.773466,8.549478,0.000000,0.000000,6.372534
2.352742,0.000000,0.000000,0.535544,0.000000,0.000000,0.000000,9.405726,0.000000,0.280373,0.000000
0.000000,3.828777,0.000000,3.276125,0.000000,0.000000,0.000000,4.698203,0.000000,0.000000,29.921550
5.322416,18.762635,6.727668,0.000000,0.000000,0.000000,0.000000,13.216882,2.431597,7.538753,0.000000
2.808213,0.944836,0.309279,0.000000,6.039054,0.572305,0.000000,1.317473,14.839342,0.000000,0.000000
0.000000,0.000000,2.226467,8.220145,4.391030,0.000000,0.804447,0.000000,8.245775,0.710999,0.000000
3.960986,0.676075,0.805238,0.000000,0.000000,9.576021,17.547795,0.000000,17.767500,0.000000,7.333836
18.616211,0.819629,0.000000,0.000000,2.801752,5.098682,17.534811,0.000000,5.100823,0.000000,0.000000
3.465177,3.860920,6.871939,0.000000,23.215194,0.000000,0.000000,0.071127,0.000000,0.000000,0.000000
0.000000,1.958831,0.000000,6.772051,0.000000,3.556419,0.000000,0.677782,0.000000,0.533297,3.080446
0.000000,0.000000,9.025351,16.252499,0.000000,1.418221,0.000000,5.264780,0.000000,0.000000,0.000000
0.000000,2.148950,1.811121,0.000000,0.258848,5.019037,5.864694,0.000000,0.000000,0.000000,0.484402
2.188609,0.000000,0.000000,0.000000,0.000000,0.000000,0.000000,0.000000,0.000000,0.000000,0.000000
0.000000,1.324471,10.561795,2.708765,0.000000,0.185758,0.000000,7.681349,4.918296,4.816126,0.000000
3.523716,0.022040,0.000000,0.000000,6.401155,8.472576,1.067852,0.000000,0.000000,0.000000,0.000000
0.326357,4.970919,0.000000,0.000000,0.000000,0.000000,1.800334,0.000000,1.171725,0.000000,19.728375
6.478074,11.416056,0.000000,0.000000,0.000000,7.113636,5.523541,4.557837,22.231589,4.940664,5.416812
0.000000,1.697892,1.300457,0.000000,0.000000,0.000000,0.000000,0.790592,0.000000,0.000000,0.000000
3.932932,0.375636,6.521622,0.000000,0.462850,11.207084,0.000000,0.000000,9.163117,0.000000,4.076885
0.000000,1.251973,0.000000,0.000000,13.434248,6.380056,0.000000,0.000000,5.212692,0.000000,2.507169
4.820247,16.221399,0.000000,2.714253,0.000000,0.000000,3.554342,0.000000,0.000000,6.333947,0.000000
5.425868,5.987173,0.000000,8.875727,6.618060,4.320322,0.000000,0.000000,3.466609,1.066533,0.000000
0.000000,0.801053,5.549553,0.507660,16.989106,0.000000,2.515089,0.000000,0.000000,0.000000,5.337067
0.723338,3.165834,10.679716,0.000000,0.000000,0.000000,2.764893,0.000000,0.000000,2.159877,0.000000
0.000000,0.000000,0.793790,5.526658,0.000000,0.000000,0.000000,2.900262,21.605720,6.280098,0.000000
2.310334,0.000000,1.384148,0.000000,4.727599,3.568061,9.692442,2.914606,4.108542,0.000000,2.992252
7.971947,2.900468,0.000000,6.378233,0.000000,0.000000,0.000000,0.000000,3.239835,0.000000,0.000000
4.725277,0.000000,8.094490,6.038256,0.000000,0.000000,7.042519,0.000000,0.000000,0.000000,0.000000
11.460050,6.474757,0.442869,1.874213,0.000000,5.489927,0.000000,10.479108,0.169796,0.000000,6.017790
0.000000,0.000000,2.618040,11.933858,0.000000,1.632879,12.016571,0.000000,9.312508,0.000000,0.000000
0.000000,0.000000,0.000000,0.330194,1.583163,2.246420,0.000000,32.275946,0.000000,7.798589,0.000000
0.000000,0.000000,15.293197,0.000000,0.000000,7.452902,5.129659,0.000000,0.000000,0.527788,1.803062
0.000000,0.000000,3.799202,4.905077,2.330834,6.492541,0.279874,8.516784,10.384556,0.000000,0.000000
8.161822,7.787389,19.079584,0.000000,7.410879,0.000000,4.645175,0.000000,2.179879,0.000000,6.221550
0.000000,7.080363,0.000000,3.278024,5.016870,0.000000,0.000000,7.762688,0.000000,1.616773,0.000000
0.000000,2.748518,0.000000,11.631857,7.749693,0.000000,10.733981,0.000000,4.573137,5.898910,6.361175
1.023308,2.712527,0.000000,4.018944,19.572970,4.121480,0.000000,0.000000,1.149612,0.000000,8.174775
0.000000,3.111400,6.999036,0.000000,0.000000,0.000000,0.000000,1.227263,0.701788,2.814548,7.169106
0.000000,4.718828,3.194625,0.000000,0.000000,3.971458,6.396446,0.000000,9.683307,10.482415,0.000000
2.633481,0.000000,0.000000,0.000000,1.132482,0.000000,0.000000,0.000000,0.990316,0.000000,1.606519
4.274910,0.000000,8.825059,6.051719,4.609848,2.147072,0.000000,4.785005,16.381604,4.013150,0.000000
0.000000,10.522120,3.643479,0.000000,12.391366,0.000000,1.739641,0.000000,0.000000,0.571905,0.000000
0.000000,19.252353,0.000000,0.000000,0.000000,3.270849,0.000000,0.000000,14.858109,9.964820,0.000000
0.637998,0.572337,1.931738,0.000000,0.000000,4.206411,1.143456,6.878701,11.624080,0.454515,4.883634
0.000000,0.469755,14.341116,3.871375,2.599197,10.982271,1.113620,0.000000,3.377429,4.835091,1.586794
2.696214,2.781119,0.000000,0.000000,13.210774,6.490111,0.000000,4.748114,0.739018,5.089389,0.000000
0.000000,2.532893,6.141829,1.569751,0.000000,15.313598,6.119901,0.000000,9.375685,0.000000,6.464942
1.603998,2.499703,5.840840,0.000000,0.841487,0.000000,0.752620,0.224357,4.869814,2.058102,2.362756
0.000000,0.000000,4.666474,0.000000,5.982157,0.000000,0.000000,1.292072,6.510897,0.000000,1.854725
0.000000,21.814922,2.682074,22.777693,3.321301,0.863279,17.624801,1.161300,0.000000,0.000000,6.360970
4.934043,0.000000,4.981790,0.000000,3.574504,0.466044,4.246090,15.417268,8.116095,0.000000,2.621778
0.000000,0.000000,0.000000,0.000000,4.364003,5.643788,4.715956,0.000000,9.145985,0.000000,0.000000
0.864880,4.931415,0.000000,0.000000,1.612364,1.308153,5.063978,3.290403,0.000000,1.480307,2.268814
5.264420,1.564001,0.000000,9.844496,0.000000,0.000000,7.782500,16.424649,0.000000,0.000000,4.753012
0.000000,4.759734,2.421352,1.139186,4.036366,7.019623,0.000000,7.576809,8.486399,16.138557,10.442379
5.959578,1.022596,4.055755,0.830606,4.886418,0.000000,2.748427,0.000000,1.254014,0.000000,10.664303
0.000000,0.000000,0.000000,0.000000,0.000000,0.000000,9.011441,6.727672,0.000000,5.229532,5.524345
0.000000,0.459658,0.000000,0.000000,0.000000,0.000000,0.000000,4.232379,0.000000,0.000000,0.000000
2.247263,0.000000,0.000000,3.712160,2.971787,0.000000,0.000000,0.000000,24.850814,4.160353,0.000000
0.000000,5.572004,0.000000,0.000000,0.000000,1.276243,2.727947,4.930846,3.901163,0.000000,2.627317
0.000000,9.121681,0.000000,4.412212,0.000000,7.034016,0.000000,3.514818,0.000000,4.698575,0.000000
9.566168,0.000000,6.385172,0.000000,4.879106,5.595521,0.000000,0.000000,0.000000,1.753000,12.777655
0.000000,3.723844,1.128679,7.162035,0.000000,0.000000,0.000000,2.470214,4.411488,8.458786,0.852004
0.000000,1.542409,0.000000,0.000000,0.306227,9.883356,0.000000,10.654032,0.000000,5.041785,4.096306
5.098936,0.000000,1.683305,0.064349,19.619081,4.869202,5.594349,2.260024,0.000000,0.000000,31.373563
0.000000,0.000000,1.988218,0.000000,10.243475,0.000000,11.307326,2.874730,0.000000,3.128490,0.000000
2.413760,0.000000,1.696944,0.000000,0.000000,0.000000,6.094250,9.406260,2.492565,0.000000,4.280134
0.000000,2.178452,1.926326,4.651550,5.890991,3.926763,0.000000,11.269805,0.000000,0.000000,0.981136
1.897212,0.000000,5.369568,0.872963,3.572199,18.402812,0.000000,1.964992,0.000000,7.484178,7.127578
8.418854,6.962196,3.375163,0.000000,0.000000,0.000000,0.000000,8.869871,2.736949,0.000000,1.320356
7.743391,0.000000,0.000000,0.000000,5.475638,0.000000,0.000000,0.000000,0.000000,0.000000,21.333089
14.514831,2.134815,0.277590,4.439531,0.000000,10.594921,0.000000,5.091204,5.053536,0.000000,5.180882
0.717801,0.000000,7.255015,14.731612,0.000000,1.311728,6.269727,0.000000,0.000000,0.000000,0.457826
0.841156,0.000000,0.000000,3.432091,0.000000,0.000000,1.202321,0.000000,1.907629,11.111350,1.442342
3.715222,2.633059,10.125416,0.000000,1.127894,31.108447,0.000000,12.232144,7.883276,0.000000,5.935140
1.052526,4.238627,0.463894,0.000000,7.339028,4.617541,4.231269,0.263393,8.474865,0.000000,0.000000
0.000000,0.000000,4.987776,0.000000,11.712748,0.000000,6.722185,1.480417,0.000000,0.000000,8.708998
0.750440,0.000000,9.989511,0.000000,1.920438,9.927356,7.531860,0.000000,12.965869,2.714481,5.744495
2.653155,1.114465,0.000000,2.067311,0.000000,0.000000,5.326406,0.000000,5.586373,4.772409,1.266136
2.758828,7.514803,0.000000,0.000000,5.728613,0.000000,0.000000,2.193992,6.745332,0.000000,0.000000
0.000000,5.073887,14.973090,11.899144,0.000000,3.172907,0.000000,9.849377,2.154322,0.000000,1.319232
2.047923,0.000000,4.687177,0.000000,0.791740,4.445898,0.000000,0.000000,3.611021,0.000000,3.495826
0.000000,1.943398,1.768669,2.511472,3.597661,3.661599,0.000000,2.330496,7.158512,2.381488,0.207446
0.000000,0.000000,12.876907,0.000000,0.000000,0.000000,1.469505,0.000000,0.000000,2.682164,0.000000
2.468836,0.000000,0.000000,5.797110,0.000000,1.322546,0.000000,0.000000,8.008604,8.710846,3.537657
0.000000,4.704282,0.000000,0.000000,2.000612,0.000000,2.467097,3.860913,3.910485,3.861632,4.102833
1.991285,0.258592,8.557938,0.692827,0.000000,0.000000,7.741144,6.779344,0.000000,0.000000,6.805673
0.401610,9.057002,0.897449,6.516278,4.638165,0.775066,0.000000,1.354518,0.544732,0.591256,0.796934
0.000000,0.760964,0.000000,0.708959,0.000000,5.921315,0.000000,1.763559,0.000000,0.000000,0.000000
0.000000,0.000000,3.560225,1.849777,0.000000,0.000000,0.000000,3.921500,3.738218,1.813147,0.000000
3.256585,0.000000,31.837331,1.686717,2.961740,0.000000,0.000000,3.256985,0.000000,0.000000,0.000000
0.000000,1.330007,0.763371,0.193748,0.000000,0.000000,0.000000,5.107727,14.301484,16.498883,0.000000
0.000000,0.000000,0.000000,4.241122,11.657289,0.119582,14.123419,0.000000,0.475827,1.778954,3.448146
0.000000,1.005349,0.000000,3.658742,0.000000,13.290539,0.000000,0.000000,2.841336,0.000000,0.000000
0.000000,0.000000,0.000000,0.000000,1.594456,6.244998,2.182936,0.844375,0.000000,0.000000,4.884270
4.099535,6.605600,0.000000,0.000000,0.000000,0.000000,1.486760,0.000000,0.000000,20.100460,2.596298
0.000000,4.153728,10.226933,0.000000,0.000000,0.000000,4.669835,4.975837,0.000000,0.000000,2.794738
1.219995,1.423568,16.298590,6.526545,0.000000,2.046002,0.000000,0.000000,0.000000,1.094829,7.867947
0.000000,10.697140,3.083515,0.000000,1.738995,0.419337,4.025947,0.000000,5.168423,0.329761,0.000000
0.000000,0.000000,0.000000,1.652384,0.000000,6.212261,0.000000,1.996431,0.000000,0.000000,7.521410
8.003918,0.000000,0.000000,0.000000,9.523422,3.391772,6.746801,5.049756,0.000000,0.732180,9.092974
1.385668,1.078099,4.256623,0.000000,2.924840,0.000000,0.000000,1.835168,0.000000,6.254543,0.000000
0.000000,10.680175,0.000000,2.184671,1.730491,17.089578,0.000000,0.000000,0.000000,2.507270,0.000000
2.216021,0.171867,0.000000,3.407053,0.000000,0.000000,0.000000,0.449366,0.000000,1.520171,2.129824
5.170492,19.140500,5.214694,0.000000,9.573325,3.220561,0.000000,7.668627,2.710777,1.292701,0.000000
0.000000,1.960800,2.544752,0.000000,0.000000,0.000000,0.000000,4.209098,0.000000,6.994613,0.595529
5.765533,0.000000,0.000000,2.563306,5.076807,0.000000,5.705673,0.000000,3.970749,0.186294,7.335641
5.797265,0.000000,6.748509,2.569838,0.000000,0.000000,9.603735,0.000000,9.449828,1.051938,23.752074
4.551398,0.000000,0.000000,0.564116,4.013196,0.000000,0.000000,1.989640,0.000000,0.000000,0.000000
0.000000,3.960468,0.648160,1.378232,1.559452,5.438130,2.597489,0.000000,0.000000,0.000000,0.000000
0.000000,0.000000,1.211171,8.077619,10.739937,0.000000,1.449327,0.000000,1.183511,0.000000,7.354312
0.000000,2.059114,0.000000,2.292143,0.000000,3.870664,2.569869,3.028237,5.129974,0.000000,0.000000
8.288841,38.384623,0.000000,0.362690,6.074242,1.725172,0.000000,0.000000,0.000000,0.000000,0.000000
11.482189,0.136893,0.000000,4.118473,0.761921,0.000000,0.000000,0.000000,0.000000,9.920137,0.000000
1.461426,0.514331,16.379610,0.378768,0.000000,0.000000,0.000000,4.814097,18.964395,5.888646,0.000000
14.446221,1.816208,0.000000,4.236342,4.915664,0.000000,2.704672,0.000000,0.000000,0.588867,0.502563
6.562473,2.137354,17.630640,0.636269,6.813464,0.000000,0.000000,1.821920,1.137236,2.434395,0.000000
1.932158,7.047757,2.800256,0.000000,0.000000,0.000000,0.000000,7.363990,16.513929,0.000000,0.565141
0.000000,0.000000,6.609189,9.879857,9.293157,2.841199,0.119407,0.000000,0.000000,20.184525,4.093169
4.776876,7.525299,0.000000,1.862299,0.000000,0.000000,7.083021,10.845482,0.000000,8.169750,4.085602
11.277517,2.591868,0.000000,0.000000,5.866408,0.000000,5.039119,3.747594,3.216675,0.000000,2.197932
0.000000,2.952597,0.000000,6.370500,3.230820,3.685341,6.613543,1.836482,2.318723,0.000000,0.000000
0.000000,0.918410,1.003269,7.289023,0.000000,11.848523,0.000000,2.925533,3.951156,2.478617,4.227857
0.989278,0.000000,0.000000,0.000000,0.550930,4.039851,0.000000,2.443118,15.891901,0.000000,4.885821
0.084714,0.000000,0.000000,0.570982,6.659264,3.858543,0.878567,1.899438,0.000000,0.000000,0.000000
6.732531,0.000000,0.000000,0.000000,4.229159,0.000000,0.000000,4.133740,8.825038,0.000000,3.822325
9.305311,3.648244,0.723181,0.000000,0.000000,0.380765,1.794211,0.000000,7.798129,0.000000,3.374171
0.000000,0.000000,5.300573,1.970206,2.577018,3.936864,2.817266,1.784006,0.735361,0.000000,5.228659
0.000000,0.000000,4.305096,0.064067,8.919966,5.117005,0.000000,0.000000,0.000000,10.132448,0.925838
4.011495,4.189664,0.000000,0.000000,0.000000,10.531549,0.000000,0.000000,0.000000,0.000000,2.559805
0.000000,8.865385,0.000000,3.682952,0.000000,0.000000,6.077523,0.000000,0.000000,7.621601,1.314396
0.000000,0.000000,8.798487,0.000000,0.000000,0.000000,2.880958,0.327308,3.123824,15.168134,0.000000
2.312444,0.000000,2.437530,2.238158,0.000000,0.000000,3.948801,0.000000,10.357097,0.000000,0.706673
0.505825,3.225310,10.149223,15.790090,0.000000,0.000000,5.408411,0.141886,3.478313,4.590193,0.000000
7.816482,1.420754,0.101494,9.051678,0.000000,2.612645,0.000000,9.067560,1.332005,0.000000,0.000000
2.227324,21.452252,9.720067,0.000000,0.078571,4.651229,7.169701,0.000000,0.000000,1.037677,0.000000
0.000000,0.000000,0.000000,3.224808,0.336267,0.000000,0.000000,2.570552,0.000000,2.496620,2.159256
8.857952,0.000000,0.000000,1.436905,0.086480,8.136114,0.000000,2.231671,6.045204,6.179710,11.110454
0.000000,4.441764,2.428463,3.426636,3.491024,0.703227,2.263219,0.000000,14.584245,0.000000,0.000000
0.000000,0.000000,3.414507,6.285805,0.000000,0.000000,9.154556,0.802604,0.096499,4.432110,4.041437
2.402947,0.765876,1.119356,0.675944,0.000000,0.000000,0.000000,0.105619,0.000000,11.621069,0.000000
0.000000,0.000000,7.970590,19.885193,0.000000,3.953451,2.437377,0.000000,0.000000,0.000000,0.000000
12.082324,1.225123,1.978024,0.000000,1.844071,0.000000,2.422156,1.986728,0.000000,3.693284,6.276321
3.011408,2.309159,0.572372,9.920932,13.616004,0.000000,3.363027,5.262738,0.000000,3.890260,4.252972
3.442764,5.789745,0.000000,0.000000,0.911256,0.000000,0.000000,0.000000,0.000000,5.673240,0.000000
0.000000,0.000000,6.223991,0.000000,0.000000,0.000000,0.000000,3.701852,4.660220,1.128382,19.168554
15.434787,0.000000,4.241050,0.000000,1.653702,4.783192,0.000000,11.983059,0.000000,0.598080,0.000000
2.796114,0.000000,0.000000,0.000000,0.000000,0.000000,0.000000,0.000000,0.000000,5.486988,0.000000
6.099517,0.000000,3.240144,0.000000,1.785987,2.951450,2.201374,0.000000,0.000000,0.000000,7.842420
2.940403,0.000000,3.549044,0.000000,0.000000,0.000000,0.000000,1.917891,0.000000,7.914946,5.729203
0.000000,0.000000,6.830003,0.000000,3.523503,0.000000,0.000000,9.246899,0.000000,0.000000,11.280387
2.530982,4.087774,0.931203,4.314976,0.697901,0.000000,2.084548,6.038924,0.000000,0.000000,0.000000
0.583945,0.000000,4.656871,0.000000,3.434418,7.195288,3.450198,8.175703,0.000000,0.000000,0.862677
0.000000,0.000000,0.000000,4.981726,0.000000,0.000000,0.756896,2.130706,0.000000,1.303355,0.000000
0.000000,0.953113,0.000000,0.000000,0.000000,0.000000,0.000000,6.587955,4.867734,0.000000,0.593897
4.309414,3.077958,2.777261,0.000000,4.483356,3.982393,0.000000,2.063697,4.232807,0.000000,0.000000
0.000000,0.516834,4.067032,2.160495,0.000000,3.950376,1.131644,1.015755,0.000000,2.759088,1.508403
0.000000,2.881455,0.000000,8.155942,2.112462,7.618116,4.997735,4.809492,0.000000,3.020363,0.000000
0.000000,11.832356,4.690170,7.752422,3.794567,3.884180,0.000000,0.000000,1.150028,3.021191,0.000000
0.000000,0.880595,8.633390,0.000000,0.000000,3.960562,3.030032,7.553147,0.000000,2.043497,1.428612
3.834720,0.000000,0.000000,2.895150,0.000000,0.000000,0.000000,0.000000,0.000000,0.320239,0.000000
0.000000,0.000000,0.000000,0.151179,5.478631,0.000000,0.683085,0.757939,11.649217,4.871111,0.107723
1.095645,0.000000,13.350656,0.000000,0.000000,5.463367,0.000000,0.000000,0.000000,5.786730,0.000000
0.000000,5.175400,6.897554,0.652032,9.853335,0.000000,0.000000,0.000000,0.000000,0.000000,0.000000
4.843150,0.265036,0.000000,1.433034,0.000000,4.019539,0.000000,0.000000,3.152009,0.000000,0.000000
5.123760,0.000000,1.917656,1.442304,0.863403,0.000000,0.000000,13.335410,0.000000,0.000000,0.860282
0.000000,0.000000,0.000000,1.375909,2.093978,1.085471,0.000000,0.530982,0.000000,12.385298,0.439796
0.000000,0.000000,2.012665,3.636653,4.929782,7.936058,4.008898,0.000000,0.000000,0.000000,1.156522
0.000000,0.896223,0.000000,1.979484,0.000000,2.766116,0.000000,0.787656,0.000000,3.712449,4.978036
1.537939,0.000000,6.153514,0.000000,3.671518,1.895292,7.528143,0.000000,0.000000,0.000000,0.000000
2.523388,0.102905,0.000000,9.921152,0.000000,0.317326,0.000000,0.000000,0.523472,0.000000,0.000000
5.958823,0.000000,0.000000,2.319063,9.119405,0.000000,0.653586,0.000000,4.732842,0.000000,1.682750
8.481087,1.020655,7.677104,0.000000,0.000000,6.757588,0.000000,4.558923,0.000000,1.091445,5.394670
0.000000,3.347622,11.376542,2.695888,0.946899,0.000000,0.522848,0.000000,0.000000,0.000000,2.890071
2.032615,3.158436,0.462376,10.399268,0.000000,0.000000,2.588503,0.814254,2.519725,2.890033,0.000000
4.426349,0.114751,0.000000,0.468284,4.380782,7.658332,6.118970,2.056776,3.081621,0.173317,0.000000
2.352239,0.000000,1.877717,0.000000,0.000000,15.761809,4.374006,5.787288,0.540283,0.000000,0.000000
2.045885,5.754898,0.000000,3.511183,0.000000,1.469365,6.632137,2.516335,2.661760,0.000000,1.144240
3.409202,0.000000,4.437155,3.373633,0.000000,0.000000,4.239921,5.601054,2.677787,3.188274,1.189027
0.000000,2.219574,0.000000,0.000000,12.438753,0.000000,3.535341,0.000000,0.527247,0.000000,0.000000
0.000000,0.987416,0.648779,0.000000,0.000000,5.967058,0.300509,0.000000,0.000000,7.142693,0.000000
5.939680,2.743796,0.000000,6.425656,10.476377,2.412349,0.129624,0.000000,1.507376,2.757290,11.954054
1.439227,0.000000,1.383764,0.000000,0.000000,0.000000,2.955559,7.137145,3.604519,1.386723,7.056177
0.000000,1.394490,3.370268,4.378830,2.036115,4.806391,1.241686,0.000000,0.000000,0.000000,2.806207
0.000000,0.519180,13.065071,9.457022,21.264228,0.425242,7.266027,2.818867,0.000000,3.533008,0.000000
19.672652,0.000000,0.000000,0.000000,0.000000,0.000000,0.000000,0.000000,1.208795,0.000000,0.000000
0.000000,8.494393,0.000000,0.000000,0.253764,0.000000,0.734876,4.824782,1.069990,0.000000,0.000000
0.000000,13.459199,0.000000,0.000000,0.000000,0.329334,0.000000,0.000000,3.540703,4.668476,0.000000
2.506414,0.000000,9.028496,0.508049,0.000000,2.305089,0.000000,8.388498,0.560732,3.245861,1.279452
1.379008,0.000000,5.750051,0.000000,0.995817,3.816595,0.000000,5.663008,0.786033,0.000000,4.437122
2.131017,0.000000,0.000000,4.845029,0.000000,0.000000,1.768330,0.000000,5.994279,1.453618,0.000000
2.087176,0.000000,6.204115,0.000000,0.119593,0.000000,0.000000,0.000000,0.526432,7.750974,19.488450
0.000000,0.000000,0.000000,0.000000,0.000000,0.000000,4.113383,7.184690,0.000000,0.000000,2.133541
0.000000,8.041649,3.746861,0.083961,0.000000,6.277230,9.380530,2.310641,0.000000,1.550874,2.464258
0.000000,0.436565,0.000000,2.901680,2.606996,0.000000,1.494155,1.078260,6.326775,1.407993,4.300095
0.000000,4.190780,0.000000,0.000000,0.000000,0.000000,0.888819,0.000000,0.000000,1.215105,0.956540
0.696406,3.491930,15.959057,1.711092,0.000000,6.075549,0.848141,0.236129,3.573488,0.000000,0.000000
0.185513,7.687588,0.000000,0.000000,0.000000,5.115421,0.000000,0.000000,0.000000,7.499307,3.024651
0.000000,0.000000,0.000000,2.908301,0.155549,0.000000,0.495751,6.566879,3.347114,4.332532,3.504581
1.368019,3.032315,0.000000,2.809605,0.000000,0.000000,0.000000,0.000000,0.000000,0.000000,0.000000
2.207334,1.158389,0.000000,0.000000,0.558229,2.048116,6.245478,1.528291,0.000000,0.000000,0.000000
1.451669,0.000000,0.000000,0.000000,7.135100,0.000000,0.688187,0.000000,1.757156,4.970759,3.808786
0.645569,0.347784,0.000000,2.763439,0.090687,8.735167,4.233288,4.521329,1.059607,0.000000,0.000000
0.000000,0.000000,2.882019,2.208462,0.000000,4.938354,6.393339,0.000000,0.852025,2.809439,0.000000
0.785619,0.000000,0.000000,0.000000,3.933424,0.000000,0.000000,0.000000,0.933782,9.620293,0.439981
0.000000,0.000000,1.769545,0.000000,0.000000,0.000000,0.987953,0.000000,0.000000,0.000000,0.000000
4.695495,3.066207,0.000000,2.421495,12.816365,0.000000,0.000000,0.000000,3.257155,5.206704,0.000000
1.027954,0.000000,1.891836,7.676094,0.000000,3.632395,2.259961,3.287058,7.551611,1.311015,3.012000
5.626180,2.175025,0.000000,0.000000,3.775166,0.000000,2.565164,6.994543,2.313834,3.700562,0.000000
0.000000,11.473915,2.321215,0.000000,0.000000,0.000000,23.125615,6.254242,0.000000,1.191591,0.000000
0.000000,10.954061,4.589864,2.241912,2.837137,0.640856,0.000000,0.000000,0.000000,13.168194,8.301046
2.153100,4.589945,0.000000,3.104503,0.000000,0.836566,0.000000,0.000000,0.000000,1.934997,7.613137
0.000000,0.000000,0.000000,0.000000,11.990459,0.423151,0.070230,2.261666,0.000000,0.000000,0.000000
15.496752,10.015262,0.000000,6.807316,0.519110,0.786199,0.053233,6.114497,1.553501,0.000000,0.662628
0.000000,0.000000,11.270714,6.900657,6.495005,3.432665,0.000000,0.000000,9.728956,1.681560,0.000000
0.000000,0.000000,0.000000,0.194216,6.670217,0.000000,1.539396,12.543689,0.000000,0.531221,0.000000
0.000000,0.000000,14.004949,0.000000,1.512310,0.000000,0.000000,0.000000,4.061548,0.000000,0.000000
0.000000,6.490258,0.000000,0.000000,0.000000,0.000000,2.023063,6.997637,0.000000,0.402426,0.000000
0.000000,4.246170,2.022004,0.000000,0.000000,0.000000,0.000000,0.000000,1.767807,2.372397,1.854626
0.000000,0.000000,0.000000,3.542431,3.655859,2.293369,2.768115,12.949444,6.139951,0.000000,7.687966
0.000000,0.000000,7.651175,5.609362,0.000000,1.575688,6.431674,0.000000,7.378923,0.000000,0.000000
0.000000,0.146699,5.444345,4.130322,1.096877,2.571698,4.647269,0.000000,0.000000,0.000000,8.188320
0.000000,0.000000,0.821316,0.000000,2.093634,8.530892,0.000000,0.000000,2.488894,0.000000,0.000000
0.547213,0.000000,0.000000,2.530995,5.273265,0.000000,0.000000,5.301611,10.342564,0.000000,0.783518
0.999825,8.901574,6.865805,0.000000,0.031140,0.000000,2.636125,3.723788,0.000000,0.451910,0.000000
4.150745,0.000000,0.000000,0.000000,0.000000,0.000000,0.000000,0.040141,10.868366,0.000000,0.000000
3.123899,0.000000,0.000000,0.000000,0.000000,0.000000,0.000000,0.000000,1.723761,0.000000,0.536020
0.000000,3.197720,0.000000,0.000000,1.054079,0.000000,0.000000,0.000000,0.313644,1.800092,0.000000
8.112641,0.000000,0.000000,0.000000,3.163061,1.896181,0.301842,6.229778,0.617876,0.000000,0.000000
4.352619,0.000000,0.611938,0.689145,0.000000,2.079056,0.000000,1.796770,0.995809,1.482045,0.000000
4.220239,0.000000,0.000000,6.394235,2.001504,0.000000,4.565067,1.376868,0.000000,0.000000,0.110133
0.255331,0.000000,0.000000,0.000000,0.000000,1.152891,0.000000,0.000000,0.000000,5.243650,0.000000
0.000000,0.000000,1.843303,10.897696,2.786405,2.615597,0.263656,3.532539,0.000000,0.000000,0.000000
2.930777,0.000000,3.766633,0.000000,2.802343,2.572670,0.000000,0.000000,0.000000,0.000000,0.000000
0.317244,0.350563,0.000000,0.000000,0.000000,1.693387,0.000000,7.792829,0.000000,0.000000,0.688547
0.000000,0.000000,1.262598,0.000000,0.000000,0.500213,0.429757,3.459537,4.779427,4.770199,0.000000
5.869961,0.000000,3.086269,0.829188,0.000000,0.006393,7.527234,0.000000,0.000000,0.000000,0.000000
4.743899,0.000000,2.378086,0.000000,0.000000,0.000000,1.386442,0.000000,5.640143,0.000000,0.000000
3.245238,0.801270,1.975378,6.447209,0.000000,2.124415,2.350855,1.564096,2.574390,0.000000,4.151943
0.000000,4.891246,0.551259,0.000000,2.334930,5.795033,1.919296,2.948582,2.442285,2.273881,13.060530
5.723018,0.000000,3.238556,0.000000,0.000000,2.230031,0.879165,5.936953,0.000000,0.000000,0.000000
0.000000,0.170453,0.000000,0.000000,4.966162,0.000000,0.000000,0.000000,0.000000,3.638689,6.762881
0.000000,2.731965,5.071933,0.000000,0.828799,0.000000,1.172730,0.368497,0.578886,0.000000,2.266388
8.004730,7.868343,0.000000,1.301272,0.409816,0.000000,0.000000,0.000000,2.360490,8.449506,0.000000
2.739936,0.000000,2.385961,3.712086,7.999074,0.000000,0.000000,0.000000,0.294854,1.018120,0.000000
4.656811,0.000000,1.590736,3.412525,0.000000,4.795457,0.000000,0.000000,0.000000,0.963608,2.172817
4.653892,0.000000,0.371956,0.000000,0.000000,8.637412,1.625368,0.148010,0.000000,2.214270,0.000000
0.762623,2.676257,1.713580,2.396665,0.000000,6.973872,0.000000,0.000000,0.000000,0.000000,4.328248
0.000000,1.130391,0.000000,4.022976,0.000000,1.368977,0.000000,0.818568,7.697616,0.000000,0.000000
3.720381,2.979475,0.000000,0.000000,4.233112,0.000000,9.547544,0.000000,0.000000,0.000000,1.092891
0.000000,0.000000,0.000000,0.000000,0.000000,0.000000,8.793411,0.000000,0.000000,3.064873,0.000000
0.000000,0.000000,2.975921,11.197343,0.000000,10.046239,3.960362,0.593496,0.000000,0.000000,0.000000
3.015114,0.601501,4.118451,2.294886,3.434721,1.231048,0.000000,3.292396,8.783270,0.000000,0.000000
4.768774,0.000000,1.428999,0.041149,3.990269,0.746673,0.000000,0.000000,0.000000,2.587249,6.036764
8.121546,0.000000,0.000000,0.000000,0.000000,3.907772,0.000000,3.965471,0.000000,1.292943,2.514939
5.176757,0.000000,10.230776,0.000000,7.242599,0.822073,0.000000,4.925134,11.192574,0.517755,0.000000
0.000000,0.000000,0.000000,0.000000,0.190528,1.745681,0.291077,0.508051,0.000000,10.925595,0.000000
7.260360,6.448548,9.465643,0.000000,0.000000,3.118688,0.000000,3.873764,0.351408,0.000000,0.000000
1.025576,0.000000,0.000000,2.008933,0.446059,2.050909,0.915951,0.000000,2.183699,0.000000,1.139540
0.862115,0.000000,0.000000,0.000000,1.318926,4.923799,5.911197,0.000000,3.535073,0.000000,2.553129
0.000000,4.839802,3.584664,2.238096,1.642404,1.031592,0.000000,0.000000,0.000000,0.000000,2.639342
0.000000,0.000000,0.000000,0.000000,6.478395,1.341745,0.000000,0.000000,2.563487,5.841975,8.638979
0.000000,1.729826,0.000000,0.000000,0.000000,0.000000,1.197578,2.411816,0.000000,0.000000,11.430294
0.000000,4.846475,0.000000,0.000000,0.000000,0.000000,3.708518,9.586121,0.000000,8.064994,0.000000
0.000000,0.000000,2.508958,0.000000,0.107183,0.309235,1.834609,3.201963,0.000000,3.510831,0.890686
0.433507,0.000000,1.011825,0.000000,0.000000,0.635852,0.251881,1.581295,4.694508,3.138731,0.000000
0.000000,0.000000,0.000000,0.000000,5.127934,0.000000,0.000000,0.000000,0.176185,0.000000,0.000000
2.127127,1.108714,0.000000,0.000000,0.000000,0.000000,0.000000,0.530974,0.000000,0.000000,6.254683
0.000000,0.000000,1.236166,1.461546,0.000000,1.469842,0.421267,0.000000,2.536048,5.126981,0.000000
0.000000,0.000000,2.180751,0.000000,0.000000,0.000000,4.751164,0.000000,0.000000,0.000000,0.068522
0.000000,4.139073,0.000000,4.530482,0.000000,1.696655,0.000000,9.308200,0.273796,0.000000,2.323348
2.730443,0.000000,0.000000,0.000000,0.000000,0.189208,0.000000,0.000000,0.000000,1.047660,0.280752
1.437385,0.000000,0.000000,0.000000,0.000000,0.000000,0.000000,1.012569,0.000000,6.991652,3.131723
1.428820,0.543359,0.000000,0.000000,1.375646,0.000000,1.602747,0.163057,0.000000,0.000000,1.505589
0.000000,0.000000,0.000000,2.868786,0.022700,0.000000,0.286315,0.000000,0.000000,6.713744,0.000000
0.000000,5.906125,0.000000,1.967598,0.000000,1.815108,3.446796,5.094482,4.293411,0.000000,0.000000
1.734487,0.357091,0.000000,0.000000,1.930416,2.513630,0.000000,0.193493,2.139154,0.000000,0.000000
0.000000,1.719576,0.000000,0.000000,11.799017,0.000000,0.123857,0.408404,0.000000,0.000000,0.696541
2.248329,0.000000,0.000000,0.000000,0.000000,0.000000,0.000000,0.000000,0.000000,0.000000,2.951453
1.222410,1.391509,2.546981,1.359313,1.845584,0.000000,7.266944,0.000000,0.737668,0.000000,1.961423
0.197660,5.329102,1.454890,0.000000,0.000000,4.939624,5.016589,0.000000,0.000000,0.746802,0.000000
0.000000,0.000000,0.000000,7.626603,3.264864,0.000000,0.609331,1.679275,2.961231,2.820057,0.000000
3.631250,0.000000,2.933513,3.135394,0.000000,0.853279,0.000000,1.071383,1.061083,0.000000,0.000000
0.428312,0.119090,0.000000,4.424781,0.000000,0.000000,0.000000,0.000000,5.962510,0.022444,0.866600
2.172323,0.000000,0.000000,2.868195,1.802426,2.240652,0.000000,0.000000,3.756010,1.618127,0.000000
0.000000,6.123890,0.000000,0.738874,1.257623,0.328564,5.326866,2.081577,2.252784,0.000000,4.223233
3.780900,0.000000,0.203564,0.000000,0.000000,0.571921,1.941247,0.000000,0.237462,0.318402,3.243826
0.853803,0.000000,0.000000,0.000000,0.000000,0.000000,0.000000,0.729329,0.354133,2.199692,2.866536
0.000000,0.000000,0.000000,0.000000,0.000000,0.000000,0.000000,1.857176,0.000000,0.673685,1.097191
0.000000,0.566853,3.506568,6.325914,0.486397,3.233378,0.000000,11.707523,0.000000,0.000000,0.000000
2.489462,0.142756,0.000000,0.000000,12.305250,1.941307,8.105166,0.000000,0.000000,1.250312,0.000000
0.000000,0.000000,3.356679,0.000000,1.381900,2.617124,4.211675,0.000000,0.959325,0.000000,0.000000
1.703035,1.884982,0.000000,0.000000,2.710693,9.555628,1.329319,2.189904,3.386781,0.000000,1.685625
0.391901,0.553622,0.000000,0.000000,0.000000,21.278812,0.000000,0.000000,0.000000,21.963591,0.470916
0.000000,0.000000,0.000000,2.227017,0.000000,4.920911,0.000000,0.000000,0.000000,0.000000,0.000000
1.412709,0.000000,0.000000,0.000000,0.000000,0.000000,1.637939,1.051699,0.000000,0.000000,2.276521
2.364981,1.747928,10.085946,0.000000,0.000000,0.000000,0.000000,1.482086,0.000000,0.000000,0.347442
1.058955,0.000000,3.187542,0.000000,0.000000,0.000000,5.251104,0.602536,2.411661,4.859720,0.634541
3.239972,1.751304,0.000000,2.933357,2.005608,0.000000,2.224316,0.000000,0.000000,17.006620,11.983156
3.165669,0.000000,1.371364,0.000000,1.993848,0.000000,0.000000,3.647182,1.289100,0.000000,1.606673
0.151877,1.631645,6.066143,3.127172,0.000000,1.412701,0.000000,0.493239,0.672014,1.242550,0.377091
0.000000,0.000000,15.294443,2.346807,0.000000,0.000000,0.000000,7.209775,0.552317,4.164937,0.000000
0.000000,0.000000,0.000000,0.000000,0.000000,0.000000,1.685766,0.104610,0.000000,0.605160,0.000000
4.906449,2.225887,8.324580,0.000000,0.000000,7.641567,1.035729,0.000000,0.000000,0.000000,6.679378
0.000000,1.207062,0.000000,0.000000,0.548103,2.123300,7.719460,1.869411,0.000000,1.052715,6.556684
0.664962,3.280088,1.310605,2.362337,0.390825,0.000000,0.464696,9.888585,1.184173,0.000000,0.000000
1.666523,0.158242,1.478315,1.617092,7.913423,0.000000,0.437882,0.000000,0.550956,0.774259,1.238783
6.770421,0.482704,0.000000,0.000000,0.000000,0.000000,0.000000,0.000000,0.000000,0.657609,0.000000
9.311088,0.000000,8.328216,1.701752,2.478398,4.315803,1.499639,1.482247,0.121601,0.450024,0.000000
0.000000,4.960846,2.175009,0.483241,3.920201,3.648043,0.000000,0.867931,0.000000,1.799459,0.000000
1.054667,0.681150,0.000000,4.403675,1.269425,0.536812,13.464767,0.000000,2.924938,4.644450,2.284453
1.074788,12.191284,3.295117,0.000000,11.060813,1.461695,6.397449,0.000000,0.000000,0.000000,0.000000
0.000000,2.148635,2.663231,0.689892,2.256064,0.000000,3.603669,0.000000,0.000000,2.396828,3.084108
0.000000,0.581059,0.000000,6.385110,5.057218,1.826804,0.000000,0.000000,0.000000,0.000000,1.037123
8.833596,0.937554,7.305335,7.091744,3.060429,0.000000,0.663783,0.205711,0.000000,0.916135,0.000000
0.000000,2.895847,4.210909,0.906774,2.104873,1.887915,6.651910,2.183543,0.000000,0.000000,0.000000
0.000000,0.000000,0.683116,1.059455,0.000000,1.407721,6.425324,0.000000,0.000000,0.749971,0.000000
0.556682,5.286533,0.000000,0.000000,0.475647,0.000000,0.000000,0.000000,2.866906,0.000000,2.701832
1.955381,0.000000,0.000000,3.430837,0.000000,6.398111,0.000000,8.629452,0.000000,0.000000,0.000000
0.000000,0.000000,0.000000,0.000000,1.755239,0.305223,6.480326,0.000000,2.481054,0.000000,1.236265
0.000000,0.000000,0.987044,10.275574,10.401203,0.000000,0.000000,8.398403,0.000000,0.000000,0.000000
0.000000,0.000000,7.033707,3.366534,1.872514,0.000000,1.061058,10.977547,0.000000,9.661285,6.010134
2.797336,1.164090,0.000000,12.469315,1.701348,3.197757,3.910166,0.000000,0.000000,0.000000,1.510840
0.000000,2.605894,0.000000,15.668094,0.000000,0.000000,0.000000,18.751114,4.645601,3.326852,0.000000
5.858448,0.000000,0.000000,0.819910,0.000000,0.000000,6.887065,1.162720,0.000000,2.344661,0.679966
1.162282,0.000000,0.000000,5.738729,4.838989,4.249834,0.836870,0.408575,8.485266,3.956647,4.489116
2.208514,0.000000,0.000000,0.000000,6.013954,7.882528,0.000000,0.000000,1.436355,0.000000,0.000000
7.881977,0.000000,0.439835,0.000000,3.909102,0.000000,5.445959,0.000000,0.000000,0.000000,0.000000
0.000000,0.000000,0.000000,3.850686,0.000000,0.734804,11.428520,0.738885,0.000000,7.287367,2.476047
9.292965,7.129566,5.171882,0.475539,0.000000,0.000000,2.695215,0.000000,0.000000,5.466175,2.132362
0.000000,3.879051,5.641287,6.076986,0.000000,0.000000,0.072717,0.000000,1.438865,0.000000,0.406198
0.000000,0.000000,0.000000,0.000000,0.000000,5.547660,0.000000,0.527108,0.000000,0.000000,6.902443
0.000000,3.593465,6.739897,3.972365,0.000000,0.902275,2.650438,0.000000,0.000000,3.830938,4.507388
0.911650,0.000000,0.000000,3.843805,7.558399,0.000000,0.000000,3.516370,3.693812,2.674111,9.218592
5.081202,9.331611,0.000000,5.596295,11.958697,2.997800,0.421939,0.000000,6.111043,1.437588,0.750423
19.551090,3.126720,0.000000,2.465700,0.000000,4.152870,0.000000,3.711755,0.000000,2.484968,1.994981
5.897433,2.316642,2.298171,1.267633,1.632440,3.462060,9.922609,6.046015,0.000000,0.000000,3.198867
0.000000,4.520560,9.735548,0.000000,5.483170,0.000000,0.358404,4.303571,3.580054,0.000000,2.742152
7.148665,0.000000,1.672976,2.447312,2.935904,0.144645,5.601980,0.000000,7.422266,7.366044,6.404527
0.195971,4.697558,0.000000,0.000000,0.175704,3.958700,1.088260,0.000000,0.000000,9.746013,8.090057
0.000000,0.713945,0.000000,0.807659,0.000000,1.198582,0.000000,0.000000,0.000000,0.000000,3.060919
0.000000,4.214168,3.252268,0.000000,0.000000,4.851790,0.000000,10.603626,0.000000,3.425105,3.395476
7.354024,0.000000,0.000000,0.000000,8.232196,2.103254,0.000000,1.564219,0.000000,0.000000,0.000000
0.000000,5.356524,9.069349,0.000000,0.000000,1.427815,0.000000,2.679904,2.822802,0.252539,4.017285
7.203932,1.049698,3.029759,0.000000,1.936439,0.000000,11.430136,0.000000,7.874540,1.119566,8.629556
6.559199,0.000000,0.859800,0.000000,0.000000,1.488611,3.489756,0.000000,0.291734,0.000000,5.196491
6.856571,6.322047,0.660915,6.968787,0.000000,0.000000,0.000000,0.000000,1.934665,1.480752,4.686072
0.000000,0.000000,9.705126,0.672746,6.723819,2.051494,1.697443,0.000000,0.000000,0.000000,0.238969
0.000000,0.000000,10.576175,0.000000,0.000000,7.022243,15.498646,0.000000,0.000000,7.579576,11.085915
0.000000,0.000000,8.560233,0.000000,7.205617,0.000000,0.831550,4.197790,0.000000,0.000000,0.000000
0.000000,0.000000,7.625975,0.000000,2.554332,13.805403,1.454670,0.000000,2.863420,3.732354,12.566319
3.980370,7.071657,0.000000,0.000000,1.891558,0.000000,3.042916,3.869059,0.000000,0.117520,7.291341
0.000000,5.298736,1.609437,24.018941,1.953113,8.642831,4.664015,0.000000,2.441560,8.302568,7.922677
14.571800,0.000000,4.025743,0.000000,6.984310,20.929723,0.000000,0.000000,0.000000,0.000000,0.000000
4.051539,13.240472,0.000000,2.163519,0.000000,0.000000,4.870084,0.000000,0.000000,3.153625,6.457069
4.952186,0.000000,1.524897,0.000000,0.690861,0.000000,2.552977,12.332184,0.745553,4.298806,0.000000
7.985188,0.598592,4.479894,2.371318,7.148076,0.000000,0.000000,0.000000,7.292861,0.000000,14.955763
20.804974,0.000000,2.680908,0.000000,0.000000,0.000000,2.644024,0.000000,0.000000,4.939036,6.710856
4.492809,0.000000,11.477038,0.000000,0.000000,0.000000,4.918252,0.000000,0.000000,0.000000,2.765028
0.000000,6.369350,0.849055,10.898820,0.000000,0.000000,0.000000,1.624764,0.000000,1.291042,0.000000
0.000000,0.000000,0.000000,1.369721,10.307886,0.000000,0.000000,0.000000,0.000000,0.000000,2.090985
8.653857,1.911744,1.880449,7.005467,1.492942,5.946723,0.000000,2.578680,0.000000,0.000000,0.000000
5.932752,0.000000,0.000000,0.000000,4.608785,0.000000,0.000000,0.000000,0.342723,9.853808,14.332527
0.000000,1.799934,4.507141,6.554110,0.000000,3.379294,0.000000,16.936846,0.000000,2.965777,0.074919
6.324610,1.399801,6.214353,0.000000,0.000000,0.520448,0.000000,0.000000,0.000000,6.109961,0.000000
0.000000,0.000000,14.711049,0.195404,6.104440,3.098669,0.000000,12.324697,0.000000,0.000000,0.000000
3.010561,0.000000,0.000000,0.000000,3.180961,0.000000,0.000000,0.000000,1.279752,0.000000,2.402299
1.866333,9.627911,0.432305,2.409995,2.209606,2.916931,0.949513,0.000000,4.183657,0.163608,16.386514
0.421777,0.000000,13.839477,5.058188,1.138112,0.000000,0.000000,5.039538,2.927851,1.774105,2.061288
0.000000,4.013208,1.653354,7.868828,5.501864,6.803392,0.000000,0.000000,0.000000,0.000000,1.762117
6.690394,0.372134,12.440206,14.438135,2.230424,0.445810,0.000000,0.000000,7.920201,12.819037,15.019805
0.202695,6.758094,3.351761,4.988738,0.928887,2.335454,0.000000,0.000000,2.033630,8.177729,0.000000
3.637324,3.763733,7.379059,0.000000,0.000000,0.000000,4.904933,5.922907,0.000000,1.094747,2.048658
1.161668,4.014326,0.000000,0.924199,11.332068,8.353172,7.425677,0.000000,7.328006,0.000000,0.000000
1.208077,2.339077,10.813308,0.000000,10.408879,1.005007,14.850128,0.000000,12.306210,5.045712,0.000000
0.000000,5.534812,4.889005,0.000000,0.622907,2.984699,5.078389,0.000000,0.000000,0.000000,0.003294
0.000000,1.815677,1.854457,0.000000,0.000000,0.000000,0.000000,5.038278,2.689983,0.000000,1.223245
0.804915,0.000000,0.000000,0.792149,0.000000,4.866759,4.303758,0.000000,0.000000,0.000000,0.000000
0.000000,3.758276,12.536897,0.088371,8.663129,0.000000,7.058772,4.173207,0.000000,0.000000,3.361579
15.788075,0.000000,0.000000,1.070907,7.177501,6.528129,0.000000,1.355788,11.142183,9.282955,0.000000
21.324842,7.602180,2.570702,2.324557,8.839983,0.000000,0.000000,0.000000,5.547407,4.200606,5.778395
8.090223,0.000000,0.000000,0.000000,7.852993,2.339299,2.619075,0.000000,3.587185,0.000000,4.550913
1.483984,14.619464,0.000000,0.000000,0.000000,0.394325,0.000000,16.787380,0.000000,3.009135,3.098687
0.000000,0.000000,9.003710,0.000000,8.220745,1.265205,2.025064,9.396503,5.346267,2.118760,0.000000
1.958220,1.837959,4.886034,3.454231,17.950015,0.000000,0.771749,0.000000,9.684897,0.000000,0.000000
0.000000,4.294228,0.000000,0.884679,2.071936,0.000000,3.692279,0.617023,6.035050,5.215491,3.806657
0.064812,0.000000,2.497622,0.000000,3.500076,0.000000,2.233892,0.000000,3.041753,4.836183,0.343540
6.726163,0.000000,5.711489,0.858541,0.000000,0.000000,0.000000,9.953989,0.000000,3.856311,0.000000
8.960160,7.901023,0.000000,6.186316,0.960475,0.000000,1.327871,1.450130,1.127465,9.254781,0.000000
2.841526,0.000000,0.000000,4.592210,2.396087,0.577009,0.000000,0.000000,21.676688,0.000000,0.000000
0.000000,0.000000,0.000000,3.055608,0.000000,2.326995,0.000000,0.000000,6.259414,5.180637,0.484142
12.716897,0.000000,1.750790,3.110181,0.000000,0.000000,0.000000,6.465275,0.000000,0.000000,4.067073
7.245680,6.713483,0.000000,0.000000,0.000000,0.000000,0.000000,0.000000,0.000000,0.000000,0.000000
0.000000,8.921105,0.000000,0.000000,6.923571,3.349785,0.000000,0.000000,0.000000,4.554111,0.000000
0.000000,1.784185,0.000000,0.000000,0.000000,5.233839,10.471627,0.000000,0.000000,0.000000,4.926381
0.000000,0.000000,3.143144,0.000000,0.000000,3.607903,1.244918,0.000000,0.000000,0.000000,0.000000
0.000000,6.086760,7.489693,0.000000,0.000000,0.000000,0.000000,0.000000,0.000000,12.613224,0.000000
12.403442,0.000000,6.316192,8.787537,9.849851,0.000000,4.210381,1.891681,0.000000,0.000000,5.928197
0.000000,5.029458,0.000000,0.000000,1.970498,0.000000,22.405206,0.000000,0.000000,11.674706,0.000000
9.688784,0.000000,7.534973,8.901018,6.725841,0.732814,0.764103,5.661413,0.000000,9.636527,2.546598
2.185565,6.748575,1.705583,0.000000,0.706872,0.000000,0.000000,0.000000,0.000000,8.122574,0.000000
0.268114,0.408154,0.000000,1.841808,0.000000,2.427438,0.000000,3.786818,1.291358,5.754974,0.963363
0.000000,0.000000,2.880708,3.934339,0.000000,0.000000,2.161755,10.022670,9.261730,0.000000,2.943181
3.094789,2.013426,1.275924,0.000000,0.000000,2.229431,14.542281,6.054148,0.007644,2.144308,19.885148
13.349625,0.000000,8.406727,0.000000,0.000000,0.000000,21.186074,0.000000,0.000000,5.719380,16.582608
0.000000,0.000000,0.000000,10.982880,0.000000,11.337745,7.871940,0.000000,4.429166,0.000000,0.000000
2.436005,6.712433,14.171358,0.729015,0.000000,4.617224,0.000000,7.085476,0.218512,14.676559,0.000000
0.000000,1.281714,6.107946,22.941683,0.000000,4.889407,0.607673,0.259003,0.000000,0.000000,3.388897
9.677012,2.815984,11.008022,1.853480,1.326879,8.025755,0.000000,0.000000,8.623829,0.000000,0.000000
0.000000,0.000000,0.000000,2.329247,0.000000,0.000000,0.000000,0.000000,0.000000,0.000000,7.818465
0.000000,8.231959,0.000000,0.000000,10.784100,0.000000,0.000000,0.000000,0.000000,4.580776,4.910435
0.000000,0.000000,5.604732,0.000000,4.376397,5.043646,0.000000,0.000000,0.000000,0.741553,0.000000
3.067992,0.993090,0.000000,5.536877,4.842786,0.000000,0.000000,0.000000,3.799213,0.000000,0.000000
1.159952,0.481367,0.000000,0.000000,8.559012,0.000000,2.726324,0.000000,4.508907,2.047344,1.633758
0.000000,2.129321,6.502784,0.000000,0.619189,4.499989,11.415449,0.000000,0.000000,0.504205,6.849807
4.354926,6.962245,0.000000,2.735110,17.656628,0.000000,4.201763,9.555944,4.289964,1.034754,0.000000
0.000000,17.375080,0.343885,1.309969,0.000000,1.695436,0.000000,21.597892,0.000000,0.631433,0.000000
0.720642,16.145283,0.000000,3.395710,4.573051,0.000000,0.562602,0.000000,3.665899,0.000000,0.000000
6.307192,6.534794,0.000000,0.000000,0.963275,0.000000,1.510601,0.000000,0.000000,0.000000,0.274209
1.428058,0.000000,0.923775,0.000000,1.460670,6.231825,7.845775,0.000000,0.509832,17.017937,7.720449
1.369531,0.000000,7.694521,2.779467,0.000000,3.834416,4.161865,1.803708,10.116266,1.547990,3.484871
0.000000,0.000000,7.338326,0.000000,0.552933,0.100220,0.000000,0.000000,11.120045,0.000000,5.414919
3.547821,4.960805,3.673431,9.926337,8.859563,0.000000,18.238170,0.000000,4.555666,0.941794,0.000000
2.142618,8.558775,0.000000,0.000000,0.165410,1.540960,4.135523,0.000000,3.882397,0.000000,1.302359
6.009080,8.623716,0.000000,2.261798,4.856965,0.000000,3.827568,0.000000,2.653770,10.525645,6.930457
0.000000,10.948826,0.000000,0.000000,0.000000,1.740391,0.000000,1.697288,0.000000,7.053209,5.733800
0.000000,0.000000,0.000000,0.000000,11.580677,4.985250,5.609573,4.667769,7.191916,0.000000,0.000000
0.000000,4.578707,0.000000,0.765975,0.520710,0.000000,1.313419,0.000000,1.778423,0.000000,0.000000
1.715086,11.657418,8.638081,11.489486,0.000000,4.433351,0.000000,1.900940,1.065922,0.000000,0.573319
11.362494,0.000000,0.000000,6.832403,0.000000,17.581407,4.416355,6.128024,0.000000,5.506135,0.000000
0.000000,0.000000,2.083955,10.642652,0.000000,0.000000,0.000000,0.000000,1.731884,8.871607,0.000000
5.072494,0.000000,11.327081,5.710434,4.663003,0.000000,1.133354,14.400634,0.000000,0.000000,0.000000
0.522736,4.016273,0.000000,5.592144,0.000000,0.000000,11.399935,0.000000,0.000000,2.310896,8.941586
0.000000,0.000000,19.535541,11.365891,1.684974,16.211458,28.981017,2.549834,0.000000,1.002851,0.000000
8.779949,9.126393,0.000000,0.000000,0.000000,0.000000,0.000000,4.889410,9.873084,2.097253,11.390539
3.796676,0.000000,2.709500,11.166433,0.000000,15.237394,0.000000,0.000000,0.000000,0.000000,6.129466
0.000000,9.718749,4.766733,0.000000,0.000000,0.000000,10.512349,0.000000,2.057789,0.771674,0.000000
4.197728,17.065309,0.000000,4.279467,1.492509,5.042824,0.000000,0.000000,15.068394,19.228831,18.992693
0.000000,0.000000,7.306591,11.071039,3.256406,0.346187,0.000000,6.133093,0.000000,7.439393,1.680019
5.203131,0.000000,6.908051,6.661750,3.925749,0.000000,4.048457,5.769374,7.477438,2.766559,0.000000
0.000000,0.000000,5.166922,5.182640,1.990515,0.000000,0.000000,0.000000,6.613101,6.030858,0.000000
0.000000,0.335952,11.661475,0.000000,0.840915,3.655360,1.440547,0.000000,5.686810,4.868296,4.658732
4.190929,0.000000,13.672225,0.000000,5.148884,0.000000,0.000000,0.000000,0.000000,22.913537,0.000000
0.000000,10.853845,13.950916,0.000000,14.018479,0.000000,8.134785,0.000000,4.245444,4.565538,0.000000
0.000000,0.000000,0.000000,6.162384,4.846902,0.000000,0.000000,7.925162,0.000000,0.000000,4.385818
0.000000,6.210978,5.031984,1.188666,0.000000,2.768699,0.000000,0.000000,0.000000,0.000000,5.518925
7.575518,1.664286,0.213171,8.521946,0.000000,4.515287,4.927614,0.000000,0.000000,0.000000,0.744845
0.000000,0.657692,0.000000,0.000000,2.371185,0.000000,4.152797,1.426449,3.375424,8.256742,2.027252
0.444434,4.827643,6.193749,14.148297,4.792099,1.570430,0.000000,0.000000,0.000000,0.000000,0.000000
0.000000,0.000000,0.418890,4.679193,1.200751,0.000000,3.287975,0.000000,12.741713,7.601121,0.000000
0.000000,0.000000,7.647529,4.173270,2.602389,3.762653,4.545176,1.645863,0.000000,4.941925,2.551872
4.061292,7.541590,0.000000,0.000000,0.000000,0.000000,4.365136,10.819556,0.000000,0.000000,0.000000
0.000000,0.000000,0.000000,9.806137,0.000000,0.000000,0.000000,0.000000,1.962562,12.946437,4.688227
9.680451,0.000000,2.930813,5.175755,2.255699,0.000000,0.000000,3.943446,0.404263,11.056992,7.885508
5.925941,0.000000,4.030900,0.000000,5.219669,2.838771,2.981988,0.000000,3.884024,17.324604,0.000000
0.000000,4.523480,0.000000,0.000000,0.000000,13.040341,4.417709,5.300368,0.000000,0.000000,0.000000
3.639586,2.916775,7.333388,0.976882,0.000000,0.000000,0.000000,10.777055,0.000000,0.000000,0.000000
0.000000,1.891670,0.000000,9.947819,0.000000,3.258418,11.259667,1.920802,0.000000,0.578472,0.000000
3.800101,9.191831,3.777279,3.261711,0.489230,2.799645,0.000000,0.000000,0.000000,2.101245,0.000000
0.000000,0.130426,11.679049,0.131013,7.884844,0.244022,10.433537,1.924678,10.105218,0.000000,0.000000
0.000000,0.000000,1.473925,2.586707,0.000000,3.089617,0.000000,0.000000,0.000000,0.000000,0.000000
6.246228,0.000000,0.000000,1.007913,1.844148,0.890898,5.851151,0.000000,0.139226,0.000000,1.044286
5.829315,1.367355,4.236427,2.690900,2.140880,7.528604,5.662222,16.620880,0.000000,5.404460,26.899284
0.000000,1.363141,0.000000,0.000000,2.919008,0.665993,0.610342,0.000000,0.000000,3.791672,0.000000
0.000000,0.000000,2.823384,0.000000,2.657167,7.290683,3.668355,8.058750,9.995166,0.000000,0.000000
0.000000,0.000000,0.656105,4.052843,0.000000,1.835184,0.000000,1.427276,2.591329,1.628886,0.000000
0.000000,5.305542,1.363996,2.196323,13.064529,0.000000,3.229961,3.744571,0.000000,0.000000,1.667419
1.297910,3.146126,10.500958,0.000000,8.265882,0.000000,4.370026,1.851994,5.947261,0.000000,0.000000
4.082265,0.149274,0.000000,0.000000,0.000000,0.780968,0.931249,7.500729,0.000000,9.590355,0.000000
12.597704,8.927199,0.000000,0.112923,0.000000,8.890559,5.498960,0.000000,10.076544,22.910727,0.000000
1.175869,5.408967,0.000000,6.767002,0.000000,0.000000,0.000000,4.638173,0.000000,1.315727,0.000000
0.000000,0.000000,1.562314,0.000000,0.000000,7.570172,6.690550,0.000000,0.000000,3.824309,0.000000
0.000000,0.000000,2.883858,1.953157,0.000000,0.000000,10.350880,0.000000,7.265188,5.017962,8.420774
0.644259,15.406285,25.529338,0.000000,0.000000,3.012629,6.802631,9.144247,20.878109,0.000000,3.073566
15.987155,2.804806,9.234466,7.947278,4.587942,1.203876,2.442200,0.000000,0.000000,0.000000,9.816725
0.000000,18.102787,0.000000,3.810485,0.000000,2.107541,15.584974,0.000000,0.000000,5.509109,2.305452
0.000000,0.000000,0.000000,1.562286,8.562517,11.900009,0.000000,3.831903,5.655337,0.000000,4.376420
0.000000,5.852148,4.010821,0.000000,22.968207,8.601077,0.000000,20.740552,2.787510,0.189377,0.000000
0.717634,4.969962,0.000000,0.000000,0.307788,3.475390,8.003047,0.000000,0.000000,0.000000,0.220777
0.000000,2.149794,8.035874,0.000000,4.760179,4.345075,0.000000,0.000000,7.251260,0.000000,1.030629
6.669196,0.000000,0.000000,2.450593,0.000000,0.000000,0.000000,0.000000,0.336315,0.000000,0.000000
24.077597,0.857675,0.702434,8.006329,0.000000,8.879951,5.912724,6.624197,0.000000,0.000000,4.900855
0.000000,0.111392,0.000000,4.499756,0.000000,0.000000,0.000000,0.000000,4.657031,0.000000,2.329226
3.251675,18.207702,0.585694,0.000000,0.000000,8.875980,0.052132,0.000000,0.997894,3.039249,2.516885
5.462384,0.000000,3.112752,0.000000,0.000000,0.000000,0.000000,4.750547,2.522940,0.000000,3.786357
0.000000,14.526190,7.437014,6.605052,3.783854,0.000000,0.000000,10.215115,0.294004,7.397729,6.772568
0.000000,0.000000,0.000000,0.000000,0.000000,3.487512,0.000000,2.005720,18.287171,0.000000,14.969336
0.000000,0.859678,0.157471,7.906513,0.000000,0.000000,9.774895,0.000000,0.000000,7.123604,3.808406
0.000000,2.057038,4.241316,4.117341,0.636338,1.174889,3.964309,0.000000,0.000000,1.915702,0.925325
0.000000,0.221112,0.000000,0.000000,0.000000,0.000000,1.846223,4.615697,0.237031,0.000000,3.708873
0.000000,0.000000,1.547205,0.401742,2.692244,6.926736,1.797712,3.220784,0.000000,0.000000,0.000000
0.000000,3.048527,1.821107,8.207480,7.392432,7.907920,15.164001,0.000000,3.454213,5.573768,3.065322
3.610668,0.000000,5.510098,0.000000,0.000000,0.000000,0.933250,0.240360,0.000000,0.000000,4.746621
6.582467,0.000000,0.000000,4.645168,0.000000,0.000000,0.000000,6.632356,0.000000,0.000000,1.102106
2.163418,0.401652,0.000000,0.000000,5.471360,1.248140,0.855888,0.532297,0.000000,1.755468,3.685153
4.333109,0.000000,0.000000,5.017112,2.092715,0.000000,1.782719,6.238396,0.000000,5.967138,0.000000
0.570057,0.000000,1.444297,8.459114,0.000000,2.743603,0.432403,0.000000,0.000000,0.378000,2.248841
3.542482,4.025138,0.000000,0.000000,5.022525,0.000000,0.000000,0.000000,0.358459,0.000000,0.000000
0.000000,0.000000,0.000000,0.605071,0.000000,0.000000,4.232476,9.457679,0.000000,0.000000,15.993629
1.291324,0.000000,4.756034,0.607664,0.000000,6.318328,0.000000,0.000000,0.000000,0.000000,5.257392
0.972859,0.000000,0.000000,7.937218,0.314512,0.000000,0.531823,0.000000,0.385804,0.000000,16.425480
0.065590,7.945393,0.000000,0.000000,1.167475,9.086600,10.610336,0.000000,0.224912,0.000000,0.000000
3.940054,3.585720,6.110169,14.373741,6.932899,0.000000,0.000000,2.522513,0.000000,0.000000,0.360777
0.000000,2.242347,0.000000,0.854316,0.000000,0.000000,0.000000,0.725348,3.612924,6.940515,0.000000
0.000000,0.000000,8.315716,0.000000,5.191553,0.000000,0.000000,3.477299,2.210162,1.492333,0.000000
0.000000,0.000000,0.000000,4.493665,2.590206,1.669437,4.087806,3.404518,6.046838,0.000000,0.637319
0.000000,3.378003,0.000000,0.000000,0.335749,13.731564,10.147744,3.240631,0.000000,0.000000,4.196354
8.653442,0.000000,2.880963,2.841336,0.000000,1.825860,3.001719,0.964049,0.000000,2.148046,0.000000
0.000000,0.000000,2.243865,0.000000,0.000000,4.325677,0.000000,0.000000,0.000000,0.000000,2.795262
8.011726,0.000000,2.731375,0.000000,0.843049,1.153968,4.407294,0.000000,8.386534,1.700749,1.783847
3.016358,0.000000,0.000000,3.826471,0.000000,1.643131,0.000000,4.816963,0.888461,0.838424,0.000000
7.157482,1.229303,0.000000,0.000000,0.000000,3.605935,0.000000,0.000000,0.000000,0.000000,0.756212
6.353481,1.168161,0.000000,8.620561,0.802888,0.000000,2.629073,0.000000,2.514673,0.000000,0.000000
3.959426,7.918967,3.234674,1.262929,0.000000,3.096558,8.330525,4.364555,1.676380,0.000000,0.000000
7.337100,2.576774,0.816617,0.000000,4.075467,3.828450,5.108384,6.666866,0.520065,0.000000,9.197756
0.000000,2.695764,1.848125,0.000000,0.000000,0.000000,0.000000,0.000000,0.000000,1.768192,0.000000
0.000000,5.404155,4.039185,13.263721,0.000000,0.000000,2.931735,0.226242,1.404503,0.000000,0.064471
3.021834,0.000000,2.806479,3.717138,4.348407,3.198976,0.000000,0.872589,2.248574,0.000000,0.000000
0.000000,0.000000,0.000000,15.277018,5.197100,0.000000,0.000000,0.000000,0.000000,0.000000,9.372883
1.238906,0.000000,15.467858,6.534185,0.843034,0.000000,6.582898,3.208506,9.651038,0.000000,1.769041
4.862478,8.183350,3.938090,3.202270,3.639321,3.446453,0.000000,0.819299,0.000000,4.851597,0.000000
0.000000,0.529789,4.969148,0.327457,0.000000,0.000000,6.297622,0.426957,2.656507,10.212991,1.551095
2.541861,2.592835,0.000000,0.000000,0.000000,1.169422,8.878621,0.000000,7.069154,0.000000,4.691653
0.000000,0.000000,8.326280,1.774378,9.110208,0.000000,5.388408,0.000000,0.000000,0.000000,0.000000
0.000000,0.000000,12.775237,6.256803,0.000000,0.502820,6.560661,7.306930,5.371171,0.000000,0.000000
3.178161,0.000000,4.245021,11.483280,12.550078,0.000000,2.270781,0.000000,0.000000,0.000000,0.000000
0.000000,1.861281,0.000000,0.000000,0.000000,0.000000,0.000000,0.000000,0.000000,1.483742,4.832997
0.000000,0.000000,1.284911,2.740848,1.544806,3.808277,0.000000,0.000000,0.000000,1.713546,0.000000
2.425819,6.324100,7.971286,0.000000,2.661660,0.000000,1.498540,0.000000,5.797218,3.776726,0.000000
0.000000,0.000000,10.382551,0.917879,0.000000,0.000000,0.000000,0.142821,4.330289,2.467064,0.000000
4.107298,1.914336,6.997521,6.806385,0.000000,0.000000,0.000000,8.747045,0.000000,13.486033,0.000000
5.826927,0.662459,2.619110,0.000000,0.000000,0.783327,3.502192,5.137462,1.447031,0.000000,1.586380
0.000000,0.000000,0.000000,8.981141,1.413325,1.044102,0.000000,0.000000,0.126080,1.912365,0.000000
0.000000,0.000000,0.000000,4.274082,0.587431,1.916242,0.000000,1.735157,1.672193,0.000000,7.313658
0.000000,0.000000,0.000000,0.000000,0.000000,0.000000,0.000000,6.240829,0.000000,0.000000,0.000000
2.603647,0.000000,7.340908,3.127816,0.548183,0.515950,0.000000,3.358097,0.000000,1.780540,0.000000
5.471582,0.000000,0.000000,2.404352,0.000000,0.000000,4.937765,0.000000,6.577076,0.000000,4.398801
0.966333,0.828533,0.000000,0.000000,0.000000,0.000000,1.631296,0.228442,0.000000,12.541530,1.601733
1.800879,7.361945,3.522811,3.107278,13.909860,0.000000,1.141181,5.358826,0.000000,3.228371,4.941753
2.822448,0.000000,2.768988,2.622937,1.021818,0.000000,0.000000,7.627136,0.000000,1.217161,3.703396
26.883740,14.745367,1.807242,0.000000,0.000000,15.686792,2.240772,0.000000,0.000000,0.000000,5.475920
7.597073,10.356783,0.000000,0.840879,0.000000,0.000000,2.288691,0.000000,0.000000,0.000000,2.895851
0.000000,1.922925,3.527463,0.000000,0.000000,5.087333,0.000000,2.716739,0.000000,1.911003,0.000000
0.000000,3.556828,0.058219,0.000000,0.000000,0.000000,1.107331,0.000000,2.195197,0.000000,0.000000
0.000000,0.666035,0.000000,4.677318,6.176525,0.548803,2.903099,2.732294,0.000000,6.554939,0.000000
0.000000,4.443726,0.000000,2.295568,0.697772,4.126848,1.992438,5.301904,5.815370,10.752894,0.000000
0.000000,1.094918,0.000000,2.854486,4.681929,0.993167,0.292692,6.532979,10.435870,3.260376,2.374417
3.769060,0.828115,3.837606,0.159408,2.606902,1.073721,3.530215,0.000000,0.000000,0.000000,0.000000
0.000000,4.969940,0.000000,0.000000,0.000000,4.418594,2.861888,0.000000,0.000000,0.000000,5.716889
9.599909,9.458662,5.904448,0.858486,0.000000,3.391630,0.000000,0.105620,0.000000,0.000000,0.000000
0.000000,6.478257,1.631655,0.000000,4.297988,10.484243,0.171301,0.159191,4.091718,0.613950,0.000000
0.531351,0.000000,0.999835,0.318054,5.596696,0.931321,0.000000,4.231751,0.000000,0.751588,0.000000
2.542597,0.000000,0.000000,3.476386,0.000000,0.167104,1.053686,2.776776,20.876339,1.210718,3.152235
0.000000,8.723403,0.000000,0.000000,0.000000,2.738361,1.423334,0.000000,0.000000,0.302958,0.000000
0.000000,0.000000,0.485671,0.000000,0.000000,0.122817,0.000000,1.505148,1.567535,1.966386,0.000000
0.000000,0.038171,8.495326,0.085395,0.000000,0.068948,0.099569,6.105825,0.000000,2.981177,1.673858
0.000000,0.000000,3.142649,0.000000,0.000000,0.537654,0.834801,0.000000,1.442831,0.000000,0.662640
0.128629,1.374857,0.436740,0.000000,5.337185,0.000000,0.000000,0.000000,5.099869,2.779519,0.000000
1.284679,0.000000,5.146641,7.004685,1.374929,6.588863,0.000000,0.000000,0.000000,0.108228,6.826131
0.000000,7.585516,0.000000,0.000000,3.557392,0.157580,2.142442,0.000000,0.000000,7.465750,2.479567
0.000000,0.000000,2.670323,9.511289,0.000000,0.000000,0.000000,1.950955,0.000000,0.000000,3.049827
0.000000,0.963453,0.588500,0.000000,1.220903,0.000000,9.592197,6.198402,1.391020,5.500846,0.286649
3.160391,3.281974,0.000000,0.000000,0.000000,5.833308,0.000000,3.217573,4.201613,5.564666,2.572521
0.152713,6.486937,2.927991,27.458902,0.000000,5.378050,2.951085,0.000000,3.165009,0.137859,0.000000
0.000000,1.483988,0.000000,0.000000,0.000000,0.036401,1.346309,16.727857,2.872178,0.000000,1.168504
0.000000,2.822676,1.146490,0.000000,4.702991,0.394272,0.000000,0.000000,0.000000,0.000000,2.966705
0.000000,0.000000,3.077811,0.859963,2.240295,9.164872,0.000000,0.000000,0.000000,8.117518,0.423182
1.207798,0.000000,0.000000,0.000000,2.254187,0.000000,0.743034,6.846557,1.903933,19.046462,0.626973
0.811073,0.000000,9.121995,0.000000,0.000000,0.920393,0.000000,0.000000,1.096837,0.000000,0.774376
0.000000,0.792773,2.089183,9.787928,0.000000,0.000000,1.471632,0.000000,2.149914,0.000000,0.000000
0.000000,0.450172,0.629306,2.423726,0.000000,0.000000,8.031764,4.240257,1.752857,3.100022,0.000000
1.154836,0.000000,11.813884,6.968413,0.000000,0.000000,0.880497,15.184403,0.000000,3.567169,0.265071
0.000000,3.705608,0.411612,0.000000,0.878711,13.738228,1.671649,1.272732,2.269008,4.423170,0.373395
0.000000,0.000000,15.098738,3.628500,0.000000,0.000000,3.190279,0.000000,7.050688,3.061280,0.000000
1.554485,0.000000,0.095255,1.478462,7.883058,1.374181,1.391231,8.362924,1.723535,4.910967,3.821658
10.231799,2.890050,2.030683,0.000000,3.112423,17.070997,0.000000,0.000000,0.000000,0.000000,0.000000
1.514649,0.000000,9.251922,0.000000,0.000000,12.961259,4.496153,0.000000,0.000000,1.834904,0.000000
8.168087,5.566872,0.357724,0.000000,0.000000,0.000000,0.000000,0.940505,0.000000,0.000000,5.644122
0.000000,7.520073,0.000000,1.704104,0.270704,1.611169,0.555807,0.000000,1.669240,8.965510,0.000000
9.105941,0.000000,0.000000,0.000000,0.000000,8.017557,0.307560,16.814116,0.000000,1.223610,5.500947
0.000000,0.000000,0.000000,0.000000,2.230521,0.000000,0.000000,0.000000,0.000000,12.443119,1.896236
0.000000,1.378575,0.000000,3.469647,0.000000,0.000000,1.314531,4.344056,4.643117,0.000000,6.906441
4.599495,3.370125,1.868347,5.197803,0.721419,2.685372,0.000000,6.976391,0.000000,0.000000,0.539496
0.000000,6.330886,0.000000,0.000000,6.865872,0.302020,3.684407,0.000000,0.483141,0.266928,0.000000
3.367767,3.379502,3.609749,0.000000,3.213112,0.000000,0.000000,0.000000,2.655674,2.790878,0.000000
7.223349,9.604511,0.000000,0.188096,0.000000,2.148135,0.000000,0.000000,0.482215,5.309344,1.151571
8.686238,2.555654,4.302469,5.810358,1.350331,0.823144,2.091651,2.496974,0.000000,0.000000,2.913732
3.479392,2.322783,0.000000,0.000000,4.486985,11.509520,0.000000,6.756911,8.189028,0.812026,2.366611
0.000000,0.000000,0.000000,0.000000,0.000000,0.000000,0.183421,1.188037,0.000000,0.000000,0.000000
0.000000,0.867765,0.000000,5.937518,4.248962,0.276104,1.349305,1.814595,0.000000,0.000000,2.654499
0.452656,0.000000,0.000000,2.606602,0.000000,0.000000,0.308969,3.827458,0.000000,0.000000,0.000000
1.969125,0.000000,0.272960,1.610308,3.446526,5.513340,4.956110,0.000000,0.000000,0.184218,0.000000
8.292686,3.487647,0.000000,0.973627,0.000000,4.390569,5.872680,0.000000,0.309531,1.942627,0.000000
2.948248,0.000000,0.000000,0.000000,0.000000,7.148184,0.019488,1.326255,1.041266,7.554799,4.404937
0.000000,0.000000,1.814812,9.927487,1.574212,3.418215,3.841360,1.024618,0.000000,0.848771,3.648711
0.000000,0.000000,0.000000,0.000000,1.942304,0.000000,1.229315,0.000000,0.000000,2.669825,0.000000
5.291285,2.394722,1.256877,0.000000,0.000000,0.000000,5.127443,0.965913,4.935759,0.000000,1.804688
0.000000,0.717092,0.000000,3.970801,2.548239,10.330266,2.012931,0.646154,0.033367,0.000000,2.272540
0.000000,0.672249,0.297528,6.468875,0.000000,1.453611,0.000000,0.000000,0.000000,8.769991,1.975264
0.000000,7.905293,0.542352,0.000000,2.327424,0.000000,0.000000,3.013332,0.000000,0.000000,1.570772
3.437121,0.000000,0.000000,0.000000,0.000000,4.707422,3.188596,3.672074,2.466654,2.941316,7.057959
0.000000,4.439358,8.717019,0.000000,5.675250,0.000000,0.000000,0.000000,1.487553,6.857656,0.706628
0.000000,2.220055,0.000000,0.000000,0.000000,0.000000,2.401862,0.000000,7.151962,6.357587,0.000000
1.153607,0.000000,0.000000,0.000000,5.753732,2.868935,0.264775,0.000000,7.956513,0.000000,0.256135
3.610178,5.983755,2.877785,0.000000,0.000000,2.059229,0.000000,0.000000,0.000000,0.000000,0.000000
4.053900,4.843349,0.000000,0.000000,4.310299,1.551185,0.000000,0.000000,0.000000,2.143476,0.000000
0.000000,5.377234,2.681055,0.000000,0.423126,0.000000,7.632973,1.263394,0.000000,2.525598,0.000000
0.298277,0.335314,0.281515,0.000000,0.533014,2.924676,0.000000,3.303880,0.000000,2.948379,2.967413
1.276172,2.825976,5.719984,0.776642,0.000000,0.000000,0.000000,2.951008,0.000000,0.000000,1.779812
0.000000,0.000000,3.947416,1.126666,1.375243,0.000000,1.684237,3.523122,1.874826,0.937620,0.914128
3.205477,1.462102,2.415686,0.000000,4.402972,0.000000,0.000000,0.000000,2.273990,0.452115,1.778986
0.209609,0.181991,0.000000,6.521811,0.000000,10.597080,0.000000,0.000000,0.000000,0.000000,0.000000
0.000000,0.000000,0.000000,0.000000,1.303703,0.000000,1.089216,0.000000,1.494274,1.531049,0.000000
0.000000,14.295420,0.000000,3.184802,2.784115,0.885678,0.000000,0.000000,5.017428,0.000000,0.000000
11.438887,0.000000,0.000000,2.586295,5.594969,0.000000,0.000000,0.000000,3.001899,6.236929,2.429789
8.155930,1.326197,0.000000,3.125497,0.000000,0.000000,4.106692,0.000000,4.658785,2.223481,1.699156
0.000000,1.373235,4.732567,5.072239,0.000000,0.000000,0.000000,6.403356,0.000000,0.000000,1.129539
0.000000,1.419365,0.000000,0.000000,0.456370,7.748814,0.000000,0.000000,7.656261,1.488848,0.503683
0.000000,3.617926,1.786608,0.000000,0.000000,0.000000,0.000000,0.000000,0.000000,0.000000,0.000000
0.000000,0.000000,0.000000,0.000000,0.870607,7.113316,0.000000,0.000000,0.000000,0.000000,1.006748
0.000000,0.000000,0.000000,4.044855,0.000000,0.925474,9.963426,4.575895,0.000000,0.000000,0.845037
0.000000,0.000000,1.208082,0.000000,2.421087,10.889553,0.000000,0.000000,0.000000,3.930592,4.727899
0.000000,2.584156,0.000000,1.333315,1.197305,0.691739,1.315410,0.000000,1.021170,1.223994,5.313403
1.945818,1.940923,0.000000,0.000000,2.300766,11.244367,3.636599,0.000000,2.985658,1.015214,0.000000
0.232366,0.000000,0.000000,0.599941,1.584598,2.072443,0.000000,0.180446,0.000000,0.328552,0.257957
0.000000,0.000000,1.769029,1.695054,4.685365,0.000000,6.667277,0.000000,0.000000,1.335021,2.701293
6.846093,0.160605,4.021840,0.000000,0.147916,8.555591,0.000000,0.468950,0.000000,2.997336,0.000000
3.257176,0.998807,0.761585,0.000000,0.000000,0.000000,0.000000,3.457930,1.442628,1.769051,1.198444
0.000000,1.102012,1.469054,8.603235,1.905189,0.000000,0.154767,0.350760,2.919948,0.000000,0.830560
1.662377,0.000000,0.000000,0.672037,5.329071,4.785930,0.000000,0.399151,0.000000,0.065030,0.000000
1.260932,0.000000,0.000000,0.000000,2.482974,7.010634,0.000000,1.797994,7.895393,2.239105,0.000000
1.910877,0.000000,0.000000,5.367788,1.252076,0.000000,0.000000,1.213130,0.000000,0.000000,0.000000
0.000000,0.598576,0.000000,0.000000,3.843545,0.654390,4.327773,3.913765,0.000000,0.000000,7.618077
1.545708,0.000000,4.159190,1.782628,0.873479,1.889793,0.000000,0.549040,0.327924,0.000000,0.000000
0.000000,0.000000,2.807622,0.899753,5.968662,4.787308,0.000000,0.000000,0.000000,0.000000,1.448671
1.104697,9.552109,0.000000,1.543489,0.805878,0.000000,0.000000,2.741689,0.000000,3.643735,0.210892
0.000000,0.000000,0.000000,4.401974,6.460582,0.000000,0.000000,1.213408,0.000000,0.000000,0.944060
0.000000,0.000000,1.180173,0.000000,3.538427,2.774294,2.378743,0.000000,0.000000,7.638503,8.605712
0.000000,0.123874,0.000000,1.963333,0.000000,0.000000,0.000000,0.000000,6.965361,2.452787,0.000000
5.052140,10.254389,1.964228,5.330988,4.934469,2.509729,0.000000,0.565497,11.176106,0.000000,0.000000
0.000000,0.306915,3.693092,0.000000,0.000000,0.000000,0.371541,7.329781,8.274936,0.000000,5.439925
3.891385,0.000000,3.515482,1.608798,0.000000,1.328466,0.000000,3.834633,0.835172,0.000000,3.991871
3.955504,0.722333,6.712310,0.000000,2.765422,0.456656,0.594215,5.346622,0.000000,0.000000,4.717731
1.985194,8.564331,0.000000,0.000000,0.000000,0.000000,0.000000,0.000000,0.000000,0.831003,10.351136
0.000000,0.000000,4.379458,0.327165,2.095046,0.000000,1.961645,1.614405,0.000000,0.000000,0.000000
0.374493,1.287010,0.298155,1.614199,1.628479,1.767325,0.000000,2.997443,1.061694,0.000000,0.000000
0.000000,1.166033,3.204324,8.468811,0.000000,0.000000,5.179349,1.051032,0.000000,1.083131,0.000000
3.097741,1.001719,4.502937,1.746483,0.000000,0.000000,0.297513,0.000000,0.000000,2.032110,2.284581
1.334737,2.263052,4.437991,0.000000,0.000000,0.000000,3.503477,1.446104,4.661590,0.000000,5.781721
0.748388,0.000000,1.216012,4.175004,5.073376,0.000000,0.838109,0.000000,0.000000,0.000000,6.544210
0.394033,0.000000,0.000000,5.253688,0.000000,0.000000,1.323076,0.525938,1.711570,5.917092,3.710062
0.000000,2.062609,6.154810,4.755481,0.000000,5.346673,0.000000,2.263877,2.742257,0.000000,0.000000
0.000000,0.000000,3.046461,6.200575,0.000000,2.185790,2.357072,12.268644,10.958918,0.000000,0.000000
0.000000,4.167534,6.421758,6.726372,0.000000,1.734376,0.000000,0.000000,0.000000,9.225289,3.379895
4.257972,4.170274,0.000000,6.668578,0.000000,0.000000,4.693868,0.069556,0.000000,1.542032,0.000000
0.000000,3.705089,4.465132,0.679427,0.000000,0.000000,23.287865,0.000000,0.992905,3.553451,0.000000
0.724626,1.785006,0.000000,3.992403,6.573519,1.017645,0.000000,3.645385,0.467818,0.000000,0.509157
0.000000,4.926217,0.000000,2.541614,2.664343,4.017750,1.628856,2.291010,0.042207,4.337486,0.000000
0.000000,1.693357,0.000000,0.000000,6.157257,0.000000,2.948539,3.678894,2.371903,0.000000,0.000000
1.575529,0.000000,0.440440,1.828240,4.563361,0.000000,0.961656,0.000000,4.850145,2.408102,0.000000
1.171962,0.000000,0.000000,1.238222,0.000000,0.000000,3.818268,0.741814,0.000000,0.000000,7.129955
0.000000,1.727908,0.000000,9.475004,0.000000,0.000000,2.459855,0.142625,4.900762,0.000000,6.911914
5.087452,0.000000,0.000000,0.000000,0.000000,0.000000,0.000000,0.000000,0.000000,0.000000,0.000000
1.107997,0.000000,0.256317,3.197101,0.000000,0.000000,7.856382,7.173124,0.000000,6.662794,0.000000
0.000000,2.056434,3.290400,0.726258,7.155343,2.848506,2.426419,1.177637,0.000000,0.000000,0.450110
0.000000,0.000000,0.000000,5.066107,3.908902,1.504681,0.000000,6.488178,4.205195,5.249504,0.974046
0.000000,2.112756,4.174372,0.000000,2.733669,0.000000,0.000000,0.000000,2.033214,0.000000,0.934042
0.000000,3.609404,8.525690,0.403450,5.188415,0.000000,0.000000,0.000000,0.000000,4.602839,0.000000
4.630028,0.000000,0.000000,0.754590,0.000000,9.360173,0.000000,0.000000,0.000000,0.778286,3.518909
0.718399,0.000000,1.354547,1.519485,6.181839,0.000000,0.000000,0.949733,0.000000,0.000000,2.638311
0.000000,0.000000,0.000000,0.000000,0.000000,0.000000,0.000000,4.258207,0.000000,1.881757,3.099569
0.000000,1.797872,4.067312,4.455873,0.000000,2.886557,0.000000,0.000000,8.775743,1.093909,0.230753
7.089639,0.000000,0.000000,3.936613,0.000000,5.642673,0.452244,0.000000,0.830592,0.000000,7.271593
0.000000,0.000000,0.000000,1.451172,1.631279,2.251308,1.059019,10.067990,5.990077,0.840105,0.000000
0.000000,2.250913,12.253349,10.847605,0.453801,0.000000,0.000000,0.000000,0.000000,9.581642,4.537671
4.032570,0.791871,1.649304,2.391922,0.465686,2.646340,0.000000,1.267686,0.745803,0.740360,0.000000
3.627544,1.038345,6.713322,2.231486,0.519858,2.151305,0.000000,8.743841,0.000000,0.000000,0.000000
0.000000,0.065474,0.000000,1.425775,0.000000,0.000000,0.344158,0.000000,1.104879,4.887653,1.403998
0.000000,0.000000,0.000000,0.000000,0.850285,4.762470,6.423768,1.833404,1.177682,1.120294,10.357604
0.000000,2.955792,0.000000,0.000000,0.000000,6.711064,4.497042,0.000000,0.000000,0.000000,9.521743
10.314012,2.022651,0.000000,0.000000,1.684987,5.517132,0.000000,0.392257,2.986138,2.466597,0.000000
1.447277,1.607980,0.000000,1.625865,2.375865,0.000000,11.608998,6.683301,4.663800,0.000000,0.000000
2.312810,0.000000,0.000000,0.046035,0.000000,0.000000,0.000000,0.216956,3.813342,0.000000,9.182056
7.952804,0.000000,0.000000,0.964250,0.000000,6.719852,4.352502,1.199250,8.297742,5.109000,0.000000
5.799408,0.000000,0.000000,0.143422,1.536202,0.944934,5.658171,0.000000,0.617916,6.121382,0.000000
5.245354,0.000000,0.000000,3.172992,1.011398,0.000000,0.000000,2.729569,7.658326,0.000000,0.000000
0.000000,3.068628,0.000000,0.389619,0.000000,0.922779,6.439993,2.220914,7.905510,0.000000,3.473099
2.956232,0.000000,0.000000,6.826678,11.444034,0.000000,1.494385,0.000000,0.000000,14.860640,0.000000
0.996872,5.855005,0.000000,0.000000,0.000000,0.000000,0.000000,11.346542,4.589930,6.457731,0.000000
0.000000,10.626816,2.834999,7.265759,0.000000,0.000000,0.000000,2.221265,0.600440,15.028196,0.232336
0.000000,0.000000,0.000000,17.331186,3.963301,0.000000,3.588080,0.000000,4.888320,0.000000,3.792777
0.000000,0.000000,0.000000,0.000000,0.000000,0.000000,0.000000,0.000000,0.000000,0.000000,0.000000
12.012507,1.904267,0.000000,0.000000,6.328905,1.536266,0.000000,0.000000,2.836948,0.735686,0.000000
3.036487,4.852110,0.000000,2.352962,3.271751,0.000000,0.000000,0.585020,1.251441,1.497129,0.000000
0.000000,2.081178,0.000000,0.000000,0.000000,0.000000,9.353381,0.204453,0.463855,0.000000,0.000000
1.617589,16.661564,1.546064,0.000000,2.781384,0.000000,0.000000,7.085825,0.612938,0.000000,0.000000
0.000000,0.000000,6.296794,0.948958,1.298251,0.000000,0.000000,0.000000,4.072534,0.000000,0.000000
0.000000,0.000000,2.753193,7.998994,2.654310,2.602602,0.000000,3.120560,0.000000,1.663580,0.000000
0.000000,0.000000,11.439930,4.556903,3.410679,0.000000,4.206947,0.000000,7.243143,0.000000,0.339573
1.547979,3.011061,3.961830,0.000000,0.000000,0.390606,21.942478,0.000000,0.632043,0.000000,0.000000
3.365026,0.000000,0.000000,0.237921,0.000000,0.000000,0.000000,0.000000,2.526681,0.000000,9.592133
0.000000,7.498255,0.000000,0.000000,0.000000,0.000000,0.000000,0.000000,9.490556,1.503422,6.792041
0.000000,16.475506,4.688947,0.000000,0.000000,0.000000,9.884061,0.000000,4.474645,15.399972,2.027218
3.257037,0.237769,0.000000,0.000000,2.170019,0.000000,5.341714,5.129984,10.229430,0.133409,0.000000
1.403035,1.245454,4.104459,0.000000,0.000000,0.299267,3.287436,0.000000,0.135802,3.680047,9.962798
0.051575,0.672964,2.751771,0.000000,0.000000,0.000000,0.000000,3.945090,8.092902,0.000000,11.303796
0.659147,4.542572,2.555757,0.000000,22.549126,0.000000,1.338263,0.000000,10.391063,15.833694,4.877349
1.853206,0.210215,6.570493,0.000000,0.000000,0.000000,4.534096,2.117072,0.583099,0.000000,0.475095
0.000000,1.880086,0.000000,9.978034,2.714957,2.603677,6.026852,6.760072,8.792485,3.699054,2.051096
1.098324,0.000000,0.000000,0.000000,3.139580,0.141506,0.000000,5.334990,0.000000,0.000000,0.000000
0.000000,0.000000,1.582079,3.704284,0.000000,0.000000,1.365419,0.000000,0.000000,2.439293,0.000000
2.149654,0.000000,3.929593,2.802123,2.161816,3.887940,1.396754,0.000000,8.609318,5.424006,0.000000
8.609643,0.000000,0.000000,4.495105,0.000000,0.000000,0.000000,2.504276,0.000000,0.000000,3.370071
0.000000,13.240832,0.000000,0.000000,0.000000,14.380737,0.000000,0.000000,5.103616,17.430299,0.000000
0.000000,7.227751,1.609494,12.715822,4.939346,0.000000,0.828637,0.000000,0.000000,0.000000,1.171811
0.907422,6.131015,3.970222,0.000000,0.000000,9.097487,0.000000,0.000000,15.600048,9.644834,2.458823
0.000000,5.035990,0.000000,1.789247,6.491780,0.000000,9.196699,0.000000,0.000000,9.417547,22.731820
2.040666,0.000000,4.600442,3.857945,0.000000,0.000000,4.298407,0.000000,0.000000,1.061674,0.000000
4.811064,0.000000,5.569388,0.000000,1.054702,1.512120,0.000000,0.000000,0.000000,0.960901,0.228942
2.488894,3.063993,16.412818,0.000000,2.385006,2.410917,0.000000,0.000000,5.641527,0.000000,3.774344
8.720252,0.000000,4.212552,0.347532,0.000000,7.778633,5.015756,3.927329,0.000000,7.935681,4.974585
0.000000,0.000000,0.000000,0.000000,0.000000,1.872504,0.764943,3.616417,0.000000,0.000000,4.305766
0.000000,0.000000,18.127270,6.026970,3.083560,4.191289,0.000000,19.767337,0.000000,0.000000,3.864610
0.000000,0.000000,0.000000,3.121675,0.729008,0.000000,0.000000,12.208761,6.325460,0.000000,0.000000
0.000000,0.000000,4.665569,2.142853,0.000000,0.000000,0.000000,0.000000,8.110405,0.000000,9.930834
0.000000,7.442949,0.362264,10.833496,2.609373,1.921146,6.345848,0.000000,3.218990,0.000000,10.410540
3.253066,3.848859,5.294390,6.225129,5.121264,3.024476,0.000000,0.000000,0.000000,3.835367,0.000000
8.125692,8.780783,0.000000,14.670991,0.419695,0.000000,1.315466,2.563943,4.032911,0.000000,11.314444
4.655932,0.598550,1.122761,0.975683,2.345565,7.998364,0.000000,12.361754,2.034085,0.720108,0.000000
18.226050,15.650375,0.000000,6.103701,1.663421,0.000000,0.903854,9.901970,10.048664,0.000000,0.000000
0.000000,3.623994,24.329608,3.201211,0.000000,0.014189,7.236823,0.000000,1.346652,5.068101,9.565794
3.789142,1.262681,0.000000,0.000000,0.000000,0.000000,1.913002,20.723978,0.000000,2.764558,0.836077
1.268566,3.916117,2.887729,6.369028,0.000000,1.453631,3.616886,0.000000,0.000000,0.000000,0.000000
0.000000,0.000000,0.000000,0.000000,6.368142,0.571575,2.132259,3.059365,0.000000,0.000000,0.000000
14.267557,0.000000,0.932491,0.000000,0.000000,0.000000,0.000000,0.000000,7.575743,5.893231,1.085768
1.177430,0.000000,0.000000,3.676203,4.567100,16.470126,3.963933,0.000000,7.182528,0.000000,5.419561
0.000000,0.425631,0.000000,2.487558,5.658406,7.825944,4.316212,3.578329,0.000000,7.629040,0.000000
0.000000,1.183837,0.000000,2.723216,0.000000,0.000000,3.458445,2.551874,0.000000,0.000000,0.000000
4.637322,0.000000,0.000000,3.280021,6.282149,12.407334,4.419049,0.000000,1.840929,0.000000,0.000000
3.563069,8.139112,0.000000,0.000000,6.423619,2.071510,0.000000,13.324429,1.371982,2.210164,0.884465
0.000000,1.677474,5.077198,0.000000,9.017290,5.592002,13.304624,0.000000,0.000000,4.506493,10.516605
0.000000,0.000000,0.000000,0.000000,1.365199,2.822863,1.762755,0.000000,8.397078,1.473325,14.184343
9.408712,0.000000,1.448158,0.000000,0.000000,2.554874,0.000000,0.000000,0.000000,0.561252,0.000000
4.594737,5.077658,0.000000,1.714442,0.000000,8.583605,4.611663,0.000000,1.907343,2.837617,0.000000
7.394605,0.000000,0.000000,0.000000,0.000000,1.400853,0.000000,8.411115,2.929363,0.000000,0.000000
6.623465,0.000000,2.516953,0.000000,0.508179,0.000000,4.110026,10.885985,9.064899,4.889996,0.000000
3.196353,0.000000,6.658561,17.721304,7.448807,8.122598,1.778172,5.171211,0.673257,2.599625,0.000000
0.000000,0.000000,5.061049,2.938203,0.000000,1.374080,0.000000,0.000000,27.182836,1.069253,0.000000
0.811365,7.755736,0.000000,0.877931,3.304030,19.411298,0.000000,0.000000,17.239063,0.000000,14.540285
0.000000,2.825123,0.000000,0.000000,0.000000,0.000000,2.031730,0.000000,8.330260,0.000000,0.000000
0.149295,0.000000,22.531840,0.000000,3.654193,12.535386,9.115414,15.651566,3.564486,0.000000,0.000000
1.548264,0.000000,0.000000,2.796679,5.346398,0.570085,1.599630,8.028172,0.000000,8.588334,0.000000
0.000000,0.000000,0.000000,0.000000,0.000000,0.000000,0.000000,6.933160,7.948433,0.000000,0.000000
0.000000,7.783755,12.460811,0.000000,0.000000,0.000000,4.247036,9.144328,7.946783,5.978960,0.000000
6.339664,0.000000,6.462293,7.695630,1.907924,5.419967,2.751910,0.000000,10.261275,1.406227,0.632508
0.000000,0.000000,1.358670,0.000000,9.017428,2.412039,0.000000,0.666582,11.311861,0.000000,6.733826
10.802842,0.000000,0.355278,0.000000,2.501258,6.176776,0.518783,5.040179,6.097402,0.000000,0.000000
3.087327,5.091190,5.408114,3.216497,0.000000,6.990533,0.000000,0.000000,0.000000,3.343434,1.062081
0.000000,13.054656,0.000000,1.740298,3.279984,7.239092,0.000000,0.000000,1.809001,0.000000,3.757605
5.621509,1.002249,0.000000,5.138854,8.185108,0.000000,2.693338,2.162746,2.078250,7.518880,7.972646
0.000000,1.283221,0.000000,1.108740,0.000000,9.757557,0.000000,0.000000,3.687552,0.347667,5.032932
0.000000,0.000000,0.000000,0.000000,0.000000,8.406063,0.000000,0.000000,4.122088,0.000000,0.000000
0.000000,0.000000,0.000000,3.153820,22.722269,0.000000,0.000000,1.301346,0.000000,0.000000,0.000000
1.789946,10.051432,15.627543,20.625407,5.768962,0.000000,15.198522,0.000000,0.000000,0.000000,17.246138
1.102587,6.713092,0.000000,0.000000,0.000000,0.000000,4.039445,4.541353,5.748388,8.443579,1.731750
0.000000,0.000000,3.337286,0.000000,13.853209,0.000000,10.160247,0.000000,1.841083,7.914740,7.877298
2.829720,2.190737,0.000000,0.000000,0.000000,10.422222,10.158157,11.360148,1.708844,2.067915,0.000000
0.000000,0.000000,0.000000,1.655251,10.622087,0.000000,2.218034,3.220301,4.262340,0.000000,0.000000
6.441535,0.000000,0.000000,10.999101,0.000000,13.649970,0.000000,0.000000,0.000000,0.000000,2.179078
0.190656,0.000000,9.969209,0.000000,0.000000,0.000000,12.701444,0.000000,0.000000,2.314496,0.000000
0.000000,0.000000,2.056840,0.000000,2.562688,0.000000,0.494768,6.541174,0.000000,0.000000,7.437707
0.000000,0.000000,0.454606,0.000000,2.842143,0.000000,0.000000,0.000000,0.000000,4.231214,5.539810
1.433579,0.000000,0.000000,2.193749,0.687914,0.000000,4.625619,0.000000,0.000000,3.178531,7.102242
7.352236,0.000000,4.790909,0.000000,0.000000,0.000000,0.000000,3.888699,1.613221,0.000000,0.821962
0.000000,0.000000,1.091865,3.884225,0.000000,0.000000,16.179307,0.000000,12.067636,4.401352,0.000000
4.836721,16.221809,4.820200,2.856816,0.000000,0.980940,0.000000,0.000000,0.000000,7.319981,0.000000
0.000000,0.000000,0.000000,14.858585,0.000000,0.000000,13.668439,3.594887,1.092796,2.874468,0.464786
0.000000,2.676900,0.000000,0.025872,5.703001,0.000000,4.138258,0.000000,0.000000,4.685623,5.598784
0.000000,0.000000,0.000000,0.000000,9.348589,0.000000,0.000000,0.000000,0.716189,0.000000,0.000000
0.000000,2.802380,0.000000,10.540742,8.722412,8.645686,2.812203,2.453290,0.000000,0.000000,1.254449
0.000000,0.000000,0.000000,5.308220,5.452631,0.000000,0.000000,0.000000,0.000000,0.547269,1.025982
5.578314,0.000000,0.652341,0.000000,1.631267,0.000000,0.000000,0.000000,10.957988,3.680898,0.000000
0.000000,0.000000,22.787414,4.405325,1.242181,22.055704,0.668047,5.503158,0.000000,1.428838,4.508175
0.000000,3.129795,0.000000,0.312022,0.000000,0.000000,2.066019,0.000000,5.923599,0.000000,7.152212
11.987652,0.000000,0.000000,3.719399,1.363614,12.496267,0.623534,5.686773,0.000000,4.270331,0.000000
0.000000,7.645029,0.995059,0.000000,7.185389,0.000000,0.941214,9.346102,0.713151,0.000000,0.000000
8.945990,6.864771,4.804116,4.744060,0.000000,2.824212,0.000000,5.087549,12.223119,4.410828,7.819390
5.275271,0.531891,0.000000,1.895441,4.636082,0.000000,3.735969,1.851239,0.000000,1.832704,3.199678
0.000000,3.922532,3.519962,2.066715,5.779236,14.063349,0.000000,4.285016,2.229036,1.449664,10.445391
4.433144,0.000000,6.523622,0.000000,0.605564,0.000000,3.336340,3.288126,0.000000,0.000000,0.000000
1.055343,0.000000,19.863922,0.000000,0.000000,7.673249,6.866063,0.000000,11.914805,0.000000,16.870548
4.913996,9.932315,0.000000,1.382635,1.117518,0.000000,5.399472,8.880716,0.000000,13.737776,3.182378
0.000000,5.349329,0.000000,8.419203,7.923095,11.520678,0.000000,4.121402,0.000000,0.000000,10.796669
0.000000,0.000000,0.000000,0.324163,9.684451,0.000000,1.746734,5.909756,0.000000,0.000000,0.000000
6.607658,0.000000,8.254744,0.000000,0.000000,4.507626,2.539685,0.000000,0.000000,3.300396,0.000000
11.706476,0.000000,7.554307,8.305190,0.000000,19.120326,1.970981,2.553745,9.798009,2.105153,3.971651
2.383511,0.000000,0.000000,0.000000,0.000000,1.691510,8.707967,0.000000,0.000000,0.000000,0.930189
1.596653,24.709863,3.512654,0.000000,0.000000,0.550613,1.768422,6.435736,0.000000,0.000000,0.000000
0.000000,0.000000,3.737657,0.000000,0.000000,0.000000,0.000000,5.029371,0.000000,9.905161,0.000000
7.975543,7.425578,0.000000,0.000000,0.000000,13.326307,0.000000,0.000000,2.494940,0.000000,3.176637
0.000000,0.000000,6.313768,0.000000,5.299575,0.000000,0.000000,7.462082,3.961066,0.000000,0.000000
7.052383,7.762516,1.985107,0.000000,0.000000,1.533003,5.585790,4.628552,6.053569,2.799038,8.518894
0.000000,2.386656,3.767216,19.458763,4.805532,4.227812,1.441269,0.000000,0.000000,0.000000,0.000000
0.000000,0.000000,0.000000,0.000000,3.969573,0.411177,0.774140,0.000000,0.000000,3.968931,6.515080
3.945029,0.000000,15.721111,2.269687,0.000000,0.000000,0.000000,21.850041,0.000000,0.283902,2.454114
0.000000,0.000000,8.509544,13.244105,29.626930,0.000000,3.979545,9.232254,0.000000,4.728927,0.000000
0.000000,6.590161,0.000000,3.263609,0.000000,2.283107,0.000000,0.000000,8.596584,9.559966,0.000000
2.635536,0.000000,0.000000,0.000000,2.471109,1.619415,2.487540,0.000000,1.578826,9.756924,2.266225
0.437101,1.235955,0.144743,1.797257,16.025142,4.207798,0.000000,0.000000,0.000000,11.002547,0.000000
0.000000,3.919444,0.000000,0.141693,4.508663,3.658701,2.105428,3.559886,0.000000,0.000000,0.000000
1.622438,5.720769,0.000000,0.645943,0.000000,0.000000,0.000000,0.000000,0.791387,3.174746,0.000000
1.969746,4.394628,0.000000,5.315001,0.000000,0.000000,5.795245,0.000000,4.559863,19.237692,0.419941
20.107581,0.000000,0.000000,0.192538,1.803163,10.620531,0.000000,9.241385,0.000000,0.000000,6.757880
0.000000,0.000000,16.851506,1.986080,0.000000,9.651217,5.053342,0.000000,1.795107,0.000000,7.731143
0.000000,3.776910,0.000000,4.314416,2.003937,13.013441,4.064440,10.567995,0.000000,1.324831,12.719654
11.479585,0.000000,0.000000,2.239694,4.104963,0.000000,0.000000,0.000000,12.069412,0.000000,6.039905
0.000000,0.000000,0.000000,10.034844,0.000000,0.000000,0.000000,3.163496,0.000000,11.317836,0.000000
0.000000,0.000000,3.193375,0.000000,0.000000,10.613215,7.650889,0.000000,8.842004,10.304315,5.932885
0.000000,8.290640,0.000000,0.000000,9.252953,0.000000,3.841923,10.123263,0.000000,4.105544,2.408583
0.786764,0.674126,0.000000,0.000000,0.000000,0.000000,3.865207,0.000000,5.311511,3.182930,11.780266
15.301410,16.235542,5.505592,0.000000,17.829295,7.568888,0.000000,7.313797,0.000000,8.479557,0.000000
0.000000,0.000000,5.252906,0.000000,0.000000,2.369515,0.000000,7.989964,38.138176,10.620981,0.000000
0.000000,0.000000,19.475093,3.493671,0.000000,1.435244,0.000000,13.413151,5.323600,2.116511,0.000000
0.000000,0.000000,0.000000,4.972459,9.098661,5.490785,1.244621,1.718599,26.081767,0.000000,12.793398
0.000000,9.002257,0.000000,0.000000,8.206883,0.671978,7.106409,0.000000,0.000000,7.880952,2.651913
0.000000,0.000000,0.000000,0.000000,0.000000,1.590324,0.000000,0.000000,0.000000,0.000000,0.000000
0.000000,5.401293,3.602145,0.000000,0.000000,1.447780,0.000000,0.764165,5.019942,0.000000,0.000000
2.886983,13.275622,1.616182,8.997247,0.000000,0.000000,4.359606,0.000000,0.000000,0.000000,4.135138
0.000000,10.404133,0.000000,8.264042,0.000000,0.000000,2.992263,0.971223,2.581726,0.000000,5.541304
4.757998,0.275103,0.000000,0.000000,4.818480,9.789304,10.616498,3.092871,0.000000,3.238281,0.000000
2.983395,12.173083,3.700757,9.544317,0.000000,6.207783,0.000000,0.000000,0.275292,0.000000,0.000000
0.000000,0.000000,0.000000,0.000000,0.000000,0.000000,9.759817,6.834918,0.168416,4.263532,3.259676
0.000000,0.000000,0.000000,0.000000,0.000000,0.000000,0.000000,9.044137,11.710967,0.000000,0.000000
5.239180,0.000000,0.182101,2.086894,7.391948,0.000000,0.136948,4.019292,4.186425,1.897478,5.903766
5.263037,0.518703,15.721105,0.000000,14.169066,0.000000,3.546849,7.307569,0.000000,0.000000,0.170403
0.000000,2.509724,0.000000,1.818663,10.817943,0.000000,2.601596,0.000000,0.210338,0.000000,2.735371
0.000000,7.900385,2.772766,1.773955,6.943520,8.236598,4.359625,0.000000,0.000000,0.000000,0.059992
8.351008,0.136090,1.130608,0.852338,0.722903,0.000000,0.000000,0.029959,0.000000,0.000000,0.000000
0.000000,1.145133,3.118086,3.262121,9.073183,4.900301,0.000000,0.000000,0.000000,1.602596,0.000000
0.000000,0.000000,0.000000,13.867271,0.000000,0.000000,2.163314,0.000000,5.112976,0.000000,5.684623
0.000000,0.000000,0.000000,0.000000,5.259918,4.053573,0.000000,4.336708,1.694268,0.000000,0.000000
6.421207,1.410940,21.820441,7.347112,0.000000,0.000000,17.045410,8.763487,0.000000,0.000000,2.586746
3.415980,0.000000,4.475061,0.000000,0.000000,0.000000,0.000000,2.357666,0.000000,0.000000,2.927052
0.353605,0.000000,7.526865,0.687744,0.000000,0.000000,4.126933,0.000000,0.000000,0.000000,12.685242
11.528208,0.000000,2.158732,5.770588,0.671933,0.000000,9.336508,0.000000,16.050218,0.000000,1.009280
10.565949,2.983873,0.000000,0.000000,0.000000,0.000000,2.970782,0.000000,0.000000,5.573413,0.000000
1.286807,0.000000,0.000000,0.000000,0.000000,4.786881,4.565745,4.128558,3.643450,0.000000,9.341640
0.000000,2.302233,6.495198,0.000000,0.000000,0.000000,0.000000,0.000000,0.000000,0.000000,3.109920
11.160931,2.175520,0.000000,5.112749,0.000000,0.000000,8.152748,0.000000,0.000000,2.519991,0.000000
0.000000,1.020820,0.000000,0.000000,7.119477,0.122143,0.000000,1.849026,3.994854,0.000000,0.000000
0.000000,0.000000,9.572900,1.194189,4.347143,4.218398,0.000000,9.612137,2.783183,5.086668,0.810119
0.000000,1.407680,7.884159,8.068650,0.000000,1.599908,4.449891,10.281702,0.000000,0.000000,0.000000
0.000000,3.242604,0.473121,0.000000,1.300230,0.000000,3.582117,0.000000,0.000000,0.000000,8.564583
0.000000,14.793603,0.343601,0.000000,0.000000,6.425742,0.000000,1.310123,9.394255,0.000000,5.994211
17.646351,0.000000,0.104640,1.744028,0.000000,7.139609,17.699219,0.000000,0.000000,10.492506,0.295948
0.000000,0.000000,0.000000,4.055546,6.035062,2.041541,2.205673,0.000000,5.729628,14.263531,5.087253
0.000000,4.443176,0.000000,0.064932,1.405719,0.000000,0.790111,0.000000,4.066128,0.000000,0.000000
0.665334,1.892459,4.824924,2.994012,25.539298,2.306109,5.282585,6.678710,1.840642,1.548046,10.537911
2.494996,0.000000,0.000000,0.000000,0.000000,9.162399,2.174833,0.000000,1.828456,3.669946,2.463442
1.153511,1.497409,0.000000,8.366418,11.705257,2.329299,4.502485,0.000000,9.751794,8.281605,0.814094
0.627264,7.653240,0.000000,0.000000,2.460241,0.000000,1.201583,0.000000,4.194998,1.684626,0.190135
7.486457,0.000000,0.000000,0.000000,15.216888,8.712361,1.833262,0.000000,0.000000,7.530519,1.066489
0.000000,0.000000,0.179310,10.880974,0.000000,0.000000,2.880720,0.000000,18.812709,4.156022,1.424717
7.847097,1.814404,2.215835,3.424001,0.000000,0.000000,2.790068,8.406845,2.017249,3.866432,0.000000
0.000000,0.000000,0.000000,0.000000,1.567274,4.979889,0.595931,0.000000,0.000000,0.000000,0.000000
4.482755,7.802817,0.000000,7.769063,14.610162,8.627246,0.000000,1.469030,3.070878,0.000000,0.000000
5.908403,3.064637,7.343562,1.916400,5.507190,0.070764,3.159165,0.000000,0.000000,7.243069,4.365169
0.000000,3.156226,0.000000,3.453095,0.000000,0.000000,0.000000,0.000000,1.906732,0.346264,2.940513
0.000000,0.000000,1.165251,2.733842,0.000000,0.553929,0.587629,2.744184,4.314974,2.750512,0.000000
0.000000,2.568268,2.075054,6.397311,0.615874,4.656220,0.000000,0.000000,0.000000,9.004921,14.805622
0.000000,7.577608,5.864190,0.000000,0.000000,0.000000,11.461299,2.652253,3.919225,0.000000,1.433985
0.000000,0.000000,1.372856,5.008763,0.662186,2.257328,0.000000,0.000000,2.584164,0.000000,1.759733
19.442901,0.000000,3.942670,8.184209,0.000000,0.000000,0.557760,0.000000,1.264182,4.214981,1.977868
4.283638,0.000000,0.771867,0.000000,1.064794,0.000000,6.233671,9.423699,1.223059,2.651143,3.233389
0.000000,8.510896,1.067345,2.621029,0.495762,0.000000,3.628972,2.006787,7.655244,3.340955,11.502833
0.802445,4.077490,6.515534,0.000000,1.563318,1.757190,0.000000,0.000000,0.000000,4.301811,3.354104
0.000000,2.266084,1.379969,0.000000,0.981703,1.742856,0.000000,0.000000,0.935107,0.711347,2.958390
0.000000,1.024337,7.614161,0.000000,5.708007,7.419012,0.000000,20.264955,0.501589,0.000000,0.000000
1.263577,3.302625,4.200324,0.000000,2.079116,2.923710,2.141182,4.142448,0.000000,0.000000,0.000000
0.000000,0.000000,1.565223,2.538482,5.467089,0.000000,6.522934,2.073660,0.000000,0.000000,0.000000
3.133044,0.000000,0.227006,7.226829,0.000000,5.285484,3.956870,0.000000,0.000000,0.000000,2.925337
0.000000,1.652955,5.812073,13.297681,3.304195,0.251874,2.727244,9.414991,0.998588,0.000000,1.740851
0.000000,0.000000,0.000000,8.766426,0.000000,3.043508,0.936211,19.825841,4.692017,4.358502,1.353680
0.000000,0.000000,0.000000,0.000000,0.000000,8.851826,3.256308,0.000000,0.000000,3.871500,2.702624
2.681927,4.984665,0.507259,13.993675,4.652603,4.281053,0.000000,2.851037,5.086521,8.910500,4.261975
3.799033,23.767233,1.488505,0.000000,0.000000,1.814923,0.432961,2.681463,0.000000,2.043555,7.623434
1.534236,0.000000,5.887567,0.000000,4.878435,5.804262,2.148559,0.000000,14.721001,0.414432,0.000000
6.684726,0.000000,2.350214,1.440805,11.258782,3.039044,0.035194,0.000000,1.276055,6.321849,0.623540
0.000000,0.061154,9.378334,0.000000,0.000000,0.000000,1.357593,0.738194,0.000000,0.623400,1.160411
0.137100,5.294643,15.857496,3.470806,0.000000,0.000000,1.429176,9.871075,0.000000,3.934275,0.000000
0.000000,0.000000,0.000000,0.000000,0.000000,8.746426,0.535121,0.000000,2.644695,3.047830,0.000000
0.000000,0.000000,0.000000,6.309820,0.000000,5.525937,0.000000,6.205904,0.000000,1.457075,4.431310
2.712887,0.000000,0.000000,0.000000,0.000000,4.695052,1.351918,0.000000,0.000000,0.000000,0.000000
3.041629,4.397045,7.579205,1.620090,6.012444,0.000000,0.000000,14.907320,2.104008,0.363417,1.684291
1.328063,0.000000,0.000000,0.000000,6.808026,0.000000,0.000000,0.000000,6.880454,0.000000,0.000000
1.848051,0.000000,0.000000,0.000000,0.465385,4.564502,0.817648,1.426581,0.000000,0.000000,1.886137
3.358220,0.694841,2.539925,10.201066,0.000000,11.408535,8.144899,3.968631,1.138856,0.000000,1.022600
12.021779,0.000000,0.000000,1.057093,0.000000,2.833934,5.536660,0.000000,2.715278,0.066122,0.000000
3.763926,1.656057,0.000000,2.335423,7.811101,3.209250,2.504811,4.796405,0.206754,0.000000,7.741029
0.000000,0.000000,0.000000,0.000000,0.000000,0.000000,0.000000,0.927313,0.000000,0.502655,3.965688
0.000000,0.000000,0.000000,0.000000,0.000000,0.866908,0.000000,0.000000,0.000000,0.000000,0.000000
1.254697,14.734462,2.632257,3.035424,0.000000,4.022429,0.000000,1.250109,0.000000,0.000000,3.359419
0.000000,4.752417,0.000000,0.000000,13.520200,2.726625,0.000000,7.020770,11.970502,1.222279,0.000000
10.256281,0.753296,8.687434,0.000000,0.000000,0.000000,0.000000,10.812515,4.293561,12.308050,0.410467
0.000000,1.020095,0.000000,0.166498,5.160234,0.000000,9.226849,0.000000,0.000000,0.000000,0.000000
0.208367,0.000000,0.000000,0.859094,0.000000,0.000000,4.841645,0.000000,0.000000,1.207142,0.107953
0.000000,5.169194,0.000000,0.000000,0.000000,0.000000,0.000000,1.480300,0.000000,0.280834,0.567523
1.661484,2.318932,5.886836,0.000000,1.752823,5.884230,3.556203,8.922893,5.146590,3.045920,0.691238
1.627246,0.347991,0.336481,0.000000,0.000000,3.476992,0.000000,5.850183,0.000000,1.239673,7.460698
0.560479,4.246788,0.000000,0.332434,1.275361,0.000000,3.255420,0.000000,1.824157,1.935145,0.000000
5.402574,1.182957,0.000000,0.000000,6.665634,4.807129,0.000000,0.000000,0.841885,0.659759,0.000000
0.000000,6.952023,5.228409,2.817536,0.244729,3.375565,6.907086,0.000000,0.000000,0.000000,1.190236
0.646819,0.000000,5.938174,0.769159,0.000000,0.000000,0.000000,0.000000,2.143045,1.219132,3.694508
0.000000,0.000000,13.305173,2.840053,0.000000,6.352843,5.517231,0.332802,2.965837,0.000000,0.000000
0.000000,0.000000,7.305047,2.224743,0.532138,0.000000,1.231093,0.000000,2.205468,0.000000,0.117480
2.180972,19.328429,0.000000,0.000000,0.000000,0.000000,4.030357,0.000000,0.000000,0.000000,0.000000
1.474896,0.000000,0.781066,0.000000,0.600524,6.876691,7.617171,0.000000,3.027003,2.352682,0.000000
3.196351,0.000000,9.144443,0.000000,0.000000,0.870416,0.000000,12.366457,0.000000,1.074256,7.655236
0.000000,0.000000,0.000000,6.981795,1.818827,0.260427,8.093356,0.861599,2.636279,0.000000,4.179484
0.000000,2.783770,4.437989,0.501395,0.000000,3.160974,0.346596,8.639302,2.820840,1.714598,0.000000
0.738399,8.369025,8.575025,3.469906,0.000000,0.000000,0.000000,0.000000,0.000000,4.108213,0.000000
0.000000,0.000000,1.478447,0.000000,0.000000,3.967377,0.000000,3.676538,3.104853,8.495012,0.000000
4.473568,0.000000,0.000000,3.134161,0.014974,0.000000,0.000000,0.000000,10.054639,0.000000,0.141634
3.512393,6.956288,0.000000,0.000000,0.000000,0.000000,12.138274,0.000000,3.046395,1.141257,0.000000
0.000000,0.000000,2.522368,3.629976,0.000000,6.001689,5.366664,0.000000,2.786974,0.068988,0.000000
1.243398,1.547492,0.000000,4.516561,0.000000,17.018446,1.069996,0.436955,0.777761,2.589027,6.856708
0.000000,0.000000,1.315081,0.000000,0.000000,0.587094,4.950548,1.690082,3.744481,0.000000,0.000000
0.340929,5.118136,0.000000,3.766951,0.000000,0.000000,0.718348,1.753054,0.000000,0.000000,0.000000
1.644950,0.000000,3.028702,2.645219,6.198827,6.999777,14.194449,15.771689,0.000000,1.125468,1.552871
0.243698,1.045209,3.060563,0.437102,0.000000,0.000000,0.851293,7.002119,3.621843,2.597376,0.000000
0.000000,0.000000,2.088961,11.217688,5.108675,0.000000,3.788894,0.000000,8.743051,3.528196,13.011505
0.000000,0.000000,2.284759,3.076913,0.000000,0.788376,0.000000,0.000000,2.734283,0.955352,0.000000
1.484124,0.000000,0.184872,0.729070,1.943058,0.000000,0.000000,1.574646,0.000000,1.494038,0.000000
2.223041,1.820086,1.167146,1.034865,2.014722,2.088375,3.970233,0.263202,4.277914,1.949241,0.000000
0.000000,10.391401,1.770095,3.575412,1.868999,0.000000,1.493743,0.950493,4.090320,6.425416,2.634023
2.973471,6.818946,0.000000,2.356239,4.441241,5.052237,12.019277,0.000000,0.216347,3.106105,0.892246
0.892110,0.644413,0.000000,10.953428,0.000000,0.863439,0.136534,0.000000,0.000000,0.000000,0.000000
0.000000,0.000000,4.741639,0.000000,3.668363,2.609557,0.000000,1.123730,0.981810,6.172655,0.000000
11.738665,3.023802,0.000000,4.474499,1.243056,3.282316,0.000000,1.161167,0.000000,0.000000,7.922551
0.000000,0.776845,1.228407,0.000000,0.000000,2.862455,0.416429,1.324830,0.000000,0.000000,0.000000
1.996348,0.000000,1.300338,0.000000,0.000000,0.000000,3.039007,8.117303,0.000000,3.463665,0.000000
6.196581,0.000000,0.000000,0.000000,0.000000,0.000000,0.249039,2.433147,0.000000,0.000000,0.000000
0.000000,1.449352,3.998297,0.000000,0.000000,5.207557,1.901612,7.338826,0.000000,0.000000,2.299476
9.727750,0.000000,4.643349,4.291738,12.808510,0.000000,2.536430,0.000000,10.578223,0.000000,20.242608
0.000000,0.000000,0.000000,0.000000,0.000000,6.238665,4.257642,4.900719,0.175099,4.126219,0.000000
0.632358,0.000000,3.259954,4.082695,1.764155,0.000000,0.000000,0.000000,2.551506,5.835442,1.787929
0.000000,0.000000,0.889025,0.233427,0.000000,2.743248,0.873519,0.586190,0.000000,0.000000,0.000000
1.119261,1.608322,0.000000,0.000000,0.000000,8.902487,0.000000,1.118258,1.117076,0.000000,0.000000
2.990631,5.739880,0.000000,0.000000,2.975958,0.000000,4.800090,0.000000,0.068958,1.475242,0.145203
4.421618,0.000000,1.873229,0.860824,4.007603,3.349936,0.000000,0.000000,5.065053,3.355082,3.773948
0.000000,0.000000,0.623124,1.156945,5.962087,0.000000,27.503076,0.000000,6.464603,0.000000,0.000000
1.371724,0.000000,1.259114,4.653846,3.688319,0.000000,0.000000,0.000000,3.937735,0.317430,0.000000
0.000000,0.281010,0.396976,2.719713,0.000000,0.000000,1.277137,1.015602,0.973475,0.000000,1.264748
0.065633,4.106951,0.761270,2.202523,0.000000,0.994842,5.776014,0.000000,0.000000,0.000000,0.000000
0.000000,0.475354,10.607466,9.322806,10.450523,1.662082,0.000000,3.599572,5.164894,0.000000,1.101815
0.000000,3.173344,5.666241,1.565505,0.000000,0.000000,4.398726,0.000000,0.000000,0.000000,0.000000
0.000000,1.298543,4.448410,0.000000,0.000000,0.000000,0.000000,0.000000,0.000000,0.000000,5.242460
0.000000,0.000000,2.433573,0.000000,0.000000,1.644189,0.000000,1.049705,0.000000,0.000000,0.000000
0.573973,0.000000,0.000000,2.353341,0.000000,0.000000,0.000000,0.000000,0.130344,0.000000,0.778391
0.000000,0.000000,0.000000,0.000000,4.251568,5.510301,0.000000,0.000000,0.000000,0.000000,4.104326
0.000000,0.470272,0.062272,1.429934,0.000000,0.000000,1.029129,1.041368,0.530368,0.000000,4.764648
0.448902,0.000000,0.000000,14.348401,2.727670,0.000000,0.000000,5.650101,1.780828,0.000000,4.005035
0.000000,0.000000,0.000000,2.762861,6.658502,0.801242,0.000000,11.275310,1.946724,0.000000,0.000000
4.919050,2.709956,0.798017,0.000000,0.568458,0.000000,0.000000,1.787986,2.640318,1.093510,0.123897
0.000000,7.603987,4.050704,0.000000,1.669057,1.844752,0.000000,1.488547,0.000000,0.000000,0.000000
7.715070,4.553931,0.375376,0.958569,16.024241,2.336888,7.077913,0.000000,0.000000,0.896408,0.000000
0.590788,1.197635,0.000000,1.758121,0.000000,4.582686,1.168943,0.000000,2.896673,9.823897,0.141375
0.680385,0.570251,2.548569,0.000000,0.000000,1.101169,0.000000,0.000000,4.845170,4.140213,0.000000
0.000000,0.000000,0.000000,2.487284,7.108918,0.000000,0.929753,0.000000,0.000000,0.000000,10.644193
4.150464,0.000000,0.000000,0.000000,0.000000,0.000000,0.000000,1.766268,0.000000,0.000000,5.644245
0.000000,2.489031,2.488460,1.846176,0.005271,0.000000,0.000000,3.689645,0.000000,0.000000,4.180358
10.763502,0.000000,0.000000,0.000000,0.937619,6.512483,0.000000,0.000000,3.077073,0.000000,2.153588
0.000000,0.000000,1.187543,15.973864,0.000000,3.063019,0.000000,4.525814,0.000000,0.000000,11.249561
0.000000,3.556673,2.280111,0.000000,0.167849,1.774264,0.000000,14.909584,3.571920,0.000000,0.000000
7.112174,2.551379,2.193743,0.000000,5.567752,0.918028,0.000000,0.000000,0.000000,0.000000,0.246156
2.103336,4.059595,0.000000,3.152121,0.000000,10.902885,3.966391,0.454941,0.000000,1.128762,0.155392
9.957637,0.000000,0.000000,0.000000,0.000000,0.000000,4.028430,0.000000,1.849252,5.818073,2.564229
3.299932,0.181641,0.742416,1.168331,0.000000,0.000000,0.000000,0.728621,1.077870,0.000000,0.924138
0.000000,0.627258,0.000000,0.000000,0.558349,1.858648,0.000000,2.771423,1.183310,2.859744,2.004648
0.191981,2.134518,0.000000,0.000000,0.000000,0.000000,0.000000,6.665254,0.000000,1.278246,1.178065
0.000000,0.000000,3.798571,5.013355,5.844767,0.000000,3.450729,7.353915,0.000000,0.000000,0.400885
0.843237,0.033592,0.000000,4.117288,4.044133,5.104825,5.115976,0.000000,0.000000,2.196703,11.655873
0.000000,0.000000,0.000000,5.657195,0.000000,2.661123,0.000000,0.920932,9.539196,1.764204,0.497648
1.511947,4.433034,0.000000,0.000000,2.635914,0.000000,0.000000,0.000000,1.951213,0.000000,6.833172
0.626854,0.000000,0.000000,7.519927,3.989544,2.724820,1.344205,1.104665,1.672333,2.358359,2.328711
0.000000,0.000000,3.392312,4.775509,0.000000,0.547494,2.198533,2.115460,1.268952,3.454904,0.917000
3.272030,1.590838,0.184365,1.557767,0.000000,0.346836,2.734335,0.000000,6.894159,0.000000,4.586639
2.479644,0.000000,0.000000,2.609251,1.306820,2.113510,0.000000,0.593253,0.000000,0.000000,0.000000
0.000000,1.559760,0.000000,0.000000,1.643341,0.000000,3.419901,6.836791,0.000000,0.000000,0.000000
0.000000,0.020366,4.208859,2.219611,0.000000,0.000000,0.378245,2.908657,0.560918,8.138828,0.000000
1.476304,6.908201,3.242833,2.169921,0.000000,0.000000,0.000000,15.385592,7.690380,0.000000,0.000000
2.378411,1.562548,0.000000,4.395984,0.277751,7.604211,1.337660,0.000000,0.000000,0.000000,2.586915
0.000000,0.000000,0.769305,0.000000,0.000000,0.000000,0.175710,4.029760,0.000000,0.307586,0.000000
1.861099,0.592601,0.000000,0.000000,0.000000,0.000000,0.000000,0.352557,0.000000,3.829273,0.000000
0.000000,0.000000,0.577059,0.000000,3.206337,0.661268,0.000000,1.582265,0.000000,4.871793,2.566610
5.630288,0.000000,2.708242,0.000000,0.000000,0.000000,0.000000,1.661020,4.658875,1.048058,0.000000
5.456707,0.000000,9.606920,3.409321,0.000000,0.000000,0.000000,0.371130,4.483261,0.381296,9.598276
0.971929,0.000000,0.000000,2.195127,3.445849,0.000000,4.634126,0.918548,3.903915,0.000000,0.000000
1.455074,0.000000,7.387160,0.000000,3.320621,0.000000,2.918666,0.000000,0.000000,0.412423,2.855021
1.476298,1.198045,0.000000,4.045482,0.091616,0.000000,4.635094,2.389091,1.334664,0.000000,2.121377
0.367404,0.304749,0.513721,6.676788,0.000000,0.660921,3.636676,1.505297,0.583250,2.363964,4.900114
2.905805,1.907529,0.000000,0.000000,0.000000,0.490430,0.000000,0.000000,4.700469,0.000000,0.960236
1.437157,0.000000,7.616971,0.996004,0.000000,2.792089,0.000000,1.124585,2.393920,0.038736,0.370746
0.000000,2.122486,3.299379,0.000000,0.000000,0.775222,6.060574,0.549763,0.000000,0.000000,0.583570
0.000000,14.179743,0.000000,0.000000,4.594154,0.855021,0.000000,0.000000,5.014184,0.000000,2.342121
0.000000,1.546920,0.843033,0.000000,0.000000,2.368482,2.004983,2.953290,0.000000,0.000000,0.000000
0.285997,1.992809,0.000000,1.710579,0.000000,0.000000,0.911284,0.000000,0.000000,0.000000,5.350786
0.000000,0.000000,0.000000,0.000000,0.000000,0.647535,0.000000,7.563633,9.776410,1.969554,0.000000
1.200284,0.000000,1.476315,1.784963,0.931387,0.000000,0.000000,5.862976,0.000000,1.160078,1.582294
1.921842,4.767111,0.000000,2.550326,2.576543,10.367948,2.233669,0.000000,0.000000,0.000000,3.405718
0.000000,0.891844,0.000000,8.318182,2.147264,11.814409,4.375677,1.088219,0.000000,0.000000,2.137663
7.232027,0.000000,0.000000,0.219056,0.543740,0.000000,0.000000,0.000000,0.000000,0.129025,0.000000
1.087855,2.417305,0.000000,0.000000,0.238344,3.155394,0.000000,0.312474,0.000000,0.000000,0.096904
3.644196,1.329297,4.800138,1.214967,4.160247,0.000000,0.000000,0.541502,0.000000,0.000000,0.000000
3.599075,0.000000,0.000000,6.392351,2.780380,0.984716,4.317247,0.000000,4.031010,0.000000,1.713120
0.000000,3.552566,1.737920,4.284020,0.799188,0.000000,0.450551,0.000000,2.095059,0.268122,2.896968
0.000000,0.000000,0.605163,4.954472,2.026755,0.000000,1.269098,2.659065,1.114525,0.000000,7.665365
1.271163,0.600797,5.676252,3.047633,0.000000,0.568623,8.294981,0.000000,0.000000,0.600747,6.130334
1.923120,0.000000,0.000000,0.660560,2.004442,3.000341,1.483101,0.000000,0.000000,0.000000,0.376248
0.000000,0.000000,0.000000,11.999036,0.000000,0.954608,0.000000,0.000000,0.000000,0.000000,2.861256
5.860039,0.000000,0.928881,0.000000,0.000000,11.970795,0.553355,0.000000,0.000000,0.000000,0.000000
0.538514,0.000000,5.440498,0.000000,0.000000,2.053434,1.396291,0.000000,9.836541,0.000000,1.837443
0.000000,7.233642,5.133443,0.656707,0.000000,8.293100,19.788203,1.271591,6.577003,0.000000,2.308605
0.000000,0.000000,0.000000,2.491926,0.000000,0.000000,12.551482,3.643937,0.567635,8.086788,7.834104
2.983740,5.152234,4.729430,1.794649,2.985215,0.000000,0.000000,0.000000,1.807057,0.000000,0.000000
0.000000,0.000000,0.145462,0.000000,0.000756,2.966673,0.000000,3.559865,0.000000,0.000000,2.303119
0.607006,0.992365,0.425812,0.000000,8.957565,2.786278,0.074139,0.719021,0.000000,0.527674,0.000000
2.906612,5.224925,1.317408,0.000000,2.709357,3.057741,0.000000,6.262042,0.000000,4.631451,0.950988
3.349835,0.000000,3.487347,0.246116,0.000000,0.000000,0.000000,4.636700,0.000000,1.716020,2.734082
1.604981,0.000000,0.000000,0.000000,0.310523,14.968898,1.017964,5.962422,0.000000,2.234325,0.924246
10.942014,0.000000,5.212108,8.587327,0.000000,3.519355,2.703212,1.068873,0.000000,0.000000,0.000000
0.000000,0.000000,0.000000,0.000000,0.000000,0.000000,0.000000,8.602737,0.000000,0.000000,0.526364
0.000000,0.000000,1.502291,0.000000,0.619422,1.252755,1.548959,1.344167,3.451144,0.000000,0.000000
0.000000,1.832449,7.294087,0.000000,8.522527,0.576595,0.000000,2.853875,0.000000,0.000000,0.851615
0.726897,0.000000,0.000000,6.914480,0.000000,0.000000,0.000000,3.881382,0.000000,0.000000,11.011617
0.000000,0.284111,0.000000,0.000000,2.313565,0.000000,0.239813,0.782760,0.000000,2.980970,0.000000
1.554524,3.426249,7.955752,13.149475,4.765221,3.144513,0.000000,0.000000,0.000000,0.000000,4.147627
0.723945,4.054523,7.297227,0.000000,1.165595,1.586851,0.007831,0.624117,0.000000,4.913375,9.703037
0.080818,0.000000,0.000000,0.000000,0.000000,0.000000,9.370654,0.000000,3.239394,2.062826,3.582758
0.218986,6.990398,0.000000,4.863658,0.000000,2.086104,1.219712,5.773286,0.000000,3.337872,7.264399
4.065108,0.992751,0.000000,0.000000,0.000000,3.721535,2.753303,9.064037,0.938159,2.042070,0.342577
0.000000,0.000000,1.261343,8.235383,0.000000,2.220388,0.000000,0.000000,0.000000,7.958193,0.000000
0.000000,1.852716,5.118752,4.214902,1.817246,1.907223,0.771955,0.974090,7.290019,0.000000,5.413316
0.000000,0.000000,1.373265,6.696930,5.060307,2.487749,1.907083,0.000000,0.776393,2.158452,1.216044
3.498368,0.000000,1.402104,0.000000,1.877558,1.147853,0.361170,5.969159,1.227239,0.000000,0.000000
0.000000,0.000000,0.000000,0.000000,0.000000,2.524511,0.253013,5.019429,0.000000,0.000000,0.000000
0.000000,3.055913,0.000000,0.000000,0.000000,0.000000,3.217168,7.901995,0.000000,1.180747,0.426533
0.000000,5.952406,1.290678,5.522167,0.677976,1.281866,0.000000,0.000000,6.618810,3.560168,0.000000
0.000000,0.000000,1.094956,5.618874,9.249390,0.268780,0.000000,0.000000,0.000000,0.000000,0.000000
0.951878,0.777535,3.918839,9.821926,6.015672,0.007926,0.000000,4.751006,0.000000,3.036178,0.000000
15.366284,0.170473,0.000000,0.000000,0.375312,5.068273,5.381672,1.062900,0.000000,0.000000,0.000000
0.000000,8.083248,1.316408,0.000000,1.751595,3.215996,3.611418,0.000000,4.131164,5.358055,0.765432
0.000000,7.195599,2.562283,5.003479,0.000000,0.000000,0.352734,13.285460,0.000000,0.000000,0.000000
2.381428,12.506959,0.000000,0.000000,5.238691,0.000000,4.049772,3.559354,0.516314,6.359339,0.000000
1.566273,0.000000,2.562482,0.000000,0.000000,0.696167,0.907720,2.501203,0.000000,26.187657,0.000000
0.000000,5.520154,11.916058,8.257492,0.000000,1.363569,0.000000,1.903091,9.984177,7.223243,2.642627
0.000000,0.000000,2.885344,5.746083,3.171694,0.000000,0.000000,0.971599,23.492645,8.258856,1.632824
0.000000,0.000000,6.184447,3.165327,8.619843,3.547831,0.000000,0.000000,3.270205,1.010343,0.000000
0.000000,0.000000,0.000000,14.657723,0.000000,0.000000,11.139721,0.000000,3.518985,1.561315,2.136567
0.959140,3.077181,0.000000,7.198730,0.677262,2.967942,0.000000,3.433866,1.695696,0.533496,0.000000
0.000000,1.044994,0.426578,0.289347,7.486587,0.000000,0.216979,3.365066,1.537491,0.000000,0.000000
0.000000,0.000000,10.397116,0.000000,3.770454,0.085366,8.010022,0.000000,3.024164,2.522558,7.353307
0.000000,0.000000,6.155788,0.000000,0.000000,1.150068,0.000000,0.000000,0.809972,0.000000,0.893317
0.000000,2.394090,0.000000,5.855020,0.000000,12.392314,0.000000,0.000000,0.535210,0.000000,0.000000
0.000000,6.137562,0.000000,0.000000,0.000000,0.000000,7.203256,0.000000,0.000000,19.492776,6.733461
0.000000,7.127212,0.000000,7.129799,0.000000,0.000000,3.405699,1.181100,0.000000,4.776363,1.548184
0.000000,0.000000,0.000000,0.118245,4.712299,0.321894,0.000000,2.897323,1.920399,0.000000,0.000000
3.093574,1.939814,2.246445,5.068757,1.561241,0.000000,5.603202,0.347045,0.753862,1.057352,0.000000
3.306468,0.000000,8.276247,2.598098,0.000000,0.000000,1.515241,0.000000,0.000000,0.000000,4.312292
4.612755,9.499116,1.105136,0.060009,0.000000,2.148215,0.345774,0.000000,0.481168,0.000000,0.983601
0.000000,0.000000,3.158579,0.235627,1.407229,0.000000,0.598544,3.418792,1.527296,2.147709,0.000000
0.000000,2.298148,0.000000,0.000000,3.045111,0.000000,3.636803,0.000000,2.878048,2.531127,4.424558
5.263924,2.639495,0.000000,11.652014,0.000000,0.000000,7.523211,0.000000,0.000000,4.165456,0.412688
0.000000,0.000000,0.000000,0.000000,0.000000,0.000000,9.232662,0.000000,0.000000,0.000000,7.699389
0.000000,0.000000,15.573768,1.274310,0.000000,0.916513,5.746375,11.139187,0.000000,10.371918,5.078400
0.000000,14.169697,3.439735,0.000000,2.041346,0.000000,0.000000,0.000000,0.000000,13.365040,0.000000
9.291553,2.723997,3.097750,3.470258,0.000000,1.405930,2.028548,2.076807,0.000000,0.000000,5.272839
3.025460,0.000000,7.402390,0.000000,3.530410,0.432989,3.044430,0.000000,0.000000,0.000000,1.780112
2.152650,5.003673,1.561688,2.774469,1.920892,0.000000,0.000000,6.613194,0.000000,0.000000,2.543606
1.843849,1.182474,6.654042,0.000000,0.000000,0.000000,5.711411,1.859428,8.434548,5.390116,0.000000
0.000000,4.371393,0.000000,0.000000,0.000000,0.000000,0.000000,0.000000,11.522315,9.305846,0.053600
3.500028,8.308118,4.369781,2.496304,0.000000,2.394721,0.000000,0.862525,0.000000,18.669020,0.000000
0.000000,1.388162,0.000000,5.791585,0.000000,0.000000,0.931678,4.499912,0.000000,0.000000,0.000000
12.518404,4.666692,1.543275,6.196971,3.817242,6.391993,2.608106,11.544917,0.000000,4.510955,0.514763
5.571984,5.516859,0.000000,0.000000,0.556551,0.000000,2.855227,1.318223,3.461755,0.000000,0.000000
0.000000,0.000000,2.919507,0.000000,4.877940,8.323994,0.000000,1.965269,0.764353,0.000000,8.896608
0.179684,0.000000,0.000000,0.000000,1.984257,0.000000,2.200319,0.115777,0.000000,4.163388,2.537077
6.303918,0.000000,0.000000,0.169950,6.384179,0.000000,5.270191,4.869979,1.939347,0.000000,0.000000
0.000000,1.766841,2.182184,2.004528,0.000000,1.207652,1.522361,4.085334,0.442116,6.357051,0.000000
0.000000,0.000000,8.785505,10.596955,7.011247,1.511308,0.000000,0.000000,2.980095,10.192723,6.068096
5.315327,2.409798,0.000000,6.665182,0.751342,1.152488,1.072255,0.000000,0.000000,2.907329,0.000000
7.400439,0.000000,0.000000,2.820462,0.000000,0.000000,2.560185,9.690540,11.307931,0.000000,2.812903
3.921194,0.000000,0.000000,0.000000,0.000000,0.000000,0.952915,0.000000,0.249745,0.000000,8.293905
4.567400,0.000000,11.498550,5.259323,15.465665,0.000000,5.721243,0.000000,0.000000,0.000000,8.672285
5.943382,0.000000,4.763156,2.826177,0.000000,0.000000,0.000000,1.228735,0.000000,0.000000,0.000000
0.000000,12.144413,10.339435,6.097218,2.683322,0.000000,0.000000,4.018107,2.536453,0.000000,3.632571
7.936247,10.008309,1.041183,5.169198,0.000000,4.646985,0.000000,0.000000,0.000000,1.248992,0.000000
8.656984,3.792418,5.640158,0.000000,1.984760,3.954263,0.000000,0.000000,5.573664,4.455440,0.000000
0.000000,0.000000,1.921051,5.266853,4.020689,3.037857,0.682182,0.000000,0.185617,0.000000,0.000000
6.379748,1.030840,11.855941,6.287436,5.407872,4.357183,0.278486,0.000000,1.494084,0.083028,1.093631
5.448236,12.170665,8.171179,0.000000,1.649847,6.235871,0.000000,0.000000,10.346000,0.000000,0.000000
11.719224,0.000000,0.000000,0.000000,0.000000,0.471002,0.098006,0.366321,0.000000,0.000000,1.399741
6.462111,12.214249,5.215691,7.990162,2.689758,0.242938,3.152215,0.000000,9.534642,1.661835,0.000000
6.250305,0.000000,0.420215,14.639007,0.740910,0.000000,0.000000,1.747028,12.057083,3.467478,0.000000
4.891499,0.000000,3.208941,18.972479,0.964165,0.000000,6.911442,0.000000,0.480570,0.000000,0.000000
0.000000,0.811434,18.599040,0.000000,3.192862,6.908136,0.000000,0.000000,4.950573,1.616284,0.000000
2.977560,0.823377,0.000000,0.503864,0.000000,0.000000,0.000000,0.047165,0.000000,2.228012,25.154112
16.057445,2.717378,8.003401,0.000000,0.000000,0.000000,9.533651,0.000000,0.000000,0.000000,0.000000
6.008790,0.088264,0.000000,0.388617,4.955036,0.000000,0.928962,0.000000,2.241959,3.459385,1.440603
0.139791,0.181541,19.113059,4.150062,0.000000,3.259728,0.000000,15.250392,0.000000,0.000000,6.811029
3.834476,0.000000,1.006963,15.410095,0.000000,0.000000,0.000000,11.920170,0.000000,5.327555,0.000000
0.000000,0.000000,0.000000,0.000000,0.000000,0.000000,6.010792,0.000000,3.658169,0.000000,0.000000
0.000000,0.429597,3.325371,2.055537,0.000000,3.085328,0.000000,8.864868,0.000000,0.000000,0.000000
3.876760,0.000000,5.850033,0.604128,0.000000,0.000000,0.000000,1.446268,0.000000,0.000000,0.905769
0.000000,0.000000,5.223849,0.000000,14.051691,12.585746,2.099143,0.000000,35.391896,6.007964,0.000000
0.000000,0.000000,4.656358,7.337459,0.000000,0.000000,1.078617,0.000000,0.000000,0.000000,3.361122
11.333302,25.637874,2.600720,0.000000,19.432153,0.000000,0.000000,1.796877,3.466075,6.727420,0.132392
0.000000,1.319955,5.156751,1.396232,0.984560,0.000000,0.000000,3.393501,0.000000,0.000000,0.000000
5.922734,1.309815,2.799724,11.901705,0.000000,0.000000,8.209552,0.000000,0.000000,0.752409,0.000000
1.490084,0.000000,1.727585,11.283458,0.000000,0.183114,11.879931,9.801580,19.174637,15.794922,2.506670
0.000000,0.490466,0.000000,8.681981,5.642353,0.000000,0.000000,0.000000,7.624204,1.132847,4.066198
0.962037,7.988543,0.000000,11.642601,10.048536,0.000000,5.680634,0.000000,1.022662,2.988395,3.089206
9.798289,7.190148,0.000000,0.000000,5.188312,9.383681,1.720281,16.157764,0.000000,0.000000,0.000000
0.632096,8.739731,0.000000,8.699784,11.989024,23.127755,0.000000,5.273388,1.983291,0.000000,0.000000
5.024739,11.036674,0.000000,21.505289,0.000000,4.755334,0.000000,10.428905,4.718485,0.834726,1.018202
4.794384,0.000000,0.000000,8.143636,22.138607,0.000000,7.985923,3.079918,9.961315,0.000000,0.000000
0.000000,0.000000,0.000000,0.000000,9.516911,0.000000,0.000000,0.159765,12.016573,0.000000,11.658897
1.775572,0.000000,2.568472,9.194214,0.000000,0.000000,0.616939,0.000000,6.490350,0.000000,11.098733
10.307588,32.163846,25.865224,8.884794,5.567118,15.284628,1.663355,0.000000,0.000000,0.000000,0.000000
21.082025,0.000000,11.832139,0.048883,0.867859,0.000000,7.074749,2.164768,0.000000,0.194716,9.013677
0.000000,4.747281,0.000000,0.000000,2.469277,0.000000,2.269204,0.000000,2.123696,6.235634,4.159899
2.894143,0.000000,4.729560,9.956443,14.908668,0.000000,0.000000,0.000000,2.037016,0.665239,0.000000
0.000000,0.000000,0.000000,0.000000,0.000000,0.000000,28.333170,0.000000,0.000000,0.000000,0.000000
3.287706,0.993216,1.466095,0.709133,0.000000,3.024627,5.040017,0.000000,1.795821,23.133085,5.851557
10.679872,0.000000,11.816463,3.553762,0.000000,2.621674,28.045979,1.018332,4.722990,7.621912,8.560548
0.000000,0.000000,0.000000,6.535387,1.194011,2.791120,7.858939,1.674338,9.231364,3.909193,3.755775
5.046980,4.167273,3.732817,2.841846,6.821406,0.000000,1.548885,0.000000,0.607209,8.142562,0.000000
0.000000,6.412994,0.000000,0.000000,0.000000,0.523108,0.000000,0.595221,2.775828,17.356726,19.453069
12.195869,0.000000,0.121529,0.000000,1.810215,1.553528,10.945914,4.774151,2.616202,4.745767,4.479468
11.718552,1.016189,1.216823,3.070358,1.710625,5.440932,12.808321,0.000000,0.446670,3.396439,0.000000
10.502375,0.000000,0.000000,34.752941,12.413972,30.375289,5.161655,1.138121,9.398708,9.969862,7.377332
2.187195,10.595060,0.000000,2.836271,0.000000,4.109493,4.816143,11.891956,3.460895,9.635160,0.629841
2.965677,0.000000,2.462095,11.248770,0.000000,1.820993,8.362147,1.810005,0.000000,5.275337,12.940954
0.000000,0.000000,1.455638,1.704133,9.118276,0.000000,3.014354,5.613576,0.000000,5.108859,0.000000
2.951740,0.000000,0.000000,8.724605,0.000000,8.108357,0.000000,0.000000,0.000000,0.000000,0.000000
0.000000,13.178085,0.000000,0.619446,0.271891,0.000000,1.589211,0.000000,0.000000,1.157526,0.000000
0.000000,0.000000,2.564663,0.000000,0.622592,0.000000,0.337885,0.000000,4.075547,1.145359,0.000000
8.025826,0.000000,0.000000,0.000000,10.410415,0.000000,0.810887,0.000000,1.364137,0.000000,0.224727
0.000000,1.552118,6.379478,0.000000,3.221607,0.000000,0.000000,2.264973,0.677789,9.491956,0.000000
17.515250,0.000000,0.000000,0.000000,10.949260,4.805416,1.349988,4.908871,5.974371,0.000000,0.000000
0.000000,1.652135,0.000000,2.625118,0.000000,0.000000,2.834977,5.458629,3.433830,12.393365,0.000000
4.105325,2.777691,0.000000,1.463757,23.772787,4.562168,4.926927,0.000000,7.225597,0.000000,0.000000
0.000000,3.993140,0.000000,0.000000,5.039347,0.000000,7.624010,14.339473,0.000000,5.525852,2.586361
0.000000,0.000000,11.161770,22.306364,0.000000,0.000000,0.000000,0.000000,14.426171,0.000000,1.900185
0.000000,0.000000,4.189025,0.000000,3.606652,2.279874,0.778910,7.570891,8.554323,0.000000,3.904279
0.000000,2.809243,5.621989,0.000000,0.000000,10.662112,0.000000,0.000000,9.135284,0.000000,13.322340
4.559830,3.474318,0.000000,0.000000,6.675004,3.903624,11.882135,6.819951,3.195315,0.000000,0.000000
0.000000,0.000000,20.207917,11.120555,14.688606,0.000000,8.866588,3.240761,3.773630,0.000000,10.434955
0.000000,1.504748,0.000000,5.063711,13.942664,0.000000,0.000000,0.000000,4.566608,0.899542,0.000000
0.000000,13.360157,1.513962,9.607265,7.556738,0.000000,1.688376,0.000000,0.000000,0.000000,1.931999
0.359691,4.219011,0.000000,4.739359,0.000000,2.093731,9.521402,0.000000,3.085163,1.492972,3.935084
4.698567,0.000000,0.029776,10.286043,2.627659,0.000000,0.000000,6.975897,1.234384,3.824159,1.341972
0.000000,0.000000,0.474783,1.075318,0.000000,2.408071,0.000000,0.000000,2.177761,0.000000,8.359797
0.000000,3.382882,0.000000,5.593928,0.000000,0.000000,0.000000,0.000000,0.000000,0.000000,12.487750
0.000000,0.000000,0.000000,0.000000,2.765181,9.426909,0.000000,0.000000,4.182128,0.000000,0.000000
2.264601,1.051588,9.132104,3.940704,0.000000,12.224154,0.374899,0.000000,0.000000,0.000000,0.000000
0.000000,1.953783,0.321238,0.965299,19.623090,0.000000,0.000000,0.000000,0.000000,0.000000,0.000000
0.000000,0.000000,0.000000,0.000000,2.319134,3.855481,0.000000,12.811564,5.070368,2.106792,4.109197
0.000000,3.177429,17.468177,0.000000,8.586677,3.383590,0.000000,0.000000,0.000000,1.863910,3.520969
0.000000,14.452998,15.684775,4.680993,5.919325,1.128367,0.000000,0.000000,5.711409,6.435176,13.937522
3.183292,0.000000,1.657776,0.000000,0.000000,0.585956,0.000000,0.000000,0.000000,0.000000,1.695208
10.932725,0.000000,0.000000,4.063623,1.161934,0.000000,0.000000,4.596425,0.000000,0.000000,0.000000
0.000000,0.000000,0.000000,0.000000,10.875493,0.000000,15.253252,0.000000,0.000000,2.933986,0.000000
9.040439,1.029836,1.095363,0.000000,1.168112,5.098894,6.219686,0.468646,8.796299,0.474593,2.040258
0.000000,0.000000,2.322148,0.000000,0.000000,4.104103,1.527298,7.206167,0.000000,0.000000,0.000000
0.000000,0.000000,0.000000,0.000000,7.436353,2.179061,2.557856,0.000000,11.093492,0.000000,0.000000
0.000000,0.000000,0.000000,0.000000,5.028262,0.000000,4.707563,11.423686,0.000000,5.035375,0.000000
1.351704,0.570130,2.890642,0.000000,0.000000,0.000000,0.000000,0.000000,0.000000,0.000000,8.106959
1.423950,0.000000,0.000000,0.000000,7.707017,4.156664,0.000000,0.000000,0.000000,1.708998,0.000000
0.963975,0.000000,0.582359,0.000000,0.000000,0.000000,7.423818,0.137880,2.047235,6.832326,0.000000
5.904215,0.000000,9.325012,0.000000,0.000000,0.000000,0.000000,0.000000,1.861071,7.490504,0.000000
4.762078,0.000000,0.000000,0.373213,0.000000,1.778526,0.000000,14.469729,10.998886,5.795988,0.000000
2.415603,6.168163,0.286630,3.459492,8.178249,1.350524,5.705858,0.000000,4.324089,3.042627,0.000000
0.000000,0.000000,1.614853,1.649668,8.992849,0.000000,0.000000,5.654395,0.000000,0.000000,0.000000
5.582622,0.000000,5.520089,0.000000,0.000000,0.000000,0.000000,8.279661,26.123169,0.439293,26.390227
5.379196,1.042790,0.000000,0.000000,0.101980,0.585298,0.000000,8.929647,0.000000,6.969341,0.000000
0.000000,4.659158,5.688651,2.629974,1.648825,1.394030,20.781025,0.000000,3.026111,2.567361,2.103810
0.000000,3.890178,0.000000,2.690311,3.001003,0.000000,2.051973,7.515432,12.097631,0.000000,4.406848
1.427030,0.000000,0.000000,1.208937,0.000000,0.000000,0.369558,13.890586,0.000000,2.978582,0.000000
1.353633,1.413885,1.058934,3.962950,3.392371,4.916197,0.000000,0.000000,0.000000,4.839951,0.000000
8.033754,0.000000,0.000000,0.000000,7.916875,0.000000,4.214328,2.584607,1.708925,0.963078,0.000000
0.000000,1.128959,0.000000,0.000000,2.785756,0.000000,0.000000,0.000000,2.722695,0.000000,5.330703
8.313051,11.361041,5.719351,5.704641,0.000000,5.682807,0.000000,0.445285,0.000000,1.370905,5.793722
3.443126,4.772437,8.475664,0.000000,0.000000,4.457721,2.379054,1.152100,0.141568,13.047479,0.000000
0.000000,0.000000,0.000000,0.000000,0.000000,4.287328,0.000000,0.000000,2.757511,1.819561,2.948159
4.217701,0.000000,0.000000,4.091808,3.640806,0.000000,7.072865,0.000000,0.267755,7.786329,0.689995
2.848477,5.571673,5.508675,3.338697,0.000000,7.413668,0.000000,3.636424,0.839586,0.000000,0.000000
25.167382,3.396607,8.866173,10.821713,6.773581,0.000000,3.175960,7.448071,3.707099,0.000000,0.000000
0.000000,0.000000,0.000000,8.564159,0.000000,0.000000,4.370335,0.492069,12.001741,11.774910,0.000000
0.000000,0.000000,2.624930,2.625019,1.889120,0.000000,7.562203,11.179641,26.673267,2.306464,0.000000
7.599886,0.000000,0.000000,7.717204,0.000000,1.292361,0.183443,0.000000,3.615793,0.000000,1.419635
7.960369,0.000000,1.862244,0.180237,0.218408,0.000000,3.062738,0.000000,0.000000,0.000000,0.734336
1.549441,6.911183,0.000000,6.694815,0.000000,2.446706,1.260646,0.000000,5.815233,9.928789,2.014021
1.596689,2.233432,0.534437,0.000000,0.000000,11.035139,1.457048,5.597966,0.000000,0.000000,4.571667
0.000000,0.000000,0.086358,1.310700,0.000000,3.772592,0.000000,0.000000,0.000000,1.155991,0.000000
0.000000,4.548254,15.027745,1.517455,2.823864,2.319735,9.912218,5.821781,0.000000,2.377742,1.022998
0.000000,12.814723,25.738915,0.000000,0.000000,0.000000,0.000000,0.000000,0.000000,1.766180,4.523739
0.132061,0.000000,0.326904,0.000000,2.561790,9.636588,0.000000,0.000000,0.540371,0.000000,3.651532
22.584285,1.096017,0.000000,0.000000,0.988153,5.489744,14.280447,5.211174,4.846400,0.000000,0.000000
2.879138,0.000000,0.000000,0.720779,20.355272,15.080827,0.000000,0.000000,8.635369,3.055496,13.772722
3.984925,3.832494,0.033282,0.000000,11.337963,0.000000,0.000000,0.000000,0.000000,19.963254,15.686105
18.935730,0.000000,7.803095,1.567038,3.272478,0.000000,12.794861,10.910945,0.000000,2.646451,0.000000
4.471212,1.607466,3.555565,5.516656,0.000000,0.572776,1.363939,0.000000,0.000000,6.050338,0.000000
0.742785,0.000000,4.079736,3.773241,0.000000,0.000000,0.904938,6.663970,2.277886,2.577815,0.000000
0.000000,0.599492,0.830908,0.000000,7.799494,10.665530,0.000000,1.678638,0.000000,0.000000,0.000000
0.646194,0.000000,5.997880,0.000000,1.318855,1.172263,6.036345,5.172936,0.000000,0.000000,13.012729
17.289919,0.000000,6.340492,0.000000,0.090842,0.000000,0.000000,0.000000,0.000000,0.000000,0.000000
2.253278,0.000000,0.000000,0.000000,1.261779,0.788939,9.563115,3.872697,0.000000,5.597978,0.597533
0.000000,1.596534,3.241077,0.000000,0.000000,6.167937,0.000000,0.418814,0.000000,0.000000,0.000000
7.328710,0.000000,5.831376,0.000000,9.960448,5.395821,1.938878,6.729163,0.000000,0.000000,13.872550
1.963074,0.000000,21.600493,0.000000,5.998930,0.000000,3.120727,0.000000,3.396300,13.377483,0.863103
0.000000,3.057155,0.000000,0.000000,2.473105,4.229108,2.589780,2.777249,9.202631,2.115109,2.127433
2.013338,1.495703,9.594569,14.665558,0.000000,0.000000,15.524323,0.886345,3.654003,0.000000,0.000000
0.000000,11.833019,0.000000,0.000000,4.771421,11.749128,0.864432,0.000000,2.671342,0.108947,0.000000
0.000000,0.000000,11.457586,0.000000,10.567092,4.784823,4.478363,0.000000,0.898053,6.451343,1.678149
0.000000,3.996488,2.530017,8.634452,0.000000,3.540621,0.000000,0.232725,0.394918,0.000000,1.218489
0.000000,0.000000,0.000000,1.707838,7.390728,3.980151,0.000000,0.000000,3.471552,0.000000,0.000000
0.600976,1.984225,0.000000,1.334618,0.532204,4.623819,0.000000,1.678651,0.000000,3.756077,1.643685
0.000000,2.863373,0.000000,8.687200,0.549223,0.000000,2.503599,1.595073,0.000000,9.992524,3.173308
15.381411,0.000000,0.000000,0.000000,0.000000,3.340653,13.447315,8.960136,0.000000,9.707580,0.816792
4.737410,7.996437,0.085783,0.000000,0.680162,0.000000,0.000000,7.259692,4.013210,0.000000,0.000000
0.000000,5.647973,0.480973,3.480981,0.000000,4.111373,0.000000,0.000000,0.000000,0.000000,19.411132
0.183811,0.569244,10.624795,1.433386,1.760421,0.000000,14.057340,0.182192,8.265514,0.000000,0.000000
2.689826,2.572360,0.000000,0.000000,0.000000,7.252402,0.000000,0.000000,11.867126,0.000000,2.576671
0.000000,4.436476,4.287687,0.000000,0.000000,0.000000,1.999012,0.775371,0.000000,3.357340,0.000000
6.875870,5.374089,0.000000,1.136041,20.378593,3.718941,0.000000,0.000000,1.049578,28.005630,1.190825
0.000000,0.000000,0.000000,0.000000,1.555180,0.699302,0.000000,0.000000,14.730861,0.000000,7.889190
3.376655,5.093359,0.511319,7.210558,0.000000,3.301711,0.000000,0.000000,6.876212,0.000000,0.000000
0.000000,0.000000,8.306621,8.287982,4.837535,0.000000,0.026564,2.783456,1.518054,0.000000,0.000000
4.357880,6.704024,0.000000,1.664591,1.466786,2.200833,1.551845,0.000000,0.829044,0.000000,4.064829
0.832325,0.000000,3.161996,0.000000,0.000000,4.014486,2.436437,4.230843,8.129732,15.659413,0.000000
0.000000,7.101832,2.789638,8.435750,0.586222,0.000000,0.909239,2.964551,0.274058,0.000000,0.000000
0.547491,26.276063,4.742350,0.000000,1.327803,2.504756,3.508680,2.290195,0.000000,0.356473,0.000000
0.000000,0.000000,0.000000,0.000000,0.000000,2.642224,2.589984,3.207785,12.979491,0.000000,0.000000
0.044988,3.781412,0.000000,0.000000,0.693882,1.361082,0.000000,5.471503,0.182227,0.000000,0.000000
5.725447,6.240580,0.000000,0.000000,0.000000,0.000000,0.000000,1.063649,0.000000,0.000000,0.000000
0.000000,0.000000,0.000000,0.000000,6.679682,0.451198,1.314558,0.000000,0.000000,0.000000,1.255456
0.000000,4.542077,6.898909,0.000000,0.783852,0.916775,0.463009,0.000000,6.588610,0.000000,4.907694
0.000000,0.000000,8.813157,0.000000,0.000000,14.619833,9.951195,1.167290,2.436332,0.000000,0.000000
0.000000,0.000000,0.000000,0.000000,1.376435,1.468536,2.471757,0.000000,7.879436,7.140769,3.888785
0.000000,0.000000,0.000000,0.000000,0.000000,0.852333,6.572794,23.511544,0.000000,7.566779,1.170953
0.000000,3.288186,4.380728,8.219747,0.301746,0.000000,0.000000,4.083573,4.567060,0.000000,0.000000
0.000000,0.000000,3.187059,0.000000,0.000000,0.000000,1.262697,1.086934,0.000000,0.000000,0.000000
1.188731,4.662185,0.000000,4.449163,0.000000,0.000000,8.489234,0.582998,0.000000,1.849391,4.447832
0.000000,0.000000,0.000000,0.000000,14.411844,0.526169,0.000000,0.550160,0.000000,0.000000,0.000000
0.000000,1.773061,0.000000,1.731079,10.681811,0.000000,4.407493,0.000000,13.029536,0.000000,2.904479
0.000000,0.000000,0.000000,0.000000,2.687955,0.000000,0.000000,0.000000,0.890852,2.466322,0.564152
1.426003,7.436171,0.000000,15.600315,6.988640,1.274068,0.000000,0.000000,0.000000,1.425598,2.568240
4.781017,5.682552,4.837813,2.852125,0.000000,3.642447,0.355788,3.507187,0.000000,0.000000,9.145108
4.394286,2.636736,2.192307,0.000000,8.906341,0.000000,1.227968,0.000000,2.142164,4.208653,0.000000
0.915383,2.302879,0.068666,0.000000,1.061433,0.000000,0.000000,0.000000,0.000000,9.859134,0.000000
0.848152,0.000000,0.000000,1.333448,5.443208,0.000000,0.000000,0.000000,0.497952,0.071972,5.228252
0.000000,0.000000,0.000000,9.755483,0.000000,0.000000,0.000000,0.000000,0.000000,0.000000,9.466753
9.055735,2.406436,4.380114,0.000000,0.000000,3.798728,0.000000,0.000000,1.034971,0.000000,0.000000
0.000000,0.110559,0.676540,0.152069,1.431068,0.000000,0.000000,3.947363,10.593943,7.388078,6.388570
0.000000,0.000000,0.000000,0.661748,0.000000,0.000000,4.981803,0.000000,8.120447,4.612045,3.612861
10.264884,0.862926,0.000000,0.803132,6.160543,0.000000,0.000000,2.168254,0.000000,0.000000,21.627503
0.000000,10.215939,12.119252,0.000000,1.639554,2.538380,0.000000,0.000000,1.496762,0.000000,5.128290
0.000000,3.527771,3.200495,12.399941,1.671777,1.921348,0.000000,13.645875,4.846947,2.221050,10.223576
0.000000,1.541593,0.129749,3.365474,0.245731,0.000000,0.000000,3.288075,4.461857,3.483646,3.421693
2.731014,0.000000,4.540329,3.062038,2.163610,0.000000,2.624657,0.000000,1.079269,3.687436,0.000000
0.000000,0.000000,3.198866,1.196641,4.380982,4.465076,14.532310,0.000000,0.535622,1.468073,8.820944
3.594330,1.113344,4.316451,0.000000,0.000000,0.000000,16.896365,2.272402,0.000000,8.532565,0.000000
0.000000,0.743158,1.768261,0.356139,5.218243,4.509059,0.987208,0.000000,0.000000,2.517927,5.345789
0.000000,3.273887,2.467091,5.225065,0.000000,0.138037,1.625148,0.000000,5.656616,0.000000,0.094658
1.892953,0.000000,0.000000,7.066293,0.000000,0.000000,5.618522,0.746981,0.000000,4.015531,0.928681
0.398192,0.000000,1.153395,0.000000,0.960699,0.000000,0.000000,0.000000,2.321310,0.000000,2.192374
2.232228,0.281723,0.000000,0.000000,0.000000,0.650087,4.204217,0.000000,6.151901,1.500164,0.000000
6.708573,0.000000,0.000000,0.000000,1.962733,0.162873,1.007425,0.000000,3.637322,4.360459,2.044442
0.000000,2.680708,2.405215,0.000000,5.044542,0.047202,0.000000,3.982611,0.000000,10.291589,0.000000
6.644458,3.471954,0.000000,4.483080,0.000000,3.821526,1.415531,2.828944,0.000000,0.000000,4.740898
0.000000,0.000000,0.000000,0.000000,0.000000,3.140233,11.645725,2.154333,0.000000,1.234982,0.000000
0.553066,0.000000,7.312573,0.000000,4.675692,3.810560,0.000000,9.143502,0.000000,4.940085,0.000000
1.541113,0.473753,0.000000,1.872787,5.159212,0.000000,0.000000,2.641869,7.961377,4.967710,0.000000
0.000000,3.367391,0.000000,0.000000,3.460309,0.000000,0.021925,0.000000,0.638479,0.000000,0.903238
0.000000,0.000000,1.962177,0.201525,0.000000,5.696849,0.000000,0.000000,4.037067,1.769267,0.902230
0.000000,3.726707,0.000000,0.000000,0.098619,2.588360,4.522661,4.147448,0.000000,0.000000,1.928796
0.000000,0.000000,0.149872,3.283612,3.114122,0.503055,0.349543,4.314499,0.745597,0.000000,0.000000
4.057011,0.000000,0.000000,0.703040,1.276710,0.000000,0.000000,0.521688,0.000000,5.618412,0.524361
6.456753,0.000000,4.747552,0.000000,0.000000,0.000000,6.201971,0.000000,17.388522,1.683858,0.000000
2.690744,14.498243,2.434843,0.000000,0.000000,0.000000,0.000000,2.226021,0.000000,0.000000,2.423459
2.303979,2.690168,5.453490,0.000000,9.642607,0.114363,0.512373,0.000000,4.108289,1.342259,20.252684
0.000000,0.000000,0.000000,1.350926,0.000000,3.218741,0.000000,0.000000,1.969834,0.000000,3.449222
0.982272,2.151855,0.000000,0.000000,0.000000,0.000000,3.065367,0.000000,2.671949,0.000000,3.942634
0.000000,0.323462,3.166659,0.000000,3.460362,2.015421,0.000000,7.476519,0.000000,1.987344,8.210108
0.916605,0.760992,0.000000,1.241166,0.000000,2.949549,2.357618,0.000000,4.269873,0.558175,3.418005
1.915042,0.000000,3.370523,0.000000,0.000000,0.000000,1.006457,0.000000,5.152192,0.000000,13.172625
1.090033,0.000000,6.670610,7.174682,0.000000,0.317701,0.811171,1.229939,4.123509,4.562274,2.498199
5.822474,0.000000,0.000000,0.000000,2.440929,0.000000,5.804985,9.233873,0.000000,1.377720,0.767186
5.511642,0.000000,0.000000,0.000000,0.000000,1.813446,0.000000,0.000000,0.000000,0.000000,0.634492
0.000000,0.000000,1.089841,16.432669,0.000000,0.000000,0.000000,1.384201,0.762962,0.000000,2.928253
4.249539,1.850204,1.447692,0.273902,8.993225,0.000000,18.024665,1.578377,0.228703,0.000000,0.000000
0.000000,0.000000,0.000000,1.350880,0.545448,2.506643,5.062722,1.195276,5.632492,2.835880,3.337281
3.253132,0.000000,2.768380,4.220502,0.000000,3.050256,3.925946,0.130188,9.647373,2.044861,2.487324
0.000000,0.000000,0.000000,6.483187,1.030405,5.875088,0.000000,0.000000,7.701022,0.000000,0.000000
0.000000,2.059137,0.000000,0.918276,0.773683,4.628353,1.071622,1.689091,0.000000,0.000000,0.930303
0.000000,1.191402,1.728760,3.023151,4.096345,1.078099,2.895026,7.715402,0.000000,0.000000,0.000000
0.000000,6.341969,0.019926,1.585784,0.384619,0.000000,1.123296,0.000000,0.000000,4.318330,8.049238
0.000000,5.073376,0.225934,0.000000,4.220673,0.000000,5.075225,10.323716,6.252148,0.000000,0.339909
1.583841,0.000000,0.000000,8.546631,0.305012,12.456435,13.708069,3.777285,0.000000,8.413698,4.213332
6.210178,6.930986,7.799074,0.000000,0.000000,8.631279,0.794157,0.000000,2.559682,6.669788,2.982432
4.500772,0.000000,0.000000,0.937097,8.845867,0.000000,2.087616,0.000000,0.000000,0.000000,0.805698
2.354649,0.934699,0.000000,0.000000,0.814899,0.000000,12.433777,0.979128,0.000000,0.000000,0.000000
0.000000,0.000000,0.000000,2.876574,1.206641,0.000000,0.000000,2.004680,0.000000,5.725375,8.712510
0.000000,0.000000,0.426517,0.000000,0.000000,3.918945,4.981369,0.000000,0.582976,0.000000,3.216671
0.849305,2.317937,0.924117,0.000000,0.000000,0.837315,2.338396,9.614520,9.998220,4.277383,2.028879
2.514967,0.606407,8.015532,0.000000,1.736583,0.000000,6.315042,6.944806,0.000000,1.117964,0.000000
2.450192,1.263680,1.061838,1.734608,0.000000,2.944952,6.580918,1.822025,9.429034,0.685970,0.000000
8.643379,0.000000,0.000000,0.000000,4.836348,1.342264,2.308089,0.000000,1.509638,6.845526,0.000000
4.523272,2.712458,0.000000,1.717410,1.689320,0.000000,2.544812,3.464306,1.463783,2.151702,6.771194
0.000000,5.808780,0.000000,2.045164,0.000000,2.989172,0.000000,0.299859,0.000000,1.241106,5.852355
0.214152,0.000000,0.000000,6.034904,0.000000,0.000000,4.222930,0.025374,1.111991,2.440391,0.000000
0.537343,0.000000,0.000000,1.196252,5.822566,0.000000,0.399270,0.901959,3.418897,0.000000,0.000000
6.829331,3.271058,3.271106,8.923296,4.892950,0.000000,0.000000,1.084879,0.000000,0.000000,3.516352
0.976404,0.000000,5.287376,0.000000,1.637902,0.000000,0.818881,1.205512,4.949015,2.795032,0.000000
1.148000,0.000000,0.000000,0.000000,0.220928,0.000000,6.338623,0.000000,0.000000,2.783494,2.992634
0.000000,0.000000,1.610882,8.017218,4.061849,0.000000,9.240561,4.239808,0.000000,6.713374,0.000000
0.000000,0.000000,1.321305,4.812271,7.297343,0.000000,0.000000,0.000000,0.000000,3.264297,2.458093
4.691744,3.738107,0.000000,0.000000,0.000000,0.000000,5.107944,0.000000,3.979265,0.321511,0.667443
0.000000,4.549441,4.038564,0.036965,1.736200,5.755191,5.129812,4.336840,0.000000,0.000000,0.897154
3.331917,2.683879,0.955546,3.902666,1.146864,5.253864,7.796581,0.000000,1.038165,1.573419,0.895198
0.602756,8.765209,0.000000,0.000000,0.000000,2.537142,0.000000,0.000000,0.000000,0.000000,0.000000
0.000000,0.000000,0.000000,5.495932,0.966272,0.000000,2.072210,2.460302,2.326689,4.215436,0.600838
0.000000,0.000000,2.927696,0.331536,2.216695,0.000000,3.262521,0.000000,0.000000,4.715830,5.536852
0.972866,0.292039,0.076544,5.542767,3.584036,0.000000,0.000000,0.000000,0.000000,1.425390,0.000000
1.699453,2.584601,3.493046,0.000000,0.000000,0.000000,0.000000,0.000000,3.041424,1.007663,0.839339
2.042768,5.975760,4.940873,0.913682,0.000000,0.000000,0.602274,0.512315,0.000000,0.000000,2.049403
1.812767,2.230554,3.941988,0.000000,0.514735,2.494258,0.000000,2.578832,0.393225,0.000000,0.000000
2.113508,4.345655,0.000000,5.034085,0.000000,0.000000,1.123489,1.701992,4.054416,3.200585,8.736378
0.233950,0.000000,0.615096,0.020049,14.859255,9.438729,0.309238,2.059113,0.000000,0.000000,0.000000
0.000000,0.375515,0.000000,0.000000,0.000000,7.074537,0.000000,4.758571,0.464947,0.000000,0.000000
0.000000,0.707547,0.000000,4.258488,6.624724,4.843692,0.000000,0.646811,0.000000,0.000000,0.000000
0.008451,0.000000,0.000000,0.198071,0.000000,0.970417,0.000000,0.000000,4.604295,3.637707,0.000000
0.663699,0.000000,0.000000,0.000000,0.000000,7.828336,0.000000,3.588822,2.184798,0.000000,5.188013
0.000000,1.536629,0.000000,0.000000,1.965132,0.000000,5.206002,4.524203,4.003735,0.264851,4.297823
4.505835,1.645871,1.860466,0.000000,0.000000,4.241555,0.000000,1.774772,0.513395,1.215759,0.000000
3.139149,0.000000,3.163565,4.532066,0.000000,1.455394,2.692890,4.357125,0.000000,6.438803,1.468843
0.000000,0.000000,7.581440,0.000000,1.411707,5.262667,0.000000,0.000000,2.312890,1.935281,0.000000
2.785754,0.000000,0.000000,3.587363,0.000000,0.000000,12.944125,0.085302,0.258314,0.306953,4.764395
0.000000,0.000000,1.592453,0.000000,0.000000,0.000000,0.000000,0.000000,1.512154,1.650892,2.937045
0.000000,3.156732,0.000000,1.137240,0.000000,0.000000,2.790209,0.715892,0.000000,3.513023,0.000000
1.321366,9.199994,0.066136,0.000000,0.000000,2.662550,6.786159,0.000000,6.215246,0.000000,0.000000
1.828437,1.876186,0.000000,0.000000,0.000000,3.596513,0.000000,0.000000,1.096830,0.000000,2.975321
0.000000,0.000000,0.714769,0.091938,6.076026,0.683130,7.396340,0.875366,0.220536,8.362002,0.000000
4.331639,0.627388,0.000000,0.000000,1.735082,0.000000,1.838065,0.000000,0.709662,0.471259,1.286274
0.000000,6.469191,0.000000,0.000000,0.867976,7.041105,0.000000,0.000000,0.000000,0.000000,0.000000
1.079503,4.624030,6.519550,0.000000,4.494493,1.347306,7.097755,0.850233,0.000000,0.338298,3.190188
0.000000,0.000000,0.050969,0.000000,1.181245,0.000000,1.457024,7.338344,4.193365,1.855898,6.082247
0.293337,5.787748,4.835710,0.000000,0.000000,3.543153,3.356826,4.049704,1.991864,3.541973,1.697799
4.046659,0.000000,0.000000,0.000000,0.000000,0.581089,0.000000,0.408520,0.000000,0.222043,0.825504
2.287310,0.000000,0.000000,1.074823,0.304161,1.103885,12.106818,5.980537,6.651367,0.000000,0.000000
0.000000,0.573231,0.000000,2.890315,0.000000,11.059078,0.000000,0.000000,0.000000,0.709969,0.000000
0.000000,1.035786,0.000000,6.045379,0.000000,8.316835,5.217747,2.439462,0.000000,0.000000,0.000000
0.000000,3.936134,0.255729,0.000000,3.641493,0.000000,0.000000,0.000000,0.000000,3.909756,1.303856
5.864047,0.000000,1.423302,0.000000,1.543307,1.264654,0.000000,0.000000,4.680425,0.052248,0.000000
2.034641,2.416669,0.000000,0.000000,0.000000,0.000000,0.000000,0.000000,0.000000,3.233819,4.572223
0.000000,0.149088,1.719644,0.000000,1.918291,3.563717,0.227517,2.969344,0.000000,0.801681,7.586491
4.337445,0.918743,0.000000,0.874036,0.000000,3.980152,1.227334,0.000000,3.100943,0.000000,0.000000
0.175639,2.265158,6.388746,0.000000,0.000000,4.233684,0.000000,9.652562,5.531755,0.000000,3.060035
1.866055,0.000000,2.798395,0.000000,0.597063,0.000000,0.728009,2.235484,6.752941,0.000000,6.485948
0.000000,0.000000,0.000000,0.000000,0.000000,0.000000,9.300363,0.000000,3.871624,0.000000,0.000000
0.000000,0.199264,0.000000,2.318715,0.000000,0.000000,0.000000,0.467149,0.198017,9.334561,4.994451
0.000000,0.943503,0.000000,0.000000,0.704582,0.000000,0.000000,0.000000,1.362079,1.336540,2.049857
0.000000,0.000000,3.039303,0.000000,1.219687,0.000000,2.776566,0.000000,2.000810,3.159165,2.618559
5.545831,0.000000,0.000000,0.628140,3.675371,0.765836,0.000000,0.000000,6.622352,4.590484,1.392786
2.768099,4.271722,4.712852,3.323116,0.000000,1.687134,0.000000,0.937674,0.606279,0.000000,3.445013
0.000000,0.605794,0.000000,3.283938,0.573546,8.007686,4.628108,4.482564,1.202014,0.000000,1.983951
0.000000,0.000000,0.000000,0.000000,0.000000,4.136792,0.000000,0.866768,0.866649,0.000000,5.524177
0.000000,2.084936,0.000000,3.492065,0.000000,5.670321,0.864315,2.486954,1.540430,2.317793,0.642912
1.160998,0.000000,0.146311,3.615449,10.397035,2.602164,3.006700,0.349102,8.891450,0.000000,4.583273
0.020925,0.000000,3.706505,2.542569,0.000000,0.000000,8.189362,1.740251,2.201006,2.802140,0.000000
2.221059,8.329366,0.000000,0.000000,0.499923,0.000000,0.000000,1.247680,1.223496,0.000000,0.000000
3.197345,0.000000,0.160083,1.815422,0.000000,4.787761,4.632711,0.000000,0.000000,2.110175,2.249391
0.054525,0.000000,0.000000,3.016491,4.530371,2.106947,0.000000,0.000000,0.000000,1.787842,0.918223
5.385767,0.000000,3.134902,1.168073,0.000000,0.000000,0.000000,1.429098,0.576274,5.269524,7.129927
0.000000,0.000000,0.997584,0.000000,0.000000,0.000000,7.784624,0.000000,0.000000,0.041659,4.460879
5.710273,0.000000,7.945819,4.295953,5.753552,1.217087,0.000000,3.502786,0.000000,0.000000,1.776190
0.000000,0.000000,1.323400,0.000000,0.262453,0.000000,5.570840,0.000000,0.000000,0.000000,6.434566
0.000000,0.140622,2.970727,0.000000,0.000000,2.811031,0.075390,0.000000,0.093727,2.043511,0.443446
0.000000,6.364380,0.000000,0.000000,0.557169,0.000000,4.106102,3.094133,1.556779,3.149182,0.000000
0.000000,5.699350,3.985265,0.000000,5.107210,2.536418,0.000000,0.000000,2.335318,7.553967,4.761166
0.000000,4.654456,0.000000,1.725683,0.867977,0.669380,6.875644,0.000000,3.743448,5.350066,0.000000
0.928261,0.000000,1.703155,0.521263,3.383964,0.216584,0.000000,0.000000,1.608436,1.558003,1.192323
0.112660,4.018345,0.000000,0.000000,0.563975,0.774197,0.000000,5.030710,0.000000,0.763667,3.683242
0.000000,1.923732,0.000000,6.929340,0.216192,0.000000,3.306384,0.978701,0.000000,0.000000,1.703672
1.485410,0.000000,2.376362,1.549959,1.985386,0.000000,0.000000,0.522686,0.801107,0.763160,0.000000
0.000000,0.000000,0.000000,1.366255,0.000000,1.991207,0.000000,0.000000,1.170052,0.000000,12.831970
0.000000,0.000000,1.736828,0.000000,0.864131,0.000000,0.000000,0.000000,2.565309,0.000000,11.652845
1.330841,0.000000,0.000000,0.000000,0.000000,6.089407,6.511299,5.776411,0.000000,0.100323,0.000000
2.406948,0.000000,6.863489,0.000000,1.725838,3.727537,0.000000,0.000000,6.284833,5.349274,0.000000
0.000000,1.991166,1.338003,0.000000,7.290938,2.616003,0.000000,0.000000,0.000000,3.098685,5.331155
3.180075,0.000000,0.000000,0.259050,1.667843,7.160801,0.000000,5.308086,0.000000,0.000000,6.374870
1.041216,1.991080,0.000000,0.585413,0.000000,0.873192,3.370120,1.994388,0.000000,1.091370,1.751062
0.214298,1.519239,1.939594,12.890782,0.000000,0.000000,0.000000,3.774965,3.494135,0.328826,0.989569
0.219908,0.000000,6.325366,4.324364,0.000000,4.083270,5.198040,0.000000,0.395293,0.000000,4.883174
3.401620,1.812968,0.000000,0.633104,6.836376,1.650396,0.000000,0.000000,0.000000,2.608983,4.332462
1.759395,0.000000,0.816229,0.000000,1.383058,12.657533,0.000000,0.000000,4.555155,1.340173,0.544860
0.000000,0.000000,0.000000,0.000000,1.912625,0.000000,0.000000,0.000000,1.445123,0.209633,0.000000
0.621584,2.262824,0.000000,3.353827,6.368144,0.000000,0.000000,0.883003,0.000000,0.000000,4.337328
6.307414,0.000000,0.000000,4.131618,4.218401,0.000000,1.866244,0.706076,3.306404,0.224623,1.397246
1.285722,3.227001,6.395450,2.130453,0.000000,1.860580,4.043330,1.783697,0.855527,1.587712,0.000000
0.000000,3.484881,4.327719,0.000000,4.387679,0.000000,2.820892,0.712760,1.666926,2.454722,0.000000
0.384198,0.000000,1.226341,0.000000,1.872023,3.105305,0.000000,0.000000,0.000000,0.000000,10.056239
3.955915,8.740662,0.469452,0.000000,0.000000,0.743434,0.000000,0.673077,0.375960,0.231418,0.298518
0.000000,0.000000,0.000000,0.115475,1.421756,7.925259,1.691687,0.000000,0.000000,0.000000,0.000000
0.104521,13.575681,0.000000,0.000000,10.396759,4.486423,4.827318,0.895471,0.000000,2.481552,6.943085
0.000000,0.000000,0.000000,0.000000,0.000000,0.000000,2.428749,0.000000,0.000000,11.164566,3.908642
10.288256,2.747739,0.000000,1.851992,0.000000,3.480165,1.538907,0.000000,0.000000,1.163542,4.599503
2.804970,14.797978,0.829116,0.000000,6.611984,2.148991,6.102505,1.623589,8.742632,3.707115,0.000000
14.894543,1.330003,0.000000,0.641621,1.844023,9.680304,2.533153,0.000000,0.000000,1.768501,8.480393
6.675092,0.000000,0.000000,2.139436,1.437048,0.000000,0.000000,0.000000,0.000000,0.409674,0.000000
5.425982,10.376927,0.000000,5.957354,1.592933,0.000000,0.000000,2.308089,0.000000,3.885253,0.000000
2.123234,2.619712,0.000000,5.922576,0.415639,0.000000,13.240983,0.000000,0.398901,0.372927,0.000000
0.000000,0.000000,3.138387,4.825440,2.836701,0.000000,1.288516,4.794389,1.947080,0.000000,0.000000
16.961489,0.000000,5.681083,2.125886,3.358928,0.000000,0.000000,0.000000,10.767321,0.000000,0.000000
0.000000,0.656273,10.980511,0.000000,1.516347,0.000000,0.337115,10.786806,0.000000,5.131567,0.138496
1.872584,0.000000,9.279452,6.225904,0.000000,0.000000,0.000000,7.571856,2.930460,3.527644,5.172462
0.077191,0.320502,3.320732,2.360652,0.000000,3.292179,0.000000,4.839608,0.000000,0.000000,5.451285
12.618525,0.000000,0.000000,0.000000,0.000000,0.000000,4.334752,2.801914,0.745261,0.000000,13.051402
0.000000,0.000000,2.077076,6.671571,0.000000,0.121368,2.655415,0.000000,0.000000,1.066157,2.527259
4.089987,2.230392,0.000000,0.000000,0.000000,0.000000,6.566679,3.515690,1.493536,5.189895,1.514496
0.000000,0.000000,15.005293,0.000000,0.000000,0.000000,0.000000,0.000000,2.357138,2.753915,0.000000
1.124339,0.000000,0.000000,2.580353,0.000000,3.453784,0.000000,2.076417,0.000000,0.000000,2.824017
2.279535,14.133558,7.756268,5.270949,4.584301,8.038193,0.335275,0.515693,6.313956,0.000000,1.967599
0.000000,0.738974,0.000000,6.297442,1.845447,0.000000,0.000000,1.128198,0.000000,4.251280,0.408633
3.782642,0.000000,7.225794,1.086374,0.000000,1.066233,0.000000,2.569792,1.687426,2.702206,0.000000
10.813851,0.000000,0.000000,0.000000,0.000000,0.000000,0.000000,3.122831,0.000000,0.000000,0.000000
2.902916,0.000000,3.500256,0.000000,0.000000,0.143853,3.684234,0.000000,0.000000,2.508963,2.770396
0.000000,0.000000,0.000000,2.351058,1.584377,0.000000,0.000000,0.000000,0.000000,17.457501,0.816920
1.000044,1.555956,0.000000,0.000000,5.939819,0.000000,0.000000,9.238975,7.181503,0.000000,1.784651
2.096698,2.146877,7.572043,0.000000,5.664627,7.871550,0.000000,19.327854,0.000000,3.741038,12.561594
0.202349,0.000000,0.000000,0.000000,1.951315,4.586331,3.047825,0.000000,0.000000,4.011317,0.000000
0.000000,0.000000,2.425277,14.861526,1.389592,3.596850,5.876664,0.844483,6.346234,0.000000,3.393602
5.555800,3.006566,0.000000,0.000000,0.084466,1.090399,0.000000,0.000000,11.892943,5.484887,2.617732
0.000000,7.142625,1.874101,0.000000,0.000000,0.000000,8.053074,0.000000,0.000000,15.716450,0.000000
1.813769,4.281406,5.223659,0.712232,0.000000,0.000000,0.000000,1.734987,0.738507,0.000000,3.856271
0.000000,0.000000,3.234616,0.000000,6.627510,6.697577,0.000000,0.000000,0.554663,0.000000,2.720285
0.000000,3.353554,1.466120,0.000000,6.224854,0.000000,2.456302,0.000000,0.000000,2.572059,5.274029
1.839501,9.680918,7.373994,0.000000,2.213229,0.000000,0.000000,0.817493,0.454479,7.360198,0.000000
0.000000,0.000000,6.718042,0.000000,1.725870,4.980937,4.007620,0.589906,0.000000,0.000000,1.332107
0.538241,5.920655,6.104256,0.000000,2.513518,0.000000,0.000000,11.568511,0.000000,18.061724,0.000000
0.000000,2.907710,15.820360,1.185248,0.883598,12.549287,0.000000,0.000000,4.759364,0.000000,4.074454
0.376977,1.103137,0.000000,0.000000,1.037018,4.001291,0.000000,1.034615,0.952160,5.618350,0.717218
0.000000,0.000000,8.940290,4.667499,4.868308,4.314366,5.774586,0.000000,0.000000,6.519366,3.570931
0.000000,0.000000,0.000000,0.000000,1.152374,0.763648,3.795688,2.813961,0.000000,7.902858,3.221202
2.329687,8.117030,0.000000,2.863119,1.680919,0.000000,10.909899,0.000000,0.000000,0.000000,2.044111
0.000000,0.000000,3.197151,0.000000,28.612634,0.817063,0.000000,0.000000,8.049178,14.939920,0.000000
13.079316,0.000000,0.000000,1.832771,1.444366,0.000000,1.065147,2.508116,0.000000,3.389284,0.000000
0.000000,1.859838,0.000000,0.000000,2.604709,3.654733,3.133538,0.000000,0.000000,0.000000,0.000000
7.564202,0.000000,0.451015,1.305813,0.000000,0.308223,2.284972,3.421511,0.000000,0.000000,0.000000
2.525273,0.000000,9.919525,0.000000,11.155851,2.205126,0.000000,0.000000,0.000000,0.000000,12.933637
3.340259,2.301760,0.000000,0.000000,0.000000,0.000000,0.000000,0.000000,0.000000,0.000000,0.000000
0.000000,0.348275,2.604385,0.000000,0.000000,0.000000,13.652205,0.000000,0.000000,0.000000,0.000000
0.000000,2.293922,0.000000,1.353416,0.000000,1.858118,0.000000,3.982130,14.580470,0.918350,7.705427
0.567030,14.592995,0.781546,10.954892,3.278391,0.000000,0.000000,0.925332,0.000000,0.000000,0.000000
2.880221,0.000000,0.613867,0.000000,0.000000,0.000000,1.921722,6.590704,0.000000,0.000000,1.379961
0.645080,0.000000,2.314008,0.000000,0.000000,1.824866,8.288142,2.452092,0.000000,2.568418,14.912763
3.426296,4.244275,0.000000,0.000000,6.230151,0.000000,0.000000,4.748626,0.000000,0.000000,0.000000
0.000000,0.000000,7.921040,6.920536,11.745607,0.000000,0.000000,0.000000,7.016268,0.000000,2.079709
0.000000,1.385542,0.000000,0.000000,0.000000,14.845883,0.000000,0.000000,0.000000,6.021630,0.000000
0.000000,0.000000,13.463258,2.114325,0.000000,2.447572,0.000000,2.406322,5.650032,0.000000,6.989202
1.527329,3.152302,0.482447,0.000000,0.000000,1.836783,0.000000,5.150051,0.000000,2.568907,13.650615
2.423225,0.000000,0.000000,0.000000,0.000000,0.000000,3.120759,7.025145,3.602297,0.000000,0.184395
0.000000,0.000000,7.697413,4.106381,3.779594,2.890131,0.000000,4.467226,0.000000,3.041876,0.000000
0.627629,0.000000,1.742067,0.000000,0.458705,0.018577,1.371256,3.060178,11.040719,0.429757,1.545069
0.000000,5.417412,0.000000,7.317823,0.000000,0.000000,0.000000,0.000000,1.025910,3.234599,0.000000
0.000000,4.459441,16.165706,0.000000,8.224659,0.000000,0.000000,6.101222,0.000000,1.271480,8.316730
29.921337,0.000000,4.403381,4.638703,0.000000,9.161822,0.000000,16.785925,3.168863,0.000000,0.000000
2.371104,6.242655,3.664928,0.000000,1.065629,4.719094,0.000000,1.254282,0.000000,0.866948,0.000000
0.000000,0.296325,2.298013,0.000000,0.831544,0.000000,1.888234,0.964199,0.000000,2.675093,0.000000
0.000000,10.411296,5.980654,3.025081,2.502055,1.654939,0.000000,5.407823,8.316251,15.580964,0.258061
0.000000,0.000000,0.524215,3.216351,4.479613,7.993978,7.072198,5.914546,0.000000,0.000000,0.000000
0.000000,2.146844,0.000000,3.613212,3.691948,0.000000,8.702668,5.552275,1.468222,0.891937,0.000000
9.213819,5.538133,6.263762,0.000000,10.869972,3.638974,11.232837,12.734068,7.335366,0.000000,7.506818
0.000000,0.000000,0.000000,0.000000,0.000000,0.000000,0.000000,0.000000,30.174300,0.000000,0.000000
2.437133,0.000000,4.162824,0.000000,1.225454,0.000000,3.794414,0.136416,0.000000,0.000000,2.340016
0.000000,0.000000,1.015221,3.314417,0.000000,27.092659,0.456212,2.383960,0.000000,14.811161,3.931972
1.096011,0.000000,0.000000,0.212784,2.479332,0.000000,0.000000,0.000000,0.093994,0.000000,0.077379
9.493559,0.208179,1.667142,2.301200,0.839654,12.428597,0.000000,5.752552,9.825472,7.513237,0.000000
3.569538,12.760497,34.594882,5.661752,0.000000,0.000000,12.103390,10.725704,1.617417,0.000000,2.140176
3.356089,5.756950,7.993620,0.000000,0.000000,0.000000,1.519067,29.033703,0.000000,3.887877,0.000000
0.000000,0.000000,9.634456,0.000000,0.000000,2.633539,0.000000,0.000000,0.000000,0.000000,3.303150
0.000000,0.000000,0.000000,0.000000,0.030018,2.036385,12.494302,13.397162,4.595972,0.000000,0.000000
0.000000,0.000000,0.000000,0.000000,8.788851,0.296608,0.000000,0.000000,11.236091,7.151702,0.000000
3.293189,0.000000,0.000000,0.000000,4.403561,0.642408,0.000000,0.000000,0.000000,3.120138,1.001764
4.145587,0.000000,0.000000,0.000000,0.000000,3.289519,1.434107,2.356826,4.304940,7.341894,0.000000
3.595016,0.000000,0.000000,0.000000,0.565983,6.097611,1.532658,0.000000,23.466240,1.783824,9.363407
4.145945,0.000000,7.568456,0.707800,8.875807,4.535632,13.500387,9.948584,0.000000,0.000000,0.000000
0.000000,0.000000,0.000000,4.988715,1.066027,14.447774,0.000000,0.000000,1.387125,3.038888,8.753492
5.563548,0.000000,0.000000,8.929146,4.203695,0.000000,6.378773,3.646125,0.000000,0.000000,0.000000
2.803452,4.315783,5.941372,0.000000,2.836379,0.000000,0.000000,0.000000,2.084366,0.000000,6.864777
7.438239,0.000000,0.188828,0.021086,5.267483,3.616270,4.374795,16.600103,0.000000,9.761841,3.893713
0.000000,0.454668,0.000000,8.447771,0.000000,0.000000,0.000000,0.000000,0.000000,1.418990,0.000000
0.490090,11.735830,10.611330,4.495344,28.415425,1.471107,0.000000,10.824448,0.000000,0.000000,0.000000
7.269781,0.000000,8.721987,4.329463,0.000000,0.000000,0.000000,0.406836,0.000000,0.000000,0.000000
0.000000,13.208752,1.503064,0.000000,0.000000,0.000000,3.915827,4.602400,0.000000,0.000000,0.000000
0.000000,0.000000,0.000000,0.000000,4.688604,0.000000,0.000000,1.884820,15.822139,7.967996,0.000000
0.000000,7.947548,11.244039,17.384353,0.000000,0.000000,0.000000,5.122826,0.000000,0.000000,0.000000
0.000000,0.000000,0.000000,0.000000,4.169817,0.000000,6.928301,0.000000,0.000000,0.000000,17.528110
0.000000,0.000000,0.000000,7.411213,8.102077,0.000000,0.000000,1.814544,11.392507,0.000000,0.090539
6.703436,0.000000,7.655339,5.034937,0.000000,0.000000,0.000000,19.053583,0.000000,0.000000,2.395277
2.138830,0.000000,9.610179,5.904063,8.164306,5.988970,6.437734,0.000000,0.000000,7.687250,1.642610
0.000000,0.000000,0.000000,0.000000,2.447517,0.000000,24.194062,3.231903,10.362639,0.000000,0.000000
0.000000,0.000000,0.000000,0.000000,10.682608,6.440296,13.036237,0.000000,0.000000,3.249524,0.000000
1.297740,8.028992,6.947153,1.888356,3.366025,0.048771,0.000000,2.144386,0.000000,0.000000,0.000000
0.000000,4.879820,0.000000,10.592517,2.489520,0.000000,0.000000,0.000000,4.413707,2.734531,10.505007
0.000000,0.000000,4.499728,0.000000,0.833884,9.246055,7.811691,0.000000,0.000000,0.000000,6.777364
4.352562,0.000000,0.000000,4.097168,3.676704,3.661480,6.326727,1.602873,3.806500,0.260254,0.000000
14.736100,2.180379,0.950699,1.028935,2.360201,0.000000,0.000000,0.000000,0.000000,8.581937,2.498113
0.000000,6.977646,0.356793,0.000000,23.630662,7.114108,0.000000,0.000000,13.389850,4.947414,0.000000
0.286552,0.035040,0.000000,0.396064,0.000000,0.000000,3.679252,4.041322,0.000000,8.953327,0.000000
1.913547,3.852651,10.156485,2.675713,11.401825,0.000000,0.651319,14.926908,5.938621,6.185869,0.285628
0.000000,4.029055,0.000000,0.000000,0.000000,0.000000,1.752484,0.000000,0.000000,0.000000,0.000000
0.000000,0.000000,0.338106,0.000000,0.778638,5.168115,0.000000,0.000000,0.000000,1.484012,6.177380
5.771565,0.000000,0.000000,17.661624,0.000000,9.523877,1.721111,13.774444,0.000000,3.426100,9.377930
0.000000,0.000000,1.792548,0.000000,0.000000,0.000000,10.076401,0.000000,16.255279,0.000000,0.000000
9.340963,0.000000,0.601419,0.000000,0.000000,5.944879,3.315381,0.000000,0.000000,5.846806,0.000000
1.286239,0.000000,0.000000,2.278630,3.040369,0.000000,5.910024,0.000000,0.000000,0.000000,0.000000
2.740486,6.819479,5.094842,0.000000,2.489358,0.000000,0.000000,0.000000,5.240418,0.000000,0.000000
4.048977,0.000000,0.000000,2.816199,0.000000,0.000000,0.000000,0.000000,0.000000,0.000000,2.541110
19.612569,9.769672,0.000000,1.591543,0.000000,3.976440,4.820021,0.326586,2.756606,0.000000,0.000000
5.023959,0.000000,1.887153,0.000000,0.000000,9.863977,0.334241,28.854185,27.400119,0.000000,0.000000
0.000000,7.789521,0.000000,0.000000,0.000000,0.000000,1.902434,6.184797,0.000000,0.000000,4.008259
27.602082,2.077915,5.448437,10.280425,0.917766,0.003747,3.724765,0.000000,1.813173,0.000000,2.274748
0.000000,0.000000,1.106215,0.818936,4.940010,2.080769,4.533442,17.902174,0.000000,8.913227,1.155794
0.713236,0.000000,0.000000,12.272013,10.879920,0.000000,14.387214,0.000000,5.740507,0.000000,2.428698
0.000000,6.125665,4.640143,1.500414,2.070658,0.000000,0.000000,1.096997,10.387479,0.000000,0.000000
5.469796,16.281875,0.000000,0.929034,3.730714,0.462183,5.522924,0.381895,15.170603,2.709196,0.000000
12.050155,0.455651,0.963178,0.000000,0.939188,0.000000,2.524080,17.732846,6.697571,5.101325,0.000000
0.000000,0.485789,0.000000,18.041295,0.383013,7.261044,3.900780,0.000000,0.252576,19.203558,0.000000
0.000000,2.053510,2.848020,0.000000,0.000000,14.853209,0.000000,0.000000,0.000000,0.000000,10.289179
0.000000,0.000000,12.007593,0.000000,0.000000,3.742430,2.289966,0.000000,0.701807,3.552090,7.098992
0.000000,0.921545,0.000000,3.543856,7.405289,8.301256,6.560564,2.693130,0.000000,0.000000,2.169355
0.000000,0.000000,1.548068,0.000000,0.000000,0.000000,14.252934,4.293654,0.000000,11.531332,4.592576
4.790094,0.000000,0.052245,5.664022,7.460813,0.000000,0.000000,0.000000,0.523337,7.234807,0.000000
0.000000,6.169952,0.000000,4.877999,0.000000,2.948019,9.240858,0.000000,16.898641,9.410281,0.000000
0.000000,0.000000,6.090208,2.866324,0.000000,0.000000,20.649275,6.022015,0.000000,0.000000,0.685124
0.000000,0.000000,0.000000,1.534613,3.960808,0.000000,0.206863,5.040346,15.517176,1.279593,0.000000
2.168235,0.000000,6.822091,0.000000,7.139347,0.000000,0.695388,0.000000,0.000000,1.562999,6.001703
7.583591,0.000000,0.000000,0.000000,12.228813,0.000000,4.845011,7.639695,0.000000,0.000000,0.000000
4.552103,2.867239,3.615947,5.589461,0.000000,7.886441,0.000000,1.188050,0.000000,0.000000,0.000000
0.000000,0.000000,0.000000,0.000000,2.035834,0.000000,2.248420,1.720496,0.000000,1.898166,16.290169
0.000000,3.570849,0.000000,9.059537,0.000000,4.562922,16.774069,0.000000,0.000000,0.424701,3.346472
3.316449,0.118422,12.934189,0.000000,0.000000,0.000000,0.000000,0.144398,0.530302,14.939056,6.860348
10.062674,0.000000,0.000000,2.042874,5.036538,0.202045,0.000000,0.000000,0.000000,5.463746,1.726677
7.315518,0.000000,2.168881,0.000000,11.892134,0.000000,0.000000,6.893217,4.942446,0.000000,3.188956
6.517097,0.000000,0.000000,7.613913,0.000000,0.569776,9.236798,0.000000,0.548183,8.011657,10.047435
0.000000,5.318700,0.000000,1.789515,7.646957,0.000000,0.000000,12.158571,0.000000,0.000000,0.000000
0.000000,0.000000,0.000000,0.000000,0.000000,26.652434,0.000000,0.000000,0.000000,0.000000,0.000000
0.000000,0.000000,4.415623,0.000000,0.000000,0.737035,2.736307,0.000000,13.488936,14.365372,4.525113
4.372731,1.855022,0.000000,16.363795,5.099882,0.000000,0.000000,0.000000,3.977619,1.638674,0.000000
0.000000,0.000000,0.240097,0.000000,0.000000,4.656430,4.157727,6.325041,9.204034,0.000000,3.489691
3.553398,0.000000,2.796670,5.941928,4.932402,0.000000,0.000000,0.000000,2.043212,3.592853,3.631642
0.000000,8.655032,1.210595,0.822475,3.863703,0.000000,0.276178,0.996550,0.000000,0.918450,0.000000
0.000000,8.866469,4.889445,9.832319,0.000000,0.000000,6.347098,0.000000,5.929177,0.000000,0.000000
0.000000,3.605644,4.743257,6.870776,7.871293,0.000000,0.000000,0.000000,2.976092,5.651177,19.243376
1.671645,0.000000,0.000000,0.000000,0.000000,0.000000,0.000000,0.189738,3.862299,3.864416,0.000000
0.685188,13.921607,2.502446,6.143512,11.094547,2.222439,3.543069,4.319044,4.073648,1.544714,0.000000
0.000000,0.557959,3.052713,0.000000,0.000000,3.803299,1.880958,9.447783,0.000000,6.697769,3.987462
5.244140,0.000000,0.731710,0.000000,0.000000,7.209292,3.528503,39.430709,0.000000,1.509242,0.000000
0.000000,0.000000,0.702756,0.000000,4.268633,0.000000,0.000000,6.015471,0.111618,0.719088,4.974582
0.515888,0.000000,0.000000,0.000000,0.000000,3.237164,0.000000,0.000000,0.000000,0.000000,2.339738
0.000000,1.781832,1.881666,0.000000,0.000000,4.974880,0.000000,22.024916,2.585822,0.000000,0.000000
0.000000,12.998134,1.941702,2.040128,0.000000,7.350393,0.675467,4.859737,0.000000,2.616153,0.000000
0.000000,1.338668,2.592293,0.000000,1.064863,0.000000,3.500803,6.034143,0.000000,1.550915,36.709554
1.738780,5.749541,0.000000,0.000000,4.532340,3.960620,10.942258,4.966140,0.000000,0.000000,0.679471
0.748134,4.206331,0.000000,1.867072,0.198024,3.952012,0.000000,0.000000,8.123910,0.000000,13.667444
8.167721,0.900546,7.604627,0.000000,4.063127,6.550200,0.000000,0.000000,0.000000,1.747425,0.000000
12.971210,0.000000,7.959321,6.889510,0.697396,1.265846,8.612461,3.552483,0.000000,2.391113,0.000000
7.096704,7.806041,0.000000,0.520022,0.000000,12.246124,3.816852,1.685124,0.000000,0.000000,15.198559
0.000000,0.000000,3.427606,0.000000,0.000000,0.000000,1.060505,2.752628,2.745097,0.000000,0.000000
0.000000,5.021521,8.756870,0.000000,2.331825,0.000000,0.000000,2.432569,0.000000,0.420361,11.126330
0.000000,0.000000,0.000000,1.994564,0.000000,0.000000,4.255079,2.043333,0.000000,0.000000,0.000000
0.000000,0.000000,0.508943,1.600075,2.569269,0.000000,0.000000,0.000000,0.000000,0.000000,0.000000
5.566123,5.349682,4.522848,2.260929,0.817203,3.534447,0.000000,4.955042,0.000000,2.181423,1.100317
3.313858,0.898289,0.000000,4.226116,7.165114,0.000000,0.503837,9.966872,0.000000,0.000000,2.392244
8.551237,0.451714,0.000000,1.845870,10.402302,1.212260,0.000000,0.000000,7.224705,3.616336,0.361899
0.000000,1.438671,1.595028,2.423609,0.000000,10.710531,4.360987,0.000000,1.629921,0.000000,8.557262
0.000000,3.075898,0.000000,4.320707,2.697753,0.000000,0.000000,0.000000,0.000000,0.000000,0.000000
8.427738,0.000000,3.085907,0.000000,0.000000,0.000000,0.000000,0.000000,0.000000,0.000000,1.441209
1.083144,2.796105,0.271125,0.000000,0.000000,0.000000,0.000000,2.051012,0.779939,0.178445,0.416108
2.587322,0.208852,0.000000,0.000000,0.000000,4.577449,0.000000,0.000000,1.577536,0.000000,3.181063
0.000000,0.000000,0.644210,0.000000,0.000000,0.000000,0.000000,2.243990,0.000000,12.790808,10.897846
0.000000,3.970348,0.000000,0.000000,0.098580,10.183393,0.000000,5.375348,9.320096,0.000000,0.000000
0.000000,7.133414,13.111376,0.000000,4.294219,0.000000,3.605154,6.196757,4.155016,0.000000,2.867982
0.000000,0.000000,0.000000,0.000000,0.000000,0.440411,1.144441,0.000000,0.000000,0.000000,9.384253
3.828483,3.118901,6.460102,0.588758,7.003162,0.000000,0.000000,0.501641,4.123491,0.000000,6.008594
0.000000,5.072068,0.000000,1.056631,3.373279,0.000000,0.000000,0.000000,0.000000,2.337276,0.000000
3.108919,0.000000,0.997269,0.000000,9.296503,0.000000,9.495413,0.000000,0.000000,2.984217,6.740726
11.304729,3.412132,3.513693,0.000000,3.983439,0.353970,1.187612,1.066734,0.687665,5.066139,1.233587
0.000000,0.000000,7.665516,7.648354,1.077516,0.000000,1.182976,3.526601,0.000000,0.364410,0.000000
4.338932,1.811264,0.000000,1.950344,0.679737,3.285026,4.077000,0.000000,0.000000,0.000000,0.000000
0.959767,0.000000,0.000000,0.000000,0.000000,11.796049,0.000000,1.131782,2.018365,1.881638,1.530092
0.000000,2.958282,0.000000,3.352933,0.000000,0.000000,6.951719,5.746110,0.000000,2.156201,1.956064
1.703226,5.382046,2.372758,0.000000,8.637037,0.982863,0.000000,0.000000,2.250958,0.000000,1.192779
0.000000,3.252073,5.955850,11.885957,6.378840,0.000000,0.000000,12.907844,0.791810,0.000000,2.986598
0.000000,1.652749,7.695893,6.805981,0.000000,0.000000,6.446364,0.000000,0.000000,0.000000,8.765753
2.934587,4.965550,1.860992,0.000000,0.000000,4.496680,1.687730,15.038427,0.643674,0.000000,0.000000
0.000000,0.000000,2.915068,0.000000,0.000000,0.000000,0.000000,4.368803,5.787707,2.858861,0.000000
0.000000,0.000000,0.000000,0.000000,0.243923,3.906129,2.738455,0.000000,3.240153,0.745199,0.000000
0.000000,0.000000,0.000000,0.000000,0.000000,0.000000,4.202880,0.000000,5.197596,0.000000,0.000000
0.000000,0.000000,0.000000,0.000000,11.617227,1.869422,10.460201,0.000000,0.000000,0.000000,2.331838
3.032081,1.779810,0.000000,0.000000,0.657671,0.000000,5.098820,4.450287,11.172883,6.923731,2.030847
0.000000,0.000000,4.689544,0.634091,6.437298,0.165687,0.000000,0.000000,3.271586,0.000000,0.000000
12.697266,0.000000,8.594844,2.229337,0.000000,0.000000,0.000000,2.616573,2.397355,3.446156,1.161080
1.753201,1.394758,2.730309,0.000000,0.000000,0.000000,4.747505,0.000000,0.000000,3.697895,3.445756
0.000000,2.906494,0.000000,0.000000,0.000000,0.000000,1.908268,0.000000,9.459951,0.000000,0.000000
2.547831,11.505769,6.089524,1.198083,4.368888,8.135597,2.026339,0.000000,1.554115,0.000000,0.000000
0.000000,0.875742,0.000000,12.698186,0.564811,0.000000,8.867991,0.000000,4.317468,6.005510,5.851269
0.000000,0.413203,0.000000,3.144968,0.000000,0.000000,0.000000,3.506768,0.000000,0.000000,0.000000
0.340133,0.000000,0.462654,0.386630,0.812259,4.538528,9.853147,0.000000,1.420410,3.206638,0.000000
0.000000,15.768173,0.000000,4.681239,3.006098,0.878895,0.000000,0.000000,0.000000,8.051590,2.672700
1.423626,4.765125,3.548713,2.544551,1.025248,7.625239,0.478211,0.000000,0.266740,0.694036,0.000000
2.883525,7.091399,0.747048,5.910069,2.890772,2.939246,0.000000,0.000000,3.391534,0.000000,2.558082
6.116664,2.199990,0.000000,0.000000,5.235382,2.179217,0.072603,13.803129,9.120313,8.071146,1.530443
0.000000,0.000000,0.000000,1.791351,0.000000,0.000000,2.001352,0.325256,0.000000,0.000000,0.000000
0.000000,2.048239,0.000000,3.896883,0.000000,0.877072,2.216903,0.000000,0.000000,6.519500,1.350866
0.000000,12.130818,0.000000,0.000000,2.022574,0.000000,0.659412,0.738719,0.000000,0.000000,0.000000
0.393983,4.781480,1.841423,1.596682,5.417471,0.000000,2.516335,0.000000,0.000000,0.000000,0.000000
3.182126,1.015086,0.000000,11.017955,0.000000,5.111637,7.720138,0.000000,0.000000,5.642813,0.000000
1.389185,0.675396,2.060931,0.000000,2.322251,0.000000,0.000000,5.074483,3.173634,12.819461,3.031017
1.340174,0.000000,0.000000,6.390128,7.422622,2.466668,0.000000,0.000000,0.000000,0.000000,5.572018
0.000000,2.409407,6.401176,0.000000,3.180554,0.000000,1.376826,0.686583,0.497239,0.000000,1.884228
0.000000,0.000000,0.078529,0.835210,0.000000,0.000000,0.000000,0.000000,0.000000,3.125147,2.510447
0.000000,0.000000,0.000000,0.961865,2.237279,6.015806,1.224443,0.000000,0.000000,0.000000,0.000000
1.881050,2.747876,2.169727,0.000000,7.582139,4.578500,0.000000,0.000000,0.000000,2.187210,0.000000
4.693037,1.262574,1.694954,1.563040,0.000000,6.081444,0.000000,0.511518,0.592958,7.003542,0.000000
3.381745,0.000000,0.000000,0.000000,0.000000,7.637130,0.000000,2.567214,0.000000,0.059683,0.000000
2.760599,0.000000,0.000000,4.603023,0.000000,2.970011,4.337200,3.369492,4.937044,0.000000,4.260140
1.058764,3.631352,0.000000,5.211386,0.000000,5.738405,0.000000,0.066734,0.000000,0.000000,0.000000
5.687698,0.000000,0.000000,0.000000,0.000000,3.211160,0.000000,12.023736,6.936973,0.000000,0.000000
0.000000,0.000000,1.629407,0.000000,0.000000,4.099803,0.000000,5.684767,0.000000,0.000000,5.383163
0.000000,4.249535,0.000000,0.866927,0.000000,0.000000,1.993912,6.002768,0.000000,0.000000,2.589137
3.105734,0.425582,0.000000,0.000000,5.121140,0.000000,0.000000,0.000000,6.289924,0.102923,0.000000
3.704651,0.000000,0.000000,0.000000,7.396273,5.060009,0.000000,0.000000,0.926768,4.193651,5.147250
0.000000,2.808178,0.000000,8.019960,0.000000,0.000000,1.174873,0.000000,0.135291,0.000000,0.136875
5.863073,0.000000,0.000000,9.480547,0.000000,0.000000,0.000000,16.602760,6.885272,7.213396,9.259218
16.276279,0.000000,7.302172,4.820782,0.639557,0.000000,0.000000,0.000000,6.100396,15.734416,0.000000
2.609339,0.000000,1.461911,0.425032,1.723934,0.000000,0.000000,1.499617,0.000000,0.000000,8.048391
11.317633,0.000000,0.885168,0.000000,9.426747,2.753613,3.576254,6.018767,0.848186,5.962426,0.900225
0.223989,3.075465,0.000000,2.219471,1.900670,0.000000,0.000000,4.491297,0.000000,0.000000,0.000000
0.000000,0.000000,0.000000,2.157862,4.409780,0.000000,2.579511,2.674682,0.000000,0.000000,0.000000
6.888884,11.473130,3.166954,0.000000,0.668982,2.486413,2.405228,0.000000,0.000000,5.845697,0.563754
0.000000,0.421704,6.861695,0.000000,0.000000,0.000000,1.175944,0.000000,2.050759,0.000000,2.703441
0.000000,0.000000,1.087532,10.450201,3.439180,4.557448,6.166566,7.356492,3.711263,7.587040,0.000000
6.812177,3.215045,3.678055,0.000000,7.807150,0.000000,0.000000,0.000000,5.878046,0.189367,0.000000
0.000000,5.638605,0.000000,0.000000,6.198836,4.181677,0.000000,0.000000,1.293490,6.621272,2.702654
0.000000,0.000000,1.874324,0.804307,0.000000,7.837076,0.000000,3.277439,2.192806,0.000000,5.479925
5.283660,0.000000,5.610026,0.000000,0.131338,3.535253,0.000000,2.386694,0.000000,0.000000,0.000000
6.568966,0.000000,0.000000,2.727478,0.000000,0.000000,10.431364,1.169081,5.751076,6.297492,0.000000
0.000000,1.700789,0.000000,2.720166,1.207578,2.350187,2.770238,2.560918,0.441913,12.813836,0.000000
0.000000,5.276264,3.434335,0.000000,4.322942,9.625958,0.000000,0.000000,0.000000,0.000000,0.389471
0.000000,0.000000,6.990163,6.101153,0.000000,0.000000,0.000000,0.000000,7.767119,7.666968,0.000000
6.907118,0.000000,1.173739,4.309244,2.945119,0.000000,1.880677,2.619976,2.658125,3.839234,0.000000
0.000000,0.000000,5.021359,0.086372,2.848851,0.000000,2.901864,1.029442,0.304646,1.802640,1.445562
0.689881,0.000000,0.000000,9.189000,4.353342,5.868911,0.000000,0.537774,0.113799,1.714409,0.000000
1.248164,0.000000,2.871337,0.000000,0.120804,0.000000,6.981453,0.000000,6.597380,1.864349,10.781582
2.155663,0.736494,0.816364,0.000000,5.452187,0.000000,4.060429,2.130002,5.071952,7.822664,0.000000
5.585424,2.807226,0.000000,0.000000,0.000000,5.828019,0.000000,1.610711,0.000000,0.000000,4.546714
4.004362,5.282234,2.137644,0.000000,0.000000,0.230929,1.802232,0.000000,0.000000,0.000000,0.000000
0.792740,0.000000,2.624687,0.000000,0.000000,0.057103,3.480756,6.710879,0.000000,0.684903,1.347163
0.368390,0.000000,0.000000,3.912173,0.000000,3.068596,3.557848,0.000000,0.000000,0.000000,4.529331
3.364241,2.141725,2.701122,1.729584,0.000000,7.869750,4.614624,9.165782,1.661400,0.945498,0.000000
2.449527,0.357593,0.000000,11.019941,0.916701,0.000000,0.000000,0.000000,0.335456,4.839649,0.000000
0.000000,0.000000,0.000000,2.266237,2.267363,4.170531,0.000000,0.000000,14.993528,0.000000,0.000000
0.642988,0.000000,1.587444,0.000000,1.021282,0.000000,0.000000,0.000000,8.961754,0.000000,0.000000
0.000000,0.000000,5.903879,0.000000,0.000000,2.430568,0.000000,0.000000,0.000000,0.000000,0.000000
0.000000,0.053844,0.000000,0.243942,0.000000,0.000000,0.247256,0.000000,1.536263,7.367696,6.434559
0.000000,0.000000,0.000000,1.875741,3.867847,0.000000,0.000000,0.000000,5.077240,0.000000,0.000000
2.529773,1.723610,0.000000,0.000000,0.738009,0.000000,0.000000,0.070227,7.359224,4.744759,9.069066
0.000000,0.000000,0.781975,5.559508,0.000000,5.215577,0.357698,1.090978,1.210938,0.000000,0.000000
0.903643,0.000000,0.000000,0.000000,1.419481,0.000000,0.000000,11.821338,0.000000,5.062393,0.000000
0.390890,2.754830,1.715584,0.000000,3.852411,4.992000,0.000000,0.000000,0.608528,11.183830,5.701657
8.551906,3.134785,1.700861,0.000000,7.067813,3.656298,0.000000,0.000000,0.000000,0.199312,2.397572
0.900768,0.000000,0.000000,1.772850,0.001196,0.000000,6.367414,2.847759,0.000000,0.000000,5.955689
0.000000,3.473148,0.000000,0.000000,1.308892,6.740402,1.826958,5.502224,2.167376,0.000000,1.660720
0.000000,4.796794,0.000000,3.608033,0.000000,0.000000,1.214064,1.672296,0.000000,1.061483,0.000000
0.499149,2.262417,0.000000,0.585617,0.000000,0.070048,2.595702,0.000000,1.603786,5.016812,0.401935
0.000000,3.383377,0.191674,9.659318,0.000000,7.322958,0.000000,0.000000,0.000000,0.000000,0.000000
0.000000,0.741364,2.241862,3.674830,0.000000,0.843426,2.451602,0.000000,0.000000,0.000000,0.000000
0.937035,0.000000,2.528815,3.107599,0.000000,1.048198,0.000000,0.000000,5.672939,0.000000,2.554349
0.000000,0.000000,0.000000,1.787761,0.000000,0.000000,1.301159,6.077640,0.000000,3.024837,0.000000
0.000000,3.097888,9.210441,0.345475,0.202713,2.177736,0.704066,0.000000,3.747067,5.436515,0.000000
0.000000,4.456675,0.651372,1.033415,2.748148,0.000000,0.000000,0.959595,0.000000,0.686176,0.000000
3.425445,1.001704,0.137346,7.704873,0.000000,0.000000,4.180294,2.504636,0.000000,0.000000,1.488017
0.000000,0.000000,0.000000,0.000000,1.170078,3.494047,0.000000,0.460198,3.334596,0.000000,3.719630
0.000000,0.211936,0.000000,8.223305,0.000000,1.087759,5.735563,4.554594,0.000000,0.000000,0.000000
2.767893,0.000000,0.000000,0.937630,0.000000,4.086186,0.748590,0.601240,4.437903,1.298623,0.000000
6.188728,0.000000,1.711177,0.000000,8.742645,3.550360,2.549734,2.186736,5.362909,6.410458,0.000000
0.000000,0.000000,0.538709,1.390877,5.493324,0.000000,0.000000,0.000000,2.735853,0.147009,6.296432
0.607009,0.000000,0.000000,11.614473,2.717092,0.000000,1.920355,4.618957,1.409084,10.885353,0.000000
0.000000,4.270368,3.008413,0.000000,4.326123,0.736497,16.963655,0.000000,0.862607,2.542467,0.942963
8.780259,0.000000,0.000000,0.000000,11.893318,1.979686,0.000000,0.330459,0.000000,0.000000,1.349850
0.000000,0.000000,1.359370,0.000000,3.368932,0.000000,7.354116,2.451766,0.000000,0.000000,0.000000
0.479680,0.000000,0.000000,4.238938,0.111702,0.000000,0.000000,0.000000,0.000000,0.953437,0.725831
0.893408,0.000000,0.000000,0.000000,7.110259,0.820514,13.346431,0.000000,0.000000,0.000000,1.297169
0.000000,0.000000,5.113678,0.000000,0.000000,0.000000,3.084199,7.308068,2.211642,3.330878,4.175217
1.642032,8.092602,0.817616,3.223002,0.839484,1.112332,8.053988,5.025431,0.000000,4.535068,0.821917
0.820393,0.000000,0.000000,0.000000,0.000000,0.047907,0.000000,0.000000,0.000000,7.952664,2.908259
0.000000,0.000000,4.785154,0.455583,0.000000,0.000000,0.946218,0.933063,2.980586,0.000000,0.000000
2.305287,2.638928,5.757586,1.990218,2.269354,1.428571,0.000000,0.000000,0.000000,0.000000,10.284543
6.579902,0.000000,3.456689,0.722266,0.000000,0.000000,4.877540,6.168851,0.000000,4.904605,4.599905
0.000000,1.321984,4.030106,0.000000,4.330820,3.553272,0.000000,1.204369,0.000000,2.724398,0.000000
5.640468,1.019146,2.526635,0.000000,0.147201,0.000000,0.000000,0.000000,0.793161,1.008291,3.520307
6.747116,5.084342,0.000000,1.493002,0.718544,0.000000,0.000000,0.000000,0.000000,6.351362,4.380977
1.339628,2.687536,3.998862,0.000000,0.000000,2.136053,0.000000,0.414806,7.069831,0.000000,0.000000
0.924478,2.186135,0.000000,3.449688,3.210247,2.863589,2.031269,0.000000,3.299573,0.000000,0.000000
0.000000,0.000000,4.672596,2.578566,0.955272,1.148333,0.000000,3.407397,4.828904,5.284138,0.000000
0.000000,2.491616,0.245839,4.147366,0.000000,0.000000,0.000000,3.783184,0.227526,0.000000,0.000000
0.000000,0.000000,6.097424,3.380575,0.000000,0.000000,0.000000,1.126495,2.319152,0.005611,0.000000
0.000000,2.704838,0.000000,0.000000,3.263463,0.114924,0.000000,0.412071,2.204941,1.532711,1.457380
0.000000,3.633272,5.661660,1.066275,0.000000,6.398959,4.382274,1.573086,0.956248,4.720913,5.116826
5.661241,1.748765,0.000000,0.000000,10.922809,0.876718,0.000000,0.000000,7.007990,0.000000,2.610193
0.000000,0.000000,0.000000,0.074031,0.000000,2.655293,0.000000,4.981148,0.000000,0.686601,0.000000
0.000000,0.573380,0.000000,0.000000,0.000000,2.453827,1.400187,0.916050,0.000000,0.973265,0.000000
0.695568,0.000000,0.000000,4.924718,0.306902,3.756356,2.077779,3.451870,0.516413,0.000000,0.000000
0.000000,0.000000,1.922723,0.000000,0.000000,0.883474,5.483162,4.850053,0.000000,0.000000,12.433074
0.000000,0.000000,0.000000,4.211300,0.000000,0.000000,6.580927,0.450148,0.000000,1.921077,2.749219
5.881058,0.000000,0.000000,0.437013,0.000000,0.000000,0.000000,0.000000,3.102569,0.000000,1.132952
0.000000,0.000000,0.000000,0.000000,1.909225,0.000000,1.475481,2.105735,0.000000,0.000000,3.548651
0.000000,0.000000,3.789026,0.000000,0.457983,5.397465,6.088546,3.621831,0.000000,5.806836,2.010299
0.000000,0.000000,3.866219,0.000000,2.227785,1.096513,0.000000,0.000000,9.035992,0.262979,0.000000
3.657582,0.000000,0.000000,0.000000,0.051118,0.000000,2.629191,1.261697,6.517539,0.000000,1.869571
0.000000,0.721970,2.190678,1.868210,0.659355,2.716068,0.000000,0.944288,0.000000,4.391169,0.935613
0.254664,1.357339,4.465585,0.922205,1.779058,0.000000,1.260188,0.000000,0.000000,3.040534,0.000000
0.000000,0.000000,4.195605,0.000000,0.000000,0.000000,0.573008,0.000000,0.000000,1.461996,0.616378
0.000000,0.000000,0.000000,1.185447,2.785639,4.708168,0.000000,0.000000,0.000000,0.269816,0.000000
0.000000,0.000000,0.111088,6.040619,0.284261,6.311016,4.364565,0.000000,0.000000,2.838347,7.659334
0.000000,0.000000,1.735961,3.061362,0.000000,0.000000,0.000000,0.000000,0.000000,2.919132,0.793139
0.000000,1.179001,0.000000,0.000000,0.000000,2.004542,0.000000,1.304720,1.290027,0.000000,0.000000
0.000000,0.845626,0.858151,0.000000,0.925444,0.000000,2.100969,0.000000,2.607335,3.474895,3.478468
1.776082,0.000000,0.000000,0.000000,0.000000,0.549143,4.851702,0.000000,1.493768,0.000000,0.000000
0.000000,0.030580,0.533469,0.425820,6.405485,3.411152,8.336527,1.677758,0.000000,0.666012,13.815830
0.000000,3.800719,0.000000,0.000000,4.220982,0.000000,0.000000,5.737135,0.000000,0.894484,1.780395
0.355315,2.516060,0.000000,3.793301,0.428344,3.533434,3.260321,0.000000,0.756969,0.000000,0.000000
1.756131,3.298236,0.337301,0.000000,0.000000,0.000000,0.000000,0.210347,0.000000,0.000000,0.000000
3.871931,0.000000,0.480173,0.000000,0.000000,4.458786,4.101133,3.102470,2.056283,0.000000,0.000000
0.000000,10.085816,1.285082,0.948833,3.336583,1.631548,0.000000,2.890194,0.000000,0.692082,0.118976
5.205774,0.000000,0.000000,0.000000,0.000000,0.000000,0.000000,5.875353,0.391228,2.935624,0.929963
0.000000,0.825175,0.000000,2.687816,0.052595,4.040069,6.428826,4.314700,0.666529,1.467149,0.000000
2.830652,1.390552,1.929015,0.000000,0.000000,0.000000,5.413771,6.145842,0.000000,0.000000,0.466519
0.000000,2.251512,8.328971,2.601435,2.977400,0.000000,0.000000,1.038505,0.767781,6.733376,4.886308
0.000000,5.805767,0.000000,1.727307,0.000000,1.488679,5.516908,4.788357,0.000000,1.348832,0.000000
0.236668,1.085040,0.000000,5.922423,3.028923,0.000000,0.000000,0.000000,8.226055,0.000000,1.283151
0.000000,0.360178,6.258920,0.523151,0.000000,0.000000,5.673376,3.955314,0.000000,0.739410,3.957567
0.821067,0.000000,9.255012,0.000000,1.901597,2.591027,0.000000,2.187880,0.939271,2.774887,0.000000
0.000000,10.321099,0.000000,3.374827,0.000000,4.220733,2.112548,0.000000,2.720584,1.761535,2.333981
1.266937,5.382472,0.000000,0.000000,4.298595,0.000000,0.000000,1.558250,0.000000,0.000000,0.455166
3.242422,0.000000,5.034824,2.158139,1.104101,0.000000,0.000000,0.000000,1.722269,4.190660,2.441010
0.802236,3.165958,0.000000,0.000000,6.962471,0.000000,0.000000,8.424879,0.000000,0.000000,0.000000
9.770215,0.642756,3.619984,10.827558,0.000000,2.893852,0.715051,0.000000,0.000000,1.960113,0.160091
0.805518,0.654414,0.000000,2.828028,0.000000,2.647436,1.569778,0.000000,1.632234,1.602146,5.242683
0.000000,2.063835,2.778344,0.000000,3.235063,1.852688,0.000000,3.468006,0.442915,0.221802,2.788887
0.000000,0.000000,1.299503,0.000000,0.000000,1.753793,0.000000,0.000000,1.035348,0.877017,1.412569
1.151313,0.000000,2.821580,5.993721,5.483480,0.000000,0.000000,7.414852,8.555911,0.000000,1.947290
1.377694,1.333343,2.698048,2.761325,0.000000,5.849183,7.646545,0.000000,0.000000,0.883418,2.395742
0.000000,4.284281,0.000000,0.873212,6.696318,1.057587,1.257369,0.000000,0.000000,0.000000,0.000000
5.557562,2.414215,11.499274,2.313410,6.101620,2.899552,1.879961,0.000000,4.014332,2.137162,0.074166
0.000000,1.762085,0.000000,3.683626,4.801303,0.000000,7.481092,0.000000,0.816382,0.673319,8.432452
0.000000,1.339714,0.000000,4.712165,0.000000,0.000000,0.000000,0.000000,0.000000,0.000000,5.944383
0.000000,2.006139,0.000000,0.000000,1.637191,0.000000,0.000000,0.000000,1.810095,0.482971,0.000000
0.000000,1.070517,8.320305,1.949994,0.000000,0.560283,0.000000,6.186354,0.000000,15.056693,1.541489
0.000000,0.000000,1.484159,0.000000,7.637962,1.248843,0.000000,5.367751,0.000000,0.000000,0.092951
1.386844,1.734688,0.000000,8.735113,0.000000,1.472043,2.934332,2.568864,0.196865,1.780241,0.392571
8.286167,0.347964,0.551592,0.000000,1.636694,0.000000,4.738100,3.454358,0.000000,0.000000,0.000000
6.241718,4.114672,0.000000,0.000000,0.653295,2.024483,2.811124,0.000000,1.640939,0.000000,11.813061
0.000000,0.547783,2.318132,4.225501,0.636704,4.658862,0.014287,0.088348,0.000000,3.784401,0.000000
5.123096,0.000000,5.430186,4.023014,0.000000,0.601926,3.129459,0.000000,0.152345,1.755263,0.000000
7.362234,3.008885,0.000000,5.157470,0.000000,0.000000,0.000000,0.000000,4.535079,1.926254,2.547425
0.000000,2.539843,0.000000,13.437526,2.484849,0.000000,0.000000,0.000000,1.859854,0.699523,0.000000
3.511803,3.315699,0.000000,1.694678,2.688442,3.837530,0.596627,5.507958,0.000000,0.543078,0.000000
0.000000,1.334611,0.000000,0.046104,1.407097,0.853367,13.975278,0.000000,2.926328,0.213700,2.589816
0.000000,0.000000,4.646707,4.257605,0.000000,0.000000,0.000000,2.731478,7.183229,0.000000,2.311058
0.000000,0.331472,3.352856,0.000000,0.000000,2.313579,0.000000,0.000000,0.000000,0.000000,4.140846
4.459400,0.000000,0.000000,0.000000,2.001189,0.000000,1.666279,0.809792,6.319868,7.998407,2.792441
5.577883,5.818444,0.000000,0.000000,0.000000,0.000000,4.970674,0.000000,0.000000,0.000000,0.000000
0.000000,0.000000,5.886107,0.000000,3.888664,0.000000,0.693665,5.257972,0.000000,0.975329,1.492967
0.000000,0.000000,0.000000,0.000000,0.930488,0.000000,0.000000,0.000000,5.740634,3.453193,0.000000
5.872455,4.475432,0.000000,0.000000,1.839916,2.003818,9.842416,0.000000,5.928732,0.000000,0.000000
2.174118,0.000000,0.000000,0.000000,0.000000,0.000000,14.802591,10.453795,0.000000,0.000000,1.071127
0.000000,0.000000,0.000000,4.102632,0.000000,1.550015,0.965979,1.454316,15.152473,6.033548,5.055148
0.000000,2.619979,2.239867,8.737609,0.000000,2.559199,0.000000,4.245726,0.424339,11.849692,0.661473
0.000000,0.147234,0.000000,0.000000,8.963775,1.156042,0.000000,1.390103,6.150159,4.612080,0.000000
3.532929,2.697536,2.963020,0.000000,2.420735,0.000000,8.845674,0.000000,0.000000,1.894688,1.113423
0.000000,5.343999,0.000000,0.000000,0.000000,0.959117,0.000000,1.399029,1.330462,0.000000,3.326692
1.009704,4.941309,5.091396,2.259943,1.598687,0.000000,0.540047,0.000000,4.068826,0.000000,2.603941
0.000000,0.109949,0.000000,7.165640,4.483560,23.248079,0.000000,0.000000,1.487679,0.000000,0.000000
0.000000,0.000000,1.112779,0.000000,0.000000,0.000000,1.581840,0.000000,0.000000,3.258257,3.311830
0.000000,14.930955,11.910454,0.000000,0.377464,0.297846,0.438763,2.072696,1.404489,0.000000,2.661861
0.000000,0.000000,0.953075,0.000000,0.000000,2.039722,4.371458,0.000000,3.740714,0.000000,0.000000
0.000000,0.000000,0.000000,0.000000,0.000000,7.342563,6.439060,11.474037,0.000000,0.237712,0.000000
8.885046,7.929331,0.000000,0.067996,2.127019,0.000000,0.000000,0.000000,0.000000,11.766208,0.000000
9.391025,0.000000,8.842293,0.000000,0.000000,7.674838,0.000000,0.000000,0.152670,0.843451,3.609198
1.589930,1.769879,0.881430,0.000000,1.117485,3.587382,0.000000,2.010688,0.000000,2.038130,0.000000
1.308134,0.000000,0.000000,0.000000,0.000000,0.000000,0.000000,9.537801,1.899010,0.000000,0.000000
3.052405,2.058908,0.671763,11.417317,5.666744,7.811437,2.584274,0.000000,1.437569,0.000000,0.000000
1.550969,0.765384,0.000000,0.091085,0.000000,0.000000,0.000000,0.000000,4.509178,0.000000,0.688639
0.000000,3.761218,0.000000,0.000000,0.000000,0.000000,0.000000,2.562769,2.877725,1.368453,0.000000
2.290373,11.260134,1.409328,5.530161,8.428686,0.000000,2.323473,0.000000,0.000000,1.577205,1.132640
0.000000,0.000000,5.244049,9.987196,6.174352,2.711423,0.000000,9.302640,0.000000,0.000000,8.944324
9.632853,2.721749,6.952888,4.765167,0.000000,12.023652,0.000000,0.000000,0.000000,9.930538,1.198556
0.000000,0.000000,0.000000,1.238608,0.000000,5.353399,1.719390,0.000000,0.863286,0.000000,0.910525
0.000000,1.543592,0.000000,2.545840,13.383560,4.011984,2.190377,0.000000,4.756354,2.726128,9.988902
1.292905,0.000000,2.942587,0.000000,0.000000,5.767817,0.000000,2.343904,0.000000,0.000000,4.739369
0.000000,4.719371,0.709676,0.929921,2.818690,0.000000,6.886902,1.632791,0.540132,0.000000,6.691645
1.045049,0.000000,5.255340,3.888664,3.550082,7.458940,0.690275,0.000000,3.242182,0.000000,0.000000
0.000000,1.411053,0.000000,0.000000,0.553736,1.841763,0.000000,1.120608,6.849775,0.187187,3.830990
2.973755,0.000000,9.578880,0.000000,0.000000,5.322191,0.000000,6.032058,0.000000,2.666237,1.790556
11.937877,7.529328,2.830864,0.000000,10.579231,2.181016,2.570908,0.000000,1.606149,11.241920,0.000000
0.000000,0.690234,5.254179,0.000000,0.000000,1.136193,6.612199,3.229345,10.439901,0.000000,0.000000
0.000000,0.000000,14.258538,0.000000,3.469076,5.214487,17.614175,0.000000,8.502610,24.927790,0.000000
1.018837,0.236913,0.000000,2.827795,9.938888,0.795135,0.000000,0.000000,2.737334,24.164263,0.000000
13.642177,0.000000,0.308206,11.709191,8.214285,1.883493,0.000000,0.000000,12.492179,0.000000,0.000000
7.735094,0.000000,0.488203,0.000000,0.000000,0.000000,0.000000,0.000000,0.000000,0.000000,6.688805
4.034145,1.266471,0.688336,15.961256,0.000000,6.141054,2.481256,2.370380,9.628069,0.000000,0.000000
12.124000,0.913766,1.180446,0.000000,1.997023,0.000000,3.233488,0.000000,9.772469,0.000000,0.000000
0.437116,1.788556,20.597735,3.996167,0.000000,0.000000,2.825519,3.780753,0.000000,1.987395,14.686585
0.000000,0.000000,4.552306,8.252447,0.000000,0.000000,1.233282,0.000000,0.000000,0.276828,0.000000
0.000000,4.385490,0.000000,3.716427,0.000000,0.000000,0.000000,12.664966,4.163958,3.666367,16.301258
1.253946,0.000000,3.487404,0.000000,0.000000,3.560299,0.000000,6.938856,2.241257,5.786798,1.881321
1.080038,0.327834,2.496714,0.000000,0.000000,0.000000,18.787576,0.000000,16.989279,0.000000,3.324709
3.418709,1.449447,7.186519,1.789941,0.000000,0.000000,8.859616,0.000000,0.000000,17.845985,0.000000
1.426711,0.000000,8.370008,0.000000,0.000000,6.633152,0.000000,2.199344,0.000000,7.250012,0.000000
15.420072,0.000000,2.112023,0.000000,0.000000,4.292243,0.000000,15.891082,0.000000,0.000000,0.608924
2.570236,0.000000,6.087329,0.000000,0.000000,0.000000,1.536467,5.058505,2.278546,0.649381,4.472469
0.000000,1.788434,0.000000,0.000000,2.418129,9.518682,8.482461,10.573020,0.000000,18.262352,2.168534
0.000000,8.921995,0.191505,0.000000,0.396588,0.000000,2.114379,1.843726,0.000000,0.000000,3.547309
0.000000,11.715636,0.451618,5.460699,4.719282,6.045116,0.000000,0.000000,2.123896,0.000000,0.000000
0.000000,0.000000,0.000000,1.770604,0.000000,3.449952,0.000000,7.382034,0.000000,7.757903,0.000000
2.349667,0.000000,0.935516,0.000000,0.000000,0.328514,4.263833,4.454973,0.000000,0.876682,24.791895
1.170654,1.663928,3.995905,8.506118,21.717157,4.740996,2.931601,3.676453,6.029510,0.000000,4.727315
2.730817,2.256285,0.000000,15.331032,0.975491,0.000000,15.927039,0.000000,0.000000,2.623948,7.177178
0.000000,5.280459,10.926174,8.600852,7.465040,4.338467,0.000000,0.000000,0.000000,0.000000,0.685598
2.355424,0.944429,1.925922,0.691215,0.012561,3.915954,0.000000,0.000000,0.000000,5.809497,4.847759
1.841887,0.000000,7.990143,3.592147,5.760729,0.000000,3.205810,7.493065,1.099747,4.638066,0.000000
1.739300,7.520257,0.000000,0.641051,0.000000,0.000000,16.678536,0.650606,1.341651,0.000000,0.000000
0.000000,0.393543,0.000000,0.277310,3.504807,0.758323,1.039278,2.053274,0.000000,1.947494,0.000000
4.514063,1.075502,0.000000,0.000000,11.205918,3.160879,4.390296,6.717015,0.000000,0.336809,3.797240
0.000000,0.000000,9.207778,11.877652,0.000000,0.486958,1.947646,0.000000,3.273660,0.000000,0.000000
0.000000,0.000000,0.000000,5.016765,0.000000,1.480986,4.178255,14.338690,5.999155,2.740129,11.011147
8.232068,5.577393,17.600542,0.000000,0.000000,0.000000,0.000000,0.000000,0.000000,0.000000,0.801159
1.734168,0.000000,1.132543,0.000000,0.000000,0.000000,0.000000,2.882377,0.468206,0.000000,15.216332
0.000000,0.000000,0.000000,2.800448,0.000000,0.000000,0.000000,4.277491,0.000000,0.000000,0.000000
0.000000,3.361908,0.000000,0.000000,8.277117,0.604683,4.197984,0.000000,3.457746,12.435767,0.000000
8.812384,0.000000,1.143369,7.970066,0.311715,0.000000,0.000000,2.049114,2.025379,3.573879,8.772058
2.199533,0.888926,0.000000,1.131759,8.613927,1.563425,4.897294,0.000000,3.905035,0.000000,0.000000
3.303391,0.000000,0.000000,0.000000,0.000000,0.000000,6.551075,0.425180,0.000000,2.577176,0.000000
20.660011,0.000000,0.000000,8.861164,0.000000,3.783609,0.000000,0.000000,7.939741,10.139769,10.559052
8.641149,0.000000,0.000000,0.000000,1.385016,0.000000,0.000000,0.000000,0.000000,1.716110,0.000000
8.460770,2.984282,1.218008,0.000000,0.000000,0.000000,0.000000,10.053366,23.448402,0.516920,14.715928
9.032038,0.000000,4.029042,0.256049,4.957911,0.000000,12.297995,2.522136,0.000000,2.675398,0.000000
0.000000,0.000000,0.000000,3.081834,0.000000,18.044861,0.445726,0.000000,8.075269,3.510503,0.000000
1.750555,3.256887,0.000000,3.127800,0.000000,0.600810,0.000000,0.000000,10.031336,0.000000,0.000000
8.781249,7.035437,0.000000,2.371926,0.000000,0.000000,1.605913,5.147329,10.551837,0.000000,0.000000
0.159030,2.562386,0.000000,6.557677,7.478200,0.000000,4.721740,0.000000,0.000000,0.000000,5.137505
1.914231,7.354188,0.000000,8.080937,3.282656,0.000000,0.000000,22.129471,12.843480,1.164866,14.964869
0.000000,0.000000,9.185661,0.000000,0.000000,5.431545,1.336516,3.121026,9.317753,9.993206,3.192571
0.000000,20.001566,5.366554,0.000000,8.152077,0.000000,0.000000,0.000000,0.000000,0.000000,0.000000
0.000000,8.835600,0.000000,0.000000,0.211209,0.000000,3.544840,0.000000,5.903862,8.210247,2.833176
0.582375,5.387446,0.000000,3.979046,10.644117,0.000000,0.000000,0.458437,0.000000,16.547261,17.835455
0.000000,0.000000,0.000000,0.000000,5.316131,6.255813,0.000000,0.000000,0.675848,0.000000,0.000000
0.000000,0.357243,2.071689,1.498077,15.894357,8.707522,0.799609,8.438063,0.000000,0.000000,8.179436
0.000000,0.970739,0.000000,0.000000,4.815872,1.163966,2.859182,0.000000,0.000000,0.000000,0.000000
0.000000,10.894851,0.000000,1.838118,9.339917,1.211570,3.067316,18.075875,3.791149,5.458829,12.978971
0.000000,0.000000,0.000000,0.000000,9.656435,4.307412,1.375812,0.000000,2.551799,9.669454,0.000000
0.000000,0.453784,12.779012,8.023719,0.430683,9.397569,0.000000,13.834979,0.000000,0.000000,2.247271
18.245303,0.000000,7.222398,3.573200,9.140316,2.818456,0.603151,11.896731,3.341056,0.779633,0.000000
0.000000,14.109594,0.000000,0.000000,7.482524,2.183883,0.000000,6.733063,0.000000,0.000000,6.691240
0.000000,0.120936,0.000000,2.015521,0.000000,2.354592,0.000000,2.783070,0.000000,0.000000,4.671057
0.000000,0.000000,3.338170,12.565722,0.000000,2.546186,0.000000,4.276764,20.906987,2.257665,12.373119
12.012771,0.000000,0.000000,0.000000,2.253866,0.000000,0.000000,0.000000,0.658356,1.847201,8.371202
0.000000,4.688322,2.215068,5.166202,11.250708,0.000000,0.000000,0.000000,0.000000,0.000000,13.548800
0.000000,0.000000,0.000000,14.895756,0.000000,0.000000,4.298701,15.093532,0.000000,0.000000,0.000000
0.000000,0.618817,0.000000,2.599768,0.527164,3.871769,3.860565,17.070156,0.000000,7.705553,0.000000
0.000000,0.770510,0.000000,8.189134,0.000000,0.000000,7.499779,0.000000,0.000000,0.401878,8.950042
0.000000,0.000000,0.000000,2.158109,0.672411,0.000000,1.481824,4.697174,0.000000,0.000000,0.000000
4.548998,6.498807,3.211588,0.931613,2.051654,6.251709,7.102093,0.000000,0.000000,0.000000,0.000000
0.000000,0.000000,0.000000,0.000000,5.981507,0.882696,0.000000,7.228223,0.000000,2.875779,5.524780
1.120060,0.000000,0.000000,18.273541,17.420335,8.510582,0.000000,0.000000,2.558367,0.000000,0.000000
8.777650,0.000000,7.674887,0.000000,0.000000,0.000000,0.000000,2.006923,13.669996,0.000000,0.000000
0.000000,0.000000,0.000000,0.000000,2.878102,0.000000,0.000000,0.482765,0.000000,0.000000,1.892558
4.586308,0.468231,10.822753,0.000000,18.759503,0.000000,4.246019,1.627825,6.191632,4.590054,0.000000
1.059090,2.771321,0.000000,11.886854,13.811066,0.000000,3.675632,9.314333,6.890668,2.264010,0.000000
0.000000,4.640337,2.582959,5.806401,0.000000,0.000000,0.476842,6.892975,1.985640,13.019724,7.933029
0.000000,6.895017,6.071738,0.000000,5.521424,27.500014,0.000000,0.000000,0.000000,16.655580,0.000000
0.000000,0.000000,3.925313,3.600474,2.274273,17.504826,0.246010,3.552892,1.183510,4.192680,0.778885
0.000000,6.195997,8.340953,9.788736,0.000000,4.905710,0.000000,8.056289,0.000000,2.509846,0.000000
4.052250,0.000000,0.000000,0.000000,2.738211,15.795185,0.000000,3.470781,2.048632,0.340170,4.893887
0.000000,10.835739,0.000000,0.000000,0.000000,24.147330,0.000000,4.048029,1.989522,0.000000,3.337056
7.466550,17.798667,4.332024,0.000000,0.000000,2.908533,0.000000,0.000000,6.035085,0.000000,5.406186
0.000000,0.000000,3.220631,0.000000,2.083275,0.000000,0.720923,3.545668,3.316763,0.000000,0.000000
7.893986,0.000000,0.000000,0.000000,0.114518,0.000000,0.589729,3.193377,0.448113,1.348612,15.628038
4.312608,2.264998,0.000000,0.000000,0.000000,2.220732,4.408083,6.620088,3.280729,0.000000,0.000000
0.000000,0.000000,0.384519,0.000000,0.000000,7.670262,3.995783,9.930792,0.000000,0.000000,0.000000
9.251037,5.837666,2.773691,0.000000,0.000000,7.773272,8.501385,20.665525,0.000000,0.000000,26.954118
4.515550,1.243206,0.000000,2.916067,0.000000,0.000000,8.309376,0.000000,25.314872,0.000000,0.000000
24.878468,0.000000,0.391423,3.394326,1.661350,6.889948,0.190327,4.211767,0.000000,1.587830,0.418770
3.917719,0.000000,0.000000,0.000000,2.698738,0.000000,0.000000,0.558353,8.141848,0.518537,9.119151
7.342950,2.143704,0.000000,0.000000,7.011715,0.000000,0.000000,5.348443,0.000000,5.042688,0.000000
2.798008,0.000000,3.401042,0.000000,0.000000,10.894161,6.952031,22.697408,7.293730,0.000000,2.108455
0.000000,5.130420,0.000000,0.000000,0.000000,0.000000,9.758377,3.769410,0.717367,20.154876,0.000000
0.000000,0.000000,0.294523,0.000000,36.143192,0.494760,0.000000,0.000000,0.000000,2.001478,9.843179
7.966144,5.365464,0.320341,1.949506,0.000000,0.000000,0.000000,4.642423,8.153591,0.374199,0.000000
20.155171,21.122796,0.000000,0.000000,0.000000,0.818809,3.251438,3.171072,0.940071,0.000000,0.000000
6.786292,0.000000,3.407556,1.166647,5.109907,0.000000,0.000000,6.150976,0.000000,0.000000,3.442144
0.000000,10.459049,1.764188,0.000000,0.000000,1.581959,1.428299,0.000000,0.000000,0.000000,2.545451
0.486271,10.629547,1.833974,6.518870,0.000000,0.000000,2.141555,13.718489,0.000000,22.211389,0.000000
0.000000,3.109500,8.753717,0.000000,0.000000,7.176537,3.424083,0.000000,0.000000,17.956320,14.104018
0.000000,0.000000,3.690641,12.135508,2.088387,0.000000,0.605161,2.066287,8.312381,0.000000,3.888179
6.049009,2.747798,2.650171,2.136747,7.459824,3.785245,1.551566,0.000000,0.000000,2.660488,0.000000
3.549335,15.230482,0.000000,5.966366,8.867313,0.000000,0.000000,1.193802,0.000000,5.677675,6.732985
2.881297,0.000000,3.073917,5.669476,2.423066,8.531623,14.440618,0.000000,0.000000,1.429675,6.427101
0.000000,0.000000,0.000000,0.000000,4.703851,13.087393,0.000000,0.000000,0.000000,0.000000,6.849971
4.235067,1.511043,6.189011,1.205862,0.616420,4.837341,6.427764,0.000000,3.117786,0.000000,0.000000
0.594066,1.551087,4.036506,0.000000,1.760542,0.000000,0.000000,0.000000,0.095780,0.000000,0.000000
0.000000,0.000000,0.000000,0.000000,0.000000,9.010248,0.000000,0.413090,0.000000,15.487319,12.726055
4.986563,0.000000,1.205210,2.244754,12.243329,1.455719,0.000000,7.660960,0.000000,0.000000,7.627117
0.000000,0.000000,0.000000,0.087887,0.000000,0.000000,0.000000,0.000000,3.082126,6.839421,0.000000
0.000000,2.310618,0.000000,0.000000,2.988956,1.215123,0.000000,1.967402,0.000000,0.000000,2.469652
0.000000,0.000000,7.355953,3.036985,0.000000,9.948807,0.000000,2.320814,0.438795,0.000000,10.323353
7.611997,1.937763,21.887858,0.604297,0.000000,1.566076,0.000000,4.808509,4.010079,0.000000,9.033702
2.708150,6.673209,3.009822,1.150803,0.000000,1.983970,0.000000,1.916110,8.360087,0.000000,2.495255
7.555118,7.864209,0.000000,5.134571,2.526275,0.000000,0.000000,0.969482,5.500557,18.296377,5.856140
9.697963,10.413804,0.000000,6.710918,0.000000,0.000000,5.895882,0.000000,4.506945,3.130864,0.000000
9.237387,2.905745,5.332152,0.000000,4.330067,0.000000,0.000000,4.032788,0.000000,18.670239,1.770302
0.000000,0.000000,0.000000,4.779782,4.960918,0.000000,0.000000,3.288932,0.000000,0.000000,0.000000
0.000000,0.000000,2.611509,0.000000,0.000000,0.000000,0.000000,0.333867,0.000000,0.000000,0.000000
2.478263,0.000000,2.162309,3.114846,0.000000,3.497380,0.000000,8.070702,2.226675,6.863007,0.000000
2.213455,2.571392,0.000000,2.735885,9.110870,0.000000,2.931385,8.336757,9.227590,5.038967,0.000000
3.541154,0.000000,0.000000,0.000000,0.000000,3.188799,7.796411,2.606225,0.000000,0.000000,0.000000
0.000000,0.994804,0.689353,0.000000,2.509811,3.829540,19.608650,3.865660,8.929518,1.048953,0.000000
0.000000,1.770596,11.371207,2.162202,0.000000,0.000000,0.000000,0.000000,9.060815,0.000000,4.566970
13.543456,0.047671,0.000000,3.418679,2.531600,3.053501,0.996983,2.803472,1.132182,2.228975,9.801960
0.000000,3.199198,0.000000,0.000000,0.000000,2.556622,5.777750,0.000000,0.000000,0.000000,0.000000
3.863040,0.636329,0.000000,0.046317,5.462391,0.000000,0.000000,0.000000,12.341800,0.000000,4.426677
6.594191,0.942120,0.000000,0.000000,0.000000,0.000000,1.156658,0.000000,0.000000,6.029352,0.000000
0.000000,9.759979,2.744491,0.000000,13.017777,0.000000,13.627258,0.000000,0.000000,5.334570,5.595033
11.725175,1.659920,0.000000,7.636199,2.095262,0.000000,0.000000,0.000000,0.000000,4.334884,0.000000
10.615564,1.048022,4.983882,2.450396,8.383459,1.132913,0.000000,13.645642,2.716197,0.000000,11.805242
0.000000,0.000000,0.000000,1.884398,0.000000,3.944318,3.828533,0.000000,6.943573,6.098342,8.329805
3.305202,0.000000,0.000000,2.064267,0.000000,0.000000,0.000000,6.051867,0.000000,0.000000,4.526288
0.000000,0.986821,4.883604,17.486590,0.000000,0.620898,13.690810,10.393026,0.000000,7.099378,0.000000
11.107940,4.164580,0.000000,1.528328,0.000000,0.000000,0.615664,1.064356,0.000000,7.035319,0.000000
0.000000,11.296373,8.442505,2.259172,1.026144,9.884317,18.035149,0.000000,1.020198,4.136016,0.000000
0.595981,0.000000,1.004031,6.904230,0.000000,0.000000,0.000000,3.046130,8.305994,0.000000,7.155262
4.194545,0.000000,3.246083,0.000000,0.000000,0.211417,0.813818,3.180773,0.000000,0.000000,0.000000
0.000000,0.000000,0.000000,1.063851,8.730831,0.000000,4.172751,2.909959,2.524784,2.671231,1.064524
0.000000,0.544386,2.018434,2.340849,5.881987,0.000000,0.000000,3.408757,0.000000,0.000000,0.000000
0.000000,0.000000,8.686093,13.270081,0.000000,3.814513,0.000000,0.000000,2.494402,2.103227,2.745959
0.000000,0.000000,0.000000,0.000000,0.000000,0.765988,0.954916,2.936772,9.106944,0.834647,0.000000
9.681501,0.000000,0.000000,2.579485,0.000000,0.000000,0.000000,0.456641,8.282412,3.579495,0.000000
0.000000,0.000000,1.336191,0.000000,0.000000,0.000000,0.000000,8.416795,1.243620,0.000000,7.119442
0.889629,1.749171,4.642973,2.015729,6.551155,0.000000,0.000000,2.589673,0.344940,0.000000,0.000000
4.328869,0.000000,0.000000,0.000000,0.934025,2.660149,5.294532,1.615940,6.100351,0.498185,0.000000
1.729691,3.552693,6.262522,0.000000,7.190516,9.754403,6.440348,3.620066,0.000000,0.000000,3.771694
3.050312,0.000000,0.000000,0.103114,0.567780,0.000000,7.243156,0.000000,0.000000,0.000000,0.000000
0.562087,8.205410,1.501762,0.000000,0.000000,0.000000,0.366577,0.000000,6.276130,0.000000,4.120371
0.000000,0.000000,1.756688,5.156061,0.000000,5.780494,0.000000,18.267493,2.886002,1.040885,0.000000
0.000000,1.436420,1.362815,8.118609,1.021011,0.744920,0.000000,2.678934,0.000000,2.691049,5.319500
0.000000,1.317982,0.000000,0.000000,0.000000,0.000000,0.085783,4.230902,0.017933,0.920945,9.668924
2.171831,3.244988,15.484565,4.513096,0.000000,0.000000,4.957912,2.098145,0.000000,0.000000,0.000000
5.766982,0.000000,1.517681,1.389526,2.781340,2.586529,2.721396,0.000000,0.000000,3.839988,0.000000
15.908317,0.000000,0.000000,1.911783,0.552494,5.531875,5.059030,0.367219,1.214404,0.990881,9.429313
0.000000,7.239778,0.000000,0.474869,2.213028,0.000000,7.490578,0.000000,0.000000,0.000000,2.227564
0.000000,1.450920,3.023350,14.568386,5.206186,0.000000,0.000000,2.712658,0.535505,0.000000,0.000000
0.000000,3.235903,8.805541,5.374303,0.000000,2.943288,1.079216,0.000000,19.208929,0.841802,5.048747
6.103284,0.000000,6.919436,0.000000,0.000000,2.610088,0.895038,0.145717,4.606662,0.000000,0.000000
1.696519,1.190051,0.157263,3.964725,11.979870,0.000000,0.683127,0.000000,5.267596,3.641230,0.476252
6.409454,19.949926,4.640156,0.000000,0.000000,2.235882,18.244624,0.000000,1.019275,0.000000,0.000000
9.216615,1.242267,4.411308,5.626644,1.263479,0.000000,0.000000,3.290738,0.000000,9.899728,0.000000
0.000000,2.123219,3.755968,0.000000,0.000000,4.300057,0.000000,0.000000,0.000000,0.000000,0.000000
2.943434,0.000000,0.000000,5.605756,0.000000,0.000000,20.338331,0.000000,3.121837,0.000000,0.817962
0.000000,1.085166,6.125248,1.464235,13.273098,0.000000,0.229273,10.832617,3.972603,0.000000,0.000000
0.000000,0.000000,0.000000,1.231938,0.402161,0.000000,0.000000,0.000000,3.200466,0.000000,0.000000
2.753897,12.848921,0.000000,0.000000,0.000000,0.000000,0.000000,0.000000,2.063827,0.000000,0.333818
5.891914,0.000000,2.984044,0.000000,12.801405,1.148679,16.473447,0.000000,12.611055,1.027895,7.897358
7.405226,8.308821,0.000000,0.498924,0.113949,0.000000,0.000000,0.000000,0.468770,5.631653,11.027767
0.000000,6.629885,0.000000,5.631579,1.444039,0.000000,0.000000,5.863238,8.429882,0.820474,2.910144
11.527968,0.000000,0.000000,0.000000,7.907302,0.000000,1.518230,0.000000,0.640344,6.797492,4.689634
2.212909,0.000000,6.439940,1.707359,0.000000,0.000000,0.000000,0.000000,6.130630,0.212891,4.790518
0.971501,1.722498,0.000000,0.000000,0.000000,2.330710,3.574032,1.759534,2.437997,0.000000,8.604791
0.000000,0.588169,0.000000,19.063744,0.000000,0.195468,8.609601,0.000000,0.000000,1.485497,0.000000
0.000000,2.140071,2.587178,0.556596,0.634755,0.000000,2.002967,1.478155,0.000000,2.705429,0.000000
2.961541,0.000000,0.006181,0.000000,0.293338,3.658265,8.956331,8.318563,8.306328,1.405908,0.000000
8.791680,1.116199,0.282291,2.061963,0.000000,0.000000,2.174307,1.684734,0.170405,0.000000,2.064833
0.358325,3.119201,3.762225,0.000000,0.214730,1.706185,0.000000,0.928275,0.000000,0.000000,0.000000
0.000000,6.090496,0.000000,2.189501,0.000000,6.122572,13.332393,5.663257,4.754582,0.000000,0.000000
4.129737,0.000000,7.007579,0.000000,4.567611,0.000000,5.207927,0.000000,0.000000,0.000000,0.000000
0.000000,3.446032,0.000000,0.000000,0.465043,4.656866,5.344454,0.000000,4.277313,2.633250,4.525409
0.000000,1.531433,0.504832,2.023246,4.286520,0.628231,0.000000,3.463916,1.682256,1.399372,0.000000
0.000000,4.183240,0.000000,0.000000,0.000000,2.773262,1.959865,6.078749,0.192926,8.416321,0.098165
1.111460,0.000000,0.000000,0.000000,0.000000,0.000000,0.000000,7.458550,0.000000,0.000000,6.697770
0.000000,5.541821,9.868751,5.465578,2.896500,0.832729,1.267131,2.149222,10.629684,0.000000,0.000000
3.718014,0.000000,0.000000,12.763513,3.297965,0.000000,7.223420,0.000000,8.536550,0.000000,6.082190
0.000000,1.557658,4.745195,4.549473,1.022570,23.654662,0.000000,6.205196,3.906184,0.000000,6.457218
1.329448,0.596446,6.115012,0.089552,2.050859,1.845814,0.000000,2.860641,9.304331,7.203889,0.000000
0.000000,0.000000,0.000000,9.229209,6.715644,3.291851,9.666183,0.000000,0.000000,2.556402,2.650528
0.000000,1.928010,4.390091,3.806884,0.000000,0.000000,0.000000,2.035509,0.000000,2.964734,0.938809
0.000000,0.700252,0.000000,0.000000,0.725901,0.000000,0.000000,7.668650,0.000000,2.301272,8.362974
15.900822,3.438288,0.265750,0.000000,0.000000,1.172974,0.258593,9.453103,5.827661,6.999410,0.000000
0.000000,0.921319,0.762027,1.128486,0.447394,1.999198,1.966794,0.000000,0.000000,0.000000,1.675294
5.873118,0.000000,0.000000,0.340760,9.162629,0.000000,0.000000,0.000000,0.000000,9.227289,11.546003
0.000000,1.740943,0.000000,3.196985,1.476807,0.000000,0.000000,0.228375,0.000000,6.869950,1.045788
2.655277,3.143523,0.000000,0.781809,0.000000,2.124236,0.000000,0.000000,0.000000,7.072494,0.000000
0.000000,0.000000,0.000000,0.000000,0.000000,0.000000,6.616217,0.000000,0.000000,0.000000,1.031696
0.000000,0.000000,0.000000,0.000000,0.000000,0.000000,0.683929,0.000000,0.000000,0.000000,0.000000
9.386921,0.000000,0.000000,1.834424,0.000000,0.367569,0.799800,0.000000,5.160089,0.000000,0.504899
0.000000,0.000000,3.101497,0.826561,0.000000,0.000000,7.118217,0.686521,0.000000,0.000000,0.000000
0.000000,0.000000,0.000000,3.271465,0.000000,0.213480,0.000000,13.451686,4.272431,0.559779,0.000000
1.643692,0.000000,0.000000,3.079588,0.000000,1.347039,0.000000,0.120244,4.702100,5.754154,0.000000
0.000000,1.923776,5.101573,12.802037,1.574109,1.845984,11.376308,2.194557,0.116543,0.000000,0.000000
0.000000,1.482308,0.896859,0.000000,5.540921,2.672999,0.009522,0.000000,0.000000,0.000000,0.000000
0.000000,7.346501,0.000000,0.000000,0.000000,7.886502,0.000000,3.771894,0.781467,0.000000,11.598386
0.000000,0.000000,4.414568,4.162946,1.499833,0.000000,0.585073,8.279270,0.000000,0.000000,0.000000
1.975782,0.000000,2.814797,3.005830,4.417290,0.000000,2.621232,0.000000,3.749751,0.000000,2.090651
0.000000,12.088431,0.000000,0.000000,0.000000,0.000000,0.237191,2.382412,7.750229,10.139099,5.590972
0.000000,0.000000,3.672184,0.000000,4.775033,2.475272,1.511636,10.310204,0.000000,0.000000,7.026173
2.534921,2.873224,0.000000,6.773119,2.396566,0.000000,0.000000,0.000000,0.000000,3.137511,0.000000
3.004627,0.457332,3.143752,6.212800,0.000000,6.563331,5.430953,7.933979,0.000000,1.053330,9.239413
3.934068,0.000000,0.000000,9.176048,0.000000,3.398603,0.000000,2.646005,0.000000,1.096580,0.000000
0.000000,2.322261,0.000000,1.876802,0.000000,1.749034,0.000000,1.014795,0.000000,0.000000,0.000000
3.847983,0.335544,2.839291,0.000000,1.503408,0.723623,0.000000,0.000000,2.725647,0.000000,0.000000
0.000000,3.133528,0.000000,3.149869,0.000000,0.000000,1.736354,0.000000,2.817238,4.405723,9.029289
0.000000,2.683089,0.000000,0.000000,2.515172,0.000000,2.975789,0.921161,6.048813,0.749090,0.000000
2.008933,0.000000,2.037420,0.000000,0.012754,0.000000,1.357682,3.095423,0.000000,8.550222,1.176321
2.507411,5.174853,0.000000,0.426696,1.495542,1.984984,0.000000,2.689713,1.928327,0.000000,0.000000
3.067378,0.000000,2.988278,0.000000,13.390823,0.000000,0.000000,0.000000,0.000000,3.960111,0.000000
1.863191,4.373251,2.888119,1.160636,0.884934,0.000000,1.788551,2.143597,0.000000,0.000000,2.494264
0.429464,2.171141,1.918972,0.909780,3.818592,0.000000,2.028160,0.000000,3.140150,5.910810,0.000000
0.746409,0.000000,1.329237,0.000000,0.000000,18.497974,0.000000,1.368755,0.628289,0.000000,1.257894
0.000000,0.000000,0.000000,0.000000,5.923987,10.099272,15.837130,0.475990,0.449494,0.000000,0.504500
1.096345,0.000000,7.758758,0.000000,2.736094,1.494155,0.000000,1.182185,2.269538,1.288691,2.207941
9.876879,0.177568,1.271750,0.000000,2.495287,0.775127,11.649851,0.886360,0.000000,9.057444,2.268664
2.567888,1.609119,1.761550,0.000000,5.366973,2.413344,3.351011,0.000000,0.000000,3.389988,0.000000
7.207020,6.398686,0.000000,5.666337,0.755781,6.247110,0.000000,0.000000,4.342231,0.000000,0.000000
0.000000,1.500998,0.000000,0.000000,1.861090,2.028618,0.334305,0.000000,0.689643,0.000000,0.000000
2.393141,0.000000,4.503418,8.241556,0.000000,0.000000,0.030371,0.000000,0.303950,3.575794,1.691393
0.000000,0.000000,6.944610,0.000000,0.000000,0.000000,0.000000,2.641528,7.168411,2.325871,0.000000
2.990701,0.845830,3.350512,0.000000,0.000000,0.000000,0.938228,0.899691,0.000000,0.000000,3.612111
0.490542,5.745946,2.989818,0.000000,6.535944,18.367220,2.067670,4.164027,2.630670,0.000000,0.000000
0.652653,1.289834,0.000000,1.034451,1.473761,0.000000,0.000000,0.000000,0.000000,0.000000,0.000000
4.166394,0.071030,14.019935,5.623979,1.838314,0.468247,0.325194,4.409255,0.000000,0.300409,1.018915
0.235780,1.134983,0.000000,0.000000,2.819825,0.617965,0.000000,2.396654,0.000000,0.000000,3.061916
2.627558,1.828926,0.000000,0.818699,3.084808,4.167159,3.768476,3.062547,0.000000,0.000000,0.974202
0.000000,0.000000,0.000000,0.000000,0.000000,2.293037,3.194837,0.000000,4.705246,0.000000,0.000000
0.000000,0.000000,6.982379,4.749058,7.403652,0.000000,0.000000,0.000000,9.531332,5.080183,1.328985
0.000000,0.223493,0.000000,0.000000,2.902371,1.107184,5.642633,5.153987,0.000000,2.091294,0.000000
0.000000,0.000000,4.229935,1.208080,4.254692,3.984434,0.645161,0.832189,0.000000,6.877023,1.929568
5.498117,11.080088,2.982015,0.000000,7.020472,5.333040,0.000000,7.481920,4.514145,0.000000,3.189392
0.000000,0.000000,1.922611,1.266479,0.000000,1.728147,3.568252,1.680520,0.232627,4.345969,0.000000
0.000000,0.000000,8.051119,0.000000,10.265336,0.000000,2.046891,0.000000,0.000000,0.000000,0.000000
0.000000,3.446675,0.000000,0.000000,0.000000,0.000000,1.548306,1.752627,0.000000,0.000000,3.613955
0.000000,6.878569,0.000000,0.000000,0.447983,6.049265,1.955869,1.687519,1.121941,5.223146,0.000000
0.000000,4.686333,0.000000,4.390012,0.000000,3.027689,7.303494,0.000000,6.843203,6.000152,0.000000
0.000000,1.595903,0.655282,0.000000,0.000000,0.643448,0.000000,5.270451,11.531218,0.656185,0.000000
0.000000,2.843475,9.213094,0.000000,2.151659,0.000000,0.000000,1.156796,0.182116,0.339503,5.723468
0.000000,0.000000,1.061231,0.084797,7.455568,0.000000,0.517134,0.000000,0.000000,0.000000,3.923252
2.813916,0.000000,1.642136,0.000000,2.938867,1.402772,0.000000,0.000000,0.346204,0.000000,2.351885
0.000000,1.890661,6.885767,0.000000,0.000000,0.000000,0.000000,2.812797,0.959073,0.000000,0.000000
0.000000,3.043915,6.901271,0.260538,4.677168,2.177608,0.000000,2.116423,8.303686,0.000000,3.634906
0.000000,1.548627,0.000000,4.299650,0.000000,0.571602,0.000000,0.547735,0.343238,0.000000,0.000000
1.312002,0.527445,2.023959,0.905303,7.998391,0.979270,4.326466,3.351200,0.000000,0.000000,3.311971
0.000000,6.034129,5.242031,0.603711,3.651131,1.856941,2.286936,0.000000,0.409660,0.000000,3.589275
0.000000,0.000000,3.370548,0.086940,0.000000,1.516064,5.818706,0.237764,2.048367,0.000000,8.175785
1.807676,0.000000,0.000000,0.000000,7.283280,0.364839,0.000000,0.000000,4.617849,0.000000,0.000000
0.000000,0.000000,7.108288,17.302563,4.240474,0.000000,0.000000,2.187164,0.000000,3.089018,0.000000
1.662271,5.788693,0.000000,3.194995,4.110275,9.165734,0.000000,0.000000,1.030050,3.161723,4.285437
0.000000,8.618878,0.422395,3.686861,4.393902,0.000000,0.367640,2.459373,0.000000,0.330416,1.439329
0.000000,0.000000,0.000000,5.464354,3.754805,0.000000,5.376070,1.778016,7.633157,0.354525,0.000000
0.000000,0.000000,0.556221,0.000000,0.000000,0.124121,0.000000,0.000000,2.651123,0.000000,0.000000
0.956518,1.988744,0.000000,0.163132,0.000000,0.000000,2.913530,6.047996,0.678976,0.000000,6.369814
0.000000,3.606836,2.895480,1.020012,1.420688,1.987694,0.000000,0.640453,1.040959,0.000000,0.000000
4.070334,1.608259,2.976441,0.000000,0.000000,2.097023,1.259774,4.838319,0.000000,3.685355,0.433942
0.000000,1.349433,0.000000,0.000000,0.000000,0.000000,0.000000,0.000000,0.000000,0.000000,0.000000
0.000000,0.000000,2.280239,7.357283,3.055660,0.000000,0.000000,1.515351,0.000000,0.000000,0.000000
0.000000,0.647023,0.000000,0.940375,0.000000,0.907512,5.596337,0.000000,6.468693,0.776015,2.553361
2.214215,0.000000,0.041230,2.158005,1.200348,0.000000,0.482962,2.486540,0.000000,0.000000,4.640975
2.951419,3.730154,0.000000,4.220550,0.000000,6.845206,0.000000,0.000000,0.000000,1.401652,0.000000
0.000000,0.000000,3.835824,0.000000,0.000000,8.408402,0.000000,2.841133,0.000000,5.665478,1.469385
0.634847,9.400474,0.000000,0.000000,4.485907,0.000000,8.948173,0.000000,0.000000,1.460500,0.993195
1.781656,2.641994,0.000000,1.018116,0.000000,1.956832,0.000000,3.109836,1.930377,3.811987,0.000000
3.293138,0.000000,0.000000,0.999660,7.378342,0.000000,0.000000,0.000000,1.183905,0.000000,0.000000
0.098185,1.178380,10.779942,3.281100,0.000000,0.000000,5.486896,0.859808,0.000000,0.000000,0.000000
0.000000,0.000000,0.676023,0.000000,4.970646,1.839335,2.640885,0.000000,1.288622,0.181624,0.000000
0.000000,0.400548,0.000000,0.000000,0.000000,1.257274,4.289320,2.991948,0.000000,0.000000,0.000000
0.000000,0.000000,3.328113,0.000000,0.000000,0.000000,4.562251,3.883291,0.000000,0.177182,8.948602
1.021398,0.264755,0.658439,3.573340,0.000000,0.000000,0.143043,5.342743,0.000000,2.792534,0.000000
0.000000,2.786341,0.000000,7.842876,3.377102,1.085858,3.514693,2.940355,5.131649,0.791642,1.706336
0.000000,0.403708,0.105799,0.000000,0.000000,0.000000,0.000000,0.782229,0.000000,2.339433,0.000000
0.000000,0.000000,0.711791,5.301499,2.296738,0.515804,2.631314,0.000000,0.000000,0.000000,1.297610
0.000000,0.153679,3.533475,2.247548,0.000000,7.192070,1.577609,0.000000,0.000000,0.000000,2.906380
0.000000,0.065723,0.761882,0.589225,4.870752,0.712304,0.000000,0.623110,0.000000,0.778441,0.354539
0.000000,0.000000,0.178468,0.103894,6.006005,0.000000,0.000000,0.000000,9.453941,9.950565,3.210343
0.000000,0.000000,0.000000,0.000000,0.000000,0.000000,0.000000,0.000000,5.689788,4.073736,1.565880
2.207135,5.914254,1.253319,6.139184,0.000000,0.000000,0.000000,0.718619,4.707275,0.000000,0.000000
0.000000,0.000000,2.746222,1.637466,1.143801,0.000000,6.198112,0.447728,0.000000,4.319472,1.184588
0.000000,1.877077,2.718500,0.000000,0.236916,0.000000,0.877104,2.700932,0.300116,0.505965,0.000000
0.000000,0.000000,0.218831,0.000000,0.000000,0.000000,0.000000,0.976685,0.947569,0.000000,1.812679
0.000000,0.000000,1.925697,0.000000,3.393820,6.254665,0.000000,0.000000,0.000000,2.505542,0.744067
0.000000,3.001474,0.000000,2.172985,0.000000,0.000000,0.000000,0.436540,0.146646,2.422078,0.000000
0.000000,3.425624,0.000000,0.000000,0.378374,0.000000,3.733693,0.000000,2.960584,0.591623,14.933874
0.857051,0.000000,1.019453,2.752166,2.886981,0.000000,3.341113,2.705090,0.000000,0.000000,0.000000
1.033625,2.235209,0.000000,0.000000,3.581244,0.000000,1.691726,0.584534,7.104699,0.000000,0.000000
0.000000,2.948868,0.000000,0.000000,0.000000,4.799493,2.820873,1.126892,0.048574,0.000000,3.436287
0.000000,0.000000,0.000000,0.000000,0.000000,0.183927,3.783915,0.000000,0.000000,0.000000,2.332139
2.593469,3.314113,0.000000,0.000000,0.000000,1.394027,0.000000,1.643226,0.447902,0.000000,0.000000
1.060302,0.793394,7.731070,2.127064,0.000000,2.937676,0.685702,0.000000,0.295010,0.000000,0.000000
0.000000,0.000000,0.856007,0.000000,7.759293,6.577653,0.000000,0.000000,0.000000,0.000000,0.508735
0.000000,3.006222,0.647876,0.000000,0.000000,0.000000,0.000000,0.000000,2.663832,9.575400,9.712546
0.000000,2.530717,13.161961,0.000000,0.000000,2.591429,9.993698,1.002359,6.288681,0.000000,0.000000
1.382861,5.915032,0.211119,4.765365,4.796412,0.000000,4.121173,0.000000,1.183919,16.944848,1.789497
1.365332,3.112023,2.893527,0.000000,0.472279,6.924424,0.035816,0.000000,2.092665,0.234261,0.000000
0.000000,5.563348,0.000000,0.000000,3.964936,2.521712,8.336429,0.000000,6.013266,2.818982,1.425642
0.000000,1.683905,3.291132,0.000000,0.000000,0.000000,5.382395,0.630367,16.700489,3.672481,0.391233
1.263173,0.258826,0.000000,1.217269,0.000000,0.008356,0.000000,0.000000,6.126011,2.411219,0.000000
2.150488,7.572172,0.000000,7.202703,2.924782,0.000000,0.000000,13.685506,0.000000,0.165112,3.238304
5.046354,0.000000,6.727480,0.000000,5.052100,0.000000,0.000000,0.394848,0.000000,0.000000,0.000000
2.360614,0.000000,0.000000,0.000000,1.996023,0.000000,0.000000,4.491470,3.830138,0.000000,2.310216
0.000000,0.000000,1.848665,3.112327,0.000000,0.000000,0.000000,2.723810,0.759394,0.000000,5.759681
4.494403,0.000000,2.849422,3.716049,0.000000,3.077462,0.000000,16.853515,0.000000,3.512600,0.000000
0.000000,1.459843,3.549955,0.000000,0.000000,0.000000,0.000000,0.000000,7.999235,0.000000,0.000000
0.000000,7.548696,0.000000,0.000000,0.000000,0.000000,0.670031,3.755436,0.000000,1.381969,0.000000
3.571729,0.704088,2.048659,0.000000,0.000000,0.000000,0.000000,0.000000,2.509819,0.620515,8.024265
3.697895,0.000000,1.831618,1.981120,0.723597,1.870715,0.000000,2.986067,4.256176,0.000000,0.000000
2.520061,5.540824,1.810648,0.000000,0.000000,0.000000,1.022880,2.865469,0.000000,8.969872,0.180210
0.000000,0.000000,0.000000,2.524949,0.007428,0.000000,0.000000,0.000000,0.000000,0.000000,0.000000
7.225348,0.658697,1.253813,5.680726,0.000000,0.000000,0.000000,11.186677,3.322248,0.000000,0.000000
3.950077,7.999440,0.000000,7.254586,0.000000,0.000000,0.435196,0.442658,1.734201,1.442793,1.072064
0.000000,1.024815,15.782565,2.374701,1.538944,4.110458,1.848087,2.401200,6.925624,0.000000,0.000000
1.959546,5.011278,1.153755,1.889094,3.397184,3.929407,0.000000,0.235085,1.336014,0.000000,0.000000
3.787460,1.057005,0.000000,0.887150,0.000000,1.692823,6.343840,0.000000,4.457875,5.236061,0.757119
2.341686,0.000000,0.000000,0.996771,0.000000,0.000000,4.808168,0.000000,0.000000,4.998458,0.000000
4.082873,2.490040,0.000000,0.000000,2.272226,1.258602,8.059061,0.000000,0.000000,1.015514,0.000000
0.000000,0.000000,0.000000,3.821312,0.000000,0.000000,0.684612,0.000000,2.651197,4.347475,11.275672
0.000000,1.416583,0.549139,2.200874,0.000000,0.000000,2.548690,3.511655,0.000000,2.999557,1.302327
0.000000,0.000000,4.193934,5.035855,0.000000,6.138405,0.000000,0.000000,0.000000,0.000000,0.000000
3.354193,7.171653,2.769907,0.000000,0.000000,0.555047,0.000000,0.000000,0.000000,0.000000,0.219681
0.060035,0.000000,2.321691,0.000000,0.000000,0.000000,7.259033,0.000000,0.000000,2.091715,5.399725
0.000000,6.253335,0.000000,0.000000,0.715991,6.416509,0.000000,0.000000,0.000000,1.213319,6.627689
0.000000,2.700403,7.071630,0.000000,0.000000,10.206244,0.000000,0.000000,0.000000,7.802409,3.292246
3.703137,0.000000,3.283884,4.072359,0.000000,11.724334,4.344385,4.375574,3.147905,5.861108,0.000000
0.000000,0.000000,2.111594,0.000000,4.951643,3.510269,4.786249,0.000000,0.000000,4.417510,3.955143
3.095701,0.794555,0.000000,10.847200,6.341035,0.000000,0.608110,3.381971,0.369144,0.000000,11.560959
0.000000,0.000000,8.657612,7.225765,7.384276,4.783613,2.693999,15.408377,2.120128,0.000000,0.000000
0.000000,6.850942,0.462517,2.212504,6.236270,0.000000,4.469880,1.719139,0.000000,0.000000,4.953832
0.000000,0.000000,0.000000,4.860701,0.000000,1.225601,5.979740,2.112747,1.351250,0.000000,0.000000
0.573832,0.000000,0.067055,0.912583,0.000000,6.244601,0.000000,0.000000,2.648116,9.664984,3.313892
3.870215,0.269553,0.000000,0.000000,0.000000,0.000000,1.983843,7.525155,0.000000,2.318346,11.983979
2.150138,0.000000,0.000000,0.000000,2.021784,1.153968,0.000000,0.000000,1.800167,7.421744,0.000000
6.635620,0.762585,0.000000,0.000000,0.000000,3.229656,2.627147,1.655519,0.000000,1.663889,0.267725
3.483059,2.743643,1.598110,0.000000,0.000000,1.980109,0.000000,0.000000,0.000000,14.484031,0.000000
2.001791,0.000000,3.816658,1.334304,1.394824,5.308747,0.000000,2.584631,0.873365,0.000000,0.000000
4.719753,0.000000,1.857391,1.142433,7.798250,1.532173,1.825815,0.000000,6.682982,0.000000,3.337633
0.771558,0.000000,1.716159,6.618911,3.686156,0.000000,0.000000,6.685149,0.000000,0.000000,1.128700
0.116978,0.779341,5.549494,0.000000,0.435585,0.000000,2.624345,0.871841,0.000000,0.195493,0.520724
5.187354,1.564581,9.697447,0.000000,6.971309,0.000000,0.730716,0.000000,0.000000,0.000000,1.276389
0.000000,0.000000,0.000000,0.000000,0.000000,0.000000,0.000000,4.485448,7.863886,0.000000,0.000000
1.613534,0.344520,0.000000,0.000000,5.732610,0.000000,0.000000,0.000000,2.242240,5.920212,0.000000
0.000000,2.373179,0.745005,2.670491,0.000000,7.230474,0.000000,0.191301,3.170607,0.000000,8.860532
2.036222,0.000000,4.535235,7.049808,1.301469,0.000000,0.000000,0.889003,0.000000,1.753717,0.000000
11.199724,0.000000,2.427065,0.767465,2.558634,2.884040,0.000000,1.406733,0.000000,0.000000,2.772750
2.521897,1.361090,4.928719,0.510646,4.703971,1.939126,1.958419,0.000000,0.000000,2.524580,0.580026
1.549813,0.000000,0.000000,5.294126,5.417475,2.813818,5.032365,0.000000,2.396029,0.000000,1.094833
0.000000,0.906301,5.207196,0.960222,0.183483,1.253261,0.000000,0.000000,0.000000,7.204750,10.076118
6.811766,0.000000,0.000000,0.000000,3.493887,1.318348,1.383794,0.000000,0.986086,1.283174,0.000000
0.000000,0.000000,1.216613,0.000000,17.279161,0.000000,1.686740,0.000000,0.030438,0.000000,0.000000
0.000000,2.803802,3.415523,3.190308,0.624438,4.201077,0.000000,0.000000,0.000000,0.000000,0.000000
1.227147,0.000000,2.479487,0.000000,4.231744,0.000000,0.000000,0.000000,0.000000,0.459492,4.388072
1.812356,16.859763,0.000000,6.190459,7.441694,0.000000,4.333054,5.339170,0.000000,3.284782,0.000000
7.665989,6.821881,8.702246,0.346961,0.000000,0.000000,1.457647,0.000000,4.417517,0.978707,2.455618
2.890395,0.000000,2.300630,1.136567,0.000000,0.000000,0.000000,5.369773,10.453104,7.516421,0.000000
0.000000,4.929899,2.390471,7.488920,8.544582,0.000000,2.072407,4.340922,0.000000,1.770750,13.664106
9.329109,0.000000,0.000000,0.000000,0.000000,0.000000,4.245948,0.810014,0.000000,1.721101,3.950833
10.836682,0.000000,0.000000,4.976534,0.000000,3.900457,0.000000,0.615101,4.606172,0.936067,3.789794
0.000000,6.339141,5.136091,0.000000,0.000000,0.000000,1.362753,3.198096,6.821650,0.000000,2.037994
0.000000,0.779225,11.548012,3.666716,0.000000,0.891278,0.000000,0.000000,5.968426,0.000000,0.000000
3.207211,3.271244,16.409184,0.000000,2.866617,0.209104,0.000000,0.000000,0.000000,10.631397,3.437287
0.000000,0.000000,0.000000,0.000000,0.000000,0.000000,4.875552,3.753585,2.325870,0.000000,0.000000
0.000000,0.000000,9.801999,0.000000,3.808650,0.000000,3.133976,0.000000,0.000000,0.000000,6.331530
0.000000,0.118886,0.000000,1.463177,24.747307,2.155269,0.000000,5.849724,15.902657,3.902173,5.364866
0.000000,0.000000,0.000000,0.000000,4.008467,0.000000,0.000000,9.378714,0.000000,0.000000,0.000000
0.000000,20.248705,0.000000,0.000000,0.000000,2.819168,0.000000,7.257205,2.775983,4.933570,0.824853
0.000000,0.000000,12.109479,0.000000,3.634850,0.000000,0.000000,3.896731,1.015750,10.092440,9.213416
0.000000,12.500115,3.325158,0.000000,2.324237,0.000000,0.026331,2.681272,5.376758,1.240157,0.000000
8.957506,0.000000,1.875595,7.103072,1.699890,0.198167,3.183569,0.000000,1.126593,0.500521,7.822667
0.000000,3.770960,0.000000,3.239344,0.000000,7.354480,0.000000,11.046306,0.000000,0.000000,0.000000
3.254432,0.000000,0.000000,4.754723,0.211714,0.000000,4.024221,0.000000,0.000000,0.000000,0.000000
3.595263,0.000000,0.000000,0.000000,0.000000,10.862937,0.000000,1.294506,0.000000,4.295973,0.639111
0.000000,0.000000,3.765059,1.643088,0.000000,1.209014,1.391243,2.562570,0.000000,9.388665,0.000000
3.471486,0.665933,0.000000,0.000000,8.034244,0.000000,0.000000,1.179880,0.000000,4.396137,1.403666
0.000000,0.000000,3.778733,14.269198,0.000000,1.582400,0.000000,0.000000,8.318865,2.779305,0.000000
6.044205,6.619047,0.000000,2.730881,0.000000,0.000000,3.489158,10.380501,0.371810,2.188777,7.937703
10.699897,0.000000,3.723489,0.000000,6.366035,4.260729,0.000000,5.457010,6.861822,0.000000,0.000000
10.633402,0.000000,0.000000,3.359684,2.630669,0.000000,0.246437,0.000000,0.000000,0.000000,0.000000
5.814365,0.000000,14.757231,0.000000,9.195957,2.947993,0.000000,7.815457,0.000000,0.000000,2.121494
0.000000,2.852141,4.126101,0.000000,6.257470,0.000000,0.000000,4.905392,3.692920,0.277162,8.814097
0.000000,7.604040,0.000000,1.309640,0.000000,2.281130,0.000000,0.000000,0.000000,0.000000,0.000000
0.540893,0.000000,6.072481,1.396277,0.000000,1.469290,0.000000,5.183797,4.890537,11.102146,7.537184
1.176866,1.096873,3.723041,0.000000,0.000000,11.625398,4.902611,0.000000,1.088635,12.689665,3.739461
6.511262,3.298880,0.000000,0.000000,0.664722,4.961391,0.000000,7.175176,0.000000,1.042805,0.000000
4.051342,0.000000,8.958974,5.567435,3.278081,0.000000,0.000000,0.000000,0.000000,0.000000,14.696311
0.000000,7.662684,2.162251,0.420222,4.288287,1.194376,0.000000,4.912794,1.773451,6.969457,0.000000
0.000000,2.425612,0.000000,0.000000,0.000000,0.000000,9.946073,0.000000,3.633982,0.000000,0.728629
0.000000,5.710206,15.323538,5.402884,4.266677,2.747477,1.974214,5.691213,2.853209,0.371248,0.000000
10.426703,3.939053,2.150453,0.861905,7.788379,0.000000,0.897211,16.051303,0.000000,0.000000,0.000000
0.000000,14.125421,0.000000,4.167923,4.295547,0.000000,18.079734,0.000000,0.000000,2.648754,0.000000
5.259591,0.504577,0.000000,10.830072,0.000000,5.609013,0.000000,0.000000,3.033257,3.128867,0.000000
0.212556,5.560158,8.966282,14.266191,1.200985,0.000000,0.000000,3.278194,0.574092,1.946668,15.988032
0.000000,0.000000,0.000000,0.000000,4.102462,0.000000,1.999902,11.533497,0.000000,12.969657,7.859105
0.000000,0.000000,5.754666,0.000000,2.786803,0.000000,0.000000,0.018573,2.814607,0.000000,0.000000
10.739185,7.274321,2.621970,2.560312,6.970796,4.928545,8.750954,0.000000,4.469730,0.000000,8.290158
6.507111,0.000000,5.536206,0.000000,0.000000,3.564000,0.000000,0.000000,0.000000,1.841851,0.000000
0.000000,15.507247,0.000000,4.173771,6.045322,1.196994,0.000000,1.862563,3.708576,1.459957,0.000000
2.682365,1.514828,6.521459,4.245173,0.000000,0.000000,1.918358,7.820348,0.000000,12.612791,4.766745
1.867895,0.000000,2.280790,0.000000,11.618827,0.000000,13.566970,0.000000,0.000000,3.590928,0.000000
0.000000,11.796299,0.000000,6.899528,0.000000,1.792984,9.833431,5.750480,0.000000,9.293962,1.784348
0.000000,2.190335,1.211970,3.914401,4.747518,0.000000,2.765846,0.000000,0.000000,0.000000,23.207966
0.000000,0.577299,1.600551,0.564455,0.000000,0.000000,0.694595,9.895509,0.963063,0.000000,9.618228
0.000000,0.000000,5.848713,10.927944,4.058929,0.000000,0.000000,0.000000,0.000000,0.000000,0.000000
3.537784,1.375191,0.000000,4.583156,0.000000,7.453642,2.650467,0.000000,0.098107,13.084262,13.685087
5.024211,3.408988,0.292681,2.206408,0.000000,6.752511,6.752786,3.010673,3.078574,0.865817,0.000000
3.990094,0.000000,7.480512,0.000000,0.000000,0.000000,3.928403,1.796251,0.000000,3.418170,5.557293
0.000000,5.640854,15.694380,0.000000,0.000000,11.213321,0.000000,5.429169,2.751444,0.016874,0.000000
0.000000,0.000000,0.000000,0.000000,0.000000,1.147114,0.000000,2.417934,0.000000,0.000000,0.000000
8.936351,0.000000,0.000000,0.000000,0.000000,0.000000,0.000000,2.535356,7.294954,0.000000,3.391936
4.895856,5.159426,4.446014,10.296905,0.000000,5.407599,4.531188,7.821643,21.916405,0.000000,0.000000
0.000000,0.000000,28.853428,0.000000,2.783170,0.000000,0.000000,1.932626,0.000000,8.793875,0.000000
13.845434,0.000000,27.028841,0.390061,0.000000,0.000000,4.515135,0.000000,29.431209,0.000000,2.838092
0.804720,2.258128,17.689520,15.763526,7.303745,10.447356,0.000000,0.000000,13.938853,6.244883,7.406117
0.000000,0.000000,0.000000,0.000000,10.982430,0.000000,0.000000,0.000000,3.535712,12.302338,0.000000
5.765294,0.000000,0.202576,0.000000,10.480090,1.707913,3.335485,2.837612,2.437817,4.846506,13.832549
0.000000,0.000000,0.063542,0.000000,0.000000,0.000000,20.044058,1.419404,0.455260,19.294407,2.665657
0.000000,3.039644,2.989958,0.000000,0.000000,14.123258,5.125124,0.000000,0.000000,0.000000,0.000000
5.421411,5.090458,0.000000,0.000000,0.000000,8.961747,3.253621,0.000000,5.780831,0.000000,0.000000
0.000000,0.000000,0.097886,0.000000,0.000000,0.000000,1.724621,0.000000,1.498826,0.615068,0.000000
14.614244,6.218020,0.000000,2.227839,4.636549,12.912686,0.517334,3.422600,0.000000,0.000000,6.593524
0.000000,0.411211,18.834821,2.925538,20.771793,4.463637,5.516796,6.313578,1.952304,8.055912,1.605605
3.234575,2.650278,0.000000,0.000000,0.000000,0.000000,0.000000,3.521875,30.952297,5.467014,0.000000
0.000000,7.153373,2.102535,0.000000,7.758076,0.000000,2.633147,0.717509,17.664465,0.000000,0.000000
0.041576,0.000000,0.000000,1.271618,16.420593,0.000000,0.000000,7.398096,4.251560,0.000000,0.000000
0.867716,0.000000,1.805167,0.000000,6.515653,2.929218,2.420138,0.000000,19.524156,0.000000,0.000000
6.351712,3.722427,0.000000,6.416215,0.000000,0.000000,0.000000,10.403069,0.000000,0.000000,2.602491
0.000000,0.000000,0.000000,2.256796,0.000000,0.000000,9.242321,1.295761,3.766325,6.821848,1.995701
0.000000,0.000000,1.802837,0.000000,0.000000,0.000000,2.427321,2.051416,5.055882,0.000000,4.030921
8.846199,0.000000,0.000000,9.986508,12.070927,0.000000,8.603003,0.000000,0.000000,4.535214,0.045998
5.048624,0.000000,2.777563,2.243097,1.642149,0.000000,21.766603,7.727587,0.459299,9.223052,16.730841
0.000000,0.000000,0.000000,18.820389,0.000000,0.878701,2.636245,0.000000,7.371305,3.173888,5.161815
7.091024,3.011801,9.848235,0.000000,0.000000,2.859977,6.147982,4.018649,23.659800,0.000000,16.075141
2.627218,0.000000,0.000000,0.000000,0.690628,0.000000,1.196093,0.000000,2.818280,12.047257,8.899125
6.232972,0.000000,7.036037,8.162975,0.000000,0.000000,0.000000,0.835963,0.000000,2.112298,15.327934
6.446211,7.075741,1.202589,6.089524,0.000000,12.626513,0.000000,0.000000,7.481958,3.581901,6.621406
5.878097,0.519406,0.489501,0.000000,19.112898,7.259761,0.000000,0.000000,0.000000,3.865140,3.610979
0.000000,0.473510,1.891298,10.394736,2.940900,2.135199,0.000000,1.009768,5.066098,1.577215,0.000000
8.855754,0.590422,8.751403,0.000000,0.000000,0.000000,0.000000,2.220055,2.856235,0.000000,0.000000
2.293792,0.000000,0.000000,0.000000,3.011254,5.318851,4.734534,0.000000,2.646513,15.952732,0.000000
6.064370,0.000000,1.846493,0.000000,0.000000,13.520286,0.000000,29.368399,0.000000,8.559752,0.000000
2.819498,0.000000,16.941749,0.000000,1.672271,0.000000,0.000000,5.856388,7.973891,0.000000,24.346334
6.855061,9.121702,2.525943,0.000000,4.007073,0.000000,3.020786,0.000000,0.000000,15.381359,1.229970
0.000000,7.708609,0.000000,0.000000,0.000000,4.304287,2.724786,7.270798,2.481221,5.195949,0.000000
18.709341,0.000000,0.934803,2.761635,0.000000,15.350252,7.916764,0.000000,3.063865,3.796766,0.000000
0.000000,0.879970,0.000000,0.774751,0.000000,0.000000,0.000000,0.000000,3.568025,2.076949,0.000000
0.578484,7.081114,21.673366,0.000000,11.639957,8.851995,14.317477,0.000000,10.615303,0.000000,1.705940
6.675061,0.000000,0.000000,0.000000,4.480503,12.688274,19.900660,2.641681,0.000000,0.000000,0.000000
2.959013,3.960740,0.000000,0.872110,0.000000,0.499183,10.763082,4.952020,9.773104,3.148269,0.000000
0.000000,0.000000,0.000000,6.972858,3.392286,1.498476,14.262892,8.064920,0.000000,0.607784,0.208511
0.000000,9.236661,0.000000,2.013462,0.000000,3.046008,0.000000,0.000000,5.659771,4.415902,0.000000
13.470640,5.377540,0.000000,0.000000,10.137672,16.823721,0.000000,0.000000,8.050746,2.888210,0.000000
0.424973,0.000000,0.000000,10.350457,0.000000,3.122669,4.654593,2.207727,0.412133,1.253773,2.473986
0.000000,0.000000,0.000000,0.000000,9.230223,0.000000,11.393199,0.000000,6.800353,0.000000,9.021072
0.828780,4.756100,0.000000,0.000000,0.000000,0.000000,0.000000,0.000000,2.454891,0.000000,3.570920
0.000000,3.589391,0.000000,3.850034,3.234913,0.000000,0.000000,0.000000,7.145212,0.197212,0.000000
2.731556,7.140532,0.000000,0.705113,1.992900,4.695780,0.000000,4.723940,0.000000,21.633402,0.000000
0.000000,5.892611,1.953745,0.000000,4.372507,6.465066,17.768538,0.843698,0.000000,1.766413,0.000000
12.315916,0.000000,0.000000,2.152800,1.294843,3.363230,1.469845,0.000000,0.000000,0.878245,3.399861
0.000000,6.474294,0.000000,0.596161,5.749475,0.000000,0.000000,11.144489,5.071505,0.000000,0.000000
0.000000,7.559583,0.000000,0.000000,0.000000,0.651585,1.325518,1.230369,0.000000,0.000000,1.420025
0.000000,0.000000,0.000000,3.855833,2.088684,0.000000,0.000000,0.000000,0.000000,2.269326,11.419320
4.214305,7.420063,0.535901,0.000000,0.000000,0.000000,0.000000,0.000000,3.410235,0.000000,0.000000
0.000000,0.000000,0.000000,0.825732,0.000000,0.000000,3.480946,1.380703,0.000000,0.000000,3.828846
5.975621,4.534938,1.202289,2.393872,2.413551,3.067491,0.000000,2.956117,0.000000,0.000000,3.946635
0.000000,2.701598,2.894208,0.000000,0.000000,1.567164,15.890215,21.743447,0.000000,0.000000,0.000000
0.000000,0.000000,2.790961,0.000000,0.000000,0.000000,1.226380,8.144689,0.198550,0.285810,0.000000
9.421888,6.987151,0.000000,0.000000,0.999264,0.000000,0.000000,0.000000,2.351243,0.000000,2.345563
0.000000,0.000000,0.000000,3.434627,0.000000,0.000000,0.000000,19.414022,0.000000,0.000000,0.000000
0.000000,0.000000,0.000000,7.647183,0.000000,0.000000,4.123093,0.000000,0.000000,0.000000,0.319056
0.000000,0.025728,9.255551,0.000000,3.106825,1.598804,0.000000,0.468004,1.183453,0.000000,4.540921
0.000000,0.000000,0.000000,10.385388,18.607035,0.000000,1.929122,0.000000,0.000000,2.889565,0.000000
6.965849,4.027391,5.393832,2.520908,3.120895,0.000000,12.404267,1.149458,9.989879,0.000000,0.000000
8.162857,7.441101,0.000000,3.898210,2.420592,5.325978,6.295765,0.000000,5.917755,0.118820,0.000000
4.739343,10.541086,1.191456,1.766815,0.000000,0.000000,1.984649,2.091807,1.601445,0.000000,6.265789
0.595879,5.236381,0.000000,1.867164,2.363035,0.000000,0.359972,0.000000,0.000000,0.000000,0.000000
21.083905,0.000000,1.720046,18.435130,4.696464,0.000000,1.859202,0.000000,0.000000,4.080879,0.000000
4.224920,2.696566,0.000000,0.000000,0.000000,0.592705,0.000000,3.333331,0.000000,0.000000,0.000000
5.627197,0.000000,0.000000,6.198546,0.000000,0.000000,0.000000,0.000000,0.224899,0.000000,0.000000
0.524076,0.000000,0.000000,0.278657,0.000000,4.451546,0.009344,8.715418,3.464668,0.000000,6.937775
0.000000,0.875169,0.000000,0.000000,5.444242,0.599040,1.817936,2.511385,0.095932,11.153196,0.812891
10.917121,0.000000,0.000000,0.000000,0.000000,0.000000,0.757865,3.516524,3.163211,0.000000,0.000000
1.577599,1.814273,3.456922,0.493236,4.369928,0.000000,0.000000,0.000000,0.000000,0.000000,0.000000
0.000000,3.795077,0.232653,0.000000,2.553664,6.759045,7.324473,0.000000,0.000000,0.000000,0.000000
1.400032,14.942709,1.628226,2.488325,2.019714,0.000000,0.000000,4.256311,2.326600,0.000000,0.000000
8.349192,11.657136,9.309423,3.792935,10.115763,4.236499,5.270753,4.604054,0.000000,0.000000,0.000000
8.680512,0.000000,0.589546,0.000000,2.773910,2.724164,0.000000,0.000000,2.480458,4.092945,3.334008
0.424973,0.000000,0.000000,0.000000,0.000000,0.906751,6.279662,2.657411,0.000000,1.319676,0.000000
5.167993,0.000000,4.020562,14.830688,0.000000,0.000000,0.784180,3.040265,1.734673,8.935214,0.000000
0.000000,0.000000,0.000000,0.000000,4.214290,3.646488,5.879339,0.297188,0.000000,0.000000,3.528222
9.762834,2.707809,2.851179,0.000000,0.000000,1.818255,0.252556,0.116997,8.547670,0.000000,0.000000
0.000000,4.518401,2.575174,13.375290,0.000000,1.347952,0.000000,0.000000,4.474271,0.000000,0.000000
2.065758,3.130131,0.000000,0.000000,1.095984,7.049309,0.000000,0.000000,0.243210,0.115616,2.422420
18.881565,12.678165,0.000000,0.000000,4.286530,9.257529,2.472957,0.215766,0.000000,6.773805,0.000000
4.291327,0.000000,6.757995,0.000000,0.000000,7.446266,27.978372,0.000000,0.916619,0.906790,0.943975
2.994545,6.067781,0.000000,1.450393,3.873742,1.719660,0.000000,0.000000,0.000000,0.000000,1.020768
0.362647,0.000000,0.000000,0.000000,2.110419,1.855005,13.739377,1.448947,7.868920,0.000000,17.277478
0.000000,0.000000,3.558769,0.000000,1.438927,0.000000,2.469742,0.000000,0.000000,5.971762,2.547715
0.000000,0.000000,0.000000,0.000000,17.400393,3.041542,2.056624,1.766457,2.615877,7.713141,2.962840
0.000000,0.470853,2.547715,5.072982,0.000000,10.376835,0.000000,0.000000,1.580159,0.876408,12.605687
0.248585,0.651099,0.000000,0.269697,5.612264,0.000000,0.000000,1.926247,1.928211,2.562093,0.000000
0.000000,1.003788,0.605214,5.384100,3.883210,0.000000,9.596596,2.859060,7.725300,0.000000,0.000000
12.971135,0.000000,1.978112,0.000000,0.000000,0.000000,0.000000,0.000000,19.921364,0.516266,4.131890
0.674854,0.000000,11.103479,0.000000,5.188329,0.000000,0.000000,1.659125,0.000000,7.230479,0.926467
6.887839,0.000000,0.000000,3.439060,0.000000,7.891738,0.000000,0.000000,0.000000,6.437299,7.818721
3.840573,0.000000,0.831079,8.792074,0.215177,0.000000,0.000000,0.000000,0.502553,0.000000,0.000000
1.170393,0.000000,1.518671,0.000000,2.662789,0.413270,0.000000,0.354071,0.462274,0.000000,4.549329
2.219239,0.784171,0.000000,1.764593,8.824671,5.418041,0.000000,0.000000,0.000000,0.538160,10.041613
7.401809,3.442654,0.000000,0.406167,0.000000,0.305308,0.437245,2.879427,0.000000,0.000000,1.320661
11.753070,5.193439,0.732797,3.724177,8.642411,0.000000,4.507778,0.000000,0.000000,0.000000,0.000000
0.410206,0.000000,0.000000,5.531614,1.573536,0.000000,4.208456,7.846356,0.000000,2.570522,0.000000
0.000000,10.910625,0.000000,0.000000,0.000000,1.614841,0.000000,0.000000,0.000000,0.000000,5.446442
0.000000,0.000000,0.000000,0.000000,0.000000,1.264639,8.866813,0.000000,7.896680,3.102009,5.511199
0.000000,0.000000,3.258711,0.000000,2.478599,0.000000,0.000000,0.000000,0.000000,0.000000,11.225482
0.000000,0.000000,0.000000,6.292997,0.000000,0.000000,7.379601,0.000000,4.597487,0.000000,12.935651
5.168896,6.729333,3.453927,0.000000,0.000000,2.472550,0.000000,0.000000,0.000000,4.606434,1.645104
0.000000,0.909957,0.000000,13.091774,2.351106,4.816357,0.000000,2.386849,1.522669,2.460607,0.000000
2.309748,5.980583,5.966618,11.899779,0.000000,0.000000,0.395518,3.468446,0.169169,0.296138,0.000000
3.513921,0.000000,6.309481,17.400513,1.553831,0.000000,3.126710,0.000000,0.000000,0.000000,0.000000
7.247086,0.000000,0.699854,2.325020,0.000000,1.106387,2.281916,0.000000,0.000000,7.142501,6.503558
0.000000,0.000000,0.000000,0.182766,0.467984,0.000000,3.600372,0.000000,0.000000,0.216601,0.000000
3.054146,0.000000,3.632367,0.000000,1.085723,0.000000,0.000000,3.026369,0.000000,0.615417,2.976499
0.000000,4.451333,0.000000,0.063812,1.725372,0.000000,0.000000,0.000000,1.687121,0.847655,0.000000
1.073948,7.371460,1.579793,1.218519,6.911675,0.000000,0.000000,0.000000,0.000000,4.647124,5.256835
0.000000,0.000000,0.000000,0.000000,6.727061,2.253501,0.000000,0.000000,0.000000,0.717589,5.226062
13.862734,2.957685,0.588592,3.219532,0.000000,15.564821,0.000000,0.284756,4.022547,0.641485,13.044375
0.000000,0.000000,6.758198,0.000000,0.000000,0.000000,0.581733,1.805071,0.000000,0.000000,0.000000
0.000000,0.000000,5.372229,5.641083,7.933156,3.964360,8.319428,0.000000,0.000000,0.000000,21.481778
4.595380,2.912956,0.000000,2.762221,0.000000,0.000000,0.000000,0.750709,0.000000,5.023307,3.452729
0.000000,0.481381,0.000000,0.995121,0.000000,12.563474,4.406465,4.988719,0.000000,0.000000,1.956771
8.687894,1.848794,3.005621,0.000000,1.494586,2.507009,9.284660,11.507549,3.426039,1.040315,2.162934
0.000000,2.848415,5.790912,3.308233,2.968962,7.928650,4.062633,0.000000,0.000000,0.390660,2.374111
5.604484,1.840360,0.000000,1.696387,0.000000,0.092177,0.000000,9.092029,15.860743,0.000000,3.966080
0.774521,1.850790,0.000000,1.034117,0.000000,2.491271,0.000000,0.000000,0.647964,0.682509,3.239271
5.506004,0.000000,0.000000,0.374558,0.000000,3.350211,0.000000,0.000000,8.889776,2.041991,0.000000
0.000000,0.000000,0.000000,3.551994,0.000000,1.261151,0.000000,3.434959,0.000000,0.000000,3.314192
0.000000,6.147701,0.000000,2.443030,7.352558,1.776898,0.000000,0.442213,0.000000,2.387572,0.000000
0.000000,4.135627,0.000000,2.021407,4.572377,0.000000,0.000000,0.000000,3.324630,16.430792,0.000000
7.007388,7.573991,0.000000,0.000000,0.966405,0.000000,0.000000,0.283984,0.000000,1.322381,0.000000
0.959472,3.697055,1.928421,7.906720,0.000000,0.000000,0.647246,0.000000,4.230332,6.614492,0.000000
4.396312,5.002076,0.241917,4.252949,2.490294,0.365560,3.596297,1.036969,10.597713,2.067842,0.000000
9.735171,0.858916,5.833981,1.712362,0.326279,6.417661,0.000000,1.684265,4.383333,0.000000,4.916051
3.425435,0.000000,0.000000,0.030497,4.213330,3.998157,0.000000,12.266592,0.000000,4.325181,0.582971
4.817901,10.998414,5.498955,10.710239,5.295839,8.533871,5.456578,2.172652,0.452380,4.438984,1.697101
0.000000,2.924796,0.813613,0.000000,4.322797,0.000000,0.934679,0.000000,13.482597,7.506748,1.383642
0.000000,0.000000,0.429297,0.000000,0.000000,3.476509,6.009497,0.000000,11.724674,1.633106,0.000000
0.099146,2.684897,0.992115,8.727641,7.878360,0.000000,2.388871,0.000000,0.000000,0.000000,2.326809
0.370466,3.214497,0.000000,0.000000,0.000000,0.161883,0.000000,0.000000,0.525374,0.000000,0.000000
0.000000,0.000000,5.448131,0.000000,2.203712,6.607781,0.000000,1.890538,0.000000,3.484767,3.381565
2.915302,3.895625,0.000000,0.000000,4.192933,0.000000,0.000000,0.281878,4.543752,0.000000,2.126418
4.097532,0.000000,0.000000,0.000000,3.917582,0.000000,12.269087,2.843558,1.009537,0.000000,0.000000
0.000000,5.210496,0.000000,14.331988,0.000000,0.000000,0.000000,0.000000,6.524951,0.930292,0.000000
4.293049,0.000000,9.480554,0.000000,0.000000,2.640673,0.000000,0.000000,1.222561,0.000000,2.822074
0.000000,0.000000,0.000000,0.000000,0.000000,4.241620,0.000000,0.000000,1.125136,7.463790,4.598089
1.212052,0.000000,0.000000,2.180238,0.000000,0.000000,0.000000,8.170155,0.814859,2.464069,0.000000
3.272343,9.004642,0.000000,3.241411,2.051694,0.489715,0.000000,5.274953,9.302316,0.000000,5.624984
4.740889,0.586878,5.066110,0.754819,7.253782,0.216232,0.000000,0.000000,7.749095,0.000000,4.606962
7.909861,2.218804,11.633977,1.606356,7.896169,0.000000,0.000000,0.832611,0.000000,0.000000,1.891302
6.682666,6.461611,2.645091,0.944643,0.000000,0.000000,0.000000,3.736649,0.000000,0.000000,3.112386
0.431281,0.000000,2.564918,0.209788,0.251928,1.352798,2.395925,0.000000,0.000000,7.684165,4.476107
0.000000,0.000000,0.000000,9.919414,0.000000,3.223881,2.043610,0.000000,3.311465,0.000000,1.604022
4.163865,1.652402,0.000000,6.365859,2.746667,0.000000,0.000000,0.000000,4.539037,0.000000,0.000000
3.514877,3.056972,2.626396,0.000000,0.000000,0.000000,0.000000,2.429073,0.000000,0.000000,0.469258
0.000000,0.000000,0.000000,0.000000,4.858125,0.425014,9.516899,13.368107,7.756967,2.042499,1.369104
7.604503,2.034229,0.000000,13.763518,2.642390,0.628359,0.000000,0.000000,0.000000,0.000000,4.185673
3.335594,8.638677,0.000000,3.652486,0.049508,0.000000,0.545187,3.617756,0.000000,0.362765,0.000000
4.440622,0.000000,2.148016,0.000000,5.636204,0.000000,1.150255,0.000000,2.793068,6.375975,1.144586
0.000000,0.000000,0.000000,0.000000,0.000000,0.000000,0.965075,11.962969,10.734348,1.034075,0.000000
0.000000,0.000000,0.000000,0.000000,0.000000,5.367933,2.822425,8.802546,8.204869,8.965884,5.337051
5.789719,0.000000,1.605169,0.000000,1.825307,7.382874,4.964243,0.000000,0.000000,0.000000,0.852176
0.413115,4.785839,0.321746,0.000000,0.751328,3.663450,4.841353,9.207568,0.000000,0.000000,3.817264
0.000000,5.575897,0.000000,0.000000,2.547276,4.349806,1.104073,0.000000,6.392111,0.000000,0.000000
0.000000,3.477454,0.000000,0.000000,0.482814,0.000000,0.000000,7.841025,0.000000,0.000000,13.480673
2.253578,0.000000,0.000000,0.367521,2.240489,0.000000,1.457871,0.821796,0.000000,0.000000,0.000000
2.307791,3.824754,2.956210,0.000000,1.882980,3.207729,0.000000,1.595488,0.000000,0.000000,3.072619
3.787804,0.000000,1.687649,4.632634,0.177241,5.065893,0.000000,2.569368,2.965982,7.960497,0.000000
4.029977,0.000000,0.000000,0.000000,0.765757,0.000000,3.776963,0.000000,0.000000,0.000000,2.296652
2.221080,0.000000,0.000000,3.649048,0.000000,0.000000,0.213437,2.965479,13.182425,2.287077,1.748890
0.000000,1.915662,0.000000,0.000000,1.523695,0.000000,0.493327,5.679007,4.473675,1.177296,0.000000
0.000000,6.935259,0.000000,16.462143,0.000000,0.273267,2.098696,0.000000,0.000000,4.116414,5.868158
0.632674,0.614351,1.788727,0.000000,0.000000,0.000000,0.972899,0.000000,0.000000,1.970076,8.548696
11.177074,0.000000,12.922028,5.251329,0.000000,7.592956,2.484569,0.000000,0.000000,0.000000,0.000000
0.000000,9.916760,0.000000,5.273626,0.000000,0.265471,0.000000,0.000000,7.148537,3.973841,4.892934
1.238673,0.000000,0.000000,0.000000,0.000000,0.000000,0.024665,0.000000,6.466825,0.520933,0.000000
8.171005,2.692729,1.409491,0.000000,0.000000,1.457196,11.705731,3.382558,8.052667,0.000000,4.497540
5.094627,5.727085,8.460847,0.090648,0.000000,4.467381,0.000000,0.000000,5.469762,8.087517,1.569791
2.089353,1.550294,5.269298,7.203403,0.000000,3.486468,2.813212,3.567283,0.000000,15.448085,0.000000
3.582735,0.000000,11.385236,0.000000,8.492279,0.000000,0.000000,0.000000,1.901962,0.000000,1.042157
0.366787,0.277609,1.372918,0.000000,1.308569,0.657959,2.261718,0.000000,3.404821,2.732738,0.000000
0.000000,3.618031,0.000000,0.000000,2.137839,0.000000,9.887610,0.268597,0.000000,0.445422,0.000000
0.000000,1.738246,4.566417,0.000000,0.000000,1.045158,2.076981,1.015694,2.021499,0.535830,0.811115
5.495714,0.000000,0.000000,0.000000,0.000000,0.214278,15.096203,0.000000,0.000000,0.386523,0.000000
0.000000,11.626766,1.276122,2.624319,1.511293,1.282075,2.853719,0.000000,4.967165,0.000000,6.084615
3.693191,0.000000,0.495338,0.000000,1.462112,5.937776,0.000000,0.000000,0.715885,1.399392,1.181902
0.000000,4.064823,4.488783,3.226848,0.000000,3.535658,2.065613,5.170035,4.219999,1.484001,1.792964
0.000000,0.000000,0.000000,0.000000,0.000000,0.000000,0.957086,0.000000,3.289691,0.000000,0.000000
0.000000,9.849507,2.184644,10.045971,4.849399,0.000000,0.000000,1.451714,0.000000,8.829318,0.000000
13.182155,2.112428,3.339117,2.094586,0.000000,0.000000,0.978503,0.035125,0.000000,1.246717,0.000000
0.000000,4.895921,2.556117,0.000000,0.000000,0.000000,2.612588,0.000000,0.000000,3.141052,1.842599
0.000000,0.000000,3.286659,0.000000,6.824923,0.000000,1.549709,7.181514,6.340574,2.119692,0.000000
0.000000,0.000000,0.000000,5.821099,0.759078,3.533556,0.423397,0.685242,0.000000,0.000000,0.312375
0.543912,2.091316,1.416570,0.000000,5.500755,6.314773,5.003804,1.065009,5.426420,3.384851,0.260764
0.000000,0.000000,4.085784,1.845402,0.000000,1.487108,0.000000,3.411601,1.700447,0.000000,0.338939
3.350716,0.000000,0.000000,3.071495,0.000000,1.197043,1.838687,0.000000,1.492126,0.000000,0.604344
0.000000,1.885515,2.952467,1.493445,0.483126,11.490295,1.967910,0.000000,0.000000,2.010213,2.143026
1.437879,1.901690,0.000000,0.238440,0.669346,6.828489,2.759065,4.530542,7.073357,0.000000,5.076743
0.000000,0.000000,2.776749,14.204686,0.000000,0.000000,0.000000,1.405570,7.195384,2.916282,3.605077
0.647649,5.538593,0.000000,0.000000,0.000000,2.380561,4.395517,8.384372,0.000000,1.289090,0.667987
2.961684,0.604407,0.000000,0.000000,3.623104,0.000000,0.329509,0.000000,4.569468,0.267758,0.000000
0.000000,0.658467,0.000000,0.000000,20.857731,1.663434,0.000000,0.000000,1.217260,0.000000,1.040984
1.421131,1.490708,0.133706,0.000000,16.588272,0.000000,2.135239,1.999409,5.476051,2.779414,0.707305
0.000000,0.000000,0.000000,0.000000,0.953780,6.423383,4.534269,0.384698,0.000000,0.000000,0.154875
6.227552,0.000000,1.765784,3.506405,5.970480,0.000000,4.556906,1.479900,0.000000,0.000000,0.000000
0.000000,0.208403,0.000000,0.000000,0.000000,2.333370,1.703537,0.000000,1.992873,0.000000,2.427589
0.000000,2.037914,0.000000,0.000000,1.119558,0.000000,0.000000,0.000000,0.000000,0.380196,2.656387
0.000000,0.475795,0.000000,0.940944,0.781348,0.339834,2.984293,2.324387,4.007785,1.460616,4.742040
0.000000,0.000000,0.000000,0.000000,0.000000,0.000000,0.000000,0.000000,4.901387,0.000000,7.238057
6.779207,7.059905,0.000000,0.000000,0.915388,1.884173,2.602147,1.046474,0.000000,0.796131,8.536565
1.336436,0.239590,0.000000,3.978242,0.000000,0.000000,0.000000,0.000000,2.701407,0.000000,8.312075
0.000000,0.410316,0.820373,0.119748,1.911713,0.780118,0.000000,0.000000,3.567853,3.582435,1.432128
0.000000,0.000000,0.000000,1.819135,0.000000,5.757349,0.000000,2.337119,0.000000,0.000000,1.086791
1.257969,3.836990,0.000000,0.000000,0.000000,0.000000,0.000000,0.422749,6.958979,3.580478,3.409096
0.000000,1.642217,0.346400,0.000000,0.988039,0.938774,0.000000,5.970663,1.206852,0.000000,8.363830
0.000000,0.288414,0.000000,0.800082,2.813334,0.000000,0.835944,0.290467,0.000000,3.366708,0.544328
6.516174,2.467738,0.000000,0.000000,0.000000,0.000000,0.000000,0.000000,0.000000,0.000000,0.000000
0.896548,0.000000,2.640876,0.000000,0.000000,10.577252,1.049833,5.662159,0.000000,0.000000,0.000000
0.032245,0.000000,6.974676,5.243085,0.000000,6.134449,2.008586,0.551031,0.000000,3.619513,0.000000
0.000000,0.000000,6.371857,0.000000,2.624277,0.000000,0.000000,0.000000,1.353474,0.000000,0.574662
2.554169,0.000000,8.425535,0.328320,0.894445,1.301643,0.000000,1.764471,2.690757,0.000000,2.528575
0.000000,0.000000,2.386528,1.715214,1.134664,0.000000,2.651243,3.153732,8.024474,0.000000,0.000000
0.000000,0.000000,0.000000,1.743336,4.013209,1.816552,0.000000,8.027485,5.174531,0.000000,0.000000
4.374031,1.689546,1.130123,0.000000,0.000000,0.000000,3.275780,0.355237,0.000000,0.000000,0.000000
0.000000,0.000000,0.000000,6.940197,1.061860,1.447363,0.000000,0.000000,0.000000,0.762763,0.000000
0.000000,1.687641,0.576530,0.248798,0.000000,0.000000,0.000000,0.000000,0.867027,2.234840,4.207496
1.527038,5.339496,0.000000,0.598655,0.645650,1.495920,0.000000,4.695452,0.000000,3.360713,0.000000
0.000000,0.561586,0.000000,0.000000,0.682228,0.124505,0.000000,0.000000,2.883440,7.093921,0.000000
0.000000,0.000000,6.379373,0.000000,1.547959,0.000000,5.040785,1.966247,11.053827,5.935943,0.640497
0.000000,0.000000,0.000000,2.733940,0.000000,0.000000,0.000000,0.000000,0.628466,7.239480,0.238129
1.063555,0.000000,2.383921,6.015109,0.000000,0.000000,1.862337,1.223516,1.087425,6.042786,4.337617
0.707078,0.000000,0.149219,0.000000,1.259423,2.211267,0.000000,0.626932,0.000000,1.169250,3.673704
0.307560,0.000000,2.241253,4.417416,0.000000,10.451074,0.642583,0.000000,0.000000,2.664294,0.000000
5.531915,0.000000,1.757607,0.820447,0.898679,0.000000,0.000000,3.062115,1.302672,4.139898,2.884067
0.532070,5.265050,0.000000,0.000000,0.000000,5.801280,0.428550,2.908756,1.933827,0.998179,2.380484
6.760019,2.193032,0.172916,0.000000,0.000000,3.201994,0.000000,1.921736,12.162582,0.000000,2.752685
0.000000,3.177470,0.000000,0.267591,0.944467,0.000000,1.985772,0.000000,4.130021,2.157203,0.000000
0.930496,0.522299,0.000000,0.286841,2.224385,0.000000,0.000000,0.000000,0.000000,0.000000,2.326389
3.452683,0.000000,1.502148,0.734578,0.000000,0.000000,0.000000,1.809268,0.000000,0.000000,0.000000
2.767732,5.457016,0.000000,3.112418,0.000000,0.000000,11.855367,0.000000,0.000000,4.526292,0.000000
1.268406,2.376387,0.796146,0.000000,13.576918,0.000000,0.000000,0.000000,0.000000,0.000000,4.655097
1.975792,0.000000,1.758909,1.954824,0.000000,0.700078,6.765254,1.320389,0.000000,0.000000,0.000000
3.721486,0.000000,0.000000,16.156181,2.139833,0.000000,4.386589,0.784834,0.000000,0.000000,0.000000
0.457631,0.000000,0.000000,1.027893,0.466446,0.000000,0.000000,2.956186,0.000000,0.000000,0.000000
0.000000,3.745930,0.000000,0.000000,1.974677,0.000000,0.000000,9.451309,0.000000,10.050798,2.088352
0.000000,0.000000,0.170062,0.000000,1.554488,1.019083,0.000000,3.050173,3.911529,0.748515,0.000000
0.000000,0.839225,1.504301,0.000000,0.000000,1.480790,3.932184,0.000000,0.000000,0.000000,0.000000
0.000000,0.000000,0.000000,2.075752,0.000000,0.000000,0.000000,0.000000,0.000000,0.000000,0.000000
0.000000,0.000000,0.000000,0.000000,0.592632,0.647588,15.236929,1.610996,0.421568,0.000000,1.135818
2.875401,0.000000,0.455886,6.478076,0.000000,1.285828,0.000000,4.509620,0.685616,4.020525,5.414250
0.264318,8.229422,6.249706,0.000000,0.000000,0.000000,0.000000,0.000000,13.256116,0.000000,0.000000
6.533992,0.000000,5.166517,0.336841,0.000000,0.020665,5.635479,1.849543,1.217976,0.817367,0.000000
10.976050,0.000000,11.079735,0.000000,1.286909,0.663259,2.232319,5.947689,0.000000,9.332284,1.063326
4.504308,1.138585,3.428969,0.898729,0.000000,14.949203,0.000000,0.033528,0.852380,0.000000,0.000000
2.352772,0.000000,1.799916,1.511846,0.000000,3.245306,0.000000,12.318175,0.000000,0.878584,0.000000
0.000000,0.000000,0.000000,6.553127,3.399949,0.346768,5.632549,0.000000,3.788754,0.000000,1.055645
0.000000,0.000000,1.534756,3.786775,5.966842,2.146409,0.000000,0.828768,0.000000,1.496621,0.000000
2.381841,0.397983,0.098889,0.000000,2.700036,0.439989,2.340190,0.000000,3.727849,0.000000,6.042316
0.000000,1.301635,0.000000,7.908088,5.040612,0.000000,0.554966,8.036570,0.000000,0.000000,0.000000
0.000000,2.357439,0.000000,0.000000,1.608826,2.439747,4.013872,0.986389,0.351782,0.000000,0.000000
0.000000,2.432769,3.279525,2.422070,17.870528,0.008655,1.746966,0.538268,0.000000,0.000000,0.000000
2.159683,2.834096,2.913480,1.180896,1.312459,0.382541,0.000000,0.000000,0.000000,5.663058,5.192158
0.000000,4.545491,0.000000,11.028380,2.274349,4.632270,0.000000,4.653686,12.370960,0.000000,0.656018
1.642973,1.635685,1.244539,0.000000,0.656424,0.000000,1.265640,1.161413,0.000000,1.714671,0.000000
0.000000,0.000000,5.060450,4.456058,1.047662,0.000000,5.202879,0.617472,0.000000,0.000000,0.350872
0.852884,0.000000,9.957049,0.000000,3.890474,0.000000,0.000000,0.000000,0.000000,3.434720,0.000000
3.808161,4.795740,0.338987,0.000000,0.000000,0.000000,0.000000,0.000000,2.224260,1.044472,1.354440
0.000000,0.000000,0.000000,2.459255,4.233393,0.000000,0.900711,3.483172,0.000000,0.000000,0.000000
8.833560,0.000000,0.178176,0.000000,0.000000,0.000000,3.389088,0.000000,1.641412,0.000000,1.207966
3.083811,0.000000,0.000000,0.575775,0.900953,0.000000,0.000000,0.000000,0.000000,3.123650,1.342137
0.000000,5.336487,5.118577,0.000000,0.000000,0.000000,0.000000,0.000000,0.000000,0.000000,0.000000
1.453571,1.815578,0.000000,1.801704,0.000000,0.000000,2.515436,0.000000,0.000000,2.238031,1.915278
0.000000,0.876043,2.987179,6.461204,0.470623,0.000000,3.361593,0.000000,1.158502,2.829967,9.424338
0.000000,1.599951,2.812957,0.000000,0.000000,0.744227,3.290650,0.000000,0.000000,0.000000,1.852679
1.190681,0.000000,0.000000,5.120847,0.000000,6.825561,3.256461,0.000000,0.000000,1.499540,1.481318
3.472275,0.000000,0.000000,0.000000,1.309232,1.356364,0.000000,2.525903,0.000000,0.000000,0.000000
2.274025,4.169477,0.000000,0.000000,20.308492,2.631322,8.473370,0.000000,0.000000,1.379530,2.139689
0.000000,10.526151,0.000000,0.789280,1.381709,3.669978,3.216773,4.271003,0.086699,0.000000,7.525496
0.000000,1.129080,0.000000,0.000000,0.000000,8.249443,0.000000,8.016061,4.089559,0.000000,0.000000
2.945796,6.300970,4.668623,19.114172,3.264451,1.349817,0.000000,4.496168,13.856339,4.077157,0.000000
0.535128,4.110166,3.970516,24.055276,0.000000,0.000000,0.208860,3.210401,3.845949,0.085982,0.616054
0.000000,16.324161,4.198912,0.000000,0.000000,2.267842,5.807176,0.000000,1.501115,0.000000,5.339874
0.000000,0.057686,0.000000,0.000000,0.000000,0.000000,10.702143,0.000000,0.000000,0.000000,2.695228
12.812170,3.480824,11.031461,13.704800,0.000000,10.872930,7.872502,0.000000,17.159577,0.000000,2.101860
9.213502,0.186553,0.000000,0.000000,0.000000,0.887630,0.000000,0.000000,0.791756,3.422279,8.655689
0.851409,0.550614,0.000000,11.618751,0.000000,0.000000,2.649173,5.749809,0.000000,4.244385,6.840248
0.000000,0.000000,0.000000,0.669815,7.352758,0.000000,5.631220,13.709589,3.767022,6.837482,0.000000
3.394656,5.583461,2.917554,0.000000,1.789208,0.000000,0.000000,2.106100,4.240616,0.000000,1.361705
0.000000,0.000000,1.496212,3.263041,2.029239,1.901640,0.000000,0.000000,0.000000,6.229876,6.434771
0.000000,0.000000,0.209988,0.000000,2.671359,2.228216,2.561839,4.191384,0.000000,0.000000,0.000000
6.944413,2.486834,0.000000,0.000000,0.222290,1.662324,4.856300,0.000000,0.000000,6.206454,1.101980
0.000000,1.910362,0.165124,0.000000,6.602243,0.000000,0.000000,0.000000,1.503440,0.000000,0.000000
0.000000,0.000000,9.178577,0.000000,0.000000,0.000000,0.420364,4.399270,4.747474,0.000000,0.000000
0.000000,0.000000,0.000000,0.040053,0.000000,0.000000,2.802265,0.000000,0.029597,0.000000,0.000000
1.201152,0.000000,0.000000,4.628346,0.859732,5.487842,3.399430,1.799112,0.000000,0.000000,0.000000
2.038772,2.577419,11.372915,0.000000,5.637247,5.689340,0.000000,0.000000,2.471159,0.000000,1.837940
7.301152,3.731481,0.000000,0.000000,0.000000,0.000000,9.564413,5.011726,0.000000,0.000000,0.708245
0.000000,11.360170,0.000000,0.000000,3.702963,1.452827,1.451017,0.821571,0.000000,6.118702,0.000000
9.637202,0.302250,0.000000,0.000000,1.937959,0.934502,5.388777,0.000000,3.024122,4.427832,2.106036
7.205535,7.544318,7.362823,2.676291,0.000000,0.000000,0.000000,8.056937,2.228067,4.062400,3.228168
0.000000,0.820495,3.147074,0.000000,1.304046,2.383166,7.295841,0.000000,11.212260,0.000000,2.723431
12.326499,0.000000,1.610517,3.168687,13.901216,0.000000,5.793439,0.000000,0.000000,0.000000,9.738240
2.291333,1.086138,0.000000,0.000000,0.000000,17.693737,0.000000,0.000000,0.000000,0.000000,18.672964
5.372293,9.915444,0.000000,2.243633,5.309356,1.837750,9.603392,0.000000,1.304311,0.000000,0.000000
15.667510,0.000000,0.924654,0.000000,2.595384,6.276348,0.000000,0.000000,0.000000,0.000000,4.662482
3.276663,4.580417,0.000000,0.000000,0.184890,2.056850,0.000000,0.000000,1.533839,1.757246,2.387360
2.280779,0.067027,0.000000,4.265277,8.067738,0.000000,2.693751,7.326047,0.175498,0.000000,8.534474
4.536437,5.861173,0.000000,2.876745,12.187410,10.196664,2.304325,0.000000,17.599818,1.843863,0.000000
0.000000,0.000000,14.290745,4.501051,0.000000,0.000000,3.962915,0.000000,5.783677,0.000000,27.843207
0.000000,0.000000,0.000000,0.511560,2.710995,0.356612,4.220183,1.319015,0.000000,3.954628,0.811534
7.710473,10.171981,10.718689,10.380880,1.364179,6.258412,0.000000,15.896248,0.000000,0.000000,0.000000
0.000000,0.000000,0.000000,0.000000,14.409393,0.000000,0.498212,2.192528,6.106661,0.000000,7.417683
0.000000,0.000000,4.529478,11.991849,3.827455,1.451685,0.000000,3.222546,0.000000,0.000000,2.878798
0.000000,0.000000,0.468234,3.029367,0.000000,2.365774,0.000000,0.000000,4.639051,0.000000,13.042741
2.937977,0.000000,0.000000,1.499327,0.000000,4.897197,7.776288,1.498957,8.249914,0.000000,4.817352
0.000000,18.573242,0.000000,0.000000,5.961493,0.000000,2.332006,15.745430,0.000000,0.000000,0.000000
2.708055,0.000000,14.373788,0.000000,0.000000,6.012224,0.000000,0.000000,0.000000,0.000000,0.000000
0.000000,0.695943,6.471947,0.000000,2.210048,5.104981,3.408015,4.793881,0.000000,24.184308,0.000000
0.000000,1.293094,3.361457,0.000000,2.541449,2.573205,0.468605,10.327869,4.319241,0.000000,8.689867
0.000000,0.000000,6.410519,9.380023,1.753346,0.000000,0.000000,2.316656,0.000000,0.551744,0.000000
0.204062,16.940613,0.000000,8.567362,6.950977,2.674614,0.783699,0.000000,4.497078,0.000000,0.000000
0.000000,0.000000,2.648912,4.121456,0.000000,5.376985,0.000000,2.420378,7.529957,0.000000,3.529325
2.624284,5.125340,0.000000,0.000000,0.000000,0.235646,0.000000,0.000000,0.000000,0.000000,3.465661
0.000000,1.064224,23.727469,0.000000,1.979426,0.000000,0.521298,23.183506,0.000000,3.455723,2.063719
0.000000,6.863057,25.662368,0.000000,7.080124,0.000000,0.901783,9.530477,3.396059,4.586727,0.000000
0.485479,16.927918,0.000000,1.176950,4.021325,2.408724,0.168189,0.000000,0.000000,0.000000,0.000000
0.000000,0.000000,0.000000,2.271082,8.007859,0.000000,0.000000,1.853576,4.374757,0.000000,3.891959
5.752931,0.000000,5.469649,0.814201,19.898236,5.597387,2.629934,1.597955,2.913372,2.310585,1.186840
1.934445,4.826072,0.000000,10.625354,0.000000,1.375822,0.000000,5.421194,1.658885,0.466515,0.000000
0.000000,11.625948,0.000000,0.000000,26.221506,0.914681,1.203195,2.626043,0.000000,3.238846,1.828067
0.000000,7.388436,0.000000,6.481399,0.000000,0.000000,0.000000,7.860260,0.828014,15.526377,0.000000
0.000000,7.950327,0.000000,2.132970,0.000000,6.449191,2.917560,5.713191,18.569491,0.000000,3.684352
0.000000,0.000000,1.664818,0.000000,0.000000,19.674499,3.114775,5.422201,2.107328,0.830775,0.413383
0.000000,0.000000,7.473820,10.066561,4.021971,1.235125,2.729591,0.000000,9.065568,0.598696,0.000000
0.721148,5.683483,1.475178,0.000000,0.000000,1.815280,10.687666,1.053087,0.000000,2.502501,7.856805
3.404348,0.000000,0.000000,3.888015,5.177224,0.000000,0.000000,0.000000,0.000000,1.637540,1.022228
2.914673,3.635591,0.000000,2.264284,0.000000,0.000000,6.153611,0.000000,0.000000,3.705738,0.000000
0.000000,0.708458,1.456245,0.000000,1.442919,1.331946,0.000000,0.000000,0.000000,0.351400,0.000000
9.722434,6.308178,2.480802,0.900918,0.000000,0.000000,0.000000,0.000000,0.000000,0.000000,0.000000
1.460553,2.292703,12.631518,0.000000,6.503733,2.384386,0.000000,3.340124,0.000000,0.000000,0.000000
0.000000,3.847128,0.000000,0.000000,1.428544,4.493968,0.338056,17.423824,0.000000,12.476580,0.000000
10.775873,0.000000,3.213152,1.465121,0.000000,0.000000,3.846410,0.000000,0.000000,0.000000,0.000000
6.339415,0.000000,0.000000,0.000000,2.413544,4.595922,0.000000,2.777634,1.573574,19.617842,13.491603
2.328972,0.342841,1.790494,0.000000,1.757950,0.000000,2.729368,8.496701,0.149953,2.590859,0.000000
0.000000,0.000000,2.199953,4.331260,0.000000,11.226215,0.000000,0.000000,5.265706,0.000000,0.000000
1.447822,18.283759,5.934173,0.000000,0.000000,3.195503,0.996098,3.603905,0.907191,1.403988,0.000000
0.000000,1.345941,7.614842,9.294131,10.894434,0.000000,0.368633,3.224133,0.000000,2.524863,0.000000
0.000000,1.081901,0.000000,0.000000,20.400832,4.746305,0.000000,3.207930,7.206886,0.000000,0.000000
0.000000,2.954061,2.606780,0.000000,0.000000,7.690625,0.000000,0.857100,1.695217,7.823317,0.000000
0.000000,3.985673,0.000000,0.000000,0.000000,6.512098,1.619533,0.000000,5.981787,0.000000,1.194439
7.999888,2.568414,5.648409,4.176502,0.951430,6.104761,0.000000,0.000000,2.454648,0.000000,0.000000
0.000000,1.064726,0.000000,0.000000,8.501737,8.530289,7.704670,0.000000,8.336067,0.000000,0.000000
0.000000,1.941005,0.000000,12.129861,4.057041,3.576935,1.602138,0.000000,0.000000,7.333900,0.000000
3.119937,0.000000,6.851565,0.116747,0.000000,0.000000,0.000000,12.140898,8.316751,2.315077,0.000000
0.000000,0.000000,0.000000,1.320948,0.000000,3.789306,0.000000,0.000000,0.000000,0.000000,7.189346
0.000000,3.269530,0.000000,0.000000,0.000000,3.646806,0.000000,0.000000,2.051012,0.524514,0.000000
4.244704,3.968959,10.226470,3.873070,1.739116,1.841895,0.000000,0.000000,8.075396,12.594898,0.000000
17.384962,6.993428,0.581294,6.194326,2.953101,0.000000,0.000000,0.000000,0.118427,0.000000,7.672177
0.941931,0.000000,0.656657,4.350646,0.000000,10.409639,0.088954,4.040711,0.000000,4.355284,3.463945
0.000000,0.000000,6.518188,0.000000,8.564356,1.867332,9.368275,2.074654,0.000000,0.000000,0.586575
4.699145,0.000000,0.000000,10.237330,9.920399,2.104863,0.248526,0.000000,0.000000,0.000000,5.319723
6.284984,0.000000,0.000000,4.883928,0.000000,0.000000,17.887149,0.000000,0.000000,13.299504,0.000000
1.620000,0.000000,5.082954,5.125505,0.000000,0.000000,16.854568,0.000000,0.647994,2.752255,1.672284
0.000000,0.000000,0.000000,9.265202,8.336508,2.493505,0.000000,0.000000,0.000000,2.654741,1.327422
7.437980,0.907785,1.982291,0.000000,31.406617,0.000000,0.000000,0.000000,3.173709,0.000000,0.000000
0.000000,11.416056,6.204671,0.000000,0.000000,1.170312,1.053309,0.000000,3.374096,0.000000,0.000000
0.000000,0.000000,0.000000,4.597553,5.914083,0.000000,5.485608,3.441563,4.972874,0.000000,0.000000
1.735994,2.226247,0.000000,0.000000,1.261339,2.827430,0.408795,3.701911,4.625471,12.127476,0.000000
0.407787,5.651012,9.469170,0.000000,3.027609,0.000000,0.463464,10.781420,12.978726,5.080185,5.860174
0.000000,0.000000,0.000000,0.000000,3.242570,0.000000,10.374987,0.000000,2.058223,11.788985,3.441640
0.000000,0.000000,2.529163,4.032300,5.555286,5.557326,0.000000,0.000000,0.000000,0.000000,0.452579
7.426207,10.095784,0.000000,5.407959,14.688472,0.000000,3.670893,2.273094,2.095206,2.077432,0.000000
0.000000,0.000000,0.000000,0.000000,0.000000,0.000000,0.717444,0.000000,10.900017,4.588230,5.093691
6.880939,0.000000,0.000000,0.764874,0.000000,0.434214,0.000000,22.996017,0.000000,4.893640,0.000000
0.000000,3.478237,0.000000,5.091826,0.000000,0.000000,0.000000,4.416861,4.683775,2.250152,0.000000
3.133794,0.000000,0.000000,0.677861,0.000000,0.000000,0.000000,0.000000,3.644113,1.827932,0.000000
0.000000,0.000000,0.000000,0.000000,0.000000,0.703396,0.000000,4.591054,0.000000,5.353491,8.371925
0.000000,0.054006,3.576742,0.000000,3.938134,0.000000,19.691233,1.607408,0.000000,0.000000,0.000000
0.000000,0.000000,5.234662,9.120218,0.000000,0.000000,0.000000,3.145606,1.985011,9.269285,2.694419
4.588864,4.995512,14.875098,0.000000,0.000000,0.000000,6.134051,4.954154,0.000000,0.000000,1.054409
0.000000,13.868242,0.000000,0.000000,0.000000,8.841570,0.000000,0.000000,0.000000,0.799771,7.191819
0.000000,4.902817,0.000000,0.000000,9.431321,3.397055,0.000000,1.452426,1.143949,9.967930,0.000000
5.343591,0.077813,5.056548,0.000000,2.037031,8.678249,0.000000,0.000000,15.097209,8.460223,0.000000
0.000000,5.673234,8.157796,0.000000,0.000000,6.264129,2.299834,8.411624,0.000000,16.812138,0.000000
2.820169,0.000000,0.000000,3.858831,0.000000,0.000000,0.000000,2.064886,0.000000,0.000000,0.000000
0.000000,5.886767,2.276697,3.553444,7.930551,7.850046,0.000000,9.580404,0.000000,2.300564,9.793545
7.761823,11.969169,0.000000,0.000000,0.000000,0.000000,8.135071,5.044993,0.655773,1.110990,3.190942
6.098004,0.000000,0.000000,0.000000,10.648324,0.000000,0.000000,0.000000,16.708176,0.000000,0.000000
0.000000,10.638623,0.000000,9.170390,5.430818,0.000000,0.000000,1.441320,1.884749,0.245116,2.116957
1.846306,5.875986,0.000000,7.218812,10.756077,7.771659,0.000000,0.000000,8.676738,0.000000,3.441064
3.575510,0.847027,9.789842,0.000000,3.914128,5.008089,0.000000,0.878108,0.000000,0.000000,0.000000
0.000000,1.815592,0.000000,0.000000,2.287014,0.000000,2.514940,0.000000,0.000000,10.333263,0.000000
11.367915,3.147494,10.104241,2.824148,8.236456,3.062957,0.000000,2.547781,0.000000,2.631838,3.783195
13.030585,4.570378,0.000000,0.000000,0.000000,7.089764,0.000000,5.355881,1.930707,2.068193,0.000000
0.000000,0.575114,5.675838,0.000000,0.000000,0.000000,0.000000,2.362233,11.941722,1.387794,10.139228
6.332683,0.000000,0.000000,3.265421,0.000000,17.568311,6.211553,5.146038,1.861113,0.000000,0.000000
2.152957,2.369212,10.877082,13.372595,8.909098,0.000000,0.000000,0.000000,0.000000,0.084943,0.000000
0.000000,5.151748,0.000000,0.000000,9.668318,2.998131,0.000000,3.977979,5.326369,0.000000,0.000000
0.000000,0.000000,0.000000,0.000000,7.311644,0.000000,2.354740,1.103740,16.506514,0.769706,2.357030
3.111300,7.549563,0.369075,0.000000,2.465439,4.562238,1.233192,0.000000,0.000000,0.000000,7.234446
6.994361,6.467179,6.468735,1.417128,10.741952,14.770340,1.790574,6.499005,0.000000,2.504290,4.461423
0.000000,0.438597,9.678594,0.000000,2.457347,0.000000,5.799901,10.556838,0.000000,0.000000,0.000000
4.322866,0.000000,0.000000,3.505643,0.000000,0.000000,0.000000,0.000000,0.000000,0.000000,0.000000
1.604657,0.000000,5.637241,10.728649,0.000000,0.000000,6.938412,0.000000,0.000000,9.019566,1.217995
0.000000,0.000000,3.291148,4.676778,0.000000,0.000000,5.762893,0.000000,2.305927,0.000000,3.050146
4.965667,0.000000,11.206705,0.000000,0.840896,0.000000,0.000000,0.000000,0.000000,9.306634,0.000000
1.004516,0.000000,0.000000,0.000000,5.678389,0.000000,0.000000,2.919441,1.493097,7.589028,0.000000
3.770945,0.000000,5.288930,5.773380,8.995586,3.956550,0.000000,2.512385,0.000000,0.193139,5.438518
1.874146,3.549381,1.756338,0.000000,2.219197,7.954556,2.657219,0.000000,0.000000,0.000000,6.235308
7.402395,0.000000,3.188645,0.000000,5.909534,4.331953,9.554348,14.244654,0.000000,0.782777,0.000000
1.906008,1.522697,2.365652,6.986184,0.000000,1.027571,0.198816,0.000000,0.000000,1.581692,0.000000
0.000000,0.000000,0.000000,0.000000,0.000000,0.699018,0.894802,1.076769,0.000000,8.622896,0.000000
2.472673,0.000000,0.000000,8.512250,0.000000,4.731774,8.192515,3.160619,0.000000,0.000000,0.000000
0.431521,11.798796,0.000000,0.000000,0.046874,0.000000,10.544962,3.643334,21.293340,0.018768,12.939189
0.000000,0.000000,2.587960,2.333511,2.029426,0.000000,0.000000,0.684472,6.944704,2.119758,0.911687
8.408779,2.164500,3.096911,0.000000,2.901889,1.842332,0.000000,0.000000,5.379609,0.291688,1.273488
2.441374,4.868647,0.000000,1.426822,0.514809,0.000000,0.556827,0.895717,0.000000,0.000000,2.747659
0.000000,1.190078,0.000000,3.530181,0.000000,5.109285,11.638539,0.000000,3.936550,0.000000,1.002369
7.921021,10.234904,1.279586,7.755220,17.449627,6.463667,0.230500,8.540982,4.634221,0.000000,4.162309
17.138849,0.000000,0.000000,8.365800,9.081436,0.000000,7.877911,8.499773,1.635921,9.594451,4.766979
5.370916,5.866985,0.000000,7.702261,5.116348,0.171614,0.000000,5.694115,0.000000,0.783507,0.280811
17.375937,0.000000,10.598439,0.000000,0.000000,3.838223,0.000000,14.889211,6.888105,8.302391,0.000000
0.000000,3.974632,5.297542,10.242742,0.000000,0.000000,0.000000,0.000000,23.889215,6.344884,0.000000
0.849731,4.077684,1.494625,0.000000,5.943569,10.462139,5.209681,0.000000,4.015839,0.000000,0.000000
0.000000,3.261181,0.000000,5.135482,0.000000,0.000000,0.000000,0.000000,0.000000,0.000000,0.000000
0.000000,0.000000,0.000000,7.462115,0.000000,0.000000,2.072466,0.000000,0.000000,10.508413,0.000000
0.000000,6.850099,2.312262,0.000000,1.610135,2.392252,0.000000,2.413256,6.184424,3.107638,0.000000
2.609434,15.891398,3.924670,0.000000,0.166614,5.591111,0.000000,0.000000,3.617425,8.440209,12.126229
0.000000,0.118351,0.000000,0.927480,8.435299,0.000000,3.082070,0.000000,0.000000,0.000000,5.335122
1.851205,3.901563,1.156738,9.003430,2.686604,0.000000,0.000000,0.000000,5.975579,5.530146,1.200170
3.370223,18.908130,12.542566,0.000000,12.246331,0.456728,0.000000,0.474102,6.775058,6.770072,4.189517
0.000000,0.000000,3.625787,0.093023,0.000000,8.428634,0.000000,2.845059,0.000000,0.875016,0.000000
11.268476,3.306452,0.000000,0.000000,1.597307,10.457676,1.424403,0.000000,0.000000,8.017514,2.161542
0.000000,0.989974,2.871090,0.000000,3.027406,6.016447,0.000000,0.154628,7.098472,0.000000,23.297283
1.729523,5.980946,2.539955,0.000000,1.577870,6.715256,0.000000,0.000000,0.000000,2.725247,0.000000
0.000000,0.000000,7.864464,2.755750,5.688495,10.007902,0.000000,0.000000,1.226361,0.000000,0.000000
1.347584,4.224328,0.000000,2.735643,5.966665,0.000000,4.929713,25.699259,0.000000,0.612256,0.000000
0.000000,0.000000,0.915525,4.153936,8.770993,0.000000,5.535926,0.000000,0.000000,3.571147,0.000000
7.150087,11.121105,0.000000,7.596900,0.000000,0.998605,0.000000,5.507063,16.638948,2.703306,2.602842
7.340066,0.000000,0.594504,3.440455,16.630893,9.322984,0.000000,0.000000,1.367439,7.519459,2.270730
1.647590,0.000000,0.000000,14.898770,4.424076,0.000000,0.000000,15.681644,0.000000,19.788026,10.472724
0.000000,0.000000,6.235703,5.105136,0.000000,2.103479,0.000000,0.000000,2.307183,0.000000,0.000000
0.000000,18.789049,1.013464,0.000000,0.000000,0.000000,14.398291,16.499257,0.000000,0.000000,1.286336
0.000000,4.741708,1.553224,0.000000,5.336343,3.274205,13.151872,0.933425,6.869700,0.000000,4.837896
0.000000,0.000000,0.000000,4.529609,0.000000,1.722524,5.525340,0.372037,3.165107,0.000000,4.534074
0.000000,5.982254,0.000000,3.354716,1.062663,0.000000,0.000000,0.000000,0.000000,0.000000,3.865526
0.000000,7.837176,0.000000,7.838565,0.000000,0.000000,2.020389,1.199038,0.000000,0.715287,3.458959
2.886775,11.251946,1.597341,0.000000,1.355366,2.598232,5.768858,0.000000,1.041697,0.276160,8.517966
0.000000,0.000000,0.000000,0.000000,0.000000,8.830083,0.000000,6.667008,0.000000,3.253855,0.000000
9.044852,4.761887,0.000000,0.000000,0.000000,0.000000,6.569448,1.246013,0.959986,2.928165,0.264614
13.086559,0.000000,1.234830,0.000000,0.000000,0.000000,0.829221,0.299875,4.644374,9.880601,0.000000
5.003167,3.062855,0.031988,0.000000,0.000000,0.000000,0.000000,0.991485,0.700047,10.456618,10.882150
3.361234,4.086389,5.505732,0.000000,0.000000,0.000000,0.000000,0.000000,4.310669,1.081371,0.000000
17.342702,0.000000,0.000000,2.191609,3.482818,4.047950,5.890667,0.000000,8.086695,2.020048,0.000000
0.000000,4.407272,4.103081,3.635134,1.358642,0.000000,4.702997,7.742087,0.000000,6.810945,13.127832
1.716870,0.000000,0.000000,7.677900,6.669467,0.000000,14.001616,0.000000,10.229626,0.000000,19.403869
11.967322,7.139621,5.511024,1.689582,2.072357,0.000000,20.945037,0.424871,2.790478,0.000000,0.000000
12.456339,0.000000,0.000000,0.000000,6.227550,0.000000,0.000000,5.721948,0.000000,0.000000,9.748202
10.832944,0.000000,1.921353,3.758034,0.026906,2.651980,5.998902,0.000000,0.000000,0.000000,5.653989
13.160764,0.000000,1.549512,7.749995,2.926640,2.547558,14.563901,0.000000,0.000000,0.000000,0.000000
0.000000,9.988846,0.950219,3.842778,0.000000,4.551370,0.760773,0.000000,0.000000,9.702494,9.568460
0.000000,0.000000,9.345551,0.000000,0.000000,0.000000,0.000000,2.106981,0.000000,3.482173,2.143788
0.000000,3.226818,0.000000,1.077044,6.051482,6.498133,3.076626,0.000000,1.285094,0.000000,0.000000
6.124581,20.033250,0.000000,0.294389,1.402558,0.000000,8.824974,0.000000,0.000000,0.000000,1.795341
0.000000,0.000000,1.677956,0.000000,1.594738,0.000000,0.000000,1.585674,5.032591,0.000000,19.011531
6.708453,0.291147,2.435171,0.000000,0.000000,3.091040,0.000000,2.427450,7.809465,2.078632,15.631146
2.323609,2.231738,0.000000,0.000000,10.982989,1.716648,3.345050,3.466276,0.000000,0.000000,0.538986
0.896826,17.355604,5.352089,0.423496,0.587799,0.206519,0.000000,0.351398,1.998042,0.000000,6.731560
0.000000,4.576620,14.304391,0.000000,3.777484,0.000000,0.000000,0.000000,0.000000,5.526832,0.000000
6.785378,0.000000,5.860800,0.000000,0.000000,1.457976,0.000000,1.219331,3.538329,1.614582,4.648723
2.906439,0.000000,0.000000,0.000000,7.705527,1.311870,0.000000,0.000000,0.000000,1.135408,0.000000
9.040714,2.738355,0.000000,0.000000,3.470452,3.321964,0.489362,2.708915,0.000000,6.259028,0.000000
2.088445,0.000000,1.578773,8.793014,3.477221,0.000000,4.208732,0.000000,0.918432,0.000000,3.304354
0.000000,0.000000,0.000000,0.000000,0.000000,3.018658,0.000000,2.913320,2.649718,0.000000,1.485586
14.566326,0.000000,0.000000,0.306473,2.998812,0.000000,4.491238,0.000000,0.638581,5.557320,0.000000
0.000000,0.000000,0.000000,0.000000,0.000000,12.501365,3.079986,1.962952,1.442528,0.472419,0.000000
0.000000,0.040728,0.000000,5.431240,1.046916,0.000000,0.000000,4.727199,0.000000,1.919081,0.198931
7.909274,3.131092,0.000000,0.000000,9.287551,1.650805,0.000000,0.000000,0.880527,0.000000,13.508906
9.898888,0.000000,2.946040,1.916047,0.773792,18.517309,1.558033,0.000000,1.718213,0.000000,0.000000
0.000000,10.613912,5.293728,0.000000,3.279858,4.398505,0.000000,3.640027,11.511404,0.134007,12.118160
0.000000,0.000000,10.335873,0.000000,3.989684,0.000000,5.166444,0.000000,0.000000,3.298048,3.811858
5.405413,2.268203,0.000000,0.000000,17.330285,0.000000,0.000000,6.324930,1.568644,7.711926,0.795171
1.666406,4.536766,0.000000,1.538566,0.000000,6.801516,0.000000,0.000000,0.000000,0.000000,1.260270
0.000000,0.000000,0.000000,5.928441,0.000000,0.000000,3.278423,0.000000,0.000000,2.149241,0.000000
0.000000,0.000000,0.000000,1.506013,0.000000,2.087623,0.000000,5.968477,23.175866,2.333610,4.826958
0.944967,10.566055,0.000000,0.461184,0.000000,5.068353,6.753265,3.350908,0.981196,0.000000,6.921455
0.000000,0.000000,0.000000,0.670759,0.000000,0.000000,0.000000,0.000000,0.000000,0.577772,2.099482
0.000000,2.570396,0.000000,0.069908,3.111176,0.000000,2.659364,2.660063,0.000000,0.000000,0.000000
0.000000,0.000000,5.276446,2.570474,0.865019,2.292770,0.000000,0.000000,1.017495,0.000000,8.611071
1.766137,0.000000,0.000000,5.561810,6.714672,0.000000,0.000000,4.470460,0.733922,0.662269,0.000000
0.000000,1.876368,4.050017,0.643658,0.000000,3.389434,0.000000,0.000000,1.913487,8.472895,0.000000
0.000000,0.000000,3.024932,2.329840,0.029436,3.951278,0.000000,0.000000,0.000000,1.093404,0.000000
3.025043,0.000000,0.634055,0.000000,14.160480,0.000000,0.000000,0.000000,5.011261,1.675632,9.371462
1.210087,5.334121,4.490546,1.652263,0.000000,0.000000,0.000000,1.659824,0.000000,0.000000,1.863082
9.861997,0.000000,0.000000,0.000000,0.000000,0.000000,3.509563,3.052047,0.000000,0.000000,0.000000
0.000000,1.550187,0.000000,1.886221,0.000000,3.193397,0.000000,0.000000,0.000000,2.408189,1.046248
13.241181,2.649728,2.480442,0.000000,10.713939,2.288544,5.393528,0.000000,0.000000,0.000000,6.535560
5.372808,1.137519,3.259982,0.000000,0.000000,1.695930,0.000000,0.000000,0.960340,1.855082,10.123074
1.216128,0.231587,0.000000,0.000000,0.000000,1.938601,0.829267,0.000000,0.000000,4.212221,2.720186
2.247737,8.168165,6.614501,0.000000,2.848602,1.017099,0.000000,0.000000,7.856608,4.354095,0.000000
12.403004,0.000000,0.000000,0.000000,0.000000,2.809515,5.163072,0.000000,16.055293,0.000000,0.282399
3.863225,0.000000,2.962127,0.000000,5.060314,0.000000,13.674466,2.864636,6.962476,4.835456,0.000000
0.000000,0.000000,0.519474,0.000000,3.185433,0.000000,0.000000,0.429916,0.000000,0.000000,0.000000
0.000000,4.340946,0.000000,3.347805,2.701152,0.000000,4.288439,0.000000,6.322883,0.000000,6.872339
0.000000,0.000000,0.000000,0.000000,2.139947,0.000000,1.143825,3.300824,0.000000,0.000000,0.924602
6.713427,3.878896,2.936090,6.113029,0.000000,1.257907,0.545643,2.798277,6.234632,0.000000,0.000000
0.000000,0.000000,0.000000,0.000000,0.188427,3.548906,3.651719,2.845884,0.000000,7.151094,0.000000
1.153648,2.532032,0.000000,9.148845,0.000000,2.535760,3.332835,0.961631,4.047905,2.186879,6.488063
8.761171,1.052712,7.717192,1.322957,0.000000,13.999177,0.360151,8.026726,3.483993,0.000000,12.599780
0.000000,5.787904,2.319140,0.000000,0.000000,6.813460,0.000000,5.240194,1.120288,0.000000,2.943743
4.518947,8.216166,0.000000,11.004447,3.903985,0.000000,6.456421,0.000000,4.746304,2.419201,1.321270
0.000000,2.616846,0.000000,0.000000,6.812877,2.309499,0.000000,0.000000,5.051979,0.000000,0.000000
0.000000,0.000000,2.624290,2.909570,0.000000,0.000000,0.000000,1.075025,0.000000,5.324679,3.956559
0.000000,2.576194,0.000000,0.000000,4.419309,0.000000,7.025695,7.669726,2.011697,0.000000,4.586095
1.850975,0.000000,0.000000,6.556390,0.000000,1.238952,3.194778,0.000000,1.480391,0.000000,0.747564
2.183279,1.132147,3.614417,0.538386,12.031440,1.106870,0.000000,13.355720,6.350520,1.674925,0.902380
0.977759,0.000000,1.987217,0.000000,2.680308,0.000000,5.677001,1.226616,3.871416,0.000000,6.170426
0.000000,1.382702,1.044049,0.000000,1.708640,0.000000,3.874970,0.000000,0.000000,8.415690,0.000000
1.320742,0.000000,1.537970,0.000000,4.537412,0.000000,1.564089,0.000000,0.000000,2.038631,0.000000
0.000000,1.425611,1.329827,7.396211,0.000000,0.000000,0.000000,0.000000,3.146159,0.000000,5.441614
0.000000,0.000000,0.000000,0.000000,0.000000,0.000000,0.065751,0.750285,1.446291,0.575246,0.000000
0.000000,0.000000,4.626905,0.000000,11.491492,0.000000,0.000000,5.523761,0.000000,3.885573,6.884173
3.043149,0.796054,0.572169,6.591192,2.870934,0.000000,0.977197,0.000000,1.558069,3.203529,0.000000
0.000000,5.650290,1.262637,0.740187,0.000000,2.123587,0.000000,16.314868,1.847992,2.131546,3.545854
0.719751,0.000000,3.955438,0.000000,1.131930,0.000000,0.337765,14.517656,0.000000,0.000000,2.222590
6.944179,1.031787,8.554007,0.000000,1.054781,2.979286,1.520159,6.320087,0.025974,0.000000,0.000000
2.119969,18.558770,2.380683,0.724084,2.461300,3.869384,3.015951,0.000000,7.978430,4.589823,3.283262
11.435380,0.000000,0.354352,0.000000,1.829683,0.000000,9.050650,0.000000,0.000000,0.000000,0.688600
3.168247,0.000000,0.000000,0.000000,3.066183,1.492665,8.069015,0.097758,6.847427,1.596476,4.263944
0.000000,1.517310,1.927248,7.596136,3.826747,0.000000,0.000000,0.403922,1.211585,4.311160,12.904269
0.000000,1.486542,0.000000,7.698519,0.000000,6.738769,13.275197,1.294962,3.052086,0.858066,0.000000
0.023255,4.256881,0.000000,0.544226,0.000000,0.000000,1.388696,2.074433,0.000000,0.000000,0.000000
0.000000,5.535167,0.000000,3.243126,1.651397,0.000000,5.220536,1.314250,3.207464,0.000000,0.000000
0.000000,0.000000,0.000000,0.000000,8.148404,4.216969,1.096485,0.000000,0.000000,3.214766,0.883331
0.000000,0.000000,0.000000,0.000000,0.000000,6.759743,9.609280,3.458325,0.000000,2.808693,2.503567
9.636700,5.785550,0.000000,0.000000,9.545888,0.000000,1.212891,2.695200,0.000000,13.916892,0.000000
3.956312,0.000000,1.385897,0.000000,2.850007,1.399103,0.000000,4.660105,0.000000,0.000000,2.289771
0.525832,0.000000,0.000000,0.000000,1.436505,0.472464,0.000000,0.000000,0.000000,0.963886,0.000000
5.788069,0.000000,4.554805,1.068469,1.838032,0.000000,0.000000,0.000000,0.153289,0.000000,4.507280
0.000000,0.000000,1.331360,0.000000,1.070449,3.838092,7.740020,3.839811,2.535190,0.721550,8.797478
0.000000,0.000000,6.340496,1.896555,0.000000,0.658791,4.119107,0.000000,0.000000,0.000000,4.599225
1.676042,0.000000,4.626508,0.000000,0.000000,0.000000,20.395207,1.771240,0.000000,0.000000,0.400374
0.000000,0.966482,0.000000,0.000000,3.020108,0.000000,0.000000,0.407538,0.000000,0.000000,0.000000
3.297880,0.000000,0.000000,0.000000,0.000000,0.821358,2.892899,0.000000,1.079342,2.914241,0.000000
0.000000,8.735912,0.000000,0.615748,0.000000,0.000000,2.043047,0.000000,2.886612,3.733479,8.249820
2.246971,1.468570,0.000000,2.526354,6.335756,2.312446,0.000000,0.000000,2.849930,1.709783,0.000000
16.078115,7.366218,0.000000,0.000000,0.000000,0.000000,1.799658,0.000000,1.119276,4.442039,0.000000
0.000000,4.970467,8.544003,4.242496,0.000000,0.000000,0.000000,0.000000,5.955197,4.218435,0.000000
0.000000,0.000000,4.716342,0.000000,0.000000,0.000000,0.000000,0.000000,13.689729,0.877111,1.466686
7.383074,2.043906,0.000000,0.000000,0.000000,3.035585,3.500946,11.433542,0.000000,6.938194,5.634945
2.278486,0.000000,6.169433,0.000000,0.473107,0.000000,0.000000,4.134828,0.782349,0.000000,10.382428
1.787854,0.488633,0.242064,0.000000,3.391321,0.000000,3.620540,0.754660,0.000000,0.000000,0.000000
7.954951,0.000000,5.245091,4.479674,8.407557,0.000000,0.000000,4.523750,9.308796,0.000000,0.000000
4.664369,0.267198,3.274232,0.000000,1.073480,1.169128,3.720463,0.000000,8.015887,0.000000,0.000000
0.000000,5.832116,0.000000,2.148696,6.501091,4.602325,0.000000,4.060431,3.233882,3.376603,0.000000
3.981523,0.000000,4.702633,0.000000,4.059450,0.095519,2.510100,0.000000,0.182092,0.080675,0.000000
6.746705,6.080193,0.000000,0.961222,0.000000,7.451214,5.235353,1.488396,0.000000,0.000000,0.000000
0.000000,0.000000,3.767948,2.128034,3.139369,0.000000,0.136970,0.000000,0.000000,0.000000,1.343466
0.000000,6.260334,1.489901,1.920846,0.322371,11.502281,0.599242,0.000000,6.297209,0.790290,0.000000
0.000000,2.366546,3.995715,2.734251,3.032983,0.000000,0.246365,1.204905,1.333445,4.509734,0.000000
0.429199,0.000000,3.385313,2.878944,0.000000,4.205087,0.000000,2.915205,0.285142,3.424405,0.000000
0.000000,0.000000,0.000000,0.000000,0.711375,0.000000,1.223170,0.000000,0.000000,0.000000,1.989066
0.000000,3.078154,0.000000,0.000000,0.000000,0.000000,5.513757,0.000000,0.000000,0.000000,6.895393
0.000000,0.000000,1.179000,0.000000,0.000000,0.163416,3.870704,0.000000,0.000000,0.000000,3.697070
0.000000,0.061396,3.887971,0.000000,0.000000,2.975029,1.923372,0.000000,1.284143,0.000000,1.962520
0.000000,0.000000,0.000000,2.088639,0.000000,0.000000,0.000000,5.393407,0.600971,0.363306,0.000000
11.585816,0.111292,1.473568,0.629320,0.000000,0.000000,0.760688,0.000000,4.408919,10.456407,0.000000
0.849160,0.403274,0.000000,0.000000,2.102360,2.197686,7.394943,9.441580,0.000000,5.985256,0.230473
0.000000,0.857238,0.000000,1.959306,1.782870,0.000000,0.211591,1.578740,0.578061,5.170127,7.017027
5.695768,0.886582,1.328230,0.664628,0.000000,0.000000,1.860371,14.553091,0.321083,0.904644,0.302365
0.000000,0.000000,6.489619,0.000000,2.633040,0.000000,0.000000,0.000000,2.381148,0.000000,1.679373
0.000000,0.000000,0.803162,0.000000,2.884424,2.039082,0.000000,0.000000,0.166283,0.000000,1.914423
15.634468,3.395469,0.000000,4.190164,1.941432,0.000000,0.372801,3.530978,1.029220,2.448028,6.913803
1.668991,0.000000,3.080596,5.790044,0.000000,10.762683,0.000000,1.338644,5.378217,0.065207,0.858960
0.829116,0.182668,8.895824,4.874272,1.140452,1.125237,0.000000,0.000000,3.879981,0.420570,8.064554
0.000000,0.000000,0.000000,0.000000,0.335013,0.000000,11.315728,2.640464,0.000000,0.560598,0.000000
3.393409,0.000000,0.000000,0.127010,3.447095,0.000000,2.569751,2.894695,0.000000,2.155038,2.885073
0.000000,0.000000,4.538353,0.000000,0.000000,0.000000,2.012519,1.166684,0.027331,0.000000,0.000000
0.640917,1.729237,0.000000,1.554535,0.000000,3.834456,0.000000,0.000000,0.981960,3.323346,4.296750
0.000000,1.350191,6.405464,2.022438,0.000000,0.000000,1.239048,1.466491,0.000000,1.987628,5.508699
1.801853,0.000000,0.000000,2.612768,0.283477,0.252204,3.909934,5.938292,0.326501,0.000000,0.000000
2.884422,1.052827,0.000000,0.000000,0.000000,0.000000,2.213789,2.410287,0.000000,0.000000,2.503515
0.691667,2.361332,0.000000,0.000000,5.583061,0.313711,5.878914,0.000000,0.649383,0.000000,1.585243
7.397206,3.785414,0.000000,1.636239,0.271574,0.000000,3.010317,0.000000,0.000000,0.000000,0.000000
4.758031,0.000000,2.628553,2.149056,0.474316,0.000000,3.556497,0.000000,0.000000,0.266969,2.190652
1.368508,4.036479,0.000000,3.081084,0.000000,0.000000,0.000000,1.496433,3.099030,0.000000,1.707313
0.000000,3.272465,0.000000,1.597315,2.903229,5.240098,5.037505,0.000000,2.300358,3.059513,0.000000
0.000000,0.234648,3.205973,0.616724,0.232525,5.925387,0.000000,2.115316,1.652796,0.000000,1.512167
0.000000,0.487533,0.123511,0.000000,0.000000,0.000000,1.783630,0.000000,0.009124,0.000000,1.864007
2.399472,6.149203,0.000000,1.731613,2.288382,0.000000,1.467735,0.000000,2.569844,3.450910,0.000000
0.000000,1.458686,2.862364,2.629605,1.791116,0.000000,0.000000,0.904085,0.630685,0.000000,0.000000
6.282060,0.000000,0.000000,1.240441,1.829255,0.000000,3.409589,1.017649,1.804110,0.978716,6.387947
0.630379,6.578908,0.000000,2.069194,1.365296,0.000000,0.000000,12.438775,0.000000,1.220671,9.176099
0.000000,0.000000,0.054437,0.000000,0.000000,0.000000,0.000000,0.000000,6.848759,0.000000,2.842909
0.000000,0.000000,0.000000,4.100188,2.080593,0.000000,4.390687,0.000000,2.928067,0.000000,0.000000
3.054728,0.197887,1.947976,0.293491,0.000000,2.667507,3.997266,0.000000,0.000000,1.581902,13.211722
6.091685,0.000000,1.403797,0.000000,0.000000,2.086648,3.647693,0.842759,0.000000,0.000000,0.000000
0.000000,0.000000,0.000000,0.398183,3.480750,0.000000,0.000000,0.000000,0.000000,0.000000,0.000000
2.318169,0.616290,3.174843,0.000000,0.824159,0.000000,0.000000,0.152989,0.000000,0.000000,1.194294
5.770372,3.054321,1.108898,0.000000,0.000000,2.943431,0.000000,12.126651,0.000000,4.071061,0.000000
0.000000,0.425374,0.000000,0.000000,0.000000,0.071397,1.620591,4.094596,0.000000,0.000000,1.242992
0.000000,0.000000,0.000000,4.256980,0.439571,1.044837,0.000000,0.244699,0.000000,6.523460,3.132730
0.000000,0.679731,0.000000,0.000000,0.000000,5.549468,4.138872,6.107277,0.000000,0.000000,8.420229
0.000000,0.000000,0.235015,4.092302,9.690266,0.000000,2.064499,0.000000,0.000000,0.000000,0.000000
0.534372,9.979478,0.000000,0.544975,0.000000,0.586494,0.557017,3.270057,0.793727,0.000000,5.548760
0.000000,0.000000,0.787292,0.000000,0.000000,1.337630,0.000000,0.823401,0.000000,12.438385,0.160641
0.815947,1.408709,0.000000,5.771417,0.000000,0.377005,5.398059,2.039537,3.423554,4.779503,21.654399
0.000000,1.052159,1.610600,0.000000,0.000000,4.838788,2.146548,0.139274,0.000000,0.000000,0.061473
0.000000,0.000000,8.149150,3.628995,0.662458,0.000000,0.000000,0.000000,0.288500,2.259978,0.000000
1.064721,0.000000,4.606934,1.744175,0.000000,2.172576,2.438907,0.000000,1.802320,0.000000,0.000000
5.573847,1.374355,0.000000,3.579197,0.000000,0.000000,0.000000,0.000000,0.000000,0.000000,4.820888
4.524352,0.000000,0.000000,0.614358,0.269933,0.000000,0.859017,2.417377,0.000000,1.580104,0.000000
0.000000,0.657675,0.000000,0.000000,0.000000,7.526617,0.000000,0.000000,0.000000,0.449747,3.060302
0.461010,0.000000,1.146670,2.124192,0.352349,0.000000,1.462231,0.000000,0.000000,0.000000,0.000000
0.000000,0.083865,0.000000,3.204708,0.945974,0.000000,0.000000,0.000000,0.000000,0.000000,0.000000
0.655039,12.313951,0.096138,0.000000,2.721009,0.518805,0.000000,0.000000,3.332898,0.000000,0.000000
0.000000,0.361245,3.796108,0.000000,0.000000,0.000000,0.000000,4.121208,0.840102,1.963737,0.781009
0.014260,0.643038,0.000000,0.000000,0.000000,0.000000,4.711131,2.551577,0.000000,0.574505,0.000000
7.868438,3.346570,1.335921,5.109231,0.324749,0.000000,0.000000,0.000000,0.023974,7.325011,0.000000
0.000000,6.112972,0.000000,0.051697,1.287944,0.248536,0.000000,5.457863,7.027325,0.000000,1.739404
8.029544,3.067023,0.000000,0.482911,0.671245,0.000000,1.752634,0.916837,1.735689,0.000000,3.334748
0.000000,0.000000,0.000000,2.755140,0.000000,0.225851,1.965133,0.000000,0.000000,0.000000,0.000000
0.000000,0.932924,0.000000,0.000000,0.000000,0.000000,3.779112,1.048244,0.000000,0.000000,0.000000
0.873935,6.727614,6.111337,0.000000,0.000000,0.000000,0.000000,0.000000,0.000000,0.000000,4.603009
0.000000,0.684643,0.000000,1.721011,0.000000,0.000000,3.726228,0.000000,0.000000,1.040193,0.000000
1.801558,0.000000,1.330494,2.618012,3.010211,0.000000,0.000000,0.000000,4.771336,3.016292,0.000000
2.889142,2.497696,8.568565,0.136782,1.645810,0.000000,4.621963,0.610040,0.000000,0.000000,0.000000
0.000000,1.294482,0.000000,3.747423,1.612374,0.000000,0.323032,0.000000,0.865874,0.844612,1.442857
5.656230,0.732412,0.000000,0.000000,0.000000,3.414706,3.875301,2.511207,0.403206,0.000000,0.000000
0.000000,3.216615,0.000000,4.562575,0.000000,1.083149,0.000000,0.584948,0.859575,5.281480,1.559024
0.000000,0.188387,2.451108,0.945713,1.041735,0.464236,10.005570,0.000000,0.000000,0.000000,0.000000
0.495719,0.243920,0.000000,0.000000,0.000000,2.178106,0.000000,0.000000,0.816324,1.699491,0.000000
2.871599,5.394599,4.884539,1.029731,0.000000,0.000000,0.000000,1.095831,6.863401,2.519072,0.000000
0.000000,0.000000,5.976112,4.485773,0.000000,0.000000,0.000000,6.354088,3.056664,0.608898,0.000000
0.000000,0.000000,4.556686,2.295007,0.000000,0.000000,11.283196,1.847952,0.000000,0.000000,0.000000
0.000000,1.086548,7.344958,0.000000,1.377386,0.000000,0.000000,4.440897,0.000000,0.000000,2.805472
1.599249,2.217696,3.436337,0.000000,4.796467,0.221152,0.000000,1.754554,10.262696,0.817056,2.377323
3.594911,1.311050,0.000000,0.000000,2.068148,0.000000,3.047544,0.000000,1.370111,0.000000,0.000000
6.432578,0.000000,0.000000,2.361353,8.891381,1.605398,0.365271,4.599476,2.796439,0.000000,4.845907
0.000000,0.000000,0.000000,4.087369,0.000000,0.000000,0.000000,0.000000,2.122341,0.000000,10.856671
0.000000,1.518116,0.000000,0.000000,0.000000,0.000000,0.000000,0.000000,0.000000,0.000000,0.000000
0.000000,0.000000,0.000000,1.047849,0.000000,10.492216,2.850375,1.851295,0.000000,2.729866,0.000000
0.000000,0.000000,0.000000,2.150500,3.783377,0.000000,9.991629,0.000000,0.000000,5.382392,3.762568
0.000000,10.811427,0.000000,0.000000,0.000000,0.000000,7.001822,0.000000,5.222986,9.086627,0.819425
1.104091,10.088427,0.000000,3.464027,0.000000,0.000000,1.191373,4.096501,3.169097,0.000000,0.000000
0.000000,6.323002,0.000000,0.000000,2.037911,0.000000,5.596323,2.508432,0.000000,0.000000,7.953082
11.138730,7.220763,0.000000,5.240587,1.775715,0.000000,0.803965,0.000000,1.387248,2.788266,0.000000
0.000000,0.000000,0.000000,3.277104,0.000000,4.654318,0.000000,0.224375,0.087170,0.000000,3.087923
3.717131,5.255951,0.000000,0.000000,0.000000,9.828104,0.000000,3.541812,0.000000,5.943434,1.384611
13.377053,0.000000,0.000000,0.000000,0.763519,0.000000,0.000000,5.102302,0.000000,9.002292,5.348308
0.000000,0.000000,4.942819,0.000000,0.000000,0.000000,0.000000,0.000000,0.000000,0.000000,0.000000
6.479055,0.000000,0.000000,2.200122,2.184513,2.016542,1.094143,8.464248,1.615695,1.268130,2.979462
0.000000,1.889190,8.335564,3.786162,23.501699,5.483512,0.000000,14.442588,1.897868,0.615809,0.000000
0.177627,1.738430,8.470986,0.000000,3.613466,0.000000,0.000000,0.000000,5.136883,1.545694,0.000000
1.369605,0.694383,0.000000,0.000000,4.745594,0.000000,0.000000,8.825624,5.728154,1.156306,0.843276
2.854265,2.363194,0.000000,3.200837,2.543936,0.000000,1.616732,0.000000,2.797469,8.965650,6.510520
0.000000,6.625521,1.072646,0.000000,8.478043,0.000000,0.000000,3.515135,14.205768,0.000000,1.807959
0.000000,0.000000,0.000000,0.857584,0.000000,0.000000,2.107018,1.434006,2.814558,0.000000,0.218825
3.441535,12.196332,0.000000,0.000000,0.000000,2.644645,2.036038,6.708809,7.005900,0.000000,0.000000
5.388988,1.593013,0.000000,0.182394,0.000000,1.933265,0.385361,0.000000,9.385992,7.808160,0.932352
0.714680,0.000000,1.728335,3.428661,13.635961,6.655421,0.173904,0.000000,8.414201,0.000000,1.308909
0.855908,2.532451,0.000000,0.000000,9.920280,2.720134,4.242823,3.288462,3.785602,0.000000,0.000000
0.000000,21.423614,0.000000,2.043957,6.171121,3.217355,1.281136,0.000000,2.623171,0.000000,4.439506
2.847854,0.000000,0.000000,0.000000,9.717639,0.000000,0.000000,0.738128,3.781151,3.482334,0.000000
0.000000,5.758267,6.744210,0.896566,0.000000,12.437107,1.639244,0.000000,0.888152,0.000000,13.256462
0.439218,0.000000,5.560028,15.223951,1.375842,0.896441,0.557841,0.000000,7.298727,0.000000,0.781396
0.000000,0.000000,0.000000,1.245634,2.691821,8.938931,5.055807,3.991442,9.792902,0.000000,0.000000
6.413252,0.000000,0.000000,0.724299,0.861065,4.686005,5.747102,4.544720,0.921229,0.793365,11.082658
0.000000,10.830440,0.923848,11.723840,0.000000,2.098641,4.526607,0.000000,0.000000,1.514531,5.253990
2.838306,0.000000,0.476247,0.000000,0.000000,9.424174,0.000000,0.000000,7.310665,3.676576,1.540152
3.707423,0.516982,3.051522,13.219069,2.693466,0.000000,2.549699,0.000000,2.371281,1.808182,16.159390
7.706876,3.563513,0.000000,0.000000,1.753496,3.441281,0.000000,13.030374,0.000000,16.080916,0.000000
0.000000,1.056112,4.751740,3.082377,9.097572,0.000000,0.000000,23.411305,1.287860,7.572773,0.000000
8.047826,0.000000,1.003808,5.545638,13.764215,0.000000,0.181731,6.393569,0.000000,3.326020,0.000000
0.000000,4.460973,0.580266,0.000000,19.866649,2.250399,0.000000,0.000000,1.325236,3.887464,7.223074
0.000000,0.000000,0.000000,2.700067,1.307942,5.803140,0.000000,10.710418,2.216560,0.546563,0.000000
12.520291,0.000000,3.168948,5.421809,2.241076,0.000000,1.161682,0.977020,2.516488,10.691243,0.000000
2.571639,0.828058,0.000000,0.000000,0.000000,1.702721,0.000000,3.707596,7.172634,5.589019,0.000000
0.014100,0.000000,0.000000,2.381004,1.641686,6.196487,13.235368,1.487650,0.833678,0.000000,0.000000
0.977051,0.000000,0.844194,2.019044,2.029115,2.367702,2.120991,0.000000,3.698240,0.000000,8.636270
0.000000,0.764224,2.118482,1.607344,15.762836,0.000000,6.365601,0.000000,10.325054,0.000000,0.000000
0.000000,7.084574,4.668680,0.000000,0.549078,2.643627,2.196903,0.000000,11.999770,6.566378,8.336496
0.000000,0.000000,5.488462,0.000000,6.531141,3.114877,2.551965,0.000000,3.884972,10.006831,14.227077
7.340435,14.558857,0.619256,0.000000,0.000000,0.000000,0.000000,0.000000,0.000000,0.000000,3.659443
1.573237,0.592846,13.065107,0.000000,1.940940,0.000000,0.000000,0.000000,0.189578,5.830582,0.000000
1.796613,0.000000,1.279542,2.238777,0.000000,0.000000,2.056830,7.078648,0.000000,0.000000,1.150670
0.847324,0.000000,6.282110,17.812734,9.017401,5.260629,0.000000,0.000000,5.980617,3.653866,5.974115
11.210088,1.385225,2.411661,2.396145,3.720695,0.000000,0.000000,7.790692,3.662044,6.621369,0.000000
0.000000,4.710507,5.318821,10.245174,0.000000,0.000000,0.000000,9.476709,0.000000,6.618099,0.000000
0.000000,1.146215,0.000000,0.000000,0.000000,0.000000,7.757833,16.710914,0.000000,0.348879,14.538407
0.000000,19.692791,3.901701,8.194399,0.000000,0.000000,0.350174,0.000000,0.000000,1.612776,0.000000
0.000000,0.703566,9.694496,10.473680,5.296785,8.264249,8.015961,0.000000,0.000000,0.000000,0.000000
0.000000,8.909846,0.000000,0.000000,2.965196,0.000000,11.999624,0.000000,0.000000,8.868286,3.564305
0.000000,0.000000,0.000000,0.000000,13.110664,0.720961,7.704995,0.000000,1.168041,0.000000,2.288650
6.160086,3.841667,6.349713,0.000000,9.320775,0.000000,0.000000,0.722731,0.000000,0.000000,0.000000
0.000000,1.820425,0.000000,0.000000,0.458218,9.967442,3.115217,0.000000,0.000000,0.376939,0.000000
2.670759,0.100997,4.961944,0.811205,0.000000,1.017946,0.000000,0.000000,0.000000,0.000000,2.006717
0.036596,2.294658,4.565715,0.000000,0.000000,3.382903,15.193617,9.899982,0.000000,0.000000,0.000000
9.839112,0.646429,4.498026,0.000000,1.415775,0.000000,0.000000,0.000000,0.455111,2.575250,0.000000
0.000000,0.000000,0.000000,0.246305,0.000000,0.000000,0.000000,0.000000,5.507066,0.000000,1.656883
9.175975,0.000000,2.137136,5.982512,0.789495,17.635766,0.000000,3.796214,0.000000,0.000000,2.123230
3.542623,11.447923,6.504255,11.695649,1.753590,0.000000,0.000000,0.000000,11.241862,9.811237,0.000000
4.006368,7.136897,10.794425,4.896284,0.000000,0.596005,0.000000,3.251699,0.000000,6.594626,0.303780
0.000000,0.000000,0.000000,0.499741,9.386925,3.336679,0.000000,7.304828,1.813631,0.000000,0.000000
10.031978,0.000000,3.671109,0.000000,0.000000,0.000000,4.860385,0.000000,0.000000,25.366261,8.864073
5.460865,0.000000,7.595059,5.536791,8.467402,3.602718,2.133814,0.000000,5.520582,6.747796,10.963815
2.835250,0.613884,0.000000,9.728289,19.120794,0.079551,0.000000,12.258512,11.144390,3.573789,12.449528
0.000000,6.663288,0.000000,13.437312,5.707842,0.000000,0.000000,0.023524,0.000000,6.745441,0.000000
1.039349,5.217111,0.000000,2.068076,0.000000,0.000000,0.000000,0.000000,17.493440,3.486586,6.113867
2.810773,0.000000,5.514655,1.993246,25.382702,6.612228,8.461980,1.064145,20.449627,0.000000,0.000000
1.439416,0.000000,0.000000,0.000000,0.071084,0.000000,0.000000,0.000000,0.000000,12.989791,6.513275
3.595065,7.475649,0.000000,2.986841,0.596466,0.000000,4.993158,5.104538,0.000000,1.393654,0.179472
0.000000,0.000000,0.000000,1.467565,0.000000,0.000000,7.011446,0.000000,0.000000,0.317206,1.797050
1.183610,0.000000,0.000000,1.600969,6.759664,11.549637,2.284658,0.000000,0.000000,4.172768,13.250360
3.893105,0.000000,0.235644,0.000000,9.411372,1.596093,4.512396,0.000000,18.693742,0.000000,7.618669
0.422839,2.787439,0.000000,5.798931,6.258878,0.906483,0.705600,0.000000,6.718165,16.281597,4.340570
1.665139,0.000000,8.084163,2.838863,0.000000,16.030308,7.385922,0.000000,5.232007,4.473857,0.000000
9.566821,0.000000,1.254974,6.393251,0.000000,13.216954,9.907512,0.000000,0.000000,1.462938,0.000000
0.000000,0.000000,2.808446,0.000000,7.347298,14.053164,0.000000,0.000000,21.609153,1.361687,2.527831
14.431878,0.000000,3.990851,3.514969,0.000000,5.143683,0.507451,6.618271,4.520911,0.959295,1.411437
1.347602,1.877719,1.449286,4.166404,1.099442,0.000000,5.626550,0.000000,0.000000,2.697471,0.000000
14.052872,2.021149,0.000000,9.136032,0.000000,0.510653,2.216213,10.928053,9.473790,0.000000,0.000000
0.000000,0.942041,2.246107,1.805004,6.787245,10.808629,14.039897,21.273030,0.000000,7.995562,0.000000
1.342840,0.000000,0.000000,3.766539,0.321100,0.000000,5.690692,8.901067,0.000000,1.497258,0.000000
0.000000,0.000000,7.189564,2.331187,5.546333,1.269817,0.000000,2.317757,0.000000,2.100569,3.120234
18.346247,0.000000,8.661946,0.000000,4.609559,6.696744,0.000000,2.223665,19.049791,0.000000,0.000000
3.039039,2.296399,0.000000,12.259094,0.016982,11.700164,0.000000,23.902329,0.000000,0.276474,6.414439
0.000000,2.035829,15.175494,3.227563,1.091583,6.153748,0.000000,0.000000,18.411159,1.948908,0.000000
3.167354,0.405974,0.000000,0.000000,0.000000,9.410463,0.000000,0.188842,0.000000,0.000000,0.143560
13.157703,14.813534,0.000000,17.118046,0.000000,0.000000,0.000000,14.864021,2.723803,0.000000,2.236763
0.000000,1.709354,1.691787,0.000000,0.000000,0.000000,0.762366,8.310882,0.517952,7.620976,5.396406
1.784979,11.317834,0.000000,1.503269,0.000000,0.000000,0.724974,3.451736,0.000000,4.172091,0.000000
38.103521,0.000000,0.000000,0.000000,2.594603,4.703286,5.335893,0.000000,0.000000,13.323453,1.616283
0.000000,4.248156,1.845035,4.284949,0.000000,16.033781,0.000000,13.582688,6.260357,0.000000,0.000000
0.000000,0.000000,8.105696,9.124626,2.323928,1.827078,0.000000,3.554431,5.524808,10.520125,5.866944
0.000000,0.000000,3.514818,7.772711,0.000000,0.805214,0.000000,0.000000,4.460590,0.912378,3.543618
10.776191,1.127915,5.683363,5.230183,4.638667,3.158026,0.000000,0.000000,6.925881,0.710954,4.863025
0.000000,0.529470,10.084931,25.440064,3.575686,0.000000,0.000000,3.020045,0.359451,6.752814,0.487276
11.913395,0.000000,0.000000,4.854539,15.193837,0.000000,0.000000,1.552013,15.797191,24.301002,0.000000
1.815761,0.000000,0.000000,9.202843,6.488900,1.639035,0.000000,0.000000,3.101101,3.459381,7.489804
2.756586,0.000000,6.047982,0.000000,0.000000,0.000000,1.687565,10.775155,5.515351,0.000000,0.863232
5.786497,11.162446,1.159923,0.000000,1.322742,0.000000,9.718988,6.602669,0.000000,0.000000,0.000000
14.537431,0.000000,22.267767,2.197535,0.000000,15.052494,0.000000,0.000000,0.000000,8.669264,0.000000
7.859511,2.898721,3.579507,10.280808,4.869521,5.449327,0.000000,3.449610,6.506395,0.000000,0.000000
4.473740,10.691746,0.000000,7.190131,9.983733,3.608248,4.264938,12.972124,2.207533,0.000000,0.624171
4.548679,7.038876,11.471494,3.482869,13.708298,0.715533,10.182845,0.000000,5.465650,0.000000,0.000000
11.133984,0.000000,0.000000,3.461007,1.862635,7.231024,0.000000,3.931929,1.466515,0.000000,0.000000
0.000000,5.195997,25.195006,0.000000,4.457088,0.000000,0.000000,0.000000,3.016971,0.000000,0.000000
1.304933,0.000000,3.530935,0.000000,0.000000,0.000000,0.000000,0.962493,16.996120,14.153825,2.707128
0.000000,2.763021,0.089806,4.010333,6.934966,7.727410,1.802637,0.000000,1.408613,10.435822,0.000000
3.299777,0.000000,5.513404,0.000000,8.926604,6.364268,0.000000,3.489053,0.000000,0.000000,0.000000
3.932224,0.000000,0.279737,3.117126,0.000000,14.898606,6.966063,2.548467,0.000000,3.628371,0.000000
0.000000,3.961816,16.360661,16.059670,0.000000,0.000000,7.570190,0.000000,0.000000,0.000000,1.105487
0.000000,0.390469,8.474270,0.000000,0.000000,9.298349,4.635051,0.000000,9.496559,0.000000,10.223076
10.353842,39.126242,0.000000,3.939340,0.000000,10.093568,0.000000,0.000000,14.927675,0.000000,4.523756
0.000000,0.000000,14.187493,6.213845,2.945803,0.000000,2.518138,6.512109,0.000000,1.903647,7.660960
0.000000,0.000000,2.500366,2.016380,11.440220,3.201357,0.000000,4.434410,0.000000,0.872534,0.000000
7.614096,11.792386,0.000000,0.000000,0.000000,0.000000,0.000000,5.144030,0.000000,0.000000,0.000000
0.000000,7.830699,3.162568,0.000000,9.382362,8.434071,0.000000,0.000000,0.000000,5.647528,0.000000
9.269766,8.933127,0.000000,0.071016,3.481175,0.000000,21.911599,3.336491,15.121441,3.725257,6.127777
1.080529,0.000000,0.000000,0.989147,1.356425,0.000000,0.000000,0.795787,0.000000,0.000000,0.000000
0.000000,1.289677,0.000000,18.922030,12.905892,6.116212,1.431395,0.000000,0.000000,0.000000,2.702831
6.433873,0.000000,0.498056,4.806581,0.000000,0.485537,0.000000,0.000000,0.000000,12.658988,6.202992
4.448162,0.000000,0.000000,10.855990,0.000000,9.639287,8.759800,0.000000,0.000000,0.000000,0.000000
1.003113,3.634472,4.032170,0.000000,6.066718,11.047130,0.000000,5.702012,9.491045,3.756659,4.539254
15.547033,10.403002,3.576745,0.888938,0.000000,10.293086,0.000000,0.000000,0.423577,1.469874,0.000000
0.000000,0.000000,0.000000,6.314243,0.000000,8.430109,0.000000,13.003330,7.180219,4.318681,0.000000
5.547843,3.413674,1.529735,0.098824,0.000000,0.000000,0.469527,0.280367,7.314258,2.017692,0.000000
0.000000,0.000000,0.000000,12.662456,5.596689,6.657359,0.000000,0.000000,0.000000,0.000000,0.000000
1.259282,0.000000,0.000000,0.000000,0.000000,15.594116,0.000000,0.000000,0.000000,0.000000,0.000000
0.000000,0.000000,0.000000,0.000000,0.000000,0.754516,12.645647,18.436949,0.000000,0.000000,0.000000
0.000000,0.000000,0.000000,0.000000,6.109239,0.000000,0.000000,0.000000,14.593484,0.000000,4.313841
0.000000,1.065702,0.000000,1.874628,0.000000,1.308209,3.279541,0.000000,0.743709,4.482124,3.683395
0.000000,0.000000,0.093605,6.429695,0.606997,3.560240,1.714745,5.305615,0.000000,0.166658,0.000000
11.025513,0.000000,0.811445,0.000000,1.276000,12.377820,4.266345,0.628905,0.000000,13.495807,0.000000
6.414840,3.365709,0.639501,0.907439,0.000000,0.000000,0.000000,1.141231,0.000000,0.000000,10.016114
2.531510,0.000000,1.495404,8.315971,5.344648,0.000000,0.000000,6.797015,0.000000,0.000000,0.000000
5.981931,0.735445,0.419795,1.654041,10.953724,4.110165,9.761747,0.000000,0.352989,1.938961,4.728087
0.000000,0.000000,12.720479,0.000000,13.500381,1.855765,0.000000,6.337042,3.949094,3.252874,3.251812
1.294766,1.177404,5.141152,10.075166,2.389279,10.542398,0.000000,2.083654,0.000000,0.000000,10.796404
0.000000,0.000000,0.000000,0.000000,0.000000,3.365515,0.000000,12.642893,1.703574,0.000000,0.000000
16.330565,0.000000,1.673696,0.000000,3.639210,0.000000,4.369317,5.166563,5.600589,0.788637,3.931365
17.939794,0.000000,0.000000,11.998367,11.166909,0.000000,0.000000,2.865622,4.293316,17.088388,8.834276
0.000000,0.000000,0.000000,0.000000,4.309064,0.000000,5.210912,0.000000,0.000000,0.313033,8.921558
0.826008,1.450592,1.882553,6.382183,1.540996,0.000000,0.000000,11.906645,0.000000,0.000000,1.423171
0.000000,0.000000,0.000000,0.000000,0.000000,8.457047,1.929796,9.954010,9.897674,0.000000,0.000000
0.000000,4.436877,4.543817,0.000000,4.146935,0.000000,0.000000,2.624030,3.283082,2.010689,0.000000
0.148831,1.838966,0.000000,0.000000,0.000000,2.592837,7.847116,4.295456,7.253256,0.000000,0.743437
2.512951,5.112042,0.000000,5.082293,0.000000,0.000000,0.000000,0.000000,0.000000,1.847409,9.764309
2.529276,1.311203,3.055091,1.873423,15.362230,0.000000,6.821995,8.480761,0.000000,2.615699,5.070652
23.410105,0.000000,5.477894,3.037238,8.714505,5.293772,0.000000,0.000000,4.530498,7.816936,14.587499
12.885446,0.000000,3.624029,0.000000,0.416830,0.000000,1.962561,0.717629,6.265114,1.315478,0.000000
0.762864,3.809301,0.000000,0.788687,0.000000,3.948437,0.000000,5.262934,7.925394,0.668319,5.663629
0.000000,0.000000,1.735580,0.129680,6.501129,0.741554,6.907473,0.000000,0.000000,0.000000,1.892701
4.056078,0.000000,0.448192,0.000000,4.040318,2.470220,0.000000,0.000000,4.148885,4.011171,3.031231
10.481969,0.000000,3.429778,0.000000,1.253104,3.181159,1.067569,0.000000,3.473841,0.000000,0.000000
3.963315,0.000000,0.000000,3.239065,0.000000,0.000000,9.260040,3.399324,2.793940,5.063535,1.208793
7.113095,0.000000,5.693704,0.000000,0.349315,0.000000,5.886277,0.000000,0.705570,0.355942,0.000000
1.884966,1.636472,16.617382,10.152444,1.521852,5.044487,3.692862,8.185698,0.000000,0.000000,2.059098
6.330447,0.000000,0.000000,0.000000,0.000000,5.720493,0.000000,0.000000,0.000000,0.000000,2.287351
7.414216,1.592650,5.525590,3.565852,0.000000,0.000000,0.000000,0.000000,0.000000,6.305541,2.494012
0.000000,8.685365,4.409523,0.899883,0.000000,2.945048,3.953894,0.000000,7.960402,13.013731,0.000000
3.647166,0.000000,0.906978,0.000000,2.548389,0.000000,0.000000,0.000000,10.253587,0.138614,6.386792
0.000000,0.405933,2.630381,0.000000,0.000000,0.369877,0.657204,1.451988,0.172042,0.000000,1.930119
0.000000,4.207782,0.000000,0.000000,4.665867,18.202104,1.584193,0.000000,0.000000,0.000000,0.270228
2.413545,10.190756,3.103613,1.395652,0.000000,9.405898,0.000000,1.765064,1.104600,0.000000,8.868113
17.699985,7.853799,4.048998,0.217641,1.880702,0.000000,4.576893,3.362544,3.763560,0.000000,0.000000
0.000000,10.579538,0.000000,0.000000,0.000000,7.772020,0.285387,0.642080,0.000000,4.391186,0.000000
0.000000,7.870549,0.000000,0.583707,0.398020,2.710729,0.000000,0.000000,1.826584,2.538431,0.000000
0.000000,1.211739,0.586720,0.000000,0.000000,0.000000,11.074674,0.000000,0.000000,0.000000,10.346176
3.718119,9.695631,4.472572,0.000000,0.000000,0.000000,9.446142,24.955022,3.221820,0.000000,2.548955
6.833506,0.000000,10.725305,0.000000,1.550379,0.000000,1.501159,0.000000,4.621442,11.746805,14.727600
0.000000,5.746090,4.988107,0.000000,2.336767,3.214722,3.523827,0.000000,0.000000,0.000000,12.098287
0.000000,0.000000,1.225216,0.000000,1.169172,3.623864,0.000000,8.914139,2.769428,3.011563,0.000000
0.000000,0.425990,4.768186,3.762973,4.452409,3.400198,15.410296,7.188206,0.000000,0.543980,0.000000
7.219062,0.000000,2.451231,0.000000,0.000000,0.000000,0.000000,0.000000,0.000000,12.187519,0.000000
7.756218,0.000000,0.000000,2.634877,6.225067,0.000000,8.545426,0.000000,0.000000,0.000000,5.934373
1.079369,1.671670,5.026936,0.000000,0.000000,1.818658,4.856086,2.343077,0.000000,0.000000,6.184095
1.026382,0.000000,10.239049,2.398674,7.531966,2.596789,6.561523,2.467933,0.000000,7.115871,8.198337
3.413710,2.724980,0.000000,1.097047,5.178411,0.000000,6.449799,13.789991,0.000000,0.000000,4.075307
0.943306,0.000000,1.168467,0.000000,6.823435,4.417393,8.681482,0.000000,10.658693,1.926339,0.000000
0.000000,0.000000,1.432938,0.000000,0.000000,0.000000,8.877155,1.372678,0.000000,1.687539,10.747878
0.000000,2.508929,0.000000,13.218287,9.700357,0.271341,0.000000,3.454749,5.806354,0.000000,5.296987
0.000000,0.000000,1.297323,2.244688,0.000000,0.000000,5.661140,0.000000,0.000000,0.000000,12.211332
0.000000,0.000000,0.522225,0.000000,0.000000,6.968134,0.000000,4.581400,6.477823,0.000000,0.000000
0.000000,0.000000,0.000000,0.000000,3.522924,0.000000,0.000000,0.946135,2.709126,0.000000,0.377330
0.000000,0.000000,8.024241,0.000000,0.767500,1.806984,0.000000,0.000000,0.000000,5.054070,0.000000
0.000000,10.077793,1.625699,0.000000,12.120075,0.676374,2.221804,0.000000,0.000000,0.415104,0.000000
0.000000,4.320133,19.981183,6.233350,1.442191,0.000000,4.027972,0.000000,1.706677,0.377375,0.000000
3.232458,6.830780,13.744506,1.578715,0.000000,1.759061,0.000000,0.000000,0.000000,5.571393,0.000000
2.225463,3.779847,0.423027,3.732106,0.000000,13.270797,0.000000,9.312925,1.294683,0.491130,0.000000
1.131782,1.868293,1.142525,0.720668,0.936336,0.398783,5.038929,5.991492,4.524499,4.293775,0.729480
6.287654,0.000000,0.000000,0.000000,0.926373,2.001563,0.000000,0.000000,0.000000,0.000000,0.000000
2.142086,0.000000,10.365944,5.584751,0.000000,1.731978,0.000000,4.323022,11.002269,5.930750,0.000000
0.000000,0.000000,0.000000,0.000000,0.000000,3.942304,0.000000,0.000000,0.340433,3.306204,4.204918
0.451855,0.000000,4.164936,0.493254,0.000000,5.812543,0.000000,6.272854,0.000000,0.445813,0.000000
3.923785,0.000000,0.000000,16.725525,0.000000,0.000000,0.000000,4.155242,2.208987,4.587148,0.000000
0.000000,0.000000,0.000000,0.000000,2.600744,0.000000,1.981985,10.958070,4.083885,0.000000,0.000000
9.287599,8.880491,1.871539,0.000000,0.000000,7.428716,0.000000,2.211611,0.000000,0.066748,3.049552
2.132431,5.475578,0.000000,2.906542,3.260158,0.000000,0.123320,6.044939,19.652556,0.401189,0.000000
0.000000,10.277965,4.236061,2.520473,0.000000,0.000000,11.875718,2.004447,0.000000,11.518167,0.730428
13.285376,0.000000,8.206290,15.186198,2.447913,0.000000,2.541955,4.221227,0.000000,1.587511,0.000000
6.205432,0.000000,0.000000,0.000000,1.104283,10.886715,0.000000,1.229925,1.899864,0.000000,0.906496
0.000000,0.000000,0.000000,2.199129,1.504180,0.000000,0.000000,0.000000,0.000000,19.552916,1.081221
1.065495,0.000000,0.000000,0.000000,2.830437,0.921507,1.836728,0.147313,0.000000,0.000000,0.925151
5.140388,0.000000,5.186687,1.262864,0.000000,2.680427,0.000000,0.000000,0.000000,15.085808,0.491488
2.769560,1.903520,0.000000,0.605176,3.801355,0.000000,0.000000,0.000000,0.000000,0.000000,0.000000
1.546539,0.813037,0.000000,0.000000,1.406799,1.670239,0.886512,0.000000,4.147749,4.599086,2.213564
1.070184,0.000000,2.333484,7.875098,0.000000,0.000000,0.000000,9.134044,0.000000,1.211811,0.000000
4.139109,0.000000,0.000000,3.956047,2.942500,0.596487,0.000000,0.000000,0.840154,9.789902,0.000000
4.356121,4.479941,0.000000,0.141420,0.000000,0.000000,2.979288,0.000000,0.000000,5.178708,4.587205
0.000000,3.756359,1.788134,5.347071,11.555570,0.000000,5.441014,0.000000,0.000000,4.806201,2.046182
5.105169,0.000000,1.726037,0.000000,2.706084,2.988467,0.000000,0.827897,2.206676,0.349792,5.846519
3.787863,0.000000,8.045097,10.007815,0.000000,8.342713,2.396104,1.372720,0.000000,0.000000,13.089552
0.819155,1.778078,2.471765,0.000000,0.000000,0.000000,2.025549,0.000000,2.370625,0.000000,0.000000
0.000000,4.005576,1.579586,0.054908,0.000000,0.000000,0.000000,2.884094,2.263633,0.000000,0.000000
0.000000,0.000000,0.000000,1.625176,0.000000,1.303874,6.542959,5.436938,0.000000,3.387677,0.000000
2.574980,1.559188,0.490329,1.543837,1.673961,0.000000,0.000000,1.348899,8.911013,0.000000,3.719874
3.402103,3.776648,0.000000,0.000000,0.000000,1.775965,0.000000,0.000000,3.204286,0.000000,12.544826
0.000000,0.000000,0.000000,3.209366,0.000000,4.406326,5.618310,2.918926,1.563452,1.109975,1.117860
5.012677,0.000000,6.147344,0.000000,6.696867,6.576550,0.000000,13.338785,0.000000,5.155775,0.000000
1.161757,6.448889,3.126278,0.000000,7.333431,0.373975,9.288503,5.571572,5.089563,0.000000,0.000000
1.892825,3.494572,0.000000,0.000000,5.994226,1.211330,8.681388,4.905603,10.512125,2.001886,30.961468
1.077496,3.158525,0.000000,8.647560,0.000000,7.012856,2.699313,0.000000,0.236413,0.000000,2.474083
1.247618,0.000000,0.000000,0.000000,6.656234,16.585691,0.000000,13.836327,0.000000,0.000000,0.000000
0.000000,1.849951,1.755704,0.000000,0.000000,8.038069,6.666892,0.000000,0.000000,0.000000,0.000000
0.328482,0.000000,0.000000,0.000000,2.990219,2.844209,0.000000,0.000000,0.000000,0.000000,0.000000
0.000000,12.595682,0.000000,0.000000,0.000000,0.138959,0.000000,0.000000,0.000000,0.000000,0.000000
0.000000,0.000000,5.548211,0.000000,1.323463,0.000000,6.225221,5.941208,2.919423,0.000000,9.666355
3.266358,5.252253,1.534607,0.000000,0.095085,0.000000,0.000000,1.337632,1.602747,0.000000,4.259854
0.000000,0.000000,3.727015,6.222386,0.000000,0.000000,0.000000,0.000000,0.000000,0.300099,0.000000
0.000000,0.000000,0.000000,0.086900,0.000000,0.000000,0.000000,14.721171,4.217023,1.089195,0.000000
0.000000,2.448371,2.920942,0.000000,10.209006,10.298931,1.879618,0.516932,0.000000,0.000000,8.952599
6.524571,0.000000,2.747754,0.000000,1.195065,0.000000,0.000000,0.000000,0.000000,0.158246,0.000000
0.000000,0.363611,0.000000,0.000000,3.100722,4.412767,2.960287,0.000000,0.000000,0.497364,0.780753
0.098855,4.199766,0.000000,1.349220,0.000000,3.852546,0.000000,7.228410,12.824496,3.933186,13.176599
10.199141,0.000000,5.910596,4.152149,0.000000,5.450799,0.000000,2.743824,0.000000,0.113249,5.114132
2.908237,0.000000,0.451722,9.799840,4.066881,1.572362,0.000000,9.200823,0.000000,0.000000,0.000000
12.024364,0.000000,0.440039,0.000000,0.000000,0.751562,0.000000,0.000000,0.000000,0.000000,0.000000
6.489643,0.000000,7.533463,0.626564,11.223203,1.469877,0.000000,2.717033,0.000000,0.000000,4.195487
3.709566,2.433902,0.000000,0.000000,0.000000,2.527571,0.000000,7.035250,4.364125,0.000000,5.563262
0.000000,1.340913,0.000000,5.059158,0.000000,0.000000,0.000000,8.025902,0.000000,0.000000,10.479286
0.000000,0.000000,0.000000,1.958477,0.000000,1.265660,5.754768,0.000000,8.942917,0.798806,1.434724
0.000000,4.764890,1.436789,0.225204,0.000000,0.000000,0.000000,2.608531,0.000000,10.843406,4.976983
0.000000,4.576050,0.181018,0.268155,0.000000,0.000000,0.000000,6.952071,1.491955,0.893616,0.000000
4.280877,5.221082,0.000000,1.361515,0.000000,8.861556,4.363395,0.000000,0.000000,2.364294,0.000000
0.000000,0.000000,0.802141,0.000000,1.140994,0.404340,4.692732,1.018517,2.444540,0.000000,1.196899
0.000000,1.149963,3.202458,0.000000,0.000000,0.000000,0.000000,1.317715,0.000000,0.000000,0.000000
0.000000,8.186253,3.659354,7.817132,0.000000,0.000000,0.000000,13.060555,0.651722,0.402382,0.000000
0.000000,0.000000,0.000000,0.827385,1.736553,7.250943,0.000000,1.392024,1.493990,2.445439,0.000000
0.000000,9.747783,0.252022,0.000000,0.716486,3.140477,0.000000,7.738756,0.000000,7.548583,1.523659
1.782419,0.000000,5.970126,0.000000,5.585459,0.705195,0.000000,5.936564,0.000000,3.647384,0.275416
0.000000,5.808227,0.000000,1.004150,0.000000,0.000000,1.991457,8.150213,0.000000,2.491050,1.640663
7.582346,1.449499,5.432692,14.678233,0.000000,0.331994,3.672974,0.107301,0.000000,2.033871,2.134550
0.000000,6.225715,4.658721,9.728537,0.890571,1.565549,0.414165,4.668528,4.868682,0.000000,0.000000
0.000000,0.301541,0.000000,3.244947,4.701710,0.000000,0.349443,2.986996,0.000000,0.000000,0.000000
7.092100,7.620051,1.055804,0.000000,0.000000,0.000000,0.000000,2.534005,1.897981,1.018459,0.000000
11.090736,0.000000,6.600795,8.888667,0.499023,6.716214,0.000000,4.435398,0.000000,0.000000,0.000000
0.354520,0.000000,0.000000,0.000000,3.244614,0.641193,0.000000,1.695171,4.010807,0.000000,0.000000
0.885056,1.788104,0.213926,4.116727,8.068559,0.000000,3.946450,0.771028,1.565568,5.801699,1.677061
0.000000,0.000000,0.000000,0.000000,0.000000,2.202449,3.636026,6.767843,9.788400,9.501458,2.821081
8.947563,0.698561,0.000000,0.000000,0.000000,0.798333,0.000000,0.000000,10.574666,7.054435,0.000000
0.000000,0.000000,3.725225,3.175348,0.000000,0.000000,1.318835,0.000000,6.504269,0.000000,3.721276
3.012346,2.443470,3.609394,6.088759,0.000000,6.696329,6.360569,4.068891,0.000000,0.953740,0.520477
0.000000,14.726852,3.038495,0.000000,0.757211,5.174007,0.000000,0.000000,0.000000,0.000000,0.000000
2.164021,0.000000,10.790387,0.000000,9.492126,0.000000,2.651549,1.314468,5.781881,0.000000,9.419536
3.917380,0.000000,11.236374,1.188272,2.345304,0.000000,6.928295,0.000000,1.537629,1.328670,0.000000
0.000000,0.000000,0.365884,2.057209,2.159594,3.314597,0.000000,0.893051,1.968013,0.000000,5.451230
1.703930,0.000000,2.191537,15.388042,1.026744,0.000000,0.000000,0.831349,1.489922,0.000000,0.000000
0.000000,2.419855,0.354354,0.000000,0.000000,0.000000,0.000000,0.528573,0.000000,2.778369,9.133914
7.111376,0.187309,0.000000,0.000000,0.000000,0.760745,1.193271,0.585846,6.117818,1.715328,0.000000
1.255889,7.843321,0.000000,1.464059,3.378344,0.000000,6.467871,0.795409,0.383786,2.003222,1.668516
0.000000,0.000000,7.371608,1.362346,2.171971,3.623374,0.000000,6.984029,0.000000,0.000000,1.457151
0.000000,1.216501,4.743727,19.609906,4.230585,0.684924,0.000000,2.271109,3.747664,0.000000,4.114664
0.000000,8.400711,0.000000,0.000000,0.214188,2.324431,1.517442,0.000000,0.000000,0.671994,0.858814
0.000000,6.083560,0.000000,0.000000,0.000000,0.621740,0.000000,2.612659,1.240586,6.420070,1.646433
0.000000,0.000000,0.000000,0.000000,3.718868,4.061134,3.897846,4.388730,4.282290,0.000000,5.396831
6.818658,4.837557,0.000000,3.160434,1.217299,5.086580,8.907144,0.000000,7.883618,0.000000,0.443379
0.251918,3.410700,1.107302,0.000000,4.209141,0.000000,3.301893,0.000000,0.000000,7.531527,0.000000
0.000000,4.826516,0.000000,0.000000,10.768668,0.000000,0.899261,7.253411,0.000000,0.678047,0.000000
2.908126,0.000000,0.000000,8.123008,4.191840,0.000000,3.656029,0.000000,1.706424,0.000000,0.145369
0.000000,4.924296,0.000000,0.000000,2.183605,0.434519,1.773631,0.000000,0.000000,0.000000,0.000000
0.000000,0.000000,2.020336,0.000000,1.418304,11.162083,0.000000,0.000000,0.941457,0.000000,0.000000
0.927417,0.711201,0.000000,2.639193,0.000000,0.000000,0.000000,5.872772,0.000000,0.000000,0.775999
3.818510,0.000000,0.000000,0.000000,1.180552,0.000000,8.764776,10.472943,0.000000,2.544378,3.877090
0.739987,3.432405,0.000000,0.000000,2.023219,0.000000,0.062051,2.446643,0.000000,0.000000,0.000000
10.906555,0.996409,0.000000,6.480838,3.156818,4.768105,4.564096,10.342094,0.000000,2.456776,5.828387
0.000000,4.221174,2.953989,2.465217,0.000000,0.000000,2.717290,0.000000,0.836767,0.000000,0.000000
2.347113,2.113249,0.000000,5.030392,0.969475,1.853238,2.253247,5.366258,2.338769,0.000000,0.000000
7.802293,2.138780,0.000000,1.842621,0.000000,0.000000,1.788994,0.000000,0.000000,0.000000,0.000000
0.000000,4.849221,0.000000,0.000000,0.000000,3.345953,0.000000,0.000000,2.209257,0.000000,3.231965
0.000000,0.000000,1.748649,0.941601,0.000000,1.125831,2.847035,0.000000,0.000000,0.000000,0.000000
0.000000,0.000000,0.000000,0.000000,0.000000,0.310191,2.984482,7.428296,0.006833,0.517225,0.000000
10.167335,0.000000,5.777425,0.000000,12.281851,0.000000,0.000000,0.000000,6.695842,4.430355,0.160978
0.637898,0.000000,0.000000,0.000000,0.000000,3.254955,0.000000,4.813134,7.897211,1.633152,4.632531
3.420222,2.910180,1.468481,0.000000,0.000000,0.842320,1.508677,0.000000,2.746407,0.000000,2.192290
0.000000,2.948748,4.750214,0.000000,1.568485,2.258931,4.539824,2.551152,3.574848,14.040818,1.184538
5.109825,0.000000,0.766082,0.601701,5.493970,0.000000,0.000000,2.825832,3.488605,0.000000,0.000000
1.200102,0.000000,1.724508,0.000000,2.104187,1.194626,0.000000,7.581876,1.522938,13.989319,1.744519
3.544609,0.000000,0.000000,0.000000,4.436467,8.951335,0.000000,0.000000,1.264216,0.000000,0.000000
2.480140,1.820935,5.418944,2.145930,5.046137,4.006187,0.000000,3.205633,0.000000,0.231961,0.000000
0.000000,1.469391,2.453172,2.242513,0.000000,0.000000,0.756842,3.475071,5.428846,0.220307,0.000000
0.000000,3.109219,0.000000,0.363832,0.805611,0.000000,0.000000,3.158806,1.799964,0.000000,0.869952
3.036208,0.000000,3.098203,3.218905,2.948027,2.454691,1.663158,3.393220,7.712328,2.137658,0.000000
0.000000,0.000000,0.786955,0.000000,0.000000,3.312841,2.113639,0.000000,0.000000,8.105568,1.434943
0.703706,3.175014,0.890618,0.000000,1.714002,0.452703,1.104085,6.373622,0.000000,6.194301,1.727052
9.926603,0.000000,0.000000,0.000000,0.000000,1.430257,0.000000,2.140521,0.000000,0.000000,1.046792
4.926083,0.000000,1.104188,0.159886,0.000000,0.000000,4.112948,0.318480,0.806708,0.335614,0.000000
0.000000,4.627780,0.000000,0.000000,5.219783,2.173921,1.113544,0.000000,0.000000,0.000000,5.313112
0.000000,2.392652,0.000000,0.000000,8.930843,1.409426,0.000000,15.034387,0.000000,2.148554,4.058506
0.000000,0.000000,3.042265,5.248734,0.000000,0.000000,0.923360,0.000000,0.000000,0.000000,0.000000
1.531682,0.000000,0.000000,0.000000,2.655725,0.000000,0.320627,10.619765,5.149452,0.000000,1.662907
0.641644,0.000000,0.000000,2.944207,4.992403,3.049623,1.340394,2.539994,2.020913,0.000000,2.127757
1.593315,1.501141,0.000000,6.405260,0.000000,0.000000,0.665218,0.000000,8.214012,3.692071,1.114620
5.146767,0.000000,2.266670,7.290565,0.752315,0.483623,0.000000,0.000000,1.431458,0.000000,5.615568
1.497725,0.000000,6.821246,2.629614,0.000000,2.204325,0.000000,0.000000,0.000000,1.272209,0.000000
2.403543,0.000000,0.000000,0.000000,0.000000,0.000000,0.592823,0.000000,3.454875,0.000000,2.891914
0.533920,0.000000,0.163051,0.000000,0.123924,0.000000,0.000000,0.000000,0.000000,5.478578,0.000000
2.332983,0.000000,0.735585,0.000000,7.043421,0.433233,0.000000,0.000000,2.536908,6.543323,0.070506
7.219496,0.000000,0.000000,5.032962,3.745408,0.000000,6.467351,0.258460,12.856737,3.473517,0.000000
2.225066,1.532705,0.000000,0.000000,0.000000,0.000000,6.790629,0.000000,2.437398,2.767645,0.000000
0.000000,0.000000,1.156371,0.488817,0.000000,0.000000,0.000000,0.000000,2.952575,0.000000,0.723957
0.861039,0.000000,1.272230,4.181815,2.370367,1.288576,0.000000,0.000000,0.421512,1.811344,1.235718
0.817140,3.421431,0.000000,2.176952,0.474356,1.415394,0.000000,2.323164,10.640888,0.025580,2.342946
1.270175,0.000000,2.235462,0.980238,0.000000,4.474571,0.003523,2.214051,0.000000,0.000000,1.623521
3.961231,0.000000,1.451065,0.000000,0.000000,0.000000,0.000000,1.157488,0.000000,0.052780,1.867963
5.616496,1.653814,0.000000,2.028654,0.118930,14.963976,3.249241,2.156451,1.806109,3.228042,5.803396
0.000000,3.596124,2.018192,3.902880,0.241323,1.528020,0.916188,0.000000,1.999216,0.101331,7.792260
0.000000,4.131594,0.000000,3.077387,11.019405,0.000000,0.000000,1.863345,0.000000,1.532022,0.000000
17.060566,3.686784,0.000000,1.202002,3.404358,7.578122,0.000000,0.621600,3.715277,1.866670,0.000000
3.086837,3.234828,0.000000,0.551499,0.000000,0.000000,0.000000,0.000000,1.310777,0.000000,0.000000
0.000000,1.406731,12.640756,0.000000,2.503411,0.000000,1.910021,0.000000,0.808561,0.000000,1.491843
0.000000,0.086866,0.000000,0.000000,0.313539,0.000000,0.964410,4.546498,0.000000,4.920911,0.000000
0.000000,1.161190,0.000000,0.000000,0.956460,0.000000,5.518567,6.101988,2.755433,0.000000,0.000000
0.000000,1.151401,3.771875,0.935453,1.326506,0.357828,0.000000,0.039768,2.246769,4.922458,3.627485
0.000000,2.138848,0.000000,4.838380,0.000000,1.442254,1.514601,2.741500,0.000000,1.297505,1.367278
1.817796,1.600019,2.648075,1.611735,1.309572,0.000000,0.000000,2.707044,0.504210,0.038284,0.000000
0.000000,0.000000,0.000000,0.000000,2.575910,2.542686,0.000000,6.371880,2.943743,0.000000,1.507942
0.000000,3.122789,2.527052,0.000000,0.000000,0.000000,2.567289,6.519450,5.643567,1.585622,0.000000
0.203162,0.000000,3.219833,1.388596,5.002553,1.396975,3.232851,0.958526,0.000000,1.581873,0.816954
0.000000,2.070765,4.577889,0.245291,2.034104,3.311831,1.813071,0.000000,2.128418,0.000000,0.000000
0.000000,4.436094,0.000000,1.173755,3.144790,5.233175,2.628089,0.000000,2.149561,0.000000,1.531933
1.844280,0.000000,3.101759,2.675274,0.000000,0.000000,2.984904,0.381926,2.589843,0.000000,0.000000
0.000000,0.000000,0.000000,3.677710,0.000000,0.000000,5.350699,0.000000,0.000000,7.016017,12.515605
3.337726,0.000000,1.667988,1.904555,0.000000,0.000000,0.000000,0.483778,1.998659,0.000000,5.259755
0.197749,3.192450,3.555694,0.000000,0.515560,0.676687,0.688577,0.000000,1.639037,0.346773,0.000000
6.800636,1.782134,2.044217,0.000000,0.000000,5.365520,3.415939,0.000000,0.000000,4.199410,4.021562
3.014512,0.000000,0.000000,0.000000,0.000000,0.000000,6.433600,1.442533,9.493207,0.000000,1.111272
0.000000,3.825641,0.000000,6.728934,3.726787,1.601460,12.068866,0.000000,0.000000,3.335640,0.000000
1.672816,1.165493,0.000000,2.176329,0.000000,11.840145,0.000000,0.000000,0.218637,0.000000,1.537405
1.019725,0.000000,6.790527,0.424132,2.640878,1.528089,0.496680,6.776582,5.417073,7.116204,0.743757
4.993907,0.000000,7.265348,0.776729,0.000000,0.000000,0.722779,2.005760,2.037115,1.484417,9.495420
1.879164,0.530927,0.756851,0.000000,1.540313,1.234216,4.633631,0.000000,2.750434,1.475607,0.000000
0.000000,0.000000,0.000000,0.000000,0.740843,0.000000,3.358736,0.000000,0.215421,1.533167,0.000000
0.000000,0.000000,7.578561,0.000000,0.000000,0.000000,10.316100,0.000000,0.000000,0.000000,2.329909
0.000000,0.000000,5.396324,1.803686,0.000000,0.007952,0.000000,4.806191,9.712561,0.000000,4.499137
1.318440,0.428443,0.590544,3.418943,0.348062,0.000000,0.000000,9.429477,0.000000,3.079843,0.000000
0.000000,9.732764,3.463521,1.066143,0.000000,2.288633,5.579866,0.000000,0.000000,1.391574,0.000000
1.754782,4.153775,2.802261,0.000000,3.875838,1.254501,0.464363,0.000000,0.000000,0.000000,1.055215
3.289583,0.180138,0.000000,19.291965,5.886454,5.232903,2.224560,4.656752,1.280247,0.399659,1.926795
0.000000,3.481918,0.089060,6.263570,0.578187,0.000000,0.000000,6.316280,0.000000,0.000000,3.627269
0.000000,0.000000,3.490609,3.645234,0.000000,0.000000,0.000000,7.900488,0.000000,0.000000,0.000000
1.173618,1.498959,0.862487,0.175246,12.798012,0.000000,2.120938,0.877258,0.097109,0.698327,2.175067
0.000000,3.208731,1.594024,0.000000,4.686671,0.000000,0.000000,0.868761,0.000000,5.746058,0.683136
6.932987,4.243858,0.000000,2.293759,3.206597,2.505012,8.573785,0.000000,0.000000,2.353172,9.464858
0.000000,2.355980,0.000000,0.000000,6.155409,0.000000,0.000000,0.000000,0.000000,2.915420,10.380625
0.506528,0.000000,0.461194,1.031928,0.000000,5.695157,4.735932,0.000000,0.000000,0.000000,0.000000
0.000000,4.401325,9.070127,1.853387,5.142141,0.000000,0.000000,3.868269,1.180191,0.000000,0.000000
0.000000,0.000000,10.825134,5.832981,8.067668,3.768869,0.000000,2.631189,0.644238,1.131810,3.395149
5.699982,0.854595,22.251285,0.000000,1.350291,19.799503,0.000000,0.538445,0.763373,4.525701,2.881413
0.000000,0.000000,0.000000,0.000000,0.000000,7.000945,0.000000,2.893918,2.921425,3.216742,7.985175
0.000000,0.000000,0.000000,15.405695,0.000000,0.000000,2.645946,0.000000,3.821450,0.000000,4.045394
0.000000,0.000000,0.000000,1.234820,0.000000,6.133489,0.311678,0.000000,0.000000,0.000000,0.000000
0.000000,1.938460,4.078788,0.000000,2.694525,1.982855,0.000000,0.000000,0.000000,0.618226,0.000000
0.000000,0.000000,9.617551,0.000000,10.201943,2.952027,0.000000,0.000000,0.000000,1.429217,4.993864
0.000000,0.000000,0.804714,0.000000,0.000000,1.865988,2.674215,0.000000,12.041840,0.000000,0.000000
0.000000,2.201833,0.595412,2.389604,0.000000,2.733126,1.059689,5.583230,0.000000,0.000000,0.000000
0.000000,0.000000,11.597840,0.000000,0.000000,1.459304,3.137071,0.000000,0.000000,0.000000,0.000000
0.000000,7.326739,0.000000,5.591072,0.627080,15.740239,0.000000,0.000000,0.000000,0.000000,0.000000
0.000000,0.000000,1.244601,1.254304,0.000000,2.022039,0.000000,4.607456,5.473242,0.666348,8.890323
0.000000,0.000000,7.010977,0.000000,3.255710,3.572371,1.225586,4.997401,0.000000,4.628815,1.140969
8.898729,0.000000,4.214365,3.537096,0.000000,0.689712,2.408606,3.065326,0.000000,0.418298,0.000000
11.380396,3.273372,0.000000,0.000000,0.000000,5.319127,0.538387,1.504580,0.594881,0.888257,7.081769
0.000000,0.000000,0.000000,0.000000,4.439210,10.824093,0.000000,0.700733,0.000000,0.000000,7.405289
0.655384,0.000000,1.643684,0.000000,3.009548,0.000000,0.000000,2.151762,18.885697,0.000000,4.576388
0.000000,0.248442,1.820813,0.000000,7.181932,0.000000,0.000000,2.009474,5.802469,2.241376,4.558849
0.515431,0.000000,0.000000,2.138602,0.000000,0.000000,0.559650,0.000000,0.643182,0.290610,0.000000
0.000000,0.422426,3.879374,0.000000,3.007304,3.768721,0.000000,0.000000,0.000000,5.155319,2.104711
1.659364,0.000000,0.000000,4.512518,1.188450,0.000000,0.000000,6.504351,0.000000,2.100581,0.902626
0.000000,0.000000,0.000000,0.000000,2.091473,2.263283,0.289528,1.050686,1.193651,0.217868,10.174301
0.785762,1.819831,3.841441,0.345448,9.472656,0.408789,0.000000,0.000000,0.000000,2.977213,0.000000
0.000000,0.000000,2.326370,7.334992,0.000000,0.000000,2.888413,0.000000,0.000000,5.862202,1.156204
0.000000,0.706833,15.301348,0.000000,6.183278,3.884397,6.307584,1.758975,5.133594,5.580375,6.171210
0.000000,0.000000,7.649361,0.000000,0.000000,2.057124,0.000000,0.104941,14.641788,2.725626,3.572367
0.000000,0.000000,0.000000,0.000000,2.823700,0.000000,0.000000,1.404869,6.096856,0.000000,0.000000
6.750545,0.000000,2.027523,3.957381,2.774140,0.000000,2.484285,5.865209,0.000000,0.000000,15.253151
23.538088,7.477253,0.000000,5.294994,0.000000,4.410889,3.141376,0.000000,0.000000,1.184259,3.486809
7.912393,0.000000,0.000000,9.270085,2.070022,0.795646,0.171543,0.000000,1.762794,0.000000,0.000000
2.934127,0.100985,2.107158,0.000000,1.813107,0.309088,0.000000,0.000000,2.973155,0.000000,0.000000
0.000000,6.668018,0.000000,0.000000,0.000000,4.509145,0.000000,4.554214,0.000000,0.197892,4.325413
6.972585,9.162054,0.000000,4.421754,3.849550,9.545095,0.000000,0.000000,0.000000,0.000000,6.071535
0.000000,1.007269,0.000000,16.945477,0.000000,0.000000,10.613305,1.841580,0.000000,0.000000,2.666744
0.000000,0.000000,8.424974,1.799505,1.691678,0.000000,5.055751,0.000000,0.000000,0.000000,2.822424
8.201285,1.081301,2.372134,0.000000,0.000000,0.000000,9.414805,0.000000,0.000000,0.000000,21.199435
8.414582,8.385050,0.000000,0.000000,0.000000,3.329529,0.000000,0.000000,0.000000,0.000000,0.000000
10.102842,0.000000,0.000000,0.000000,0.000000,1.702288,1.465835,0.000000,2.727688,0.000000,10.316888
0.705021,0.000000,1.744910,0.000000,4.254863,3.977107,0.000000,0.000000,0.000000,7.800504,0.288618
3.842558,0.000000,1.921665,2.695226,3.308376,3.668217,9.573237,2.207844,7.940933,5.246089,11.524974
2.652026,0.000000,0.698273,0.000000,0.000000,0.000000,0.000000,1.849900,5.449387,1.686678,6.245706
2.860319,0.734473,0.000000,9.006211,0.000000,4.278457,1.131339,1.798541,0.478026,1.742844,1.537946
0.000000,0.000000,0.000000,1.438498,0.000000,0.731433,0.000000,2.939430,12.527737,0.000000,4.944603
0.000000,0.000000,3.528343,3.759196,0.000000,3.400043,4.098954,1.025269,2.889827,2.255537,2.338910
4.936620,10.275111,0.000000,3.669919,0.000000,7.615650,0.659194,0.000000,0.000000,1.991990,0.000000
11.057144,2.804229,3.271884,12.531184,18.836847,0.000000,12.100232,0.785499,3.972461,1.100871,1.290017
0.000000,0.000000,2.364401,0.000000,0.000000,0.000000,0.684697,4.575614,0.000000,2.796740,4.179738
0.000000,0.110288,0.844769,2.442915,0.000000,15.116268,0.000000,4.760994,0.000000,20.015636,10.616751
0.683689,0.000000,0.855990,0.000000,0.000000,2.408869,0.000000,10.064260,3.069942,0.944232,0.000000
0.000000,4.294906,0.000000,0.000000,0.180162,4.331438,6.597310,0.000000,0.000000,0.000000,0.000000
0.000000,1.730458,0.000000,0.721858,0.000000,11.813637,6.278438,3.104507,1.997125,0.000000,0.000000
0.000000,1.851820,0.000000,0.000000,5.080108,8.543404,16.185826,1.248675,2.003509,0.000000,0.000000
5.105715,2.885513,1.124879,4.965634,0.169649,0.211558,2.063366,0.000000,0.430889,1.551470,0.876829
4.832996,10.828539,8.417701,5.226248,1.159327,0.000000,2.818684,0.000000,11.717353,1.029803,15.297137
0.000000,3.110830,21.627433,3.978615,0.000000,3.482438,0.000000,4.441920,8.362121,0.000000,4.779081
2.579276,2.694532,0.000000,1.334713,0.000000,6.578629,0.000000,6.410100,4.208078,0.000000,0.000000
8.394740,9.692449,2.017422,1.645675,0.000000,0.000000,1.401814,5.768348,17.765576,0.000000,5.992212
0.840275,0.000000,23.678930,7.908136,0.000000,3.004820,0.000000,0.000000,0.000000,0.000000,0.000000
0.000000,0.782169,2.208313,0.000000,2.121722,2.653772,4.263936,0.000000,0.000000,5.168556,14.498600
30.121242,0.599700,4.626334,2.687569,1.535104,0.000000,0.000000,4.685869,0.000000,0.000000,0.000000
0.000000,0.685267,0.000000,0.000000,0.000000,0.000000,0.000000,3.693099,11.900733,11.884815,0.000000
3.264469,1.893343,0.000000,12.281649,3.587688,8.650877,20.497758,10.339509,1.463520,0.000000,0.000000
4.529096,0.000000,0.016762,0.000000,0.000000,0.000000,4.500842,8.677302,1.164698,2.419799,0.000000
2.571906,17.191956,0.000000,1.631404,2.474289,6.448050,1.436813,5.914290,0.000000,0.958821,0.000000
6.633203,0.047045,0.399127,3.230082,17.988898,7.432698,0.000000,14.351923,0.736733,0.000000,6.360879
12.414039,0.000000,0.000000,0.000000,0.000000,8.094946,0.000000,7.751035,4.754053,0.000000,0.000000
10.617737,4.336568,18.268549,12.664417,3.909790,8.898376,0.000000,0.000000,4.623546,2.361685,0.000000
3.928053,5.393025,0.000000,3.389373,0.203670,2.269767,0.000000,0.000000,0.000000,2.046389,0.000000
0.000000,7.761694,0.000000,0.000000,24.514276,5.724371,5.577976,2.634584,0.000000,10.839075,17.173511
5.537439,0.000000,17.743435,0.000000,1.895334,0.000000,0.000000,0.000000,0.000000,0.000000,10.059023
5.895575,0.000000,27.474145,0.000000,11.984091,0.000000,9.368106,1.052612,0.000000,3.713173,0.000000
0.000000,0.000000,25.506637,11.439376,1.041423,0.000000,0.000000,0.000000,4.866506,0.777819,0.000000
21.641241,1.395839,10.396202,0.000000,0.000000,7.216090,0.000000,0.894529,3.174496,7.184586,3.087042
2.738840,1.811592,0.000000,4.588078,5.005269,0.000000,0.000000,0.000000,1.268488,2.883539,3.163264
8.360340,2.028108,8.678618,0.000000,7.517434,1.386985,6.065156,0.000000,0.000000,14.220985,0.000000
2.598420,1.691590,0.000000,0.000000,0.368172,4.058583,0.000000,0.000000,0.000000,0.000000,0.000000
0.768779,2.455821,20.507527,0.000000,0.000000,1.905316,0.069515,0.000000,1.012899,6.859228,0.000000
12.826237,0.000000,0.000000,0.000000,1.840230,0.000000,0.000000,0.000000,2.750234,0.000000,9.949176
14.929105,0.000000,12.461390,0.000000,0.535020,0.112968,2.393454,3.073114,0.000000,0.000000,6.025002
0.000000,0.617230,0.319144,0.000000,3.801860,7.629749,5.058186,0.000000,4.728822,0.000000,0.659809
1.268035,0.000000,0.000000,0.755181,1.370248,0.000000,0.514638,1.001331,0.000000,0.000000,0.000000
4.233912,9.652377,0.000000,0.000000,0.000000,7.574215,1.072227,0.000000,21.772646,0.000000,0.000000
4.780951,10.973078,0.000000,10.100061,0.000000,10.765600,2.561053,11.470046,0.000000,1.847098,5.484345
0.000000,9.694035,0.000000,0.000000,1.465330,9.492860,1.569096,0.000000,14.471112,1.020023,4.554655
1.401335,10.752481,2.261556,0.000000,0.000000,0.426718,0.000000,0.000000,0.000000,0.000000,0.000000
6.771219,14.753395,0.000000,0.000000,0.000000,0.000000,4.357734,0.000000,0.000000,6.930964,3.159688
0.000000,2.433267,0.000000,0.000000,0.000000,1.137962,2.216556,0.000000,6.869563,4.149580,0.000000
0.072756,8.914572,1.798211,0.000000,0.000000,0.000000,2.612370,16.879224,16.331144,2.174580,6.007715
4.522865,1.852346,13.867938,0.000000,6.325679,0.000000,13.288061,1.387411,0.371826,3.251953,0.285419
0.957212,0.000000,0.000000,0.000000,3.016747,11.358666,0.000000,0.000000,0.307563,4.340351,1.817406
8.039586,0.000000,0.000000,17.899807,5.767486,12.193681,0.303778,0.000000,0.000000,10.458571,13.997879
19.684292,4.171876,2.545173,0.000000,4.875185,13.013254,0.000000,0.000000,0.000000,1.390154,5.124079
4.290366,0.000000,0.922422,0.000000,0.000000,0.000000,0.000000,0.000000,15.298391,4.796342,1.096224
0.000000,9.490829,3.983864,0.000000,0.649703,0.000000,0.000000,0.000000,1.041151,0.000000,0.098753
4.633656,3.465535,1.561246,0.000000,0.000000,4.445896,0.000000,17.098729,0.000000,1.623775,0.000000
13.328109,4.197416,0.000000,0.000000,0.000000,11.487292,0.000000,0.305718,4.962396,4.977883,0.000000
6.815902,0.000000,6.954202,0.000000,0.000000,12.800063,0.000000,0.000000,0.000000,0.000000,0.000000
0.000000,0.000000,5.963003,17.204715,0.000000,7.978695,5.652441,0.000000,3.679989,3.851481,2.759926
0.000000,5.937644,11.956819,0.569126,0.821094,0.000000,2.733808,5.620104,0.000000,0.000000,9.502117
0.000000,5.520504,0.000000,0.178611,0.000000,0.000000,0.742870,0.615298,18.264012,10.922735,0.000000
9.423417,1.864077,1.768583,14.554360,0.000000,5.491780,1.785996,0.000000,7.985928,2.186471,1.184518
3.496099,0.000000,0.000000,0.000000,8.563668,5.283819,0.000000,0.000000,0.494118,2.589879,0.000000
6.079529,9.303744,15.650668,9.071576,19.134466,0.463459,9.774370,0.000000,0.000000,0.000000,0.061907
0.000000,11.522703,0.000000,0.067317,3.768099,11.127601,0.000000,0.000000,0.000000,0.000000,0.000000
4.655467,0.000000,4.525273,0.000000,0.000000,3.212818,0.000000,0.000000,15.268546,2.781815,0.000000
0.000000,0.000000,6.021683,0.000000,0.000000,0.202610,3.286485,2.107731,3.007637,2.397431,13.639967
0.000000,3.213811,3.191199,0.000000,1.065323,6.305582,7.674010,0.000000,11.842037,0.000000,10.659158
0.000000,0.000000,0.000000,0.000000,2.832957,0.000000,0.000000,0.000000,0.000000,4.296262,2.278632
15.090091,0.914423,3.105241,0.000000,0.000000,3.267279,0.000000,20.747271,0.000000,0.000000,10.465568
0.000000,0.000000,0.000000,17.030175,0.000000,0.473113,0.000000,0.000000,0.000000,6.805629,2.987043
15.152368,0.000000,5.631953,0.000000,0.000000,0.000000,0.000000,5.442221,0.000000,5.852895,0.000000
0.000000,0.007727,21.370238,9.549637,0.216134,6.545171,0.000000,14.805966,20.431984,4.206595,7.875563
0.957967,0.000000,3.971669,0.000000,10.563755,1.117535,3.324858,0.000000,10.078145,0.000000,11.968606
7.593150,5.288033,0.260339,14.023183,0.000000,8.226314,0.000000,2.852987,10.809038,0.000000,0.000000
3.185877,9.991726,9.943308,0.000000,4.529959,7.464030,0.000000,0.000000,0.522330,3.622675,1.448326
3.551467,0.000000,0.000000,9.165841,0.000000,0.000000,0.000000,4.297523,0.000000,2.060905,4.979961
3.291133,6.759913,5.136740,1.581606,8.952933,1.696270,4.612435,0.000000,0.000000,0.000000,2.013095
12.488318,13.848953,0.000000,10.357111,0.000000,16.921777,12.523242,6.075285,1.981117,16.721030,5.936325
0.000000,0.000000,2.432524,5.773153,0.000000,0.679716,7.531606,0.000000,3.437072,14.423746,1.698358
0.000000,0.000000,0.000000,0.000000,3.407873,1.624191,4.041864,1.379472,0.000000,0.000000,0.000000
6.443961,1.847943,8.304094,2.847306,9.476285,0.000000,0.000000,0.000000,0.000000,0.726391,0.000000
0.000000,3.616651,0.000000,6.148525,0.000000,0.000000,1.363120,0.000000,3.486946,3.068577,9.029275
1.518236,0.000000,15.171589,0.000000,0.000000,0.212438,1.246159,0.605482,0.000000,0.000000,0.000000
0.000000,0.000000,0.000000,6.892881,0.000000,4.014017,0.000000,1.663139,0.000000,5.466427,2.296491
0.000000,0.000000,0.000000,0.000000,0.000000,0.146386,0.000000,0.000000,0.160322,0.000000,0.000000
4.968712,0.000000,0.000000,3.219569,0.000000,3.651028,0.000000,15.817940,0.260104,0.000000,0.000000
5.640355,0.000000,5.958087,0.000000,2.598754,5.103081,0.000000,3.758513,2.099831,0.000000,0.000000
0.000000,4.374124,32.629564,0.000000,7.982729,17.926417,0.000000,4.888085,0.000000,1.721735,0.000000
0.000000,2.077392,0.161799,13.756495,0.000000,0.392470,0.000000,0.000000,4.485512,0.000000,3.052859
13.340409,1.591488,0.136909,2.581478,2.589155,8.241502,0.000000,7.369092,0.000000,6.246704,0.000000
7.963775,0.000000,10.740702,8.128635,0.000000,8.893736,0.000000,0.000000,6.941804,0.173458,0.000000
9.455905,6.995599,0.000000,0.000000,0.000000,5.396789,15.751228,0.000000,0.000000,0.000000,0.000000
0.000000,3.305093,0.000000,1.776455,8.293096,3.226773,0.000000,2.175613,11.846202,7.807618,0.000000
0.000000,7.266697,5.675852,7.883145,7.530939,0.000000,5.816224,0.000000,0.000000,0.000000,1.312610
11.270896,2.571363,20.342330,1.442468,2.473224,4.846220,7.067378,1.366801,0.000000,5.552596,10.549036
0.000000,1.329991,0.000000,7.779169,4.372825,0.000000,1.196157,0.000000,1.913800,3.964481,0.586222
0.000000,4.716550,0.000000,0.000000,0.000000,0.000000,0.000000,1.148467,15.311575,7.854653,0.000000
7.665785,3.291918,0.000000,5.461906,6.503821,6.796728,3.703837,10.917216,3.439316,0.476513,1.453538
0.094052,2.035828,1.900804,0.000000,0.000000,4.216330,3.415236,14.919633,0.000000,7.015169,0.000000
0.000000,4.514095,0.000000,0.000000,0.000000,0.000000,2.716954,2.358439,0.000000,19.453079,6.197367
22.769613,1.005819,1.037752,2.456880,9.021312,10.758981,0.000000,10.292063,0.000000,1.791055,0.000000
0.000000,2.939739,0.000000,14.553082,3.577018,11.530744,0.000000,0.000000,0.000000,0.000000,0.000000
5.493481,0.000000,0.000000,0.000000,4.757490,2.804676,1.089190,0.000000,9.549534,2.401975,0.000000
4.561003,0.000000,0.000000,4.253111,7.664087,0.659222,18.587497,5.650730,0.000000,0.000000,0.000000
1.674949,0.000000,0.000000,0.000000,5.593089,3.378979,4.565707,3.492900,5.787850,11.778511,7.339214
0.000000,6.622494,2.917718,0.000000,0.000000,2.649304,3.599372,8.576170,0.000000,0.777722,1.760032
2.244687,0.000000,0.000000,26.822833,0.000000,3.445923,8.393678,0.000000,3.139735,17.235030,0.000000
7.556143,1.124732,12.912771,0.000000,2.468421,5.349527,0.660203,0.000000,0.000000,0.000000,3.992405
6.956661,2.847495,0.000000,25.599943,2.451512,5.125104,0.000000,0.000000,4.927728,0.000000,5.826607
0.000000,1.611275,6.176473,7.929682,1.074323,1.985129,8.537701,0.000000,0.000000,0.000000,2.729788
0.000000,6.896735,1.864300,0.000000,0.000000,0.000000,1.010160,1.232551,0.000000,6.482077,5.171404
0.000000,0.000000,0.000000,0.000000,6.109232,6.326702,3.206366,3.323067,0.000000,0.000000,0.000000
15.383970,0.000000,0.000000,0.000000,0.000000,10.237034,0.000000,0.000000,10.781046,0.000000,0.000000
4.713515,0.000000,5.238015,8.630898,0.000000,7.305867,0.000000,6.417342,2.155851,0.000000,0.000000
7.529379,4.113065,0.000000,2.378148,5.098457,0.000000,0.000000,9.094561,6.112232,0.000000,3.441675
4.239530,0.000000,5.333627,3.444466,0.000000,0.447662,1.420773,11.729136,2.306799,0.000000,7.500456
2.734841,0.000000,3.816595,8.664126,5.029905,2.153997,2.214045,0.000000,0.000000,5.502424,0.000000
2.101039,0.000000,0.000000,4.942991,0.000000,0.000000,3.581159,0.000000,7.518550,2.371739,15.169719
1.226583,7.225511,2.426038,0.759669,0.000000,5.028423,0.000000,2.300395,8.647104,0.000000,0.963549
0.259333,0.000000,7.421625,0.000000,0.000000,3.041552,2.483205,2.032952,8.744935,2.563801,0.000000
1.476284,0.000000,2.414331,0.000000,0.284957,6.326302,0.000000,6.142100,0.000000,8.149101,8.641078
0.278379,5.604757,2.142555,10.086242,0.000000,0.000000,3.655129,0.000000,0.000000,8.449791,6.676929
1.690043,1.877898,3.870580,2.748863,8.803119,22.684064,5.914372,7.512912,9.178813,17.067973,2.316309
0.000000,3.975137,2.653585,6.320082,0.000000,0.000000,0.000000,4.536965,0.133637,12.854070,6.673560
2.313503,3.827831,0.000000,2.860719,2.973218,0.000000,0.000000,1.807849,1.807403,0.000000,6.628336
0.000000,0.588397,0.493418,0.000000,6.362537,1.004252,5.738619,0.000000,4.249687,0.000000,4.324734
10.719978,0.000000,1.735677,0.000000,0.000000,0.000000,3.171652,0.000000,3.155289,0.910892,0.000000
0.000000,16.473455,0.000000,0.307931,0.000000,7.728140,5.046473,7.327407,0.000000,0.000000,0.000000
2.662879,5.576290,2.351781,0.000000,0.000000,0.000000,13.932761,3.660638,3.704701,4.131143,0.000000
0.000000,0.494070,0.000000,0.000000,0.000000,7.750995,5.782156,0.000000,0.000000,0.000000,0.000000
5.493587,0.000000,2.360053,9.058432,2.642268,2.428518,1.617106,11.434944,2.003530,1.233202,0.000000
0.000000,0.197595,0.000000,2.432541,3.225442,0.613371,0.136444,10.364223,0.000000,1.178802,2.860584
0.000000,0.000000,0.000000,0.000000,0.000000,5.195417,0.000000,0.000000,0.000000,0.000000,0.720461
17.736353,0.000000,0.000000,12.845741,0.000000,1.403994,5.746114,6.601114,9.589844,4.198447,4.779284
2.777769,5.517225,4.834634,1.563276,0.000000,0.000000,7.221196,1.833959,0.000000,3.908397,21.157785
0.000000,6.091298,7.405577,4.136555,0.000000,0.323570,0.000000,9.263006,0.554152,3.243592,0.000000
0.000000,0.000000,1.381153,0.000000,0.937132,6.040483,12.739067,13.205799,0.000000,3.644538,1.383131
0.000000,3.056643,3.655957,4.828429,9.949947,0.000000,1.597350,10.735961,2.089560,7.860001,0.000000
1.321934,0.000000,0.000000,2.270975,2.688540,5.955459,10.861714,0.000000,0.000000,0.000000,0.000000
1.125325,0.000000,13.436636,2.241609,14.039212,0.455195,4.753042,0.000000,4.391804,7.187122,0.813049
0.000000,3.984989,0.000000,6.595197,0.768120,8.835968,0.000000,0.000000,10.537461,0.000000,0.000000
0.000000,0.000000,1.505910,0.000000,0.000000,0.000000,0.000000,0.022226,0.000000,2.760509,2.194504
0.000000,2.019592,0.000000,1.835645,0.000000,1.648754,21.446248,11.634146,0.000000,0.000000,5.057400
2.696345,5.918275,0.000000,0.000000,0.815634,3.543581,0.000000,0.000000,0.000000,0.000000,0.000000
9.562364,0.000000,4.928146,0.000000,8.614964,0.918885,0.000000,2.261178,0.000000,0.955870,8.278807
0.000000,1.981588,0.000000,0.000000,2.317335,1.270480,1.362428,0.000000,0.000000,8.167449,6.440391
0.000000,0.000000,1.981764,3.619372,0.000000,6.436620,7.297196,0.000000,4.297462,1.220865,2.347603
0.000000,0.000000,5.331834,0.885981,1.479751,0.000000,5.655463,0.000000,0.000000,0.000000,0.148129
3.876295,0.000000,0.810697,0.000000,0.000000,4.988524,0.000000,4.412904,2.085406,0.000000,2.061313
3.046491,7.496407,1.581260,0.000000,1.448124,3.249012,0.000000,0.000000,0.000000,2.334678,0.260692
4.966091,11.021405,0.000000,9.228711,5.371883,0.000000,0.000000,0.000000,3.369995,2.642794,11.583014
6.176613,0.000000,0.079962,0.000000,0.000000,0.000000,0.000000,0.424220,0.000000,20.985096,0.000000
0.192984,0.985901,0.208218,2.748300,4.754609,8.736570,6.116640,0.000000,1.594839,3.040064,0.000000
0.810188,0.000000,0.295634,0.000000,0.000000,3.647200,0.996105,3.139688,5.283405,0.000000,0.000000
0.000000,5.882708,1.389820,5.262951,1.864713,1.877462,1.833887,1.956465,0.166858,0.000000,5.987311
3.985978,1.784062,4.490902,0.000000,0.000000,0.000000,0.000000,4.975123,0.000000,1.262195,2.291562
0.767920,20.144726,6.542031,3.816373,5.897401,7.859254,9.377757,0.361349,2.738236,0.000000,8.197104
0.000000,0.000000,0.000000,9.227773,0.000000,2.614449,22.701657,3.964480,2.661454,4.547508,0.000000
4.101582,0.000000,0.000000,4.290302,0.000000,3.173016,1.894818,1.209836,0.000000,0.000000,0.000000
0.000000,0.000000,5.510924,6.205715,0.000000,0.000000,3.662152,1.271350,0.000000,1.277238,0.000000
0.000000,0.000000,0.000000,0.000000,1.675026,0.000000,4.918050,0.000000,6.775882,0.000000,3.110702
2.075892,0.000000,2.801872,3.977317,0.429449,0.000000,0.000000,0.000000,7.690505,0.000000,0.439972
2.654948,4.956521,2.077433,0.000000,0.000000,0.074583,0.000000,0.000000,14.340089,0.000000,11.419450
1.341442,2.435269,9.011865,0.000000,4.837438,4.297212,2.493696,3.725818,0.000000,0.000000,0.000000
0.000000,3.419517,6.336096,0.000000,0.000000,0.000000,0.000000,0.666887,0.517489,0.000000,4.546681
0.000000,0.000000,0.000000,2.567445,0.000000,0.000000,18.746711,0.373522,0.000000,0.000000,7.565889
1.676486,3.942964,0.595310,0.082940,0.732809,3.586288,2.230876,0.000000,0.000000,3.317939,6.679989
0.000000,0.000000,0.168103,3.776780,1.922390,2.531397,1.274678,4.160168,4.619530,2.202051,6.964856
3.601713,11.007298,5.716674,3.772993,0.000000,0.000000,0.375966,0.686598,3.493245,0.000000,2.508490
0.000000,0.000000,5.491985,0.000000,4.913866,0.000000,0.000000,0.000000,0.000000,0.465508,0.618634
6.725652,0.395011,0.994089,8.822618,0.747388,6.404759,0.000000,5.568607,9.097880,0.000000,0.000000
1.370164,9.559711,0.000000,0.267402,10.449200,0.000000,0.000000,2.393301,8.235257,0.000000,0.000000
7.776025,2.821672,0.000000,1.350067,1.416601,0.000000,0.317413,0.666597,9.602765,0.000000,4.340075
4.416058,0.000000,0.000000,0.000000,0.604715,0.000000,0.000000,2.715506,0.000000,5.946241,0.521882
1.859985,1.988206,0.000000,0.000000,0.000000,0.000000,1.076276,0.580280,1.303163,0.000000,0.000000
3.074951,1.375781,9.901038,0.000000,1.131233,0.000000,2.951606,2.664274,3.013881,0.000000,1.174739
5.959704,7.277031,4.388070,0.000000,2.395205,7.528686,0.000000,6.107029,1.943556,2.346999,11.477754
0.000000,3.490904,0.000000,0.000000,1.991780,0.000000,0.848524,0.000000,0.286907,0.000000,1.435325
1.279240,0.000000,0.000000,0.000000,8.742864,4.777777,1.206826,3.822865,6.482013,0.000000,0.000000
4.442513,3.222684,9.423648,1.028432,0.907772,7.284187,0.149137,4.452219,3.608923,0.755195,0.000000
1.397270,0.098779,0.000000,2.645841,1.224604,0.238055,0.000000,2.121937,1.144261,1.163504,0.000000
3.739812,2.738797,0.000000,3.720923,0.000000,6.343424,0.000000,0.000000,2.567842,14.986854,7.175424
6.285257,0.000000,0.000000,6.327470,0.000000,0.559302,4.723607,6.289670,0.000000,1.241826,0.000000
0.852447,0.000000,0.000000,0.000000,5.962629,7.516044,1.328316,0.000000,0.000000,1.247183,0.000000
3.042166,0.000000,0.159115,4.136089,0.000000,0.000000,4.776245,0.000000,2.080276,0.000000,11.117221
2.920160,4.130673,0.558622,8.756665,0.000000,0.000000,12.492581,10.197204,1.742607,2.737723,0.000000
4.279813,3.346650,0.000000,0.255929,1.433046,2.576689,0.000000,2.890674,7.571497,6.505369,0.000000
9.302114,2.528205,3.491050,0.443812,0.000000,8.417652,0.000000,7.863377,0.000000,0.000000,0.588262
10.965022,3.291786,0.000000,0.000000,0.000000,2.607645,0.000000,0.459881,0.000000,1.837740,1.552200
5.728276,1.250445,0.319483,7.109822,5.408656,0.000000,0.000000,0.000000,0.000000,4.408047,0.000000
0.000000,0.122366,0.000000,0.000000,4.118841,0.000000,0.080642,0.000000,1.666350,0.819403,0.000000
2.452893,1.141545,0.000000,0.000000,0.315777,1.587880,1.493368,0.000000,3.810299,0.193215,0.910799
19.176820,1.531952,0.000000,0.000000,2.893529,0.000000,5.373688,0.000000,1.022604,1.495621,0.000000
0.000000,4.239830,3.774602,0.000000,0.000000,11.051646,1.994160,6.365645,1.435248,2.545880,0.000000
4.995009,0.000000,0.000000,2.053587,0.645328,0.000000,7.106978,0.000000,0.000000,6.643801,0.000000
0.000000,0.000000,3.064983,0.000000,3.372380,0.000000,0.219112,0.000000,4.951301,1.314839,0.565186
0.000000,5.735422,0.000000,0.000000,0.000000,0.000000,0.000000,0.304022,0.000000,1.409897,0.000000
0.688745,6.008535,0.000000,0.000000,0.016783,3.471744,0.814049,0.000000,0.000000,10.389183,8.550577
0.000000,1.814218,5.471328,0.000000,1.045237,0.000000,2.647741,0.000000,0.000000,0.000000,0.000000
1.620696,0.000000,0.000000,2.112777,2.035582,3.236605,0.000000,4.382148,0.000000,0.000000,9.050409
0.000000,0.000000,0.000000,0.000000,0.000000,0.920506,16.703683,1.654003,2.104639,0.000000,6.685563
7.839879,0.716017,1.561452,7.598018,0.000000,0.000000,7.853850,0.000000,0.000000,0.107461,10.705617
0.000000,0.901120,0.000000,0.000000,0.000000,0.000000,3.934987,0.590172,0.151281,0.000000,5.262739
0.000000,0.000000,0.000000,7.861577,0.000000,1.131677,0.000000,3.037407,13.927468,0.000000,0.769882
0.000000,3.259382,3.006749,3.997853,0.000000,0.000000,0.000000,3.092328,0.216778,0.000000,0.331841
3.177530,0.000000,0.000000,8.816446,2.008680,2.469694,0.000000,7.124270,2.731401,7.287761,0.000000
0.000000,4.791511,0.029640,0.379751,6.675461,1.531457,0.000000,0.062373,0.000000,0.000000,0.000000
1.060254,0.000000,0.000000,0.620696,0.000000,0.763855,6.265994,0.000000,0.000000,0.000000,0.000000
5.115223,0.000000,0.981114,4.837429,15.606077,14.278933,6.349097,3.278861,4.723356,3.652416,0.000000
0.000000,0.343901,0.000000,3.957591,0.000000,0.000000,0.000000,0.000000,17.096575,0.000000,0.000000
0.000000,3.779625,0.000000,1.999321,0.625385,0.000000,0.694521,0.951012,0.000000,4.280415,8.491361
2.916915,0.278244,0.000000,1.702670,0.000000,0.000000,2.071726,5.347314,0.000000,0.879251,0.000000
4.181825,0.405974,0.000000,0.188645,0.999141,0.000000,0.000000,2.220553,3.040443,1.265105,0.000000
0.835463,0.109250,3.393244,0.000000,8.071600,16.107440,9.359991,6.381933,2.117235,11.862081,22.118114
3.064078,0.000000,0.164265,1.307280,0.000000,0.000000,0.000000,3.341315,0.000000,4.049571,0.000000
0.276488,8.807888,0.000000,8.827201,1.027680,0.000000,0.000000,1.568315,0.000000,0.000000,5.252959
0.000000,0.000000,0.000000,0.000000,0.000000,0.000000,0.000000,9.040800,2.360208,0.000000,3.671127
8.249204,0.968283,1.909095,0.000000,0.000000,13.200663,0.000000,0.253871,6.806224,0.000000,4.196913
0.126508,2.465702,0.000000,0.000000,3.155867,4.432722,0.000000,0.000000,2.400019,0.000000,4.999167
0.000000,2.016917,14.407473,1.625439,0.000000,0.000000,0.000000,2.900558,3.778906,8.926642,0.943891
0.000000,0.000000,4.946009,0.000000,3.335278,0.000000,0.000000,0.000000,0.000000,0.000000,4.336136
0.000000,3.155880,0.000000,0.000000,4.145961,8.265662,5.713741,0.000000,6.447728,0.000000,0.000000
4.000981,5.257582,15.985288,0.000000,6.930970,2.547562,0.000000,0.000000,0.000000,2.776870,4.270273
0.000000,13.006765,0.525387,0.000000,0.000000,2.885184,5.537195,12.728481,7.895404,0.000000,3.664680
0.000000,4.242836,0.000000,2.346253,1.162266,2.700047,0.000000,0.000000,0.000000,3.846535,5.062305
3.630009,3.706692,4.583360,3.470852,0.000000,0.000000,0.000000,0.182829,6.217926,0.000000,8.563963
0.000000,1.232013,6.320276,0.000000,0.000000,4.826853,6.101449,0.000000,0.000000,0.000000,0.000000
1.729129,0.000000,0.000000,11.761620,0.000000,6.537563,7.028816,0.000000,4.205662,19.973990,0.000000
7.808040,0.000000,0.000000,1.411798,6.098548,0.329889,0.000000,0.000000,0.132392,1.974163,4.893157
0.000000,4.792319,1.982511,1.265789,4.492362,0.000000,3.110609,1.647929,1.585711,1.072720,2.589158
5.266709,0.000000,0.000000,0.000000,0.000000,6.344967,4.077814,1.572973,0.000000,10.030086,2.005996
0.258386,1.248749,4.577383,0.000000,0.000000,0.880748,11.108286,3.730722,11.216831,9.607584,6.106019
4.098428,0.000000,0.775157,0.000000,2.600660,2.282476,7.512843,0.000000,9.272900,0.000000,2.237103
4.187245,1.003228,0.831367,0.000000,0.814619,0.000000,0.568998,1.358343,2.029799,0.000000,6.456913
0.000000,3.020161,6.924722,0.000000,1.430671,0.000000,4.670016,1.636496,0.000000,0.771011,4.799096
0.000000,0.437476,2.319790,0.000000,0.000000,0.000000,0.000000,0.176186,0.697574,0.000000,1.825711
6.615301,0.786606,0.059469,0.000000,0.773735,0.000000,1.216418,0.000000,0.000000,0.266245,0.000000
2.178210,0.000000,4.123663,0.000000,22.635503,0.000000,0.000000,0.883553,2.689616,1.270847,0.567977
3.686818,0.000000,1.557524,4.450692,3.338097,4.050910,0.000000,1.489780,0.336094,2.390420,0.000000
0.000000,1.853945,0.618297,3.866673,0.000000,0.160948,1.257744,0.000000,0.000000,0.000000,0.000000
0.000000,4.468604,2.393141,3.379882,0.000000,0.000000,0.000000,0.000000,0.000000,0.000000,11.709864
0.986128,0.000000,4.949427,10.308323,1.457930,0.000000,0.000000,0.000000,1.171923,0.000000,0.000000
21.667496,0.000000,0.000000,0.000000,0.000000,2.494833,1.626848,2.582905,0.000000,0.824743,1.334867
0.705439,4.706752,1.165782,0.000000,0.000000,1.170975,12.829457,0.000000,0.000000,2.299737,2.583335
0.000000,0.000000,1.261162,3.618105,0.000000,0.000000,2.708552,0.000000,2.930172,3.697448,0.000000
0.000000,0.000000,0.000000,1.645364,1.324523,0.000000,0.575473,0.000000,1.061903,2.902366,0.000000
5.223431,0.000000,0.000000,0.208106,0.919054,0.000000,1.878865,1.976468,3.250034,0.000000,0.000000
0.000000,0.825193,0.000000,1.121810,5.053984,5.399574,2.905700,0.000000,1.554688,3.803962,0.000000
4.858791,1.025140,2.503040,0.000000,0.000000,1.575256,1.208897,0.000000,0.000000,0.000000,2.615190
0.000000,0.000000,3.779605,3.506246,3.457231,5.864439,1.135759,0.000000,1.468434,1.344256,5.057710
0.492959,0.000000,0.000000,0.000000,0.000000,0.013764,0.000000,4.720335,2.368777,0.000000,1.400359
0.000000,0.000000,0.000000,0.000000,0.000000,0.000000,0.000000,3.679200,0.000000,0.000000,1.250040
0.000000,3.272147,0.355073,6.424112,0.000000,0.000000,3.378768,0.918700,0.321587,0.000000,0.254223
0.000000,0.000000,0.000000,4.871123,1.163750,0.000000,0.000000,0.000000,5.044515,0.627786,3.597862
0.000000,0.000000,1.870148,2.618305,0.000000,4.070303,2.587189,0.874892,2.059008,0.881800,0.000000
2.456616,0.000000,0.000000,5.229447,0.217050,0.000000,0.000000,0.000000,5.892550,0.890941,2.703429
0.150762,1.388411,0.770609,0.000000,4.959637,0.314654,1.621844,0.000000,0.054190,1.027861,0.000000
0.000000,0.000000,0.000000,0.000000,0.428497,3.152180,3.148960,1.546629,1.096380,3.167384,0.000000
0.000000,0.000000,6.133144,1.515145,0.943177,0.000000,0.000000,6.813429,7.495216,2.164629,0.000000
1.857040,0.000000,0.000000,0.211140,3.191577,0.000000,0.802892,0.655460,11.023652,0.872199,3.703353
3.184958,0.000000,2.802960,0.000000,1.275503,2.512625,0.000000,0.817116,2.611991,1.147875,0.000000
11.062381,0.000000,0.000000,0.000000,0.856373,0.235622,0.454726,1.804189,0.369434,2.049232,0.000000
2.999372,3.971331,0.000000,5.318538,2.346773,6.059353,0.000000,0.000000,0.000000,3.287475,0.000000
6.279131,3.513158,1.086897,0.000000,5.459002,0.000000,0.000000,0.000000,0.000000,4.157309,2.091779
1.599721,0.000000,10.490586,4.622832,2.821051,0.000000,6.877902,1.977062,0.522532,0.000000,0.000000
1.812393,0.630987,0.000000,2.534322,0.000000,0.000000,0.000000,0.000000,0.000000,4.644457,0.000000
0.000000,0.000000,4.748889,0.000000,0.000000,0.000000,0.000000,0.445537,3.768951,0.000000,2.363719
0.000000,0.432278,0.609649,0.000000,0.849338,0.000000,0.000000,0.000000,6.912292,3.317885,0.337883
0.000000,1.282780,1.445665,0.000000,0.000000,0.189123,0.584282,0.372359,3.544745,0.000000,0.000000
0.000000,0.000000,2.907543,1.677282,0.000000,0.000000,0.000000,2.876986,5.492778,3.665057,0.312784
0.000000,0.000000,0.000000,0.000000,3.009317,0.000000,0.000000,0.000000,1.967648,0.000000,0.000000
1.663004,0.000000,0.225613,1.765945,0.000000,0.000000,0.000000,1.860979,7.816102,0.225478,0.000000
0.000000,2.260010,0.000000,0.000000,0.551071,0.112188,1.204781,0.000000,0.000000,0.000000,1.512638
0.632622,0.000000,2.346796,0.000000,0.405407,0.000000,8.800824,0.000000,0.000000,0.000000,0.000000
0.000000,0.000000,0.000000,14.062910,3.385430,0.000000,2.569440,0.000000,0.000000,0.000000,0.000000
1.334507,0.000000,2.555398,3.996893,0.000000,0.000000,2.990696,4.013252,0.140473,0.000000,0.000000
2.125278,0.000000,0.000000,4.960311,3.248138,0.000000,0.000000,0.000000,4.790278,0.000000,0.000000
0.000000,8.871042,0.000000,0.000000,0.000000,2.068886,0.000000,7.477225,2.048680,0.000000,0.000000
0.000000,1.155942,1.387695,1.312675,1.189462,3.454961,4.305613,8.221465,2.591110,0.251643,0.000000
1.984298,2.169688,2.011702,4.769822,2.867399,3.541775,0.000000,1.370418,0.000000,5.015601,1.044641
0.467156,2.306440,0.000000,4.573733,7.473948,0.570245,1.992602,0.000000,0.177367,0.000000,0.000000
0.000000,0.000000,0.886629,0.000000,0.000000,0.000000,0.000000,3.540600,0.453269,0.833451,0.000000
0.000000,0.000000,0.000000,1.266129,0.000000,0.000000,0.421002,0.000000,0.000000,0.015705,0.000000
0.000000,0.000000,1.849723,4.345492,0.375501,0.000000,2.186424,6.883314,0.000000,0.000000,0.000000
0.000000,1.129145,0.000000,0.000000,0.000000,0.613039,0.034651,3.554422,1.855426,4.391945,1.263412
1.040583,0.000000,0.000000,0.506068,0.000000,0.000000,0.000000,0.000000,0.000000,0.000000,0.204887
3.016596,2.279690,1.945445,0.681427,0.000000,0.000000,0.000000,5.102218,0.886810,0.000000,0.396178
0.000000,0.000000,1.267890,0.000000,4.349608,3.627054,0.000000,0.000000,1.741839,1.845190,2.803190
0.000000,0.000000,1.919640,0.000000,2.048961,1.897626,6.152981,0.000000,2.069937,1.624636,0.000000
0.471276,0.000000,0.000000,0.000000,2.132378,0.000000,0.000000,1.386627,2.519329,1.239207,0.000000
4.074605,0.000000,6.312592,1.685805,4.203198,0.000000,0.000000,0.000000,0.220469,2.208579,0.000000
1.556335,1.665272,0.000000,5.841890,0.000000,4.489957,0.223914,4.631100,0.000000,0.000000,0.000000
5.814908,0.000000,2.737347,5.974370,4.437751,0.530310,0.086987,1.855457,0.004824,4.991348,6.115887
2.911336,0.000000,0.182868,0.924818,0.000000,0.000000,5.307246,0.299307,0.000000,5.628215,0.000000
0.227885,1.314869,2.142510,0.000000,0.000000,0.005463,3.330413,0.000000,0.442404,1.500768,0.000000
0.000000,0.505240,0.000000,0.222117,0.522256,2.073363,0.000000,0.000000,0.211111,4.442374,4.110822
0.000000,0.000000,0.000000,0.000000,8.714467,0.000000,1.018408,0.470584,0.732035,0.749947,0.000000
0.000000,0.000000,0.000000,0.000000,0.000000,0.000000,2.122142,0.000000,0.000000,0.000000,0.000000
2.938528,0.000000,0.000000,0.000000,3.422885,2.555715,0.000000,0.000000,2.829523,4.438824,1.657518
2.319374,6.322797,1.933507,0.000000,1.422869,0.000000,1.021822,0.000000,3.722525,0.857344,0.496244
0.000000,0.000000,3.809179,0.000000,0.000000,1.755713,4.233631,1.266866,0.000000,6.611495,0.000000
0.000000,0.504783,0.000000,0.000000,0.000000,3.224225,0.000000,0.000000,5.070455,0.000000,0.000000
2.866619,0.000000,0.513926,0.000000,2.817944,0.000000,0.000000,0.000000,0.000000,0.000000,2.096342
0.000000,0.000000,5.593655,0.000000,0.000000,0.510695,0.757511,0.000000,3.557496,1.053346,2.067515
5.889581,0.020533,0.000000,0.000000,2.006992,2.655011,1.719196,0.790590,0.000000,9.876702,0.000000
0.426663,0.403512,0.000000,0.000000,3.094692,1.060488,0.000000,2.595525,2.519137,5.637964,8.498157
1.753267,0.560039,0.000000,4.035955,1.422678,0.000000,0.000000,0.000000,0.000000,0.000000,0.000000
2.738156,0.000000,1.640796,0.000000,0.000000,0.000000,0.000000,0.000000,4.212398,0.000000,0.000000
3.299960,3.315824,0.000000,1.015145,3.566783,0.000000,0.000000,0.000000,0.319485,0.000000,10.032373
0.000000,0.000000,2.962177,8.219712,10.648508,0.000000,4.425302,2.153358,1.878749,5.769106,0.482614
1.320930,0.707117,1.554673,0.000000,0.000000,0.000000,6.764356,2.006214,0.000000,5.945835,9.113498
0.000000,0.000000,0.000000,10.590683,1.148906,0.000000,5.548243,0.000000,5.187675,7.006224,6.499576
0.000000,2.542620,0.000000,0.000000,0.953296,0.000000,0.000000,0.000000,0.299389,0.000000,1.206965
0.000000,1.499107,0.607147,2.337130,0.000000,0.108395,0.000000,0.000000,0.000000,0.000000,0.000000
6.910616,1.300984,2.240368,0.000000,0.000000,0.000000,1.700879,0.000000,0.378803,0.000000,0.000000
1.185291,1.353864,3.089934,3.189626,0.633560,0.000000,0.807708,1.308197,6.606839,1.112592,2.078035
4.059823,0.000000,2.953852,1.970279,4.324509,0.000000,0.129148,0.000000,0.000000,7.176003,0.000000
3.762126,1.136433,0.265773,3.004572,0.000000,0.813538,2.723307,4.090776,0.000000,0.000000,2.059170
3.219230,0.000000,0.000000,3.653743,0.000000,0.000000,0.000000,0.000000,0.000000,0.000000,1.964425
9.054305,0.000000,4.689957,2.620143,0.000000,5.159456,0.000000,0.269207,0.342408,5.207776,0.000000
5.460441,0.000000,1.392824,5.602991,3.027984,0.000000,4.728040,0.000000,0.000000,1.884997,4.244458
0.000000,0.140234,0.000000,0.000000,8.019883,0.000000,1.434253,0.000000,2.009023,0.000000,0.000000
0.000000,3.505176,0.000000,4.828280,0.000000,0.000000,2.869041,0.000000,0.813758,0.000000,0.874538
0.000000,0.001901,8.392212,3.902190,0.000000,1.866886,0.000000,5.154363,0.000000,0.000000,2.003623
6.869304,2.043440,0.000000,4.860338,0.000000,5.716277,0.000000,3.513369,5.475680,8.246377,8.656786
5.539447,4.049693,0.000000,0.000000,0.000000,0.000000,3.492281,0.000000,4.875879,0.000000,0.000000
2.026356,0.000000,5.643581,4.649223,5.041663,1.806103,1.610783,0.579851,0.000000,0.000000,0.000000
0.000000,3.545682,0.167628,4.660990,0.000000,1.560105,0.000000,4.148517,0.000000,0.000000,0.238897
0.000000,0.000000,0.000000,0.000000,0.000000,4.679246,0.000000,6.710923,9.906822,3.353940,3.777307
1.236364,0.000000,3.251813,6.462521,0.000000,0.000000,0.000000,0.590966,0.000000,0.000000,3.050550
1.630710,0.000000,0.000000,0.000000,4.734071,0.000000,0.000000,1.737231,0.000000,1.314817,5.966662
7.865042,12.241603,0.000000,6.139235,2.201928,4.356909,0.000000,0.000000,0.228926,0.000000,0.000000
0.431199,1.076262,0.144231,0.000000,6.033284,0.915837,6.108385,0.890091,3.166091,0.303106,3.760204
7.655628,1.286119,0.000000,0.000000,0.000000,0.000000,1.666670,0.000000,3.402918,0.000000,0.000000
0.000000,0.000000,0.000000,5.698722,0.000000,1.659529,5.141872,0.000000,9.757872,0.944167,1.802584
4.268411,9.563074,0.730032,0.000000,2.215345,0.000000,0.000000,0.158694,1.565471,6.634226,7.208218
0.000000,0.000000,0.201305,3.628092,0.000000,0.000000,5.616731,0.236583,4.317620,0.000000,0.092609
0.000000,0.000000,4.285293,0.000000,0.000000,0.841283,0.472569,4.485272,0.000000,2.307229,0.000000
0.000000,0.367058,4.543992,1.831570,13.822435,2.627731,4.538343,3.738740,2.965501,3.694712,15.923079
4.880880,0.000000,0.000000,0.000000,9.923169,2.495419,0.000000,12.824730,0.000000,0.000000,3.620861
10.766377,1.806051,7.570518,2.428334,0.000000,3.148306,4.764680,4.300262,6.703993,3.736389,0.000000
0.813003,0.000000,0.000000,13.108502,0.000000,5.368481,0.503713,3.809576,0.000000,0.000000,1.813254
0.000000,8.132674,0.000000,15.034258,15.555597,0.129075,0.000000,0.970621,5.561213,0.000000,2.922451
0.000000,0.000000,9.259754,3.639206,0.000000,0.000000,0.000000,3.507769,3.199861,0.000000,0.000000
0.000000,0.000000,5.758605,4.158827,4.824606,0.000000,1.623757,0.497995,0.245972,2.618736,2.895213
0.000000,4.158055,9.859842,0.000000,5.790471,3.195684,0.341471,0.000000,4.276134,0.000000,0.000000
3.223721,1.723379,0.000000,4.067525,0.000000,0.000000,1.951117,0.000000,2.504284,0.000000,2.260187
5.750148,7.238306,0.752895,0.000000,0.000000,0.089897,0.000000,3.355337,1.860654,0.000000,0.233021
0.000000,0.000000,0.467059,1.191470,3.841399,0.000000,0.000000,6.481756,0.000000,3.353131,1.506092
0.000000,0.008812,0.000000,0.000000,7.345341,2.099914,10.751721,0.000000,7.572187,0.000000,1.605654
0.000000,1.261669,4.196177,0.000000,0.000000,0.359654,0.000000,3.125399,3.251289,11.477984,0.000000
2.010962,0.588990,0.000000,0.000000,0.000000,1.259718,6.366248,0.000000,12.995141,0.000000,0.000000
0.000000,0.855938,1.849627,8.848450,7.714639,1.149876,4.112548,7.444330,0.000000,18.515512,0.000000
0.000000,0.480801,14.673995,0.000000,0.000000,1.366345,0.736995,5.540228,0.000000,0.000000,11.330924
0.000000,3.228006,1.223976,0.000000,0.399741,0.000000,1.334667,9.486044,0.000000,1.824317,3.965188
0.000000,0.000000,0.000000,0.658241,0.000000,2.159532,3.233482,3.389564,2.076887,0.000000,4.229961
0.000000,0.000000,0.000000,3.849217,3.381227,18.285508,0.000000,8.597345,10.146755,0.000000,6.734497
0.000000,0.834343,1.802242,0.000000,21.483885,0.000000,2.521349,11.344773,19.211212,0.646834,2.087596
0.000000,0.000000,0.000000,0.000000,0.000000,2.318925,4.585106,0.000000,0.000000,1.981850,0.000000
0.968863,0.000000,2.735982,0.000000,6.771438,6.420556,0.000000,0.000000,5.695712,1.243710,0.000000
13.070060,0.000000,2.182585,2.599424,0.000000,2.972831,0.407192,0.000000,0.000000,6.700382,4.903491
0.000000,0.000000,0.393293,3.680352,0.000000,0.000000,1.515745,8.570252,4.819978,6.576772,0.000000
0.000000,0.000000,0.023231,2.785895,0.000000,2.965277,0.000000,22.088280,0.000000,8.865499,0.000000
8.870950,2.112953,0.000000,14.425144,13.699528,0.000000,0.000000,2.326168,0.000000,0.852093,17.227672
0.000000,0.000000,3.035840,0.000000,0.000000,0.350959,3.936695,1.969051,8.846385,7.703321,9.556805
0.000000,0.000000,9.496485,5.094859,17.248705,10.642996,2.155957,0.000000,0.000000,0.000000,0.000000
7.215424,10.558046,0.000000,1.915588,4.732575,0.715273,0.000000,1.107065,10.009437,5.804187,0.000000
0.000000,0.000000,0.000000,11.908901,0.659998,0.000000,21.608046,8.674160,14.481514,0.827002,0.000000
13.174191,5.963259,0.000000,0.000000,0.000000,0.189475,0.766816,5.731334,7.605627,0.000000,5.821487
0.000000,0.000000,0.000000,0.000000,6.262710,3.108795,3.028548,0.000000,0.000000,8.076596,0.000000
0.000000,7.182929,0.000000,6.463991,7.671736,1.739637,4.811112,9.428371,4.054709,1.789672,0.000000
7.344820,0.137653,0.000000,0.770992,0.000000,2.253464,0.000000,22.087568,0.649175,0.666272,2.539524
15.768149,0.564239,0.106817,0.485533,9.583477,2.661584,0.000000,10.719845,2.320988,1.094515,0.000000
0.000000,0.693361,0.000000,1.691369,1.098338,0.173256,0.000000,5.967910,0.000000,10.464562,0.000000
6.206889,4.110640,10.879272,3.787798,0.000000,1.605598,0.000000,6.970601,3.623814,3.327981,9.783784
0.000000,7.486055,2.268689,4.816864,0.000000,0.000000,8.201690,4.516675,0.000000,0.000000,6.437511
0.000000,0.000000,0.053654,1.571048,1.772009,0.000000,2.207520,0.000000,0.000000,0.000000,0.000000
0.000000,0.000000,0.000000,0.000000,0.000000,0.000000,2.985103,0.000000,2.788012,22.378055,0.248262
1.224156,5.239560,2.275140,9.811310,1.519104,0.477082,11.268036,14.653509,8.450586,1.670416,0.000000
1.380656,0.000000,1.274423,0.000000,0.000000,0.000000,0.000000,0.000000,0.000000,2.790888,4.798309
5.256480,0.000000,8.175268,0.000000,0.000000,0.000000,0.000000,0.000000,0.820617,0.000000,0.645933
0.000000,13.943833,0.000000,0.000000,1.408738,2.078492,6.481240,5.858161,0.000000,11.825142,0.000000
2.831959,3.510871,0.000000,0.000000,0.000000,0.000000,3.807478,5.419997,0.769234,3.877799,0.000000
0.000000,5.463925,0.000000,0.000000,9.068590,0.471614,0.003825,6.029994,0.000000,0.000000,2.362137
0.000000,12.343526,0.000000,13.682577,0.000000,9.834982,2.518629,0.000000,0.000000,0.000000,13.832076
0.000000,7.036270,10.830722,0.000000,13.678461,0.000000,0.000000,7.569099,0.000000,0.000000,0.000000
1.579921,12.184797,0.000000,12.180039,14.485067,0.000000,17.849166,4.729242,0.000000,14.672141,0.000000
5.340786,0.000000,0.000000,0.000000,9.557077,0.000000,0.000000,9.170284,9.630609,0.000000,0.000000
0.000000,2.045701,8.509051,0.543223,8.766147,0.466217,0.000000,0.000000,0.000000,1.474309,2.802671
0.000000,5.303305,10.759062,0.000000,0.389832,16.888144,0.000000,1.891598,0.000000,0.000000,0.000000
2.694947,0.000000,3.967979,5.850774,1.405853,0.000000,0.000000,0.000000,3.185448,0.000000,0.000000
9.063702,0.000000,0.000000,3.461074,0.000000,3.284628,2.794030,3.134890,2.020000,1.970741,0.000000
1.281955,8.469202,0.000000,0.000000,0.000000,0.000000,15.102296,1.902904,6.020017,0.000000,4.578082
3.558407,1.644394,2.107864,1.993932,0.000000,6.847541,3.858277,1.844331,0.000000,3.133402,0.000000
2.380307,0.000000,8.072257,11.399574,0.000000,3.832635,0.000000,0.000000,1.477238,2.952215,6.300980
0.000000,0.000000,6.319093,6.920411,0.000000,0.000000,1.523010,0.000000,0.759193,0.000000,8.488309
2.212158,10.663733,0.000000,17.067418,0.590073,0.000000,0.000000,5.453836,1.359268,0.345231,0.723813
0.000000,0.000000,5.543802,5.006315,0.000000,2.881024,6.988581,0.000000,1.211753,8.393195,4.507694
0.000000,1.682509,2.665596,2.500795,1.252872,2.005586,7.645660,4.414515,0.000000,6.235688,0.237299
5.235698,0.000000,0.000000,0.248358,0.533971,0.000000,12.829581,0.000000,3.829028,0.000000,0.000000
3.768719,2.488260,7.506384,0.000000,1.301659,0.000000,1.262203,0.000000,0.000000,1.758053,0.000000
3.248586,0.000000,8.220255,0.638717,3.512008,2.824351,17.349155,0.000000,0.000000,0.000000,0.000000
2.042457,0.000000,0.000000,3.004929,0.000000,3.207645,13.111899,14.816933,6.420526,0.000000,0.000000
0.000000,7.486770,3.998709,0.000000,5.847964,0.000000,1.170268,4.004418,6.114912,3.983465,2.408493
0.000000,0.000000,11.449642,0.000000,2.914493,2.805150,0.000000,7.793845,2.221247,5.476955,2.658844
7.828985,7.688358,0.000000,2.405091,0.000000,0.000000,1.914257,6.831091,7.959500,7.702623,0.000000
1.466990,0.000000,0.000000,0.000000,9.501751,0.932919,4.049572,0.072742,13.020618,6.629465,6.200762
6.562729,0.000000,0.000000,0.000000,4.730234,0.000000,0.000000,1.703843,0.000000,3.076658,0.987726
11.693791,5.138862,4.880045,5.934342,0.000000,2.463099,2.437694,2.926757,0.000000,0.000000,11.645215
0.000000,1.933576,1.317518,0.000000,0.000000,0.701331,0.000000,0.000000,0.000000,0.076793,2.060859
7.198636,3.328132,0.000000,1.148411,2.151762,16.074678,5.060615,13.465616,0.000000,0.000000,0.000000
0.000000,0.000000,0.000000,1.357309,0.794684,0.000000,5.971528,0.000000,0.000000,5.425670,0.000000
6.534815,3.928565,2.281948,6.295341,1.355839,5.097582,2.872971,1.519554,1.418235,1.998513,5.660871
0.000000,8.602501,0.000000,1.225114,0.000000,1.600403,0.549397,5.746721,0.000000,2.575492,0.000000
14.710567,0.000000,0.000000,0.000000,0.000000,0.000000,0.000000,1.346715,0.000000,10.730382,0.778398
3.182858,0.000000,0.000000,0.000000,8.767513,0.000000,4.536597,0.000000,0.000000,0.000000,0.000000
6.200344,10.493430,0.000000,0.000000,0.000000,0.000000,0.000000,0.000000,5.538425,10.183280,9.214288
0.000000,0.000000,7.628114,6.524796,2.833664,0.209938,0.000000,0.655213,0.000000,8.082440,0.000000
5.273366,0.471986,4.552965,0.000000,1.775808,0.000000,0.000000,13.246010,18.556009,0.000000,0.000000
2.563914,4.872758,1.333771,2.703573,0.000000,11.907749,15.683604,2.481233,4.043899,14.360995,4.477643
0.000000,6.325985,0.000000,0.000000,0.000000,0.000000,5.590016,5.608699,0.000000,3.623223,0.000000
7.023713,0.000000,6.886603,0.000000,0.000000,0.000000,0.000000,0.000000,5.351354,0.000000,2.125657
4.720525,1.449126,0.000000,3.359205,1.918614,5.101397,0.000000,0.000000,0.000000,0.000000,0.000000
0.000000,0.000000,2.192101,0.000000,14.145885,0.000000,0.000000,6.192410,1.948529,0.301587,3.353977
3.004842,14.391257,3.006371,2.259542,2.396091,7.480398,5.256074,0.000000,6.071083,5.598265,1.705699
0.000000,0.000000,0.000000,10.704898,3.395868,7.830046,3.580313,2.577431,0.000000,0.000000,0.000000
3.841229,1.704923,0.000000,0.000000,0.000000,3.145152,0.000000,8.872815,0.000000,0.000000,0.000000
12.422179,0.000000,9.559903,0.000000,0.000000,13.715046,5.821475,0.000000,5.607739,0.000000,1.727789
2.424974,0.348965,0.360366,4.269135,10.815687,0.972625,0.000000,0.000000,0.000000,4.115820,0.000000
0.000000,14.949370,10.513411,0.000000,1.476008,0.000000,0.000000,4.547577,15.789033,12.476766,0.000000
0.162272,0.000000,2.756047,1.052950,0.000000,0.000000,2.124657,0.000000,0.000000,4.059725,0.000000
1.164173,3.386750,0.000000,3.779456,1.536825,8.350438,2.373663,18.714805,0.000000,0.000000,0.000000
1.429725,7.981710,3.580752,0.000000,15.582008,4.303211,0.000000,1.914673,14.085588,2.774296,1.399291
5.436158,0.000000,15.985111,3.851085,0.000000,0.000000,0.304948,0.000000,1.668374,6.070924,0.000000
0.000000,2.922938,5.454585,22.962757,0.000000,0.000000,0.000000,14.545524,1.356286,0.000000,0.000000
0.000000,0.941698,2.502669,0.000000,0.000000,0.000000,0.945261,5.553397,6.739281,6.782120,0.069253
0.673748,3.821551,10.568649,0.000000,0.000000,4.793566,11.313578,0.000000,8.762861,22.918582,0.000000
0.665650,4.596292,0.000000,1.318384,12.033555,0.000000,0.000000,0.000000,13.691782,10.295046,0.000000
10.656785,0.000000,17.680557,2.947700,0.000000,8.110146,0.000000,13.931718,0.000000,0.000000,0.000000
19.663256,4.776679,0.000000,0.000000,8.309185,0.000000,15.787595,1.795696,0.000000,5.837204,11.417843
4.289634,1.425917,0.000000,4.804671,5.410905,10.615149,13.237932,3.737117,12.378229,0.000000,16.797592
2.241009,5.664127,0.000000,3.728572,0.000000,4.079427,0.000000,0.000000,10.575601,0.000000,1.279712
0.000000,3.779500,1.403810,6.187528,1.224377,13.016759,7.508946,3.844295,0.000000,7.592415,0.000000
12.270044,0.801461,0.000000,0.000000,3.880716,2.205132,8.132834,4.857260,0.000000,7.817586,3.627108
0.000000,0.590642,7.443673,2.704887,5.482306,0.000000,1.973357,8.278404,0.000000,3.085185,0.000000
3.297485,12.135964,9.912736,0.000000,0.000000,0.000000,3.428052,0.000000,12.043677,0.000000,4.214897
2.233876,2.014906,0.000000,0.000000,0.000000,0.000000,8.544489,0.000000,0.000000,0.000000,22.871779
0.000000,0.000000,1.136771,0.000000,3.049945,0.000000,1.359800,2.330984,0.000000,24.427523,0.000000
2.477593,0.000000,0.000000,0.191384,0.000000,2.550328,3.477834,0.000000,0.000000,1.798915,11.192952
6.174337,0.283164,17.445747,0.000000,0.000000,7.710417,12.528871,11.492438,9.196169,3.942371,7.310021
0.000000,0.562608,6.359069,2.477542,0.000000,5.982471,2.471749,6.804687,0.000000,1.454962,0.000000
0.000000,9.432292,2.226147,12.953716,0.991485,0.000000,0.000000,0.000000,21.729092,5.013601,6.471318
0.000000,0.000000,3.357570,3.061907,0.000000,1.204886,0.000000,5.479634,0.000000,0.000000,1.491098
0.000000,3.906776,0.000000,19.724390,5.425864,2.652222,0.000000,0.000000,0.000000,5.896751,10.881754
15.686321,0.181935,0.000000,10.327813,1.737908,4.639709,0.000000,1.284033,2.186929,0.000000,3.589782
0.000000,1.301392,3.962751,0.000000,2.860823,5.705681,0.000000,10.110919,0.000000,4.993596,0.000000
1.009112,0.230737,10.815680,0.000000,2.301279,0.000000,0.000000,0.000000,0.000000,0.000000,5.668368
0.000000,0.000000,0.000000,0.000000,4.646269,6.014383,14.617998,13.981204,5.975517,1.948342,2.217899
7.568242,0.000000,3.403355,1.963271,8.146873,3.698769,1.029218,5.155765,10.104160,0.166607,3.609814
0.000000,2.067191,3.897257,0.018715,13.728217,0.000000,2.616559,3.388253,4.771265,0.000000,0.108543
0.174331,0.000000,0.000000,0.000000,5.521381,0.000000,7.520268,1.330413,0.000000,6.725554,0.000000
6.820528,0.000000,0.000000,1.459663,6.545146,0.000000,0.000000,0.000000,6.109174,3.677047,0.983412
0.000000,0.000000,0.549183,2.885618,12.798628,1.511960,8.824471,2.354074,0.000000,2.654939,8.683223
0.000000,0.000000,0.000000,0.000000,26.857065,0.000000,0.000000,0.000000,0.000000,2.136857,13.233888
0.000000,0.632275,12.615441,0.684440,0.000000,0.000000,7.535254,5.530085,2.335083,0.000000,3.084421
0.000000,0.000000,0.000000,16.511608,0.000000,13.520892,1.286016,4.508097,5.276208,0.000000,0.376303
0.000000,0.000000,4.570316,1.284792,6.698817,0.000000,2.932447,0.000000,4.220522,5.188476,16.937025
3.535038,3.790859,0.000000,0.000000,0.000000,0.000000,0.465401,0.000000,5.049442,0.000000,1.221530
0.000000,4.304312,3.737003,10.094461,15.667129,4.637623,0.000000,0.815129,2.214907,1.330657,0.000000
0.000000,0.000000,3.735449,10.301041,8.887631,6.118444,1.776950,1.649351,0.000000,0.000000,7.570530
4.795246,0.000000,7.329806,0.000000,0.000000,3.303858,3.710054,0.000000,3.223110,1.995975,0.000000
11.728428,6.137759,2.376379,3.217657,4.994513,1.565301,0.000000,0.000000,1.690936,0.466959,0.000000
0.659949,7.218259,0.000000,6.461955,4.104443,0.000000,2.834210,0.037002,7.993260,0.938198,1.924602
1.731397,0.000000,0.000000,2.799462,0.000000,0.000000,4.312340,11.420704,0.000000,0.000000,0.166644
3.604586,0.724765,0.000000,0.000000,5.620444,0.000000,0.000000,0.000000,6.084260,1.832287,1.690933
1.368841,0.000000,3.505755,0.000000,1.086095,0.000000,10.801502,0.000000,2.807446,0.000000,0.000000
5.993583,3.209680,10.010926,1.328282,0.000000,6.296904,4.878893,5.853765,18.913538,9.312372,8.497729
2.451868,0.000000,2.316060,4.108927,0.000000,0.000000,4.358176,0.000000,1.758860,0.000000,5.291698
0.000000,0.000000,0.000000,2.302892,2.683172,5.052313,7.861559,20.836248,10.149012,0.428693,0.000000
7.319369,4.522302,0.386061,0.000000,0.000000,5.489957,0.000000,0.000000,0.000000,8.108245,23.568570
13.896902,0.000000,0.000000,0.000000,6.221379,0.000000,12.637609,2.819282,2.396491,0.000000,2.899113
0.000000,0.000000,3.462629,2.850953,0.000000,3.535010,1.594191,1.731923,3.527491,2.699900,0.000000
1.943178,2.630109,11.105655,5.190812,5.067152,4.380173,0.000000,0.000000,0.000000,0.000000,5.896165
0.764061,0.000000,0.000000,0.000000,0.000000,11.166883,0.000000,0.654737,15.668164,1.249587,6.818393
0.380335,0.000000,5.819073,23.600494,7.595761,0.687518,3.877159,0.000000,0.000000,2.219713,5.540354
0.608621,3.648077,0.000000,6.134266,1.546576,0.000000,1.036663,4.788738,0.000000,10.910055,1.680794
0.000000,0.000000,0.000000,0.000000,5.856643,0.000000,1.527322,11.485835,0.000000,6.762505,0.000000
0.000000,0.000000,0.000000,7.232176,0.000000,2.912740,0.000000,1.520931,0.000000,0.594455,9.873310
0.000000,4.877002,3.026204,0.000000,0.726426,1.167024,0.000000,0.614064,2.426481,3.256493,3.051973
4.690582,0.000000,0.000000,0.000000,16.743694,0.000000,5.287867,0.000000,2.165042,0.195584,3.097070
3.905328,0.000000,0.518471,4.098088,2.361283,3.199564,9.854249,0.000000,0.000000,2.632001,0.000000
0.000000,0.000000,0.000000,2.364231,3.977592,0.329347,0.000000,1.427843,0.000000,0.000000,0.000000
0.000000,0.000000,0.000000,0.000000,0.000000,0.000000,0.000000,10.373526,0.000000,6.964937,1.169727
9.844191,0.000000,2.485911,2.720270,0.000000,0.000000,3.141137,14.266140,0.000000,2.842449,0.084818
0.000000,7.970718,0.000000,0.000000,0.000000,1.408125,3.525931,0.000000,2.488030,0.000000,2.654701
0.000000,3.855776,7.258755,0.000000,9.535025,0.000000,0.476667,0.000000,0.000000,0.000000,12.829157
0.476357,3.906676,0.000000,10.350348,3.710675,0.965494,3.492753,0.000000,0.000000,3.506469,0.000000
4.783490,1.096404,2.261468,6.701754,4.699677,0.498649,0.000000,11.080985,0.000000,10.665328,0.000000
0.000000,0.000000,7.362378,0.000000,0.000000,0.521154,1.596052,0.000000,2.105683,1.574022,0.000000
1.887506,3.236840,7.304616,1.519890,3.953786,17.654941,10.442545,0.000000,0.000000,5.039438,4.956787
0.000000,0.000000,0.000000,10.455697,11.632783,0.000000,10.021966,2.202665,0.000000,4.061217,0.000000
0.000000,4.504149,4.752746,3.849366,8.534629,0.471453,0.000000,0.000000,1.744759,0.922400,6.739698
0.000000,0.984704,0.000000,0.000000,7.113789,6.201907,4.048299,3.240942,1.761263,0.000000,0.000000
0.000000,0.000000,0.000000,9.693067,1.307880,3.457889,4.591189,2.798125,0.000000,3.521083,0.000000
0.000000,7.340232,0.000000,0.000000,4.911047,1.832062,2.547581,0.199776,0.000000,0.000000,0.000000
10.575442,3.619866,0.000000,0.000000,2.886433,0.000000,13.310042,0.806643,3.057353,7.509311,10.494136
0.000000,0.999927,2.960591,0.372643,1.202133,0.123677,2.390444,5.211933,7.424922,4.729920,0.000000
0.000000,4.811887,1.943081,5.849614,0.318510,0.795708,0.000000,0.000000,0.000000,3.732239,0.000000
0.000000,9.329741,7.734229,0.000000,1.337965,0.000000,7.559095,4.886004,0.000000,4.543854,1.644557
3.470154,3.612665,0.252102,10.950976,5.498964,6.407029,9.532453,0.000000,0.000000,0.000000,0.692753
1.093264,0.000000,0.672141,6.362237,3.272334,0.000000,8.671021,3.261219,0.000000,8.470117,5.479982
0.832355,8.912557,5.483066,5.460538,2.292289,1.329468,4.460928,2.227077,7.914370,4.187035,0.684673
0.000000,5.104513,2.261284,0.000000,1.063558,8.542891,0.000000,0.000000,0.000000,19.670777,4.955829
0.000000,0.315826,6.057428,0.000000,0.000000,0.000000,0.000000,6.759936,0.000000,6.692895,1.608441
0.000000,0.000000,0.000000,0.000000,0.000000,0.000000,11.924658,0.000000,8.695915,4.457800,0.000000
4.911693,0.000000,0.000000,0.000000,4.826096,0.000000,0.000000,5.086059,0.000000,0.413423,0.867308
4.063460,0.000000,1.664567,0.000000,5.484737,0.852689,2.965804,1.261722,5.550206,2.157765,0.000000
0.000000,0.000000,0.000000,0.335550,1.810534,0.000000,0.000000,0.291717,1.947350,6.630208,7.725796
0.000000,8.771616,0.000000,0.963373,0.000000,0.649511,0.000000,0.000000,2.344658,0.000000,0.000000
1.358750,2.535607,8.680614,0.563173,0.000000,0.000000,8.329775,0.000000,0.651856,12.320317,1.410145
0.000000,0.000000,3.558686,4.450525,0.273840,1.030848,0.000000,0.785354,0.244404,0.800522,3.174141
11.183347,6.257280,13.704478,0.000000,8.031748,0.636911,9.750758,2.315935,1.015798,0.000000,1.260064
0.631082,0.000000,3.670523,0.000000,0.219211,8.370111,0.000000,2.776635,2.309722,0.000000,2.184809
1.247579,4.841508,0.370019,2.111091,1.008305,12.718998,5.371796,0.000000,0.000000,1.235967,14.032682
2.349514,0.000000,3.533737,7.120167,0.000000,3.433902,0.000000,0.000000,0.000000,0.000000,1.784837
0.330210,6.787585,0.000000,0.000000,0.000000,5.546515,0.000000,0.000000,0.000000,0.000000,0.436348
7.238187,3.207810,4.729327,0.000000,2.191674,5.360760,1.520056,0.000000,4.054641,0.904621,3.535922
0.000000,0.000000,0.000000,0.000000,0.000000,0.000000,0.000000,0.000000,0.000000,3.596640,4.095927
0.000000,0.000000,0.000000,0.000000,5.149951,0.000000,2.711837,0.117280,0.000000,11.524702,0.000000
5.421784,0.000000,0.586454,7.388623,0.277918,6.012128,2.485358,17.315735,0.000000,0.000000,8.266076
2.687291,9.913771,0.000000,0.000000,0.000000,2.145143,0.000000,0.459922,1.513183,0.000000,0.390897
0.999814,0.000000,0.000000,3.554436,0.000000,2.400563,0.000000,4.083115,0.000000,0.000000,6.674021
0.825068,0.000000,0.737031,3.783729,5.520975,8.894435,0.000000,0.000000,0.359020,0.000000,0.000000
1.858750,0.000000,0.155107,0.000000,1.392066,0.000000,1.935006,2.106801,0.000000,0.716747,0.000000
1.837162,0.000000,0.000000,6.592090,0.000000,8.309009,2.883252,2.827503,9.832195,5.263211,0.000000
0.000000,0.756807,0.000000,0.000000,0.000000,0.000000,0.570698,0.044246,6.253868,0.000000,15.401755
0.000000,8.474150,0.000000,0.000000,0.000000,0.000000,0.451978,5.319585,0.000000,0.312255,0.000000
0.000000,18.992658,1.414814,0.000000,0.000000,0.000000,1.569118,1.364011,0.000000,0.000000,6.055115
0.000000,5.649430,0.000000,0.000000,0.000000,4.748088,0.000000,11.967148,8.174218,3.826044,1.610600
1.320227,8.787703,0.000000,5.503704,3.694510,0.204423,8.038341,5.788626,1.152215,0.000000,7.540361
4.690179,6.188220,0.000000,0.000000,2.996295,1.211097,4.626418,0.591929,0.000000,0.000000,0.000000
3.951009,0.000000,0.000000,0.000000,0.000000,2.761587,0.000000,2.565719,7.731642,5.939141,1.382425
0.133699,0.150880,2.376065,2.906347,6.674551,0.925557,0.000000,0.000000,1.523256,0.000000,6.921139
0.021197,0.000000,0.000000,2.309127,0.000000,0.000000,0.231583,0.000000,0.000000,0.000000,2.699112
0.000000,6.466254,0.000000,1.701805,0.000000,4.223662,0.782894,4.915774,0.521045,0.000000,0.000000
10.050946,2.289544,2.807520,0.000000,2.843886,1.467426,10.397851,1.251279,0.000000,5.865515,2.058780
0.000000,3.314151,0.000000,0.000000,0.000000,8.594412,4.929258,0.000000,0.000000,2.800571,9.900308
1.092498,2.117674,2.272442,9.058092,4.522099,0.000000,1.947355,2.983744,10.030342,0.000000,0.000000
0.372719,0.000000,4.260214,1.794455,0.925303,0.000000,0.000000,4.403455,0.000000,0.000000,0.136510
3.410491,0.000000,2.299278,2.479324,0.000000,1.198109,2.818548,1.830206,4.772817,10.508910,0.824058
2.651721,0.000000,1.279611,0.000000,2.623234,0.000000,1.851930,0.000000,0.000000,3.902666,10.776382
0.340674,3.825959,0.000000,0.000000,0.000000,10.132803,1.052971,3.581108,0.000000,14.223652,0.000000
1.148628,0.406187,0.000000,0.000000,1.570762,1.094914,2.269474,3.441733,0.000000,0.000000,2.055729
0.000000,8.228062,2.045055,0.384576,1.098406,0.000000,1.413453,5.587803,0.000000,0.000000,8.430667
1.493316,0.000000,0.000000,0.377111,0.390393,3.969589,4.448187,0.000000,0.000000,1.607714,0.000000
0.000000,0.000000,5.480323,0.000000,0.000000,0.938280,10.882915,5.198418,3.463721,0.000000,6.651293
0.372073,3.662764,2.083615,3.185823,0.000000,15.995313,0.000000,0.000000,3.029879,0.000000,8.198947
0.000000,0.000000,13.451238,1.498073,3.074973,0.000000,0.671172,0.715302,0.000000,0.000000,8.433801
0.000000,0.000000,11.740445,8.993217,10.162432,0.000000,10.660210,7.401923,9.355905,7.207421,5.889995
1.074689,3.034278,9.769320,2.900679,0.000000,2.543740,1.649892,0.000000,7.418608,0.254557,1.220873
0.000000,4.524603,0.000000,4.162717,0.482600,1.202776,7.334656,0.000000,0.620036,11.271927,0.622343
0.000000,0.000000,2.359629,0.000000,0.000000,0.000000,0.535806,9.846213,0.000000,0.000000,5.735884
0.000000,0.000000,1.966010,3.792879,2.015591,0.000000,0.000000,0.000000,2.804754,0.000000,3.949123
0.000000,1.241265,0.000000,0.000000,0.000000,0.000000,7.893611,0.462027,0.295522,0.000000,0.000000
0.000000,3.875873,2.559406,0.000000,0.587891,0.000000,0.000000,0.000000,1.807070,1.901954,0.000000
2.520226,1.745201,0.000000,0.000000,1.115995,0.000000,0.000000,10.320101,0.000000,8.231187,0.000000
0.000000,5.096410,5.460096,0.000000,3.585698,2.337354,0.000000,0.000000,6.107419,3.906714,0.000000
0.000000,0.000000,0.000000,0.000000,0.000000,2.087447,0.000000,0.084960,0.000000,0.000000,0.000000
0.000000,0.000000,0.000000,0.000000,0.282706,0.000000,0.000000,4.362637,0.611927,0.000000,9.778289
0.000000,0.000000,1.817408,0.000000,5.488567,4.957130,0.000000,0.000000,0.000000,1.508168,9.067124
0.000000,1.256373,0.000000,0.000000,0.800409,2.934776,5.241101,0.000000,0.356432,0.000000,1.018482
7.876507,0.000000,2.066130,0.000000,0.122982,1.944641,0.000000,1.649194,8.494185,1.898610,0.000000
0.000000,0.000000,0.000000,4.315427,0.000000,8.281953,1.556796,7.616793,0.000000,3.363640,0.000000
0.000000,0.000000,4.677711,9.415329,0.335991,1.189987,6.838387,1.138329,7.095072,0.000000,0.000000
9.377527,1.214671,0.000000,0.000000,2.940345,5.785293,0.323491,3.659252,1.364196,0.000000,1.849674
0.000000,0.000000,2.640748,0.000000,0.000000,6.153478,3.816981,0.000000,8.700258,0.000000,2.573356
0.000000,0.000000,3.160085,0.000000,4.019670,0.628856,0.000000,0.000000,0.000000,0.000000,2.609345
0.000000,5.029177,3.705523,3.572952,0.000000,0.349511,0.840175,0.000000,5.961495,0.000000,0.000000
0.000000,4.356569,13.125596,0.000000,1.672693,0.000000,0.000000,0.000000,3.496537,0.000000,7.270778
2.084504,0.244988,2.415031,0.000000,1.938055,0.000000,3.818666,0.000000,0.000000,5.801658,3.227629
0.000000,0.000000,0.000000,8.358075,0.458079,2.530878,0.000000,0.000000,0.000000,0.000000,1.490827
0.000000,1.024455,7.330033,0.000000,0.000000,1.147498,0.000000,0.000000,0.000000,12.587628,2.019528
5.614769,1.956495,4.400130,1.406713,2.287185,0.000000,0.560520,11.789754,11.880705,3.815742,0.000000
2.007523,0.000000,0.000000,6.097326,0.913888,4.120717,0.000000,0.000000,0.000000,0.000000,0.000000
12.149697,4.791728,5.209709,0.000000,0.107069,3.029394,0.000000,11.316114,0.141185,0.000000,0.784050
0.583554,5.956968,4.072168,0.000000,3.800229,16.143401,0.000000,0.000000,0.000000,0.000000,0.180372
1.830715,0.360847,0.901239,0.000000,3.282454,3.875300,6.814217,4.788687,0.000000,0.000000,0.693499
0.000000,0.000000,0.000000,0.000000,0.000000,0.000000,1.517459,0.000000,0.482963,4.471902,0.000000
2.868202,8.319770,4.303866,6.965624,0.000000,0.000000,8.215506,0.000000,0.385711,0.000000,0.873074
6.000681,0.000000,0.000000,0.000000,0.000000,0.453820,0.000000,0.672304,0.000000,0.000000,0.000000
0.000000,8.650445,0.000000,0.000000,1.732719,0.000000,0.679325,4.561550,1.874301,0.033179,0.000000
0.000000,7.654002,0.568429,5.028037,0.000000,7.283211,1.053630,0.000000,3.651249,0.000000,10.449757
0.000000,7.778941,0.000000,2.339261,2.472054,0.000000,1.341689,0.000000,0.434281,3.383262,0.000000
2.940361,0.000000,0.000000,0.744723,0.000000,6.439715,4.549687,0.800940,0.000000,0.000000,3.547800
2.745038,0.848869,0.000000,0.000000,0.000000,4.870343,1.403578,2.222703,0.000000,13.542662,0.000000
0.000000,2.956475,2.981538,0.000000,2.351511,0.000000,0.000000,0.000000,0.000000,5.322697,0.000000
0.000000,0.000000,3.997381,0.000000,0.741596,4.170092,0.000000,0.000000,0.000000,0.000000,0.000000
0.000000,0.000000,2.218896,0.000000,0.995285,1.319371,2.224744,3.716779,2.602400,2.205245,6.504879
5.505074,1.862812,2.090527,2.795628,0.000000,0.160684,0.000000,0.000000,1.844087,0.000000,3.949847
2.140648,1.193227,0.000000,3.726706,0.000000,0.000000,4.426957,0.000000,0.000000,0.000000,0.000000
1.452217,1.960896,0.046859,0.000000,5.932301,14.047444,0.000000,0.776497,9.153883,0.376905,0.000000
0.000000,0.000000,0.000000,0.273155,9.579909,1.863433,2.033792,0.000000,3.536306,2.308555,11.975951
0.000000,9.251334,1.180234,0.302206,0.000000,0.000000,4.699886,6.743580,6.854570,7.914316,2.536457
1.906700,5.797011,0.000000,2.122431,0.000000,7.067793,0.000000,0.951489,3.773205,0.000000,3.623305
0.208208,4.614162,4.542425,4.773945,0.000000,6.397007,1.534486,2.134673,7.393372,0.000000,0.265017
1.091187,1.460300,0.000000,0.000000,0.000000,0.194361,4.413177,5.067918,0.000000,1.555799,0.523036
0.000000,0.000000,0.000000,4.259007,3.520605,0.000000,3.458682,0.000000,0.261143,0.742506,0.588795
0.000000,2.902144,0.839185,0.000000,0.000000,0.000000,0.000000,0.368542,0.216053,0.380009,0.003326
1.743645,2.138169,0.000000,0.000000,2.337588,2.584890,0.000000,0.717942,4.023612,2.812767,0.000000
2.724958,0.322324,0.000000,0.000000,0.000000,9.612751,0.000000,0.000000,3.386084,2.462400,0.082967
0.000000,0.451842,0.000000,0.000000,2.792060,2.329183,0.000000,11.402595,0.000000,2.900612,0.792246
0.000000,3.656219,2.791726,0.000000,3.534231,0.000000,0.000000,5.226545,0.270515,0.000000,0.000000
2.531232,0.000000,0.000000,0.000000,0.000000,1.927537,0.000000,0.000000,0.000000,1.265587,1.811761
0.620185,3.015949,0.000000,0.000000,0.000000,0.000000,0.000000,0.000000,0.000000,0.322100,9.803300
2.841899,1.727717,0.000000,0.000000,1.910580,1.803713,0.095431,2.246625,1.149028,0.000000,1.355585
0.000000,0.000000,2.877520,2.223956,0.000000,0.000000,11.405852,0.000000,0.253177,0.000000,1.358398
6.444740,0.000000,0.000000,9.398324,5.388144,0.000000,0.000000,0.000000,5.180465,0.000000,0.000000
2.202988,0.000000,0.000000,7.081005,0.000000,0.000000,0.000000,1.358373,0.561152,3.492211,0.164552
0.000000,3.042455,0.000000,5.226649,3.401475,0.000000,6.695103,0.719450,0.000000,11.382676,0.000000
4.136336,1.311688,3.763836,6.943480,0.000000,1.964965,0.000000,4.340591,2.303187,0.000000,2.037832
5.779103,3.423599,5.472230,0.000000,0.000000,0.806081,7.311109,0.000000,2.501315,0.000000,0.000000
0.000000,0.000000,0.000000,9.445787,0.000000,0.000000,0.000000,0.000000,2.891915,0.000000,0.000000
2.852091,0.000000,10.734398,0.000000,0.000000,0.000000,0.000000,0.000000,0.000000,0.000000,1.272092
0.963429,17.184680,0.000000,0.000000,6.450212,0.000000,3.241500,0.241322,0.000000,0.000000,0.000000
0.551078,0.000000,5.948728,0.000000,1.724568,0.749289,2.220352,2.778900,8.517480,1.908513,1.630175
0.000000,0.000000,2.944276,1.441725,0.000000,0.266637,0.810923,5.652992,0.000000,3.916372,0.000000
0.000000,0.954580,0.000000,0.000000,0.000000,1.534704,0.000000,4.187515,0.298804,13.338382,2.476322
0.000000,2.372886,0.521293,0.055587,3.999814,0.000000,2.382193,0.832231,2.837083,2.362007,0.000000
9.791291,0.081775,0.000000,2.322263,15.432134,4.389087,0.000000,2.784930,1.927232,0.000000,0.000000
3.995183,1.764458,4.862670,4.093812,11.442422,4.814930,0.578517,0.000000,6.406308,0.000000,0.000000
0.000000,0.137747,0.000000,0.000000,2.703488,3.863150,0.000000,1.653453,6.957973,0.000000,0.000000
4.300033,1.038092,1.060318,0.000000,0.000000,1.537463,0.543307,2.624371,1.804160,0.000000,0.000000
0.000000,0.872830,0.000000,0.000000,1.914438,0.000000,3.439336,2.500410,0.000000,5.627313,0.000000
0.000000,0.000000,3.417519,0.000000,3.372138,0.000000,0.000000,0.685669,8.409468,1.838688,0.000000
0.000000,1.073949,0.000000,0.000000,0.000000,1.373564,0.000000,0.000000,0.387735,0.000000,0.106651
1.866047,0.000000,0.581730,5.114192,0.000000,0.000000,0.000000,3.579649,0.000000,0.000000,0.651275
1.904022,1.375576,0.000000,5.142185,4.101703,15.252059,3.753419,0.366713,0.000000,2.416199,0.000000
4.643903,0.529558,0.000000,0.283782,0.000000,1.540945,0.000000,0.790546,0.000000,0.544385,0.000000
0.242341,4.421517,0.177278,0.000000,0.000000,0.000000,0.000000,0.920841,0.000000,0.000000,0.000000
0.000000,2.076475,4.187127,0.000000,0.000000,0.047528,1.690877,2.388904,0.000000,2.127900,1.102833
2.821329,2.260070,3.329444,0.000000,0.000000,1.531864,1.878548,0.000000,1.677319,4.927475,2.847967
0.000000,3.815117,1.304005,3.034638,0.131180,9.243017,0.000000,0.000000,1.073421,0.000000,0.000000
0.000000,1.856105,2.216989,2.563014,2.060127,0.000000,0.556049,2.019510,0.000000,0.000000,3.974941
7.699613,2.671139,3.928724,0.000000,0.000000,0.000000,5.504572,0.000000,0.639370,0.000000,4.113615
0.000000,0.000000,0.000000,2.239084,0.000000,1.060655,0.000000,0.455017,5.699778,1.735488,0.000000
0.000000,3.630346,0.277044,6.755566,0.949408,10.693463,1.759941,0.000000,5.243446,0.000000,0.461320
0.304403,0.000000,10.756694,0.247549,0.791982,5.576316,0.000000,5.116893,0.000000,1.826515,0.000000
5.086469,0.000000,0.919287,3.930886,0.000000,0.000000,2.679201,0.000000,4.570064,0.819736,8.463597
2.835331,0.000000,0.000000,0.000000,0.983216,4.378212,1.815748,0.000000,3.000062,0.000000,2.191776
0.000000,1.564696,0.500737,0.000000,0.000000,0.000000,0.000000,0.000000,0.863834,0.000000,2.955509
0.000000,0.000000,13.401675,0.000000,4.740201,0.000000,5.368376,6.133559,1.867576,1.826486,0.604693
9.423306,0.000000,0.000000,4.388655,0.000000,0.647612,3.518873,0.000000,0.000000,1.254608,2.413365
2.868186,5.624911,0.290909,5.781679,1.136464,4.586205,0.000000,7.863517,0.000000,0.522674,0.000000
3.727247,0.000000,0.000000,0.000000,1.011157,0.000000,1.517456,6.643486,0.063412,0.324736,4.558027
0.000000,0.663417,3.306274,2.127790,1.253826,0.000000,0.000000,1.716882,0.181019,0.482329,18.050075
0.000000,6.912051,0.532916,2.109636,3.875262,0.000000,2.736669,5.297870,0.000000,0.000000,2.798549
0.574535,0.000000,0.000000,1.817221,0.714197,1.768526,0.000000,5.838754,0.000000,6.056686,0.000000
0.000000,3.052846,2.584590,0.110137,3.937686,0.000000,5.077633,0.000000,3.908093,4.794617,0.000000
0.000000,1.419882,4.287113,1.536349,0.000000,0.869512,1.775724,2.745039,0.000000,0.000000,4.298538
1.118598,1.117619,0.856239,0.239467,1.360461,2.458118,0.000000,5.704415,0.000000,0.000000,0.000000
18.145399,1.765494,0.517158,0.000000,1.638160,0.000000,2.953786,2.552884,0.000000,0.278520,0.195730
2.526534,0.946835,0.518557,0.000000,12.057062,0.000000,4.543268,1.933256,0.000000,0.000000,0.000000
2.573424,5.781329,0.000000,4.203090,0.000000,0.000000,0.000000,0.000000,2.770757,0.000000,0.000000
0.000000,0.000000,2.866983,0.391999,4.196046,2.894071,0.941536,0.307055,0.000000,1.510757,0.000000
0.000000,0.000000,0.706747,0.000000,0.000000,0.000000,12.095792,0.000000,0.000000,0.763157,2.608331
0.000000,2.419328,0.000000,3.358858,3.575894,0.000000,0.000000,3.665732,0.000000,0.335396,0.415695
4.480239,0.000000,0.000000,0.000000,0.000000,4.221837,0.000000,0.000000,0.000000,0.000000,6.816926
0.000000,0.000000,0.953747,0.000000,0.486760,1.426691,0.000000,3.066612,3.051941,1.259525,0.000000
3.380738,4.348413,0.000000,3.650554,0.462796,0.000000,1.667427,4.037877,4.344225,0.000000,0.000000
1.899740,0.000000,0.000000,0.000000,0.000000,1.951927,2.959630,0.000000,0.829493,0.000000,2.542530
3.312989,6.816417,0.000000,0.000000,0.000000,1.113858,6.740000,1.462738,4.618160,0.000000,4.388847
1.246167,0.000000,0.000000,0.000000,1.950542,0.000000,7.583206,0.000000,0.139907,0.000000,2.563394
0.000000,3.023780,2.432982,0.419831,0.000000,0.000000,2.224195,0.000000,2.606559,0.000000,0.000000
2.807243,0.000000,0.000000,0.000000,0.000000,0.000000,0.000000,3.580698,3.721378,2.519201,1.784717
0.000000,7.021533,1.487493,0.000000,0.000000,1.950101,0.000000,0.000000,0.000000,2.126741,2.747389
6.552241,0.000000,0.000000,0.664922,1.255897,0.000000,2.775011,3.213022,1.155507,0.000000,0.000000
2.502038,0.000000,0.026383,6.854217,7.691198,0.000000,0.000000,0.000000,0.452963,3.601039,0.000000
0.000000,2.907977,0.000000,0.000000,4.243994,3.819245,0.000000,0.060210,9.189080,0.000000,0.317722
1.559136,3.183412,1.370432,4.709120,0.000000,0.000000,0.000000,0.000000,0.000000,0.582497,0.000000
3.970261,6.978259,0.000000,0.033060,5.632850,14.636046,4.168308,1.668376,0.000000,0.000000,7.674049
0.000000,0.000000,3.165811,0.000000,0.000000,3.895383,0.000000,0.000000,3.193307,2.166513,0.000000
0.000000,2.629100,0.000000,5.285395,0.495056,0.000000,3.799655,2.581359,0.000000,0.000000,7.969076
0.000000,0.366548,6.223077,8.720831,2.327363,0.000000,5.863248,7.410249,2.826339,0.000000,2.618999
0.000000,1.770163,0.000000,1.987708,5.738578,1.620856,2.316545,0.000000,0.881818,3.334602,5.471656
1.915093,2.138354,0.000000,0.000000,0.097818,5.056042,4.264096,0.000000,1.185484,0.000000,0.000000
0.000000,0.000000,0.000000,2.438671,0.000000,7.443170,0.000000,0.970677,0.022734,0.000000,6.796915
0.000000,0.000000,1.525442,2.547216,0.000000,0.000000,0.000000,0.000000,0.000000,0.000000,0.000000
2.735853,0.000000,0.343813,7.849512,0.000000,0.000000,2.721649,0.000000,1.345394,10.106669,0.802765
3.642677,0.926828,0.000000,0.000000,0.000000,1.107779,0.000000,1.536230,0.000000,3.277370,0.000000
6.328838,0.000000,0.000000,0.000000,1.209573,3.289566,4.882924,5.835572,0.000000,3.999918,2.935453
0.932727,2.347658,0.000000,8.831164,7.934191,6.376529,0.000000,0.062569,14.397478,1.635396,5.300993
0.000000,1.087491,1.132707,0.000000,6.726701,3.191371,0.000000,0.000000,3.434348,0.000000,0.000000
0.000000,0.000000,0.000000,0.380322,0.000000,0.000000,6.497854,8.830472,5.186818,6.182154,0.000000
0.000000,0.000000,2.731107,0.000000,0.000000,0.000000,2.764671,1.625685,0.317292,3.606930,1.015862
20.793133,1.671617,5.621429,0.000000,0.000000,0.000000,0.000000,3.111541,8.098223,6.680242,0.620277
3.119492,0.000000,11.232964,5.559920,0.057849,7.687798,0.000000,8.094288,2.371661,0.000000,2.107988
0.000000,1.219027,0.866825,0.000000,2.264471,0.000000,0.091743,0.000000,0.000000,0.000000,2.738221
5.049517,4.253904,0.000000,0.000000,0.000000,2.095699,0.000000,4.953459,7.423528,0.000000,0.000000
2.551042,0.123393,1.244424,0.000000,0.000000,0.000000,6.901551,0.039799,6.869921,5.170048,10.833862
2.149856,2.771437,12.542913,0.000000,0.000000,0.000000,0.000000,0.000000,3.396319,0.000000,0.000000
0.000000,7.366658,0.000000,0.000000,2.215862,0.000000,10.129085,0.000000,0.000000,0.000000,1.773533
0.000000,0.000000,0.000000,0.000000,0.000000,0.000000,0.000000,2.016402,0.000000,3.715131,0.000000
0.000000,1.153769,0.000000,0.124249,11.663569,3.846833,5.088260,0.000000,0.544061,0.000000,1.937170
0.000000,0.000000,5.543791,1.559750,0.000000,0.000000,0.000000,0.000000,21.380496,7.967633,0.925644
5.821531,2.114472,0.000000,6.223654,6.319273,12.530750,4.820578,5.635217,0.000000,0.670752,2.041142
8.282043,2.122249,6.466245,1.249044,0.000000,0.000000,2.424137,7.080622,7.844162,0.000000,0.354550
0.070967,1.653957,0.000000,0.000000,2.491467,0.000000,0.000000,0.166818,1.032694,0.298200,7.544653
1.605396,1.829532,0.000000,1.777853,0.864732,0.000000,0.000000,5.225283,0.000000,0.000000,0.949371
0.976140,0.000000,0.000000,2.026095,0.000000,1.519049,0.962913,0.212495,7.822662,0.000000,1.806191
1.932636,0.000000,0.000000,2.601909,1.822033,5.582794,2.758253,3.046497,0.000000,0.000000,0.796703
5.592359,0.000000,4.938445,0.000000,0.000000,0.000000,11.927840,6.104684,0.000000,0.000000,1.233139
0.000000,0.000000,0.370236,0.000000,1.574415,2.173461,3.688975,0.000000,16.610028,3.633430,1.569120
8.364438,0.000000,0.000000,0.000000,0.000000,0.000000,0.000000,0.668899,0.000000,0.000000,3.019648
0.000000,0.000000,0.000000,0.552261,1.131820,2.728933,6.930760,13.332210,0.000000,4.671313,0.000000
2.509440,0.000000,0.000000,0.000000,0.000000,3.045105,0.000000,1.799383,7.857915,0.000000,0.000000
9.866414,8.966863,0.000000,0.000000,0.887338,6.757711,0.000000,0.000000,0.000000,0.000000,0.489321
0.000000,0.000000,0.000000,4.864158,0.000000,0.000000,0.000000,0.000000,0.919927,0.000000,0.000000
10.065950,0.529696,5.182787,0.585348,0.000000,0.000000,3.446311,0.000000,0.882754,11.960649,0.343025
0.668496,0.000000,0.943237,0.000000,1.254147,3.209450,1.555261,0.000000,3.414575,0.000000,0.000000
0.000000,2.799671,0.000000,0.000000,0.673817,1.954400,14.317305,0.000000,0.000000,1.759625,5.474175
0.000000,4.537927,15.035972,0.000000,13.838836,0.000000,0.000000,0.692452,5.261044,4.845631,0.000000
15.491670,10.524888,0.000000,0.000000,2.427350,0.000000,0.000000,4.646538,14.514307,4.896827,0.000000
1.194942,8.604710,2.702628,0.000000,2.671689,0.000000,10.248098,0.000000,0.000000,6.120216,0.000000
10.804906,0.000000,7.851984,0.000000,0.000000,6.883166,1.373018,0.000000,2.812595,7.557622,4.505088
0.000000,1.647472,1.814362,0.929119,6.338617,3.994381,0.000000,0.000000,0.000000,0.000000,0.592279
3.472488,4.660411,0.768718,1.144652,3.353419,0.000000,2.966904,0.000000,3.405824,3.150738,0.000000
2.590703,3.230820,0.000000,0.000000,0.000000,1.400576,1.571182,6.069819,0.000000,0.000000,0.000000
3.167509,0.000000,14.132988,2.148074,5.652965,2.998170,12.612641,0.000000,10.087387,2.294557,2.906582
9.898849,2.495139,0.000000,1.492700,5.388545,5.940147,0.000000,0.000000,0.428048,0.000000,0.000000
2.487032,0.000000,0.000000,8.105828,1.692665,0.000000,2.175723,0.000000,0.000000,4.793861,17.888900
3.076990,7.884086,6.346337,0.000000,0.000000,0.000000,0.740480,0.000000,0.251833,0.000000,0.000000
0.000000,2.406428,4.473842,0.000000,2.190887,14.321810,2.271328,0.000000,0.000000,8.825054,0.000000
6.039353,0.000000,0.000000,3.358525,14.384601,0.000000,4.139407,4.695627,0.000000,5.816839,0.000000
0.000000,0.454611,1.118540,2.762493,0.775500,0.000000,0.000000,0.987145,4.566896,0.000000,0.000000
11.867204,7.855081,3.497324,0.000000,3.175566,1.287320,0.714918,0.000000,0.000000,0.488983,4.414883
5.820904,0.000000,0.324573,0.088129,0.000000,13.038255,4.173595,8.443366,0.000000,5.573719,2.287795
0.000000,0.000000,9.025767,0.000000,0.000000,0.000000,0.000000,0.000000,0.000000,1.978175,10.879350
5.336484,8.272687,0.923142,0.000000,1.568094,3.979569,0.000000,0.000000,10.493633,5.219613,6.907469
2.544644,0.000000,4.755724,1.215740,11.394431,0.000000,7.188786,0.000000,3.768500,3.323690,8.418071
2.324736,3.364381,0.000000,10.578219,0.000000,0.797469,0.000000,0.000000,1.772477,0.775373,4.025895
26.170549,1.057153,0.000000,0.000000,0.000000,3.989400,9.259276,7.990783,0.000000,4.824214,6.595534
1.510144,3.833772,1.085944,0.000000,3.527843,0.000000,0.000000,2.614637,0.000000,0.847401,0.000000
0.000000,0.000000,15.326136,10.231085,0.000000,0.000000,0.000000,0.000000,15.020076,5.921680,0.000000
0.000000,1.758849,1.167979,0.000000,0.000000,1.575860,3.387469,3.125296,0.000000,0.000000,0.000000
1.048142,0.000000,7.279320,0.000000,0.000000,2.786864,0.000000,0.000000,0.000000,0.000000,7.392830
0.000000,8.208117,32.603499,12.347709,0.000000,6.183512,12.645600,0.000000,0.000000,0.000000,3.550491
26.090987,2.680075,0.000000,0.617170,0.371956,0.000000,7.192485,1.363359,1.755412,13.849651,6.762417
2.263405,0.000000,0.000000,4.164009,0.000000,1.993052,0.000000,23.080343,4.240125,1.732373,1.121677
1.765647,0.000000,0.290435,0.000000,0.000000,1.561801,3.528234,0.000000,3.558622,2.526593,1.232346
0.000000,0.634052,0.000000,0.734824,12.010690,0.354179,0.000000,0.000000,1.896305,0.000000,0.509453
0.000000,3.000699,4.743303,3.705348,0.000000,4.420904,6.833496,3.918498,1.072448,0.000000,6.166065
12.310799,0.000000,0.000000,3.007305,17.352505,0.000000,9.743693,7.178049,8.163610,0.000000,4.413750
1.491347,2.501777,0.000000,0.000000,0.439780,0.000000,0.000000,2.762696,4.380890,6.819710,0.000000
17.724172,4.458061,0.000000,0.000000,0.000000,0.000000,8.907369,0.000000,1.799950,0.000000,0.000000
11.406213,6.770468,1.977729,2.149573,6.362549,11.293213,3.517055,1.442814,0.578076,3.876223,0.000000
0.000000,0.000000,0.000000,5.971819,10.092340,4.390258,20.046586,2.689658,0.927649,5.435487,0.000000
0.000000,1.175404,1.563770,0.000000,0.000000,0.000000,2.133841,16.145723,13.774440,3.483499,0.000000
1.452799,0.000000,0.000000,0.000000,9.326290,1.310151,0.000000,0.000000,0.000000,0.000000,0.000000
1.630084,0.431325,0.963591,0.000000,1.003374,9.827421,0.000000,8.557675,0.690476,8.357203,7.718617
0.000000,0.000000,6.157816,3.393854,3.402031,0.000000,0.000000,0.000000,0.000000,10.255445,3.501956
0.000000,0.986624,0.000000,0.000000,8.775736,0.000000,0.000000,12.010636,0.000000,0.000000,2.341425
0.000000,6.706855,3.320420,0.000000,2.240636,7.965477,0.000000,1.239587,0.000000,1.372307,6.179687
0.000000,8.083523,0.000000,6.242787,0.158444,0.000000,17.901410,8.703112,0.356930,2.771811,8.721246
0.000000,8.329217,0.000000,2.295895,3.654544,0.000000,0.432740,0.000000,10.697570,0.000000,8.509410
0.000000,1.816770,0.000000,6.552689,2.751553,3.314324,3.479031,0.000000,0.000000,5.879844,10.301943
0.149901,5.567581,0.000000,0.000000,0.000000,0.000000,0.428385,2.217102,22.637442,0.000000,0.000000
14.207846,0.000000,0.000000,4.680628,0.000000,4.988514,0.000000,3.005868,9.495577,0.000000,7.816779
0.000000,7.009628,2.977302,0.000000,3.448347,0.000000,4.212721,0.000000,5.158457,0.000000,0.437062
0.000000,0.000000,10.665338,0.000000,0.686709,16.332293,12.709169,0.000000,1.914113,0.000000,8.340607
0.000000,0.000000,8.059890,0.000000,1.782737,0.000000,0.000000,5.720454,0.000000,6.304979,0.000000
0.000000,17.081369,5.311406,0.000000,2.776350,28.976583,0.000000,4.522257,0.000000,0.000000,5.579848
0.000000,3.431210,0.000000,0.185449,2.750044,0.000000,4.191861,3.615752,9.801928,2.198718,0.000000
24.802884,0.000000,2.558129,2.223923,1.017941,0.708051,0.000000,8.167169,14.556630,0.891667,1.984559
2.471819,11.813119,0.000000,0.000000,7.525056,1.539549,0.000000,0.000000,0.000000,0.000000,0.000000
0.000000,0.972202,9.304627,0.000000,8.808801,0.000000,0.000000,0.000000,4.504391,7.975529,3.278076
0.000000,9.801415,6.422665,0.000000,10.900291,0.000000,1.357482,0.000000,0.000000,0.000000,0.000000
13.063005,13.260302,4.760006,0.000000,0.000000,0.000000,0.000000,3.825762,0.000000,2.285388,0.000000
8.874964,2.262165,0.000000,7.703757,6.131253,0.000000,9.780278,0.538274,0.000000,0.000000,0.000000
3.085205,1.992674,5.071566,8.999791,6.057075,0.000000,5.487034,0.103089,12.273229,0.000000,0.000000
9.569865,21.908606,0.012335,11.600035,0.000000,0.000000,1.629539,0.000000,0.000000,8.101333,5.603995
0.616326,0.506515,0.000000,0.000000,0.000000,2.743663,0.000000,0.000000,13.941678,0.000000,4.687261
0.000000,0.000000,0.000000,0.000000,2.183814,0.229169,10.573209,0.000000,0.000000,14.130945,0.424644
0.000000,2.913713,5.369551,0.000000,5.526277,18.113431,0.000000,8.226525,8.744089,1.357494,3.624525
4.596279,0.000000,0.000000,0.000000,0.000000,0.791732,0.000000,0.438240,0.000000,2.385823,13.944629
4.725063,2.774348,2.799973,3.823975,7.395430,0.000000,0.000000,4.178214,0.000000,5.872766,4.611586
0.000000,0.000000,5.475821,9.811322,0.492018,3.328202,3.352386,17.396634,0.869636,5.774171,3.615368
0.000000,0.000000,0.000000,1.875459,0.845242,2.824362,0.000000,0.000000,3.521971,0.000000,0.260127
0.000000,4.006808,4.996027,11.639387,6.470442,1.061121,0.000000,1.005447,0.000000,7.110826,4.247230
2.212134,0.880957,6.571741,0.000000,0.000000,2.089072,0.000000,5.689724,0.000000,4.600025,6.036154
0.000000,21.541594,5.296986,0.000000,0.000000,0.000000,1.291135,0.000000,0.000000,6.051586,0.000000
0.000000,0.000000,21.043488,0.327108,2.521174,0.000000,0.000000,0.000000,0.000000,9.151877,0.064058
1.734037,0.000000,1.698048,0.000000,1.010157,0.000000,0.000000,0.000000,10.461486,0.000000,0.641226
0.834991,0.000000,0.000000,0.000000,0.000000,0.000000,1.305427,1.641031,0.658916,4.800302,6.406398
1.640241,0.000000,0.569272,6.801389,0.000000,15.131621,0.936856,2.430581,2.160932,0.000000,8.399031
0.000000,0.000000,4.072410,0.550465,0.255439,0.000000,6.065739,14.925329,0.000000,0.000000,8.475639
0.137478,0.000000,0.000000,0.000000,10.375924,6.534286,7.922678,0.000000,0.000000,2.354721,0.000000
2.634376,0.000000,0.000000,0.000000,6.229232,0.000000,0.000000,0.000000,1.216506,3.487872,0.000000
4.212292,3.928369,0.000000,0.000000,4.109574,0.000000,0.000000,0.000000,0.000000,0.000000,10.655684
1.420871,7.611356,22.270415,5.417275,0.000000,4.136284,11.909557,0.000000,4.930379,11.722786,3.840845
7.860227,4.733895,3.203556,10.325939,0.000000,0.000000,0.000000,4.188041,7.647226,2.304420,13.576045
0.000000,0.000000,0.000000,7.441984,3.854611,3.203835,0.000000,0.000000,0.000000,10.829120,0.000000
2.342410,0.000000,3.232351,1.946198,0.000000,4.908093,0.000000,14.216983,0.000000,4.657490,0.000000
1.922963,5.773609,9.113240,0.000000,4.208507,0.000000,1.534875,6.486903,23.965017,8.996634,0.000000
2.217297,0.000000,11.078423,0.000000,8.040914,0.000000,0.000000,8.197559,0.000000,2.502547,0.000000
0.000000,0.000000,4.908602,0.000000,0.000000,0.000000,0.000000,9.240935,4.297538,0.843519,0.000000
0.133725,5.971056,0.000000,0.066571,5.627199,21.726811,0.000000,0.780382,0.000000,0.000000,0.387957
0.606194,0.000000,5.655801,0.000000,7.067160,0.000000,2.131173,5.216806,17.032694,0.000000,3.653815
2.564792,0.000000,0.000000,0.000000,0.000000,4.007385,0.000000,0.000000,5.557600,0.000000,0.000000
5.831448,0.000000,0.000000,5.908747,5.315561,10.295567,0.000000,0.000000,0.000000,7.241880,2.797422
9.744992,0.000000,0.000000,15.833941,5.934163,0.000000,0.000000,5.292967,0.000000,0.000000,8.980180
0.000000,7.644649,0.000000,15.739655,0.000000,0.000000,3.914521,0.000000,0.000000,0.111498,0.000000
0.677297,5.908643,0.000000,4.618353,0.139930,0.000000,0.000000,0.000000,4.270683,0.000000,3.059360
0.000000,3.975471,0.000000,0.000000,0.000000,8.711252,0.000000,0.000000,4.911939,1.656076,7.434865
0.861788,2.382065,2.914276,0.000000,1.637864,4.926953,0.000000,13.296243,17.516364,9.848898,0.000000
0.000000,0.000000,0.000000,1.405827,7.538325,0.000000,0.000000,5.932128,3.552313,5.592191,0.000000
0.000000,3.860754,1.919969,0.000000,7.183966,0.000000,0.000000,16.708389,3.016291,0.000000,0.613537
0.000000,0.000000,1.626902,0.000000,0.000000,0.000000,0.000000,0.590430,4.341321,0.022999,0.000000
0.000000,0.000000,0.000000,0.000000,0.000000,1.484117,9.120623,0.000000,16.922679,0.000000,0.000000
0.000000,2.144500,11.938445,0.000000,0.000000,5.677722,2.647646,5.005601,1.148411,0.233344,4.078583
5.574030,0.000000,0.000000,0.000000,0.000000,1.526331,8.943515,0.000000,16.159998,0.000000,0.983497
0.000000,0.214818,8.589723,0.000000,1.510325,0.000000,6.452225,2.267233,0.000000,0.000000,3.188254
0.000000,0.000000,0.000000,7.212551,4.103010,2.281827,6.931934,0.000000,0.000000,0.000000,0.000000
0.000000,0.673405,2.558186,0.757433,0.000000,0.751865,1.148285,2.099949,0.000000,24.283186,7.742384
3.390194,3.609044,13.222069,0.000000,3.179042,14.770762,0.000000,1.196500,1.674557,0.000000,0.599645
5.448583,0.000000,3.078534,3.978406,3.899219,0.000000,0.000000,0.000000,3.809841,4.302623,3.114843
0.000000,0.000000,5.648787,5.271195,0.000000,1.807388,0.000000,3.129204,0.000000,0.000000,0.000000
11.329654,0.142344,7.980036,0.000000,2.136553,1.617140,7.018709,2.736990,2.711914,0.000000,0.000000
2.283065,3.274527,0.000000,0.000000,0.000000,1.219955,0.000000,7.825081,0.000000,0.000000,0.000000
0.000000,5.381460,2.713811,1.490402,0.000000,0.000000,0.495875,0.000000,2.122626,3.629216,0.000000
18.405636,6.845118,0.000000,0.000000,3.432584,7.907342,0.000000,11.879559,9.186907,0.000000,0.000000
3.893276,3.991992,0.853554,0.459848,9.398678,4.227146,0.000000,5.586970,0.000000,0.000000,0.000000
0.000000,9.401114,0.000000,0.576820,5.978232,1.473708,6.800533,1.573854,0.547353,1.865217,0.000000
0.000000,0.000000,2.074444,1.057655,4.205671,0.000000,0.000000,0.000000,1.321440,0.000000,12.343197
0.000000,0.000000,0.000000,7.900139,10.493784,12.219665,0.000000,7.367874,0.000000,1.733645,0.000000
0.000000,0.344674,0.000000,0.000000,0.000000,0.667360,4.832571,0.000000,0.000000,4.884733,3.178574
0.000000,9.335136,2.311995,0.000000,0.000000,0.000000,0.000000,3.938883,0.000000,3.231214,15.625005
5.667516,0.000000,0.000000,0.000000,3.951180,0.000000,10.894840,12.450602,9.075991,0.000000,0.000000
0.000000,0.000000,22.504345,0.000000,7.566334,1.153899,0.000000,5.480466,3.687727,0.000000,4.100130
0.840705,2.364137,3.250692,0.000000,0.000000,0.000000,1.015928,10.977158,0.000000,2.799217,15.199322
0.000000,0.000000,1.531049,8.057298,0.949609,0.000000,0.000000,9.484029,0.000000,2.846208,3.155064
7.240926,0.000000,4.858786,2.904464,0.551929,0.000000,4.520386,4.865351,0.000000,16.326209,0.000000
0.000000,0.000000,15.603058,4.060318,2.893372,6.999883,0.000000,10.340215,0.000000,5.193046,0.000000
2.798913,0.000000,0.460449,4.424008,0.897337,6.551349,1.622103,4.727630,0.000000,10.072019,6.746153
4.734888,17.581574,0.000000,5.586159,0.000000,2.878091,0.000000,3.203465,0.000000,4.399889,10.466938
0.000000,0.000000,3.837988,0.000000,9.574085,0.000000,0.000000,0.000000,0.000000,10.370874,0.000000
2.578341,0.000000,0.295382,0.000000,0.000000,0.536683,6.399477,0.000000,8.179627,0.000000,10.538164
0.000000,0.000000,0.000000,6.390519,0.000000,0.755771,0.000000,0.000000,0.000000,0.000000,0.168480
6.697127,9.057832,6.603912,0.000000,0.000000,8.262766,0.322483,0.000000,0.000000,1.321876,9.472827
4.381366,2.040683,4.622154,2.862947,0.000000,0.849508,11.148776,16.043479,0.000000,0.000000,7.031480
10.613856,0.000000,5.953004,0.000000,0.000000,0.000000,0.905051,0.000000,0.353447,3.130890,0.000000
0.000000,1.921904,5.297094,3.916910,4.946792,5.680557,0.000000,0.000000,3.646286,1.452747,4.279188
0.000000,4.446098,0.000000,0.000000,5.434326,1.004220,0.000000,0.000000,0.000000,0.996635,2.968494
7.474763,0.000000,0.000000,0.000000,0.000000,1.991706,0.000000,10.375552,12.807899,2.591347,0.000000
2.613019,10.080070,3.064312,0.000000,1.928308,2.681947,0.000000,0.000000,0.000000,0.000000,0.000000
0.000000,3.540102,0.000000,0.000000,0.000000,1.581276,6.932331,0.000000,3.573984,0.000000,2.292262
0.000000,0.000000,0.000000,2.743741,12.521868,12.766367,2.126775,1.891063,7.341680,0.000000,0.000000
0.000000,5.040370,7.165284,7.867234,3.209637,5.346715,4.782183,8.154957,0.000000,1.018614,0.000000
0.000000,1.159237,19.466889,1.853025,0.000000,11.273384,0.000000,0.000000,0.000000,0.000000,0.000000
1.643883,0.000000,0.000000,3.831369,0.000000,0.000000,2.540907,7.489610,2.804195,1.170710,7.114034
2.558103,5.330398,0.000000,5.293533,0.000000,0.000000,0.000000,0.000000,6.166208,4.617026,0.736869
0.000000,2.241193,6.277546,2.447659,7.118617,2.102812,0.145497,1.741220,0.000000,3.669497,0.977272
7.517890,12.689325,5.015464,0.000000,6.940052,0.000000,2.450132,14.492038,0.000000,0.000000,15.046536
1.456477,15.141697,0.000000,0.000000,0.000000,5.999065,15.303135,0.000000,5.610263,0.000000,0.000000
7.003429,11.429265,1.650363,8.893254,0.000000,3.089197,7.150924,3.120754,0.000000,2.042712,2.624532
3.742274,1.906264,3.881293,0.000000,1.962818,0.000000,0.000000,7.204108,0.000000,5.200216,1.707142
0.000000,0.000000,1.740423,2.830724,0.000000,0.000000,0.000000,0.000000,2.192741,0.000000,0.000000
0.000000,0.976959,0.000000,26.572681,2.008444,0.000000,2.765216,0.022280,4.092974,0.000000,4.233107
5.585105,7.177584,13.113785,9.234503,4.331098,1.070529,0.000000,2.163538,1.926522,1.804092,4.563115
0.000000,3.142785,3.495243,0.000000,13.216501,5.625512,3.674871,0.000000,0.000000,0.363879,11.004748
0.177253,2.294116,7.026769,14.955636,0.551828,0.000000,4.437780,4.372738,0.511107,0.259450,0.000000
5.990503,0.000000,0.000000,2.300302,3.874117,5.162825,2.404982,1.140459,2.041198,0.402169,1.267089
0.000000,1.898149,0.540042,0.000000,1.817559,0.000000,0.000000,0.000000,0.000000,4.254756,0.000000
0.560010,2.423458,0.000000,1.610451,10.961780,0.000000,0.358351,0.219155,0.218358,7.608625,7.050775
0.000000,0.000000,0.000000,0.000000,0.000000,1.301789,0.507681,0.000000,0.000000,0.000000,0.000000
0.000000,3.112702,0.000000,6.909898,0.849793,7.854036,0.000000,0.000000,8.536026,0.000000,0.000000
1.305872,1.571650,0.000000,0.000000,9.380247,0.000000,0.000000,11.347870,0.000000,2.013731,4.698511
8.170722,0.000000,0.000000,2.359641,1.411133,0.145783,10.533035,7.097174,9.913751,4.812274,0.000000
3.279045,14.527032,1.152028,3.823284,0.000000,0.000000,8.056929,13.310765,0.000000,0.000000,1.673633
0.729076,0.000000,10.433164,9.497495,0.000000,4.199705,3.666245,6.322613,0.000000,11.617361,1.907579
0.000000,0.409436,3.106516,0.000000,0.000000,0.000000,0.000000,0.402101,0.000000,9.922133,3.488980
0.000000,0.158438,0.000000,0.000000,0.000000,0.000000,1.411571,0.000000,3.870587,0.000000,0.000000
0.875617,0.000000,0.473172,0.000000,0.000000,0.000000,0.849359,1.796312,0.000000,0.000000,0.244277
8.839736,0.000000,0.000000,0.000000,6.221818,5.679076,2.480751,0.212859,3.617080,5.871395,1.119253
0.000000,17.274762,0.000000,0.000000,16.566730,7.803862,2.680110,0.000000,5.024609,7.380854,9.561763
1.214682,3.893549,0.000000,0.000000,0.000000,0.939073,7.861005,3.346761,1.804763,0.000000,1.988475
0.000000,0.496317,3.278012,5.117030,3.460912,2.021477,0.000000,0.000000,2.075016,0.000000,2.435727
0.000000,1.181276,3.416975,0.000000,0.815699,0.000000,0.000000,0.702023,1.716272,1.875429,0.000000
0.303093,0.000000,17.104484,0.000000,4.299940,0.000000,1.201045,0.000000,8.380115,0.000000,9.510763
3.405324,0.000000,9.318523,5.236777,4.989269,2.682292,0.000000,5.375587,7.962791,0.542648,0.000000
0.000000,0.000000,0.000000,0.978254,0.000000,13.084283,2.804660,0.000000,0.000000,0.224531,0.000000
10.175661,2.127071,5.225277,7.155566,0.912461,0.000000,6.289917,0.000000,0.000000,0.000000,2.326586
0.000000,2.216624,4.584004,0.000000,0.000000,0.000000,0.267081,4.761688,0.000000,0.000000,5.099946
0.000000,0.000000,0.000000,0.092265,0.000000,4.161233,0.000000,1.905338,6.139751,0.000000,0.000000
0.000000,0.000000,1.365241,0.000000,4.477893,0.000000,6.635859,10.005331,3.677661,5.032156,1.554549
0.000000,2.129361,0.000000,0.000000,2.517180,2.899198,7.019451,7.865973,0.000000,9.133170,5.512900
0.000000,0.946836,0.000000,0.000000,0.335031,0.000000,6.601157,0.000000,0.000000,2.731646,0.000000
6.899568,1.305051,0.000000,0.000000,2.346465,6.851904,21.602500,0.000000,3.884512,4.222091,3.872357
6.289445,0.000000,0.000000,0.000000,4.138920,0.354779,0.000000,0.000000,0.000000,0.000000,3.271257
8.239976,1.273929,0.000000,0.000000,0.000000,0.000000,0.000000,0.981098,0.000000,0.000000,0.000000
0.000000,0.000000,3.072579,0.000000,0.000000,2.468198,4.925881,0.000000,5.768015,2.823138,6.921600
0.000000,0.000000,0.000000,0.000000,0.000000,1.993365,0.000000,5.857338,0.000000,3.434969,0.000000
0.000000,0.000000,0.000000,0.000000,0.000000,2.562886,0.000000,0.000000,3.157754,5.213244,0.882814
0.000000,0.000000,0.000000,6.246399,2.162261,0.000000,0.000000,0.000000,0.000000,0.000000,0.000000
1.803985,1.013485,4.001657,0.000000,0.000000,0.000000,0.000000,1.998211,3.367051,2.758652,0.000000
4.444874,0.000000,1.259667,3.609326,6.000641,0.000000,0.308699,0.882946,0.000000,0.000000,0.000000
2.408474,1.277075,2.700759,0.784375,0.000000,0.000000,0.095965,3.185468,2.414824,2.299197,4.478356
11.940861,0.000000,2.809080,0.000000,0.000000,0.000000,0.387872,3.437993,0.000000,3.600152,6.673302
0.000000,6.605585,1.614139,8.173810,0.672502,1.798558,1.956566,1.880505,8.437020,2.119511,6.041697
0.000000,0.000000,2.839499,0.000000,1.406405,7.363326,6.541409,0.000000,8.714926,0.000000,0.000000
2.396877,0.000000,0.000000,11.663523,0.000000,1.698284,1.880715,0.000000,0.000000,0.000000,5.178038
0.000000,0.000000,0.000000,0.000000,0.000000,0.000000,0.000000,4.078704,0.000000,2.302253,5.964695
0.000000,1.998848,0.404859,0.000000,0.000000,0.000000,1.246499,0.000000,0.000000,0.366167,0.000000
1.022112,3.903075,0.992821,22.792658,1.241832,0.988351,0.767298,1.020113,11.621325,2.811434,1.181613
1.658002,4.964246,0.000000,0.000000,0.000000,0.000000,0.000000,0.000000,0.000000,1.732715,5.919366
0.340502,1.207570,0.000000,0.000000,1.794367,2.579474,0.000000,3.253531,5.943745,0.000000,7.511553
4.806525,1.429520,11.081278,0.000000,2.245825,0.000000,0.000000,0.000000,1.905765,5.285054,0.701422
0.000000,0.000000,2.619421,0.000000,7.136521,8.836775,0.000000,0.000000,1.284698,0.000000,1.169270
4.059388,5.206727,0.000000,0.000000,0.000000,2.321340,3.249799,1.717494,0.000000,0.000000,0.000000
1.307805,0.000000,0.000000,0.000000,0.000000,0.000000,9.438432,0.000000,0.000000,2.732109,9.247058
0.000000,3.626754,3.693288,0.000000,3.585201,0.000000,0.000000,0.000000,2.168984,6.483185,0.429833
2.164601,0.000000,5.197588,0.000000,6.430094,6.628894,3.656439,0.000000,0.000000,0.000000,16.007223
2.388681,12.188947,0.356307,1.580794,0.000000,0.000000,1.926896,0.000000,1.915204,0.000000,4.716749
6.418352,7.320107,0.675318,2.310884,0.426537,0.000000,1.408728,3.951021,5.380610,0.268509,0.000000
1.541388,2.458695,1.492127,2.526662,0.489796,6.045801,2.395433,0.000000,2.616408,0.000000,5.597493
0.000000,0.000000,0.847338,0.000000,4.617006,0.000000,3.276473,1.053395,0.447748,0.000000,1.819322
0.000000,0.612489,0.000000,5.024849,0.000000,0.000000,0.000000,0.689624,2.998163,0.000000,6.442525
4.676035,1.175840,4.462229,0.000000,3.301695,0.157412,0.000000,0.156172,0.000000,0.000000,6.870395
0.000000,0.831762,0.000000,0.288038,2.971402,12.951259,8.160846,4.136988,0.000000,4.911598,0.000000
0.000000,0.000000,4.151870,0.427116,0.683840,13.327229,2.330422,4.895331,4.937505,9.835658,0.000000
0.000000,0.000000,2.268923,3.206324,3.670541,0.000000,0.806816,0.000000,0.493752,0.000000,0.580585
0.000000,0.000000,1.535708,4.346863,3.579156,0.030672,0.000000,6.648078,3.951053,12.223364,6.102045
0.220593,0.000000,1.012814,0.000000,0.000000,0.000000,0.389838,0.000000,4.948965,0.223848,2.761946
0.777456,0.000000,0.000000,4.578477,0.000000,2.089761,0.102489,6.913114,0.000000,8.907525,8.941981
18.915783,0.000000,0.000000,3.661738,8.084457,0.184432,0.000000,0.000000,11.685932,0.000000,0.000000
1.253619,0.000000,0.329189,0.000000,1.303623,4.979744,0.000000,0.000000,0.614275,0.320131,1.256023
4.387756,0.000000,3.534853,3.831330,3.332298,0.000000,1.341849,2.768885,0.381677,0.690343,0.000000
0.863243,0.000000,3.295558,0.000000,0.000000,0.000000,3.276534,0.000000,0.000000,0.000000,2.207747
8.666610,0.000000,5.700370,0.000000,2.736376,0.000000,6.331482,3.010963,1.113556,6.659486,0.601550
0.395623,0.211152,0.203791,5.064252,0.000000,0.000000,1.633476,0.000000,0.000000,1.969799,4.654844
4.767127,5.867981,0.000000,0.000000,4.001521,2.583017,0.000000,0.000000,0.000000,0.036077,0.000000
11.196877,0.000000,4.918085,0.000000,0.669278,3.474195,7.013359,7.465428,4.522171,0.000000,1.720202
1.108068,0.000000,0.000000,0.000000,0.000000,0.000000,0.000000,0.000000,0.000000,0.000000,0.982723
0.483871,1.406468,2.176839,1.426182,0.764885,1.653733,13.251863,0.000000,6.421916,4.520219,0.128052
0.000000,8.502642,0.454962,0.000000,4.200348,0.623999,0.000000,0.000000,0.827812,0.545864,0.422112
2.572664,0.000000,7.561653,3.251692,0.000000,0.000000,1.020546,7.896394,0.000000,0.000000,0.000000
0.000000,2.145194,0.378030,1.706712,0.000000,1.047713,0.000000,0.000000,0.000000,0.000000,1.784269
0.000000,0.000000,0.000000,15.011416,0.000000,0.000000,0.000000,0.044966,1.331220,0.436856,0.000000
0.000000,2.683775,8.760566,4.677536,4.710923,0.000000,6.330738,2.489291,1.609008,8.330266,0.000000
0.000000,0.000000,0.000000,4.258812,0.000000,0.000000,0.000000,9.808095,0.000000,0.000000,6.920421
2.757999,2.379406,0.000000,4.715643,0.000000,0.000000,1.367695,12.385279,0.000000,0.000000,0.000000
4.227480,0.000000,0.000000,0.000000,0.000000,6.150371,0.000000,2.399566,1.791863,5.533638,0.000000
1.009111,0.000000,0.000000,1.747751,0.000000,0.000000,2.683004,4.249198,0.514496,0.000000,2.682482
0.000000,1.077423,0.000000,0.000000,0.865409,8.613669,2.925783,0.000000,0.791674,0.430355,0.000000
0.000000,0.000000,0.000000,0.421152,0.690882,0.000000,0.000000,0.000000,0.000000,4.338122,0.000000
0.000000,2.913639,2.067011,0.424215,14.245512,0.000000,0.000000,4.110886,10.861541,1.600702,0.000000
0.000000,0.000000,0.000000,0.000000,0.000000,4.959686,0.183374,3.019589,0.000000,1.029544,0.806698
2.508013,4.942647,0.207565,3.860934,5.746267,3.313950,1.595201,0.000000,0.232747,3.488575,0.000000
0.000000,1.025344,10.247346,3.671140,2.209449,2.743356,5.134915,9.548388,5.208461,1.259179,0.000000
1.157379,0.000000,2.053835,13.793930,0.000000,5.540880,1.773619,5.586208,9.855134,3.562161,0.000000
0.000000,0.000000,9.638172,0.000000,0.000000,0.000000,0.000000,0.000000,1.528246,0.000000,0.000000
7.769788,0.000000,0.000000,0.000000,1.633981,0.769306,0.158915,0.000000,1.915003,0.712179,0.000000
16.277104,3.520482,4.395941,0.372590,0.050269,0.000000,0.690337,0.344241,5.219068,0.077989,0.727086
0.000000,0.000000,0.000000,0.000000,0.000000,2.587267,0.764175,4.685965,0.000000,0.000000,0.547833
5.576318,5.161584,0.000000,2.011014,4.183968,0.560374,9.237140,8.956663,3.722032,0.000000,4.817936
12.799465,0.000000,0.000000,0.000000,0.000000,0.000000,0.000000,0.000000,0.000000,0.000000,9.235934
1.667368,3.463171,0.000000,1.240417,1.938149,4.201989,1.922478,9.179787,0.000000,0.506203,1.398098
0.145319,0.000000,1.239381,1.039188,1.935146,0.374484,18.657237,0.000000,1.497653,0.000000,0.000000
4.205741,2.095694,0.000000,0.000000,0.778759,0.911138,0.000000,1.265698,0.000000,0.000000,0.000000
1.525549,3.665046,1.519030,6.874313,3.190034,10.489072,0.000000,0.000000,3.534812,0.878595,5.039091
5.003328,4.710070,1.082770,2.136418,7.311599,5.352687,0.000000,0.000000,0.877979,0.000000,2.104013
0.000000,0.000000,1.391786,11.665101,4.709787,2.709576,0.000000,2.124018,0.000000,0.000000,2.385603
0.000000,0.413882,0.396776,3.307501,0.000000,6.660966,2.834287,0.000000,0.747661,0.548337,0.000000
0.000000,0.629381,1.617045,2.356772,1.055767,1.791404,0.967320,0.000000,1.307982,0.000000,10.479027
0.000000,0.000000,0.000000,7.270257,0.000000,0.000000,0.333065,0.000000,0.000000,0.362907,0.000000
0.000000,0.000000,0.000000,1.853855,0.000000,2.316507,1.676945,1.824254,0.000000,0.000000,0.000000
1.284472,4.909699,0.000000,0.154281,2.575257,0.000000,3.051008,3.526087,1.920924,0.000000,0.882380
0.000000,12.916102,1.512281,6.555166,4.763445,8.775757,4.235508,4.770468,0.000000,0.712639,0.000000
4.011649,0.000000,2.147877,0.000000,0.000000,0.000000,0.703872,0.000000,0.000000,0.482013,0.000000
2.524042,0.000000,0.000000,5.044158,0.000000,10.038713,11.418954,2.686206,0.000000,0.480801,6.829552
1.465660,3.395696,0.743460,9.479516,4.472490,1.267518,6.407116,1.121513,0.000000,0.000000,0.000000
12.860502,0.000000,0.000000,0.523399,6.227585,0.000000,0.464558,6.953493,1.758961,0.000000,0.191473
5.782936,0.000000,0.277527,0.000000,3.494065,0.000000,0.219019,2.027368,0.000000,0.015892,1.336296
0.000000,0.000000,6.749629,2.277444,0.000000,6.724665,7.649856,3.485757,9.494554,0.618507,5.770966
1.971937,3.084485,1.882280,0.000000,0.000000,3.246505,0.932781,0.354964,0.000000,1.196867,1.486560
2.532441,1.411082,1.848943,0.000000,0.000000,1.723979,4.089827,0.000000,0.000000,0.000000,7.580496
0.616746,1.200056,1.593435,3.380698,7.245966,0.000000,4.178862,0.000000,0.000000,0.000000,2.294163
3.176965,0.000000,1.619619,0.000000,0.000000,0.000000,10.753551,0.000000,5.698814,10.386445,3.879424
0.913743,2.509140,1.418313,2.168655,1.012471,3.231870,1.284947,0.000000,0.626167,5.518239,0.000000
0.000000,0.000000,1.013981,1.049552,8.805190,0.000000,2.591281,1.784966,0.000000,4.898112,0.000000
2.348009,0.349427,3.919287,0.523480,0.000000,1.244926,1.821212,0.000000,1.811909,0.000000,0.000000
3.596943,0.998549,4.184034,1.236354,0.000000,0.000000,2.803860,0.182496,4.678604,0.000000,3.243247
0.000000,7.567056,14.099394,4.611697,0.000000,0.017093,1.984846,0.000000,0.000000,0.000000,0.000000
5.754705,5.024538,2.747770,3.339076,4.444374,0.830684,0.000000,1.583195,0.000000,0.698605,18.803717
0.230841,1.669394,5.315628,0.571938,5.479722,1.248298,0.574053,2.431551,0.119678,0.000000,0.000000
0.000000,0.890441,5.633887,0.665247,0.000000,4.355429,0.500744,10.949487,0.000000,1.011348,0.000000
1.504184,0.000000,0.000000,0.000000,3.039086,0.000000,2.105993,2.048683,0.000000,4.227150,0.000000
13.275896,0.000000,0.805703,1.852319,4.499937,0.451838,7.820625,0.000000,0.000000,0.000000,0.501266
0.000000,0.000000,0.000000,0.000000,0.000000,0.820925,0.000000,0.000000,0.679511,2.203907,0.000000
1.671765,1.550568,1.829889,2.307238,0.000000,0.930184,0.230551,9.642419,0.833137,4.853467,2.343443
3.534615,0.000000,0.000000,1.564586,2.662601,0.000000,2.130718,2.608002,0.120659,0.000000,0.000000
0.000000,0.709220,3.463251,0.000000,0.411633,3.441608,0.000000,0.055380,1.583776,0.000000,0.670028
2.557608,1.924792,0.000000,1.775725,3.212221,2.909320,4.126786,0.000000,4.820550,1.039420,4.016634
4.952150,0.000000,2.865344,0.642350,0.000000,0.000000,0.000000,0.000000,5.687797,3.210998,0.000000
0.000000,0.000000,7.454257,6.128458,3.244530,0.000000,1.589743,0.333064,1.078264,0.000000,0.000000
0.000000,7.136098,1.456578,1.186626,3.755397,0.002907,6.852065,1.294705,0.000000,0.000000,2.665217
1.727162,0.000000,0.919853,1.259134,6.225068,1.759589,1.497810,0.000000,3.736218,0.410020,0.000000
1.813615,0.265478,4.937632,0.000000,0.283136,0.000000,5.807080,1.315468,6.806151,3.441176,0.854622
0.756857,0.379511,0.000000,0.734280,0.000000,1.298081,0.000000,6.665461,2.340714,0.000000,2.424015
0.000000,0.231240,0.000000,0.000000,1.482271,0.000000,0.000000,1.265937,0.000000,1.273900,0.000000
0.511348,0.474800,2.025327,1.656081,0.000000,1.671196,0.000000,0.299968,4.581612,0.000000,4.261929
8.306817,1.283542,2.222262,12.359378,0.000000,0.000000,0.000000,0.000000,0.000000,2.980689,0.000000
1.628779,7.639437,0.000000,1.051781,0.000000,0.000000,3.869271,0.000000,8.232644,0.000000,0.000000
0.000000,0.000000,1.844195,0.000000,0.000000,0.000000,7.528205,0.000000,0.000000,0.000000,4.511830
1.893364,0.000000,2.673718,0.000000,0.000000,2.810074,0.352535,1.234140,2.732835,3.476682,2.378463
0.000000,0.720340,0.000000,0.000000,0.000000,10.194601,5.482603,0.000000,4.793361,12.332678,0.000000
0.000000,0.000000,0.000000,0.722965,0.000000,10.596730,1.993616,5.108324,0.000000,4.080192,0.000000
4.391419,0.000000,0.972602,0.667846,0.000000,0.991790,0.000000,0.555300,4.931320,0.053513,0.000000
0.000000,4.168067,0.000000,0.000000,0.000000,0.000000,4.055853,0.000000,0.024973,2.995946,1.675068
1.384195,0.000000,2.243174,0.149469,0.795536,6.930841,0.000000,0.000000,3.226188,0.234039,2.240689
5.552454,1.566128,0.000000,0.000000,0.945301,0.000000,0.000000,3.176788,6.983469,0.000000,0.000000
0.446531,0.981078,1.454890,2.868217,0.000000,7.833613,0.000000,0.000000,0.000000,3.175631,2.971719
0.000000,12.564549,0.000000,0.000000,1.150173,1.178938,0.000000,0.000000,0.000000,3.628326,0.000000
0.088782,2.013761,3.161564,2.797118,0.000000,0.000000,0.000000,2.632016,4.978395,0.000000,0.000000
0.000000,0.000000,0.000000,1.231301,2.151127,0.000000,0.097788,0.000000,2.309729,0.000000,4.738462
2.961434,2.403524,0.515564,0.000000,0.000000,1.910317,0.000000,0.000000,0.371445,0.000000,0.000000
4.104248,1.312374,0.639977,0.000000,0.000000,0.000000,6.169996,1.065673,6.232883,0.000000,1.435080
3.190105,9.612378,0.000000,0.000000,0.000000,0.634732,0.078905,2.934628,0.000000,0.000000,0.702042
2.887595,0.000000,0.000000,7.777480,1.017669,1.292008,0.000000,2.347803,5.307149,5.789050,0.000000
0.000000,0.440793,0.000000,5.655081,6.378253,0.728491,5.518020,4.372286,6.763976,4.905038,4.175505
2.116838,5.948473,0.464238,5.208613,0.795947,0.000000,0.000000,0.000000,1.778580,0.000000,0.000000
2.994298,0.000000,0.000000,0.000000,0.000000,4.032179,2.171872,0.386200,6.548716,0.313887,0.000000
0.000000,0.000000,1.456041,0.000000,0.000000,0.000000,0.244891,0.000000,2.147405,0.000000,0.000000
0.000000,12.731667,0.000000,9.400109,0.000000,0.000000,0.000000,0.000000,0.000000,0.000000,20.236425
0.212692,9.900249,0.000000,0.000000,0.096170,0.000000,0.000000,0.000000,0.000000,5.749722,0.000000
7.619145,0.000000,8.682611,0.000000,2.592085,0.000000,0.000000,0.752184,0.000000,1.240812,0.000000
6.724131,9.826282,0.000000,0.000000,0.000000,1.440137,17.309511,0.000000,4.926135,0.000000,0.000000
0.000000,0.832904,2.890592,0.000000,0.000000,0.000000,0.000000,1.328629,2.591712,7.516915,0.000000
2.649116,0.000000,1.380976,2.749573,0.000000,0.000000,0.000000,0.000000,2.295199,0.699449,0.105353
4.118195,0.000000,3.161808,1.099334,0.000000,0.804650,0.996528,7.999508,0.000000,6.818074,0.000000
3.884552,0.000000,0.000000,0.000000,3.218763,6.885652,0.000000,0.051251,0.000000,1.725067,2.743132
5.425003,1.283687,0.000000,2.494904,0.000000,1.413682,0.000000,0.000000,0.000000,0.000000,0.000000
0.000000,0.000000,1.433030,0.000000,0.000000,0.771382,0.411931,0.000000,1.196599,5.238904,2.815468
2.988824,2.173026,3.046819,0.000000,8.971439,0.000000,3.626942,0.000000,0.000000,0.690451,0.389032
1.980170,0.832611,1.861439,0.000000,1.750678,0.000000,3.327881,0.000000,8.489606,5.339968,0.000000
0.000000,2.120208,3.823710,3.165959,0.758050,11.217036,0.000000,5.125794,4.064325,1.429579,1.574706
1.773420,0.000000,0.000000,2.371089,2.284901,0.000000,3.621438,1.703891,6.259377,0.000000,0.000000
2.566704,0.000000,0.727026,0.000000,0.962570,0.000000,0.000000,0.000000,3.086403,0.000000,0.526988
1.804997,0.000000,0.000000,0.000000,3.515237,1.181813,0.000000,3.409290,0.000000,0.000000,1.110679
0.000000,0.000000,0.000000,7.499830,2.953573,0.302768,0.000000,0.221800,0.000000,0.929749,4.328688
0.000000,1.792218,0.371904,0.000000,0.000000,0.000000,5.862535,3.110375,0.000000,0.000000,6.026894
0.000000,0.000000,1.693243,0.117348,5.227391,0.000000,11.110963,0.000000,3.729660,0.000000,0.752761
0.000000,0.141433,0.000000,0.000000,0.000000,0.000000,3.627302,0.000000,0.000000,0.000000,0.000000
0.000000,0.000000,0.000000,2.019476,1.253681,2.292610,3.602463,3.134033,0.000000,3.745844,0.000000
0.000000,0.669485,0.000000,3.332684,0.267035,1.356041,0.000000,0.033423,0.000000,0.000000,0.000000
0.000000,0.817735,5.171498,1.967249,0.000000,0.556766,0.000000,0.000000,4.001201,1.551579,2.949970
5.998614,0.240110,0.000000,0.000000,0.000000,0.000000,4.049566,2.527077,6.073049,0.000000,1.627083
4.220734,0.000000,1.117720,0.161073,0.000000,0.876517,0.000000,1.576993,10.866799,1.578096,8.390938
1.223699,0.000000,15.595333,1.441485,13.265896,0.000000,0.273605,2.976385,0.370404,0.000000,0.000000
0.000000,0.000000,9.301838,0.495418,0.000000,0.000000,0.000000,0.000000,0.000000,0.000000,4.273469
0.126916,8.001230,4.844621,0.000000,6.044991,7.081096,5.605877,3.994830,4.562691,0.000000,8.984403
0.000000,8.441735,2.357196,2.698487,3.850936,0.000000,7.032765,0.000000,3.801799,6.105928,0.000000
1.026121,2.745566,14.533513,16.209763,2.600143,9.463182,0.652542,9.579458,0.000000,0.000000,0.000000
0.000000,2.454347,0.762551,0.000000,0.000000,2.109020,1.648055,0.000000,0.000000,3.569355,0.000000
11.118125,0.336068,8.434564,3.004401,0.000000,0.000000,0.000000,0.000000,6.026022,1.632333,3.847148
2.443881,0.000000,0.000000,3.568889,3.796024,0.752370,5.238757,0.605381,2.259267,2.345840,1.013156
3.005956,0.246953,2.180738,1.179494,0.303581,10.262272,0.000000,3.485645,0.000000,7.973811,2.913031
6.165118,0.000000,0.161345,0.000000,16.061579,0.000000,0.755907,0.000000,2.360070,0.000000,0.000000
1.729170,0.000000,1.975992,7.479469,0.845924,3.498839,0.000000,1.173783,0.000000,0.000000,0.000000
6.018977,0.000000,0.000000,0.998636,8.129373,0.000000,0.000000,0.000000,3.540143,0.000000,0.367163
2.582561,0.000000,0.000000,0.000000,2.448557,0.000000,1.959916,0.000000,4.472353,0.000000,0.062462
0.000000,0.000000,0.000000,0.000000,0.088166,0.000000,0.117438,0.000000,0.000000,8.713484,0.000000
1.361742,0.000000,0.000000,2.925935,6.430704,0.000000,0.000000,7.241372,5.486405,6.580020,0.000000
0.000000,0.000000,0.000000,1.658283,2.022169,0.000000,3.438157,0.000000,5.776107,0.000000,2.544990
1.176448,9.485512,8.514198,0.000000,3.048007,0.000000,6.395067,9.872049,2.965160,0.000000,5.152836
1.116086,0.000000,0.000000,0.000000,10.950649,13.114108,0.000000,2.649147,0.000000,0.000000,3.975926
0.000000,0.000000,3.307457,0.000000,0.118639,0.000000,0.000000,1.456487,0.000000,4.214583,0.108596
2.112364,0.000000,0.525114,0.000000,7.825170,2.093181,0.000000,0.000000,0.000000,2.050882,8.440910
0.528470,0.000000,16.328742,4.655583,6.346933,0.000000,0.000000,0.000000,0.000000,3.079413,0.000000
0.000000,0.000000,0.000000,3.601133,0.000000,0.000000,4.218178,11.356997,14.490664,3.179712,0.000000
5.836570,0.000000,6.197743,2.636203,4.549012,1.016622,0.000000,0.000000,11.376117,1.360371,0.000000
0.000000,15.687640,6.271405,7.129568,6.107214,0.000000,5.426725,0.000000,2.002482,11.356895,0.000000
0.000000,0.250977,0.000000,0.000000,0.000000,6.992759,8.572002,0.000000,0.114585,19.679839,2.686457
0.000000,0.000000,0.000000,5.346479,0.000000,3.638609,0.000000,0.000000,0.000000,3.350768,1.361582
0.000000,6.634129,0.000000,0.000000,7.094232,0.000000,0.000000,0.652400,0.000000,0.000000,0.196229
5.047426,0.000000,0.000000,1.565293,0.000000,2.299256,1.799708,0.000000,0.000000,0.000000,0.000000
0.000000,0.000000,0.000000,0.000000,5.799467,7.178448,1.165180,0.000000,9.041809,0.000000,0.000000
5.151892,3.750784,0.000000,0.000000,3.798318,7.070336,4.431742,0.099700,3.235426,0.000000,0.000000
4.205125,0.000000,0.000000,0.000000,1.464273,0.000000,0.000000,0.000000,0.000000,3.364802,1.214845
0.000000,2.614393,0.000000,2.450894,0.000000,0.000000,18.660550,2.005638,0.000000,8.733316,2.923455
1.158871,0.000000,1.148771,0.000000,6.289552,0.000000,7.920508,0.000000,0.000000,0.607570,0.000000
0.000000,0.000000,0.461006,0.795921,0.000000,0.057354,0.000000,0.000000,7.320919,1.972931,4.544359
0.568647,0.000000,0.000000,0.000000,0.000000,2.717687,0.000000,1.117453,4.387919,0.000000,3.479607
0.000000,0.000000,0.000000,0.000000,0.000000,0.000000,6.903218,2.937689,31.113560,9.684867,0.000000
0.000000,12.773861,3.929785,0.861203,0.000000,0.000000,7.601870,7.123783,5.055964,11.485495,0.409270
0.000000,2.282281,3.780633,3.468776,11.930749,0.000000,6.768544,0.000000,15.510941,0.000000,0.000000
0.000000,9.904650,0.000000,2.120698,6.563867,0.000000,0.000000,1.667117,0.000000,0.000000,0.000000
0.000000,8.181884,0.000000,0.000000,0.000000,0.000000,0.139519,0.000000,0.000000,2.158455,1.450176
32.212385,0.000000,0.000000,0.000000,5.518270,8.390717,0.000000,0.000000,0.000000,0.000000,0.000000
8.753239,0.000000,6.668844,5.731669,0.817678,6.954735,3.659749,2.609240,0.831731,0.000000,0.000000
5.782744,11.228778,1.906703,11.084759,6.901441,13.826050,0.000000,2.252868,0.000000,4.723890,0.000000
1.803575,3.122065,4.679344,8.433411,1.945911,0.000000,0.689958,4.714998,0.000000,8.321393,0.000000
0.083907,1.044814,0.510709,0.000000,0.000000,0.000000,0.000000,0.000000,0.000000,0.000000,0.000000
0.000000,17.836793,0.000000,11.638935,5.676564,0.000000,0.000000,0.000000,2.030153,0.609291,0.631225
8.758871,2.480067,0.000000,0.000000,0.000000,0.276738,0.000000,2.089285,7.870094,4.669722,9.641364
5.228755,0.000000,2.182245,0.000000,10.034467,4.821932,4.379190,0.000000,0.000000,13.670392,4.217703
0.000000,0.000000,0.000000,0.000000,0.000000,8.559022,3.625595,0.000000,4.930398,3.040097,0.000000
0.000000,0.483900,0.000000,0.000000,0.000000,0.000000,0.000000,0.000000,0.000000,0.000000,0.000000
0.000000,0.000000,31.172786,11.276557,0.000000,0.000000,4.406267,1.568985,2.170856,0.000000,0.000000
8.831496,0.000000,7.902135,0.440099,2.657160,13.660014,1.858142,0.000000,2.650341,0.410702,6.517959
0.262300,0.630192,0.000000,0.825835,4.443670,0.000000,11.491062,9.655589,0.000000,6.124609,0.000000
5.880930,14.123298,0.000000,0.000000,0.000000,7.682025,0.157554,0.000000,0.000000,19.014514,4.294617
0.000000,5.407413,0.000000,4.309200,0.000000,2.911809,2.481149,0.005797,5.599070,3.790085,1.167122
0.000000,0.000000,7.316610,0.000000,5.772888,3.652100,0.000000,0.000000,0.000000,0.134599,6.685528
7.173800,5.839557,0.000000,3.011257,0.000000,1.120536,6.570201,10.764092,0.000000,0.000000,0.000000
1.381748,4.378681,1.368627,1.059513,16.775688,8.167540,13.367628,0.000000,0.000000,10.702129,4.654906
13.223005,0.480945,8.450971,0.000000,7.118674,5.773679,0.000000,0.000000,8.668015,0.000000,0.000000
3.594973,5.941174,6.186777,0.000000,0.000000,2.500443,0.000000,6.014964,5.165841,7.269525,8.153265
21.353570,0.000000,13.985015,0.000000,0.000000,0.000000,0.000000,1.835041,0.000000,2.320395,9.856596
2.761925,5.333689,0.000000,1.133696,0.000000,0.977553,0.000000,2.595088,0.000000,0.000000,12.036297
15.905081,0.000000,2.443132,0.000000,28.642926,0.000000,3.738723,11.970346,0.000000,0.000000,0.000000
0.099974,6.682484,0.000000,0.000000,0.621828,2.001035,1.030865,7.806331,0.866707,0.000000,3.882972
6.117526,0.000000,6.373760,0.000000,1.079473,0.000000,12.908161,3.482845,12.392879,0.000000,0.000000
9.401124,0.000000,15.645347,0.000000,0.000000,6.511378,0.058465,0.000000,0.000000,0.000000,0.000000
0.990014,0.000000,0.000000,0.000000,0.000000,0.000000,6.988417,4.636326,3.270716,3.061020,0.000000
7.593010,10.731394,0.000000,2.775624,0.000000,0.000000,3.676581,0.000000,8.016211,0.000000,4.408654
0.000000,0.000000,1.406662,4.848322,2.554305,0.000000,0.262610,0.000000,3.334069,0.000000,0.000000
0.000000,0.201956,0.000000,3.032496,2.211094,9.252221,6.062917,0.000000,0.000000,1.779564,0.000000
0.000000,3.548976,6.064916,14.752223,1.382557,1.732435,3.676077,3.859162,0.000000,6.751231,4.547102
0.000000,7.289063,8.824724,2.653127,2.675243,0.000000,0.000000,0.000000,0.710521,14.713538,3.580517
1.457007,1.627428,0.000000,7.598542,0.000000,0.000000,25.822756,2.452357,0.000000,3.170373,4.268789
5.037629,3.583169,0.000000,0.000000,0.000000,0.000000,0.000000,22.309214,0.000000,0.000000,0.235031
0.000000,1.856264,0.000000,0.000000,8.382989,0.000000,15.864763,0.000000,0.000000,0.000000,2.072371
0.000000,0.000000,1.827574,2.519117,3.526439,0.000000,0.000000,0.000000,10.446136,0.000000,4.740421
0.000000,0.000000,4.128461,2.623675,3.038629,1.873020,9.319493,0.000000,2.107947,0.000000,0.000000
7.972826,2.195980,0.000000,7.906795,1.785032,1.786520,0.000000,0.000000,0.000000,7.109626,8.934718
0.000000,0.000000,6.936236,0.000000,1.188906,0.000000,0.000000,8.190722,13.782314,0.000000,3.162021
0.000000,0.000000,1.798800,0.000000,0.000000,2.069698,0.000000,0.000000,0.000000,1.708278,0.000000
14.380274,1.869224,0.000000,0.000000,0.000000,0.136553,0.000000,0.000000,3.498202,0.000000,8.650902
0.000000,0.000000,0.000000,0.000000,1.118946,12.046601,1.735765,0.000000,0.000000,4.741769,20.389390
4.534584,0.000000,32.101832,2.749495,6.478121,0.000000,0.000000,9.526100,0.000000,3.241443,0.000000
0.000000,0.000000,0.950018,0.000000,3.249855,7.611664,0.000000,0.000000,0.582581,0.901726,0.713667
0.000000,4.566629,3.036606,0.000000,0.475092,0.000000,0.000000,0.000000,0.000000,0.103700,0.502319
0.000000,1.868692,0.000000,0.000000,0.243258,2.883024,2.214793,0.000000,0.000000,0.252596,1.505562
7.386300,3.540123,0.000000,0.000000,0.000000,0.000000,7.705664,0.000000,0.000000,2.231401,0.000000
2.191889,7.671117,6.515073,0.000000,0.000000,4.248911,0.000000,1.191837,5.694012,0.000000,0.000000
11.474494,2.934988,7.443610,0.000000,4.075843,3.960865,0.000000,0.000000,0.000000,1.314443,0.584527
0.000000,2.234079,0.000000,3.014587,9.965712,1.548356,15.060152,0.536394,0.000000,0.000000,3.032218
3.660557,0.000000,5.097867,0.000000,0.000000,5.800066,0.000000,7.723475,3.869684,14.211184,0.000000
0.000000,0.000000,0.000000,0.817848,0.000000,10.330682,6.223130,0.000000,15.108571,4.439557,3.245210
7.856518,0.000000,12.218509,4.738382,0.182745,0.000000,4.674502,5.439911,0.000000,0.000000,3.397174
26.211426,0.000000,5.441082,0.000000,8.162057,2.558883,1.320752,14.027173,8.368479,0.000000,3.713481
9.571910,0.000000,0.000000,1.747303,2.868571,0.000000,0.000000,0.000000,0.000000,1.854738,5.464884
0.000000,8.595425,11.940402,2.253916,0.000000,0.781371,0.000000,5.952549,3.291448,0.000000,0.000000
8.887284,0.000000,0.000000,0.000000,3.871068,0.000000,0.000000,0.000000,0.000000,0.000000,10.796801
0.000000,4.437326,8.139436,2.838039,0.000000,0.000000,1.358348,0.000000,12.744881,0.000000,0.000000
15.092915,3.159182,2.617886,0.000000,3.129060,16.050714,0.000000,0.000000,16.555188,0.000000,0.000000
0.000000,0.000000,0.000000,0.000000,9.007854,0.000000,20.944667,0.000000,3.414670,0.000000,5.433656
42.049148,0.000000,2.062713,0.000000,2.225351,0.000000,12.442233,9.181487,10.089275,0.000000,0.000000
3.978326,0.000000,10.292539,12.715722,4.230573,0.000000,1.598771,0.000000,0.000000,0.000000,0.000000
16.897563,13.477439,10.997553,4.197665,0.000000,1.679291,1.208069,0.000000,3.644367,8.175577,0.000000
0.000000,8.520567,2.530858,0.000000,7.105250,0.000000,8.841901,8.620389,8.196998,8.456279,9.081991
0.000000,0.000000,0.000000,0.000000,0.000000,0.000000,14.702685,12.473663,0.000000,0.000000,4.909186
0.000000,5.154790,0.000000,0.000000,11.850425,7.928630,0.000000,1.272484,21.635201,0.000000,0.000000
0.000000,0.581189,0.000000,3.465223,9.657575,5.230571,1.447663,5.520257,0.000000,0.000000,0.000000
0.000000,0.000000,0.000000,2.295881,3.210021,6.772521,0.000000,0.000000,0.000000,0.933548,2.340504
2.237291,3.224330,0.000000,0.000000,0.000000,0.000000,1.947591,13.462937,0.000000,0.000000,0.488914
16.812588,30.026801,1.999551,9.052692,5.817118,3.083988,0.466573,0.000000,1.153808,2.048561,17.553281
0.000000,0.000000,0.000000,0.000000,1.283693,5.249172,0.000000,0.060023,1.431485,0.990027,4.125423
17.976290,0.000000,0.000000,0.000000,0.000000,0.000000,23.019169,9.321044,0.000000,2.773439,3.586393
1.086098,8.374750,13.229957,2.276167,13.681325,9.308967,0.000000,0.000000,0.000000,6.620115,1.138279
2.689853,0.000000,0.000000,0.000000,0.000000,7.047867,0.000000,0.000000,0.000000,3.591220,0.000000
0.000000,5.572496,4.493997,29.647669,4.882770,2.377811,0.000000,0.000000,11.929008,2.409300,11.925435
0.000000,0.000000,0.000000,2.441196,2.567222,0.000000,28.981631,2.751143,1.213669,8.303374,0.266681
6.395811,0.000000,0.000000,0.195591,0.000000,0.000000,0.000000,14.118633,0.000000,2.030225,0.000000
10.880834,0.000000,3.030010,0.000000,0.000000,0.000000,0.000000,0.000000,1.030820,0.000000,0.000000
0.000000,4.347115,12.853335,0.000000,0.002685,2.355581,0.000000,1.836101,0.000000,0.000000,0.000000
1.435541,11.336791,0.000000,0.000000,35.659618,0.000000,3.988563,4.232093,0.261822,0.000000,11.657128
1.677972,0.000000,0.000000,0.761801,3.693964,0.834740,0.000000,0.000000,0.000000,0.000000,0.000000
3.025989,1.185731,7.069228,4.538213,2.666222,3.723110,1.322427,6.266877,0.000000,4.237325,1.971686
1.059415,6.948759,0.000000,9.356207,9.369448,10.505709,0.000000,11.033117,0.000000,0.000000,0.000000
0.000000,0.000000,3.090362,0.000000,5.021306,0.000000,8.688729,12.787270,3.526862,5.227874,0.000000
2.898234,15.896816,0.000000,2.976133,1.046032,0.000000,0.000000,0.000000,0.000000,0.000000,1.599826
15.431101,0.000000,0.000000,0.000000,0.679943,0.000000,0.000000,0.000000,12.828495,2.290525,18.187071
2.057100,5.127286,0.000000,0.000000,0.000000,0.000000,3.255911,0.000000,1.541259,0.000000,0.000000
0.000000,0.000000,6.130440,0.000000,5.522979,0.000000,5.499562,0.000000,0.000000,4.139485,3.218113
5.636795,0.000000,5.630883,0.719108,0.558261,5.293621,0.000000,0.000000,13.921023,0.641647,1.318667
3.243315,4.022789,0.000000,6.896048,0.000000,15.779944,0.000000,0.000000,1.210734,0.000000,0.000000
7.644456,6.097873,14.030914,0.000000,5.763703,13.779536,0.000000,6.624893,0.000000,4.436733,0.000000
0.000000,4.969153,0.000000,0.000000,4.850827,3.358176,0.000000,2.802343,2.684927,1.133375,2.110078
0.000000,2.624233,0.000000,0.000000,5.660634,0.000000,0.000000,0.000000,6.858563,0.000000,0.000000
11.050640,0.422884,7.839213,0.068382,15.189027,5.650203,6.702155,9.844709,0.000000,6.920018,7.144525
7.280665,0.000000,0.000000,0.000000,1.052744,3.476869,0.000000,2.375867,0.000000,0.000000,1.229762
1.584257,7.291072,8.810567,14.134169,7.405740,1.171884,0.000000,0.000000,5.347675,0.000000,5.585275
4.147552,0.000000,0.000000,0.000000,12.835461,5.285984,7.679757,0.622980,0.000000,4.663571,0.000000
3.605747,0.174352,0.639414,9.394227,6.219778,3.932260,1.902673,0.690647,6.645148,0.519222,0.000000
2.907493,0.000000,3.288543,0.000000,0.000000,3.141517,3.373567,9.962450,0.000000,18.930015,9.209975
16.008270,3.056573,4.087109,0.000000,1.686221,5.760686,6.237783,0.000000,0.000000,5.234770,26.413782
5.605427,3.330198,14.824291,2.340714,0.000000,11.688080,0.000000,3.267903,0.000000,8.565943,0.000000
6.625672,3.249838,10.836419,4.891624,0.557692,1.725777,0.000000,5.801012,1.269879,0.000000,0.000000
0.000000,0.000000,5.476437,0.000000,0.838534,0.000000,7.900671,0.000000,4.312814,4.278038,0.000000
0.000000,11.656378,0.000000,5.198083,19.500437,0.000000,0.000000,3.646221,5.596549,0.000000,3.236613
0.000000,1.489277,0.000000,0.000000,0.000000,1.589373,1.558465,0.891273,3.111840,2.173368,0.000000
0.000000,26.428742,0.000000,4.892061,0.946806,0.000000,0.000000,3.538266,0.000000,2.187084,0.000000
2.373645,2.451575,0.900967,1.670958,9.837741,1.268747,15.408610,1.270977,0.000000,0.000000,0.000000
0.000000,0.000000,0.000000,0.000000,4.936925,0.000000,0.000000,0.000000,1.621470,0.000000,7.276809
0.000000,3.420817,0.000000,1.671618,5.081778,0.000000,0.000000,0.000000,0.436058,10.122437,0.000000
0.000000,0.000000,0.000000,0.000000,7.767544,0.000000,5.804984,0.000000,12.249868,0.000000,7.470250
6.556453,0.000000,0.000000,0.000000,7.158395,0.000000,0.000000,0.000000,4.494891,2.236323,0.000000
2.835038,0.000000,8.616174,0.000000,11.389268,0.136620,0.000000,8.352596,3.684760,3.867078,0.000000
10.239931,1.288683,11.380836,0.000000,5.816482,0.684502,0.685432,0.000000,1.607287,0.000000,8.394743
5.035372,0.000000,0.000000,3.702954,1.073448,0.000000,7.344914,0.000000,3.636224,0.109736,0.000000
1.298662,6.159921,0.000000,12.489299,0.000000,0.431970,0.000000,3.919215,0.000000,10.727902,0.000000
1.514407,0.000000,0.000000,0.000000,0.000000,0.000000,2.685430,0.000000,3.342023,10.716838,2.666619
3.356785,4.108192,0.000000,0.911807,2.710359,2.497253,2.701097,1.293144,0.000000,4.973505,0.000000
0.000000,8.922597,3.220036,2.134326,4.345539,0.000000,7.884531,0.000000,6.255856,0.256799,0.000000
8.834035,4.636251,0.377339,1.684581,0.000000,0.000000,6.313430,10.703623,0.000000,11.523801,10.658978
2.349376,0.000000,0.000000,1.214064,8.939566,0.000000,3.447758,16.990450,0.000000,0.000000,14.163843
6.373378,4.024129,0.000000,10.448043,0.000000,4.943499,6.293924,0.000000,3.375092,2.082447,12.649604
6.762762,5.623326,2.519457,0.000000,0.000000,0.581615,0.000000,3.119335,0.000000,0.000000,0.000000
0.000000,0.821959,2.261184,33.769379,2.882278,0.218042,2.815436,0.000000,6.502523,9.830691,5.163548
0.000000,1.643477,0.000000,0.000000,0.000000,0.000000,1.490697,1.916100,0.000000,0.000000,0.000000
0.000000,8.060143,11.151637,0.000000,2.284335,0.000000,0.000000,0.000000,0.611548,0.770627,0.000000
4.883293,5.465632,1.741483,0.000000,0.356577,22.617593,3.029058,0.636993,1.732137,2.145749,0.000000
0.000000,0.000000,0.912429,0.000000,0.654285,3.959135,3.518313,7.072069,10.138260,1.858958,0.794618
0.000000,1.354843,0.909643,0.000000,1.231069,9.524269,0.000000,4.859684,0.000000,0.000000,13.838655
0.000000,0.602010,5.823238,1.472807,0.000000,19.809495,0.000000,0.000000,0.000000,1.667826,2.688275
0.000000,3.246351,0.000000,7.586132,0.000000,1.973597,0.761489,0.000000,0.000000,0.000000,0.000000
0.000000,1.992270,0.000000,4.232988,0.000000,0.000000,3.194673,0.622082,0.000000,0.000000,0.000000
6.488572,9.543818,0.000000,0.000000,0.935380,10.380197,12.590250,7.072661,2.663758,0.000000,1.611618
2.604795,0.000000,4.833755,5.016125,0.000000,0.000000,13.679848,3.937603,14.785677,7.232663,5.682156
0.998747,11.051889,0.000000,0.000000,4.464388,0.000000,0.000000,4.547657,3.916498,0.000000,0.996614
0.000000,0.000000,0.000000,0.000000,0.000000,4.510270,17.625176,0.000000,0.000000,4.068206,0.000000
0.883288,30.280600,13.038207,6.119041,0.000000,0.000000,8.061185,0.000000,0.000000,1.892620,1.224587
0.901317,2.449603,4.047049,6.489309,0.000000,3.530593,1.679034,0.000000,0.000000,9.112167,0.000000
0.000000,2.850272,0.772329,10.222305,0.000000,1.278920,5.677036,4.996788,6.338734,0.000000,0.000000
0.000000,1.203533,0.000000,19.552386,0.000000,0.000000,7.572249,0.000000,0.000000,0.000000,6.254834
0.000000,0.000000,0.000000,9.696196,0.000000,0.000000,0.531834,0.000000,0.000000,0.000000,0.000000
0.000000,4.048720,0.000000,0.000000,4.187781,2.105757,0.000000,0.000000,0.000000,0.000000,0.971476
0.000000,1.583237,0.000000,1.945925,0.000000,5.971295,0.000000,0.000000,0.985029,3.525374,8.536550
0.000000,0.000000,0.000000,0.311772,0.250106,0.894248,5.446456,0.000000,7.560745,0.000000,3.154399
5.005747,0.000000,0.000000,2.018290,4.342419,0.000000,4.573770,0.000000,2.444829,16.842364,4.334366
5.854388,0.000000,1.321459,13.735169,8.699844,12.613240,0.000000,0.000000,3.210002,0.000000,0.000000
1.303190,9.307828,5.204905,0.000000,3.313434,3.040038,2.339430,0.000000,0.816048,0.000000,0.000000
1.120203,3.535045,7.182188,0.000000,0.000000,2.534931,0.000000,1.414748,0.000000,0.000000,6.501683
0.000000,0.000000,0.000000,0.000000,4.217339,2.314303,2.010302,0.000000,0.000000,6.096596,1.387552
0.000000,0.000000,2.835421,0.000000,1.812313,0.000000,11.649109,0.000000,3.792181,5.872338,7.703319
0.000000,0.000000,0.000000,5.241726,0.000000,4.342224,12.681616,4.185379,1.335352,4.587162,0.000000
12.690221,0.000000,0.000000,6.918905,7.979731,1.528373,0.000000,2.953316,9.875811,0.000000,0.615989
9.020058,2.359419,1.515344,0.000000,2.122464,0.441060,7.207075,0.000000,0.000000,2.984179,0.000000
2.004100,7.621087,0.000000,0.000000,0.000000,11.741714,0.000000,0.000000,0.000000,0.000000,0.000000
0.000000,0.514138,0.000000,0.000000,0.564254,5.076500,0.000000,0.000000,0.000000,11.645711,0.000000
0.000000,0.000000,1.673184,0.000000,0.000000,1.707267,7.285782,1.212154,3.264336,2.584219,2.738957
0.000000,0.000000,3.587134,6.471232,0.000000,0.000000,4.009194,0.000000,8.392340,1.117173,0.000000
0.000000,0.000000,0.000000,0.000000,0.401193,1.637109,2.145348,0.000000,0.000000,0.000000,2.386816
0.000000,0.000000,3.544772,6.415275,15.579592,3.688671,0.000000,1.238657,3.765735,3.361412,0.000000
5.512987,3.955116,9.043319,1.091730,2.349885,0.000000,1.959804,0.000000,0.000000,0.000000,5.191275
2.021137,1.864538,0.000000,1.339544,0.000000,3.782426,6.390248,0.000000,0.000000,0.445163,1.058071
0.904137,17.344439,0.000000,0.000000,0.000000,0.000000,16.810480,0.000000,0.000000,0.000000,2.393447
0.000000,0.000000,0.000000,0.000000,3.358766,3.417564,0.000000,0.000000,0.000000,0.000000,1.564929
0.000000,0.753794,4.149772,0.000000,0.550897,1.792618,0.000000,0.000000,2.692303,0.000000,0.000000
0.000000,2.206893,0.000000,0.000000,2.338025,5.427934,0.000000,2.424326,5.229555,0.000000,12.417411
0.000000,9.493501,6.474054,0.000000,0.000000,0.000000,0.000000,3.593609,13.397726,1.340259,6.531259
2.644646,0.000000,0.000000,0.000000,0.000000,0.000000,0.000000,0.000000,1.874969,0.228661,0.000000
0.000000,0.665519,4.262227,0.000000,0.000000,0.217007,0.000000,0.000000,4.506041,13.312526,0.588465
1.623737,7.933220,0.000000,6.219880,0.000000,3.501796,0.000000,0.000000,5.473236,0.000000,3.845541
1.111391,2.651513,3.016665,0.000000,0.000000,8.201658,0.908423,0.000000,2.916850,3.874085,3.424654
2.086474,3.742768,2.023316,5.641967,0.000000,0.000000,5.699127,7.751541,0.000000,5.904274,10.120685
0.000000,0.000000,1.522847,1.935136,0.399326,0.000000,6.950843,0.000000,0.000000,1.540777,11.041097
7.235885,2.476097,0.000000,0.000000,7.660929,5.870595,2.026274,0.000000,0.000000,2.413726,0.000000
0.000000,3.596769,0.000000,4.068378,6.909391,11.575792,0.343387,4.532717,0.921173,0.000000,5.336227
0.000000,0.127261,3.910861,0.000000,2.930334,0.000000,0.000000,0.000000,0.000000,1.967907,0.000000
4.455722,14.127705,2.699860,0.000000,0.000000,1.044143,0.000000,0.000000,0.000000,4.264146,0.000000
0.000000,3.837402,0.000000,0.000000,0.060132,0.000000,0.000000,0.000000,0.000000,0.000000,2.276529
0.000000,4.195738,0.000000,0.000000,0.000000,5.236659,0.259584,0.000000,3.957922,2.142525,0.000000
0.000000,3.551564,3.242464,0.000000,0.000000,0.000000,0.000000,0.000000,0.095276,0.000000,0.000000
0.000000,0.000000,0.000000,0.000000,5.762034,7.478522,3.758291,0.475368,0.245232,0.000000,0.000000
4.745652,3.548256,1.582360,0.000000,5.250325,0.000000,0.000000,7.147864,5.822179,0.000000,7.123284
4.794449,4.232448,0.000000,0.184801,25.184416,1.278425,0.174107,4.182432,1.326517,0.000000,0.000000
7.948306,3.005584,5.481166,2.664344,0.000000,0.000000,0.000000,0.000000,0.000000,0.000000,0.000000
22.579748,6.104044,2.734506,0.000000,0.000000,3.494613,0.905758,0.000000,0.000000,0.000000,0.000000
7.494850,0.000000,0.000000,4.935195,1.852826,0.000000,0.000000,5.394916,0.000000,1.652578,0.000000
3.317278,0.000000,0.000000,6.543847,1.845177,0.000000,8.282210,0.000000,0.822633,0.000000,0.000000
0.000000,2.150166,3.227983,0.676835,3.102849,0.324951,0.000000,0.000000,0.000000,0.000000,0.125116
0.000000,6.519175,0.000000,0.000000,0.000000,5.291329,0.000000,5.720336,0.000000,3.798841,0.000000
7.168222,1.395949,0.656469,7.855784,0.000000,3.601312,0.000000,0.000000,0.000000,2.497568,5.341234
2.527451,0.408148,9.184013,0.000000,2.486697,0.317268,3.820286,1.075983,2.482915,1.840360,2.406238
3.101466,0.065496,0.253645,0.000000,0.000000,0.000000,3.532783,5.267325,0.000000,9.727881,9.372092
7.902001,0.000000,2.263309,0.000000,2.009521,0.000000,4.092897,0.982491,0.000000,0.000000,4.386764
3.462535,2.580265,0.923089,0.000000,0.000000,0.000000,0.000000,0.000000,5.224145,2.622242,0.000000
4.655727,0.000000,0.000000,0.029544,0.000000,3.810309,8.342540,1.209334,0.000000,0.000000,0.000000
9.815008,3.270047,0.000000,2.852296,0.000000,0.000000,3.551941,1.460648,3.359242,0.000000,0.000000
1.398935,7.877548,0.000000,5.061664,0.000000,0.000000,2.502566,0.000000,4.356191,2.115879,5.178721
0.000000,0.423809,3.152325,11.923134,0.000000,0.000000,0.000000,0.000000,1.842695,2.722897,2.760943
0.000000,0.000000,0.000000,8.442928,0.000000,1.270260,0.000000,0.000000,3.045626,0.796557,0.000000
0.124186,2.630787,0.000000,0.000000,0.000000,3.292470,0.618913,1.460484,0.000000,0.922731,5.803732
2.327465,9.560255,0.370331,1.396783,0.000000,0.000000,0.000000,5.706911,0.000000,0.000000,1.921717
0.000000,0.691958,0.000000,5.159529,0.000000,0.000000,12.340135,1.105776,0.000000,0.000000,5.876315
6.547186,0.000000,0.000000,3.590802,0.000000,2.952562,0.000000,0.871582,3.608957,1.334968,4.559033
0.000000,0.377757,2.067833,2.597878,1.910193,2.412180,1.483406,0.000000,2.127251,0.709537,1.144966
0.000000,0.743558,0.167626,3.765095,0.000000,1.885140,4.351944,0.000000,1.135090,1.394099,0.000000
9.370534,1.011908,0.000000,3.619821,7.848427,0.000000,2.815427,1.415915,0.000000,0.619668,0.000000
0.193846,2.218221,0.000000,6.373613,0.000000,0.000000,3.066810,0.000000,3.942000,0.000000,0.000000
0.000000,0.000000,5.841492,5.695887,0.000000,0.000000,0.351566,5.832389,6.420775,0.000000,3.065148
0.000000,0.000000,0.000000,0.000000,0.354289,0.000000,0.000000,0.000000,6.698099,0.000000,0.054271
13.320456,12.436392,0.000000,13.221935,0.000000,5.867730,0.000000,5.297004,0.000000,1.872396,0.000000
1.980602,0.000000,10.896880,10.753181,0.000000,0.000000,0.000000,0.000000,1.239608,0.000000,1.547148
0.000000,1.576569,3.620483,1.835391,0.000000,1.158536,5.057449,2.808125,0.000000,0.000000,0.000000
2.417311,0.219426,5.052111,5.335698,0.000000,2.583031,0.000000,0.000000,0.000000,0.000000,0.000000
0.000000,13.284520,0.867290,3.708041,2.038771,0.000000,0.518821,0.000000,0.000000,2.687618,1.548444
0.874776,3.730018,3.915233,5.860051,0.000000,0.000000,0.000000,0.000000,0.000000,2.276873,0.574474
6.394390,1.090662,3.183105,0.000000,0.000000,7.180572,5.798142,2.904227,2.644784,0.228178,0.000000
0.000000,5.532556,7.425551,0.423148,0.000000,4.140791,2.564836,0.814049,0.000000,14.329713,2.283542
0.000000,0.000000,2.964870,0.000000,0.000000,0.000000,0.000000,6.338861,0.000000,0.519611,1.115701
1.909555,10.398000,5.068933,0.872218,10.640212,2.755770,0.000000,0.000000,0.000000,10.362519,6.531206
0.000000,2.614518,0.190234,0.000000,1.757223,0.000000,0.000000,8.900737,0.000000,0.645515,1.713646
1.431323,0.000000,3.639380,12.677046,0.000000,0.391943,7.228658,0.000000,0.000000,0.000000,4.541252
2.986003,0.904321,0.095686,2.323286,0.000000,0.000000,1.205250,1.393259,0.000000,0.000000,0.000000
0.000000,3.131793,3.728708,0.000000,3.577434,0.000000,0.000000,0.000000,3.408545,3.046817,0.000000
0.000000,0.000000,0.000000,4.032049,0.000000,6.630608,0.474573,0.000000,1.014690,1.140728,3.414064
0.111639,4.463950,3.419268,4.164427,0.000000,5.202063,0.000000,2.206671,4.257292,4.541205,0.475989
2.891624,0.000000,0.000000,0.000000,1.422455,0.000000,0.000000,0.000000,7.807728,9.865253,0.000000
8.217687,0.000000,0.000000,2.281105,6.065194,0.820981,1.022883,7.552693,0.232018,0.029571,1.885109
0.343652,0.191973,0.000000,0.000000,0.000000,2.878034,0.000000,1.249790,0.000000,0.373366,0.000000
0.000000,3.680205,0.000000,5.755233,5.418925,3.321478,1.058618,6.899326,6.389940,1.699635,6.603505
0.000000,1.164730,0.000000,21.306180,2.173722,0.000000,12.050958,0.000000,0.000000,0.000000,0.607263
1.680916,0.000000,4.537299,6.448974,0.197167,0.000000,0.809343,0.000000,0.000000,1.919722,0.000000
0.000000,0.000000,0.000000,4.184141,0.000000,0.000000,1.520036,0.000000,1.629855,0.000000,0.000000
0.000000,0.000000,0.975876,9.775430,3.238171,0.000000,6.309684,1.579919,3.332866,0.000000,5.679191
0.000000,11.919181,0.824099,0.000000,0.000000,8.613705,6.418637,0.000000,0.000000,0.000000,0.000000
0.000000,9.542416,0.000000,0.000000,0.624809,7.250346,0.000000,5.474518,1.315787,0.000000,3.019475
0.000000,9.432287,4.458301,0.450720,4.945797,2.431502,8.084865,3.641518,0.000000,0.000000,5.614239
1.346874,4.715196,0.000000,3.102376,0.000000,0.000000,0.000000,0.000000,0.000000,8.309311,1.149499
4.822267,0.166559,0.000000,3.219984,0.000000,0.000000,13.773928,0.000000,0.000000,1.119618,1.136999
4.413725,1.008798,1.240103,2.950334,0.000000,2.035028,0.000000,1.295959,3.760776,0.000000,1.958421
2.078166,0.000000,0.981306,0.000000,4.622321,0.000000,0.000000,0.000000,0.000000,4.237130,0.000000
1.729968,0.000000,0.000000,1.457621,0.000000,0.000000,4.060261,0.000000,2.736406,0.150218,0.000000
0.000000,2.033417,0.000000,3.161185,3.707346,4.362281,5.983994,0.239343,4.051171,2.411670,0.000000
0.000000,5.653882,0.000000,2.501286,0.000000,0.000000,2.381575,0.000000,1.202679,1.340286,0.000000
0.000000,0.634344,0.000000,2.577620,0.541573,0.000000,0.000000,1.859278,12.250785,0.000000,0.000000
0.000000,0.000000,1.901727,0.000000,2.864278,0.000000,0.000000,2.394976,0.000000,0.000000,5.025001
0.000000,1.273888,5.166353,0.776291,0.000000,10.432866,7.240526,1.771315,5.470987,4.090600,2.453182
0.000000,0.563975,4.190398,4.996896,2.195157,2.757017,3.568447,1.437225,0.711829,0.000000,2.014285
5.325327,3.661783,1.349979,0.000000,0.000000,4.038074,0.320235,0.194258,0.000000,1.614798,1.660072
1.020451,0.000000,0.446674,6.876517,0.000000,0.000000,0.000000,13.875155,0.000000,0.000000,5.462730
0.512125,1.913187,0.000000,6.597515,0.000000,0.000000,1.652196,4.746070,7.673323,2.474861,0.000000
1.627430,5.028655,0.000000,0.000000,3.109350,0.000000,1.966413,0.238048,3.326812,7.291983,0.311398
0.000000,0.000000,0.192612,0.000000,9.026185,7.449572,0.438133,2.736132,2.534539,0.000000,0.000000
0.000000,5.112053,2.163520,0.000000,3.090457,0.959449,0.000000,0.000000,3.517686,0.000000,4.877284
4.433521,0.000000,4.217549,5.435187,3.578548,2.747304,0.000000,0.000000,4.269113,0.916008,12.062404
0.000000,0.000000,0.000000,0.649976,0.000000,0.000000,0.000000,0.000000,0.000000,0.760868,0.000000
0.000000,0.000000,4.302359,3.073125,0.000000,0.000000,0.000000,0.469051,0.000000,1.323113,4.125856
0.000000,7.317575,0.000000,5.760554,0.000000,0.000000,6.972600,3.930148,5.462080,3.667454,0.000000
12.736386,0.000000,0.000000,0.869748,2.137114,1.211418,2.647649,3.773050,0.000000,3.479262,6.912009
1.246831,0.000000,0.000000,1.344237,1.068575,0.000000,6.052474,2.660117,0.000000,0.000000,2.344062
0.000000,0.000000,0.461183,8.889553,0.789635,5.570154,0.000000,0.000000,0.000000,0.000000,0.000000
10.751427,0.712945,0.000000,2.415796,4.094045,0.000000,5.457559,1.472269,0.000000,3.075054,0.051862
0.000000,3.207289,3.922464,10.866552,2.904531,0.000000,0.000000,0.000000,0.000000,0.000000,0.000000
1.888087,0.295639,0.465234,7.451323,1.591974,1.059635,0.000000,1.135444,0.137035,1.698485,7.978467
0.000000,0.000000,0.000000,0.447309,1.000594,1.056560,12.227007,0.000000,1.254452,0.000000,6.810188
3.231593,2.785368,0.000000,3.592084,4.519493,1.177200,0.000000,0.000000,0.458151,0.000000,2.649429
0.000000,0.000000,3.174116,0.233999,0.000000,2.542849,0.000000,0.621515,1.018130,0.000000,0.000000
0.000000,3.645159,1.746698,3.353524,0.380533,0.000000,0.753464,2.045189,4.927737,4.099246,0.000000
0.000000,0.000000,0.000000,0.000000,1.230837,0.429234,6.974712,0.000000,0.000000,0.000000,3.995971
2.267103,0.000000,0.000000,1.037910,0.000000,6.750437,0.933769,0.000000,4.166771,0.527816,3.544986
0.000000,0.000000,0.000000,1.040248,2.225085,1.458841,0.000000,4.185881,9.713054,0.000000,7.748597
2.301338,0.000000,0.802697,0.000000,0.000000,4.276483,1.730484,1.164165,0.000000,3.318656,0.000000
0.000000,1.934291,0.000000,2.455348,0.000000,4.234952,2.612711,0.000000,0.000000,3.992655,0.000000
2.912008,0.778064,2.273067,2.953990,0.668172,0.000000,0.000000,0.000000,0.000000,4.894824,0.622073
0.000000,0.879019,1.085786,8.932245,6.184940,1.020796,0.000000,0.000000,0.000000,0.000000,11.661033
0.718409,5.327388,1.325580,5.925358,3.592662,0.000000,2.953835,3.981307,0.000000,4.232315,0.000000
0.000000,0.000000,3.185302,0.000000,0.000000,0.000000,0.000000,0.000000,0.000000,0.888727,0.000000
4.143636,2.359407,4.099726,0.620256,0.000000,0.000000,4.762585,2.408686,0.000000,0.975763,0.000000
1.988348,0.000000,1.460272,0.000000,1.595038,1.976142,3.641329,2.736348,0.000000,4.417875,0.000000
0.788645,0.000000,3.252014,0.000000,0.000000,0.000000,1.021397,1.573428,0.330469,5.238374,5.100709
0.368517,0.000000,2.230239,0.766203,0.000000,1.314797,0.000000,7.134585,0.000000,0.000000,0.000000
3.454570,0.000000,0.667257,0.000000,0.344270,8.982621,0.000000,0.000000,0.000000,0.787271,4.797434
0.000000,0.000000,0.000000,7.777891,0.914394,0.382835,0.535569,0.000000,0.000000,0.000000,0.646820
1.478320,1.762088,0.000000,0.000000,0.000000,0.000000,0.000000,1.437944,0.000000,0.000000,9.897227
0.000000,0.000000,0.000000,0.000000,2.779374,6.785199,0.949974,0.000000,0.000000,1.922061,2.269152
4.084592,8.452645,0.000000,0.000000,0.000000,0.722601,1.534009,7.643512,1.090566,0.000000,0.000000
0.000000,2.437465,0.000000,0.000000,4.927801,0.000000,0.000000,0.000000,5.735809,0.000000,5.114118
0.000000,2.525279,0.000000,1.921699,1.382541,0.000000,2.152202,0.564976,0.000000,3.022443,0.489096
0.000000,5.043841,4.280570,0.676035,7.816705,2.264635,1.219710,0.000000,4.153016,5.351463,2.091612
0.000000,0.792845,0.091000,0.000000,0.000000,18.821924,0.081137,0.000000,0.000000,3.390454,5.753754
0.478895,1.342841,1.083787,0.000000,0.000000,0.000000,0.000000,4.569787,0.770774,0.000000,0.709142
1.552253,0.971374,0.000000,2.735717,5.627809,0.000000,0.376543,0.000000,0.000000,4.111568,0.000000
8.383847,0.000000,0.000000,1.710356,1.800282,1.468435,5.826212,6.696212,1.140891,0.499486,1.694007
0.000000,1.101242,0.000000,0.000000,3.575196,3.552346,4.199358,0.000000,0.000000,0.000000,0.000000
0.000000,0.000000,0.000000,0.000000,0.000000,0.352812,7.061355,0.000000,0.879260,0.000000,0.000000
0.000000,2.601783,1.573085,0.000000,2.092525,4.149727,0.000000,0.000000,0.844997,1.544743,0.000000
0.000000,2.030274,0.000000,4.551335,10.653370,0.000000,0.000000,0.000000,2.763414,2.652039,0.000000
1.556269,6.852375,0.000000,0.000000,2.787814,0.000000,13.664181,0.000000,0.000000,0.000000,0.608117
4.741596,12.595241,0.000000,0.000000,0.000000,0.405588,0.167103,0.137508,0.000000,0.929352,1.554454
0.000000,0.000000,5.151527,3.491025,6.055859,0.000000,1.087808,6.896898,0.000000,14.350982,0.000000
3.140318,0.505295,5.011765,0.000000,0.000000,0.129185,1.384600,0.000000,0.000000,3.238125,6.300334
0.079066,0.000000,0.534000,3.875073,0.000000,0.000000,0.000000,0.000000,0.000000,1.476758,5.765855
0.000000,0.000000,0.000000,2.348967,1.671706,0.000000,0.253401,0.000000,0.000000,0.000000,0.000000
0.000000,0.000000,1.365046,2.408503,0.000000,5.424540,0.282304,2.350817,0.000000,4.865268,0.000000
1.580510,0.000000,0.000000,0.000000,0.000000,0.000000,0.000000,2.506692,0.000000,0.000000,0.000000
0.000000,0.000000,3.924846,0.000000,0.698189,1.507722,3.863628,0.000000,0.000000,0.000000,14.283811
6.952203,9.498412,3.126448,0.000000,3.090936,0.000000,1.121752,0.000000,7.555024,0.000000,0.000000
0.000000,0.000000,0.000000,3.940080,0.000000,2.373047,0.428355,1.853704,0.000000,0.000000,0.000000
0.000000,2.334253,8.747058,0.101765,15.075708,0.000000,2.264396,0.908585,0.000000,0.000000,1.417746
0.000000,2.044988,3.993618,0.000000,0.000000,0.000000,3.458025,0.629954,1.136988,0.000000,5.649700
0.683365,0.000000,4.312647,6.407321,0.000000,0.000000,3.785050,3.322304,9.809279,3.520615,0.705231
0.000000,0.164978,0.000000,0.000000,1.494887,0.000000,0.000000,2.260681,0.172959,0.000000,2.226720
0.297846,0.000000,0.083530,0.000000,0.755273,1.934754,0.000000,0.000000,1.199486,2.469228,1.714273
0.000000,4.860909,0.000000,3.434717,0.419812,0.255628,0.000000,0.000000,0.000000,1.440518,3.966847
2.254984,0.000000,0.000000,0.000000,4.011738,0.000000,3.491468,1.030425,4.160698,0.000000,10.454715
1.138363,1.113481,3.472384,3.568380,4.700355,0.247005,0.000000,3.979135,0.000000,2.173141,0.000000
0.000000,0.000000,2.655950,0.653936,2.195121,0.000000,0.789796,0.000000,0.000000,0.000000,7.829686
0.530343,0.173723,0.000000,5.246017,5.376863,2.560622,0.502016,1.073227,0.214485,1.217596,0.000000
1.629641,2.468361,0.000000,9.917648,0.000000,1.866872,2.999154,2.520358,5.119521,5.934404,0.000000
0.000000,5.292227,0.000000,0.000000,0.390200,3.112680,20.625107,0.541201,7.106789,1.750546,0.000000
2.252759,0.000000,2.043355,6.323854,1.397242,0.000000,0.000000,0.000000,1.526143,2.721857,3.239767
3.427003,0.000000,3.718127,0.000000,0.000000,0.000000,0.000000,1.505619,4.225975,3.085014,0.000000
0.000000,0.000000,4.020884,2.528799,0.000000,0.000000,6.636429,2.562843,3.129722,0.000000,0.000000
4.766422,4.734488,0.000000,1.571106,0.000000,0.000000,0.000000,0.000000,0.000000,4.679942,0.000000
6.373056,2.933604,1.242506,0.326963,2.487797,0.000000,2.620033,0.000000,0.000000,2.886246,4.838453
0.686314,0.000000,5.712486,2.983050,9.408087,3.099794,1.429135,9.606710,2.257494,0.000000,0.759068
0.000000,5.662346,0.087063,0.000000,0.000000,0.000000,0.000000,1.612201,12.743904,0.000000,0.000000
0.000000,0.000000,7.747254,2.464241,2.435175,3.150721,0.688738,2.351756,0.000000,5.450809,0.000000
0.000000,0.000000,0.000000,1.351910,6.382704,1.783627,5.209993,0.000000,0.000000,0.000000,6.043973
0.987951,0.000000,0.000000,0.000000,0.000000,0.000000,6.701126,0.000000,2.312838,1.959955,0.000000
4.552253,0.000000,0.000000,0.000000,0.000000,0.000000,0.454121,9.194980,3.363469,7.046497,6.991218
0.000000,0.398340,0.000000,0.000000,10.635091,0.000000,3.898387,0.000000,0.465010,2.504057,3.512854
0.000000,0.000000,0.000000,0.000000,0.000000,0.000000,0.000000,0.718951,0.000000,0.000000,2.121316
0.000000,6.671460,2.391248,0.000000,0.000000,5.308978,0.000000,0.000000,0.836079,3.856003,0.000000
0.000000,0.000000,0.816106,5.290106,2.817187,4.295105,11.672110,5.488069,6.280040,20.084144,0.000000
0.605571,0.000000,1.082777,8.521078,1.001364,2.950052,0.000000,2.702347,7.717259,4.418453,0.000000
0.000000,20.368008,0.000000,0.000000,7.333671,5.157078,2.449264,0.000000,8.953169,0.000000,0.000000
1.211983,0.000000,0.000000,0.000000,0.000000,0.000000,0.000000,0.000000,0.000000,0.000000,0.000000
3.523369,1.413114,0.000000,0.000000,0.000000,1.160216,16.242258,17.356641,9.687293,1.509960,4.148338
0.000000,2.550955,1.726722,0.898311,2.781565,0.560889,0.000000,0.636749,0.575257,0.000000,0.000000
0.000000,0.000000,0.000000,0.000000,0.000000,3.061374,5.209174,0.000000,0.000000,5.252070,1.376091
1.228959,3.133516,0.000000,0.000000,0.000000,1.916460,0.000000,0.000000,0.000000,7.357377,0.859805
0.478650,3.978421,0.000000,1.586708,0.000000,0.000000,0.000000,0.000000,2.312980,7.492470,0.000000
8.501479,0.000000,0.000000,1.468342,0.000000,0.091517,0.000000,0.309128,7.642540,0.000000,0.000000
0.000000,4.930498,0.000000,4.749560,0.000000,3.447025,0.000000,0.000000,0.000000,0.000000,4.913204
5.611262,0.000000,0.880547,0.000000,3.074312,0.000000,0.000000,0.000000,5.543060,0.000000,0.000000
4.729627,5.242241,1.015570,1.912934,0.854257,3.965568,0.000000,1.332002,0.000000,1.333919,0.000000
0.000000,0.000000,4.852900,0.000000,6.880957,3.598870,0.000000,0.000000,0.000000,2.313441,1.981872
0.000000,2.654494,0.000000,0.000000,1.557971,0.000000,3.871900,8.616419,0.000000,0.000000,0.000000
0.000000,3.381923,0.592901,5.318475,0.000000,4.665061,3.352512,0.000000,9.372336,7.456228,11.050929
1.936702,0.000000,10.468277,0.327281,0.000000,0.000000,0.995411,0.000000,0.000000,1.885429,0.000000
0.395191,0.000000,0.000000,0.457075,0.000000,5.846238,0.000000,3.260113,16.187927,4.460184,2.384888
0.000000,0.035997,0.000000,0.000000,0.000000,0.000000,0.325615,0.000000,4.775784,0.000000,0.000000
0.000000,4.663021,0.000000,2.025730,0.000000,2.478309,8.743839,0.000000,0.000000,2.595079,0.000000
0.000000,0.000000,6.503601,9.657928,6.753695,0.000000,3.239492,2.337639,0.000000,0.000000,7.559544
8.350371,0.000000,0.000000,5.582357,0.000000,0.000000,3.698084,0.864383,0.000000,0.000000,0.000000
0.000000,1.239293,4.096209,0.000000,5.480642,9.340399,0.000000,0.000000,0.000000,0.000000,4.894602
0.000000,0.617254,0.000000,0.000000,0.000000,0.000000,0.000000,0.000000,7.417778,0.000000,3.968139
3.580234,3.565698,0.628262,5.909857,11.609341,4.743556,9.191997,0.000000,13.383995,1.911338,0.895641
0.333204,5.058384,9.871176,0.000000,0.000000,0.000000,1.182298,0.000000,4.575842,2.149338,0.000000
0.000000,0.000000,6.025072,15.154257,11.211137,1.503512,2.297597,3.552935,0.000000,0.320958,1.973512
0.000000,1.779673,0.000000,0.000000,0.000000,5.643667,0.000000,0.000000,4.793993,0.000000,2.745889
0.000000,0.000000,4.480898,25.284701,0.626465,3.086831,0.452802,10.392873,5.010374,5.742063,1.747551
9.079447,0.000000,4.389016,0.000000,7.590359,0.151571,0.000000,6.365592,0.000000,0.795879,2.666872
10.647452,0.000000,0.000000,0.961974,0.972604,2.664671,7.751549,2.305480,0.915095,0.000000,1.836050
1.795808,0.000000,0.000000,0.000000,0.000000,0.000000,0.000000,0.000000,4.575557,7.603511,11.338716
0.000000,0.000000,0.000000,0.000000,0.000000,0.000000,0.000000,2.487994,0.000000,0.000000,3.229133
0.000000,0.485425,4.537989,5.875233,0.000000,3.847457,20.776761,0.310279,8.338037,0.000000,0.000000
14.845692,0.000000,0.000000,0.106897,0.000000,15.532694,0.000000,0.859271,15.022955,0.863861,2.649635
0.000000,7.627886,0.306084,2.915747,0.000000,1.422470,1.108539,0.000000,0.000000,0.751957,0.000000
0.000000,0.000000,0.000000,2.746924,2.204956,0.000000,11.126547,9.954287,3.778504,7.380311,0.000000
1.568792,0.381313,0.000000,1.351252,0.000000,0.000000,0.224983,0.000000,5.124670,4.161223,0.000000
0.000000,5.217237,7.135179,0.000000,7.760858,11.862235,4.233962,0.000000,12.282444,3.311264,0.000000
0.865484,0.000000,0.000000,5.632050,0.000000,0.846093,3.889137,0.000000,10.410549,3.165993,0.000000
0.000000,0.000000,0.000000,6.009518,0.192974,5.313087,0.000000,0.000000,9.121230,10.977023,0.000000
1.864529,2.908105,0.000000,8.049607,5.008938,9.757414,0.000000,1.368568,0.000000,0.000000,0.000000
0.321686,3.958119,1.221561,0.000000,5.524934,0.000000,5.250639,10.252630,24.580485,0.000000,4.878940
0.000000,14.308525,0.000000,0.000000,1.686686,0.000000,0.000000,0.000000,0.000000,0.000000,0.000000
4.418160,0.000000,1.619456,1.908648,2.431821,2.298033,0.000000,0.000000,0.000000,0.000000,1.996168
0.000000,5.312748,5.562698,12.881987,0.000000,0.000000,1.486720,2.528477,3.794905,0.567225,0.000000
13.288110,2.278227,0.000000,0.000000,5.019415,0.000000,0.144732,0.000000,5.626002,0.000000,17.803839
2.316002,3.234553,0.000000,0.000000,8.800754,0.461605,0.000000,4.364117,3.672104,3.729064,0.000000
9.612739,1.152476,3.295080,7.873791,0.000000,3.155189,0.000000,0.000000,1.004543,0.000000,3.541485
0.000000,9.704645,14.045858,0.476642,0.000000,1.864301,0.000000,0.000000,1.449789,5.158382,0.000000
1.255537,2.485498,7.219347,7.967725,0.000000,0.000000,0.000000,0.183353,0.000000,0.000000,1.862307
0.000000,3.923550,1.150314,0.000000,5.219161,1.074961,1.981314,0.000000,21.134098,5.087156,0.000000
0.000000,2.023118,0.000000,0.000000,0.000000,8.301228,7.187398,0.000000,2.184527,0.570233,0.000000
13.399890,0.000000,6.033762,0.000000,4.501558,3.941192,2.644131,9.469483,0.000000,0.938059,0.000000
9.997867,0.000000,6.331965,1.506508,0.000000,1.423760,0.000000,5.099486,8.449055,0.000000,0.000000
0.000000,0.000000,0.000000,4.780737,0.363055,28.375552,0.000000,0.000000,0.000000,4.052891,0.180850
0.000000,1.891526,8.392723,0.000000,0.000000,2.931390,5.732808,0.000000,0.000000,1.316332,8.944320
0.000000,5.161626,4.091237,2.877462,3.862145,0.000000,1.959124,1.449898,0.000000,6.670297,4.214985
0.219439,3.667904,6.213025,0.000000,0.000000,1.281889,0.000000,0.000000,1.159625,0.000000,5.477164
7.465016,15.286961,4.961908,0.547907,0.000000,0.000000,0.000000,0.000000,0.000000,0.934005,5.077745
6.271670,0.946387,0.000000,1.501549,0.000000,0.000000,18.409262,0.000000,14.897897,1.817342,0.702565
0.000000,6.514209,0.000000,4.191296,1.684867,0.000000,2.115826,0.000000,4.667850,0.000000,15.998575
0.000000,0.000000,0.000000,14.109112,11.495930,0.000000,0.000000,3.630014,0.000000,0.000000,0.000000
4.539411,0.394909,3.317035,1.506185,0.000000,4.231547,0.000000,7.517560,0.000000,19.044330,0.000000
0.000000,6.816753,0.279311,3.729149,0.126657,0.000000,4.168649,9.280422,0.000000,0.000000,4.089882
0.000000,0.000000,7.639752,0.000000,5.254283,0.000000,6.319251,2.039330,0.000000,1.130467,0.000000
4.407867,2.050426,1.862363,0.000000,6.471680,9.101989,4.415170,2.564297,0.000000,2.609099,5.135917
0.000000,15.280958,6.439884,0.000000,6.141575,0.000000,0.000000,3.692360,0.000000,2.416445,3.183024
0.000000,0.000000,1.114297,0.000000,0.000000,5.719513,3.073732,2.319655,0.000000,0.000000,1.165027
12.122609,0.000000,0.000000,0.000000,0.000000,0.000000,3.528792,0.000000,0.000000,1.490241,5.494562
2.264964,0.000000,3.017443,3.930915,1.263382,0.000000,3.484768,0.000000,26.993434,5.477845,7.922197
0.000000,4.177847,0.000000,1.842561,0.000000,2.455255,6.964721,1.775595,0.000000,0.000000,26.420921
9.624895,0.000000,4.079301,1.819564,2.973496,0.000000,0.000000,3.408076,0.000000,4.148487,1.000519
5.965894,0.000000,0.000000,0.000000,4.727751,0.000000,0.000000,3.924062,0.000000,6.260094,0.379246
14.921774,1.353850,12.290556,1.739468,3.074835,7.937630,7.590876,0.000000,0.000000,0.000000,5.225142
0.784374,0.000000,0.000000,0.971183,5.994856,8.910071,0.000000,15.774274,2.255616,12.465363,0.000000
0.000000,15.311100,2.463484,0.000000,0.000000,2.942521,0.000000,0.000000,0.000000,5.387812,2.762560
1.907448,0.000000,0.000000,7.658462,7.000814,15.733112,19.520572,0.118089,18.267003,7.738517,0.000000
8.156116,0.000000,0.000000,0.000000,12.202836,0.000000,0.000000,23.429185,0.921400,0.000000,12.214910
22.740008,0.000000,5.765544,0.000000,14.065088,1.507971,0.000000,0.000000,0.000000,7.071589,0.000000
0.250731,7.058050,0.000000,0.000000,0.000000,1.457087,0.412454,4.082983,9.093243,10.593849,9.756662
5.053106,0.000000,3.296946,0.000000,0.000000,0.000000,17.608726,4.667863,0.000000,0.000000,0.000000
6.887601,4.152346,0.000000,2.772277,4.317200,0.000000,2.056513,3.080851,0.000000,3.458590,0.000000
0.000000,1.527766,10.753586,0.000000,6.211528,8.850335,0.000000,2.462257,1.576730,0.000000,10.918581
4.832626,0.000000,0.000000,1.009176,1.887666,11.340326,6.627340,0.000000,3.855766,1.462213,4.017162
4.544435,4.581267,6.225498,8.664785,0.000000,0.968659,0.000000,2.732947,8.902295,3.085125,0.000000
9.450191,0.000000,1.247523,10.563886,4.274689,3.542579,16.378988,0.000000,16.757969,7.714668,0.000000
0.000000,0.000000,1.345684,0.000000,0.000000,4.983465,0.000000,1.718885,0.000000,0.142490,0.000000
2.003241,2.324898,11.370119,0.000000,0.000000,0.000000,5.709148,0.000000,8.292670,0.884403,4.942341
0.000000,0.000000,0.424201,21.529876,0.000000,5.191886,2.106151,0.000000,0.000000,0.000000,0.000000
10.657942,0.000000,3.631892,0.000000,2.612605,11.613558,0.000000,0.000000,0.000000,0.000000,6.097009
6.761909,0.000000,1.619981,8.154952,0.000000,2.039629,0.000000,2.886480,4.028548,0.000000,0.000000
0.201821,0.000000,0.000000,0.000000,18.581290,0.000000,9.116770,13.429713,0.000000,0.000000,12.929922
4.409996,2.895044,17.450913,0.000000,0.000000,2.317715,0.861826,0.000000,9.042737,0.000000,0.000000
13.744287,0.000000,7.071798,0.000000,6.132486,6.771830,1.149628,0.000000,6.450771,0.147243,1.576231
5.765692,0.438005,0.000000,5.067004,0.000000,3.525241,0.000000,18.842283,0.000000,23.156504,5.806720
39.285424,6.101568,0.000000,0.000000,16.713027,4.521402,5.264942,5.515377,14.713112,0.000000,0.000000
1.313301,0.000000,4.019868,0.000000,6.015129,0.000000,18.151597,2.989846,0.885105,7.370269,0.000000
6.393431,0.000000,0.000000,0.000000,0.000000,4.995993,28.835567,0.000000,13.360161,0.000000,0.000000
0.000000,0.000000,2.775206,0.000000,3.534530,0.000000,0.000000,0.000000,2.309148,5.844300,1.713010
4.940094,6.950573,0.000000,6.323652,1.655036,0.000000,0.046939,6.036277,0.000000,3.686284,0.000000
6.200981,6.077515,0.000000,4.492788,0.000000,1.793117,1.512880,0.000000,11.830663,1.289536,0.000000
0.000000,0.684302,0.000000,19.071235,0.000000,0.000000,9.656498,2.722937,24.790415,34.210690,0.000000
10.099180,0.000000,0.896110,0.000000,11.860829,0.000000,0.000000,0.000000,4.344774,0.000000,1.372669
0.000000,0.000000,1.959594,13.756386,2.180131,0.000000,0.000000,11.003085,0.000000,0.000000,10.662301
0.000000,0.000000,0.000000,0.000000,0.000000,0.299763,3.456427,0.000000,3.506066,0.000000,0.000000
0.000000,0.000000,8.396370,0.000000,12.294361,0.790881,0.000000,0.000000,0.782458,0.000000,0.000000
3.538344,4.300889,1.904894,11.591635,32.778148,1.973736,0.000000,3.267898,6.486702,14.127814,8.019216
5.872334,0.000000,4.607377,2.762371,0.000000,0.000000,4.791704,5.974593,2.529143,0.000000,0.000000
0.000000,0.763067,1.740313,0.000000,4.627279,2.328748,0.000000,0.000000,17.767375,0.000000,1.522509
1.832019,0.000000,0.000000,0.000000,0.000000,3.195452,30.653091,1.092090,0.000000,0.688314,0.000000
4.682033,0.000000,2.951017,5.394139,0.000000,10.450277,0.000000,0.000000,1.714255,13.024407,0.000000
4.707291,0.000000,0.000000,0.000000,24.096342,12.739506,1.454919,0.000000,0.000000,0.000000,7.997355
0.281348,1.583657,2.214045,0.000000,0.924000,11.497723,0.622787,5.797289,1.444267,1.072033,0.000000
6.604161,0.000000,0.000000,6.144346,0.000000,4.366089,0.000000,0.000000,0.000000,1.933702,7.832857
0.251094,0.000000,0.000000,0.000000,0.000000,0.000000,0.000000,0.000000,3.682530,0.000000,0.000000
0.748443,0.193948,7.979634,0.000000,0.000000,0.000000,0.000000,1.615476,3.798990,0.000000,0.000000
2.205672,0.000000,15.045138,0.556000,0.000000,7.222339,1.270362,0.000000,12.121881,0.252510,3.093240
0.000000,0.884920,10.399984,6.649417,4.867558,0.000000,1.185017,0.000000,0.502403,4.860319,0.000000
1.465894,0.000000,0.000000,4.288040,1.095315,0.000000,0.000000,4.949863,0.000000,0.000000,0.000000
0.000000,0.000000,11.040621,0.000000,0.000000,0.000000,4.112038,7.772367,0.000000,1.136391,0.000000
0.000000,3.189157,3.731338,0.000000,0.000000,4.748557,0.000000,0.000000,0.000000,0.000000,0.000000
0.000000,4.442870,0.000000,2.170818,0.000000,0.000000,11.955470,5.956008,11.619676,0.000000,10.582503
0.000000,10.462061,2.153300,1.286957,0.194484,1.389987,2.739417,18.115794,7.219381,1.664878,0.000000
0.000000,5.192594,0.000000,7.557577,1.288488,0.000000,0.000000,6.842183,5.607287,8.102092,0.284592
3.801285,1.948030,2.082032,7.690695,2.650152,7.563124,0.000000,1.420299,5.842648,0.000000,11.987859
0.207030,7.429248,0.000000,0.000000,6.942973,1.489246,1.701467,11.017360,0.000000,0.000000,7.495315
2.722895,0.609174,0.585477,2.398001,3.069155,2.195030,6.831141,2.467393,0.000000,4.929138,1.654030
8.830855,0.000000,7.984949,5.463809,0.000000,14.845979,6.241870,0.000000,0.401925,0.000000,6.551556
0.609016,0.563966,0.000000,2.064538,1.857800,0.102398,0.000000,0.000000,5.340703,1.983757,1.568200
0.000000,0.000000,0.000000,0.000000,3.479213,0.000000,0.000000,0.000000,0.000000,0.301882,0.938512
0.000000,0.000000,0.000000,0.000000,0.000000,10.491190,16.434432,0.000000,11.526098,1.267224,13.994260
12.308328,0.000000,7.395797,1.250719,0.000000,0.000000,0.000000,2.211858,25.531639,0.000000,0.000000
0.000000,1.749841,0.000000,20.321546,2.375317,9.455506,0.000000,1.900082,0.000000,12.136600,6.809687
1.269545,0.000000,0.000000,3.745448,0.040124,0.000000,0.593807,0.000000,0.000000,0.000000,0.749081
0.000000,0.828262,0.000000,4.604864,14.942751,0.000000,4.081257,13.630198,0.000000,0.000000,0.000000
0.000000,1.591918,1.826899,0.000000,2.162769,27.949022,5.387530,8.234128,0.000000,0.000000,4.456803
12.591686,4.005000,0.535171,10.576925,2.981454,15.242089,0.000000,0.105912,0.000000,0.000000,5.699054
3.475452,0.000000,1.291962,3.784241,16.636772,8.578574,4.477262,9.274964,0.710369,2.693669,9.090184
0.000000,6.312470,0.000000,0.000000,6.103821,0.000000,0.000000,7.355587,5.774020,0.000000,0.000000
5.456165,0.000000,0.000000,23.183049,5.199705,12.553982,9.110341,1.888194,0.825484,0.367380,0.000000
0.000000,4.224203,5.980323,11.317544,0.000000,0.000000,2.611922,0.000000,7.746295,0.386104,3.759294
1.970622,6.338144,4.328938,5.459362,3.937127,0.000000,0.000000,0.939217,5.050035,6.943198,0.000000
0.000000,0.000000,2.656581,0.000000,1.414910,0.000000,0.258433,0.000000,3.244460,0.131559,11.281045
0.000000,0.000000,2.765498,16.854699,0.000000,1.827995,0.720590,4.513965,0.000000,0.000000,12.860256
4.244038,0.000000,6.210474,1.670674,0.000000,0.000000,4.682198,0.596834,8.228143,5.735724,0.000000
2.731217,5.024837,0.000000,0.157279,0.000000,0.871772,0.804693,0.000000,1.208528,0.689223,0.000000
11.724395,2.538265,0.000000,0.000000,5.791045,3.049445,9.909409,6.556647,7.652885,9.416331,0.000000
0.000000,0.000000,0.000000,0.000000,1.841306,30.111723,0.616400,0.000000,7.474087,14.976772,0.000000
6.970276,0.000000,0.000000,0.000000,0.000000,0.176160,9.026458,0.000000,0.000000,0.000000,3.491803
8.190265,1.482363,4.096413,0.539783,0.000000,3.439340,0.000000,6.756384,2.527366,4.507286,0.000000
0.000000,0.000000,6.064009,0.000000,10.021622,3.036517,0.000000,3.886694,0.000000,9.610375,5.008860
0.000000,2.196694,7.582032,22.535779,22.912327,0.000000,6.541993,24.180600,1.665762,7.251734,12.562818
2.987304,10.628870,0.000000,0.000000,0.000000,0.000000,1.282609,0.000000,0.000000,0.521381,1.735040
8.323937,2.687781,1.164824,3.287428,0.000000,0.000000,1.598146,0.724021,4.942393,0.000000,0.000000
10.614092,0.615940,0.000000,0.244256,0.000000,0.000000,4.847558,0.000000,8.271539,5.754219,0.000000
2.161568,2.531622,0.000000,0.000000,1.824452,9.406654,1.627378,0.000000,0.000000,1.177479,0.000000
5.748471,8.959258,0.000000,2.366553,10.241771,3.920459,1.730395,0.000000,0.483977,2.475954,2.919353
0.000000,0.000000,0.000000,8.999795,0.000000,0.000000,0.000000,5.985434,5.742656,0.000000,0.000000
0.000000,0.000000,0.000000,0.000000,0.000000,4.475927,0.000000,0.000000,10.298174,1.624474,1.318812
0.000000,5.691736,0.691367,0.205749,0.907622,1.537776,1.830507,0.000000,0.154695,11.058471,7.387964
5.351352,0.000000,0.000000,16.887343,0.000000,19.493480,0.000000,0.000000,5.695475,4.049684,0.000000
0.000000,10.420132,8.406193,0.000000,8.884483,10.191268,0.000000,1.045968,0.000000,3.787577,0.000000
2.430882,0.000000,2.989757,0.000000,0.000000,0.935353,3.308738,6.281936,2.517022,3.607066,0.000000
11.389682,5.471633,0.000000,4.504903,0.000000,0.000000,0.000000,0.000000,0.000000,6.344208,2.323052
8.077102,0.000000,0.000000,1.675230,7.099609,0.634300,0.000000,0.000000,0.000000,0.000000,0.000000
0.000000,0.000000,0.000000,0.000000,6.224302,3.654242,0.000000,3.428477,4.263531,0.000000,0.000000
2.170368,0.000000,0.000000,1.508114,0.000000,1.330738,1.814502,1.943695,3.009314,19.361308,0.000000
1.179036,0.000000,8.215100,4.814149,3.057501,0.000000,0.000000,0.000000,2.851953,0.000000,12.743213
0.000000,2.897414,0.000000,2.341563,4.301149,0.000000,5.286907,1.943920,0.000000,0.000000,2.517618
0.000000,0.000000,8.673417,10.255154,4.725061,0.000000,1.241109,5.602160,0.000000,0.000000,0.000000
0.000000,0.000000,2.034295,7.758431,0.000000,2.579109,0.000000,9.693465,11.602616,3.834385,5.532415
1.783180,6.264187,7.305055,6.173810,0.000000,0.000000,28.842858,0.000000,2.293154,0.000000,0.000000
1.240687,0.000000,0.000000,3.993189,1.671654,4.895116,0.016631,3.260604,7.851009,2.337068,0.000000
1.954856,0.000000,0.000000,2.236415,2.173013,5.110946,0.000000,0.000000,2.172603,0.000000,4.061004
7.748558,0.000000,0.000000,0.314288,0.000000,0.000000,0.000000,3.130654,2.184349,0.000000,0.000000
0.000000,0.000000,9.105517,0.733532,0.000000,0.000000,0.000000,31.044474,0.000000,9.591418,0.000000
0.000000,6.498246,2.388579,2.437465,0.000000,0.000000,0.000000,3.380680,0.000000,0.789840,1.919053
3.778686,3.960050,0.000000,0.000000,0.000000,0.000000,12.064453,0.000000,0.000000,1.332605,0.000000
0.000000,1.357922,0.606139,0.000000,13.730214,2.538412,0.000000,2.754261,2.216823,0.000000,1.756149
9.959795,0.000000,1.402563,0.000000,4.937901,0.000000,1.769761,0.791076,4.136690,0.000000,0.000000
0.000000,0.000000,0.000000,7.699197,0.000000,0.000000,6.610609,0.000000,4.548406,9.544663,4.842939
1.518232,9.446964,0.000000,0.000000,0.334796,0.279884,10.386732,0.000000,0.000000,0.000000,0.000000
6.882020,0.000000,12.506402,6.584214,0.021809,6.165516,2.788021,3.438759,3.611651,0.000000,0.000000
0.000000,1.941979,0.000000,0.000000,4.664026,2.073541,4.614601,0.000000,0.000000,1.519972,2.922510
0.000000,2.843716,0.000000,0.807943,2.943406,0.000000,6.065479,3.954956,0.742088,1.306266,9.484010
5.678782,0.000000,2.531018,0.929732,2.755291,0.000000,1.673342,6.609927,2.532980,6.065098,7.641882
1.585347,5.610352,14.971780,0.922854,0.000000,0.000000,0.000000,0.000000,3.428909,0.000000,0.216658
0.337000,7.231146,0.000000,0.000000,6.896888,5.318949,0.000000,0.000000,0.000000,1.838511,0.000000
3.690597,0.000000,0.477914,1.421378,6.994882,0.000000,0.000000,14.670733,0.000000,0.000000,10.803641
0.000000,0.000000,0.000000,0.000000,0.000000,0.000000,2.368884,2.544242,0.000000,0.000000,0.000000
0.000000,3.228413,5.734102,1.720439,6.344535,1.314980,0.000000,0.763775,5.698129,0.000000,0.899385
11.472014,6.309787,0.000000,1.741926,3.803203,0.000000,3.970193,0.000000,0.000000,4.478087,4.637407
0.000000,0.000000,6.727141,0.000000,2.264522,0.000000,0.000000,0.000000,1.458362,0.000000,8.408960
2.116305,0.000000,10.105887,2.386390,0.000000,0.000000,6.730500,7.816627,0.000000,0.268741,0.000000
4.274228,13.349642,0.000000,0.000000,5.019364,0.000000,2.599505,0.000000,2.730980,0.000000,3.693119
2.392117,0.000000,0.000000,0.000000,0.000000,4.862477,0.000000,3.195332,3.036422,0.445355,0.193024
0.000000,0.000000,1.634133,10.103208,0.000000,1.493681,0.329590,0.000000,0.000000,0.000000,0.000000
1.497303,0.000000,0.970197,0.591680,0.000000,0.000000,0.000000,4.922721,1.846834,1.208635,3.535127
0.000000,10.732213,0.000000,4.784056,0.000000,0.516172,4.271156,0.000000,7.082904,1.545092,3.015953
7.041715,2.174128,4.495111,0.000000,0.327817,0.408767,1.980347,4.475565,8.461935,0.000000,0.000000
11.551382,0.000000,0.502025,0.000000,5.182718,0.000000,0.000000,0.000000,0.000000,5.186218,0.000000
5.633115,14.419895,1.440889,0.000000,8.569969,2.716143,0.000000,7.711052,1.995675,0.000000,0.000000
4.354450,0.000000,0.325532,0.000000,0.000000,3.890735,2.290951,1.312662,0.000000,0.000000,0.000000
2.448961,1.485974,0.416361,0.000000,4.775312,0.000000,0.000000,0.000000,4.925229,2.315750,4.215782
6.697890,2.465080,0.000000,5.619197,0.000000,0.000000,0.000000,4.037129,0.000000,0.000000,1.787969
0.821973,3.023202,0.000000,10.010099,0.000000,8.409966,5.069365,8.542300,2.449931,9.888957,0.000000
0.000000,3.093375,3.786775,0.000000,3.689053,1.732353,3.262818,0.000000,0.000000,4.931907,1.448728
0.645472,0.000000,7.981127,1.702691,0.000000,7.769995,0.268053,6.341778,0.050747,1.677015,0.635894
0.964077,10.151546,7.648926,0.000000,4.577478,0.000000,0.000000,2.363291,0.000000,5.034677,0.000000
19.357629,1.909516,14.271414,0.124779,0.000000,6.805611,0.000000,4.626587,0.000000,6.235761,1.226688
5.908906,6.115941,0.000000,11.660164,6.708927,0.000000,6.755581,0.562351,0.951611,0.000000,4.834328
2.004587,3.894364,1.292061,0.000000,9.055506,4.093968,0.000000,0.000000,0.000000,4.751195,0.000000
0.000000,1.001740,0.467051,0.000000,0.665480,1.351644,1.318820,3.737386,3.956568,3.203402,0.000000
1.307111,0.000000,1.530389,2.238270,2.969023,0.000000,0.000000,1.031202,10.617870,0.889459,0.000000
0.000000,0.000000,12.079445,0.474457,1.372296,0.765552,0.000000,2.576658,0.000000,0.000000,0.000000
0.000000,0.257620,0.000000,1.713445,1.089379,0.000000,2.158623,0.000000,0.987342,0.862108,5.276738
4.913747,1.227316,3.588892,0.000000,0.026230,0.000000,1.766850,1.737935,3.040768,0.000000,0.000000
5.852966,0.000000,7.081141,0.000000,9.984086,0.000000,0.000000,0.000000,2.357189,0.000000,0.000000
0.140040,0.258493,0.000000,0.000000,5.629129,2.221483,0.000000,0.793543,0.285619,1.791628,0.000000
1.127523,0.000000,0.000000,0.000000,1.581726,0.000000,0.000000,0.000000,1.312544,3.033426,0.000000
0.000000,0.000000,0.000000,2.686794,2.663439,1.020109,0.000000,0.476177,0.000000,0.000000,0.000000
0.402349,3.898246,12.245663,5.670100,0.000000,0.000000,0.396165,0.000000,0.000000,0.000000,3.513904
1.919521,1.663399,9.869985,11.479489,0.000000,0.000000,0.000000,1.416355,4.201672,0.000000,0.000000
2.768755,1.978634,3.164099,0.000000,1.106344,0.000000,0.000000,0.000000,0.000000,1.286582,2.892654
0.000000,8.953359,0.000000,0.000000,0.000000,0.000000,5.249659,2.952679,0.000000,0.000000,1.128664
0.000000,4.212246,0.000000,4.214794,4.643670,0.055330,1.074285,7.033520,5.813531,11.360678,4.138754
6.340623,4.687503,1.375763,8.030443,0.000000,5.956108,1.612165,0.000000,0.000000,0.919286,4.062802
2.109244,0.000000,5.015276,0.359719,0.000000,0.000000,10.043550,1.960168,0.000000,0.000000,1.008504
8.858187,12.577366,0.000000,1.767620,0.000000,0.000000,2.884340,0.000000,8.773737,1.435396,0.000000
0.000000,3.256092,1.477153,1.410791,0.000000,1.448687,2.111034,0.000000,0.000000,4.240836,0.000000
2.217817,1.186653,1.255554,0.000000,17.389997,0.000000,0.000000,0.000000,3.639406,0.000000,0.000000
1.839433,5.717186,4.398334,0.000000,8.193769,0.000000,1.569518,2.559334,0.000000,0.000000,0.189535
0.558703,0.000000,0.000000,2.005395,0.000000,3.570456,1.578687,0.000000,0.524110,2.979246,0.000000
2.320368,0.000000,7.447712,0.000000,14.693875,0.000000,4.144338,6.094274,6.987967,3.161095,0.841691
2.873288,8.125373,5.239232,0.000000,1.822321,5.221577,3.970707,1.204421,0.000000,0.000000,4.103992
0.000000,0.924312,0.000000,0.000000,0.000000,0.000000,0.000000,8.391131,1.625349,0.000000,0.000000
0.000000,5.100765,0.000000,0.000000,3.946913,0.000000,1.711637,2.993646,0.000000,0.000000,3.429380
0.000000,0.196136,0.000000,0.000000,2.541807,0.000000,4.548677,0.000000,3.120956,0.000000,3.571075
3.944202,7.247287,0.000000,1.708731,2.121646,0.000000,2.402251,3.044451,0.495371,10.128856,0.000000
0.000000,0.064138,2.860844,0.000000,2.489250,1.353869,9.588277,4.248862,5.295656,0.000000,1.317248
11.311773,7.396321,5.141954,0.000000,6.968019,0.000000,1.998401,0.000000,0.000000,0.000000,0.000000
0.000000,0.000000,1.524695,4.761580,0.000000,0.000000,1.162402,0.000000,0.000000,7.988868,0.000000
0.000000,0.000000,0.000000,1.215682,3.335957,0.000000,4.509408,0.000000,6.931630,0.000000,0.000000
12.004872,0.000000,0.000000,0.829126,0.000000,2.369167,7.921211,0.000000,0.000000,0.000000,0.000000
0.503328,7.117840,0.000000,9.501445,5.722990,0.183920,3.984260,0.000000,5.960812,0.000000,7.526694
0.000000,3.071841,0.000000,0.000000,0.422331,1.805731,0.000000,4.864268,1.485590,0.000000,0.000000
0.000000,0.000000,8.143477,8.290516,3.252697,0.000000,0.000000,2.566084,0.425104,4.128623,1.095853
0.000000,0.000000,0.000000,6.230118,1.961910,0.000000,0.338419,0.000000,1.776974,0.000000,2.154182
5.117421,0.000000,0.000000,0.078072,0.000000,4.143351,0.000000,0.546225,0.000000,0.263498,8.572311
0.000000,1.023521,0.439514,0.000000,14.608717,0.000000,10.999190,0.000000,0.000000,0.000000,15.490073
0.408786,0.000000,2.487482,2.193315,0.000000,0.000000,0.000000,0.000000,3.924761,0.000000,0.000000
0.000000,0.000000,0.000000,0.520074,7.172601,0.000000,5.676494,0.000000,0.000000,0.000000,0.906262
0.000000,0.000000,2.687039,0.000000,1.962421,1.430882,0.000000,0.000000,9.444343,0.908140,0.000000
4.866839,9.082162,0.000000,0.000000,0.000000,0.770656,2.052126,0.456873,0.000000,4.139785,5.029432
1.807480,9.442376,0.000000,6.262747,0.000000,0.000000,0.969998,4.283647,0.000000,0.000000,2.152192
0.871224,1.351419,1.421570,0.000000,2.864681,0.000000,5.248199,0.000000,0.000000,0.000000,0.000000
0.000000,2.336599,1.699960,0.000000,2.448413,0.000000,4.044996,4.206990,0.000000,0.000000,1.897784
0.000000,6.404775,0.000000,4.030563,0.000000,12.896981,1.639379,0.000000,3.254324,0.650083,0.000000
0.000000,4.264418,0.000000,3.426710,4.659620,5.536817,0.000000,0.718108,1.314621,7.044153,0.000000
0.000000,0.000000,0.000000,4.654603,4.662661,0.000000,8.345190,0.000000,0.000000,1.142580,2.041699
0.000000,1.667655,0.000000,2.934678,7.622743,8.009202,0.242393,1.137828,0.926651,0.000000,0.000000
2.093501,1.768898,8.325973,0.000000,0.000000,7.389350,6.663760,0.000000,3.119691,3.357119,0.000000
0.000000,5.953653,4.938199,0.000000,3.421889,0.000000,7.061682,0.000000,0.000000,3.161030,0.000000
3.889227,1.355050,7.776270,2.386939,2.047510,1.044531,0.000000,0.000000,0.000000,8.416864,0.000000
1.765771,2.747534,0.269958,0.000000,2.755377,0.000000,9.641450,0.000000,0.000000,0.000000,4.115715
1.009204,0.000000,0.000000,3.051262,7.487119,0.000000,5.156897,0.000000,0.000000,0.749956,0.000000
1.920339,0.758239,0.000000,17.523185,0.165824,2.810901,2.136310,0.000000,0.000000,0.000000,2.228462
0.000000,0.000000,0.145956,0.000000,5.504073,0.817865,1.488527,3.080449,0.000000,0.000000,1.141640
6.499587,0.763898,2.048669,0.813894,0.000000,0.000000,0.000000,0.031059,0.000000,0.000000,0.000000
0.000000,0.064036,0.000000,7.197518,0.000000,0.000000,4.752831,3.115793,1.826043,2.256829,0.035200
1.839778,2.542238,0.000000,1.809879,0.000000,0.000000,0.000000,8.438955,0.000000,0.000000,1.529150
0.000000,3.477616,2.981027,3.132450,0.000000,2.064112,5.057325,0.000000,0.000000,2.388521,4.611134
4.174299,0.000000,4.428419,0.000000,0.000000,3.824622,0.000000,0.000000,4.026106,0.000000,0.000000
1.671706,0.000000,0.000000,0.850354,0.000000,4.387101,0.000000,0.000000,0.000000,2.345478,0.000000
0.000000,0.000000,0.000000,1.877388,0.000000,0.000000,0.000000,1.114230,0.000000,2.984774,2.888148
5.727292,1.616285,5.638860,0.000000,0.000000,0.000000,0.000000,0.000000,0.000000,0.000000,0.000000
5.215121,0.000000,0.000000,1.440165,1.701415,0.000000,0.573819,0.000000,0.000000,1.007942,0.000000
0.000000,1.035763,3.580847,0.000000,0.000000,0.187642,4.872730,5.208209,0.000000,1.823063,0.000000
0.000000,0.632345,0.000000,0.000000,4.279044,0.000000,0.294704,1.438211,2.451021,0.000000,5.918970
0.000000,5.740062,1.406643,0.121829,0.000000,3.395763,3.050101,0.000000,2.364545,1.735836,0.000000
0.629498,0.246117,0.000000,0.017242,0.000000,4.422149,3.999291,1.496992,0.000000,0.000000,0.000000
2.125255,2.142884,5.319072,0.000000,0.695942,0.000000,3.089947,0.000000,0.000000,2.404919,0.803961
0.000000,3.680500,0.000000,0.126119,7.629291,0.343618,0.000000,3.825075,0.000000,0.000000,3.550146
0.000000,1.002126,0.000000,0.000000,0.000000,4.864446,1.574892,0.000000,3.937313,0.000000,2.768980
5.277707,2.070140,1.514233,0.000000,1.495137,6.993840,2.477121,0.000000,2.781154,1.776670,0.000000
3.980731,1.234139,2.365969,0.000000,0.000000,0.000000,0.000000,0.000000,2.873230,5.401861,6.824800
0.000000,0.000000,3.975573,0.000000,0.930682,6.725928,0.000000,6.573664,1.140623,1.070861,7.943066
0.000000,1.507913,1.955185,0.095617,1.216988,1.971622,0.000000,0.000000,2.598380,3.938331,0.000000
1.085263,0.000000,0.000000,0.000000,0.661155,0.409408,0.000000,0.000000,3.798246,0.988147,0.550355
0.000000,0.000000,0.000000,0.000000,0.000000,2.930929,11.895909,0.000000,0.000000,0.000000,5.972865
1.381140,0.000000,1.145705,0.000000,0.512690,0.000000,1.065316,0.240376,0.000000,1.902431,0.078928
6.429836,2.206543,0.159166,1.216657,0.000000,0.000000,0.000000,0.000000,0.000000,1.685740,1.840232
0.000000,5.437889,0.000000,3.661074,1.419415,2.764802,0.573111,0.000000,0.000000,3.731502,1.450353
0.000000,0.000000,0.793149,3.089797,8.041196,0.000000,0.000000,0.000000,0.000000,1.245427,0.000000
2.583873,2.875205,0.000000,0.000000,1.162246,3.539409,0.000000,4.250902,0.436990,0.000000,0.000000
0.000000,0.191417,0.000000,0.742032,0.000000,0.000000,3.084989,0.788280,0.000000,0.000000,1.416233
0.000000,0.000000,1.899462,0.000000,0.000000,0.000000,0.000000,0.000000,0.000000,7.449975,2.412927
0.000000,0.000000,0.568249,0.000000,0.000000,0.000000,0.943311,0.397864,0.000000,0.000000,0.000000
0.000000,1.723987,0.000000,10.321566,2.374855,0.000000,3.196759,0.000000,0.000000,0.000000,6.698015
0.000000,1.577433,0.000000,0.063773,4.144441,0.000000,0.000000,1.024372,0.000000,0.000000,0.000000
0.000000,2.915128,0.415507,1.702204,7.163767,0.000000,1.064553,3.508161,1.674217,2.939537,2.389999
0.000000,5.237002,2.828295,0.000000,0.132226,3.215320,0.968234,7.343843,1.682033,0.000000,0.000000
3.146831,0.000000,0.000000,0.853680,2.772268,0.000000,0.000000,0.213728,6.440221,0.000000,8.318009
1.555014,0.000000,0.000000,0.000000,0.000000,0.000000,1.871732,0.000000,0.000000,2.509073,3.327578
0.000000,0.599951,0.000000,0.000000,3.344621,0.000000,0.000000,5.046291,3.173723,2.203565,0.032973
1.477902,0.000000,2.131492,0.668995,0.000000,1.645019,0.551052,0.000000,1.059721,0.000000,1.569419
0.000000,0.000000,0.000000,5.741354,2.105359,0.000000,0.000000,0.000000,7.654451,1.854452,2.212486
0.000000,1.107684,0.000000,0.320050,1.170252,0.375837,1.318326,0.000000,3.301104,0.000000,4.991238
2.875875,0.000000,3.073510,0.000000,3.244482,6.472416,0.000000,2.026790,4.183303,0.000000,0.000000
0.000000,0.000000,3.806720,1.824732,5.194040,0.000000,1.346089,0.843854,0.000000,1.393716,0.953073
3.489031,0.000000,1.473769,4.119696,0.727080,0.229438,0.000000,1.247490,0.396219,0.000000,1.577148
2.526063,0.000000,0.000000,0.000000,1.727554,0.936057,0.000000,1.231998,0.000000,6.591544,2.976369
0.384809,3.998863,0.000000,0.000000,0.803092,0.000000,4.731604,0.000000,10.041385,4.453911,2.692301
0.000000,1.701652,3.489320,0.000000,3.021098,0.000000,0.108307,1.246532,0.000000,1.500783,0.000000
4.959332,0.768980,4.103898,0.000000,0.000000,5.649283,0.000000,0.471229,9.552766,0.000000,1.524910
0.000000,0.000000,3.529431,0.000000,0.000000,1.506934,0.000000,5.436135,3.628205,1.232761,0.698226
0.000000,0.000000,0.000000,2.375907,0.000000,0.000000,1.225247,1.687754,6.781330,0.000000,0.545976
0.000000,0.000000,0.000000,0.000000,0.271766,3.051357,5.400639,5.157566,0.000000,1.744441,4.607579
2.031408,0.000000,0.000000,0.000000,13.251424,0.000000,0.000000,0.000000,1.484123,0.898954,0.000000
0.000000,0.000000,0.000000,0.535660,0.000000,5.608067,0.000000,7.629395,1.867471,3.698765,0.000000
1.437606,0.000000,1.604546,6.255672,0.000000,17.159851,5.404709,0.000000,0.000000,0.000000,6.876626
0.000000,0.000000,0.804299,0.592009,0.660635,0.000000,0.000000,0.000000,2.075261,4.835866,0.000000
0.088586,4.230038,5.083778,6.541941,0.000000,0.000000,1.345828,0.332067,0.000000,0.000000,1.458312
8.964257,2.064754,0.000000,2.369465,0.209798,7.132827,0.000000,1.257498,1.441409,0.000000,0.429060
0.000000,0.000000,2.665906,5.169456,0.000000,0.000000,8.718032,0.097500,0.000000,0.000000,5.653086
0.000000,0.000000,7.938749,1.561351,0.502724,2.539033,0.682258,0.000000,0.000000,0.000000,10.659422
2.293651,0.000000,1.587054,0.000000,0.495260,0.775738,0.810461,9.485623,0.000000,1.654699,5.979011
0.140785,0.000000,1.247826,0.000000,4.494976,0.000000,0.000000,0.000000,6.097439,0.000000,6.679744
0.132360,0.000000,0.000000,0.818517,0.393669,2.942737,0.000000,0.000000,3.547216,0.000000,0.000000
0.000000,0.000000,3.630832,1.534540,0.000000,0.000000,0.000000,0.000000,0.175288,0.000000,5.716437
5.154512,0.993787,4.134289,0.000000,1.976692,0.000000,3.702107,0.000000,3.384697,0.000000,1.147082
3.654854,0.000000,0.000000,0.975890,1.174093,0.337022,10.421196,2.621486,0.000000,1.684299,0.000000
0.000000,0.254235,4.977354,0.000000,0.000000,0.000000,4.836071,7.491190,0.000000,0.000000,1.649193
4.614228,1.467067,1.424901,0.000000,0.000000,0.000000,2.795841,2.589870,5.684199,3.840861,0.621412
0.000000,0.000000,0.000000,3.942229,1.213519,0.830524,10.989999,5.776302,1.326792,0.000000,0.000000
4.501114,0.000000,0.000000,2.448112,2.161732,0.202858,3.752946,5.041282,0.037145,0.000000,1.144338
0.904652,0.000000,0.000000,0.000000,8.515674,5.161639,0.000000,0.000000,0.000000,2.668478,4.159265
0.000000,16.294329,0.554685,1.701202,5.388381,0.126609,0.000000,0.000000,2.822068,2.617269,3.481308
0.000000,1.994782,0.000000,3.978393,0.000000,0.000000,0.000000,0.000000,5.007279,1.350212,0.000000
2.563245,0.000000,0.691224,0.000000,2.863401,0.000000,0.000000,0.000000,0.000000,0.000000,0.132931
0.000000,7.497567,2.659320,6.896150,1.290393,0.722789,0.000000,5.559977,4.543600,0.000000,6.070316
3.027746,0.470260,0.000000,0.000000,0.000000,0.000000,4.304219,0.000000,0.000000,0.000000,0.153166
0.000000,3.274968,4.101980,0.968401,19.596728,0.000000,1.989076,6.588863,1.100053,0.554171,0.906170
0.000000,3.394800,6.821717,0.000000,0.000000,0.000000,0.000000,0.536052,2.810295,0.000000,1.116725
3.151468,4.327786,0.000000,9.342973,5.118053,3.219463,0.000000,0.000000,0.941610,0.000000,0.000000
7.994431,0.000000,2.083317,4.416634,0.000000,0.000000,0.000000,2.470447,4.080496,0.000000,2.801877
7.581133,0.494781,4.629528,0.000000,2.737875,0.180901,0.000000,0.454988,4.035364,0.000000,0.000000
0.000000,4.558163,0.000000,0.000000,0.000000,0.876138,1.667102,0.165353,0.897217,1.991762,0.447655
0.000000,0.000000,0.000000,1.395159,0.371887,2.354985,0.073053,0.783882,0.000000,5.948881,0.005326
5.158531,7.886841,0.695598,0.223347,3.216825,0.000000,8.862064,2.745434,4.285319,0.000000,4.488137
0.000000,0.000000,0.000000,2.190333,0.000000,0.000000,0.000000,2.707986,2.756385,0.000000,0.000000
1.377951,5.299576,3.945110,11.023454,0.000000,0.000000,5.775330,1.175523,4.164472,0.000000,4.102440
0.000000,2.361681,0.783230,2.366811,3.733081,1.510848,7.671543,0.000000,1.126590,1.516089,1.868149
0.000000,4.978333,11.069806,2.645384,0.000000,0.851833,0.000000,0.089907,8.840772,0.000000,1.779003
0.000000,2.170356,0.000000,6.524512,0.000000,3.828315,8.661866,0.526871,0.000000,0.000000,2.660438
0.000000,1.736707,0.000000,0.000000,5.843091,0.000000,0.000000,0.367460,2.012206,1.322377,0.391109
8.013831,2.015189,2.968242,2.923920,5.513782,22.854199,0.000000,0.788713,0.000000,0.000000,0.000000
2.797220,0.104096,0.000000,6.563447,4.125018,8.265448,3.243501,0.000000,0.000000,2.336674,4.484377
0.739179,0.661386,0.000000,0.000000,0.000000,1.207862,0.000000,0.819261,0.000000,0.313017,0.000000
2.272116,0.838631,0.000000,1.468736,2.239372,5.692328,4.796824,0.000000,11.059943,1.255385,5.155035
3.289655,0.000000,3.558021,0.186142,2.914509,0.000000,4.927899,0.000000,0.000000,0.099483,0.102790
5.115683,0.715378,0.247953,3.031869,1.927955,0.000000,0.000000,0.000000,2.908398,0.000000,0.442939
0.000000,0.000000,0.000000,5.406140,0.422339,0.288735,0.000000,7.314950,0.000000,2.385979,3.242001
0.000000,0.917291,0.000000,0.637916,5.510948,2.891403,9.991932,7.811826,0.000000,0.000000,2.761410
0.000000,2.550932,1.113991,0.000000,0.000000,2.851566,3.375046,0.846304,6.757803,1.442994,4.552961
0.000000,0.000000,0.000000,2.325677,3.285928,1.475937,0.752835,3.856280,0.000000,3.969327,5.728049
0.000000,0.829343,0.000000,1.568169,0.000000,0.000000,0.000000,0.023939,0.000000,2.191710,0.736992
1.957038,0.000000,0.283793,2.068664,0.000000,0.000000,1.257517,2.279588,1.071072,11.187545,0.000000
2.148628,0.678377,7.239454,0.000000,0.000000,11.575208,0.000000,2.314080,0.000000,0.000000,3.184960
5.225042,0.000000,0.000000,0.000000,4.164813,0.000000,0.000000,0.000000,12.199448,0.000000,0.000000
0.270117,0.000000,0.000000,0.000000,2.647226,1.689028,0.000000,5.377001,0.161160,0.000000,0.000000
0.000000,0.000000,0.000000,0.000000,0.000000,0.000000,0.000000,6.839408,0.212927,2.421685,0.000000
0.000000,0.000000,19.995164,0.000000,0.000000,0.000000,0.000000,3.563472,0.191918,0.000000,0.000000
11.454087,7.448743,7.085672,2.870001,2.468896,0.000000,0.000000,0.000000,0.000000,0.000000,5.670357
0.000000,0.000000,7.909059,8.440485,5.555839,0.000000,0.000000,8.298041,1.565155,0.000000,0.000000
0.000000,0.000000,3.917697,0.000000,0.000000,1.621724,6.089122,0.000000,1.528801,5.653500,0.000000
5.710093,5.070912,2.352629,0.594346,1.551929,2.591387,0.000000,0.434544,7.925500,6.041710,11.510287
0.000000,0.000000,5.964661,5.563148,1.657395,4.537170,4.195516,0.000000,19.304478,0.000000,0.000000
4.743687,2.048776,0.000000,8.101789,1.071546,12.907494,3.778733,0.000000,0.000000,0.983830,0.475149
0.000000,0.514633,0.000000,3.140529,0.803134,6.095402,0.963571,1.638299,1.169533,6.811200,0.000000
0.000000,0.872482,0.000000,15.259142,0.815832,1.215829,6.400526,0.000000,1.076040,0.000000,0.000000
6.185633,0.322061,0.000000,0.000000,3.016844,8.495056,0.000000,0.000000,0.000000,0.000000,0.000000
2.072066,0.000000,0.000000,1.146795,3.400151,0.000000,0.000000,0.000000,0.000000,2.396765,0.000000
0.000000,0.000000,7.409955,1.347899,0.000000,7.387173,3.386820,8.247000,5.242003,0.000000,4.237944
4.848705,2.348906,4.874856,7.585871,3.829099,1.106325,0.000000,0.000000,0.684835,0.000000,0.000000
0.000000,0.698490,0.000000,0.000000,7.469549,5.977841,0.000000,0.490296,7.756304,0.000000,0.000000
1.201790,2.513696,0.000000,0.000000,2.960997,2.279658,0.000000,3.293554,0.000000,7.746079,0.000000
7.462338,10.234800,7.034880,1.798526,0.000000,0.000000,2.843323,0.000000,11.516256,0.000000,0.000000
4.951725,0.000000,0.000000,0.000000,0.000000,8.290350,6.083511,2.322662,0.000000,0.000000,0.000000
6.353489,0.000000,3.409458,9.828830,2.662568,2.107034,14.932352,0.000000,0.000000,0.000000,3.033715
5.829287,0.000000,0.000000,0.000000,6.069982,11.804148,0.769268,0.000000,0.000000,2.199820,0.000000
7.414044,0.000000,0.000000,3.430588,0.000000,4.622602,0.000000,0.000000,0.000000,0.000000,0.000000
0.000000,9.844576,0.000000,7.357129,4.421494,2.383609,0.000000,3.520295,0.000000,3.778876,21.881495
2.940547,0.225622,8.991109,0.750617,2.454491,1.164830,4.163026,0.000000,0.000000,2.498623,13.762942
9.687716,20.494008,0.000000,10.415491,0.000000,4.650516,2.699861,1.253076,3.548672,0.570772,3.635016
2.704046,3.198106,3.172671,8.815254,1.633339,12.929789,0.784011,9.269978,12.457520,3.715577,0.000000
1.636777,3.808780,0.000000,0.000000,17.397424,12.040922,0.000000,17.069803,1.458874,19.500518,11.882259
0.000000,0.000000,0.687835,0.000000,0.000000,0.000000,2.319564,0.665341,0.000000,2.329010,4.756938
0.000000,0.000000,5.389299,13.814993,0.000000,8.964952,3.370227,0.162267,4.365288,0.000000,0.000000
1.596509,0.000000,3.634358,0.000000,5.009913,2.277072,3.422158,1.671541,16.646868,4.166380,30.896513
1.010904,0.611979,0.000000,1.602546,3.520364,2.001500,9.687516,9.583399,0.000000,7.629576,0.000000
4.145635,0.000000,0.535225,1.832205,2.628869,2.629667,6.377401,6.976177,2.959320,0.000000,2.436253
2.427077,0.000000,5.982962,7.461758,3.572192,0.000000,0.000000,1.707338,0.000000,0.000000,3.605851
2.049497,4.509827,0.000000,0.000000,0.000000,0.000000,0.000000,0.607492,4.436514,0.000000,0.000000
0.371079,1.024262,2.773460,7.783581,0.000000,0.000000,0.000000,0.000000,0.000000,0.689345,10.110649
0.000000,15.406192,0.000000,9.976855,7.665614,8.254387,0.000000,0.000000,0.000000,6.442394,8.036675
6.297279,0.000000,0.000000,5.710907,0.000000,4.421760,0.400030,0.894681,0.000000,0.988514,3.884860
0.000000,0.000000,0.000000,0.721506,4.288516,2.139924,0.000000,2.653156,2.036934,0.000000,0.749841
5.511550,0.211233,1.737250,0.000000,9.842112,0.000000,3.824762,0.995215,2.357637,6.880397,0.000000
0.000000,0.000000,0.000000,8.541274,0.000000,18.797859,0.000000,7.811311,0.000000,13.724724,0.000000
0.000000,0.000000,1.788444,6.580967,9.524253,2.286348,0.000000,3.148876,6.811516,2.859088,0.000000
5.421158,0.000000,0.000000,0.736922,0.000000,0.000000,0.000000,0.000000,8.606447,0.000000,1.607892
2.105664,0.165118,1.342129,0.000000,1.362031,19.327358,3.382693,2.334566,8.897572,0.922169,0.000000
0.000000,0.000000,1.842047,0.000000,0.000000,0.000000,3.277486,0.000000,5.256983,0.000000,0.580787
0.000000,13.321954,0.000000,0.000000,0.381256,0.000000,2.014060,2.915893,0.000000,7.828535,2.718690
0.291340,4.370410,0.000000,0.000000,2.704777,0.391065,0.000000,0.000000,5.091005,0.000000,0.000000
0.000000,10.920956,0.000000,6.851734,0.000000,1.077966,0.000000,0.000000,3.087434,4.136347,0.907535
5.808913,0.000000,0.821609,0.000000,1.645526,9.297395,0.000000,4.038521,8.990149,2.897231,0.367108
0.000000,6.923923,0.414221,12.579672,0.293667,0.324574,0.000000,0.000000,0.000000,0.000000,0.249478
1.513305,2.001714,4.325107,5.567703,6.289700,4.703191,3.815193,0.000000,0.885543,1.032853,0.000000
2.670632,4.413866,2.032507,1.198916,0.000000,0.000000,0.000000,1.962689,0.000000,5.330530,0.000000
10.846371,0.000000,0.000000,0.000000,0.000000,0.000000,0.000000,0.000000,1.833110,0.442731,0.000000
5.627537,3.408133,8.752720,0.000000,0.000000,0.000000,1.409010,6.796986,3.777758,3.842874,0.000000
3.300505,0.000000,0.000000,5.911422,10.897201,6.487169,1.537258,0.000000,0.000000,0.000000,0.000000
4.307594,4.500397,0.000000,1.973971,0.810217,13.582710,1.981615,4.552631,0.000000,0.000000,12.366224
0.000000,2.576823,4.088239,6.276262,0.000000,4.311814,1.529924,13.105668,6.445824,4.685980,0.000000
0.000000,0.000000,0.000000,8.124996,0.000000,9.210672,14.870018,0.000000,5.703557,0.479745,2.427943
5.042538,5.534004,14.189631,6.882104,12.725500,3.639944,0.000000,0.000000,9.520755,0.000000,0.000000
1.174567,0.000000,0.000000,0.000000,0.000000,6.809135,0.000000,0.000000,3.220736,0.000000,13.401605
4.682495,0.000000,5.313289,0.000000,0.000000,0.000000,0.000000,2.086500,0.000000,4.917073,17.140668
0.000000,0.000000,6.582667,18.504712,2.411769,8.574077,0.000000,10.177719,5.175114,4.921610,0.000000
0.000000,2.680036,0.000000,0.000000,0.000000,2.722476,2.742451,0.396561,0.000000,0.000000,0.000000
0.000000,4.322570,4.367978,0.000000,0.000000,10.342046,4.426832,0.000000,12.827486,0.000000,0.000000
9.608560,2.886397,5.489855,16.415288,0.976054,5.585104,0.000000,3.946338,0.000000,0.241866,0.000000
0.000000,3.981026,0.000000,23.216502,0.081582,4.061382,0.000000,0.000000,0.000000,0.000000,0.000000
0.000000,0.000000,0.000000,0.000000,3.456864,5.959559,0.000000,0.000000,3.859192,0.000000,0.000000
0.366942,0.000000,13.633154,0.000000,2.399310,1.309218,0.000000,10.668838,0.000000,10.160645,0.000000
0.000000,0.000000,6.519033,1.075614,5.144668,0.000000,0.000000,0.000000,0.000000,5.594539,0.000000
0.000000,4.776130,0.000000,9.767498,0.000000,2.906768,0.000000,6.070588,1.245522,2.100733,0.000000
0.000000,0.000000,10.891826,2.984306,0.000000,0.000000,0.000000,16.370968,6.162508,0.000000,14.681354
0.000000,3.068686,0.000000,4.639160,0.000000,0.000000,0.000000,0.000000,10.362574,0.000000,0.000000
0.709274,19.661055,7.248814,1.994120,0.698170,8.061376,8.868227,0.000000,2.707475,0.000000,1.962523
0.000000,8.665537,0.000000,0.000000,0.000000,0.000000,0.000000,0.000000,0.000000,1.698061,0.000000
3.966810,13.178137,0.000000,0.947844,39.042250,1.325188,2.428176,7.224604,3.680934,0.000000,0.000000
5.674141,4.316631,3.041261,0.000000,9.853443,2.915438,7.172886,5.704594,0.000000,3.937003,9.109628
4.656900,3.905952,0.000000,2.391738,2.660606,0.000000,0.000000,8.062440,2.580836,0.000000,5.303271
10.499504,0.000000,9.046538,0.000000,0.732464,0.964029,30.751961,13.587092,0.000000,0.000000,6.218512
5.196727,3.662652,2.857820,0.000000,0.000000,3.261994,1.811997,0.000000,9.707898,1.854490,2.122129
0.000000,0.000000,0.577595,0.000000,4.203407,13.815613,0.000000,4.674652,0.000000,20.088536,0.000000
0.014603,0.000000,0.000000,0.000000,9.017863,6.555157,0.000000,0.000000,18.618364,3.137378,0.000000
0.000000,4.709596,0.000000,22.541408,1.990472,1.881396,1.645796,13.185351,0.000000,0.000000,0.000000
11.031490,0.000000,0.000000,7.938191,0.900137,0.000000,0.000000,2.073171,0.000000,3.435006,0.000000
1.393707,0.000000,0.000000,5.972321,0.000000,0.000000,0.000000,0.684485,0.000000,5.051087,25.414102
4.430387,0.000000,2.008909,0.116222,7.525747,0.000000,27.427217,0.000000,15.382939,0.000000,10.048920
0.000000,2.127530,0.000000,0.000000,8.725338,3.570149,0.000000,0.893124,3.180983,2.250950,0.000000
1.789495,0.000000,2.531648,2.921060,15.785077,0.000000,0.000000,6.450599,0.000000,3.138861,1.403958
0.000000,6.590639,3.567975,0.000000,2.785440,0.362080,40.001789,13.963866,3.139558,0.000000,0.000000
7.276431,0.000000,4.124087,0.531136,0.000000,2.372430,0.000000,27.807628,0.000000,0.000000,0.000000
16.632652,0.165653,0.000000,0.000000,3.251835,2.082666,0.641837,0.000000,0.000000,0.000000,5.366812
0.000000,0.000000,0.000000,0.000000,5.539512,6.829081,0.000000,0.000000,0.000000,0.700603,0.000000
0.000000,10.973075,2.636924,3.232881,2.071484,2.899839,1.205225,0.000000,4.042114,0.652592,0.506366
7.262581,12.971495,0.000000,0.000000,0.000000,4.397666,4.043750,1.269284,0.000000,0.000000,5.422156
18.958637,13.780647,0.000000,0.000000,3.944294,4.719086,0.000000,4.154367,0.000000,11.634760,0.212361
3.232926,0.000000,0.000000,0.000000,5.561198,0.000000,0.000000,3.157037,0.000000,0.000000,0.000000
0.000000,7.914049,0.000000,17.416061,6.987471,3.243681,0.000000,4.660634,10.424650,0.000000,9.384691
6.943855,0.000000,0.000000,3.142887,0.000000,9.007141,2.735199,0.511564,0.000000,3.623385,4.874945
7.739966,0.000000,3.897495,0.000000,4.312381,1.488429,4.934035,8.590277,0.000000,45.794210,0.000000
0.000000,0.289851,0.000000,0.167333,1.292037,1.671454,15.980041,3.978099,0.836212,0.000000,0.000000
3.694826,0.000000,12.790607,2.284620,3.075284,5.470510,0.848278,24.193384,0.000000,0.000000,10.189012
5.956165,4.949967,0.000000,1.178536,0.867907,0.000000,0.000000,8.663426,9.892933,16.563220,3.813458
0.000000,2.823363,5.365375,0.000000,0.000000,0.000000,19.485539,22.096780,1.393265,2.608152,3.098430
0.000000,0.000000,0.000000,1.110580,6.427888,15.073540,3.663285,2.456684,6.708622,1.976308,7.142837
2.337078,3.118771,0.656250,4.012741,0.000000,0.000000,0.000000,2.796895,0.000000,9.401106,2.656022
1.473482,3.121209,5.502684,0.000000,2.010351,0.373133,6.475093,2.381215,1.520443,5.504362,1.003393
1.327030,0.000000,6.556790,0.000000,0.000000,0.000000,0.000000,2.660070,0.530883,5.394465,0.000000
8.436535,2.941205,5.697731,11.251385,0.000000,0.000000,1.648325,0.000000,6.290130,0.000000,6.706938
2.627835,2.838289,0.541013,2.672294,1.389960,0.000000,6.711502,0.000000,0.000000,7.150389,0.000000
3.192737,8.802459,15.626997,0.135892,0.000000,0.000000,1.895151,11.276183,0.000000,5.519378,0.000000
0.000000,1.345593,1.852158,5.242184,0.000000,0.394490,0.000000,0.000000,1.005348,0.000000,5.995601
0.000000,0.000000,0.000000,3.427905,0.000000,0.559650,0.000000,0.000000,0.662462,4.535397,0.000000
0.698242,19.622031,0.732451,0.000000,0.000000,10.740990,2.599019,1.606915,2.242213,0.000000,16.454040
1.314348,0.891552,3.002159,0.000000,0.308292,5.910513,0.000000,0.000000,3.802208,6.847695,1.893030
13.296395,11.158389,0.000000,6.771297,0.000000,4.679813,0.000000,10.344766,4.450856,12.223555,0.084288
5.107746,7.641878,0.000000,1.999826,3.523412,1.080174,0.637009,1.402358,1.252992,0.000000,4.483702
1.261564,0.000000,4.041662,0.000000,0.000000,0.000000,6.558295,0.000000,0.000000,3.501254,0.000000
0.000000,6.420069,3.101442,0.000000,0.000000,9.224213,13.288080,0.000000,5.892305,1.435995,1.672988
9.111609,6.018316,0.000000,10.811858,0.000000,2.823286,7.008271,1.351282,4.000187,5.239391,13.740020
0.000000,0.000000,0.000000,1.411836,0.000000,0.000000,0.543521,9.540683,0.000000,7.768153,0.000000
0.000000,2.541240,0.000000,1.510962,1.273375,6.146060,0.000000,7.211634,0.000000,0.000000,4.390605
0.000000,0.000000,4.164290,3.482037,0.000000,0.000000,10.170983,2.148743,2.768194,0.000000,0.000000
11.883123,0.000000,5.090154,0.000000,0.000000,0.000000,6.650294,0.000000,0.920109,6.583544,5.238157
0.000000,0.000000,2.566981,6.422818,0.000000,0.000000,0.000000,1.270542,0.000000,0.000000,6.760125
10.141527,0.000000,3.791418,5.774541,7.910045,0.000000,0.000000,2.875972,4.192383,1.106658,2.146857
25.185514,3.293580,0.000000,5.370473,11.148274,6.851384,0.000000,0.457169,0.000000,1.313308,3.112293
0.000000,11.931177,0.000000,2.384765,0.472077,11.456211,0.000000,8.736434,11.826256,0.000000,5.661517
0.000000,4.169002,10.783222,0.000000,1.465770,0.000000,4.983033,5.012896,0.892182,2.009000,32.070030
0.000000,1.164719,0.000000,5.782953,0.000000,0.000000,0.000000,16.241707,1.149410,0.000000,13.967169
1.613490,1.319459,0.000000,0.000000,12.815950,2.184593,0.000000,2.133745,7.184383,6.990984,0.000000
4.341958,0.000000,0.000000,0.000000,2.253526,0.000000,7.933746,2.386594,0.000000,0.000000,10.275051
13.914849,1.353971,6.498110,0.000000,0.000000,15.577247,8.621011,12.923162,0.249285,0.000000,0.000000
0.000000,5.039514,1.277998,0.000000,15.698402,9.770280,0.000000,2.612129,0.000000,1.609582,0.000000
0.000000,0.000000,3.513175,4.206797,1.987944,5.294121,6.953177,0.000000,2.206237,0.000000,0.000000
0.000000,0.247274,2.370068,0.000000,2.503213,6.700425,4.268881,0.000000,22.966888,3.621801,6.963798
0.000000,0.000000,0.000000,0.000000,0.449170,3.568895,0.000000,0.000000,8.668554,2.583515,5.851952
10.451434,0.000000,2.258222,5.354515,6.630262,0.000000,6.885484,0.000000,0.000000,3.261316,0.000000
0.000000,0.000000,1.417762,0.000000,0.000000,0.000000,0.000000,0.000000,0.000000,1.884455,0.000000
1.188098,8.394741,9.853664,5.941707,4.701601,0.000000,0.000000,9.681053,1.375411,8.382813,0.000000
0.000000,2.647783,0.000000,7.324781,0.000000,0.000000,0.000000,0.000000,0.000000,3.150552,12.292585
0.000000,0.000000,0.000000,0.816930,0.000000,0.000000,1.355932,0.000000,0.000000,4.038522,0.000000
0.000000,5.068252,6.345313,18.048683,0.000000,0.000000,0.000000,0.721015,0.000000,0.000000,14.624770
0.000000,3.920691,5.567101,9.374128,1.624749,2.664711,2.753189,0.000000,18.552382,0.175692,4.029561
0.000000,0.000000,19.648666,0.000000,0.000000,1.131826,0.000000,2.628079,7.173861,2.630492,0.000000
1.548051,0.786220,3.660280,1.986531,0.000000,6.930557,0.000000,6.907003,0.951520,0.000000,0.000000
7.676914,0.000000,4.140320,6.857643,4.002218,5.658965,0.000000,0.654527,0.000000,12.504393,0.000000
18.275020,0.000000,12.789914,0.082215,0.000000,11.198847,3.657914,0.000000,3.282072,0.000000,5.261371
7.976979,0.000000,0.000000,6.325909,0.000000,0.158139,0.000000,0.000000,6.365163,1.581529,0.000000
4.599733,0.000000,0.000000,0.000000,0.000000,5.390558,4.865517,0.508399,0.000000,0.000000,2.321469
20.520174,0.081090,6.549556,0.000000,0.000000,4.034502,8.556604,0.346395,6.507453,0.000000,0.000000
0.000000,7.308092,0.000000,0.000000,2.986320,0.000000,5.506690,0.000000,0.000000,3.345533,3.714407
1.350928,0.000000,0.968125,0.000000,4.981633,12.106487,7.764584,0.000000,0.000000,3.910759,8.726704
0.000000,16.475391,0.000000,3.191808,2.005796,0.000000,0.867433,1.764608,3.571606,0.000000,5.727461
0.000000,15.766966,8.752059,0.000000,11.231963,6.200520,0.000000,4.766013,4.579213,0.000000,2.381742
0.000000,0.000000,0.000000,5.377119,0.000000,0.484258,2.284391,0.416089,0.000000,6.795774,0.000000
0.658776,9.373503,3.075863,7.147531,0.000000,0.000000,0.839693,0.000000,0.000000,0.751817,0.000000
0.446015,2.924220,0.000000,0.000000,0.000000,0.000000,5.313200,10.757846,15.484391,0.000000,0.000000
0.000000,1.557611,5.374828,1.988911,0.000000,1.945238,11.273850,0.973171,0.000000,4.343452,8.058119
0.000000,7.089069,0.000000,0.000000,5.166981,4.127254,0.000000,8.004457,0.000000,0.000000,0.000000
0.000000,9.260052,0.000000,0.000000,0.000000,0.000000,12.504663,2.227461,0.000000,0.000000,1.631276
0.000000,0.316906,0.000000,0.000000,0.000000,0.000000,0.000000,1.808037,0.000000,0.000000,0.000000
0.000000,0.000000,0.000000,2.569784,1.027383,0.000000,4.205974,0.000000,14.815811,2.361325,7.436897
11.022921,4.425965,0.000000,6.381517,3.652705,0.000000,6.791042,4.953789,2.184753,0.000000,4.966968
2.684454,0.000000,0.000000,1.142669,0.000000,0.000000,5.698107,0.363754,0.000000,10.872583,0.335500
3.779499,5.492262,3.200768,0.000000,17.262900,0.000000,7.202829,0.000000,0.521693,0.000000,0.000000
8.210106,5.521485,1.871983,0.000000,0.000000,4.073128,0.000000,6.232527,0.000000,0.000000,0.000000
0.000000,0.000000,3.018134,0.000000,0.000000,0.705006,0.000000,0.000000,0.000000,2.170547,0.000000
0.000000,6.359261,0.000000,2.846259,0.000000,0.000000,0.000000,0.000000,0.000000,9.563810,0.000000
0.000000,0.000000,1.463813,7.444933,0.000000,1.964434,3.500846,5.687755,3.169107,11.880855,4.099261
9.129619,3.293142,0.000000,1.381545,6.969007,12.264058,1.363615,2.763811,0.000000,0.000000,2.119169
2.773477,1.643149,0.000000,0.000000,0.000000,3.537801,0.000000,8.999430,0.000000,1.654726,0.000000
1.228439,1.016988,3.838257,11.247718,0.000000,5.022177,0.000000,6.944624,0.000000,0.000000,0.569062
0.000000,20.738115,3.738352,2.723780,0.000000,0.030698,0.000000,9.213664,0.000000,6.824567,3.131083
3.361125,1.511428,1.047562,0.000000,0.000000,8.889643,4.099242,0.000000,0.000000,8.582105,3.870474
18.357979,0.000000,3.126016,2.120398,0.000000,0.000000,0.000000,9.955500,19.149236,7.292742,0.000000
0.000000,0.000000,0.000000,8.015501,14.221163,0.000000,1.404903,10.336278,9.449051,0.000000,4.969964
1.781844,3.705006,0.000000,0.769323,8.846725,0.000000,0.000000,0.000000,0.000000,0.000000,2.339728
0.000000,2.424862,3.095787,5.661895,5.664704,4.236305,0.000000,3.310667,0.201667,0.000000,1.121039
0.166659,0.000000,7.376456,0.207741,1.418337,2.976214,1.198614,6.034452,2.797900,0.000000,2.230231
0.112426,0.000000,2.293075,0.000000,1.277260,0.000000,6.521083,0.000000,0.257587,0.000000,2.848868
0.000000,1.793125,2.739732,7.146091,0.606295,0.000000,5.931433,9.150424,0.930245,0.000000,0.000000
1.566311,5.375082,2.554923,0.000000,4.159363,0.000000,0.000000,0.285647,0.000000,1.771553,0.000000
15.937568,2.265001,18.925281,3.615806,1.483241,0.000000,0.000000,0.000000,0.000000,0.000000,0.000000
0.000000,0.000000,0.000000,1.250343,1.181055,3.561730,0.000000,2.685367,0.000000,0.000000,0.000000
0.964787,10.000575,3.527441,0.000000,0.000000,0.000000,0.000000,0.000000,3.701702,0.000000,4.640575
4.090818,0.000000,0.467478,0.171168,0.188600,1.891919,0.000000,23.968845,0.000000,2.768623,2.158000
2.606897,0.447886,0.000000,3.886241,0.000000,3.514371,0.000000,0.000000,1.547755,0.000000,5.425654
0.000000,8.537952,2.813908,0.000000,5.963808,1.284474,0.336302,0.000000,0.146579,0.000000,0.000000
0.000000,0.000000,2.902987,0.000000,14.513384,7.799134,2.936923,0.000000,4.141896,0.000000,0.000000
0.000000,9.928684,7.939795,14.886089,9.909893,6.961469,1.475629,0.000000,0.694290,0.000000,2.602507
7.628183,0.198974,0.000000,0.000000,1.321998,0.000000,0.000000,0.000000,2.938351,16.359858,0.000000
0.000000,0.000000,2.188986,0.000000,0.000000,15.229975,0.000000,0.000000,3.128400,14.691514,4.391846
0.982159,4.318724,12.171470,0.000000,0.784585,0.000000,0.000000,0.289129,5.062395,1.052764,2.588493
0.000000,0.000000,0.000000,0.000000,3.707971,0.564837,10.256563,4.269803,0.000000,0.887516,2.132683
0.000000,0.632100,10.380418,4.393287,10.522734,0.267885,3.433500,0.000000,0.000000,0.000000,0.000000
0.000000,1.328147,0.000000,0.034562,10.756064,0.000000,5.233395,0.000000,0.000000,0.000000,1.829381
0.000000,0.000000,0.000000,10.247507,0.000000,4.172901,0.000000,8.497823,6.356743,0.389202,0.000000
0.000000,5.506500,2.882381,0.000000,2.682334,0.000000,0.000000,6.408120,0.600901,1.589544,0.353383
2.631268,0.000000,14.800029,6.114937,4.220068,3.910953,7.836406,1.784769,1.817885,8.557852,2.089385
0.000000,0.151790,0.000000,0.000000,0.000000,0.808766,7.566278,0.000000,0.000000,0.000000,0.000000
6.171102,2.733194,5.872727,0.000000,0.000000,1.681531,3.109525,0.934812,3.409022,0.857323,5.608229
0.000000,0.319013,0.000000,0.000000,0.554416,18.947757,7.653112,0.000000,0.635418,5.598368,0.000000
4.712150,0.847454,16.466249,1.195307,0.422045,0.000000,0.258781,0.000000,0.000000,3.580589,10.737881
1.502312,0.000000,0.000000,0.000000,0.000000,2.563251,0.000000,6.217654,0.000000,0.357184,16.553180
0.000000,1.426244,4.886357,0.000000,4.394637,15.387247,2.036271,0.000000,0.000000,3.125129,0.000000
0.000000,2.264642,0.000000,9.822265,0.000000,7.571452,12.649084,0.000000,11.049036,0.000000,0.000000
10.982054,0.000000,6.564267,6.047163,0.000000,0.000000,1.088578,0.000000,0.786689,0.000000,1.491574
2.245231,0.738918,8.888117,0.000000,0.464754,0.000000,0.000000,3.704140,1.297253,1.335239,0.000000
0.000000,0.000000,2.748771,2.838477,2.922148,5.854888,0.000000,0.000000,2.250560,0.000000,0.000000
0.832382,0.057966,0.000000,0.000000,1.868865,0.000000,3.777571,0.000000,5.651580,0.424103,0.000000
0.000000,5.679523,0.000000,0.000000,3.163816,6.500079,0.000000,6.578901,0.000000,0.701714,0.000000
7.663259,4.046538,0.000000,6.262537,5.015482,11.547462,0.000000,0.000000,11.513139,0.000000,0.000000
0.000000,3.877751,0.000000,0.000000,0.000000,0.000000,0.000000,0.000000,0.000000,3.343568,3.617433
1.892302,0.000000,6.919706,7.999757,2.476091,0.382569,0.000000,1.707776,1.442324,0.000000,4.191569
0.000000,0.693936,1.587955,6.003951,1.795959,0.000000,2.398781,2.922175,0.000000,0.000000,0.000000
6.660434,0.000000,1.444896,7.012457,0.000000,5.190701,0.000000,0.000000,0.000000,0.000000,0.000000
3.874332,0.000000,2.375052,6.610747,0.000000,3.993472,0.000000,0.000000,0.000000,0.261613,0.000000
0.000000,0.000000,3.852751,0.000000,10.555239,0.000000,0.000000,3.336603,0.834445,0.583838,1.842638
1.221516,0.000000,4.190218,0.000000,1.390066,0.000000,0.000000,4.402897,8.228012,5.307191,2.262812
4.341855,0.185540,0.000000,0.000000,0.000000,5.243527,0.410304,2.378389,0.000000,8.085159,0.000000
2.696825,4.260462,0.000000,0.910224,0.212434,0.000000,3.553323,0.281040,0.000000,7.289175,1.887060
7.506074,6.643594,3.138274,7.190083,0.237078,0.350879,1.355420,4.440391,0.768104,2.187866,4.741158
5.869258,0.000000,2.802745,0.000000,0.000000,0.519219,1.129378,0.000000,0.000000,0.000000,0.000000
0.000000,0.000000,0.000000,0.000000,3.156360,0.737787,6.049918,2.754309,0.000000,0.000000,3.094455
2.297185,1.351323,2.212714,0.000000,2.348102,1.517136,1.062928,0.000000,0.000000,0.617852,0.000000
0.000000,2.437477,0.000000,2.025435,0.000000,0.000000,0.000000,5.140761,2.349514,0.000000,0.000000
7.302146,0.629102,0.000000,0.000000,1.360418,0.000000,14.438090,1.758069,0.000000,6.079878,1.534900
3.747529,0.000000,0.169672,0.000000,0.708531,2.509495,2.221399,1.088496,2.094002,5.572563,3.903279
6.980888,0.000000,1.478996,5.675878,0.000000,0.238961,0.000000,0.000000,0.000000,2.287352,7.816070
2.224165,0.000000,20.471716,0.000000,0.000000,4.612682,5.050986,3.840147,2.418153,6.001111,2.574967
8.376650,0.000000,0.000000,4.211648,1.088214,0.000000,15.068051,0.802593,2.340635,0.000000,6.028205
0.058505,0.927411,0.000000,0.000000,1.402710,0.433088,0.581229,2.006393,0.000000,1.834113,4.980700
0.000000,5.000006,0.680727,0.000000,0.000000,0.000000,7.561813,0.000000,0.000000,0.000000,8.968194
0.475131,0.000000,0.000000,2.868255,1.288562,5.270367,4.769570,0.000000,11.117535,1.586708,6.436980
0.000000,9.917587,0.063449,0.000000,0.000000,0.000000,0.104913,3.194712,0.000000,4.184607,6.355667
6.826107,0.560948,12.158418,0.000000,7.182538,2.661430,0.994125,0.000000,0.000000,7.319659,0.000000
0.156334,0.000000,0.000000,2.556826,4.171303,3.723725,4.181121,0.874522,0.000000,4.932412,0.000000
0.000000,2.481666,0.468861,0.000000,0.406413,1.838149,0.060331,6.220950,6.241524,3.592777,4.011326
0.198757,0.000000,1.400537,0.000000,0.000000,0.000000,14.545856,0.000000,6.823085,5.940280,0.000000
2.841844,0.000000,5.694347,4.390197,0.000000,7.328764,0.000000,0.000000,0.327028,0.119505,0.000000
0.751480,0.000000,3.445286,0.000000,4.255418,5.759490,0.427414,0.000000,0.000000,6.148139,0.000000
5.821723,1.988061,7.575734,0.439513,5.864920,0.364194,0.000000,10.723043,0.000000,4.804919,1.360042
0.392660,0.000000,0.237863,0.000000,0.000000,0.000000,0.000000,3.786069,3.899996,10.997216,0.000000
0.000000,0.000000,0.000000,1.674741,7.153950,0.000000,0.000000,0.000000,14.690699,0.000000,16.487000
0.000000,0.000000,0.000000,1.868873,0.000000,0.000000,3.997742,0.000000,0.000000,1.806502,1.432177
2.702306,0.447177,0.000000,0.000000,0.000000,1.308497,0.000000,8.635389,1.298053,1.579613,0.000000
1.196133,1.635686,0.000000,0.000000,1.645600,10.271310,1.684422,1.702448,0.000000,1.322874,2.402819
0.000000,4.284376,3.170730,3.224382,5.552349,6.857346,0.000000,0.190903,0.000000,5.219835,0.685727
0.753651,1.080979,1.658779,0.000000,0.000000,0.538601,0.150924,0.000000,0.000000,1.014825,7.417732
2.891838,0.000000,0.000000,0.000000,0.000000,0.750626,1.128743,0.000000,0.694331,7.606894,0.000000
0.419358,0.000000,0.000000,1.125552,0.000000,0.959604,7.901101,6.306449,0.000000,2.547849,0.000000
2.178376,0.000000,1.191696,5.369866,2.036135,0.000000,1.118448,0.000000,0.000000,2.871219,0.000000
0.411047,0.000000,1.841169,6.926005,1.323838,1.134427,13.212847,0.000000,1.033088,0.000000,0.000000
0.000000,7.318955,0.000000,0.000000,0.000000,0.000000,0.000000,0.246207,0.638374,0.000000,0.000000
2.460143,0.000000,0.000000,0.000000,0.147196,0.000000,0.000000,0.000000,0.000000,3.116461,2.402759
0.000000,0.000000,7.837078,0.000000,1.982105,6.630666,0.099323,0.000000,0.000000,0.000000,0.000000
3.117225,3.242322,4.053663,0.000000,1.737649,0.000000,7.766238,12.914255,0.000000,14.511118,4.292105
0.937136,0.000000,9.474712,0.000000,1.231614,0.000000,2.310415,5.812905,1.509900,13.710793,4.490337
1.149462,0.840709,0.000000,0.000000,1.447175,3.057750,0.000000,1.208888,0.774407,0.000000,0.000000
0.000000,3.920810,2.532470,0.000000,0.000000,0.000000,0.000000,0.000000,4.342038,5.357715,4.957554
0.000000,1.411008,0.000000,0.000000,0.321735,0.000000,0.000000,0.000000,2.208783,0.000000,1.148478
0.852633,4.279502,0.000000,2.146095,10.624504,9.314407,3.591844,0.254986,0.000000,0.217450,0.000000
0.000000,7.103901,4.816832,3.855310,0.000000,2.354489,5.332156,0.000000,4.291308,0.000000,0.000000
0.000000,0.313798,0.000000,0.000000,4.890913,4.122642,0.000000,0.865755,9.197309,0.891022,0.000000
5.996914,0.000000,0.820572,0.000000,4.627602,0.000000,0.000000,0.159226,4.085664,0.000000,10.104599
11.182798,0.000000,7.712727,0.000000,1.306691,0.000000,0.000000,1.153130,0.000000,2.013946,0.000000
2.357355,2.134270,4.681719,0.000000,2.211880,4.345327,0.000000,0.744383,0.000000,0.000000,0.000000
0.755865,1.579114,0.000000,0.000000,0.000000,9.030845,2.915509,0.000000,0.314361,3.443107,0.068539
8.696932,0.000000,7.629958,16.531796,0.000000,2.324144,0.000000,0.000000,6.144416,5.980796,1.832506
3.417732,0.629285,0.000000,11.270458,0.253115,5.454425,0.000000,0.000000,0.000000,0.000000,0.000000
0.000000,1.279297,0.895717,0.000000,5.209333,0.000000,0.000000,0.000000,0.000000,0.000000,0.000000
2.966550,0.000000,0.000000,0.000000,0.000000,6.635157,4.847668,3.968169,0.000000,1.863975,6.097338
1.892527,0.000000,0.292559,0.000000,0.000000,0.000000,1.488331,7.043940,0.000000,0.000000,0.000000
0.000000,1.688022,0.000000,3.135634,0.000000,6.654412,1.216624,0.000000,1.801300,0.795665,0.000000
0.000000,1.315170,0.000000,0.000000,0.000000,0.147017,2.246178,1.713287,0.000000,0.615251,0.000000
0.000000,0.000000,0.000000,5.405147,0.563446,0.960818,4.319650,2.205643,1.268929,0.000000,0.000000
0.000000,0.000000,0.000000,0.000000,0.000000,0.480411,4.140911,0.000000,0.000000,0.000000,0.484990
0.000000,0.000000,1.748864,5.277145,0.000000,0.226322,0.399294,0.000000,3.849571,0.000000,0.000000
7.063169,0.000000,3.882986,0.000000,1.084629,0.000000,0.000000,0.976066,3.568959,8.739174,4.549752
1.413774,0.000000,4.562450,4.791263,0.844383,0.948635,4.870768,1.065880,0.000000,0.253754,5.901626
2.105878,0.000000,6.569327,5.980642,5.554406,0.000000,0.000000,0.000000,3.214501,4.351477,1.870529
0.000000,0.000000,0.000000,1.293754,5.801583,4.228263,0.682029,0.272233,2.982235,0.000000,0.843785
8.547166,0.000000,0.000000,4.772016,2.422603,0.505312,0.000000,0.000000,0.000000,1.080753,5.567661
0.000000,0.000000,4.278605,0.000000,1.272735,0.000000,0.000000,0.000000,0.000000,0.000000,8.377887
5.624996,0.663068,7.428136,5.968381,1.254511,0.000000,0.377086,3.630174,1.099982,6.589848,0.000000
2.026625,4.022619,2.595016,0.000000,6.476134,1.816931,2.445403,0.000000,0.000000,0.000000,3.972494
2.204388,0.000000,0.850368,0.667010,0.000000,0.000000,3.661713,0.000000,0.000000,0.000000,0.635458
0.000000,0.511906,11.734430,0.933735,0.000000,0.000000,3.227914,7.517237,0.000000,0.000000,0.000000
1.425052,0.000000,4.004058,1.195920,6.114715,1.404766,2.565970,0.000000,0.000000,1.215665,3.857965
0.000000,0.000000,0.000000,3.354485,0.000000,0.000000,0.000000,7.566937,0.000000,0.000000,0.000000
4.598366,3.721315,2.650540,0.000000,4.127566,0.000000,0.240595,0.839977,0.000000,2.760423,0.388527
1.449317,0.000000,0.000000,0.368110,0.000000,1.680908,0.000000,0.000000,0.000000,0.478108,0.000000
3.851293,0.000000,3.563452,2.773493,0.000000,6.959876,2.997088,2.630636,3.147260,2.791675,8.211429
0.000000,0.000000,10.864831,1.190679,1.042636,3.363010,8.052664,12.684994,3.192540,0.520023,0.985946
4.601267,0.402445,0.000000,0.000000,0.000000,0.000000,0.000000,0.000000,1.173993,0.809929,1.066647
3.853611,0.000000,0.367794,1.895799,0.000000,1.266988,0.000000,0.626715,0.000000,7.808942,1.010497
0.000000,0.000000,1.794838,0.000000,0.000000,0.000000,1.088303,0.000000,6.395916,0.272796,0.000000
0.000000,1.109806,0.000000,0.000000,2.915684,0.251907,6.462916,0.733288,1.298013,0.503026,1.656962
1.531519,0.000000,0.000000,2.086882,0.662586,0.470275,0.000000,0.000000,2.337112,0.760769,3.308429
1.987878,2.839562,1.968798,0.084813,3.011572,0.000000,0.000000,5.944726,0.924140,0.143413,0.639573
1.802777,0.162917,0.000000,0.000000,0.000000,0.401234,0.000000,1.080524,19.233120,3.298979,0.000000
2.173249,0.703935,5.135610,0.665467,5.103920,2.892089,0.000000,1.269424,0.000000,0.000000,0.000000
0.000000,0.720827,0.000000,1.534749,0.000000,1.332420,0.777215,8.848966,0.000000,0.000000,0.000000
2.134545,0.000000,0.000000,0.000000,1.893427,0.000000,0.193891,1.143787,2.412900,0.109433,0.439568
0.000000,0.724977,0.465910,0.000000,2.970935,0.000000,0.275511,1.070125,2.334975,0.282035,0.000000
2.140314,0.000000,0.000000,0.846884,1.762647,0.576726,0.000000,0.002586,0.624423,2.568681,0.000000
5.147528,0.262205,0.000000,0.876884,0.664432,0.000000,0.000000,0.467685,0.792967,0.000000,0.000000
0.000000,0.764254,0.000000,0.000000,3.577810,0.000000,0.484866,3.630225,3.248034,0.000000,4.167297
4.996524,5.047289,0.000000,3.708941,1.974918,0.000000,0.000000,0.000000,0.000000,0.276106,0.201273
0.000000,0.000000,13.527502,0.000000,3.381789,0.000000,0.000000,0.000000,0.000000,0.000000,0.000000
4.758046,0.187177,3.275513,0.000000,0.000000,0.000000,8.684643,0.000000,0.000000,0.000000,0.723429
0.000000,1.216096,0.000000,3.529743,4.891927,0.606045,1.576718,0.000000,0.000000,3.891953,0.000000
0.000000,0.000000,1.706748,2.661217,4.748134,0.000000,0.319789,0.000000,0.000000,0.000000,0.000000
0.000000,0.000000,4.126533,0.000000,0.000000,2.658456,3.290556,3.726141,0.472796,1.829269,3.785214
18.434752,1.414373,0.535329,0.000000,0.945120,0.000000,0.863112,3.808137,0.000000,0.977543,0.000000
0.000000,2.523395,3.785864,0.000000,0.516912,1.271190,0.000000,1.009589,3.575981,0.000000,0.737763
2.951553,5.142170,0.000000,0.000000,1.220855,0.000000,0.000000,1.189972,0.000000,0.727097,0.680626
2.035904,0.000000,0.000000,1.014463,0.130045,3.020518,5.329127,3.787496,0.000000,0.000000,1.471289
0.000000,0.000000,0.000000,1.621647,3.945641,0.000000,0.000000,4.718996,1.996957,0.163990,12.498185
7.318807,0.000000,0.000000,5.383006,0.621551,0.000000,0.000000,0.000000,0.000000,3.455550,0.000000
0.679399,1.481882,3.865668,0.000000,5.100058,3.127931,0.000000,2.310769,4.571561,1.757214,0.000000
2.010321,8.067237,0.000000,0.407113,0.159992,4.101107,0.000000,0.325843,3.144775,3.126495,0.000000
2.101233,0.000000,1.979522,2.102267,0.000000,0.000000,0.000000,0.000000,0.000000,0.000000,4.424398
0.000000,0.000000,0.537328,0.554478,0.000000,7.425365,1.590891,1.970594,3.195133,0.000000,0.564353
0.174222,0.000000,5.691150,2.206729,0.000000,4.082963,2.727223,2.243528,4.560345,10.940236,2.471059
0.000000,1.238024,4.442944,0.000000,4.381074,2.169607,0.707680,3.254617,0.000000,0.000000,0.000000
0.740485,2.786515,0.053117,0.000000,0.000000,0.000000,13.105522,1.722469,4.680773,1.401448,3.335693
1.449826,2.815677,0.000000,1.133624,3.670813,0.000000,0.000000,2.900859,0.378983,1.549835,0.000000
2.391906,3.961912,2.370464,0.449926,3.252773,0.000000,0.000000,1.886817,0.000000,6.467697,5.757086
0.372438,0.252930,9.880523,0.881815,0.000000,0.000000,1.259428,3.290319,0.000000,0.000000,0.000000
0.058980,5.453279,8.149956,0.000000,0.000000,0.000000,4.131066,0.656391,1.154693,0.000000,0.000000
0.366040,0.000000,0.000000,5.879446,0.000000,0.000000,0.437513,0.000000,5.989257,0.000000,2.121251
0.000000,3.098463,1.356436,0.996176,4.642218,1.272798,0.811443,0.266826,0.000000,1.951730,3.737427
2.358777,0.726084,0.877517,1.338126,1.757684,2.157563,0.338462,0.000000,5.007528,0.000000,2.645240
0.000000,0.000000,0.000000,0.000000,5.319382,1.486196,7.634182,0.000000,0.000000,2.974180,3.417732
0.000000,0.000000,1.475217,0.000000,9.187265,0.000000,0.000000,6.223644,1.024900,0.000000,0.000000
1.811582,4.219006,0.676047,3.146084,0.000000,0.000000,0.993746,1.981786,1.289790,0.000000,0.000000
0.000000,0.819085,3.328840,15.483185,0.000000,0.000000,5.702544,1.038274,2.220334,0.000000,4.191028
2.474823,0.000000,0.000000,0.000000,0.000000,1.529595,0.000000,0.000000,1.462098,0.000000,1.621368
1.942411,4.701811,1.244179,9.986148,0.347519,4.901871,2.176428,6.353282,0.210407,0.000000,0.000000
0.000000,0.000000,0.000000,5.568650,0.000000,13.888212,1.794975,0.000000,0.000000,2.053882,0.000000
3.669138,0.000000,0.000000,12.010236,2.014658,11.397111,0.000000,3.189437,3.624252,0.000000,0.000000
2.290623,11.477681,5.614365,3.811004,0.000000,9.065900,0.000000,3.092250,0.000000,0.816821,0.000000
1.879041,0.000000,2.032000,1.820924,0.320028,0.000000,7.090848,2.788966,2.990198,0.000000,0.000000
16.187243,1.656330,0.199107,0.000000,0.000000,3.937595,4.244836,0.000000,0.000000,0.000000,8.406038
0.000000,2.352443,0.000000,0.000000,0.000000,1.334870,2.218293,0.230525,2.515178,6.248662,4.767495
0.000000,0.000000,0.000000,0.000000,0.000000,0.969970,4.974944,0.000000,0.000000,2.302225,0.000000
1.410192,3.166479,0.000000,0.000000,2.975392,1.633369,3.532138,0.000000,0.000000,2.746101,0.000000
3.274768,0.272822,1.212134,0.133735,2.819818,0.497257,0.000000,0.000000,0.000000,2.700307,10.683754
0.000000,5.156011,1.127154,0.000000,1.137425,0.000000,6.055633,0.000000,0.000000,1.982737,0.000000
0.000000,0.000000,3.976470,12.480713,0.000000,1.462899,7.297944,0.198093,0.000000,6.413151,0.000000
0.000000,6.688728,0.000000,0.000000,0.000000,1.017037,4.070765,1.465580,1.444252,0.000000,0.000000
3.040664,0.000000,8.246539,1.008049,1.249492,1.651336,0.000000,1.378754,1.991819,6.569214,0.000000
4.258674,0.000000,0.000000,0.000000,9.591817,0.000000,3.445392,2.343131,7.478476,5.229932,2.690472
0.000000,1.010003,0.000000,1.642125,3.914134,8.911316,0.000000,5.960340,1.318067,3.447064,0.000000
10.033949,0.000000,2.723931,0.562911,0.000000,2.903506,1.320330,0.386753,1.244984,0.000000,3.517099
9.447424,2.828960,0.000000,0.000000,0.879926,1.188720,0.000000,0.000000,0.000000,0.000000,0.000000
0.000000,2.630787,0.000000,2.055992,1.790709,0.000000,0.000000,0.000000,3.221281,0.000000,0.319927
0.321092,0.000000,0.000000,9.675830,0.000000,3.280433,0.000000,1.358007,0.000000,1.107073,5.329974
5.880982,0.000000,6.633395,0.000000,0.000000,0.000000,1.092034,0.000000,4.152833,0.136404,9.336716
14.527004,0.000000,4.194453,0.000000,26.691912,6.098253,6.607476,0.000000,0.000000,0.000000,0.000000
0.000000,15.990710,3.782972,0.000000,0.000000,3.701175,13.363240,4.147366,7.433588,0.710400,5.340190
6.633831,2.436709,0.758312,1.584466,6.108491,14.743122,0.000000,0.000000,0.000000,0.000000,1.584740
1.811454,13.711079,1.517914,0.020881,1.241297,11.217568,3.933163,0.000000,0.000000,0.000000,0.337094
0.000000,10.167218,2.194160,4.478545,0.000000,4.536373,4.410607,2.140345,0.000000,0.517982,1.450846
4.262772,0.000000,1.437500,0.000000,0.000000,0.000000,0.000000,8.439900,4.265622,4.266946,0.223609
9.743983,1.792398,0.000000,2.117332,6.619068,0.399829,0.000000,5.947423,0.060884,0.000000,0.000000
0.000000,4.464722,7.446183,0.000000,0.000000,11.878851,5.070482,1.414087,16.766139,0.000000,22.597896
0.000000,0.000000,4.041456,0.000000,2.197459,0.000000,0.000000,2.529542,3.713474,0.366192,11.247255
9.837953,0.000000,20.755183,5.456712,0.159264,7.332279,0.000000,1.031113,0.000000,0.254810,0.000000
0.000000,0.000000,0.000000,0.000000,0.951059,0.000000,0.000000,9.553508,1.229295,0.000000,6.271094
8.422790,2.282559,0.000000,6.134738,0.000000,4.976183,9.123669,0.922254,1.247912,0.830363,0.000000
3.563535,2.900891,3.614751,4.940760,0.735088,0.920481,0.000000,0.000000,0.000000,0.000000,0.000000
0.000000,0.000000,0.000000,0.000000,0.000000,4.905001,6.704111,5.589811,6.683607,8.064816,0.000000
4.089748,3.819099,0.000000,2.546249,0.000000,7.859137,1.181984,1.159861,10.120983,0.635346,0.000000
2.320154,0.000000,1.765779,0.000000,0.934620,0.000000,1.172031,0.000000,0.000000,2.326276,1.555244
0.541650,0.000000,3.246345,0.000000,7.002660,0.000000,4.898816,0.000000,0.000000,15.681543,2.482316
0.738593,2.141497,0.000000,23.847894,0.305504,0.309316,3.185557,0.562729,2.312486,0.000000,0.000000
0.000000,0.000000,5.837905,0.000000,0.675033,0.000000,5.472833,3.677622,1.807399,0.000000,1.526496
1.644317,3.295193,0.000000,0.000000,2.101327,14.380589,0.000000,0.000000,4.323758,0.000000,19.235801
18.782306,0.000000,0.000000,0.145941,0.000000,5.153647,0.000000,4.128028,0.891945,0.000000,5.630994
0.000000,1.847491,0.000000,2.207722,0.472502,0.000000,3.913031,0.273183,4.952818,0.000000,5.122529
7.067576,0.800444,3.306466,0.000000,1.123072,17.622684,0.317671,0.000000,1.000836,5.886958,3.533333
3.494975,9.980472,3.378167,0.000000,0.962891,2.271906,0.000000,17.268437,1.374350,1.722080,6.312080
0.000000,0.721128,0.000000,0.000000,0.000000,0.337163,1.564361,0.000000,3.853497,0.000000,0.000000
3.186422,0.000000,0.643234,0.000000,0.000000,0.000000,0.000000,11.011318,4.755689,0.274607,0.000000
0.000000,5.624834,7.316259,0.000000,7.035633,0.000000,6.205870,0.000000,18.964300,0.000000,0.000000
0.000000,0.998635,0.000000,1.514936,0.000000,2.728575,0.000000,0.000000,12.290376,0.000000,1.621594
0.000000,1.120445,0.000000,0.000000,0.000000,0.000000,0.000000,0.000000,0.741186,6.281612,0.123618
0.000000,0.943265,5.665367,0.000000,3.007413,3.380546,0.000000,0.000000,0.000000,2.197615,1.932530
7.312973,0.000000,8.925315,6.273157,13.314970,0.000000,6.697445,2.104536,8.586612,0.000000,1.142036
0.000000,0.000000,0.000000,6.646590,0.000000,0.000000,0.000000,2.034947,0.000000,0.330950,8.601728
2.158016,7.246550,12.490328,4.007208,0.504653,2.474952,0.000000,11.436082,7.358912,0.000000,0.000000
0.000000,0.000000,0.000000,0.720406,1.587388,13.338851,0.000000,1.013597,7.073062,3.840439,1.583727
8.505108,0.233801,0.000000,0.000000,0.000000,0.000000,9.680683,0.000000,17.879195,0.000000,0.000000
0.000000,0.000000,8.606932,0.000000,0.000000,8.676536,0.000000,13.158635,0.000000,6.928515,6.451473
0.000000,0.933197,7.357141,2.277170,0.330930,5.672160,0.534484,33.751656,0.000000,3.883426,1.782104
3.038609,0.000000,0.000000,0.000000,5.453454,2.306662,5.276550,2.820898,7.210897,6.540624,15.426066
3.551297,13.090391,0.000000,1.692462,0.000000,0.762930,0.000000,0.000000,17.145472,8.204593,8.929105
4.381392,10.838628,0.000000,0.000000,0.000000,0.000000,0.069812,0.000000,10.595687,1.233388,2.963855
4.612988,0.000000,0.000000,0.000000,0.000000,4.938822,0.000000,0.817481,0.000000,0.000000,0.000000
0.000000,0.000000,1.300297,19.363708,11.300233,0.000000,0.214529,5.666960,7.564895,0.000000,5.884246
6.482569,0.000000,0.000000,0.000000,5.497150,2.999486,7.445543,1.684677,28.883763,0.000000,7.782372
8.620187,4.705635,1.848219,0.000000,0.000000,0.000000,2.801437,0.000000,5.538492,8.627275,0.000000
0.000000,5.673058,5.204728,3.192682,15.317108,1.472811,3.171734,2.612917,0.000000,0.000000,0.000000
0.181371,8.086443,22.538891,0.000000,6.579465,0.000000,5.495838,0.000000,0.000000,1.149532,4.105093
0.000000,0.000000,2.622547,27.050100,0.000000,0.000000,0.000000,0.000000,0.000000,0.000000,0.000000
0.000000,2.304400,5.375280,2.699630,4.057703,0.000000,0.000000,10.432140,0.000000,4.160194,6.314620
0.000000,0.000000,0.000000,3.208045,0.000000,3.848619,0.000000,5.166056,8.376194,4.709748,3.698221
0.000000,2.277382,1.178640,2.477650,6.345919,2.413167,1.030594,0.000000,8.070871,11.930146,0.000000
13.279359,0.000000,0.902714,6.095883,12.511254,0.000000,4.292120,3.766334,6.900192,0.000000,7.696897
0.000000,3.120659,0.000000,0.931828,0.000000,8.480473,3.491006,0.000000,1.193180,2.789461,0.000000
8.852020,0.000000,3.100069,2.075720,1.690039,0.000000,0.000000,21.643323,0.000000,24.454390,1.212952
0.000000,0.000000,0.000000,0.000000,3.154389,9.011508,1.908322,0.000000,3.113664,5.607119,4.169123
1.756849,0.000000,3.410842,0.000000,5.547007,0.000000,16.440451,2.001198,1.398345,0.000000,0.000000
0.000000,0.000000,2.457650,1.507349,0.000000,0.514883,0.000000,0.000000,0.000000,13.639785,5.386247
0.000000,0.000000,5.804263,0.141112,0.709175,0.000000,3.074539,7.855445,6.035261,0.490954,8.524285
5.834601,0.000000,1.925291,0.000000,1.355545,0.000000,16.239520,0.000000,0.000000,0.000000,14.213333
0.000000,4.224164,0.069356,10.273975,0.000000,3.035726,0.632255,9.904718,0.000000,3.795392,0.000000
5.153299,6.601663,0.000000,0.563285,0.000000,1.495990,0.000000,1.312395,2.048214,6.590208,3.753052
6.515088,0.000000,0.000000,6.360600,0.862835,5.664226,3.557103,0.000000,0.526810,11.267010,0.000000
0.000000,4.598018,12.292708,0.000000,0.000000,0.000000,1.151006,4.776644,10.686050,0.000000,0.000000
0.000000,0.000000,0.000000,29.282197,0.000000,12.707791,9.261346,7.602716,2.861266,5.750626,0.000000
4.181745,4.827475,4.204920,2.188555,4.132931,0.000000,2.161398,13.741861,11.581549,0.000000,0.000000
0.000000,0.000000,4.971200,1.103791,0.000000,5.198108,18.655866,0.000000,0.000000,0.000000,0.000000
0.000000,0.000000,0.000000,5.683163,0.000000,0.000000,5.714489,8.241654,5.235831,4.012146,0.000000
1.497431,0.000000,0.000000,3.363783,0.000000,0.000000,5.135748,0.000000,0.000000,0.000000,0.000000
1.787883,0.000000,0.000000,0.660854,0.000000,1.127971,0.000000,5.150911,8.508372,0.000000,0.000000
0.000000,1.245217,0.000000,0.000000,0.000000,7.002825,0.000000,14.828855,0.000000,0.000000,1.535812
0.000000,14.813068,0.000000,25.630067,0.000000,16.272318,5.419090,0.000000,0.000000,3.776606,11.960964
5.704840,5.613951,0.000000,0.000000,0.000000,1.835811,0.000000,15.698730,0.000000,0.000000,3.618175
0.000000,5.668573,0.000000,0.000000,8.909550,5.800446,10.905344,6.485069,0.434416,1.329965,2.158902
0.000000,5.232107,0.000000,4.665950,1.300849,3.230852,0.000000,0.000000,0.000000,2.112104,0.000000
0.000000,0.000000,0.000000,0.670540,0.000000,0.000000,0.000000,10.364915,0.000000,0.239483,0.000000
9.756197,7.269062,0.000000,0.000000,12.212258,0.658488,5.087522,1.196016,1.321410,0.000000,0.000000
0.843253,0.000000,0.000000,0.000000,0.000000,0.000000,0.320794,0.000000,2.032297,0.000000,0.000000
0.216767,4.957379,2.031504,1.208982,0.000000,0.000000,4.957770,5.893053,0.000000,5.596085,7.529282
0.000000,12.321543,1.775403,0.000000,0.000000,5.154992,5.669105,0.000000,0.000000,11.771482,21.963170
5.341261,0.000000,5.204889,0.000000,0.000000,2.331718,0.000000,0.000000,2.608375,3.958698,0.000000
8.058424,0.000000,24.012085,0.000000,3.774785,2.175561,0.266213,0.000000,0.000000,0.000000,1.673465
1.230879,0.000000,6.976863,2.019735,0.000000,3.732564,3.352584,1.504738,0.000000,0.165305,0.000000
0.000000,4.444320,0.000000,7.275787,0.000000,0.000000,0.000000,1.374579,19.790809,0.000000,0.000000
0.000000,0.000000,3.288500,4.537460,1.547337,5.842708,5.373659,0.000000,30.119688,0.000000,12.294578
4.591507,0.000000,1.865946,0.000000,0.000000,1.937478,0.000000,0.000000,0.000000,0.644881,18.761533
0.000000,0.000000,5.149837,13.287060,8.133075,2.433183,15.924953,0.116525,7.142807,10.053849,0.000000
0.000000,1.168286,3.345313,1.878630,0.000000,4.302002,4.814293,0.000000,0.000000,1.495649,10.886056
0.794049,6.990549,0.000000,7.963491,0.000000,0.000000,10.073036,8.884259,0.000000,2.114397,0.000000
1.348348,0.000000,5.116968,0.000000,0.000000,2.572352,2.365970,3.943220,3.438607,0.000000,33.848520
0.000000,0.000000,2.836017,11.317328,0.000000,0.000000,0.000000,0.000000,0.000000,0.000000,2.003003
0.000000,1.553651,0.000000,4.022856,4.311182,0.000000,0.000000,3.878695,0.000000,12.141042,12.594879
0.138847,0.414342,0.000000,16.290649,3.523962,3.564949,19.282887,0.000000,0.400299,25.591254,5.615593
2.296531,2.627445,0.000000,1.427012,0.000000,1.620660,0.000000,7.437092,9.692370,18.382990,0.000000
5.083800,2.974681,0.000000,0.000000,0.000000,0.000000,26.176125,0.000000,0.000000,0.000000,8.480014
2.746470,0.000000,0.000000,7.690092,0.000000,0.000000,5.299669,0.000000,1.029625,6.647892,8.753304
6.347199,0.000000,4.168978,0.000000,1.486658,36.104910,12.786023,12.770469,6.378423,3.993387,1.910655
3.500400,2.557982,0.000000,0.000000,1.355895,1.862384,1.535864,0.000000,0.000000,0.000000,0.000000
10.716583,0.000000,0.704624,0.000000,3.264953,0.000000,0.758757,0.000000,0.000000,0.000000,0.000000
19.020713,17.602321,4.603381,0.344982,0.332799,1.443854,1.669641,0.000000,1.877228,0.000000,0.000000
3.053093,9.402429,0.000000,0.845791,0.000000,1.344724,1.767119,1.462648,7.269399,4.946282,0.000000
0.000000,8.814627,0.000000,0.000000,0.000000,4.404121,3.289585,0.000000,31.518286,2.737256,1.620347
20.451333,0.000000,0.000000,0.000000,0.000000,5.587679,3.445122,0.000000,0.000000,8.952101,1.001604
0.000000,11.269848,0.000000,0.000000,3.774075,10.120006,0.000000,2.077177,0.000000,6.115053,0.000000
0.000000,1.448630,0.907314,11.518819,9.500862,10.729020,0.000000,0.356064,2.529255,0.000000,7.730694
16.989318,5.550230,9.187603,0.687327,3.302664,0.000000,3.458668,0.942172,7.425516,2.289527,11.712674
3.156111,6.340498,0.000000,0.000000,2.640998,1.242331,1.673589,0.000000,0.000000,3.425658,16.729282
0.000000,0.000000,0.839155,3.811939,6.238727,0.000000,0.000000,27.146606,6.299418,3.014218,0.000000
7.564169,0.000000,2.188821,12.498755,0.000000,0.000000,0.000000,0.000000,7.815849,0.000000,1.475199
12.656214,1.803764,0.000000,7.580632,0.000000,0.000000,2.613652,0.000000,1.733944,0.000000,0.000000
0.000000,0.000000,0.000000,10.930268,8.126203,4.390318,3.299918,11.719444,0.000000,0.000000,8.384765
0.000000,11.925827,23.395793,0.000000,0.000000,4.612706,0.000000,0.000000,0.000000,0.000000,0.000000
4.488087,0.000000,11.614350,0.000000,11.671088,21.807321,0.000000,0.000000,0.000000,2.812378,0.000000
7.460219,14.893704,6.825390,0.000000,5.963260,0.000000,0.000000,8.374052,0.000000,4.514669,10.010888
0.000000,13.558543,0.038436,0.000000,4.054281,0.000000,0.000000,0.000000,0.000000,5.793037,4.274085
0.000000,13.204523,6.351053,4.226044,2.248892,7.604486,6.209044,0.000000,5.760540,0.000000,4.533030
13.451352,0.000000,0.000000,0.000000,0.000000,0.000000,6.665738,0.000000,8.350809,0.000000,6.847836
