6.841766,3.812727,-0.618187,7.103548,8.240861,2.240597,4.851167,1.681635,3.761104,1.051277,2.627181
8.804450,5.345757,-2.025639,3.240640,8.686136,3.218214,3.603023,0.386073,2.166683,-0.383005,-0.011937
2.035172,2.350840,0.422456,0.978899,2.978466,5.236277,2.632209,-0.966636,4.691114,3.771532,-0.417883
1.908802,3.888294,1.123175,0.209589,4.340838,8.261052,1.225129,0.377240,9.416665,1.434012,1.294514
1.539376,5.271763,0.247154,1.734733,3.392443,7.610364,1.515145,3.299744,8.738133,2.388891,2.428400
4.724753,1.131467,-0.948519,4.559732,2.312236,5.663497,3.943443,4.107965,8.735335,3.883285,4.018874
6.542080,5.019135,3.180845,4.245023,1.240400,1.697007,1.724538,7.854699,8.689200,0.083372,5.198735
7.986241,5.568605,6.679356,5.807440,1.301610,7.182132,5.528028,4.375050,3.449973,1.431241,6.002921
5.850351,11.119803,8.085321,7.492048,0.373268,4.953603,6.851299,5.517495,1.157037,1.159367,6.641480
4.198516,10.527764,5.253736,9.196609,3.714290,4.520298,7.248916,6.440063,7.171470,6.618824,7.283522
5.344198,9.698729,3.006303,7.266704,7.223043,7.226536,7.857553,4.658295,5.128912,1.819516,7.400074
4.279044,5.255404,5.258644,5.206219,7.360190,8.797974,4.410985,8.319739,0.190619,4.203900,5.557690
2.722591,3.454907,5.463205,6.942698,4.670098,8.052874,5.544067,6.271060,1.270961,2.276651,5.248683
4.460109,1.796594,5.648479,6.839166,2.107304,6.477303,6.887354,5.984329,8.890468,6.270235,3.794662
2.790570,2.851657,2.569386,4.480703,0.311513,8.596549,2.185397,3.821775,8.986319,10.510224,5.343671
-0.467902,4.734909,6.039183,3.998501,4.130821,4.233019,6.129759,2.882128,4.931719,7.695381,5.002582
-2.293006,4.831665,6.338818,4.624313,3.161874,3.943541,6.096605,2.711938,5.311678,8.837344,7.969506
1.621844,5.746410,-1.564292,8.457507,3.233264,2.205374,3.727756,2.970282,2.700031,6.628625,4.814075
2.757159,3.921286,6.303696,7.100564,1.044733,1.240167,5.231085,4.065671,1.988265,5.985228,5.231243
3.358089,5.626767,3.444541,4.475218,6.002977,8.155960,4.135747,4.488818,4.417368,7.650248,2.829986
5.144861,3.106458,4.693732,-1.266183,1.941778,1.098864,4.474763,6.891016,4.712387,4.227428,3.554454
10.527241,1.948883,4.965416,-1.592378,-0.435131,3.969835,2.372191,5.874462,0.931880,3.722857,3.344441
8.417609,-0.198501,2.336245,-1.754787,0.814429,2.717774,0.061894,5.070026,3.542283,5.087057,7.764936
11.413433,-2.572191,1.931246,2.817903,-2.568664,0.668140,2.617675,4.077459,6.820172,3.287064,5.076492
11.612101,-4.462635,0.865634,2.956843,-2.370034,5.244960,1.295806,3.843242,1.906884,2.647643,0.564328
11.264257,1.134943,2.936110,3.584353,1.295392,2.246736,-0.331233,6.774753,-0.754815,3.717571,-2.036616
8.375824,5.104644,4.351329,4.957801,1.457179,1.342740,1.302401,7.688475,3.566920,4.915679,1.711033
9.757863,3.038514,1.075792,7.436434,4.489710,6.211838,5.004203,10.751087,2.895961,6.148610,2.222827
7.524210,4.799140,-0.225562,7.222702,2.433654,9.284428,2.385301,11.048263,1.290473,9.232654,6.212820
4.285003,9.318406,-1.543202,6.809664,-1.988494,4.443912,5.062740,10.752668,1.881778,9.766825,3.538782
4.592623,3.407617,3.052281,2.857446,2.801404,4.687649,1.353451,7.394662,0.845290,5.658737,2.797458
4.632102,6.849080,7.328479,6.532524,7.473563,8.086741,3.110816,10.196348,0.881234,7.336216,1.558311
4.066331,6.978322,6.822378,5.880560,7.292141,6.257531,6.972154,4.968663,4.627489,5.873322,5.562410
7.022860,0.972810,8.125361,11.054410,0.494069,2.859515,9.819320,7.862777,2.286714,5.237576,6.222129
-0.073061,5.539415,5.994878,10.621406,3.430732,2.051366,8.271984,7.053395,6.999196,8.636645,8.725222
-0.849213,2.889172,7.085309,9.511582,1.273882,6.450151,9.826938,7.477990,5.779374,8.006874,11.306960
-0.613091,2.318407,4.402944,7.872929,0.596784,6.254770,5.090952,10.219834,7.001549,6.408770,9.514726
-0.723857,5.072088,2.773937,7.427037,3.114417,7.269388,1.626438,7.087871,3.500256,6.521803,6.022603
2.304415,7.165879,4.069953,6.106692,6.308513,8.699170,2.173876,10.625928,3.779359,4.896634,6.579470
4.577441,9.177670,7.600991,4.805134,2.610209,9.169093,4.203314,8.244399,4.456761,8.459091,6.164458
3.885656,6.145202,3.598829,7.149506,1.764564,6.127786,4.523780,8.085358,6.199483,9.058607,6.686350
5.730919,10.958392,3.436954,7.203776,1.425652,7.362080,6.384111,5.933215,5.550218,9.023977,6.139863
6.001150,7.438080,2.882507,6.044117,5.172703,7.178218,9.740012,10.426933,5.427725,7.830743,7.528769
5.944273,14.100429,4.790936,2.418651,4.814345,5.736232,7.987874,8.050813,7.634101,8.772267,4.261526
8.845478,9.237696,5.988287,3.042138,3.111864,3.041008,8.897428,6.757163,8.960351,8.214219,6.572715
5.660272,7.049491,1.960507,6.009455,3.424078,1.887377,11.696741,3.587526,11.377717,8.791297,6.229339
5.525842,7.174636,3.487827,6.322304,7.221967,6.122455,4.458608,4.465965,4.139931,3.906196,4.037823
4.958164,3.332868,2.197552,10.235079,4.669174,9.786230,3.639736,2.296117,2.735834,5.944152,5.993974
4.973264,4.511547,5.813631,11.268395,3.737592,7.050548,4.966333,5.442693,5.139867,8.035459,12.504449
11.161107,-1.718620,8.891693,8.516690,1.626230,3.722582,7.890664,7.150902,6.102648,7.358585,13.139892
7.414840,0.512513,11.880459,7.238717,4.211091,6.050327,6.271255,0.486233,8.920344,2.030687,12.176657
5.166002,4.227760,9.594858,7.625634,4.976249,4.484610,8.979881,1.961500,5.429731,10.132305,11.273996
3.577972,4.660921,8.730580,9.265704,8.597341,7.169355,8.799288,7.935924,9.611413,12.102574,5.261347
3.229077,5.200329,5.684354,4.509059,6.002062,8.075370,10.903904,6.485177,10.330401,10.024160,2.848637
8.425547,5.288776,11.774001,3.757947,9.751273,7.203068,6.216336,8.613461,6.748849,8.803178,6.458916
9.631496,8.062531,9.056119,5.521425,11.572456,4.155393,6.139773,6.666390,9.475455,9.251142,6.633951
7.547042,13.617230,8.472333,7.408598,9.803179,8.940230,10.742221,2.193489,9.108993,10.395693,8.860213
6.402007,12.431376,5.735483,2.184076,9.208321,12.618706,7.923248,0.459146,12.259281,12.259993,6.700013
6.819160,9.385623,10.525562,1.126599,8.690161,11.176184,7.046165,3.543925,12.723266,7.385107,4.600133
6.482005,10.003409,9.123274,3.641170,10.759303,7.535950,6.332446,5.795791,11.652835,8.299500,5.562161
6.636461,5.557447,8.542102,2.000266,8.940221,7.242424,5.710436,8.024509,11.010730,6.066178,7.107066
5.198180,5.517454,7.678093,2.542465,8.333346,8.015691,4.516497,5.765759,9.222115,11.607566,7.173128
6.942398,8.997718,3.013747,5.259210,7.526792,5.681702,2.651766,6.865913,7.312118,11.727942,4.023705
4.396911,4.754267,4.568578,6.847950,9.176275,7.037535,5.243611,2.028630,6.368558,7.833941,3.526699
6.592947,6.910329,5.076892,8.755140,7.559595,6.273046,5.018862,5.326764,5.557509,9.868758,7.293344
9.054993,7.521690,7.494571,8.481563,9.188603,7.239454,8.734228,7.450282,5.701660,7.660685,8.577260
6.439401,7.054630,6.357299,8.633095,3.763054,9.112585,8.819130,7.332946,8.184550,11.913747,2.703839
6.675750,6.135019,8.123664,9.905570,3.497798,4.621817,9.931693,4.221967,7.945498,8.981779,5.643575
10.360027,6.528177,8.632816,8.286588,4.041860,3.952208,10.726421,8.116500,4.875437,2.512562,9.832447
8.878165,4.406769,10.004158,6.488064,3.271572,4.083902,9.804510,6.141042,2.583576,1.709720,10.227904
8.209634,10.245803,7.422884,8.442886,4.038745,3.113671,9.746280,8.898559,7.521744,6.518518,11.965508
7.239013,9.679124,7.172411,4.990911,2.456658,2.067895,10.132166,9.095656,6.536384,5.956158,10.222174
12.038237,8.286238,5.922696,5.704381,7.652480,2.966524,10.558383,9.866969,7.279723,5.152807,12.100519
10.333705,6.798918,4.821324,5.413239,8.626644,2.424958,10.681603,9.902211,9.223191,5.701989,13.653831
8.844345,5.254070,3.674448,7.449895,8.968361,6.022263,7.904996,6.792960,7.545682,8.561246,11.232916
9.607807,10.474531,3.683220,8.464495,5.167271,12.602907,12.323902,8.757864,14.140132,9.569828,8.506025
15.994959,9.015300,2.858738,11.191080,7.423791,8.427320,8.670562,8.755504,6.923112,6.849114,9.059689
8.124903,8.461658,-2.827003,8.543890,5.573015,9.217606,5.861595,12.051503,6.771474,5.333413,8.967358
7.920818,11.001506,2.120348,6.712942,5.790635,12.098188,4.573341,10.578230,8.251613,5.885615,8.531308
9.148310,10.477288,4.572260,5.309800,6.776736,13.281159,3.386558,9.708830,7.385391,8.754244,10.997950
7.821010,7.829325,6.187175,10.365038,11.053889,7.369789,7.672546,7.186600,7.364056,9.812202,8.608334
7.199611,7.272814,8.905728,10.057612,8.205844,9.003039,5.513365,6.660598,5.459510,12.106458,4.941509
10.428641,5.740208,10.820977,7.815868,7.629038,11.532346,6.101858,10.832572,6.599347,9.997681,8.792547
10.356871,2.356934,9.487762,9.201420,4.041548,13.060666,5.358653,10.152403,9.009377,10.213950,8.944093
16.144573,7.896977,12.642569,10.906543,6.564454,16.283878,8.050080,6.751007,12.679929,8.545959,10.339512
19.601280,8.986294,9.449855,9.973185,2.841929,12.436545,7.235622,4.222523,9.894493,4.979674,11.991678
12.795123,8.757706,6.809469,9.850837,7.433530,14.058352,9.999376,4.487004,9.611760,4.034783,12.355839
7.862330,12.390103,10.148062,12.464195,6.046268,11.520569,9.717862,11.086479,7.200434,5.210665,10.635782
9.616944,6.458636,8.560785,12.050597,8.620198,13.153398,11.822481,11.952278,11.264386,8.877047,8.878114
10.158642,6.603388,6.771218,9.323680,6.746576,13.280602,14.049598,13.248465,10.063623,8.265406,6.866983
8.153675,7.692222,6.958687,9.184614,12.977739,10.771200,13.988515,17.610051,13.557768,8.665887,9.000908
10.565823,7.712719,4.881975,6.580550,11.496487,9.825840,12.148479,12.904909,14.168234,9.492511,11.110987
9.950324,8.711923,10.184315,7.031858,10.074058,12.961253,14.151398,11.169352,15.390956,11.365543,9.673793
6.110741,12.696182,9.517429,14.487916,6.835337,8.952715,11.418039,14.363751,14.057058,13.926074,9.676475
8.139500,7.452912,6.306894,13.141315,5.878138,12.180564,8.455662,9.800162,14.533924,13.169121,13.270386
11.522006,10.552213,6.082031,7.764975,10.865305,10.935070,9.404699,6.501001,12.004599,9.071141,10.067894
10.360144,11.966235,9.824652,12.663830,12.507637,13.109876,8.183971,5.135917,8.710930,7.538711,12.150087
11.825244,7.878290,7.839302,13.105932,11.321221,8.097534,11.495559,6.214108,7.885737,9.722373,13.845442
11.623895,5.067078,12.429578,11.395246,10.904962,6.241746,12.250718,8.300089,9.701672,9.512840,14.813281
11.893623,9.570570,11.719185,12.432783,10.940038,10.333325,15.822193,9.997165,13.676593,10.699097,16.508930
16.699932,12.443952,14.445900,11.817377,10.350868,8.214712,18.116560,10.890622,12.226834,16.035466,16.315433
19.313702,11.631905,12.804229,8.179075,10.243181,9.871173,14.146916,10.387437,18.708834,11.465768,13.239095
16.735381,9.889491,12.625330,9.361439,9.077523,11.289235,9.813328,13.455315,17.918242,13.606744,9.255827
14.065750,9.920224,10.605497,8.503107,7.628985,11.046087,11.929846,11.682624,16.104900,12.579838,5.136140
14.817396,11.942465,10.071929,6.538294,10.492311,12.230533,10.583262,14.148412,13.321121,11.168271,9.736680
11.556557,14.456534,11.004206,9.603867,11.763625,15.392306,10.282296,14.576055,12.593807,7.596915,9.113008
11.511973,17.674662,14.358164,7.742735,11.353406,15.758436,15.437322,13.804146,14.754486,11.749069,9.841514
10.988795,11.368759,14.410455,7.846342,13.648793,9.489223,11.811354,16.386013,13.905628,16.166820,10.506076
11.312706,14.408691,15.095046,6.270919,11.952011,11.500710,11.582015,13.636004,13.631073,15.476938,12.272698
11.161758,14.377226,16.360689,11.136264,13.670628,10.045539,9.906881,11.832168,14.440975,13.249301,14.942947
9.900495,14.179547,14.454683,14.775549,12.679242,14.389946,11.132155,13.265166,15.239437,16.808074,14.376692
12.604155,13.119800,17.053490,11.861252,15.683950,10.026223,12.526916,12.542026,8.553146,19.170489,12.919876
10.510017,12.318877,16.155879,11.151074,12.681693,9.342947,13.737254,15.602087,8.075956,19.181454,13.123035
11.173731,15.043532,15.494833,13.688934,13.288574,13.785195,7.348028,10.402809,12.759538,18.498652,13.539918
13.345790,16.015358,14.889384,16.289753,13.007789,13.152740,6.737035,13.640938,12.084596,18.235823,12.380704
15.727617,18.237235,15.716102,13.763851,15.764558,16.465134,6.835846,12.652898,13.589348,16.488279,12.768788
18.883915,14.077189,18.062893,19.287569,14.092125,14.000540,10.822305,15.181689,14.547031,16.063765,11.629017
17.673351,11.945853,17.130548,16.110602,17.442014,14.818891,8.000319,13.142794,12.889619,20.915925,17.109417
17.291529,12.337891,15.729662,17.311470,17.541018,14.512997,12.186859,18.111511,19.701213,18.943615,18.000954
12.355405,11.067722,12.323315,17.979983,19.637619,13.883366,13.237855,14.831781,17.119052,14.004885,16.427092
14.307596,11.368517,10.235676,13.293751,15.294878,15.439424,11.713202,11.918749,19.343366,16.193320,22.387716
17.002181,11.439108,12.875876,15.471267,16.446934,14.894665,18.186300,12.068621,15.952620,15.962869,18.685546
17.011838,11.536096,15.747703,17.205267,14.496149,15.165317,15.050312,11.735668,13.465228,17.153858,14.907382
15.859345,8.439613,14.904178,16.691742,16.730327,12.671003,13.785249,18.346159,16.786639,14.201871,18.254763
17.920015,7.305069,17.043443,15.802606,14.424204,12.958416,13.966600,19.898233,18.444142,13.082783,16.653975
17.347026,9.554311,16.758213,15.525905,13.683114,15.006991,9.849243,15.391164,11.427087,14.239639,15.287756
18.384952,11.358675,14.993687,16.319365,11.618688,16.536939,14.903855,19.111650,10.789570,11.494956,14.700026
18.221554,11.368473,17.549984,18.296818,16.305564,19.389237,17.256908,18.513676,13.663407,14.538055,17.366271
14.031104,12.937472,20.623691,18.754983,12.649223,18.645564,16.490823,17.087258,13.628246,17.712183,14.022005
16.392242,15.494250,20.945710,20.709292,15.972693,19.543069,14.955133,19.039634,11.523402,14.341499,20.536032
20.793202,17.262044,20.020426,17.628132,19.483628,18.517080,19.133182,16.979429,14.153365,13.762237,19.515625
20.147495,18.493067,20.837170,16.354631,21.203723,14.462546,20.945589,18.049372,13.010581,11.719558,18.388575
18.642528,19.741364,19.377838,15.837052,17.432580,11.689685,23.832951,14.524647,14.500876,15.142855,17.069430
17.425949,20.281774,21.090637,16.795813,14.557772,19.133638,18.977018,14.486346,16.341734,17.519677,16.335171
15.212697,19.717468,18.947265,16.403223,15.772420,15.345705,15.598552,19.955379,15.973781,15.244252,18.347193
19.648378,20.276458,18.979564,15.488007,15.065775,13.453315,17.708457,18.025485,16.183958,17.080746,16.659377
16.995750,14.002008,20.101557,11.993917,16.711357,17.354560,20.411192,16.470686,14.080053,17.310965,14.858607
16.621092,15.093625,17.740556,12.737824,15.842045,18.829927,23.138922,12.372225,10.700770,13.759822,17.740674
11.797852,16.118264,17.338200,17.135459,15.374197,15.385188,17.709008,14.724366,11.880636,14.789159,20.013400
13.430293,18.728713,16.483277,18.586847,16.987306,12.090517,15.250884,17.507400,13.493963,15.131665,17.230054
16.854303,19.630278,12.597184,20.127962,15.576922,15.727872,10.607608,20.592191,14.678884,10.946376,17.638896
15.874206,20.897052,11.462603,18.634179,13.828604,19.378262,13.983824,19.783926,19.578581,12.995535,15.403760
13.466944,18.530847,12.550772,19.571328,14.966265,22.759939,12.890553,21.514657,20.900894,15.262754,13.616890
14.107015,23.445516,16.256624,11.932608,16.412242,20.505496,18.484531,14.866090,17.978047,15.328171,16.246079
15.618924,22.775679,13.275865,15.548046,17.714968,16.619170,20.900653,18.645822,17.565402,20.299327,19.384129
17.433700,19.516932,10.974162,15.161148,17.754399,22.003321,19.217851,21.582785,17.733176,20.082585,22.730976
16.539460,21.952596,14.285433,16.581784,16.682909,20.340428,21.918274,17.338041,17.340075,21.959106,18.045891
17.054534,19.400043,16.922220,18.958105,18.365211,18.936894,22.750018,13.554213,17.642528,24.683372,13.537502
17.349911,19.815576,16.543993,17.116444,17.487700,17.070541,24.256316,14.191761,18.008765,25.224769,23.244003
16.179178,18.196352,21.358523,17.543551,17.098053,20.042306,22.531254,14.872481,20.484601,23.771762,19.504802
14.937975,15.988278,18.410185,9.173508,16.204420,19.775169,20.758340,21.136380,19.384468,22.329468,17.513531
13.921017,20.851319,14.663650,11.151111,19.575888,20.155720,18.664802,17.936932,22.354429,20.943664,15.157054
17.804433,20.037745,18.230353,16.394690,14.017981,16.525906,14.490185,16.604528,23.009006,19.880058,20.119486
18.508544,16.845820,18.997435,23.152818,13.887972,22.020000,13.960542,17.642701,20.561237,21.231630,20.440608
18.027130,16.165730,14.807178,20.985401,16.245913,19.850726,15.945602,14.787952,21.995214,19.066647,19.819362
17.540829,20.312210,18.611564,19.560375,21.034858,21.666493,21.188115,16.472656,19.584443,19.499790,22.408700
17.238264,18.880864,18.542094,17.603199,20.434722,25.018204,19.291057,14.644703,21.138930,21.756332,21.264936
18.940791,14.119262,14.938153,15.740587,15.619259,25.599641,19.197023,13.758773,19.501843,21.551329,17.250690
23.596802,19.877474,11.638911,17.788087,16.692350,25.063528,22.423464,17.362336,20.458731,21.990664,21.206786
16.183899,22.629645,16.950181,18.188855,16.324249,27.129329,22.507777,21.616165,20.716893,19.158247,20.943444
15.042368,24.011575,14.994128,14.306930,18.624373,24.952071,22.235778,22.615609,17.208178,14.929802,18.470512
17.649662,24.228086,18.799837,20.872036,23.846788,22.237488,21.412036,19.173862,14.883047,18.842513,20.167319
22.966959,18.676966,21.263826,18.174626,20.008360,22.219102,20.759989,15.999788,14.277001,16.851851,22.776359
20.535047,18.603588,17.163825,20.028926,18.358549,22.424765,25.025524,17.317272,16.473110,14.879914,23.158279
25.155031,19.872276,16.019317,18.103428,19.018206,20.947420,21.138102,17.274142,18.166512,20.444894,25.794726
21.871775,17.875071,19.226316,16.896588,20.100736,21.415553,18.588079,21.151315,19.471479,22.381970,22.372549
17.893044,16.333442,24.327739,17.748949,21.803757,21.537546,17.827531,25.109758,17.379917,19.628334,21.157938
19.531529,21.385383,24.301023,19.320351,17.848268,22.236419,17.808632,27.516418,14.340877,20.369898,16.789667
19.098627,22.374514,20.485267,19.726625,20.465737,18.244185,18.333757,25.638740,19.333310,18.008008,21.608443
20.350660,21.409203,19.798304,22.108121,19.158653,19.345571,20.340699,28.544625,16.455181,17.431552,21.245198
23.211247,16.790964,19.238779,18.176493,18.913631,21.014472,20.679577,25.217816,16.819683,15.616700,19.359919
22.172370,17.090505,20.749458,18.347379,18.515434,22.127997,15.940241,26.050638,19.437091,17.161540,19.633446
18.595736,14.228836,21.044645,21.007772,20.140475,20.738881,23.741620,24.966075,19.486849,18.056968,20.466862
18.451664,18.441078,21.761249,20.701812,21.870786,18.328924,19.957852,22.489509,20.348966,23.975899,18.598559
16.874849,16.628889,20.902301,20.128507,24.377273,15.059401,20.509976,15.646849,19.237277,24.485727,16.739246
17.028881,18.550473,20.369733,22.155626,21.946300,15.051178,16.950408,19.203437,24.664880,21.646318,15.360447
21.032838,20.767591,11.932685,20.904045,18.903300,18.155914,14.026577,17.769026,21.333086,22.514640,18.786569
24.746657,20.085614,18.829857,25.746417,20.415937,17.885842,13.280775,17.030560,20.987707,18.744694,17.655805
21.211706,16.147701,20.311446,26.429530,22.462326,19.477140,17.556287,21.466366,19.703114,21.698127,17.094895
23.774671,15.866973,21.412914,23.872744,20.096164,22.318007,16.679435,21.184910,17.653478,24.178211,16.843837
19.379112,16.587052,18.622143,23.565190,24.976175,19.432649,20.724580,21.901091,15.147548,24.108003,15.481546
20.084291,15.600930,16.549859,26.686618,21.756772,26.313876,15.997438,19.083138,17.186856,24.737327,21.238058
23.133777,17.968023,23.107468,24.213285,20.233570,22.354445,15.287462,25.662517,18.779292,23.861605,24.179756
22.447908,17.253390,20.658719,24.742300,22.253070,19.233205,20.167637,22.332241,17.350897,25.842807,20.975862
21.308460,19.039166,25.834845,20.845502,21.409685,20.881987,17.182522,21.904242,19.040602,26.156034,25.530227
22.178977,19.348189,25.564000,23.906849,20.671736,19.986109,21.306058,21.461084,20.424223,19.943509,27.359706
21.197414,20.791974,28.774807,22.580099,19.089106,20.836072,22.498782,22.671192,16.075918,18.970449,27.187256
18.757211,20.115318,23.681102,25.239858,18.817886,22.436831,21.951154,19.408929,22.711339,16.958119,26.436694
21.344659,24.011700,22.366982,23.900407,16.392229,23.390964,24.808022,20.979063,21.333639,20.571036,22.367817
21.187063,17.403032,23.152856,21.799681,21.032607,14.524484,20.100297,20.286080,18.953017,18.391353,25.482369
21.413645,15.078712,26.091962,20.638383,15.999497,15.148532,15.057978,18.223954,22.201760,24.629374,19.498480
18.903428,17.384271,22.782684,21.227033,19.767184,19.864327,16.620215,22.873039,19.116650,20.178474,18.813479
22.919945,19.298062,23.149472,26.255825,21.423336,21.894615,19.634601,19.628067,20.390497,20.570708,16.522687
20.379851,18.015730,23.859807,25.633532,20.414937,25.113907,16.133523,23.782358,24.660784,23.072071,18.146853
15.977508,17.182687,23.535182,23.757822,23.418664,18.556060,21.015052,22.092535,22.504987,23.503801,19.482026
20.754518,12.752802,24.035694,26.027279,22.395528,19.457664,20.996887,20.132551,20.430555,25.227768,19.120095
18.021890,14.568327,24.910687,20.984847,21.679286,20.010591,21.062787,20.660967,25.736518,23.011857,20.459230
18.779593,16.098477,21.255568,22.738870,18.355176,22.144626,17.528046,24.396492,24.043825,21.824341,21.098299
13.367388,14.755632,20.220803,23.312122,19.740295,20.642203,19.875359,26.361351,20.899396,21.301028,20.266108
15.931963,15.419330,18.113769,18.448001,24.179188,18.158277,20.972106,22.616882,21.145199,22.798900,21.736442
15.794068,14.353413,19.609861,18.985486,16.939285,21.102837,21.886522,19.778739,21.819968,23.196940,23.191010
19.380064,15.113501,20.346828,12.683481,19.698298,19.992157,23.737369,23.418277,22.744952,20.220148,22.259233
19.808928,17.814353,18.643464,15.674770,18.658508,22.522731,21.547318,18.389837,19.607035,22.605738,18.971335
20.340696,20.336602,19.940122,22.288248,15.259016,19.854220,21.822034,18.969107,21.395006,22.801102,18.994080
16.833334,24.081573,18.896375,21.004358,15.078112,15.870684,18.851911,18.411197,25.661850,19.540516,20.959529
19.156287,25.704878,20.638961,21.013123,11.373882,16.043184,21.127206,17.068791,24.567452,22.920028,18.296291
21.540835,25.016131,20.519537,25.108180,12.636569,16.327146,22.253254,17.826607,21.625995,25.241060,17.204000
22.736339,25.139092,20.248809,25.476616,13.375617,19.722122,21.339424,19.382782,17.551412,22.294682,21.050824
23.686496,20.945701,19.173933,23.769572,16.429822,20.878349,22.469056,14.864858,23.904866,24.449399,18.163507
22.484337,20.401435,19.990698,20.918013,12.192130,19.624507,19.120690,15.456765,24.426550,21.802097,17.544030
23.504998,21.656900,21.922643,21.992358,17.226567,20.331484,18.518533,18.170093,25.279326,21.618056,22.276406
24.276338,24.831281,19.973556,22.658776,19.198337,24.209130,18.076931,19.774328,19.917107,19.950030,20.183936
22.436809,23.603562,20.121918,20.342426,22.198182,21.707940,17.642617,21.258481,21.244854,18.039743,17.940868
22.844969,19.630336,20.445394,17.657042,24.010891,18.946050,20.898585,22.800384,21.264796,21.150608,18.415510
21.288916,21.670162,17.023238,19.890776,17.469210,17.117794,24.588488,21.220822,19.668352,18.402570,19.121378
20.044798,21.379460,16.391757,21.391232,19.880015,19.444301,22.437923,19.789276,15.343161,19.486761,21.303600
22.897539,21.350793,17.389966,20.306185,15.963301,18.672598,24.050244,21.252223,20.071761,19.099965,18.794271
23.911602,21.086426,21.988657,21.603270,18.164454,23.733261,22.465692,18.376025,21.627006,16.814800,19.860727
22.575032,19.405063,16.914337,24.049957,16.618041,18.563125,26.598233,19.916476,17.798528,22.083190,19.845887
21.107312,16.824411,21.743349,21.093798,17.431903,23.742824,21.992933,21.010791,19.859859,22.337082,19.527638
20.501977,17.608771,22.972015,20.657413,19.715482,22.545607,21.400539,23.517086,17.263285,22.100076,19.151441
15.247076,20.628638,21.905636,19.613922,17.486640,17.317719,20.127977,15.971823,18.369182,22.406425,14.917077
18.057490,20.464661,17.258218,20.715782,16.536763,11.284562,19.399468,15.723097,18.450681,22.954025,14.312582
21.007527,17.589577,17.920474,19.452803,20.849562,13.154735,16.769587,18.517164,18.775230,16.991221,21.401505
24.869876,17.219884,19.355083,19.997580,15.226529,17.803439,19.533290,20.077820,18.339780,19.381555,24.463037
22.164483,18.266573,18.581106,20.564413,18.876845,15.596590,17.670878,19.923503,21.476673,18.309279,22.512030
18.230208,17.146902,17.563731,14.737537,19.178087,14.515724,19.762571,19.772046,23.387650,19.532311,24.740704
21.473785,17.679785,20.973523,16.722914,17.523768,20.327600,18.705702,22.188928,22.870557,19.914408,18.742806
21.712000,18.307828,25.660026,18.365787,18.010967,18.273305,23.028356,25.630505,23.499134,18.588018,23.192900
24.531664,24.763477,24.311430,15.771587,17.729878,17.330774,22.612674,25.023954,23.447957,22.949072,24.128750
21.606657,21.122527,23.284430,19.524743,19.841130,18.652122,19.407147,21.859649,20.580980,22.585391,24.762015
20.314300,20.241081,22.969693,17.750657,18.536499,18.388118,16.714317,20.282678,19.432159,24.400480,23.530708
14.911955,15.215434,24.300153,14.166619,18.555172,15.418775,14.008780,21.473875,22.232681,19.471045,21.294617
14.387350,16.448992,23.474601,15.272429,17.739412,17.919269,19.059410,19.859040,25.779300,20.679835,19.246901
14.189968,19.173992,21.484741,14.772817,19.469562,20.384371,15.036042,23.021880,20.878644,20.850970,19.387837
15.690442,19.393563,20.359940,18.590969,17.597893,20.138458,15.488321,20.230389,21.897889,21.997477,19.679722
20.129583,21.443045,18.502021,18.601485,17.836002,18.365382,18.023887,19.003101,19.480850,16.284596,17.374137
23.581248,20.337186,15.993511,16.595874,17.958854,17.187325,15.252446,17.893913,14.043976,15.138043,19.410376
25.728224,23.007996,21.375505,18.618977,18.759219,13.238050,16.487246,16.430509,17.411950,15.874436,18.449240
23.517211,19.195819,21.792898,21.996014,20.057123,11.751431,14.546750,18.043295,20.382704,17.884145,13.215941
26.224549,15.316419,22.544584,20.389059,18.471076,9.947416,16.444573,17.150079,16.583224,17.642105,13.671264
22.400263,17.123458,18.666651,20.861108,21.648692,13.951689,20.438456,17.874835,17.116237,19.728592,15.770947
20.896461,12.908088,17.617779,19.887944,19.967232,18.160658,19.944767,15.193298,22.857934,20.759298,15.269215
15.066711,17.596593,21.127826,17.542244,18.387524,18.848758,23.467330,15.910127,18.014876,24.245211,16.961697
13.563449,16.283357,20.229806,21.311030,20.042315,15.169083,22.345460,15.843325,17.905383,25.714419,14.477313
11.454357,16.387802,24.077767,19.413190,20.828575,15.632908,18.898001,14.744132,16.631520,22.206052,13.253116
14.630336,17.839109,22.149031,18.107606,19.411338,15.498130,20.394824,17.011775,16.432305,22.527010,14.086652
19.920731,16.032334,18.994489,14.139122,17.584845,12.226534,15.690677,16.331738,14.771429,19.948873,11.692379
20.211768,16.087528,17.047668,15.906116,16.407747,18.325636,19.870091,14.339028,15.476210,20.104131,11.750039
24.249396,14.197998,12.033629,17.658422,14.684671,22.651720,19.185361,12.619180,15.335685,18.752090,14.958952
23.099433,16.033026,16.309137,22.309705,13.208324,19.415500,20.270982,12.361189,17.013104,20.134880,20.319295
24.533926,19.525863,20.224811,17.117144,15.651550,19.465783,16.660016,10.374377,17.590791,20.027195,17.690488
21.196776,16.974563,19.475287,19.276874,19.537783,16.844177,22.422585,12.379255,18.091099,20.522003,16.004450
17.170139,14.967431,17.607461,21.013829,15.276895,18.037508,20.330951,9.088388,19.701067,21.505451,16.949504
11.802303,14.221939,12.919910,19.699508,13.035877,16.502672,15.572428,15.211407,20.042222,16.295347,17.985352
14.576209,15.962843,16.087373,15.728845,15.646843,16.639455,21.347831,17.848548,18.996751,12.815573,17.584653
18.024357,17.765992,14.915552,20.317278,16.301909,17.745119,21.157386,18.742918,19.658847,18.565556,18.843234
20.226491,13.966124,13.879314,20.826553,14.020166,16.900917,24.201316,19.096787,16.732180,15.844798,17.407266
21.472193,17.042771,15.440196,20.114907,11.247911,15.897641,23.791154,16.446643,13.666535,18.316018,19.969689
22.532411,13.550187,15.484206,16.699541,12.767575,13.317893,18.196446,16.048970,9.984791,20.490185,16.754970
15.736810,13.252903,15.948119,16.017053,12.231640,14.763736,20.400647,17.188395,12.917915,18.941033,16.765591
14.816779,15.273118,18.785815,15.022910,14.809122,12.397293,21.261657,16.839415,18.738899,21.186401,13.030315
13.770200,16.547378,17.818617,17.023408,11.335807,13.699210,21.286476,18.337768,12.840909,19.419713,8.898805
19.257500,12.103421,14.994274,17.318856,12.935641,10.763117,17.344864,18.882628,20.020187,20.103388,14.097448
17.623360,12.817717,17.581064,21.801531,13.626909,16.653045,15.932164,18.381863,17.678058,23.413761,14.661368
13.441679,16.425326,20.997731,23.115480,13.609113,15.335507,13.509150,14.194650,16.334688,16.191814,13.981041
15.461015,20.151854,14.480290,21.351021,16.909613,9.349371,20.075022,15.138476,12.666739,10.688526,13.894861
16.588451,14.268399,15.712113,13.464680,12.199032,13.209783,16.072553,13.027712,12.393326,13.010761,11.308719
13.590881,16.044091,13.025324,12.758408,15.777335,12.130707,18.731460,14.147824,10.610843,16.826622,12.066782
10.836528,13.190069,12.745683,16.920409,12.513107,15.447271,15.997107,9.052760,13.282863,15.264147,13.338693
9.638125,16.101748,16.639980,15.684240,12.740823,16.665696,13.662946,11.372381,16.739553,16.067218,11.970169
14.170480,12.583799,13.187202,14.276054,15.393887,16.100970,14.225893,14.083576,15.538872,17.767582,12.848256
14.830311,12.860743,13.330789,13.526655,10.199375,15.181527,11.440726,13.711920,13.946880,18.975363,15.431073
13.392865,17.003850,14.485065,13.349683,11.675875,14.845097,10.590922,14.903930,14.365283,15.026293,15.160365
15.399777,15.934313,15.147938,12.566957,10.340752,15.061955,10.190483,12.714942,17.952971,16.842842,12.769741
20.269031,13.765392,15.221558,13.732046,9.223087,10.923568,15.228845,16.450601,12.638694,17.647873,14.546984
21.599624,9.787420,15.416139,13.711443,11.536465,10.440971,11.970685,12.199121,10.351443,17.980313,16.797557
18.694096,8.577643,13.625648,14.820207,15.948167,10.034690,13.714798,16.104698,14.124720,18.545419,16.589774
10.872367,11.622765,10.635613,18.673437,9.358091,11.628098,16.019278,15.525551,14.891075,19.684860,16.656775
11.142917,10.924302,12.550026,18.341122,12.538434,10.098457,15.727724,16.407175,12.207922,18.332366,17.191969
11.142425,13.135924,14.702327,18.598163,15.941744,9.613317,14.965092,16.116204,9.619405,14.124342,15.769625
11.585924,10.422097,17.192752,16.117007,19.766762,10.032063,13.929261,13.676125,5.382470,11.239174,13.895287
14.166385,12.356496,14.260161,14.430057,17.360250,8.536505,15.363797,15.006482,8.676343,11.573934,11.792900
12.516921,11.176829,12.560595,16.701640,14.254576,10.826779,15.412726,12.609771,13.834541,10.617793,11.877002
13.344640,13.744668,14.585939,15.044580,13.627927,10.971025,13.940628,17.839037,11.916965,10.158883,11.790666
12.392475,8.592545,13.379903,11.857233,13.100986,8.519083,12.526215,18.575656,8.130951,11.861725,10.535789
12.397389,6.859111,12.628951,12.351675,11.734826,13.719412,11.248916,19.394712,11.837473,10.743544,12.305122
13.508124,6.880802,10.839002,12.367051,12.709759,12.768027,10.345844,18.501239,13.177213,12.844447,12.387981
11.915631,8.743442,10.311433,15.279514,13.989385,9.566775,10.627456,14.619497,13.159300,11.629227,11.045514
12.533543,9.534425,12.007040,12.402484,16.432954,13.326222,9.950734,13.900576,15.671070,11.586581,12.877693
10.678259,9.000014,15.954554,10.651285,12.995150,12.064907,13.088306,12.550974,16.695039,11.277575,14.837218
11.183094,10.076483,16.713403,11.502995,10.631503,7.734937,8.599985,15.067714,15.689289,15.665904,12.489760
15.229958,5.533484,15.075197,12.040893,9.305672,6.580267,9.501994,15.527460,15.122990,18.088395,16.962659
11.414694,9.054333,13.140662,12.584764,15.235959,6.127096,9.648213,15.336666,18.438252,21.479185,13.538881
12.480355,12.547347,7.118881,13.949930,14.605011,8.402669,11.887054,13.499307,16.512863,17.456168,11.503255
14.379225,13.245653,6.029744,15.615068,9.219682,10.089468,14.038411,10.866218,17.888522,16.736962,11.848560
13.456629,14.836866,6.057403,9.082052,8.575423,8.197611,13.023126,11.498602,19.340491,13.113234,6.768495
12.638604,17.113381,5.424695,8.402156,8.626819,6.743058,12.559248,11.236976,14.700584,12.150329,6.635402
12.660399,15.878226,6.148080,7.533871,12.731633,4.749848,10.119988,9.000875,14.726699,7.752666,7.866572
12.570318,15.307633,11.956476,7.751778,10.052085,8.173050,9.774613,15.605483,9.907499,10.346349,9.333331
12.630263,12.175335,11.182859,12.788484,13.877822,8.591717,10.150921,11.983184,9.976251,10.197897,8.702954
8.690383,13.073621,9.330963,5.140853,16.111899,8.367947,9.141842,10.507899,10.073566,9.425545,10.526592
10.494856,15.337033,13.223019,7.054564,10.978310,8.345377,6.517395,11.567374,10.179514,10.200189,8.886693
9.241172,14.860119,14.258661,11.173440,10.875261,3.100139,9.665032,13.591147,5.514963,12.947322,8.462889
4.924505,13.610155,13.789575,11.245562,12.435197,7.137270,8.887615,12.100087,10.876442,11.055328,10.166569
4.657271,7.933342,12.614585,10.315056,13.396941,9.967861,4.823672,14.971110,12.430818,9.618445,9.868938
10.143591,10.331406,12.673060,7.363020,11.981444,11.531279,5.208693,11.856049,12.681095,7.345762,11.344021
13.317948,11.555024,10.049279,6.944521,11.534682,12.603804,3.498776,6.881025,7.533244,7.462148,13.782043
11.269266,11.318390,6.391248,9.605057,9.416322,14.036398,5.464998,5.201023,5.256653,8.740586,15.793323
11.315125,11.729496,11.211938,6.640961,9.828634,12.043909,5.491767,8.821519,8.148555,11.321008,14.065940
11.724001,9.143681,11.464373,9.830684,4.414451,10.428644,7.042004,7.186080,6.572067,11.529274,15.317178
11.886707,10.639893,14.623492,7.695565,3.286080,11.033290,6.548131,9.786027,1.854117,10.383384,15.700543
16.929344,9.442252,15.676133,11.952108,6.841336,8.807951,11.589697,12.290444,6.343915,7.648072,7.788180
8.475719,10.209094,14.254010,12.057631,1.345462,8.708542,10.963563,13.128350,7.296639,8.444580,9.168414
9.001740,6.102949,10.836991,10.340699,3.992031,7.538988,12.108853,11.722849,5.175601,7.128079,7.806031
8.599680,9.939539,9.634995,6.362529,5.190188,13.108418,11.498343,9.491379,3.849487,7.624045,6.742658
5.423784,9.108519,9.253995,4.969101,8.825672,9.560754,8.362100,8.305971,4.865167,8.476837,3.001546
2.882274,11.102450,12.043000,6.312131,7.468310,11.469939,3.515424,13.568503,11.392886,3.988960,7.643183
7.997139,10.322443,14.094204,3.693367,10.099804,13.640367,5.936872,15.461625,4.992202,6.625837,5.569531
6.924138,10.567480,13.596990,3.256807,12.430483,11.141765,5.252152,11.992900,2.058541,6.893804,4.330229
5.937201,9.210054,13.045052,5.351637,11.795723,6.975832,3.817411,9.855088,2.794097,2.374963,6.674277
6.223551,7.041901,8.657395,6.543621,13.877217,2.525794,9.446943,10.334520,5.306161,4.037261,5.620039
5.381532,12.449370,10.539757,11.356846,11.516090,4.423107,6.507765,5.726065,8.344507,3.631259,5.955884
6.194278,9.771039,5.631152,5.023896,7.344012,8.008423,4.702945,9.730263,5.241672,7.187791,4.407960
1.482853,7.352756,5.044697,6.094969,8.870766,13.348204,4.428430,9.841243,6.007375,5.787648,4.837010
5.618656,6.956786,0.871377,7.551196,9.409389,10.975216,10.452260,4.423347,8.683209,6.855044,1.127361
8.121990,7.670334,3.456855,7.207073,9.687724,7.476982,10.191321,8.780935,7.026029,3.943611,4.815950
9.500657,9.383891,6.159884,5.461630,10.035351,2.962720,10.815071,7.077672,9.811338,6.130374,7.076731
4.517007,7.483976,4.030407,6.030911,11.570158,1.529077,12.685916,5.849311,10.352326,5.257344,11.152393
4.090336,4.179857,4.452570,8.665855,10.413739,2.757483,10.078091,9.786353,6.567576,4.794424,11.514724
1.479194,3.872054,7.234971,4.716353,7.393686,4.088162,6.843786,5.916367,6.722373,5.242404,7.003545
9.787560,4.986387,6.693406,3.467194,6.657151,7.407893,5.142648,4.300728,5.638449,2.374497,3.565360
11.523563,9.851593,7.371505,4.197613,5.616888,7.800868,3.012495,5.001421,2.499252,2.149058,0.904617
13.977368,7.522601,8.408706,3.498542,4.650617,12.610727,5.937755,7.057482,4.337331,-0.650103,0.653024
5.692092,9.622644,13.194315,2.043656,5.210086,9.968734,7.722211,3.587333,4.023551,1.607322,3.988817
5.685778,5.790311,9.348059,2.444442,0.534037,6.394721,8.600243,2.543041,4.219208,6.551831,5.855808
9.242256,8.650092,7.791910,4.598254,7.279674,2.064653,10.122409,9.054961,5.622748,6.796124,3.615349
7.187685,5.051092,5.032238,7.604589,10.206573,0.847925,11.299940,8.915860,4.590116,7.650641,7.204881
6.372068,6.530965,1.134040,6.723745,8.182918,5.466193,8.292548,5.665688,6.100582,10.150271,6.254288
6.018505,5.094073,4.771445,4.944902,4.074699,8.352945,6.681717,5.254085,9.799003,6.544312,3.852061
4.160161,5.149468,6.529515,8.321290,6.018785,4.522583,9.815497,0.943747,6.456028,7.050357,6.311100
6.922034,10.189334,6.238155,8.165197,5.004337,1.523393,9.209438,2.770051,5.670145,7.507161,9.502971
6.547109,-0.050510,5.417714,4.556375,6.590673,2.050303,7.825258,4.404004,6.787367,10.383174,10.730112
7.189346,6.187310,6.118803,6.379305,8.973593,2.703597,8.865668,5.665804,4.735577,5.217747,8.528233
7.876765,2.028956,5.213255,9.112084,6.572691,5.238086,10.077833,5.988365,3.982539,5.508449,9.919817
7.833287,6.027154,4.451409,9.303593,5.182604,8.241714,8.385402,4.195913,5.655497,2.556050,8.541152
4.609140,3.690132,5.160457,12.178529,3.524353,9.488760,9.720769,4.574105,3.899741,4.799893,7.207573
9.014758,4.649305,2.859500,14.454150,6.011725,13.350898,5.779521,9.270549,2.039044,1.463936,8.221274
10.505359,3.659164,6.604653,12.169589,4.572835,9.543183,5.154099,7.724358,3.453277,-0.473397,11.487183
10.651639,5.282700,7.287300,12.958621,5.681922,4.468644,5.439442,8.640947,3.881034,2.773185,15.822267
7.701438,7.631449,6.235809,6.108517,5.709138,8.115700,6.675995,7.307376,5.688823,0.949842,10.544719
10.954752,7.294198,4.453415,4.049513,7.146146,11.074649,2.212762,7.408853,4.280454,5.767055,9.619170
7.181778,5.420774,5.020403,0.786307,7.390252,3.744279,2.259331,2.395533,7.021758,4.829562,6.359591
8.476083,3.365984,2.971958,2.775999,2.000067,4.246825,1.355965,5.172913,8.038976,5.142655,5.598464
4.609254,2.954345,4.170991,5.211664,4.452107,1.660006,-0.738066,3.879661,8.508292,5.904919,4.441635
4.616494,3.385287,5.981929,1.005062,4.469715,3.268558,3.748190,7.853852,2.893696,4.981769,5.925280
4.653280,-2.974640,2.961466,0.146603,5.098402,7.678620,5.051528,5.092801,4.703348,4.500470,1.953352
4.434932,-2.914093,3.614728,1.102670,4.349427,6.639257,6.142239,3.548822,4.768670,7.976818,5.024065
7.903109,2.156605,4.795831,-0.484016,3.432393,5.480986,5.811540,3.496649,6.199245,7.201192,6.824482
7.161568,3.031102,7.700253,-0.957114,2.800736,6.336060,5.246469,4.888389,2.926922,8.860975,4.181675
3.639358,3.083925,8.038541,0.944263,4.554208,5.099031,2.433556,10.102479,4.852640,11.406622,8.615122
3.361593,3.840016,3.540085,3.432643,4.739196,-1.144649,1.249648,9.027234,7.835929,5.826533,4.307092
8.508300,8.637006,3.788097,1.320584,11.897121,2.148810,1.948572,7.266294,7.561209,5.653281,8.701917
4.900603,8.749172,5.483202,0.553183,11.211300,5.218683,3.717250,7.096363,2.511520,1.731790,7.855198
6.603195,9.155700,4.364973,-1.743066,10.654386,1.058506,-0.582206,3.914804,5.068711,4.319380,5.185139
2.106889,6.846783,1.541299,1.327536,7.949482,1.795599,4.394893,8.465218,4.971680,4.522505,4.123829
2.531740,4.522407,2.113922,1.811195,5.058136,5.560415,2.217885,4.954816,7.001775,-0.027016,4.478651
4.150850,5.414690,5.475560,0.248530,4.709939,5.262921,0.691114,2.224819,6.167229,3.298979,1.368540
5.139855,1.845559,6.821450,8.458153,3.108463,5.521192,1.820795,2.345831,2.885696,5.947845,-1.891036
8.709995,3.017303,7.821587,3.639440,3.709960,6.822665,7.325102,4.608067,1.669684,4.930037,-3.150338
8.801257,4.344855,5.859586,3.137623,5.219457,10.543334,5.801289,3.815094,3.332688,6.551057,0.086062
4.828083,-1.438287,5.061894,0.811079,3.164829,10.689847,5.802761,5.198412,-0.329549,5.575007,3.262583
4.782984,0.940384,1.067526,0.777214,5.048179,8.295784,4.628441,5.640327,2.755710,7.112390,2.238604
5.282616,3.460256,-0.581613,0.608213,2.620408,9.276553,6.176780,3.038333,4.650106,7.359328,3.695093
4.423157,-0.120036,1.090748,3.028893,3.216854,12.443464,6.287169,6.127952,5.839080,3.842617,10.535377
1.261127,6.313356,4.560606,5.212971,1.960818,7.829849,5.020319,9.052275,4.180399,7.924385,6.988054
1.701842,4.659657,2.519437,8.400562,2.158596,4.651124,10.557706,8.646032,4.729633,4.998123,9.743819
2.021401,5.303177,4.406081,3.697892,2.329778,4.657633,10.641659,2.111773,4.188931,2.840697,8.321281
5.352227,4.888385,3.170855,3.292038,4.259909,2.511400,9.087694,4.722382,1.062539,4.848534,6.251962
4.511236,4.764174,1.981229,3.662466,4.951066,4.098783,3.081981,4.345688,0.875449,5.851165,0.455607
5.993534,3.841736,-2.546300,6.728327,3.392491,5.029623,5.985723,8.815794,0.613548,8.598439,-4.825192
10.397290,3.068497,-0.024352,9.902137,1.819721,1.283155,5.933782,8.989474,4.965294,8.307169,2.980662
10.611725,1.933900,2.825743,4.658714,5.234835,4.392738,4.083082,4.738840,3.944005,5.747920,2.780589
7.684243,-2.011454,4.778018,2.997691,3.973449,2.714539,1.877272,5.814454,3.847309,5.137707,4.584233
7.051326,1.234164,4.978883,0.195502,3.050005,7.825407,5.593084,6.409941,2.337018,3.376127,4.624680
9.507091,3.081438,4.949969,2.262637,2.053453,6.508713,3.954454,6.279960,4.627492,7.451709,8.517933
7.309898,-1.738568,-0.572506,0.340783,3.091395,3.342411,2.511855,7.181487,-0.617511,8.858264,6.328937
3.315854,4.652649,-1.279782,3.755013,2.014273,4.471098,0.823001,8.079575,-3.623911,8.855446,5.514431
3.318621,6.623699,0.996971,3.638544,1.317984,2.234236,-1.771423,5.758244,1.524652,3.196494,1.108511
5.231616,2.635675,3.055662,4.114663,3.308309,4.933848,0.720658,6.055004,4.746532,4.259127,0.605695
5.724566,7.320077,5.418348,-0.202802,7.033820,5.369141,4.639012,4.802561,-1.693690,6.629805,0.653555
3.892811,6.037442,4.087334,5.379565,6.775701,4.958889,3.238106,2.751689,-0.722669,2.971200,5.326128
6.835533,1.195168,4.459912,6.534045,4.513137,2.036685,8.362172,4.077503,1.092687,4.354593,5.515862
2.349030,3.557577,3.238140,8.160520,2.559410,1.353293,2.519236,4.622305,-0.028956,1.825703,3.551369
0.835051,0.347343,7.813898,6.261315,0.499453,2.580397,2.155351,7.125516,1.204511,4.426465,2.525468
1.948695,2.426615,5.677223,6.580614,4.992500,5.150410,1.036659,5.836678,-1.405485,6.413686,7.211004
-2.486940,5.687309,4.765041,3.135105,3.269073,7.142243,5.819585,5.228609,1.352688,6.927037,7.540579
-0.204584,7.548051,3.341946,1.662759,5.551516,11.866174,10.418665,6.539460,6.184950,8.736198,5.534160
1.308683,4.414928,6.097468,10.409192,8.963761,9.091103,5.302093,3.344646,-1.491510,5.246387,4.047980
10.095030,1.543037,9.342198,6.387857,1.998491,7.510682,8.877796,1.859962,2.536198,5.050772,0.454799
9.049646,0.065233,7.812966,4.319842,0.385605,9.587231,8.365120,3.871387,3.801640,7.061692,2.923252
8.551230,5.414246,9.039101,4.140920,1.364129,7.905338,4.565280,5.203310,3.150389,6.069832,0.327811
8.705569,6.636203,4.469085,2.861206,2.619116,9.906186,4.325180,8.677927,1.554117,6.252284,2.188259
8.657872,3.405956,7.131006,3.450744,-0.381264,5.511867,5.204739,10.845620,5.999866,8.995941,5.324350
10.075723,4.404323,5.939330,6.010799,1.690041,7.417589,7.618031,8.222714,6.740231,6.350558,4.059924
6.025832,0.741605,4.332637,7.639766,4.785479,6.007424,3.362640,5.309343,7.058756,5.203251,5.493692
8.721925,-0.137386,5.734197,3.237102,3.946960,6.533045,6.046279,8.022264,4.762105,1.418982,8.269397
11.276175,2.520522,4.984164,5.109175,3.076267,6.565800,-0.243312,8.431257,4.034633,-1.481040,3.947809
8.527364,1.812766,8.104584,6.527921,5.045558,13.872106,-3.955298,5.449541,2.264102,-3.799626,4.651471
5.415325,2.502917,6.380121,4.978774,5.793199,9.057676,-3.483707,7.385814,6.362939,-2.637308,2.700205
2.353244,5.192755,3.664922,9.546236,2.577434,7.805246,-0.156807,7.527605,3.615134,0.753672,3.019108
2.215893,7.237194,1.760770,8.367828,2.777720,6.330691,3.943528,8.749467,2.258920,5.136113,5.871543
0.054886,1.447022,5.158321,5.887605,4.322981,3.841637,3.113038,3.984450,-0.141904,3.601964,3.154953
3.000610,3.485475,1.111967,8.082726,6.835706,1.871161,4.514597,6.124921,0.553010,5.601195,7.080091
1.865098,1.344788,3.953568,6.566534,7.628270,3.911169,5.784243,3.590353,-1.513053,6.589177,1.871559
2.542133,0.786793,4.927606,5.706961,10.452841,6.898507,6.110655,3.188881,0.225719,9.861591,3.031267
1.621817,3.828842,3.998552,6.562271,9.521321,9.117992,6.083624,4.400881,3.087080,8.921534,3.872145
5.263807,2.749588,4.845647,3.550758,5.805599,12.604106,7.836187,9.150229,3.582862,10.788326,3.902467
4.117698,6.571188,2.391686,6.879182,8.072759,9.472525,3.104701,8.630526,5.568990,7.155643,5.231374
1.569674,5.119710,-1.522898,7.221310,10.516429,5.592792,0.467665,11.705350,6.439410,8.066786,2.994742
4.693039,6.761613,0.412411,6.809493,8.246484,5.245526,6.805922,11.398120,7.810049,2.477992,2.568993
4.355392,5.125797,1.876588,6.722206,10.802598,8.087162,6.180948,9.668450,5.970168,1.653392,1.448862
9.051630,9.154611,4.550421,8.372290,9.144130,8.936101,5.951202,8.944188,6.219213,3.975604,1.717889
8.057389,10.305520,6.391281,7.269898,6.147062,7.638565,5.333370,4.941077,7.770642,7.319158,3.467215
9.014223,10.069532,4.556137,1.877878,5.391793,8.393329,3.947279,9.391332,8.374310,9.393174,3.708401
11.979477,6.037443,3.528923,1.005019,6.813969,6.160779,6.086806,10.907214,7.045877,8.977679,3.263781
9.065695,9.590395,0.461456,0.408854,11.651782,5.123372,6.032387,10.315823,10.264529,9.327509,4.886703
10.490576,5.387708,6.765619,1.181542,9.117815,6.196462,5.023996,9.227182,8.337002,4.940258,6.552293
9.538065,7.948655,9.128776,7.204483,8.009009,7.333471,10.243586,10.065752,6.595821,9.320179,3.962864
5.636253,12.739224,12.551357,7.304390,7.971714,5.023979,10.552206,11.939945,7.163086,8.704162,1.604088
7.789208,13.633510,9.868212,9.017801,5.123698,9.316211,6.489169,10.961993,5.927035,9.157438,5.713184
7.537588,10.480604,12.099354,7.953937,3.487614,8.021617,11.179385,4.890158,8.368924,9.407241,8.551478
6.515775,9.673297,8.345405,3.208283,2.364816,7.301614,11.390102,8.253732,7.804107,8.234992,10.023996
7.954610,8.602309,7.566320,7.389080,3.572677,7.884404,4.547985,9.474868,10.038400,7.417331,9.228690
6.374423,3.358530,6.249457,8.187246,8.806150,9.705515,8.325627,8.076546,10.690257,9.566500,11.160561
5.852340,7.116117,7.419588,7.375384,7.964567,8.667866,7.883038,8.034683,10.772036,8.640488,11.142670
9.721409,7.455205,6.307467,7.344254,9.909619,9.937201,9.585941,6.865322,12.225378,8.140000,9.914545
8.880095,8.221134,4.051598,8.929047,9.010773,11.381476,11.118988,8.851221,10.350326,8.208845,10.053888
6.026255,8.621675,1.497861,8.935562,6.433275,11.690514,12.960035,10.616426,5.935885,5.239404,9.628365
13.509833,10.224748,4.971063,4.689860,4.139239,11.797013,7.855640,10.300786,2.771641,6.168985,9.645853
14.364364,10.881593,4.416242,2.639575,5.055824,10.897763,9.867061,6.979785,6.454981,8.118850,5.382275
12.118692,7.774651,2.652498,5.552667,3.045093,13.067601,9.292704,7.656183,6.977804,8.363580,9.232966
10.282974,9.612914,7.252560,6.742121,5.283354,10.144961,4.053795,7.299922,9.877906,8.056832,8.112974
5.706962,6.392106,6.940727,9.326194,4.470217,7.937084,5.912922,7.793965,5.505062,9.976335,7.331823
7.658933,5.676742,8.194442,12.302859,10.099506,11.063809,9.550667,7.358105,-0.172211,13.769286,9.402414
10.725486,6.183288,8.508277,8.039785,7.996865,14.373649,9.034344,7.115634,6.935416,9.922891,11.037123
10.024828,6.886176,15.097020,8.632217,8.855815,15.280821,7.805463,6.639024,13.246472,14.513167,10.614024
9.762331,10.118092,16.005496,14.403153,9.421877,12.969129,9.220160,5.334738,14.586986,13.905809,7.246246
7.299208,9.262018,13.931187,14.607278,12.400194,11.775477,13.067833,5.861226,11.645406,10.417594,8.115680
6.599488,8.542850,14.435163,10.358238,8.446909,11.122845,9.638082,6.027066,12.790257,6.782513,11.428350
3.129078,10.042947,11.847913,13.938886,10.013478,12.102934,12.172604,7.033607,12.140779,7.197004,9.735673
2.274007,10.239898,9.454341,13.163643,6.194102,12.687397,12.926232,8.596994,14.071934,6.315004,10.715025
6.630500,11.408534,9.165366,13.888967,9.269861,12.677436,13.054042,9.721857,14.630145,5.321099,12.591285
9.474786,13.376861,10.090658,10.582806,13.209810,14.110997,10.686770,10.621404,14.642503,6.354608,8.192394
11.858364,7.123187,6.072909,11.399505,8.792395,14.009659,10.945504,6.913639,11.923667,10.210977,5.812183
8.811523,10.741309,7.091976,14.169096,12.570608,11.541692,9.601003,11.917654,11.195690,14.539689,5.015412
8.454620,12.843366,11.969834,10.970010,9.050172,10.686476,12.924015,9.161347,11.125214,12.557462,9.230417
2.959863,11.991317,15.309368,12.912569,10.328643,11.430420,13.081732,15.212305,13.761990,16.668916,10.701086
5.839861,14.016070,15.881429,13.810468,12.284237,11.964005,13.852607,13.737422,10.543894,18.657270,13.866371
9.741598,13.017051,18.328372,14.476954,13.928324,8.968795,13.533181,12.590373,12.405871,14.958949,12.573198
9.498925,7.933678,13.310376,14.797295,12.262364,12.805792,9.253150,14.620352,14.203449,14.263472,12.975152
6.501121,11.754003,10.206203,13.707230,18.272970,13.417068,17.072320,14.543529,10.885540,16.348441,12.341424
8.739546,11.758093,11.094076,14.175912,10.735446,13.446893,14.501840,16.770562,15.339409,15.770356,10.092080
7.709116,12.553000,11.642106,12.196296,12.787633,15.556938,14.721671,15.197323,13.337737,12.018972,8.358525
8.755516,10.344444,12.451241,9.474902,13.885853,16.170430,8.486359,15.916828,12.681485,11.636281,3.865450
11.135525,9.139648,9.300630,12.523745,11.814828,13.494198,11.979602,14.769240,16.182067,11.085611,9.197561
7.299773,8.848329,13.370029,11.008567,14.893403,12.204420,9.841557,12.073076,17.843689,12.727693,12.684994
7.695471,7.530751,15.007280,9.232489,15.083507,10.150196,12.720251,12.404501,12.814777,14.955062,16.792405
9.476874,7.708305,14.314117,7.532654,10.496360,8.341412,16.520118,9.429916,11.384083,14.151197,13.196353
10.689788,9.029367,16.342502,9.738584,8.929476,10.387658,14.690732,8.286811,9.661886,9.078574,7.579501
10.763964,10.919190,9.888067,10.422016,12.461675,7.785701,17.122883,12.658537,13.121385,9.260095,10.194641
11.931294,12.042038,15.767052,13.087375,13.544770,14.356587,17.825821,14.875028,13.217236,11.499021,11.258152
13.691046,14.721468,14.439716,16.284218,13.326407,11.170521,16.478728,15.432290,13.217172,12.444412,13.414467
14.625037,14.823620,12.620053,16.579587,13.692198,12.196123,15.055579,13.864191,12.361342,19.395335,15.894247
13.573170,15.344957,11.166845,16.083276,14.532823,8.615998,16.111559,13.728531,16.778215,15.945439,15.323327
13.563116,16.620361,15.314346,15.763288,14.873104,12.167945,10.920356,12.608046,17.210421,12.627828,14.329389
10.848682,14.526839,11.169502,15.435659,12.951647,11.032476,10.940160,15.373095,17.580055,11.560847,18.064749
13.360509,16.045760,17.422335,13.896264,13.269913,8.030791,13.610635,12.588862,19.700951,12.375315,21.971542
12.777923,16.486268,13.352608,13.334457,14.516998,12.603078,12.733818,15.044007,19.216543,12.947842,18.737396
14.229123,15.245808,16.047084,10.923424,11.981376,13.175459,14.818496,12.308762,13.488675,12.330946,15.796057
15.400315,16.051305,17.060574,10.344478,13.629363,10.848955,14.757646,14.076283,14.964319,14.203213,13.881682
13.257413,16.882014,20.062687,12.736455,12.543619,11.728225,11.434002,10.551515,12.993803,15.302828,10.290489
15.210380,18.350900,17.450735,12.024507,13.702368,11.237502,8.788957,14.756792,17.415022,17.969283,8.714894
13.156762,18.203300,16.021102,12.432414,15.958491,11.977837,8.202950,15.443084,16.013105,14.056182,13.189708
13.436978,15.080744,16.264351,11.532796,12.557454,12.759381,13.307160,14.784725,13.445282,14.477930,16.123531
13.424644,17.512351,19.206285,11.536562,12.710994,17.763032,14.966192,12.727420,15.822765,15.380974,12.552996
14.777520,14.384929,22.130451,8.006555,12.678566,13.915024,19.932356,16.151584,20.982532,13.255054,12.606475
16.098556,13.741265,19.385270,9.025327,10.925986,16.088842,19.074227,15.852412,20.670406,16.665183,17.554323
17.210488,18.181496,18.797223,13.512090,14.604220,14.320622,16.628074,16.069149,21.653505,12.815395,16.255608
16.157007,17.482158,18.157850,15.210727,14.197522,15.127117,14.411918,15.217182,21.998777,13.962736,16.984038
15.007876,22.167983,17.441949,15.588454,16.167086,15.973912,16.113962,16.775082,17.742751,14.902910,13.597163
15.861215,18.775985,16.952573,14.805800,16.889822,13.470760,12.528500,18.468738,14.142072,13.304684,14.697502
14.472831,16.168606,15.463950,14.721203,15.746581,17.012988,12.523059,13.194378,14.702801,14.070325,11.881787
13.348282,14.320157,12.983052,16.031678,13.126944,15.375773,13.748787,12.354778,13.898307,15.007634,8.875600
12.240874,14.463343,16.652383,15.937145,15.830517,11.400215,13.869915,16.038524,12.775162,13.438333,12.211327
17.046085,13.227984,16.194337,14.428619,17.228906,14.173177,18.233459,15.926821,15.036432,11.896280,15.561075
13.949281,12.472887,12.305617,14.814710,15.810842,15.784819,12.346929,21.234732,17.024446,11.463462,16.599662
15.768549,12.982752,19.354858,17.548948,12.008996,16.640974,12.564149,18.246339,11.304019,14.961814,18.692547
15.718263,13.221792,17.486771,19.506861,12.316149,15.636959,13.571147,18.749048,16.477905,13.913324,15.009697
17.239058,12.029076,20.240094,21.489282,14.914718,18.885802,18.958814,18.021465,14.757520,14.940813,16.271057
17.196418,11.164714,16.624640,19.951906,9.630486,23.162589,16.546919,18.006329,18.901986,16.059023,15.568598
16.261590,17.207477,16.260659,21.820775,12.920648,19.426955,15.302536,18.854746,21.710246,17.671880,14.379673
15.626746,14.512528,17.908129,19.061616,15.960935,20.361860,16.311070,21.720019,26.497037,18.667019,13.645523
16.628588,18.208115,17.828638,17.551073,18.590669,23.670732,15.136134,26.817754,23.220956,21.989942,11.276132
14.764196,16.566474,13.807404,15.856874,18.265407,19.281022,15.274361,22.906334,22.412511,20.390656,14.148590
15.166987,14.680871,18.787361,14.144830,20.357888,20.298502,14.891342,15.050293,17.666773,22.859623,16.448458
15.137486,13.260912,22.601742,18.992361,17.605129,19.639957,14.483402,16.565284,20.810995,25.926554,14.324838
16.899216,15.410490,23.676595,18.453874,17.862400,20.323902,13.024574,19.085394,14.552482,22.479293,16.485511
18.461961,19.184995,20.013654,14.591369,17.723651,20.300302,16.509369,19.012792,18.663433,18.940494,17.410292
17.763230,20.837079,16.934510,15.788984,21.663821,17.725449,12.092075,17.843173,16.237849,20.704374,16.002267
18.270896,16.820030,15.380806,16.293585,21.983943,18.918981,19.166508,23.389895,14.759302,18.906770,12.524737
24.401461,17.730121,20.612362,16.982688,18.896043,18.981502,20.440960,18.047477,13.351151,14.950976,17.581883
26.098031,17.919898,21.052846,15.414712,17.444878,20.257060,15.533124,17.179430,13.355442,13.386405,14.725352
24.964325,20.750377,22.535702,14.440207,16.318402,19.370369,19.082177,14.631895,15.781130,18.850211,15.391205
24.006282,22.936836,17.188090,14.068317,13.553709,18.673602,21.865833,22.522072,13.778192,16.638434,18.574836
23.736909,21.992901,15.367125,14.150921,13.632276,25.208656,20.800887,17.640027,17.248748,17.243418,18.327302
23.043134,20.219482,16.520502,16.886853,14.535593,21.017316,21.733104,16.583308,19.240927,17.410765,18.470497
25.842407,13.207149,21.367145,20.917773,16.836061,16.505119,18.374218,16.332566,20.403260,16.251662,15.249163
24.287985,13.092555,19.161281,18.226577,17.825204,18.525090,18.094788,19.640889,17.531919,12.721921,17.814213
21.592446,14.858723,17.369170,20.316625,20.903917,16.687057,17.077576,23.142958,14.505110,15.467204,15.527828
18.947353,16.566654,18.270094,19.511866,23.091556,17.219207,20.102663,23.717828,11.679689,16.165965,13.288702
17.869964,19.678439,16.614081,16.978143,22.450081,19.929279,22.405941,17.992486,16.265345,16.231746,16.387618
16.712614,20.966463,15.607758,16.272105,19.511585,22.900012,20.954301,18.230587,16.348568,17.575098,16.096419
19.895275,17.972444,18.415292,21.151673,20.181631,23.280968,18.708605,21.619939,14.595856,17.005449,18.139498
25.021589,22.677248,24.973760,19.532994,19.400116,20.430961,18.560352,20.179764,18.382331,14.805423,21.975178
25.627651,24.614283,21.741074,21.890944,23.414464,15.511456,14.601221,21.870824,17.630133,22.591968,22.241071
29.220217,23.506055,22.756774,23.628129,20.591362,20.500576,19.962133,22.039355,18.016038,20.515328,19.488790
23.414231,19.754846,25.938553,20.555170,17.874714,18.944464,19.961885,22.032065,18.611325,18.223334,19.934566
21.166268,18.604643,24.923860,18.455182,18.900199,20.803169,19.319459,24.193172,22.772337,19.371602,21.457629
21.498773,20.859731,23.435853,18.090623,18.853446,20.377895,16.260784,23.483756,24.649744,14.472968,22.278793
20.516158,19.497189,21.613878,21.016020,17.310927,16.005135,13.587819,24.998637,21.991511,16.815406,19.497803
16.835947,15.630254,23.008309,18.195664,16.911340,17.768658,15.248115,21.824613,20.437261,14.554739,19.113829
19.688162,18.966995,19.283889,20.337282,19.096539,20.998088,14.867950,24.063857,19.863971,16.454796,14.148559
21.534193,21.405213,19.630691,22.812053,15.901274,21.422208,19.555516,21.429831,19.484045,13.319473,15.824613
25.460852,23.033314,18.621109,19.715674,17.947399,21.908576,23.210517,19.739788,15.946852,12.719568,20.077721
22.020024,22.268884,18.626901,19.940719,17.698577,18.797218,23.511662,20.087633,20.223537,15.786280,19.915961
19.836696,21.309942,18.937597,20.637498,15.863910,18.200743,21.194074,17.707141,21.983464,16.497949,25.108367
20.863071,18.874478,19.883602,25.141974,16.936470,19.509920,17.633445,20.023563,26.857577,20.209998,25.781069
23.510914,20.602242,19.303267,20.585240,22.038930,16.465876,15.413991,20.129382,21.034477,21.003925,21.456459
22.083288,22.868099,16.129425,19.885762,22.376689,14.458607,20.716140,18.304894,20.055525,13.849578,19.809177
19.377725,20.369735,16.962142,23.516996,22.211612,12.612193,15.810527,18.509231,16.600976,16.300348,18.745029
19.048339,23.259027,17.477574,21.432437,17.535359,19.192159,17.537703,17.841293,18.380687,20.069240,17.265871
17.374034,21.615745,17.563134,18.318417,21.373070,21.762311,18.628919,26.070249,18.640864,18.981494,20.902575
17.984639,23.352625,18.335166,22.929841,24.453356,23.047164,20.833980,25.764750,15.042371,20.262428,22.109919
19.015774,19.237734,21.522346,21.536639,23.799717,21.412787,22.097835,22.363267,17.719124,21.457224,20.581820
19.669846,20.511678,20.640302,20.642077,23.893588,27.135871,23.718249,21.039105,19.353396,22.271012,25.611418
16.264303,19.881887,21.548865,20.683414,23.349049,25.171619,20.606267,23.880118,15.527543,25.174676,24.471455
17.614099,21.442103,25.085392,19.576546,21.397703,21.635810,22.577904,23.437654,18.866989,20.321639,23.407520
19.893442,20.138325,26.166187,19.288436,23.902865,21.066684,20.912443,22.485787,18.912493,24.081356,21.407707
18.617199,17.650118,19.970745,19.728788,19.701112,25.071759,20.425494,19.273487,23.217274,19.395702,18.612279
17.939476,18.318047,23.120722,23.795243,18.034757,29.147754,21.710233,19.194468,18.646566,13.534874,20.836806
20.368037,15.370208,20.425014,21.232529,18.922784,23.673636,20.744636,20.208070,22.168288,16.326130,21.210277
21.263345,16.608941,20.715848,21.207691,16.798419,20.297467,22.562504,23.173172,25.718000,18.100695,24.133978
25.064709,20.579215,24.240249,22.678677,17.939394,17.794472,22.964564,19.431519,23.974369,16.045197,25.760825
25.524663,23.602511,24.614714,23.715552,16.431649,17.990586,26.111668,22.646601,19.615631,18.524695,23.404638
21.841112,24.210060,20.657087,24.982954,19.176499,14.524305,23.379231,20.163387,17.482794,17.636103,24.975893
22.594928,25.219029,20.381275,24.221765,18.976069,18.411146,20.385761,21.724555,16.984560,20.424521,24.108058
19.156072,26.251636,17.855890,24.758834,21.932060,18.200653,20.516476,18.267266,16.463999,18.755122,21.351826
21.186849,28.179627,20.706948,27.252265,24.209295,19.306024,19.660352,19.178724,15.717592,20.531633,20.111645
18.225748,22.678879,21.692188,22.119988,21.336741,20.077306,20.690651,19.421051,16.632356,18.279163,19.833855
17.045208,28.151873,22.358772,22.376779,26.361282,22.517394,18.598400,18.869472,21.787060,16.967839,22.580295
20.697896,27.560609,24.985161,22.740134,25.004167,20.262955,21.999981,21.499140,23.734984,13.877239,19.829533
23.112308,23.744071,22.286541,21.888187,25.000839,25.629977,18.365618,21.751695,22.575123,16.278115,16.558299
22.666209,25.642340,21.096150,19.462718,21.151646,27.787840,18.449251,16.837382,19.198557,17.784249,12.433738
20.111904,20.529375,18.402765,19.978047,22.642317,26.460536,20.500206,16.158572,16.621875,16.398494,13.798992
23.942568,18.160357,21.823428,20.674861,17.904409,25.545023,23.176182,19.620133,22.000261,17.981260,15.137012
25.214225,14.680951,18.864273,19.771987,18.890563,23.694361,20.023260,21.762585,22.790587,20.070655,16.398516
24.361002,15.918008,20.620009,17.810178,19.453076,25.749920,18.213468,21.199063,21.148694,19.222668,20.043704
23.982208,22.363171,19.429748,15.541942,20.650986,23.696511,21.167207,21.960936,23.331626,18.926752,24.736547
23.128770,19.746846,21.570606,16.179466,19.907918,27.049644,23.735586,21.124227,23.880523,15.695294,21.843724
25.045951,20.728634,21.618946,16.563170,19.086882,23.655851,20.787567,21.232969,19.435175,19.465890,21.534864
26.241005,20.379975,21.641891,18.389787,19.111833,17.191660,19.894274,23.012390,20.678279,16.242545,19.693316
24.908374,19.618040,22.020707,21.093090,21.727821,22.511999,19.885167,21.672965,21.405335,20.363738,20.213179
22.434463,19.797653,21.547847,23.892742,15.767243,20.688269,22.149596,25.404870,24.891618,18.412346,19.017863
20.390536,23.333692,20.372856,22.118176,16.527311,17.150873,19.409022,25.239546,25.059183,20.918831,19.110192
25.325732,24.406926,21.760764,23.418794,19.741719,15.240745,20.711819,23.007413,24.636898,19.104411,21.490043
22.859584,21.733345,23.477471,18.678461,20.887543,16.629412,22.472634,20.084249,20.917660,19.592958,20.611003
22.235039,21.572658,24.015337,20.459127,21.865822,20.268778,22.832407,17.856542,23.067173,18.648320,20.908111
24.036424,18.911218,23.525656,20.083494,19.122318,26.945088,16.124530,17.373784,23.608376,21.095061,20.649469
27.640290,23.080963,21.194686,17.593104,21.235899,27.354178,18.214775,19.595045,22.914329,20.489631,22.204044
29.371411,20.755659,19.637810,19.811336,18.302570,24.127817,20.955901,20.713545,17.737688,20.300895,20.470302
26.979110,20.311553,15.314799,17.540079,17.029061,21.173466,19.833791,18.163219,22.999716,23.123691,23.920603
25.664697,20.967743,18.301979,20.740228,16.384935,23.892194,20.511232,20.820418,23.507654,22.155199,23.749366
21.236334,22.484901,16.535337,20.807852,17.538716,25.534701,20.971229,21.053748,23.852840,17.650508,27.322344
23.925018,22.197154,13.865268,21.335981,16.633185,26.271581,21.870471,18.847810,23.646709,18.349666,23.179058
23.622517,20.165495,9.868911,17.585709,17.844981,28.225192,20.438980,18.061354,20.250363,18.154087,25.225956
22.732193,19.125873,16.645854,17.340265,18.818604,26.966109,16.178616,23.106272,16.618585,23.204330,21.209347
26.609783,14.988035,17.188633,19.518072,19.095737,23.741657,15.807625,19.600609,18.318937,21.100079,21.977592
24.100128,17.949393,23.008686,17.893223,16.274739,21.989471,17.956030,21.867553,18.182313,23.237556,22.298103
24.619404,15.731377,22.303245,18.227741,16.695928,23.526668,16.030805,21.482741,18.510177,20.412573,15.366768
25.801992,18.920112,19.876206,21.030253,14.375447,23.686512,14.273534,18.133582,22.949048,18.243393,14.870753
22.657599,20.536197,16.947004,20.883263,18.593894,17.311697,15.132459,21.199951,20.970659,17.856835,17.735219
18.014852,19.755318,15.708151,25.235824,16.638786,16.132107,17.007407,19.780004,20.776176,20.298148,16.906484
19.194980,16.811520,16.146211,19.863364,19.149180,16.735489,17.011537,18.242550,21.728380,19.856577,18.439664
16.769341,17.143374,17.532121,23.781850,17.441655,18.548644,17.834889,20.346466,20.153771,18.462631,16.652787
19.194311,20.351474,12.895845,20.026304,14.964993,18.645991,19.522156,21.468240,17.724344,18.116698,17.518319
18.739674,22.396428,15.451634,21.941215,14.309428,20.924705,17.122997,19.867607,19.100875,20.978401,18.748314
14.892814,21.428424,17.253856,22.740443,16.489843,23.191885,18.505202,19.760266,20.459850,22.425355,15.110740
14.537166,22.032720,17.897710,23.391650,15.787942,17.201811,21.047163,19.482476,18.652511,20.548822,16.252380
13.747129,21.184953,22.302781,17.450643,17.400107,20.097053,19.341385,20.875413,18.869869,23.508529,15.716522
16.433788,18.885173,20.368702,14.632749,16.778432,19.820389,18.007515,21.076544,17.806534,21.097861,19.494832
13.879774,15.336504,21.925017,15.445473,13.050107,19.904280,21.636274,21.699284,14.765156,20.946399,16.405737
19.988196,21.634570,20.856014,16.316089,16.296857,18.755668,16.306662,26.667624,15.341034,19.130443,18.347291
18.414478,22.455144,23.913236,19.466261,18.659004,20.402721,18.171466,25.600833,18.843358,17.839999,17.077131
18.849733,17.805002,19.846076,19.296616,17.831188,20.172692,15.990234,20.614879,22.673026,17.320637,13.427641
17.683405,18.430643,17.853802,19.053712,19.357487,21.685820,15.421590,19.381626,19.249788,20.210591,16.190629
17.365300,23.014108,17.258481,19.797011,20.074915,19.175060,18.124381,19.109925,23.105881,21.422871,13.920612
17.095436,21.747427,21.627864,16.129143,19.556741,15.446473,15.282287,19.814972,16.601349,20.619162,15.504650
20.102847,23.179520,20.929997,11.394031,16.620829,14.209872,17.677182,18.914975,20.224460,18.349719,20.378313
14.344859,17.943063,20.988665,11.350255,15.406943,17.553953,20.040190,16.527196,16.831750,20.443123,20.703100
17.474506,23.183121,15.333792,11.465165,15.690563,19.164849,18.193321,19.900865,18.878952,19.535199,19.821887
13.753740,21.679495,20.330147,11.898013,20.122455,20.293164,17.136275,15.409073,20.724476,20.360677,17.995045
17.059853,16.398178,17.025952,15.241072,18.705252,19.641238,11.173180,16.990995,18.166808,21.892937,15.457501
17.334093,20.531939,19.844199,17.478770,19.665324,19.486118,13.629386,13.721870,17.501902,22.536383,13.886440
19.558838,20.278009,20.999769,19.684352,19.481035,14.572769,16.301033,12.105098,16.069713,21.808425,16.888828
21.220470,21.626563,19.385942,18.438464,17.642522,11.565296,18.797007,11.095662,14.948796,21.797637,18.768708
22.630471,21.109616,16.461784,18.263859,19.592053,11.374673,19.307530,14.185256,12.546269,17.571494,17.942234
18.820090,19.738616,15.930804,15.832644,17.561634,9.199061,21.319992,19.788972,14.154088,19.078633,20.951445
18.888909,22.117718,16.743906,15.664881,18.119107,10.238602,21.873063,17.732907,14.314439,16.840463,20.419741
17.863620,22.734098,18.784144,19.028416,21.244578,11.297205,20.842757,22.296700,16.876581,10.363986,16.554781
18.632647,18.982411,22.771557,17.592233,20.578799,15.550252,22.527922,20.150423,14.914825,15.096859,19.205575
19.981050,20.265787,20.633890,16.945679,20.440868,11.363132,20.971057,18.373195,17.080548,16.287960,12.400485
21.350222,22.489508,17.320340,19.213888,19.660320,10.434469,20.162326,16.075423,14.418185,17.900528,16.548059
21.071975,22.208546,14.261826,21.996167,13.103577,9.291946,15.212406,12.764895,19.618026,15.988168,18.281790
20.158301,17.916285,15.163949,19.985091,15.072388,10.244080,15.437342,10.542057,21.227392,20.158946,22.021285
18.135325,17.856434,14.073293,16.945279,17.916446,10.336730,18.121631,11.927369,17.651853,18.712327,22.497461
15.450015,16.383460,13.259865,17.826174,19.029999,16.729714,16.565810,14.082218,11.891546,16.191459,17.123410
17.568812,16.865085,11.570271,14.604263,20.541834,17.993956,16.898378,17.075647,10.737076,12.784831,19.076544
19.311705,14.502077,17.204110,18.331643,18.481586,14.839335,11.492038,18.131894,10.434479,12.546246,17.869099
17.207111,12.957541,19.963372,14.277712,15.833022,14.786650,11.763708,14.940942,10.747628,13.069639,16.956983
17.587209,16.975074,16.106786,17.862923,11.139173,14.600153,16.141685,17.235222,9.010284,14.166017,17.022923
19.687238,13.887111,12.776462,16.460382,12.446946,14.282429,17.900298,16.836131,12.982362,17.795912,18.060883
16.442951,17.852734,10.738894,16.389605,8.774387,16.839033,18.857047,18.509057,12.578209,17.356438,15.647290
15.785615,14.627537,11.118175,16.864126,10.918082,15.076646,18.330437,19.429510,15.029087,16.849570,16.288246
18.284575,16.765757,11.923753,22.180598,4.697796,18.364621,19.155680,20.399165,15.167192,17.856278,16.051448
15.633865,14.972666,16.455547,17.115721,8.953809,19.780369,19.168092,16.208235,14.562808,16.957672,14.859373
19.149597,13.764495,19.424909,16.271298,11.264009,22.604419,17.613786,14.116049,13.910308,20.081353,13.918390
19.821423,13.898905,15.746747,17.725244,11.942040,20.952515,13.501224,14.051747,15.608792,18.157228,13.756028
17.032527,12.636701,9.478389,17.981536,14.575886,21.111497,10.474913,17.141753,14.151764,15.204528,16.215328
19.613939,13.980437,9.072322,17.923195,15.388205,21.447551,10.898270,20.309663,12.621435,15.667155,13.416041
20.545694,14.369168,12.961686,18.375390,19.217760,16.570785,8.505508,20.597040,10.460130,17.493353,13.786069
19.824116,13.626930,14.225849,14.456282,18.975872,14.681157,11.091213,19.583919,14.789720,16.215340,14.639378
14.740856,9.174724,15.078950,12.650174,16.157938,14.997235,9.160283,20.831194,12.529174,14.572325,12.864732
15.186600,11.243742,16.948001,11.100049,11.404163,14.358976,10.938195,14.183593,11.860407,12.027266,11.480608
12.630572,12.611142,15.891352,7.486402,15.982286,14.447195,13.442269,11.808319,12.961462,10.561767,11.994614
15.767436,14.342368,18.792615,9.309849,15.674586,10.512386,16.161689,14.507448,13.168408,12.269884,12.560717
15.280351,15.220732,15.655157,9.995361,19.426294,8.745139,12.820898,11.574091,17.608794,9.460797,13.474443
17.075198,11.684566,11.276944,14.822092,14.498600,8.987015,10.446111,15.497922,15.618632,12.332275,9.060084
18.672443,15.812264,13.911935,14.277439,14.504872,8.906966,10.873831,11.035787,12.972142,12.207273,8.958199
17.889400,17.588140,15.987559,13.262607,17.942678,9.487441,14.252094,14.843879,7.744113,12.437929,8.465261
13.541863,14.726792,15.998743,11.345310,18.321347,11.847561,11.904001,11.646487,10.208360,13.705316,9.531311
11.998369,14.190490,13.358839,11.711346,15.007445,10.887021,15.536200,11.877219,11.470727,15.704010,8.739710
14.869809,12.711380,14.569687,11.246341,12.066971,12.247951,14.108334,11.157118,13.852803,16.125915,12.690042
12.116521,12.429518,12.216830,12.792236,11.465913,8.899489,13.252019,13.092369,9.832330,14.271849,8.907475
17.726421,15.188523,11.561808,13.342566,15.211232,9.959877,15.945565,10.656832,15.605750,11.730397,6.498110
15.873706,13.814130,15.506390,9.822083,17.246219,11.897597,14.725045,10.172188,10.962606,14.132558,7.656071
13.245924,16.947416,14.751079,15.503979,15.656034,10.749498,13.646168,15.371587,13.752973,13.858684,6.137874
12.728899,11.476869,12.173686,11.688984,13.963680,12.803831,13.217540,10.549064,16.579451,10.601814,10.877602
12.831091,12.726575,12.180520,9.449708,13.691726,10.671065,11.552985,11.609737,17.688484,9.227782,10.816685
11.848143,13.389382,10.247609,10.219131,12.132563,7.523125,14.039271,14.102312,15.436821,10.483777,14.252611
9.540478,13.915159,12.822559,14.085563,10.965904,8.102196,9.976816,16.126141,11.552951,9.454353,14.660656
11.514781,10.396769,13.651563,10.410921,9.074852,8.112972,13.568634,12.672335,10.221408,5.313211,11.682033
10.734324,8.221740,16.381035,7.063491,12.051339,8.254439,6.537230,8.665562,11.305395,8.783276,9.680666
11.945960,9.699256,19.874018,7.492200,7.422304,6.629774,5.889609,13.827800,7.289522,8.539082,9.783221
12.160777,7.391701,14.489186,10.293806,12.608320,12.012810,8.144551,11.817479,14.908034,14.480932,7.618675
8.248285,6.833069,13.774317,11.518805,14.407976,10.972075,7.720956,14.216337,10.176402,9.530640,8.694389
7.681193,6.375912,8.737484,10.849537,13.730595,6.910133,5.774888,15.414961,9.879319,12.832805,7.113902
4.063818,9.661546,13.680975,11.061752,12.199557,7.792495,5.691323,16.231919,10.581666,5.052285,7.144236
5.057998,15.270975,11.806622,8.922704,11.966365,9.299124,6.823013,14.247265,12.182899,5.450311,5.968600
8.869626,11.596952,10.006980,11.081650,11.789599,4.187991,8.742805,10.580153,14.644477,7.613639,4.413125
8.703444,10.034174,10.398298,10.212250,13.231355,7.907424,2.246572,7.813663,14.688146,6.925583,6.290020
6.334155,9.413002,6.521969,16.234313,12.444456,9.290510,-1.096723,4.526768,6.805912,9.940213,9.543922
7.558357,8.330908,9.985733,11.626741,8.682160,8.858247,-0.899083,3.865556,6.803916,11.346694,9.624466
7.907943,12.334855,7.271735,8.657972,7.877527,6.392255,3.265282,6.413568,8.378513,7.500299,9.821788
11.179388,11.078881,6.359059,12.728887,14.727472,7.875354,10.716432,12.657611,7.980081,9.914687,6.889299
7.741616,9.635961,4.272150,9.268686,11.447302,11.650885,4.832743,13.338873,9.820745,7.944201,6.300307
8.003858,6.357406,8.052982,12.467058,10.503615,9.848401,6.860022,13.777881,2.478517,5.964638,4.849380
10.688596,8.215219,8.094493,8.398380,6.056267,9.827148,6.149099,11.892454,6.306492,1.158989,6.417101
13.681970,7.061448,8.337800,7.796703,2.804070,9.108147,7.131913,5.546459,11.465732,5.316850,10.016633
14.043633,5.700063,10.927996,10.251165,3.313441,9.226051,8.745508,5.261863,10.952117,6.253869,10.648408
14.910851,8.708860,10.388769,8.505850,7.258232,10.266739,6.453706,8.364208,5.841241,8.544172,9.965193
9.350809,7.256494,12.015160,5.749610,9.282391,11.259990,3.753948,6.712851,8.236352,7.685757,7.607233
7.956731,10.729124,13.540235,7.491583,9.384304,6.731736,3.742448,11.308894,7.961240,3.169467,8.744252
6.047784,9.309158,8.450442,10.580515,9.757553,1.634133,4.127266,7.965424,7.569168,3.599981,5.976289
9.221679,6.661406,3.397513,9.220898,7.871244,8.566737,6.729446,7.972895,4.523423,1.926469,6.116666
5.398560,5.885982,5.540009,6.006537,5.269784,3.595737,8.778778,8.338925,10.443501,8.080844,5.196671
5.157973,8.721529,7.353541,5.862324,6.786360,3.789476,11.108823,5.133111,10.264059,7.473788,6.041017
-0.538914,7.838377,10.383645,4.778557,8.335533,4.584221,8.228624,8.301599,11.766582,9.122030,3.856640
3.107219,8.670418,9.542469,5.654772,4.271390,5.694789,4.017634,6.190320,8.638933,9.263856,4.308180
7.020982,11.345715,8.376370,6.431044,4.542209,8.435648,8.362014,8.591845,9.684641,10.204264,6.427149
4.976079,9.359151,7.709511,10.712956,6.620344,7.303009,9.708801,10.865394,10.022728,5.763707,11.780658
8.412748,6.564155,6.162387,12.738285,3.469145,8.715861,8.715424,9.261999,11.878643,7.273175,10.445028
6.325081,8.512820,8.288914,12.329769,8.389822,7.534298,14.490546,8.787193,13.806466,4.912271,5.810241
4.320174,2.618241,7.083181,9.522585,9.719745,4.648724,9.515612,9.670171,12.510541,8.639634,12.908880
7.456927,3.052135,9.262814,12.684785,10.539040,10.482680,7.217674,5.648788,11.279954,11.243064,9.166973
2.294956,2.526190,8.434798,14.561091,8.897756,12.528516,12.774390,7.442651,10.276842,7.211114,9.923524
8.787911,4.183550,7.615146,13.110068,5.442510,7.901632,13.851476,5.774878,15.254015,5.950930,9.151627
6.602272,3.466949,8.649780,11.548795,2.718208,1.296862,17.278629,1.831034,11.479621,7.744735,4.372938
5.244957,3.991414,9.391587,11.736570,4.033453,4.749989,17.082807,2.372824,7.764460,7.522964,5.315215
5.340468,1.454913,10.919668,9.576656,5.335852,5.067372,9.684641,5.621437,12.878644,6.370420,6.640463
7.456092,5.453649,8.643580,6.052848,8.683987,5.461411,9.437343,7.017898,7.875640,5.210950,8.401930
5.073124,7.905734,7.565324,7.856364,7.714831,4.882848,10.052525,6.782253,4.140533,4.558630,6.647565
8.128830,10.054128,5.913813,6.701537,4.597248,5.515185,10.924882,5.076235,2.670441,4.357289,8.101460
3.027961,9.883219,7.086482,5.309219,7.617006,9.131703,10.454962,6.617248,3.910883,4.433811,5.999667
1.631598,4.830873,2.269369,3.803200,2.248828,10.120706,5.567128,0.723360,5.581960,5.159021,7.339073
1.674271,5.632353,2.471512,6.611806,2.309144,10.037024,6.575054,3.491802,3.183396,7.335240,7.623101
3.583433,4.636618,2.128946,9.014570,3.534679,12.603632,13.176293,5.909935,4.079676,7.524517,3.660658
4.741371,4.453994,4.533778,8.530306,4.487579,9.044383,12.717633,6.737179,2.808398,7.988142,5.288865
2.749259,5.112800,6.327418,5.339989,7.244253,8.765043,11.424231,5.490979,2.110197,8.864908,4.393783
-0.847449,2.757839,9.090380,9.196281,5.306748,5.441579,5.855421,5.697590,2.111894,10.235564,6.281654
0.856560,2.711076,7.604162,11.050192,9.781002,2.634136,8.179541,3.532194,7.072367,11.947761,3.947463
3.603896,2.369637,7.278883,9.392082,9.010054,3.319231,6.316328,3.424919,3.752926,10.558695,2.777087
4.744830,5.205916,8.055274,12.067091,4.996866,7.443210,8.770160,5.238388,6.125829,11.712214,6.540694
5.248110,4.410754,11.484749,10.713189,6.601383,3.596219,7.458249,4.253454,1.430707,8.079499,8.074414
4.127037,4.024476,8.395483,7.584509,2.651815,-0.073218,3.592028,7.353406,7.681962,9.807525,4.548546
1.851020,4.501358,0.226294,6.140765,4.984859,3.817330,1.539650,6.968532,7.054686,3.919628,10.182937
0.789816,1.969224,0.544759,3.073896,3.199439,4.033919,4.580608,5.757842,4.988617,1.057823,10.225933
2.945189,4.639827,1.070856,-1.300649,1.896100,2.585524,5.559121,3.688268,6.148970,4.003461,9.168367
1.255808,6.331548,4.408543,-0.401248,5.600163,6.493463,4.116173,6.372895,5.218690,2.697174,8.434697
3.225680,11.202498,1.376706,5.570448,6.998099,4.051577,2.161272,2.415028,3.985920,2.272741,2.516095
3.309326,13.568110,2.557743,3.196787,7.942245,5.901201,5.615640,1.146282,1.460593,4.545301,4.903310
4.909366,9.196958,4.395216,6.003082,8.755338,9.324694,6.848093,-0.442289,-1.107727,8.233557,4.595315
5.770810,10.168007,5.561316,4.886352,10.237824,0.965873,7.396752,-1.783970,6.469988,8.079141,0.560301
1.505601,3.422065,-0.598073,5.022143,10.887834,1.221210,8.707650,3.348143,5.071245,10.037346,2.327975
2.173829,1.518728,1.231992,4.941726,4.518982,2.353450,13.520607,2.352731,5.468245,8.562586,5.134022
3.602131,0.511931,-0.029098,0.815004,5.466446,2.535507,12.976189,0.697684,0.536380,8.067753,9.554918
1.086390,-0.365442,8.082661,7.114143,3.512690,1.715396,9.250290,3.303435,4.734475,6.602539,9.992122
-2.553144,-1.003732,8.723164,7.891645,2.580781,-0.903812,8.052394,1.703519,2.665413,3.431372,6.824314
2.278774,0.710516,11.348340,8.575793,6.755985,-1.701606,7.208012,5.026873,1.676895,1.205373,3.048962
3.190727,-1.254916,5.913090,10.407801,3.884477,-3.887042,9.751288,7.534464,4.380053,2.309813,7.502654
11.187947,0.673200,3.088652,5.090998,3.051392,-0.017756,9.723162,5.528269,4.903955,7.060946,4.500122
6.146719,1.255853,8.792193,7.033563,1.924647,3.244033,8.754441,6.781907,6.317252,10.947807,0.449062
3.649147,0.128445,9.560027,6.715553,-0.258081,2.519793,9.252491,0.106447,3.254984,8.179274,1.235497
5.153209,1.863846,6.038868,5.674873,-0.022064,0.173764,6.626560,0.529856,4.066459,5.979245,3.007919
8.492606,2.665786,9.256594,2.218952,6.120326,0.424621,3.946830,4.198652,2.173528,5.393649,10.157363
7.879201,0.241848,11.370845,0.971422,5.603534,1.933719,5.457314,5.515786,8.119734,2.823981,8.234307
7.652984,6.329364,10.018691,1.780480,7.207234,6.083244,4.314574,3.744466,7.090134,4.530069,8.181773
3.115508,6.178291,8.989771,3.005674,6.982238,6.290368,7.226227,1.873053,7.194881,4.615473,8.107912
4.252774,4.532248,8.296427,3.517726,9.279274,5.546015,7.609000,5.113525,7.085309,5.140541,3.631813
5.790278,7.181720,2.626412,3.460232,6.185432,4.204882,4.375187,-0.230340,2.306775,5.192640,-0.137983
6.099445,8.001209,3.925034,5.603550,8.147996,4.769518,3.434777,5.669619,3.969512,3.990473,2.525762
4.805479,8.601350,4.907295,4.370037,6.825818,7.216063,1.427228,5.337790,9.902663,4.824691,1.523725
8.196435,8.434881,4.102764,7.398690,3.773783,5.617533,3.445820,10.161252,7.469176,6.249772,5.563916
7.864296,6.362117,3.719800,5.050014,9.665369,1.422468,-0.007700,9.650780,4.581979,3.093767,4.502269
3.102545,5.902416,4.452083,2.918079,8.600732,3.215559,2.999110,8.305294,10.602493,5.994148,5.693044
-0.626221,1.441009,4.692237,4.506303,10.491572,8.944798,3.615710,5.301981,7.710313,4.081771,-0.679619
2.433190,3.992008,0.669974,3.818225,10.421892,8.923312,4.036083,5.190623,2.055423,4.034350,1.463562
5.041769,6.066172,2.370305,6.804384,5.234711,10.371624,2.890089,2.562111,5.100798,2.946426,0.824589
1.243418,3.692509,3.175860,-1.386835,6.667945,6.928862,3.229071,-0.103909,7.697116,0.424587,-0.025194
4.856239,4.597022,5.404440,-2.848434,12.081077,5.003302,3.743719,-0.337839,8.132435,-0.829809,4.939160
6.704101,2.529390,6.900659,1.509720,5.365268,2.806074,-2.728749,2.709605,12.336428,0.532247,1.220959
6.119168,4.145131,10.564856,5.043196,4.788940,0.582227,-2.664398,5.999105,4.340795,0.696428,4.317782
4.849011,6.757010,4.530472,4.144869,-0.113060,4.148452,2.089603,6.209354,4.434467,3.928856,1.984369
2.984196,8.441252,6.074291,5.641954,3.566874,3.367606,4.084860,2.597486,2.185506,5.584479,-1.456473
3.056887,6.581624,5.767541,7.191817,6.155576,0.535259,7.686249,8.839693,3.309326,7.892447,4.580706
9.286335,5.861196,8.340824,5.642762,10.282709,-3.470406,4.617207,5.854946,4.492949,8.817224,9.861467
5.521147,7.149367,6.060938,2.650580,12.511925,-1.079257,3.254642,4.931816,1.957428,7.020604,4.697983
7.191959,5.084077,7.413105,2.578537,12.215587,-1.307378,4.192614,4.427206,-3.076011,2.855857,-0.034076
7.665820,7.168923,9.172019,5.003510,10.164413,-0.561148,6.141150,0.916082,-0.407154,3.475204,0.273099
1.451631,1.483875,10.937246,5.123086,7.746727,5.867639,2.517981,4.783300,1.828643,0.281718,2.542710
1.451905,1.204992,7.918109,5.833620,8.298897,4.797570,6.656877,7.669021,2.829559,2.326403,2.028507
6.639442,2.574552,4.856107,8.805505,10.092541,2.250064,3.511456,8.896468,-0.701099,5.487430,0.804054
6.037842,5.059038,5.805671,4.842447,7.289617,4.966926,1.925081,7.785337,0.160438,3.695373,4.756463
1.306284,8.727217,4.779435,-0.036158,6.644069,4.679230,-0.699593,8.479524,-0.841700,4.597543,5.123207
2.894798,5.755715,8.314915,-0.930395,4.271727,1.355474,-2.146530,6.816358,1.748148,7.800228,8.686331
1.440740,3.470074,6.213547,3.417421,-0.164010,6.248524,2.592020,3.974258,6.867077,8.450777,10.730630
3.547291,8.387640,5.155667,8.197689,3.141055,4.184713,4.519901,0.911769,4.209467,9.134147,11.352967
2.703994,2.650944,8.182701,8.116189,6.136982,5.388568,6.732696,2.214381,8.311950,5.885545,7.101688
3.301641,-0.520911,7.115779,2.202854,3.835902,4.149996,8.534222,2.011085,3.126827,4.973384,6.985120
1.684573,2.459138,2.734364,2.524070,5.481248,0.350804,8.387848,4.014143,3.303850,5.920661,7.343632
2.504392,1.864764,2.803199,6.225571,8.262475,2.985619,10.641472,1.283783,1.425085,1.889149,7.455373
5.537845,2.527554,7.760173,9.745433,8.769758,3.897268,7.109908,-1.919898,2.603564,1.986502,7.536412
4.548052,4.464536,11.182394,9.149456,10.735113,3.908182,5.649717,1.169948,0.978343,2.818790,6.048090
11.225023,6.018732,6.549994,9.097212,8.606135,2.389529,6.439746,4.729600,0.167800,4.869559,5.878501
5.021571,7.458710,10.265937,9.352348,11.569626,7.980298,9.167216,-0.242887,6.556255,8.620455,4.052468
3.213283,5.237791,9.466341,7.476678,11.341009,6.771624,8.740176,0.676917,5.960970,6.401054,4.179997
1.747568,4.897117,8.680895,6.256772,5.085929,7.440765,9.357408,5.302093,3.978521,8.861204,6.999452
0.490013,5.275097,5.347868,8.780967,5.768836,3.505711,5.741508,7.210246,6.454366,6.935894,9.548329
1.845328,2.674346,5.909958,6.602751,9.729103,4.909091,4.897604,5.177920,8.752355,6.592682,9.241052
1.562398,4.129518,6.285370,4.098221,9.262229,4.337873,4.560425,6.692995,9.007042,3.344970,6.665228
6.239722,4.082798,4.720931,0.531757,12.684992,5.722802,5.738260,7.699091,10.251632,5.269434,3.324166
5.991178,4.382027,10.399409,1.613323,12.451033,3.040280,6.999907,12.640785,4.565841,9.804285,2.164813
8.679193,13.658693,11.333658,3.029093,9.938159,4.517230,7.922153,13.161166,6.142449,12.527137,3.245180
8.337922,11.687954,6.919799,3.121568,4.179972,6.247328,6.076762,14.601452,3.742599,6.057100,1.262527
4.636795,2.748848,4.650564,4.810797,8.919992,4.338271,9.753412,11.864411,4.710346,6.362062,7.262081
3.927718,8.089937,4.962966,6.576736,10.665287,6.518014,7.751090,11.882726,4.543615,5.414953,6.393433
8.173000,6.213306,6.325414,2.726386,12.242696,2.816367,7.564197,8.992696,0.260813,10.173262,7.249695
5.816442,9.219042,2.663701,3.562683,11.523233,4.363995,2.433726,9.443553,3.153589,12.258398,10.369288
3.709578,8.537835,3.394252,4.577523,8.787214,6.723799,6.465765,3.349612,6.548005,11.379723,11.449912
4.409017,8.390498,5.730600,2.396898,3.864708,5.469132,2.891009,5.507452,3.949188,10.741753,10.984386
13.367730,12.119940,1.400151,4.346617,2.996221,3.745116,4.985091,4.960597,2.436501,7.654734,9.210626
11.621687,13.050146,4.813952,2.555333,-1.616208,3.987749,3.009419,4.635856,2.584286,10.824980,9.852213
11.358410,9.552023,5.178455,6.924837,5.483864,5.281612,4.288986,7.924688,2.873326,10.126317,9.679122
3.708266,10.035971,5.192984,5.008778,6.898416,7.589700,3.529825,9.811455,8.147275,14.883945,3.362193
8.793933,9.065943,5.781218,5.252200,7.421283,7.843163,2.573694,6.114482,8.792315,12.664846,7.870629
10.644695,10.570924,4.775203,3.735013,1.747498,6.020437,6.849758,7.727150,8.815887,10.401811,6.119744
7.308710,9.288480,4.517963,5.400933,2.118127,5.424269,5.451024,8.738959,10.413339,6.199732,10.382317
3.921466,9.973001,8.324819,4.448141,3.029206,5.401219,4.835351,13.019771,7.180082,7.649452,4.627248
2.759242,9.226686,6.207061,10.368809,3.202026,3.917948,4.692035,14.967925,4.872796,7.821253,1.125443
5.416516,8.433966,8.940858,9.075444,7.854468,4.646331,7.668655,15.683121,4.908014,6.374848,-0.373978
11.622359,4.384122,9.747628,8.530915,9.273945,0.485527,4.717116,13.811794,2.225471,5.768012,1.220628
8.299935,3.515836,7.586353,6.298785,10.721847,-0.717118,6.667680,7.438895,2.832704,4.335684,6.978389
6.943611,5.320006,6.784255,8.542909,7.445753,6.541659,7.778826,11.232859,4.862456,4.246965,4.327862
10.700090,8.867066,1.901832,7.115059,10.050232,6.800020,7.195648,9.772370,4.805951,4.710829,4.543724
12.756476,11.615030,8.111993,1.338982,9.169089,10.373137,7.477503,8.134553,0.882575,7.012978,5.815904
13.715234,10.869163,4.642264,5.151842,7.184497,10.578530,10.280697,10.410249,4.127708,9.998185,6.183010
11.198091,10.378693,6.218117,7.145771,7.572795,7.408578,9.199627,8.701072,6.901659,8.520627,6.318157
10.449904,13.982688,7.359591,7.586172,9.979381,9.340895,5.617727,3.394945,3.365889,7.038056,6.977753
9.021800,17.877385,8.766383,8.555996,11.177086,14.180373,5.581913,6.410801,5.622223,7.981360,7.420641
7.235107,12.014384,7.894405,10.158338,11.226662,16.511855,3.367083,10.962785,12.043816,8.929320,5.544486
9.491303,9.649524,8.986919,7.141851,13.326574,14.593884,7.321126,13.477718,7.653637,8.610652,8.453723
9.634173,6.306786,10.660008,7.114263,10.052617,11.026404,10.127852,14.195341,9.155990,7.415114,8.759606
12.154424,10.656743,9.445130,9.516129,13.725295,11.675293,12.711420,11.077248,6.020205,9.740697,5.987590
8.244697,16.427962,9.930972,11.306152,13.543222,10.453537,5.095803,7.813516,9.770226,9.075475,10.890240
7.598775,12.878364,7.226216,11.715114,10.736462,8.495089,7.088623,8.781195,13.240801,5.811533,8.303975
5.819331,11.554706,5.333378,8.994233,12.079622,11.402333,5.921119,8.337675,11.992022,11.113386,6.242642
3.481884,7.763456,7.362760,7.326897,11.418108,12.127796,5.424274,5.872998,11.176833,12.079611,8.316000
4.120414,6.547977,10.239893,9.139017,6.960154,11.568608,9.233351,10.555654,17.106958,13.565460,6.641707
2.296514,11.590373,11.297490,10.593068,7.281408,13.051024,13.726552,6.178032,12.605541,6.666309,6.521419
6.873298,10.303599,12.730608,10.543792,6.337971,8.323317,11.425926,9.160004,10.929538,13.421431,12.084909
7.763536,6.814052,6.191917,9.494734,6.721637,5.372615,11.900465,7.434796,8.450757,14.133111,14.512833
7.475335,4.553510,6.172834,7.567240,9.328541,8.533473,13.098270,6.923439,12.455834,10.161477,10.509630
10.944036,6.592328,4.125348,8.541807,11.880847,12.255737,12.248320,7.440037,14.371785,6.355886,9.172373
14.056867,6.770408,6.015930,10.385362,10.150908,14.177617,9.777286,6.058561,11.013527,7.843131,10.871828
13.756968,8.789071,7.680060,11.939110,11.093575,9.803309,11.595359,8.214652,13.151801,9.984065,11.102262
16.229623,6.157030,5.322136,11.489469,12.449560,8.476321,11.306405,7.873574,12.629163,11.682801,15.969892
18.034835,5.212959,8.263667,11.554713,13.675442,13.932382,12.402685,6.774160,13.440525,7.732259,16.833487
12.278648,9.061752,5.842382,11.395325,13.695673,14.910424,14.192973,13.258461,13.945353,10.338699,15.503442
11.393130,8.822506,2.236699,13.517085,11.672003,14.820058,12.433437,10.992707,12.887708,9.588366,9.494790
8.921162,8.863499,3.558816,10.718436,12.329139,15.914871,17.144881,10.108529,14.479237,8.492321,9.769011
12.176746,5.186374,7.014512,14.483529,10.795441,16.598947,13.742008,11.255352,14.384842,11.399754,12.771357
6.576968,4.901389,7.107513,13.897445,11.817432,9.781280,13.446930,10.260464,20.179101,10.814079,12.679228
9.320145,6.967614,9.747171,12.228879,10.660899,10.692895,8.939736,10.314229,18.282389,13.415903,13.459817
11.766968,10.434354,9.693884,15.045770,14.082455,7.411773,9.685544,12.633454,14.273920,13.443185,15.012483
14.365799,9.702286,7.827082,7.595411,12.777381,11.137473,10.460073,10.651061,10.364282,14.054277,13.832295
14.520396,12.935151,7.391079,7.177868,14.044656,14.430237,9.662935,7.987378,7.592484,18.088830,15.463914
10.876632,10.573148,5.459152,11.731195,10.648702,14.055827,11.245187,11.533713,9.932865,14.259975,18.964369
13.729877,9.334577,7.265783,15.082135,15.047820,9.722460,13.210252,15.800892,9.254924,13.552763,21.929180
10.342267,7.500438,10.606117,16.697410,11.901589,11.557923,11.943832,14.760296,9.963344,12.003861,18.189905
15.472195,8.841293,14.526793,15.735176,10.756991,14.059515,15.733124,13.111899,9.425732,16.262003,17.198231
15.293150,13.254049,14.621298,16.240175,10.237900,15.929176,16.037564,10.727935,10.987111,18.177254,15.851600
17.175645,13.069473,17.460723,14.817555,7.939361,14.918554,16.514465,13.648175,13.449764,17.833354,16.993520
20.278952,13.906072,17.788657,18.900345,11.147669,17.729201,17.583589,14.593092,12.248331,11.064312,12.450217
21.754058,12.589999,21.880590,15.380381,13.453411,19.064196,13.566687,14.753926,13.597667,14.156583,15.229705
19.560721,14.346847,17.931844,14.127237,13.776702,17.566197,13.867488,18.352855,18.363222,17.404326,14.823026
18.403885,13.969824,20.154778,14.655185,14.962206,16.282580,14.049626,18.041285,15.139267,16.943496,16.242259
14.655774,12.080587,21.713695,19.888583,17.494023,10.535992,7.681191,19.262125,14.260040,14.912659,12.403260
17.895718,14.265674,21.242269,19.239635,15.950490,11.714317,12.046622,16.781143,14.773798,18.219679,14.078344
14.916170,12.293890,19.863090,19.608112,15.391548,12.334087,14.590705,18.327100,15.611871,14.974916,12.356224
16.233529,14.251598,17.373176,13.152364,18.062585,11.057496,15.288356,11.358761,18.397982,16.604704,9.661812
11.802998,15.701977,17.524820,11.744141,15.814289,7.539355,17.979863,17.414531,16.025143,17.147147,10.500353
12.199020,15.354850,16.980500,15.235020,12.370832,9.182715,18.258167,20.476470,14.729999,17.743882,11.723174
14.348526,16.187061,12.214884,14.481282,15.922926,12.153693,16.455453,21.837194,15.566331,16.958442,11.095216
16.987503,14.222355,16.267000,12.856016,13.620227,12.113269,14.484199,24.541865,17.542313,19.310176,13.809189
18.724253,16.996640,15.466587,15.893526,9.671015,12.317634,18.429457,22.811978,20.436278,19.038688,19.301740
20.203412,16.668144,13.652335,16.287096,12.178547,15.316162,16.449718,20.357188,19.894077,17.199356,24.405209
18.751569,13.590503,13.140170,14.401458,15.239745,17.848464,17.508761,18.361566,17.590614,19.290726,17.788531
14.972321,16.069286,13.235176,17.540415,12.280747,17.645573,20.754645,15.508764,16.718214,18.120614,19.915945
12.126132,14.222793,11.450909,14.000404,12.493639,19.735052,17.564884,15.674714,14.397990,15.306139,18.126919
11.395880,10.429466,12.840388,14.792597,15.650163,20.023453,18.728808,15.341318,12.837084,16.531015,15.536237
10.244134,14.702978,18.068271,13.899715,16.072235,21.236844,14.735699,17.939929,7.616619,14.123368,12.266792
9.254595,15.087642,17.297261,16.843344,12.557517,18.018663,11.983102,15.803545,6.680352,17.387065,13.352803
15.193021,15.453740,16.856149,15.852103,11.775077,18.199626,10.194693,13.243167,10.235776,18.686262,10.514721
12.326979,16.480213,11.468059,14.851574,12.462880,19.226789,14.501043,13.674001,13.771396,15.476413,9.471766
16.189777,19.911333,11.878179,18.878606,15.507622,17.904645,15.798147,12.852011,10.585429,15.925968,11.883502
15.107026,20.475431,15.414927,19.421455,21.487525,17.065572,19.481249,14.989464,10.513220,17.667559,12.730035
19.594457,17.707417,14.782732,17.993495,20.745534,16.747417,20.516602,13.417517,16.399984,15.557380,12.392468
18.033310,17.434616,20.097835,18.168631,19.327921,18.492244,22.980957,12.094555,16.137768,18.949906,18.647130
18.714365,21.261406,21.891636,14.275961,13.808547,15.744784,20.722716,14.857297,16.570635,17.934192,17.313957
18.745073,21.313253,17.032672,14.124581,15.905856,20.880493,19.773341,15.912263,16.841069,18.033024,16.123613
15.452820,19.074245,15.004950,16.701664,15.151337,17.796176,19.530426,18.356074,20.779796,16.993672,16.369109
16.259613,15.841842,18.823371,22.933966,10.827572,18.790734,16.050225,15.880911,15.710508,18.347904,18.126729
11.530316,16.297998,13.039620,17.066646,16.920184,17.721180,14.016469,17.384715,15.505390,19.455773,19.332472
16.151681,19.865578,12.162885,20.438784,17.305424,16.464969,11.762342,12.043594,16.531539,17.530461,20.699039
13.741760,19.792185,14.487307,21.157767,16.009909,17.125284,12.786940,14.513747,12.730650,13.965464,22.128204
16.351404,19.402572,17.541871,20.888024,15.749834,19.873060,14.053899,15.342278,16.157192,17.052645,16.861167
19.873028,16.145701,14.366022,17.794235,18.080925,19.308017,17.665803,13.835155,20.003606,15.713406,12.216751
14.759978,16.819612,12.560964,17.731296,17.589584,20.738627,13.520284,12.993568,22.210429,16.093004,15.266406
13.623231,19.044046,16.362902,21.629937,20.931349,19.375974,16.857619,15.673740,24.302964,20.137656,21.063191
16.068699,19.992400,18.605508,24.933634,19.400972,16.654542,15.449735,18.511556,20.278924,21.723624,20.262995
16.442888,21.731068,19.696899,22.659783,23.811249,19.827179,18.060215,15.877665,14.327821,18.670239,19.332052
14.311230,18.871059,18.526986,21.651372,23.311515,19.883750,17.121534,15.631442,14.513702,20.227901,22.072760
15.482910,17.581346,16.977309,21.278140,19.381445,21.943474,19.526045,17.631524,15.093098,21.013567,22.372066
16.443151,14.993045,15.617610,16.068561,20.228425,15.589448,19.400220,16.609485,17.601800,19.961904,20.053763
18.137282,21.379910,20.572183,14.160100,19.523885,17.061848,21.224890,18.203301,15.587839,19.530920,21.284335
17.880794,21.149177,19.111384,17.071194,20.254278,22.667609,19.517136,17.171764,18.922083,18.911885,19.985930
20.628641,16.457238,18.151873,17.081954,17.515478,19.936449,17.644571,18.657939,19.013082,16.532842,16.130957
19.045316,16.209803,20.854974,17.025562,18.373267,23.335139,20.855000,19.228473,20.797279,16.653877,16.067094
17.609207,17.964944,17.332247,14.473599,18.313410,22.540983,21.542034,18.519645,21.319787,17.683804,16.189430
20.745224,18.254804,16.359022,17.028767,18.785888,20.427757,21.057688,17.168500,21.990010,16.981591,16.777948
21.889727,18.272499,12.780560,19.502081,22.345874,21.999567,20.190051,16.838555,17.465197,18.061488,16.491725
25.397024,20.234101,11.698802,18.576809,21.257258,21.941822,18.890201,18.666761,20.700970,20.879194,17.431879
21.887824,17.706134,17.459691,18.579773,19.066077,20.431578,20.079355,15.680994,22.447074,22.426158,16.294165
23.246274,15.418168,18.564126,21.234031,18.780898,17.880782,19.034335,19.067370,21.610261,21.279576,19.229994
24.235741,15.569579,20.448155,20.361857,15.730355,20.023181,17.109915,16.755553,18.255244,22.401897,17.601800
23.495586,18.178642,21.882612,16.059227,16.618905,21.823050,17.720835,21.199123,20.686732,20.076179,18.623825
23.826806,21.430037,23.156322,17.721473,19.681641,24.301213,19.225191,20.842389,25.620583,18.539213,20.833541
22.753142,22.177344,23.600519,17.404851,15.853917,29.329794,17.904477,20.961402,19.820561,18.828619,19.990080
23.321518,23.979566,20.226392,14.545344,14.915752,26.411671,16.110654,20.418840,20.494218,20.783919,22.689242
20.248555,20.994599,17.927140,18.226309,21.854717,23.257434,20.524581,17.967358,18.431399,19.972231,19.880521
20.278035,19.226524,18.443797,20.422948,23.348389,20.784223,19.743101,21.224974,15.904251,22.132022,18.681107
21.265162,20.891241,16.939534,19.744037,24.893491,23.635701,18.422355,23.723461,19.644464,24.351175,19.972267
18.073221,26.782182,20.653843,18.025531,19.477304,26.533056,19.360524,21.832080,16.956978,22.870212,19.071670
18.175547,28.147948,20.907184,21.133033,22.572108,23.390082,22.052058,25.041381,17.506214,15.551968,19.753163
16.902569,27.721160,20.737941,23.565989,19.665181,22.213955,16.978428,23.079208,14.328707,17.429038,23.531918
19.937187,23.322345,21.831928,19.053483,21.124158,23.887707,22.703403,22.050561,18.183004,16.418269,25.456120
19.502244,24.807052,25.256926,22.614839,21.398729,23.064206,20.463602,24.486861,15.086116,16.768833,21.307397
24.537628,16.329882,24.059084,21.522534,24.226187,24.986144,20.244999,26.708757,18.061573,15.378242,20.309227
20.691513,12.354015,19.626724,16.323083,17.388102,28.621788,23.034805,24.029711,19.914271,14.684218,18.796079
18.984634,18.858221,19.181986,16.556018,17.845626,22.937337,19.892131,17.948528,17.402674,19.089222,22.492788
18.262519,17.370655,19.208258,18.007797,20.190797,25.670047,17.138034,21.285369,20.222780,19.853657,25.163105
15.510959,16.594793,21.316028,23.179128,20.524485,24.761425,21.323131,17.206808,22.608526,19.204991,21.875605
20.055906,18.560738,21.178913,19.430507,18.814649,24.102946,20.953614,19.407255,17.340565,14.584828,21.186455
20.938235,21.570238,13.948337,23.089775,16.894087,18.891752,16.315357,22.156975,23.933691,15.440586,21.305016
17.679560,21.437600,15.798307,21.994478,20.163003,22.517900,18.327449,22.561795,21.592796,20.831045,23.005298
16.469843,22.108628,15.981657,22.696932,19.618655,20.347198,16.291603,19.603968,26.676474,16.773307,17.842635
18.069401,21.035770,22.649209,21.878055,19.386853,22.106690,21.327458,19.826781,24.349762,20.971907,21.795654
23.674119,24.502633,22.549535,25.225343,22.668257,24.683148,15.894431,20.438283,23.097141,16.895984,20.538518
26.916668,22.719027,21.469489,20.908261,24.271387,23.334838,17.736152,21.240399,21.085806,23.772997,17.804266
24.471819,26.528140,19.732274,24.423123,26.038355,24.684507,18.774700,25.927456,20.892225,19.464099,19.976288
26.241452,25.469986,21.454123,25.881758,21.860063,23.182171,18.842646,22.132717,22.275649,24.609974,18.212814
20.768293,24.639616,20.333767,21.039736,19.844871,24.231819,19.461197,20.110069,25.470631,23.209326,15.821512
23.251117,25.376185,18.254231,24.070741,19.172554,21.754155,19.647683,16.260036,26.232723,19.776103,18.592102
22.462162,22.263416,19.887058,24.654936,15.871846,20.112962,19.602026,17.850863,26.212162,18.331260,16.575909
21.395032,18.176830,19.565048,23.725241,19.629303,17.695200,19.857682,15.484388,23.382605,19.062665,18.106335
20.683558,18.296388,22.888171,23.317407,19.316837,16.280364,23.032014,14.659009,20.767125,17.889757,15.914969
20.330849,20.651297,21.382669,25.799035,21.213098,13.550325,18.913603,18.529766,22.292530,17.020139,17.218439
24.103398,21.715786,19.171148,24.363043,23.675157,16.038418,16.820969,21.266381,19.372874,17.274944,13.280959
21.059311,20.310265,17.111359,21.769313,21.209108,15.240093,16.411788,21.625922,15.197573,16.897604,18.753217
20.989654,22.490852,18.491058,18.784671,17.996036,19.536742,20.642735,21.624731,17.836895,19.091561,20.816541
23.615007,25.516104,19.636652,18.512750,21.550909,20.335180,29.690839,18.718576,17.948869,22.978200,24.139321
25.472516,23.860722,21.948371,15.999844,23.081239,18.278834,28.445600,19.603940,18.891696,22.949623,23.173833
22.118873,18.011547,23.889843,15.016790,21.193694,21.877718,28.496061,18.739653,18.763391,26.855123,24.277260
24.084064,23.522286,22.650186,14.343101,21.156988,21.571893,24.746202,18.157126,19.976834,22.013305,25.805177
22.903105,23.110823,17.843778,16.347819,15.943394,19.541933,24.750212,19.367442,17.949636,21.641435,21.954924
15.882797,19.090647,23.574660,15.973647,15.701070,19.327660,20.504254,18.939125,18.291527,20.990053,17.606024
19.219455,18.923152,22.820876,18.796659,20.920834,18.468752,24.054521,20.424487,18.960353,17.828423,20.218313
22.340958,19.993340,24.011818,21.500570,20.867393,16.012362,20.767081,22.522289,13.161793,22.065876,19.003380
21.254905,19.030929,17.683429,19.546913,16.304557,16.843177,21.140710,21.652226,21.513277,17.963977,22.152366
20.405333,16.230454,21.213939,18.336651,17.779002,18.005460,25.153621,25.827529,23.311641,18.377695,22.413214
22.535699,17.852164,22.385158,22.801179,16.580733,18.555798,23.200280,22.585556,20.734315,17.360300,23.672838
23.198986,20.979203,19.497602,20.686498,19.851497,18.407315,26.137790,26.523649,14.706915,24.369117,18.208631
22.653612,16.337973,18.274061,20.351915,19.660368,20.022355,23.202627,22.683806,15.990759,22.346063,17.659086
22.561084,17.370114,18.963783,21.394213,22.817251,24.438983,16.559383,21.857635,20.217724,24.189004,18.191862
26.111977,15.543176,14.815833,22.037408,21.238628,25.675844,16.012979,18.222186,18.625370,22.647344,17.731740
21.856722,16.032251,15.350893,17.526302,22.527538,23.563517,17.990282,21.622210,17.662081,27.782914,19.955861
16.409859,17.191213,15.018992,13.210639,21.641624,23.421096,21.031065,23.792652,20.988905,26.192948,17.322739
17.798559,19.624474,13.897545,17.889820,17.834570,22.510136,20.166897,21.064164,22.280832,21.608496,15.502961
20.803838,14.902857,13.722160,21.775347,20.004728,24.896443,18.964443,21.904261,22.351434,20.122308,22.846614
21.486854,15.322033,20.583215,20.942182,16.203877,22.237283,20.664513,17.929862,18.335143,19.429029,25.694314
17.804757,19.532736,20.805883,18.153111,16.333857,18.762602,23.694738,20.482156,18.978006,17.961010,26.674049
13.167073,20.586041,20.197905,21.227110,17.030030,17.966285,22.123448,21.250830,18.936314,19.008290,22.451535
17.273070,20.089569,20.885763,18.513588,19.861486,24.988401,17.729227,21.628600,18.639974,23.558477,20.380362
27.749150,20.778332,19.003794,20.957053,20.134077,19.164306,17.277704,23.601880,19.137085,22.762647,18.090146
23.440093,19.802982,21.842030,21.960433,18.095121,18.130395,17.838481,23.349849,18.920982,19.518729,21.888418
20.114844,17.308573,21.774818,24.412096,19.537518,19.608467,16.645702,19.109816,17.558237,17.847245,21.859752
17.999259,15.253763,20.538686,24.018014,19.283720,14.975010,18.070414,16.973869,18.823640,20.561156,21.034301
17.727193,19.181526,16.606421,26.350958,20.698446,19.322850,18.082617,19.786692,15.034817,22.757359,17.843905
16.795580,22.929646,18.019682,21.607726,19.124540,18.530208,17.992166,22.615281,16.805818,23.932832,18.187168
16.054321,21.599685,19.243713,20.813549,20.350812,19.736861,18.531979,24.111295,20.839478,22.859075,23.061510
18.145064,21.780919,17.635417,16.840476,16.824784,17.803745,16.441170,19.967362,19.156865,19.555617,24.019766
15.336567,19.698666,21.972487,17.963522,17.288529,19.525443,14.183826,19.669963,20.265618,21.428215,25.382404
18.210413,18.443736,18.693889,19.262173,21.332895,21.520921,14.401216,20.875344,20.000312,25.065075,23.280043
20.016933,18.927346,20.634880,21.872328,16.136862,21.160732,13.898099,25.102689,19.759621,22.125220,22.251435
18.125238,15.675421,17.954003,22.079497,16.956217,22.095111,18.497307,19.518213,18.553549,22.453104,19.012668
21.484972,14.380993,19.177320,16.057837,18.416096,22.440988,17.635072,20.057998,19.413737,20.480421,14.336914
20.696431,16.000840,16.945644,18.443444,14.175783,16.927175,14.552421,17.789038,22.681189,18.286325,15.010461
21.711963,14.717899,17.012685,19.323642,17.056631,14.918233,16.740078,19.477575,23.458425,17.763191,15.515334
22.470548,14.081842,17.549619,21.024143,18.735529,17.666848,19.274796,15.376333,20.519591,17.768296,19.362726
23.939670,16.444423,17.148541,22.717261,21.706852,13.585465,14.961266,16.135072,24.895662,21.702807,20.041212
21.974280,12.950795,16.132553,21.395685,19.742530,19.787422,13.796151,14.617571,16.539898,25.205728,21.908000
23.030426,14.983876,15.925029,21.197712,14.770679,21.581162,15.702931,16.501520,17.803375,24.138110,20.186307
19.713357,16.319259,18.951711,15.881557,17.478612,20.177410,20.310575,17.492553,18.680606,19.403454,17.639714
15.090766,19.230769,18.414462,18.423506,18.039721,19.535738,17.528681,16.613482,22.115320,16.244379,15.416611
16.554217,22.007844,16.472177,18.723947,20.194503,17.323715,23.395811,15.453906,22.340595,20.296514,15.148262
16.045916,18.010564,16.804803,20.595421,14.459422,16.898926,23.561711,17.296212,17.137684,17.759833,19.407141
17.313540,18.780014,20.495779,19.928980,16.259939,16.238143,24.451215,18.768294,13.225198,16.166430,16.343015
16.853616,17.343298,16.858375,17.183732,16.704889,16.781730,21.863414,19.913171,12.765389,16.171892,17.115067
18.108160,17.703659,18.261387,12.334117,12.434055,21.842978,19.190014,19.061930,16.638801,16.645557,15.925899
19.809928,17.706117,12.195260,14.908335,9.249258,24.734631,14.660775,19.512099,18.407799,17.160146,15.851760
18.568044,15.250726,9.780792,17.924234,15.267398,21.116639,19.328405,19.394164,13.821459,15.984992,17.435465
18.252981,14.907707,10.743620,18.288680,13.611486,24.116896,20.876315,17.373842,17.273264,12.816398,18.247119
20.844365,17.331585,15.641932,13.619972,13.938841,20.621100,21.953555,16.573436,18.154436,12.342825,15.370319
19.456269,17.604568,17.938090,15.186271,9.730187,20.103481,18.593406,15.872423,14.798838,14.636165,11.250389
18.893139,17.325867,14.382394,17.136464,14.350099,20.500652,18.079919,16.522350,15.991497,18.559233,12.057165
21.360576,16.028340,17.105774,21.078049,14.439111,14.264904,15.656805,17.394015,13.171830,19.878423,12.394233
16.665405,13.629566,15.693765,18.765663,15.530405,16.313717,16.877840,18.212000,19.600612,16.979639,14.747549
16.537931,15.193306,17.932618,16.369413,20.961052,14.689884,16.013069,14.179344,16.443316,17.870896,12.775406
17.065367,15.055439,20.130603,18.686408,13.608369,16.755139,15.661426,9.593863,15.724488,12.976285,10.570751
16.260047,15.133648,15.712394,16.688304,11.684299,16.187161,17.799889,10.789159,15.276271,9.092721,12.469090
17.761730,13.078694,14.583637,15.876192,15.895837,16.887075,17.750334,14.055862,18.856143,13.539978,14.258454
16.255957,16.491550,14.448923,10.686650,12.160790,18.922055,11.683006,14.486940,19.815177,11.732764,12.957797
14.063223,18.890040,17.853312,13.748794,13.621412,14.145246,15.167073,18.341578,18.459075,16.854519,12.785918
17.102592,11.767805,18.747155,17.835241,14.109597,13.251171,21.819683,16.250175,17.015929,14.469452,12.741059
19.062786,13.005704,20.837335,17.318077,15.797899,13.651274,21.071604,13.747579,14.804935,14.582072,12.104397
17.663117,13.177778,22.482544,15.019316,19.313777,13.710412,18.754016,17.803495,17.074244,12.195214,18.155762
18.837371,13.278662,21.506356,14.063974,15.564930,15.596341,18.713630,18.403934,17.518919,17.718323,13.152448
15.405571,10.472992,16.250004,13.288183,15.879086,16.809536,12.615624,14.457145,12.840582,16.071549,14.823790
14.255343,11.072521,18.586325,16.672354,13.725743,16.309311,11.060516,14.151597,17.207525,19.047037,15.244600
13.863653,10.917965,15.537579,17.011652,12.958237,11.571305,13.900501,11.772260,15.880310,17.324436,13.494709
15.907473,14.069204,11.526472,12.577542,15.881275,13.310611,16.291067,12.458636,17.679012,20.534041,13.158297
16.538337,16.319153,14.788966,9.469585,13.667347,11.610134,16.763333,14.370363,21.011627,21.139633,13.743676
14.489696,15.829400,17.396559,10.599134,13.952109,10.334031,11.892542,16.423201,20.687522,17.571882,16.357099
16.208657,18.972882,16.343966,12.235380,10.278316,15.794484,14.370383,21.833065,19.568658,10.659832,15.744852
17.815324,15.303422,13.607613,12.405816,12.208838,16.266871,13.442877,17.078587,17.852409,9.584620,15.649989
15.104483,13.594702,12.395566,14.424208,13.139862,16.440346,13.844057,14.875947,16.155457,10.572108,15.953803
16.561451,12.385616,13.573858,15.495619,16.451395,16.788305,13.633813,13.095098,16.042106,12.063980,14.865920
15.579328,16.238528,13.059405,14.447434,14.788895,17.880373,14.340378,12.207807,11.777646,13.100884,18.251736
19.090219,17.203792,12.941482,12.071068,17.135553,15.274464,17.418341,12.853368,17.106818,17.890301,13.238929
13.980500,14.157761,15.813632,14.644947,13.334748,16.383291,12.950119,14.022830,12.950733,16.902208,13.098327
14.601109,11.696654,15.649031,16.740517,12.167021,12.724825,13.804721,13.077965,15.012300,16.000915,16.996951
15.190498,11.481028,21.455965,12.884634,12.182533,12.763350,13.477580,10.718083,13.341913,16.728491,12.166567
18.752633,13.489097,21.678629,15.584242,7.458734,10.992703,13.846056,15.290660,14.692641,15.788303,14.681883
15.653210,14.328466,16.659414,15.919902,10.272481,11.856173,15.041000,16.511347,13.193243,17.825817,15.273279
13.491010,12.597708,11.010631,13.369310,11.168555,11.487160,16.854603,12.485602,15.063995,12.804055,11.043478
14.502262,13.813258,13.494444,8.499292,11.896704,9.299941,17.152290,15.084309,13.493447,15.889038,11.790869
16.890199,12.448078,15.956790,10.113445,14.936675,5.648970,16.312895,15.496546,14.856588,19.119898,12.380929
13.594983,17.160825,14.257505,9.982761,13.074888,12.234768,15.610296,18.271508,14.688429,17.956383,14.080876
13.175534,9.790094,12.736929,9.244808,15.228147,9.506112,17.074139,15.860845,10.932010,12.813216,12.597989
9.519912,8.929585,10.397756,7.088229,13.512483,11.189720,14.570318,16.975054,10.779637,11.297143,13.234824
12.140634,11.115013,7.197520,8.122756,13.674399,9.096180,14.463084,17.173359,15.745203,11.182197,10.222060
10.566802,13.988408,12.361228,7.769971,11.120542,7.524962,11.964395,12.055590,12.465260,12.712580,11.271792
15.053901,12.388961,9.244104,11.443115,16.230388,9.545403,10.360237,10.086264,17.219673,11.230623,12.998714
11.967291,15.579795,9.344479,15.589651,16.694971,8.490542,11.615623,8.391569,15.947690,16.051586,13.414985
10.522551,17.484207,11.158642,18.894961,14.209422,10.610556,12.290146,6.547442,13.134681,14.302581,12.639894
16.576154,13.844894,7.435707,15.955380,15.454962,6.809264,9.066547,4.893706,15.838644,14.638875,14.210235
13.968160,15.380671,7.033718,15.459895,11.749308,4.927917,10.518795,8.868751,8.841219,12.333439,13.046776
12.023834,11.584176,7.223504,15.113770,11.932617,8.859619,12.594783,12.663457,7.952079,14.666153,16.836118
9.415833,11.952521,5.146321,14.876354,10.030781,4.662073,10.644257,11.950722,8.637339,11.661488,13.274413
8.708645,14.198093,5.266526,11.452895,6.845299,6.146074,10.835555,11.088626,7.543679,10.447470,11.783505
11.759223,8.740097,9.527306,9.556469,7.863305,8.705927,10.290370,11.032771,8.051329,8.219305,14.099671
13.089753,5.556111,7.720661,5.232518,8.878514,10.054516,11.538136,11.576692,11.411418,12.168211,11.577595
11.995769,6.467018,8.493649,5.013311,5.968677,8.512779,9.558097,8.925329,10.600561,11.343214,11.760452
9.064413,9.609933,6.210412,5.936532,7.522300,10.230511,4.959408,5.358807,9.452290,10.976040,8.700146
9.300094,7.584708,6.544734,11.423734,7.018653,10.139318,8.770202,9.352340,7.514469,9.426478,5.751687
6.825263,15.355952,8.414662,10.128664,5.749490,8.930538,7.625753,7.390047,5.945405,9.867939,10.690357
7.288662,9.674337,9.938461,15.248420,9.945971,8.393812,15.257799,2.653934,4.215361,9.407949,6.903434
8.640041,14.966666,9.231978,15.885003,10.719996,9.387326,11.381950,3.146542,6.119715,7.893394,4.945867
12.040650,11.742282,9.089970,12.699135,10.792768,9.824789,12.953938,10.376771,6.179184,9.004501,5.526819
10.556791,9.225803,10.163786,8.555254,7.306089,8.780695,8.526288,12.057630,10.703144,10.661037,7.671140
9.103922,12.523736,12.772523,5.540345,7.424271,10.438523,5.469081,11.881298,9.602322,10.351768,9.612730
7.460755,17.929670,11.601241,8.891525,11.402862,5.404613,3.565922,10.248823,8.256960,3.553559,8.989659
7.660567,12.307238,9.421650,11.428238,8.846697,7.723785,4.273675,6.122468,9.755292,2.945469,8.654602
6.446289,15.086529,11.722718,12.919500,2.831693,7.848992,6.304226,4.932111,10.005276,2.048862,5.373851
7.499162,16.167909,13.216328,10.610398,5.156722,8.916416,7.944149,4.502569,13.008268,5.294998,5.944907
7.514941,11.127035,14.753291,11.069166,7.203416,12.235878,4.138278,7.750194,12.663916,7.564102,6.292712
5.218489,12.625084,10.240442,11.122822,2.184098,13.278571,7.942169,6.647203,10.918229,9.138208,9.093234
0.339272,6.862739,8.247520,14.722888,3.501091,8.859255,4.335226,4.674502,6.017916,6.811578,8.140815
5.313085,11.068097,8.422898,10.511221,3.072283,6.039246,7.470920,5.526741,2.687330,7.452895,10.130587
8.730100,9.133739,7.697876,6.404489,6.265926,4.222280,10.620123,6.763364,5.358044,8.295670,9.794061
13.779772,11.814152,7.275795,2.043545,6.734625,6.241016,9.247493,6.110079,6.977912,10.120619,9.817542
13.425377,15.254431,8.647177,4.270188,7.835648,4.226114,7.781052,8.117900,5.426414,12.441322,16.056549
7.877205,10.639690,4.605921,1.773425,6.797213,6.701754,5.596418,5.193140,5.669692,13.722809,13.122703
11.969953,9.510369,5.004390,5.158093,3.787642,5.923236,6.395204,10.213523,7.325679,9.376472,9.471421
13.044211,12.391498,5.933637,7.794414,4.649397,12.023240,6.007826,9.032763,4.374085,7.306381,8.356517
12.563625,8.251199,2.753409,5.654294,5.764096,10.309569,7.398073,4.911905,4.293554,7.592787,4.330856
7.091447,9.668949,7.073229,6.473127,6.049028,9.624991,12.328266,4.906519,2.797330,6.914749,8.373096
6.501638,4.077575,0.949622,6.096009,5.929600,10.416274,7.053601,6.698852,-0.130378,8.038956,8.053009
5.917743,4.000610,0.044735,8.256499,5.655460,8.212983,6.760773,11.602824,3.610541,6.136392,8.984287
5.686222,5.914918,2.235205,5.253778,3.406856,6.027574,7.433955,10.469535,7.335181,9.164706,8.198138
8.962495,8.459535,1.960366,5.953758,8.246112,8.645980,12.590925,8.739234,3.089262,6.941194,8.971664
6.623766,4.546683,4.768618,7.338355,9.163243,9.969468,7.403189,11.103568,5.373945,5.973041,7.964237
3.592799,2.475596,5.914194,5.869913,8.512840,11.399169,4.595556,8.251572,4.541018,4.248263,5.371716
1.556792,6.131379,9.667213,8.065786,11.337573,15.694728,2.908262,8.643594,8.643012,7.054441,4.370706
8.405304,7.250071,7.348323,0.778808,11.750882,10.360818,-0.144657,9.055486,11.752104,7.998437,7.294271
8.729731,5.055890,6.758716,2.180117,10.880033,8.808240,1.052152,7.136416,11.487749,6.778475,6.274029
4.753546,5.592242,7.719202,1.809914,7.144001,2.943760,3.721055,7.732644,12.956241,5.238286,7.762699
4.149441,6.746555,4.285452,4.789336,5.366598,4.954847,3.625258,9.628116,10.537399,11.986150,6.669986
3.795175,3.096456,1.779317,7.177220,8.084068,3.450689,5.627653,7.194435,6.675690,8.728832,5.952965
5.822367,5.551920,2.555676,7.983838,6.028760,3.729940,9.429349,7.138363,10.339006,10.382722,5.255626
5.396532,4.039496,6.712794,8.497049,7.322743,8.115845,7.074879,6.522011,6.040531,5.371761,2.378146
6.545065,4.122462,8.611656,8.122727,8.283224,7.178346,5.957347,8.899097,4.232257,6.695494,6.460643
6.364644,1.683209,10.422857,2.299497,5.819774,10.669776,4.806550,11.442612,3.157531,6.995041,3.848258
1.632499,1.508692,10.163882,2.971161,4.561147,5.896942,6.308753,7.009555,2.914018,6.377297,3.693050
6.868224,2.819377,8.430813,3.539142,2.143416,12.314825,5.512876,3.743137,3.615332,7.938440,1.998666
2.666316,-0.358288,10.342017,5.981161,0.821363,8.939940,4.989253,4.144406,1.584536,8.403425,9.306982
6.145554,-1.407550,7.217682,6.023657,0.448263,9.112475,7.569471,6.306789,1.944149,10.820709,5.079741
8.364342,3.106336,7.933804,3.864392,1.348256,6.259479,5.205283,5.040056,3.450924,8.694817,1.866448
7.098037,4.846728,8.208346,2.950497,4.350339,3.671238,4.912011,3.574181,6.709196,6.366362,5.548339
6.724041,-1.144620,2.156201,4.543905,7.929291,4.808951,6.879148,5.070682,9.847405,9.187390,3.804173
6.988874,-1.235116,4.817999,5.487596,5.338325,5.918231,5.205272,7.480988,6.502766,5.709657,4.163890
5.432158,-0.599526,1.697760,5.272572,6.060871,8.507971,6.232738,4.100680,3.418401,3.399862,5.673814
2.615295,2.075036,-2.048217,2.372966,4.687279,5.446983,1.349339,5.021012,2.540812,5.779066,8.443561
2.297562,4.119484,2.971219,0.752933,8.438215,2.855901,1.181475,6.319352,6.539765,6.435210,8.990032
0.184717,0.994437,5.555904,4.131804,6.377224,4.020815,5.102223,7.050049,4.393389,10.024177,3.492661
3.549899,0.829272,4.114789,5.318757,7.548809,7.423010,-1.142219,6.215619,4.329272,6.033086,1.747537
1.976677,2.639209,0.097283,4.400852,9.991030,6.100455,2.787747,1.875204,7.118406,4.275835,5.836667
3.318725,-0.848417,-0.935340,6.946504,2.451315,0.187317,2.426614,3.233117,6.159561,4.139809,1.487286
4.601606,3.175495,0.914186,6.929831,2.420144,1.130202,1.748390,3.283048,5.833697,4.920431,-0.059369
3.657120,5.427146,3.523607,1.825556,8.399853,3.854912,-0.573436,4.668773,3.844509,0.376090,-1.305674
4.874857,6.064913,1.063584,2.099722,6.357717,5.925650,-3.423205,10.347344,6.277539,1.905458,0.441247
7.352042,4.273706,-1.334914,2.144040,3.743050,7.356208,-1.730967,7.123832,7.094757,6.046525,3.289057
6.073548,4.138078,1.423538,2.092069,3.571216,5.349147,-2.821959,8.363669,7.187214,4.049318,3.294025
3.406620,4.146523,2.477358,3.489590,3.751975,5.892140,-0.818109,10.236417,1.477926,4.596792,2.484061
0.109171,4.011381,7.991896,6.062222,3.950132,3.950811,2.509594,8.374664,3.845175,0.993833,2.719324
2.945793,1.168577,6.367512,3.180818,5.271875,1.345724,-2.543984,9.234968,5.227916,3.065441,4.309344
3.876699,3.756241,2.421334,8.558371,7.203738,5.046025,0.288576,9.126476,7.096316,3.986617,4.927303
1.789019,2.486843,0.944137,7.538941,7.171504,1.527024,0.864665,5.952009,8.480006,3.330407,2.940290
7.857473,2.495635,1.109474,7.980660,7.269788,2.809369,1.292264,5.466200,4.619566,2.006205,6.266486
10.045167,0.657325,4.421312,8.436497,6.609014,1.020796,3.771621,5.307732,3.559913,2.055239,4.003927
8.508723,7.423421,4.431109,3.788310,3.721474,2.612337,2.874869,2.618290,2.727042,2.759275,5.114416
10.239617,-0.530684,4.680488,3.381179,1.061734,1.560126,1.773932,5.270284,0.499647,2.656417,4.480549
7.293254,0.421988,3.630273,6.833383,5.208464,0.092510,0.083268,5.974772,4.268536,6.248385,2.936453
7.498503,0.642059,-0.812866,4.934989,6.254080,0.813507,4.811460,5.087476,5.800241,4.135950,8.176022
8.035538,0.998852,3.026561,0.745474,6.208992,3.117697,1.559921,4.156665,0.042740,2.723721,11.028436
7.105800,2.242489,2.696959,0.862918,8.267958,0.315666,0.337489,4.104464,0.961243,3.625185,9.067162
8.411612,4.407734,-0.098524,2.281197,6.822671,1.229193,5.762684,5.802211,4.882205,1.807646,3.574944
1.866888,4.024398,3.832570,0.688451,5.894944,-1.065652,6.756401,3.294241,6.261207,4.053590,7.135184
1.935098,-1.979801,3.678784,3.739919,5.706072,-3.919485,5.362650,0.421347,1.928950,4.449146,6.448316
3.067709,-0.482301,0.446304,6.938192,5.777965,1.030754,5.583514,-0.676661,1.853814,4.582005,6.444756
4.378153,5.477394,-1.415808,8.346923,7.507562,4.798388,4.554809,5.262627,-0.566690,2.277087,3.553731
5.727458,4.424216,3.151014,5.400346,3.856402,4.754961,3.376201,2.378355,1.095748,5.363883,3.409087
5.803062,5.510068,7.105640,4.415385,5.203386,4.231345,5.950928,4.083330,3.506841,12.965953,-0.874552
6.366689,8.027856,11.275930,2.262138,0.151832,3.745382,5.872820,8.629386,6.209790,9.444725,0.679659
6.903760,3.259134,4.189358,4.939967,1.213960,3.738813,9.704920,7.532592,4.481192,7.093005,4.765500
3.592353,3.196435,5.117571,2.080862,2.152110,2.371010,5.909166,8.326543,10.844760,5.098396,-0.259020
4.495380,3.406996,4.772108,1.490713,2.334881,3.495015,4.103983,5.688363,9.247968,5.265330,0.070085
9.671772,-0.870721,6.556432,2.704242,5.856148,8.890933,-1.366430,7.023384,10.088895,7.342069,1.414094
8.519405,3.731223,2.678585,2.524264,4.399448,7.483772,-1.532805,12.805940,7.309573,7.672345,2.266010
5.051956,7.006990,6.497592,6.762240,0.243239,5.299726,0.518590,14.507123,6.468173,6.540644,1.421193
5.826683,8.201041,9.797004,2.386261,0.390148,4.441862,6.187128,7.657000,4.387640,12.880893,6.417897
3.557552,5.869671,7.285145,1.516335,6.847935,7.788476,4.642692,11.588156,4.779219,9.660208,3.680943
5.615056,5.569883,6.634046,-2.881321,5.538979,4.111641,4.500447,7.919426,8.143015,10.700013,1.097430
3.489810,4.652670,8.595115,-2.662480,6.774941,6.520929,8.653677,2.761135,7.682890,4.982569,3.102976
4.992506,3.725334,4.118495,0.646026,2.671186,4.010197,4.248518,2.574381,5.981165,5.035988,3.797600
3.454589,5.857846,3.957741,4.645524,0.359713,0.223696,4.836631,2.604200,5.175141,4.126276,5.232155
8.752596,2.465765,6.786364,1.993996,3.586148,-2.219021,8.409557,2.240269,3.010540,4.339070,7.447493
12.224374,3.836860,9.829367,0.073477,1.315958,0.785891,7.936728,6.229626,2.533383,4.450003,9.922553
7.444749,6.228116,5.603788,-0.632208,4.105985,4.645475,10.447433,1.340827,2.508236,3.589819,7.726390
7.092117,6.524826,8.612197,0.866843,6.003200,3.099406,7.614162,2.603574,-0.069969,3.907764,2.205887
5.338498,5.443623,10.226601,0.782474,2.140279,3.398781,3.093017,5.772243,-1.646402,8.346647,3.134049
4.421761,8.061523,11.148180,-0.249570,6.452316,1.972464,8.860044,5.651398,-0.571033,7.625558,4.789226
6.608369,7.127844,6.739833,0.957611,6.059360,4.032868,10.921693,5.571725,1.878454,5.293851,5.934335
6.850466,6.533585,8.264210,2.965762,1.752391,-0.424673,7.472686,4.331565,-0.831891,4.766934,8.393458
7.895600,8.418029,7.153602,5.151015,6.080150,0.746570,4.497285,4.318656,1.566961,5.845765,6.587203
3.835746,6.901315,2.019230,4.469867,4.783878,1.478428,4.256611,3.370135,1.077120,4.909122,4.752093
5.716184,3.777571,2.295260,3.111332,1.481726,4.352588,1.911568,0.909868,1.197487,2.134544,7.947803
5.568743,4.842609,2.256533,5.704513,7.092959,6.092008,3.885271,2.243678,3.692090,0.263979,5.252768
4.298810,2.525773,2.320313,9.252496,7.151239,2.201472,1.871496,3.162622,5.684092,2.045190,5.840174
5.199236,2.814413,6.191990,8.123309,9.185931,3.069474,1.084416,1.472643,6.842400,1.086426,9.161366
7.110020,4.868042,10.430204,5.871358,9.438827,7.251537,-0.071635,3.104984,3.642153,4.527047,6.281102
6.450072,4.794267,10.962421,5.770825,3.170309,5.346006,3.331672,1.989706,6.386027,2.082780,1.573326
4.948048,4.098436,9.223691,7.193990,5.176586,2.395646,-1.185629,0.379138,3.472653,6.941912,1.364286
6.140898,5.122212,9.662131,7.274347,5.928810,8.456086,1.476446,4.833564,4.678268,8.710514,3.671576
7.752985,4.865829,7.531435,5.178464,7.219202,7.270159,6.647833,6.869491,3.970150,10.679329,11.141993
8.434887,5.904525,10.860238,6.544782,8.545200,5.529771,2.878961,6.418108,4.421965,7.108529,6.867044
5.491526,6.717790,8.438642,4.454206,9.231439,7.369537,3.776992,6.351647,4.106187,5.212455,5.401396
6.977121,7.363138,5.250133,10.436780,7.975243,7.083722,6.279149,5.415975,3.764957,6.688533,5.798716
5.108397,-0.878934,4.503076,5.452861,7.962278,2.712288,6.429779,7.789417,5.872847,4.287539,5.974957
3.961863,7.442662,3.782703,3.727281,7.673660,6.065436,4.444552,8.898875,4.964873,3.428554,2.846524
5.687106,4.257836,8.134625,7.263115,6.412260,7.696197,6.434524,8.650117,5.898213,10.657357,4.474208
5.203601,8.252632,8.045122,5.650889,3.777941,4.915058,4.991880,5.082925,5.941964,10.963831,7.531371
11.846272,7.166152,7.689558,9.369256,5.176777,5.998171,2.979396,12.773478,1.007229,10.126428,9.341328
10.908313,8.991228,8.696928,11.018372,6.534333,5.595668,4.798048,6.385624,4.231710,10.416327,4.447995
9.407141,13.081739,6.451739,12.810197,8.327438,3.066461,5.765637,8.218009,7.022523,7.749529,5.009046
10.586510,11.913898,7.015406,12.694786,8.276388,5.972448,7.384219,8.998689,9.305147,5.880774,6.391078
5.122122,7.607547,6.384978,12.621915,10.689693,9.180814,6.843091,7.711039,10.658686,5.852657,2.267198
3.757728,7.312483,6.434923,4.856325,8.699825,5.029667,6.290040,4.147503,11.181853,5.766483,2.287957
2.983170,4.270204,8.087501,6.497153,2.986204,7.673748,6.901085,4.469690,9.593341,2.698697,5.334899
7.161570,3.768211,6.650292,8.776233,5.354039,7.334542,3.596424,0.268309,11.247111,6.117087,5.952856
5.915272,7.963274,5.799522,7.324142,5.736431,9.515434,6.106453,3.311841,6.597562,8.082265,8.838604
2.662841,6.010725,7.977735,4.797789,5.369226,5.210807,7.052995,5.115683,7.970214,7.071393,12.086256
6.325704,5.628031,12.593749,4.733188,5.006321,5.709851,14.632898,4.839899,9.139005,9.283206,8.954502
9.253084,0.725962,12.650632,7.679653,9.264492,6.446931,12.443320,8.789651,14.986267,7.055568,6.663915
9.053661,5.635872,7.924947,10.586267,11.653592,6.268478,10.868961,11.198578,15.046177,11.075333,4.820134
6.666542,3.149714,11.281813,8.314352,10.455393,6.949438,11.372992,7.135611,14.214644,8.275810,6.908610
9.754106,9.392601,11.523250,6.468749,8.951357,5.040526,11.877671,5.842173,11.455198,5.513181,8.519315
14.660016,11.212458,10.777122,6.916050,8.398843,4.636961,9.591458,9.282245,7.392748,6.389293,9.534735
12.626746,11.048705,6.539508,6.195863,8.221329,6.850414,10.095585,9.397328,4.075003,4.380541,10.227693
16.672831,10.816935,8.776916,8.715618,4.568976,7.046549,9.950447,8.988117,3.993746,7.019866,7.215845
10.614015,10.890781,6.523738,9.993802,4.961661,13.752834,5.486697,6.680770,4.288577,10.019193,13.579062
10.287150,12.224621,6.674695,14.090370,6.018870,12.074012,4.605030,3.387176,2.551027,10.627810,9.654902
8.476127,11.796778,6.118021,11.354836,3.047149,8.037155,9.841674,8.993453,6.389625,5.926212,11.325267
12.781846,12.034777,6.903632,13.547034,8.392035,8.251235,7.940426,9.233628,10.876355,10.916253,9.188891
14.392243,14.181063,10.085810,12.798633,8.576955,5.685211,6.606523,13.488175,12.296468,9.222194,5.588784
13.607477,15.667951,10.698549,10.513652,6.657892,9.816235,9.971722,11.253659,17.305247,9.069758,7.038387
12.246702,12.815973,11.416923,5.944443,6.648435,10.991243,9.429983,5.978457,14.273406,14.041591,8.594081
11.962137,11.676763,10.495694,8.930527,10.301324,13.385290,10.351633,4.917551,11.598880,8.198792,10.176018
10.190229,6.675621,9.294452,8.866086,9.583522,13.013558,13.280110,7.498007,9.998854,6.891961,11.821100
9.211766,4.802846,8.134993,9.529165,13.059668,7.852777,10.951895,7.907744,6.417385,4.414724,15.383778
8.142584,2.014334,8.509830,11.705991,9.030954,8.495516,11.485209,8.873887,8.047117,8.314035,14.891566
8.533125,4.001194,11.694938,13.165068,7.845300,6.667771,4.546369,3.746838,6.910542,11.296709,10.708815
11.295665,3.495110,8.232935,8.101667,9.552211,4.808478,5.824541,1.216252,9.282550,10.541448,11.484177
7.386100,7.654927,6.123734,9.163813,13.519626,10.434449,9.938425,6.327246,7.319826,8.414743,11.679331
6.780693,4.510624,8.314229,12.735571,12.385670,7.292054,12.518448,6.663289,10.710701,10.035638,12.749523
8.840608,5.874192,11.129713,7.216904,10.254048,1.948293,9.668882,5.342335,13.834695,7.403416,12.267057
9.288656,7.126208,9.936183,6.953794,14.000753,10.276577,12.758707,2.539289,8.502440,8.234519,12.943566
6.617711,11.349646,14.253964,5.447068,10.520591,11.494846,14.211155,6.017788,10.951260,11.207702,13.781112
6.108631,11.375410,12.925663,7.862487,13.990231,8.622194,12.636568,7.648718,11.183932,10.243721,11.758786
14.310088,12.251885,15.708649,10.852697,13.278843,8.003787,12.903995,8.496600,15.485755,8.943474,8.220749
16.836028,9.346286,17.148104,13.671689,10.621920,5.489728,8.526095,7.408921,13.304014,7.185828,11.030090
15.289219,13.457159,14.509056,10.492072,11.092196,6.803644,9.635189,6.562250,7.310083,8.459004,7.106671
13.682145,8.845627,14.189093,6.474465,12.169648,12.213947,13.064827,11.920093,7.020679,9.499877,7.444555
15.275161,10.222797,13.562039,6.964957,12.823613,9.920831,14.138131,9.852987,6.997677,9.600447,10.615555
13.966565,13.969615,18.138002,8.854382,14.988863,17.477791,14.153233,12.569262,7.630189,9.482515,8.528830
17.901115,14.098944,11.503509,12.770066,17.527485,13.277230,17.427834,13.547972,11.712024,12.893525,9.561500
13.618042,14.940167,10.000060,14.536669,16.120485,12.853886,17.789548,13.413539,13.352436,12.082587,8.919206
16.178258,14.258268,12.206305,14.955909,15.477702,8.344287,15.098529,10.376215,9.439708,8.279108,15.252051
15.973579,12.386976,10.824500,13.286139,12.500632,7.771816,13.059126,8.935118,9.967455,9.352059,13.580729
15.076069,12.636104,6.480905,11.377684,11.410989,10.695462,14.040101,10.450900,9.623634,8.102349,16.993386
17.312912,13.861876,10.465579,11.858072,11.429573,10.214791,13.957344,14.270947,7.014491,6.531477,17.537179
18.840542,16.287781,8.975553,16.725497,8.517923,7.760647,12.457561,14.163438,8.860225,8.996836,11.427326
18.848901,17.668227,9.488539,16.914197,11.752078,11.500644,11.609749,13.288047,7.227314,8.559180,7.286083
15.047655,12.935057,11.876539,11.810893,10.973574,12.595713,11.727476,14.143326,11.323159,14.858098,9.933777
13.561304,9.506140,8.230997,8.635566,11.061720,11.349908,9.997670,9.121412,14.077784,14.706696,14.269288
14.821930,9.700746,10.229982,11.139411,12.790171,12.009313,9.432980,9.357365,13.701533,14.790073,17.105942
17.900288,10.523492,9.028338,14.278841,12.750637,12.001050,11.638448,11.402178,13.226567,17.594587,18.398859
15.223239,5.766691,14.744928,12.413190,15.375695,12.781606,13.953531,12.971002,14.972795,17.925602,14.801141
12.860457,9.857983,12.564600,14.147508,17.956564,11.295982,15.945386,14.408785,13.212515,13.240370,14.499269
12.820156,11.892935,16.559927,15.443599,16.431622,11.907698,16.217706,15.480793,15.908100,10.803335,16.657997
12.550245,14.526123,14.041968,18.308978,17.544081,12.535066,14.181849,17.967431,10.702158,11.308035,15.428708
12.461709,13.070576,13.206503,17.637166,15.774555,11.624786,13.711326,13.121354,6.908278,15.987716,16.877642
14.614179,10.104198,15.876378,17.134294,18.536421,12.700502,14.676111,11.166285,9.775407,13.388105,17.584774
17.292092,11.475583,13.746210,16.236954,18.315249,10.625325,16.116038,12.737463,11.954958,14.724586,17.166564
12.875679,11.101209,15.544102,14.969885,15.707406,15.224708,11.568721,17.373382,12.046614,14.849676,16.196476
13.481210,12.203206,17.185056,16.933705,10.772620,17.197270,14.454539,16.818203,13.839779,15.169077,13.485175
14.672874,12.097969,15.938332,19.013139,12.694343,14.454931,15.872801,15.579734,12.982653,12.294405,11.632940
15.693199,9.924347,18.790800,19.097515,17.288977,10.575293,15.971761,16.701516,15.584128,15.183213,13.014768
12.542950,11.960800,14.640756,19.018802,17.977121,13.028329,9.777252,12.581660,13.020647,15.549432,13.154843
15.474364,17.075580,16.385439,22.620902,15.536319,12.734628,10.115900,15.753177,16.794003,16.806042,16.539974
17.392292,18.623573,15.189366,18.129115,18.505039,14.931964,15.280898,20.300897,17.562989,16.312848,20.119168
19.220840,17.305046,12.710280,17.812641,18.907305,15.076371,14.882953,20.702854,16.173762,19.709943,15.689994
21.999937,14.605406,15.112092,17.603023,20.035478,12.949717,16.396776,20.805834,19.741797,16.375342,18.934622
18.989991,18.996630,12.642341,17.784353,17.633558,16.529610,16.981062,14.650998,16.258619,20.173780,20.083043
21.337852,18.374169,14.116686,17.884083,22.444337,17.648287,16.028880,10.311649,20.182921,19.218083,15.306124
19.461780,14.649123,13.738904,13.743576,12.895598,17.778162,12.627874,13.014095,22.083569,19.846769,12.630598
15.137994,11.567307,14.803343,14.483763,18.771949,15.898362,14.452619,15.692196,15.794706,16.642205,10.744663
13.373952,17.262788,19.847881,12.566988,20.301197,16.552733,15.888544,15.621439,15.561118,19.062115,15.130762
11.379791,18.780377,20.212993,11.389053,19.870273,16.449335,19.446548,19.395286,14.900784,15.725171,16.887810
11.271468,19.036616,16.552197,11.229471,16.621160,16.195011,18.235711,17.801107,19.246711,20.584216,11.177726
13.817122,15.490267,16.211722,12.826096,15.556953,16.334869,19.976922,14.115224,18.786816,15.803354,8.224311
12.338629,17.903804,12.969430,16.470956,17.363745,14.910956,19.254283,13.008241,20.276810,16.591878,13.132612
14.682605,16.602774,12.183784,17.076606,10.996808,16.093881,14.017448,18.496023,23.835589,17.938899,15.301631
16.810127,11.731748,12.212630,17.140002,16.709119,15.142714,11.981928,15.009360,16.960255,17.778248,16.755563
15.388794,10.891394,17.052963,15.049066,21.646375,21.018760,11.948104,13.224161,19.869232,18.819725,20.071490
16.702145,15.526258,12.968537,14.434645,15.928461,16.606328,14.159897,16.848998,20.673223,17.102386,19.758156
17.596602,12.847899,16.642474,14.973601,16.763766,17.349480,13.180566,15.862404,19.962946,13.634336,15.301858
15.793972,15.601072,10.280737,14.365766,13.862595,11.328697,14.888038,14.468211,19.011752,11.947984,16.159306
15.938257,14.036323,15.032290,13.422643,18.453605,16.034460,17.205961,14.611750,11.321328,12.480704,18.780022
17.703534,8.767610,12.256888,14.447319,15.730765,17.535913,14.935996,14.372457,17.828758,16.071779,13.848748
14.926901,11.899318,8.466755,14.350520,14.527619,15.840102,10.773850,15.788902,16.113817,16.337495,11.930924
14.925596,13.109724,12.483107,14.192803,19.365826,15.881261,8.301009,17.909613,16.103283,18.521833,13.388478
15.866593,16.306339,17.227144,16.400849,19.983945,14.155559,5.941513,15.309880,14.052750,17.892473,12.115187
16.196349,20.180541,16.693344,15.329803,16.987346,16.173174,10.909192,20.810303,16.366385,13.125476,15.750097
18.374479,22.227957,22.308068,15.552733,18.398621,11.808851,14.258538,15.938155,14.938232,17.085832,16.147739
20.872866,22.528696,15.853073,13.855979,14.495394,11.093542,14.826545,16.353696,18.300348,15.399427,18.577944
22.820540,16.328795,15.930832,18.175254,18.361998,15.655598,18.349188,18.421731,21.347650,20.283148,17.552918
19.680232,17.424935,19.540657,22.650784,14.958842,16.764130,14.394235,23.377191,18.355266,18.792158,18.294935
20.159146,18.461383,18.739984,19.508119,13.424208,17.476480,18.502481,23.384903,11.944456,16.047040,21.181359
21.493107,23.886746,17.793805,22.714306,15.061255,15.620718,18.963522,21.788184,15.807114,17.085544,21.242191
17.846498,20.657220,17.047231,21.572911,15.185508,13.787776,22.727202,16.818798,13.824711,17.810910,21.349787
21.109548,21.471028,19.852706,25.534957,13.655527,20.585289,20.220074,19.242414,14.776338,15.025371,16.891269
22.726315,20.661729,20.395079,22.515295,12.726963,24.091629,22.097738,16.844124,17.443411,17.419042,14.981816
16.015387,16.626601,22.663641,18.232576,15.824892,22.192960,23.860101,15.113777,19.833027,17.566363,11.819505
15.073641,16.966997,18.302055,15.551092,17.120634,20.773677,23.402353,17.470001,18.939537,19.298509,11.994428
14.757457,18.682159,16.088908,12.219339,22.072923,20.082075,23.508028,16.515327,20.571303,19.939108,13.212280
10.638384,17.678343,17.376237,16.380639,16.909934,21.296484,24.306508,15.640262,19.699224,16.647506,13.611657
14.410532,15.382127,19.144139,17.628408,15.304576,20.714268,24.042301,17.581182,19.647093,14.469647,15.923316
13.821559,15.533109,14.201351,17.168618,19.521326,16.372636,23.157038,16.554447,18.007394,15.449373,23.593053
18.311737,19.094264,14.287972,20.074771,23.658729,18.937329,20.614736,19.661018,16.652832,15.169698,21.921885
21.145001,21.340205,17.274225,18.670449,26.044513,18.751575,23.520838,21.596184,14.114122,16.936352,28.292948
20.064824,20.043041,16.697527,17.923480,24.640728,19.141316,24.387340,21.242201,20.193141,17.490715,23.613330
15.728226,21.373810,14.457096,20.518299,24.288762,20.153454,22.138463,17.836393,22.576619,19.539272,20.300480
17.956543,23.620071,17.932231,24.110155,19.961775,19.003359,22.497374,19.145967,19.820228,19.537484,19.352374
18.638780,23.646600,17.697455,21.770434,19.535382,20.657852,22.036487,23.403299,20.967507,14.348234,22.066155
19.496701,22.500582,22.459643,22.801094,19.241664,18.583425,19.062470,16.559180,15.060874,17.592037,22.447262
17.745014,20.404247,20.121981,27.201518,20.608279,18.306829,15.985007,16.849298,15.179525,19.660155,18.656952
21.063919,20.942329,18.007222,23.539830,19.426023,17.865245,15.583295,18.141723,18.194324,20.442182,18.736728
19.811501,20.984614,20.977413,23.231010,19.692057,22.321127,17.873033,18.067897,18.782712,20.796631,21.523497
20.764506,21.682141,21.919996,21.217038,21.350845,22.059319,16.553671,15.476933,21.654887,21.812221,19.553648
15.914343,18.499842,22.102611,18.254530,19.373306,22.909282,19.220379,18.892875,19.144846,27.771075,20.524931
22.587151,21.777428,17.893740,21.365389,24.491454,22.430875,19.252426,18.214759,17.266779,23.129365,14.893311
21.245486,21.238692,23.493985,18.419943,22.342689,18.852348,21.027615,21.686383,14.902015,20.696774,16.959630
24.309173,17.997622,19.545211,22.003764,21.473158,19.290252,19.504289,22.707710,12.871042,21.510128,20.613682
24.694319,17.302339,19.354284,22.855917,21.172259,20.017046,19.642440,26.092706,20.690898,19.542221,20.841148
23.915332,18.915979,19.436838,19.829134,18.646543,20.663925,23.795372,21.175280,19.612988,22.106815,19.838819
23.692483,17.213851,21.518168,22.665282,22.127595,22.839022,23.378616,14.128542,22.085991,23.211049,19.970038
22.643878,19.295118,21.072720,22.409784,21.476350,23.367325,20.632627,14.330733,21.800383,23.453465,16.716165
21.324187,18.586208,18.483574,26.971774,23.988914,22.509215,22.560146,16.456056,24.618107,22.572674,14.321945
23.148677,19.986684,19.356970,26.529826,21.269448,21.997863,20.440285,17.332032,20.237591,21.298664,14.300477
24.835494,19.774178,22.183340,23.378660,22.871594,22.594792,25.810814,18.204244,15.910378,23.420176,17.665206
24.097070,17.508566,18.941172,20.883493,23.838458,21.875511,26.836934,19.038202,16.536093,21.556583,21.781810
22.818209,20.254431,17.254593,23.722711,19.552542,21.696961,26.363024,19.137876,15.134078,19.492704,19.728299
24.387238,22.661678,19.829374,24.286989,22.454589,24.259818,24.749906,20.864391,19.113516,20.349196,19.489276
21.802896,22.666141,23.359039,27.831873,27.801250,30.545693,21.285822,21.927847,18.537853,19.551351,21.252182
21.452102,28.625259,19.561434,27.012382,26.271458,22.430366,22.742192,21.563316,18.977327,19.339260,21.702378
23.496223,24.946557,19.899478,25.667282,21.488704,21.939305,26.699726,24.847159,18.791820,17.684578,21.929632
22.040032,22.798620,17.856961,22.301919,21.987041,23.326352,25.614366,22.010051,18.933650,17.756715,19.531233
23.655506,22.382519,16.781204,21.754649,23.149717,19.674761,25.664936,22.274756,19.799105,15.680903,16.333600
22.778090,20.685007,17.537669,23.366185,16.900776,19.444360,25.068841,20.721417,17.007382,19.556788,17.869429
22.338294,22.743979,20.398227,20.750159,18.928153,19.200824,24.519694,21.910843,20.441648,25.189155,20.734089
17.839166,23.255567,16.312530,19.450716,19.862681,16.759500,18.050636,20.577756,16.177513,18.681843,18.243329
20.302838,21.905219,17.585926,22.298685,18.451525,16.065510,15.958277,19.473830,18.884140,19.059684,19.504691
19.155211,22.018592,19.485169,21.704555,15.529303,18.665536,16.966114,18.704924,18.998318,18.874930,19.087547
18.117758,18.964618,20.156632,18.311445,17.857180,21.554407,18.188457,18.165332,18.635699,15.933999,24.585828
13.675598,18.586314,20.476037,17.560707,19.543095,22.788267,20.519073,20.085337,17.896298,17.527320,20.993334
15.026767,21.090059,18.238910,21.715661,13.702616,16.881964,21.906552,20.190825,18.883790,20.467231,19.803352
17.613423,19.815119,22.581092,25.342756,14.250420,18.584670,23.945363,21.240779,22.964420,18.208971,17.898450
11.645537,21.380438,22.467248,24.203662,12.977771,17.675981,17.030600,23.318850,24.162968,22.818381,17.337155
12.102286,23.226961,22.417861,22.446849,14.559649,20.832255,23.185567,21.880793,21.128635,19.108808,22.585818
14.327946,24.104368,19.257394,22.132792,14.019931,23.278852,20.703377,19.332272,22.103039,21.513631,22.777087
18.128082,25.574946,20.765541,22.957694,14.291174,19.244693,20.540430,19.546529,24.235246,18.051161,20.067813
18.041637,22.875670,18.453274,21.306899,13.176656,18.457343,19.462691,17.521749,23.366997,20.054795,21.046921
15.944367,23.737160,17.160240,20.119468,16.860229,19.765953,22.544636,18.621429,20.454697,21.735388,16.581641
21.307791,20.098861,19.890856,21.939543,15.026926,19.040298,21.015907,17.323387,19.460380,21.291007,21.682930
12.837476,21.802310,18.572164,21.694574,13.718296,18.198524,25.151260,20.380669,23.444315,20.914455,18.327231
20.369277,21.732751,16.856243,19.685281,13.888320,20.504825,21.198354,20.961296,24.837645,16.124659,17.270563
18.145652,19.722114,22.542857,14.393041,16.787966,24.180797,21.642050,16.889449,24.424855,15.241266,19.235843
22.120569,20.252352,23.150487,20.130872,20.395993,24.188309,18.594242,19.122253,20.879987,17.389701,21.029615
24.956610,19.847959,22.293986,22.334284,18.112183,22.750202,12.657796,21.308412,19.256870,20.789079,22.519261
18.974163,21.468938,24.774359,21.520908,19.080453,22.184129,13.386990,21.962301,17.387773,20.937169,18.932150
15.729423,20.073925,18.320798,20.275247,19.746771,18.950735,16.658551,20.750068,15.639106,21.214075,17.410610
15.456987,18.264105,18.244338,18.425390,18.509818,19.463448,21.861405,20.181107,16.239092,18.913756,19.843998
12.213038,19.265380,16.148698,21.772493,22.975146,16.628405,20.185208,18.708885,15.556233,15.200989,18.039160
15.777046,20.633017,19.872543,20.097795,20.067618,19.281120,18.719201,21.057991,15.869517,16.382905,19.430247
21.391187,20.554100,15.271329,19.995136,20.775393,19.845776,17.198613,20.385404,18.681032,12.927895,16.830259
21.860275,23.075471,17.994560,17.524399,20.844174,15.501078,20.344443,16.857287,20.207905,12.575886,17.426387
21.498272,18.279478,19.703186,18.418558,19.276826,19.243665,19.841015,20.278884,18.305308,12.133618,17.889702
19.879686,18.279478,20.382302,17.763861,24.246603,17.656626,17.970258,21.756144,20.032686,15.570866,18.311626
18.659340,18.032037,19.448189,22.034398,20.402758,19.696671,21.099304,17.610688,14.933005,17.672621,17.921342
20.738388,18.198863,19.978427,18.457914,21.468252,17.243113,18.062335,23.172197,19.418369,18.666137,17.886080
16.109608,16.550351,17.165901,16.597404,15.428698,16.867731,19.962018,19.221058,22.066265,18.884215,22.429995
24.199005,17.798859,14.665079,15.637217,17.630493,16.142632,23.399223,16.112364,27.452186,18.278326,16.940219
23.733354,20.319997,15.427322,18.437879,18.749049,17.813483,19.248092,18.019343,23.893236,21.618849,19.760229
20.584683,19.652718,20.107165,15.480383,21.040323,20.603606,21.178935,18.099348,21.140819,22.528405,17.497523
19.694550,21.210624,20.241098,17.738447,22.611630,21.183034,19.691411,17.342863,16.638656,23.726918,19.834732
20.953733,18.112476,17.109860,17.557204,20.582742,22.561956,21.564883,14.287143,16.306387,19.709726,22.109513
20.436352,19.600199,18.601301,17.978520,22.574472,21.646388,15.940075,15.838236,18.360225,21.925618,19.416091
22.189548,18.909868,19.854087,18.026185,22.827439,21.538460,22.113177,19.738850,19.418186,18.623334,17.425952
22.561250,18.957020,20.494955,19.602742,18.443435,17.411345,18.904179,18.645584,17.512973,19.112250,13.588180
24.358164,17.148254,20.428700,15.947945,22.103972,19.357186,19.512456,19.606933,15.104865,20.512136,15.147231
21.381137,18.389917,19.958938,17.184562,20.150538,19.914305,20.744037,17.658090,15.603756,19.490680,20.055386
20.593510,16.474980,23.253250,15.567919,21.071084,17.261967,16.842227,14.751667,20.115298,20.868555,19.434921
20.850127,20.214051,24.493666,20.215707,18.467279,18.422413,20.894358,15.979887,19.234758,25.832477,17.849252
19.247658,20.810696,23.663940,20.942060,19.344829,16.893174,23.586240,15.333947,18.058960,22.059565,18.403734
21.638066,18.009757,22.708560,12.120084,19.863582,20.684606,18.394501,14.702541,20.399769,18.121187,16.333815
20.701048,18.284678,20.512792,17.201542,16.453523,19.402041,20.644222,13.603098,23.255401,17.320445,11.544182
19.791129,17.070014,19.177779,19.787266,20.810901,18.787807,20.923835,16.270518,19.710492,18.786547,13.417648
15.330193,13.034968,17.478701,21.520798,17.710196,14.840063,20.480563,17.126098,20.771392,15.444271,18.745509
18.159412,12.802564,21.084960,13.986766,16.253670,14.922633,18.559587,17.061872,19.873667,9.958797,17.319556
17.953817,14.162689,20.465286,15.646606,20.627541,14.146053,21.863548,12.791840,24.252923,11.063494,19.403866
18.698008,14.232377,18.136542,19.094867,18.194609,15.067976,22.815169,13.208649,22.208672,13.540957,21.871477
23.691955,16.601760,14.621024,17.826860,15.596637,13.117441,24.298286,17.373559,18.795605,14.606728,20.001636
24.052730,17.518026,16.739729,16.474443,16.948432,13.807590,20.072265,17.513195,15.895495,13.450356,18.662544
22.075957,16.969202,16.929950,18.081233,16.782154,11.954239,18.247401,18.417249,14.614215,16.673950,18.917311
18.869590,15.405476,15.752584,16.601061,19.051835,15.830111,14.572204,20.150976,14.395199,20.287632,17.355218
19.220131,15.092048,13.911085,18.187648,15.041212,19.519586,13.827851,17.928251,14.759517,19.376451,22.029133
19.389292,16.268813,8.407738,17.299566,17.454017,18.742156,13.161944,18.020764,16.165751,18.744061,22.624926
19.530170,19.565740,8.842844,16.263568,18.181025,18.967264,12.759150,17.473665,17.651774,20.498995,20.403595
18.209745,13.489458,12.873065,17.932312,17.512126,19.099941,15.233490,19.535985,13.391457,22.794030,20.263669
17.474971,15.321137,14.965363,20.096960,15.040864,16.192701,14.511856,17.235963,13.738216,20.771245,19.264183
17.484685,16.798636,15.663430,15.050052,13.700328,16.001762,13.580976,16.630761,12.093621,17.144805,18.245192
20.241306,20.724808,18.468284,11.120435,14.784427,18.298129,13.350705,14.304363,13.776095,16.051459,18.082452
19.858720,15.542410,16.268418,12.492588,17.311932,16.884929,16.952575,18.703192,14.925838,17.536489,19.886599
16.747619,11.434714,20.898096,11.153983,17.749257,11.437028,16.111517,17.675249,16.831132,20.073869,20.061387
16.335884,15.289175,21.398101,14.676121,13.334152,11.444943,12.772719,17.580457,17.370339,19.597945,16.803645
15.494334,17.760230,20.780768,13.787451,13.766413,14.529766,11.705178,20.119300,17.959082,18.775616,17.244639
9.475478,15.965124,16.330930,14.257684,14.526394,14.697487,14.652653,17.308057,15.046972,16.925229,20.643228
12.112028,15.762817,21.246241,14.021216,16.990779,15.080526,14.199789,15.986909,16.412742,16.582961,17.541471
12.202741,21.015900,23.363032,13.575043,16.311523,13.954023,16.032946,23.312611,16.687023,16.235515,19.192469
14.166701,22.160867,20.716971,9.288446,12.475210,14.929802,16.043969,21.324812,16.614010,15.741126,20.220115
18.588146,18.581968,19.240984,10.173557,16.347361,12.219482,14.640828,21.674812,14.966159,15.615996,18.201305
20.940708,13.003250,17.782622,11.857206,9.084689,13.462235,15.991181,14.527395,14.737910,17.130276,20.594270
16.881423,10.201189,17.832133,12.527551,9.155825,14.599001,16.363510,15.642109,17.749393,15.346047,16.815931
20.638338,9.607246,14.567171,17.612436,14.100149,14.951914,18.490474,16.537537,14.913354,16.427794,11.138314
17.377729,7.447193,14.989314,15.492622,15.507955,12.457722,15.837881,14.180718,17.497090,17.248126,6.672217
15.319010,9.854024,15.269247,12.691107,16.796322,11.086228,17.081940,9.315285,16.307746,11.700378,11.970650
15.129369,14.992320,13.803238,11.707581,14.636163,12.381432,16.188720,11.923247,15.335871,14.148989,10.679779
13.871750,13.698583,13.752372,10.034389,16.195305,15.912800,10.807517,10.662620,12.934780,16.402248,15.028009
14.905318,8.854904,15.109681,11.693944,16.614020,13.000032,18.724816,19.218092,13.956005,14.415628,12.610247
17.507287,6.163496,17.363386,13.045926,9.722008,11.626091,16.046946,19.980532,17.249145,10.377292,16.490906
14.912505,9.112250,18.839384,10.999064,11.206118,14.598416,15.000040,18.502249,16.199688,6.843000,19.509393
16.258413,9.816466,10.562262,15.786951,15.987087,14.872923,16.505178,18.065060,20.602867,12.760874,20.622531
18.595975,12.141742,11.712354,18.591850,16.526594,15.240410,13.340418,19.581185,18.439686,10.975986,15.639864
15.675441,15.672829,9.542312,19.044758,17.695290,14.481035,10.568859,17.174016,19.001354,6.706887,13.206635
14.020582,14.215346,15.641054,16.843617,17.094362,9.889283,16.370169,13.751534,19.389902,8.557633,8.956083
14.379766,9.068695,13.063696,15.201355,18.394182,10.711063,15.143970,17.675043,15.123944,9.974305,11.465762
13.888278,9.614817,14.437896,13.432989,16.411189,14.637704,12.239138,12.325882,13.332328,9.455273,9.917767
11.605107,9.484041,13.380210,16.594145,10.911940,8.198618,11.314975,11.293037,16.560186,11.585855,7.818577
13.539061,13.941709,15.800685,10.324092,10.408237,6.893852,10.766630,12.939798,18.714429,12.505951,15.022782
13.539729,12.084295,16.573443,13.773949,11.874424,10.417292,6.631116,10.560494,16.662826,13.157581,13.601322
12.032380,9.271320,14.616405,10.965837,12.975198,8.460538,9.446602,12.320999,14.290341,13.501179,19.719035
12.889614,15.107528,15.967753,11.911641,9.792962,10.799678,9.631577,16.293121,13.493689,13.085826,14.668836
11.367655,14.123827,16.498591,13.140194,8.121555,10.037242,12.742698,17.598183,18.200910,12.794542,14.390399
12.875970,10.856984,16.832998,12.358448,12.017130,12.295374,10.880034,14.468467,15.196224,11.070508,20.900277
12.784174,11.995880,16.921644,13.395913,12.229982,9.437627,15.196724,8.140473,12.672571,10.326477,15.718260
12.534571,12.054304,13.414407,17.875587,11.829917,12.917529,14.550116,12.709267,12.895697,8.701887,14.125803
16.586871,13.860604,11.544865,15.206216,11.273382,15.873029,12.781008,9.533677,10.155552,8.926326,12.825382
19.209411,11.740296,8.275189,16.007890,8.662207,14.179348,12.818551,12.634807,11.263077,5.485496,9.599281
18.073242,11.593778,6.160011,13.476985,12.126282,13.598106,5.880609,7.211261,11.574084,1.111859,8.181534
13.398073,8.744597,6.860513,8.787073,14.729378,12.824207,6.873122,11.368531,10.654409,5.636563,13.765223
12.404003,6.633789,7.150520,7.594059,18.120634,11.113746,7.485131,8.726605,11.955572,9.720993,11.422667
10.789746,9.204007,7.137270,4.358960,16.208809,8.968041,8.506282,8.991005,6.199108,12.668419,15.075032
10.604954,7.668923,6.031948,6.721158,16.089822,9.953212,9.011415,6.786081,10.881857,10.546921,14.573909
8.020757,9.959396,8.168978,10.355439,17.003795,9.355886,7.614472,9.618798,10.366356,10.017429,10.688263
9.423218,10.294144,11.768753,9.958160,20.158555,12.563801,10.634494,11.582569,11.368060,10.460290,15.894414
16.028136,16.434552,12.136807,6.726714,16.762200,12.202064,9.743517,7.397928,9.444933,12.698663,14.862097
12.041856,12.370496,14.240213,10.597104,15.498991,8.494429,12.159839,6.208560,12.726341,15.514485,15.846616
12.570499,11.609960,7.407653,7.390506,14.528264,8.421206,12.132336,4.234104,13.212672,9.535193,13.260945
8.599510,11.083708,7.336955,4.609431,9.251060,12.585759,4.893504,4.300278,6.472823,8.955140,9.047801
11.435822,12.125643,8.399561,1.550574,10.986927,13.638501,6.792675,7.482289,10.794972,7.436621,8.185331
11.522688,5.299060,12.320142,5.417171,11.673180,11.379803,5.387552,6.838917,11.470590,9.732406,14.344698
14.408614,6.829606,10.901082,4.589990,11.000816,8.765645,8.540287,5.969919,10.750531,8.396827,15.279258
7.044845,7.392798,9.592848,4.362605,10.353109,4.834804,10.819837,8.028435,10.206917,9.894952,16.926315
6.786440,9.883533,2.460267,7.969009,12.406931,3.393922,6.040087,6.679194,11.756167,8.646031,12.942746
10.815559,11.898448,6.824035,6.293557,10.360963,7.761966,6.665680,7.493574,8.125238,9.854475,8.195357
4.698878,11.070792,8.557022,8.220963,9.372140,12.084526,4.365799,4.930520,10.062629,14.244481,9.414424
3.169200,11.637957,9.264675,9.282210,7.257398,13.320261,9.176326,12.592826,9.446936,16.832998,7.151481
5.810992,8.228461,5.397318,5.824341,6.200152,10.850136,13.742709,9.851802,7.530362,13.475169,2.990806
9.528354,6.617420,5.391938,8.137216,9.096103,11.384589,12.837326,13.899124,7.552820,13.869577,6.285385
11.498126,6.592494,7.285225,10.686873,11.296091,11.643765,10.632085,9.268355,8.939474,10.957384,2.112597
11.692800,4.791005,11.362848,7.452064,9.981582,13.301908,11.004454,12.019664,12.777688,8.862840,5.085667
9.926127,2.709432,6.322791,7.543810,9.603406,12.538428,7.145205,7.909975,10.753102,12.646572,10.955207
10.093332,8.285377,7.236489,12.394188,10.114723,15.044096,7.899893,8.505151,13.151606,8.587341,7.870893
9.345373,11.811643,5.545642,14.679095,11.029542,8.349338,6.177196,10.478833,11.116617,8.135024,4.269854
5.370568,8.453412,5.543367,13.411646,10.747817,7.611445,7.769921,11.913495,12.552446,7.205134,3.610246
10.635527,8.293749,3.051759,15.197897,12.920932,6.284318,4.653141,11.146660,10.674453,4.402191,3.714327
3.307015,7.395445,3.997225,12.318708,11.328887,8.197891,2.889426,9.106008,13.019168,4.040315,5.115450
5.932145,4.238202,5.754939,13.351528,9.906307,7.165953,6.630431,6.872760,13.026291,8.122295,5.468235
8.173400,6.684885,6.945764,11.433683,8.059976,4.950936,4.251529,7.569794,12.947334,2.378925,3.922216
7.110803,4.240286,8.096953,11.363800,8.493492,7.805136,5.576863,2.585977,9.303665,3.006710,4.756591
10.725571,2.533840,10.649356,9.793794,8.546532,10.088986,6.802934,0.922408,10.423176,5.440255,6.070799
11.366857,4.608460,6.097100,3.868143,10.135182,11.178970,3.123654,3.289582,10.977216,6.726649,2.846703
7.597424,8.839882,10.464257,4.677430,8.793626,8.689224,5.765153,7.783695,7.194648,5.487353,1.693682
6.452894,4.006670,9.990977,3.001371,6.604104,6.691196,-1.677600,5.218375,3.826065,9.113803,4.936154
8.323621,4.575405,8.185544,3.393899,4.263872,7.595609,-1.539337,0.194987,4.852289,11.681620,6.336105
10.297777,9.047097,7.840253,1.811664,9.755610,9.393511,3.099196,-1.235012,7.562051,10.069385,7.919284
9.933591,6.943591,9.226644,6.611819,8.239213,5.909786,9.063279,2.714578,2.388424,8.695572,6.082488
7.068159,8.796131,4.536682,6.082023,5.970932,4.229106,8.271392,6.779900,5.321218,7.812012,-0.836099
2.166171,13.491737,7.721326,5.044715,11.592408,3.473931,9.894954,9.718095,6.938989,9.554077,2.069883
3.523014,12.762533,5.728214,4.054598,13.180966,3.758270,10.026330,8.046974,6.258855,12.074730,1.465026
4.036428,12.604769,1.575420,4.847436,11.116817,5.113240,5.294864,8.636717,10.475202,11.699198,2.354477
6.851260,11.484443,3.998197,5.930512,9.950031,8.169315,7.366406,10.070273,7.481800,4.491003,2.677236
6.133766,11.890911,6.090508,6.793310,7.086652,7.833579,1.323222,9.436337,7.502751,2.970071,5.954277
8.735586,12.471128,7.421437,4.334865,2.840931,7.752728,4.638144,6.907299,7.139139,5.359190,4.501077
9.868461,11.125583,9.655829,1.824006,3.705067,6.589718,5.317677,5.404995,4.736164,7.298917,2.835933
10.973605,11.859141,4.495289,5.333463,7.541421,8.241558,12.354989,5.326750,11.200648,6.882198,1.911489
16.035855,9.781280,5.093260,6.684343,5.324001,10.355155,14.098453,9.518383,10.955878,8.018467,5.668958
14.711077,4.203864,2.980831,5.647964,6.376833,7.034603,9.199928,6.571069,7.274090,8.434953,4.808517
12.315802,4.683477,5.704710,8.027069,7.403699,10.512712,13.379552,6.820716,3.753389,9.711263,8.497267
9.108469,1.138455,2.035540,10.943102,6.508248,8.179191,11.773701,8.446345,3.747898,10.649176,9.192037
7.648370,1.006550,7.944831,5.961696,4.009092,6.761883,10.070035,-0.167160,5.857397,8.351653,8.190126
6.323943,6.225170,3.560603,7.998637,6.946957,5.520319,5.694994,1.099139,3.851663,8.809855,6.248724
6.306555,4.359207,9.847381,8.789344,7.603596,4.610476,6.341392,6.556080,6.681116,8.752580,6.581625
3.693524,5.384477,6.871531,5.608873,9.814678,1.161068,5.353151,6.062454,8.179522,6.340133,5.865331
7.211005,1.980414,6.337916,3.716226,8.384336,0.067940,7.915572,5.207597,7.814657,5.090666,10.481861
7.433867,3.294633,3.935102,1.647999,7.306580,1.946800,11.230743,8.347461,6.567048,3.352673,6.867934
8.109320,4.274684,5.363715,3.969911,7.706504,4.527695,13.196700,6.061829,6.370847,7.462118,6.922462
4.105813,2.950196,6.917829,0.681612,7.945014,5.211221,6.152964,5.464945,7.407177,9.522633,5.443893
4.988834,1.931397,6.882544,-0.067524,-0.288754,-0.522191,2.893847,5.989182,6.628826,9.138954,2.213218
8.331884,2.124802,12.326659,5.374266,2.643083,2.191424,3.084043,8.216677,3.353686,5.495736,2.205414
5.730645,2.875604,8.155680,6.589392,4.428048,4.586743,7.087643,6.068847,0.395856,6.629433,1.275645
8.337549,1.901450,10.984819,8.576663,5.692534,3.895772,6.388530,6.578353,3.666854,5.023690,3.572775
8.979971,-0.443300,7.268080,8.028955,4.146177,4.390384,2.739027,4.865609,4.947210,3.923077,1.342699
6.933406,0.446415,5.534794,8.252056,5.142869,-0.295392,6.768992,4.076286,5.177752,4.177918,9.140216
0.820009,7.918699,8.907049,8.571758,4.514785,3.419377,5.590948,5.913821,8.437228,2.340982,6.207871
2.641351,10.046705,10.371487,10.266087,9.780326,1.553157,5.895870,5.606985,7.884029,0.766131,5.742983
5.674511,6.823788,10.826789,11.051946,8.147864,3.413457,5.259740,10.505270,5.745541,4.483662,6.286908
2.840597,6.765912,8.212352,5.947121,7.553290,8.072255,11.245436,6.083196,3.811665,6.758509,6.170736
0.946429,5.581865,9.377574,5.148663,9.282363,4.842931,5.219739,3.290806,7.308014,6.582138,2.133385
3.921751,10.538415,6.700992,1.751487,11.708795,2.457710,6.034500,5.993106,10.543715,3.233116,1.499656
5.257395,7.267056,5.264747,3.889748,12.617864,4.389276,2.308599,6.311310,11.477299,4.709448,4.988940
3.318180,4.915235,0.042183,-0.596791,6.495895,7.730526,3.818763,3.534650,12.889385,6.325385,6.597274
5.762799,2.409575,-0.378599,0.434917,8.284791,7.507004,4.330027,5.856862,11.660752,4.889587,8.997750
3.495472,-0.190734,-2.791846,4.487522,10.025410,3.335267,4.129881,5.361925,7.844926,7.294899,6.519139
5.950253,0.848194,0.809262,4.908355,8.572505,6.833416,2.552516,4.853017,7.876527,6.326454,3.621246
4.176656,0.122959,2.200299,8.824513,4.754157,6.823218,1.248255,3.256560,8.053860,8.676258,6.769720
7.344415,0.232070,3.770091,8.791494,1.317644,6.163786,0.337746,1.252882,7.053721,4.745275,5.526663
10.720417,-1.487754,5.860677,12.937531,1.272680,4.524392,4.485932,6.421506,5.408377,2.110032,3.343557
6.067358,2.314802,2.718526,10.424200,-4.150734,4.976788,5.236215,6.968254,4.561187,3.470490,4.081333
4.828144,2.698039,7.418052,5.990908,-2.822213,5.228298,1.644080,6.456477,7.319015,4.716839,3.987796
6.527775,3.693884,11.733288,4.349446,-1.642620,5.221559,3.218396,2.578421,6.881873,2.372948,4.807373
6.229455,2.790028,8.085540,7.416363,5.449241,0.660639,2.813058,8.442230,2.836797,1.541561,4.063628
6.243731,5.835957,9.806760,6.948191,6.120383,6.106592,4.788719,8.892614,6.901508,5.639115,6.891665
9.009036,7.226638,8.222343,7.291245,6.040956,4.565657,2.330205,5.230602,4.476788,6.257971,6.501826
10.861883,6.175868,7.453787,7.716513,4.293202,4.524900,-0.780437,5.794340,4.981452,8.236860,8.704384
7.634230,6.444807,3.655216,9.309074,5.250840,5.733194,3.915501,6.857691,6.839295,5.732182,7.536741
7.861098,6.945681,-0.423289,9.598392,7.242385,7.113213,0.110511,10.525680,3.112726,5.734696,11.059301
8.620214,5.431749,3.448368,10.840206,9.577151,5.401499,-0.563664,7.775794,6.578022,3.366115,5.675415
7.938191,5.616318,2.247664,7.700798,7.366718,3.517582,4.979093,6.283290,5.413569,5.112245,5.899696
5.585745,3.954509,3.929382,5.835916,5.321374,5.958172,5.542189,5.082669,2.713109,2.403450,10.217481
5.652624,0.593912,-0.242079,1.415616,3.235304,5.524848,4.808429,11.098288,5.980029,3.200897,10.542051
3.715626,-3.675944,5.195904,0.667073,4.333377,5.308892,2.963693,7.257490,4.683822,3.789995,9.504730
4.757265,-3.344955,3.988499,-0.680693,1.789057,3.829002,3.615059,3.499562,6.258248,-3.017242,7.109258
8.452172,4.257560,3.639780,3.559786,2.504440,4.046041,2.161476,5.373139,4.887262,0.874827,4.830715
8.576149,7.264863,4.464557,6.325971,5.983733,3.649268,4.859205,7.319425,4.847953,5.283456,7.248831
7.997588,8.164505,6.867628,9.007990,8.543415,9.486735,1.345328,4.393337,3.034745,2.872253,7.449915
5.599664,4.300463,6.874868,9.383328,6.457023,9.400098,0.775044,3.915681,0.071551,-3.957554,9.263651
5.966663,1.603919,6.669439,6.912471,4.344162,7.860515,5.080434,2.662217,2.911587,3.857778,10.018190
3.502508,1.376927,-0.766736,7.155888,0.929052,6.587007,4.426610,5.456922,4.335290,1.462627,7.352967
3.546043,1.142597,-2.015935,1.415635,2.733458,4.639141,5.341303,4.551617,4.799290,2.111331,8.899283
4.218653,2.686704,-0.106650,2.577376,8.784468,2.445296,4.286109,4.791935,6.526505,1.916540,6.719207
5.094718,3.196738,2.137212,5.885226,8.393976,6.072099,2.242554,3.054490,4.955515,6.414807,7.332345
5.635929,-1.643984,4.027311,7.867171,5.648615,6.272904,5.807629,5.731205,5.411978,2.243923,5.091351
8.743268,1.722497,-0.551475,6.012561,4.427314,3.069097,7.496958,4.128506,4.400524,2.379137,3.988276
10.153661,1.510266,3.593720,6.731648,2.001163,-0.098584,7.689404,3.206074,2.318445,6.659687,4.939302
9.976671,2.317035,6.013842,5.703960,4.854966,1.974786,1.528474,2.446959,4.174195,3.230670,2.820534
9.866726,4.832471,3.073573,5.004437,4.950542,5.670185,1.900264,5.471939,-1.214013,1.523332,8.059568
5.925109,5.633503,4.004595,9.880099,5.643420,11.701151,3.268973,5.775431,1.496755,3.505591,5.436054
5.921222,9.110301,9.816455,7.172013,7.874662,10.351985,-0.564643,2.753965,2.028693,2.866324,6.043583
7.373289,6.180371,11.335206,4.788693,3.526401,8.250167,-2.812532,4.397517,-1.282036,3.361569,8.817540
8.871101,8.250107,7.143153,7.096031,4.977996,7.980087,3.377241,3.213571,3.710839,7.218202,2.585512
5.357905,7.045114,6.325792,3.016841,6.031205,10.683125,6.144924,0.020236,0.466912,4.909891,2.229933
1.637927,7.953181,12.661370,8.408386,-0.544434,10.666027,5.305393,4.533609,3.963533,2.764621,3.499632
3.880649,10.580449,10.998832,4.209357,6.696721,14.033779,3.858708,9.718297,3.549877,-0.143298,4.048197
4.638019,11.289761,11.948343,5.246151,7.791405,12.275597,3.179235,7.668798,4.205978,0.910954,7.111626
3.413319,6.736832,13.228136,1.013118,5.936206,9.385842,3.997147,10.932706,2.987927,4.902148,9.981232
5.132969,7.129116,11.312566,2.107169,11.620498,7.283511,8.956362,10.678154,6.029397,2.633166,6.972042
4.167234,4.148534,10.766692,3.493977,8.284609,10.342883,6.097453,6.932320,2.528926,5.992927,8.010756
4.230941,4.721708,5.684746,6.087177,9.700784,5.306067,5.846196,1.590983,3.919232,8.103178,4.231192
3.901951,5.953213,4.545535,5.318025,3.705642,1.058127,5.028551,4.157970,4.155155,10.315608,6.327675
4.602951,6.029718,3.626937,8.993452,8.462790,2.265029,9.499881,1.891932,4.766933,11.102678,5.628020
6.158399,6.946302,6.763815,8.451363,13.504175,0.975783,7.359970,-0.389743,4.182042,9.253310,9.424423
2.811698,6.356124,7.237932,8.975879,10.256771,2.263714,8.969143,0.175636,3.527701,7.238245,7.188845
6.509047,7.250613,6.036086,5.149765,5.783408,1.746232,8.834307,4.490362,3.352352,4.168720,10.871718
10.893005,4.721941,7.396096,3.801175,7.643826,3.565716,11.072122,2.283569,8.055460,13.678440,12.108309
6.070073,5.479521,3.615602,3.011185,7.063584,6.688411,7.527656,2.171974,6.944315,9.575690,7.731032
1.361044,7.513675,8.171012,5.287744,6.107141,12.605086,5.548916,2.013963,5.313236,10.237247,5.548966
7.867698,8.526656,5.497321,4.373013,9.054261,11.447736,9.304594,2.059436,7.803689,11.477352,6.967797
5.376816,9.472190,2.534091,7.304908,7.532947,8.166198,7.339542,4.935300,8.444811,6.059769,6.492115
8.443338,6.550483,6.854945,5.750208,9.669659,7.826614,10.616897,4.275536,6.522389,3.437173,6.828528
7.754058,3.408772,3.969450,9.238223,7.311844,11.259855,10.664122,8.398341,7.806771,3.840093,4.986813
1.970841,7.234590,2.982982,7.553583,4.359078,10.381843,9.045202,10.565846,9.879050,3.885155,7.048137
-1.003699,4.831360,0.324632,6.172607,5.858870,9.599386,8.708766,13.305776,7.462707,7.605545,11.685558
3.786190,6.225010,-0.032798,7.548056,4.034080,7.125347,10.388756,8.157445,5.290057,0.993383,11.703774
9.480503,3.718900,4.586160,6.994539,3.870100,5.016995,9.847388,10.303137,6.877372,4.430066,9.610588
5.457777,8.555970,6.697078,7.897628,0.754029,7.631632,13.913411,1.696519,6.427818,6.059933,11.785828
7.274422,3.638881,8.718706,8.333913,6.354648,10.145865,10.346330,5.526457,5.151420,6.299522,6.727383
5.240628,8.368968,11.745955,8.173035,4.351095,10.535187,8.550421,6.491953,1.999053,7.141410,7.077228
9.119208,2.503387,12.043596,7.344425,9.388049,7.013148,3.048649,9.241724,3.539182,9.284687,6.288494
12.572432,0.197610,8.879733,5.330622,11.294663,7.960792,6.895010,5.933082,2.463977,5.737965,1.919178
8.954902,3.427742,9.154364,1.225754,9.704872,9.264805,6.231305,5.912727,5.535654,7.414063,0.752900
6.285045,10.760060,5.810251,-0.561277,12.552976,5.681353,7.004415,7.420099,7.579861,11.259109,-0.253389
5.252773,13.391688,4.219526,0.735663,12.978876,3.438723,10.155499,6.992169,6.276602,8.702949,5.986942
5.019512,10.719706,7.028471,6.989610,9.072880,6.561611,15.641024,6.875767,14.751481,14.366402,6.808762
3.886609,11.905976,10.100055,11.629148,8.460629,6.735837,14.592551,7.733432,7.633435,12.918608,6.459645
6.272087,13.461587,8.433516,9.361365,9.971606,9.194550,14.569394,2.606122,6.476618,12.859783,10.025444
6.906140,13.833160,7.683749,8.076140,8.735077,9.744185,14.126813,6.220610,8.619510,12.543143,10.639678
6.335476,11.003186,7.095087,11.846608,9.292454,6.895907,9.992364,10.485041,10.879823,12.498224,9.871142
9.399348,12.292336,6.827876,11.081002,7.621121,8.472291,9.539426,10.473690,12.060900,13.864712,9.993299
10.608385,8.305316,9.761942,11.882803,9.385328,9.729262,7.239335,7.200700,12.796275,9.871883,9.473517
5.691206,8.752597,9.427956,14.921106,10.066854,7.353018,11.331113,10.219137,12.769163,13.859535,7.316608
5.917621,7.827075,9.022753,11.164595,12.106244,10.156502,13.240457,8.392756,7.003416,13.067929,10.835370
10.607123,10.782165,11.198753,8.140534,11.448369,8.935243,12.683505,12.242700,7.123170,8.423918,10.725934
15.549370,8.368337,9.702288,5.957175,14.469699,6.041731,7.569723,12.076219,3.779521,12.201557,11.436885
12.269133,6.648412,10.049691,8.580407,9.694392,11.620648,8.624194,10.734835,3.230925,14.285046,15.622071
9.677486,5.959870,13.140466,6.352880,9.204326,7.212439,5.519843,12.903580,5.385995,12.498334,14.593167
7.927347,11.406207,11.953473,0.293746,15.081576,4.460320,5.068851,15.106670,5.942652,14.502640,14.435320
10.319967,11.974205,14.918428,4.004693,14.149456,6.686774,9.461982,13.702893,4.772936,8.088794,14.200025
11.187585,10.452488,13.665983,4.384153,14.272836,8.414944,11.010186,12.804954,8.002619,11.096750,18.735761
7.375009,10.291350,10.914393,3.172510,13.914063,11.352610,10.041206,15.753851,5.511743,9.474528,15.452880
9.845513,11.717941,9.646777,3.831219,17.984440,10.528773,9.691092,15.133435,7.149128,10.337743,13.362592
7.109007,12.380093,10.924234,9.083345,19.641511,11.148662,10.951350,11.313255,6.916886,9.877030,12.240056
8.337427,9.864587,6.987138,13.943291,12.609771,11.600292,11.074477,13.045510,9.723802,7.403537,11.133789
10.867385,10.457839,6.869635,14.749139,13.400651,8.986361,12.109161,6.541496,5.432336,10.609780,12.069614
8.712494,11.205759,6.709517,14.773132,11.840747,12.323270,7.221980,8.858291,7.182401,12.309659,8.936671
10.369025,10.294877,7.259783,11.471598,9.753890,12.348743,6.486688,11.404276,11.077409,7.065852,4.201307
10.258614,10.599982,12.270116,8.557286,7.827164,11.224300,7.654195,9.352999,12.190247,8.972815,10.491932
7.107607,10.094316,18.382793,6.314834,10.101479,10.202245,9.282793,8.100709,17.867253,9.268044,10.597423
13.737694,11.381217,15.174335,7.683331,12.895857,12.057162,11.461707,7.411698,11.197816,9.473391,10.327252
9.378393,12.151343,17.879305,4.866607,11.319030,10.759463,13.207764,7.028817,11.171604,9.953292,8.560475
3.523809,15.142412,15.588958,9.178619,11.924822,11.654800,17.695201,8.227014,14.530742,8.544153,11.158483
10.940624,11.193987,13.781946,9.579285,11.896844,12.979940,14.707967,9.101207,15.241149,11.241937,10.289258
11.292525,10.934752,7.227070,9.147726,7.905588,11.136811,14.236624,10.149723,12.908131,12.162346,18.031186
12.021744,12.325229,12.110772,11.911117,9.378881,10.336924,13.921624,12.319106,12.159318,11.475350,13.483952
16.557812,13.309611,14.332371,9.473118,10.465125,9.245871,15.549650,12.035181,15.563230,12.515425,12.731213
17.783638,14.570231,10.879142,9.116436,9.921127,9.928820,11.286909,9.462402,16.467010,12.974262,12.948961
14.774582,14.377975,5.884209,9.388302,9.378148,10.304180,12.206911,11.164477,19.466279,16.427835,12.999715
13.052656,14.580997,6.234148,8.962901,12.751869,11.526632,13.515088,15.936327,17.647539,13.644507,10.902362
11.937399,11.122517,9.017790,5.562886,11.299224,14.036516,12.885283,16.778562,14.170684,18.230609,15.119477
8.612470,16.994410,8.589319,9.007057,13.443178,16.127741,11.566895,14.583568,12.898177,15.252481,15.841793
11.509725,22.248855,15.740269,10.358759,10.829910,12.649234,10.632816,11.672004,12.497902,15.705818,13.367942
8.345359,18.893429,17.895616,10.581224,13.386877,10.831630,16.104567,14.864513,16.442490,12.646730,16.987670
2.953963,11.852117,16.958725,10.297994,13.575393,12.008028,14.512152,9.136746,15.571264,14.124396,10.857015
4.945792,13.309711,16.135268,12.759065,11.717677,8.833339,11.746823,8.965299,15.284344,10.936828,9.441727
8.466204,12.776717,17.193552,12.205073,17.329398,6.135781,13.212493,8.591820,16.682198,10.138118,9.427365
10.178516,11.221677,16.848993,10.311535,18.925883,8.889135,15.764506,12.537715,13.156695,16.132593,10.311930
13.624728,14.433590,13.482622,10.680593,14.810655,13.666293,12.554908,11.399781,12.178143,15.276902,13.345036
13.605119,15.193667,14.272325,15.652138,15.859910,13.227232,16.357906,14.467178,14.085867,15.533983,15.275498
15.240706,15.546431,13.437905,16.105881,14.303480,16.614163,17.054829,20.879499,13.506177,13.277578,15.689627
15.752945,13.930300,15.049205,13.380430,14.316638,14.001244,15.499003,17.050404,11.702945,14.904036,20.648445
16.478544,12.341268,13.705281,14.240056,13.461994,15.519487,16.595165,18.271214,14.420962,15.322327,17.068738
16.903828,7.607007,14.968178,12.529658,16.785258,10.530376,16.516890,12.387719,15.535117,14.841388,12.918817
17.050941,15.431399,16.344289,13.101308,13.062204,12.729614,17.500647,13.647803,11.895263,17.088365,12.748352
14.823023,14.805357,10.987063,12.544247,11.096736,12.386286,21.131480,20.240804,10.333036,16.316593,10.318545
15.126065,11.859307,10.484447,14.689770,16.003932,11.749831,17.828268,18.867190,10.302468,16.670912,13.470851
16.770332,11.768770,10.550100,17.094858,13.109856,9.911265,15.971103,17.422426,12.007477,11.028480,13.032182
17.389354,13.422107,18.386053,17.494987,13.110398,11.620865,16.850216,13.363796,14.177310,14.292494,10.453745
11.018251,17.051171,15.365228,15.229151,12.624589,11.231072,16.860655,15.898662,14.240739,15.869402,10.230132
13.048587,18.732569,14.888433,17.060993,15.928319,13.673361,19.741445,17.427865,14.797941,14.856278,16.414619
13.189278,17.344227,12.581936,14.500766,14.063658,11.961549,20.500781,20.791058,14.924193,19.306761,14.749522
15.590103,15.606126,13.312676,11.660221,15.774802,8.986814,19.264900,17.470992,16.681970,18.521913,13.258975
17.049994,17.461212,17.600834,12.839718,16.409406,11.669459,16.667869,16.746436,20.168253,16.111343,13.258164
22.210183,15.079410,18.991987,13.583301,15.725816,14.084806,17.021518,10.700702,18.440265,13.362369,14.275495
23.075242,15.464599,17.890186,11.910809,14.146814,16.582614,16.071185,13.851260,15.940504,12.631542,15.711256
20.784510,17.570701,14.872712,14.471736,15.265779,18.517546,15.285207,15.590347,15.067886,16.749466,15.597927
17.482896,16.306491,18.371196,16.223872,18.931079,19.245174,12.733002,12.381668,17.108713,17.891130,12.699394
13.451538,16.430705,20.127811,15.610604,16.493097,20.183024,15.144494,12.453764,16.910027,14.284762,18.875754
10.398660,17.329159,13.799956,17.636539,15.146772,17.528856,14.014419,13.815771,17.954727,19.135977,14.591027
13.030483,13.905210,11.832334,16.625587,15.591476,18.968749,20.649479,14.500143,19.174404,19.455935,15.663454
15.490564,16.465268,15.445251,15.565855,15.858155,16.174137,20.485278,15.687275,14.172367,13.182654,21.505471
15.449259,20.017556,18.511004,16.547893,18.542842,18.132325,21.809623,18.121701,15.705049,14.408194,18.714212
16.471839,15.604630,18.815023,14.854514,13.701068,21.544991,18.624079,17.562773,19.235752,18.963547,17.658907
14.247523,15.157119,23.309652,15.198912,13.294156,21.482894,13.567856,18.671620,18.690676,19.031774,16.732428
12.633211,17.996350,19.654987,16.925379,13.629340,20.295228,14.881070,14.817535,18.969807,18.315893,19.930642
16.387888,20.448524,18.188715,15.135099,7.837168,20.493609,20.843637,14.998203,18.675503,15.778376,21.380058
19.618396,19.187197,16.125841,15.772392,11.385852,16.983293,20.796997,20.317126,18.254887,18.018411,19.162973
19.520972,16.178094,19.053704,11.669306,10.685146,18.979724,24.969763,15.475632,16.276523,16.535872,20.712724
18.436868,21.718404,24.604643,17.619661,12.989580,17.473475,21.576084,15.020866,18.493740,17.689324,17.944413
21.752685,20.040235,23.943332,17.148410,13.644808,15.970545,20.882572,15.123797,20.195195,21.124302,19.094155
17.432870,15.824001,24.247847,15.075500,15.142167,15.944855,16.877060,10.431115,13.168945,19.694934,16.665278
19.097353,17.581671,21.415028,17.181162,18.177641,16.810041,17.463367,11.252768,17.519329,18.587845,16.588627
20.725486,17.935523,21.403759,16.074470,17.582131,15.530761,21.055868,10.524004,18.171691,20.860724,15.765765
15.249654,19.380068,20.953369,15.659173,16.887640,16.722098,17.629930,13.486491,22.396690,18.583769,17.271727
15.111787,19.195665,19.598950,18.455345,13.757726,19.211919,19.381903,18.740631,20.277752,23.610124,16.374238
17.286239,17.519128,17.472384,16.314078,12.494947,23.602035,18.701148,20.693650,20.459068,23.065655,12.967082
15.281007,18.981736,19.437542,16.306247,13.602276,21.322024,16.624267,20.393086,18.581279,20.381291,15.759972
17.632029,15.329633,18.549182,21.915378,17.394897,18.620874,20.446478,16.940759,16.303065,18.458519,15.617737
18.606675,17.656982,20.655438,17.367387,19.773082,22.577286,17.158625,19.415156,16.819944,21.611845,15.923550
20.615083,19.218009,23.659515,16.009646,21.558647,20.532086,24.793584,17.766389,15.821352,19.114733,14.789518
12.942811,22.581473,19.986924,21.990749,20.616617,19.683339,24.338130,21.131119,18.540806,22.310126,18.070056
17.672247,18.980323,16.336975,20.029097,20.197393,18.944495,18.421543,20.672056,15.590758,20.875237,15.606658
18.490671,21.087411,17.494763,20.740355,18.264939,19.502997,13.974037,21.217808,12.514828,22.669555,18.643184
19.606637,24.876523,19.305753,19.248222,15.211636,21.432922,14.684665,19.665349,12.058624,23.524117,19.590859
20.659303,20.769298,17.390944,20.110972,16.926847,19.745915,15.927474,19.101340,10.936240,22.928276,23.706392
19.895525,24.576726,18.354624,16.664284,19.108377,23.590263,18.812816,20.283043,15.855342,19.107313,21.096730
19.908504,22.184962,17.499487,17.157445,16.533815,20.817782,23.469597,19.571647,16.854720,17.486274,22.532651
16.330222,19.073920,15.905724,21.497207,15.276541,19.899558,22.331058,19.007329,18.761220,16.638979,23.947081
16.626859,17.665130,16.496827,21.380338,17.489455,19.306576,21.449879,14.260405,19.846705,20.558173,22.194150
15.513159,18.363573,18.390762,18.384248,15.160715,22.703526,20.349966,13.753825,17.566357,22.426196,22.422616
16.649337,20.360759,15.236612,18.916615,16.971917,23.737964,18.558867,14.848941,19.055775,24.382306,23.593924
19.957765,23.151056,17.306931,17.580613,17.893912,24.662517,19.406519,16.707750,22.323582,23.532502,22.241828
19.695751,21.434114,18.751143,18.472323,18.218910,21.464489,20.004211,19.207481,18.455628,21.281481,22.631451
22.047708,23.688805,19.274144,18.708019,18.957351,20.861936,18.596137,23.682850,20.364568,22.485540,21.979119
28.211855,20.029453,25.450786,19.776052,15.766532,18.006171,20.444141,21.483086,19.168267,23.016264,23.955741
28.424315,20.963619,25.993200,20.127521,15.760908,20.289432,18.703913,20.310412,15.389303,24.112848,17.959599
25.307285,20.071294,22.785790,17.724885,18.904671,19.698919,17.343329,18.984276,15.264321,25.949623,16.691849
18.675973,19.540480,19.519853,16.745505,22.502487,21.463439,16.442652,24.200812,15.770882,27.727373,16.368000
16.773895,18.600515,19.203085,16.764409,22.729628,22.919332,12.791387,22.384985,12.872339,25.594464,20.947289
17.837862,16.141297,22.462433,16.874767,21.249758,14.189532,13.708908,23.005560,16.036007,22.810141,22.166901
22.926697,18.056330,20.346668,23.261815,17.334253,18.292451,16.761466,21.763194,19.609637,22.150880,20.069100
19.607544,23.955414,17.439222,19.258644,21.367409,21.475701,20.086287,19.855579,17.697455,18.480272,24.518128
20.402870,16.889906,15.442464,22.226725,24.362773,21.965128,22.645113,19.711436,17.334630,20.284977,20.870519
20.038502,15.671092,16.672753,21.606901,21.920503,19.239642,18.530335,20.739061,18.000446,20.293874,21.462272
22.833998,19.322776,17.883502,21.366450,26.689939,19.400944,15.068310,21.166269,21.444380,20.433581,21.656072
23.759312,16.756532,20.585985,22.137294,23.675490,18.804542,18.287688,24.700875,20.328980,19.734757,19.999091
22.372136,23.487305,22.832054,20.168841,22.728113,17.964459,20.555322,24.289980,16.929943,18.422755,21.965569
20.362368,23.104599,21.328456,17.415217,23.001890,20.749601,22.687994,25.327558,17.951699,19.490132,21.632263
19.905196,24.474072,19.372703,19.990846,22.559502,23.228797,17.968347,24.051549,20.110152,16.962439,21.578678
23.909317,22.469881,16.412882,20.059460,20.627780,23.670989,18.611479,23.169521,17.837470,18.493294,22.475521
20.986076,23.023756,19.532720,21.237651,20.866558,22.888947,19.170419,24.157942,22.350120,20.247602,23.347851
20.373356,19.305966,17.582337,22.236351,28.460689,21.419105,18.062017,23.998077,18.848360,23.336850,24.238906
20.090389,18.196362,19.462604,23.788591,24.050618,18.834613,15.507122,19.083734,20.755831,21.797358,20.705335
17.745772,21.953436,24.596877,24.661518,18.460107,20.250743,23.292782,21.153637,22.654677,20.881410,21.997001
20.923473,22.862374,21.368155,19.302546,17.710114,22.527203,21.667547,17.778513,22.684522,27.391367,22.911556
20.801545,20.796149,21.621839,19.731952,17.189414,19.114033,22.289938,18.547657,22.062867,27.334739,20.368592
20.416692,20.102025,20.744079,21.956404,16.340761,19.837543,26.997827,24.631834,25.022547,28.802137,22.167414
24.116394,22.326325,18.437472,25.492929,24.486905,23.380448,19.514478,19.949776,25.002217,23.383024,21.754272
25.835828,23.171394,19.036319,25.458223,25.226156,22.913150,16.393554,16.192234,18.554787,19.566905,18.691716
24.562873,22.863150,24.037692,19.504539,19.564146,16.902824,16.367688,19.663230,20.673837,21.017720,17.340750
25.158533,21.716663,20.917891,19.517614,22.638834,19.500137,15.387164,23.498486,23.433912,21.442902,12.527453
23.415609,20.536707,20.156361,22.667003,24.730274,18.698664,15.789934,27.171141,23.705687,21.500141,16.819895
20.494515,21.703083,17.416622,22.183474,22.541929,23.438855,20.103983,26.598136,20.818506,23.782245,18.383767
25.729137,29.181511,15.695484,22.988087,20.668843,18.344938,20.608983,21.571687,19.804399,19.629188,18.362351
22.485840,26.158018,18.531565,20.587366,21.752547,19.168694,22.797897,19.923687,21.754943,20.050773,20.262067
22.229108,23.734650,24.523909,26.291455,22.832387,17.198093,22.171713,21.361910,20.035971,21.313105,21.250707
19.951018,19.252277,24.529886,23.247121,24.573869,20.773228,16.464311,21.145989,23.079983,18.913196,20.645867
19.462463,22.558714,23.389288,22.341607,18.332048,20.913744,21.678082,15.384574,19.318815,20.608763,20.357387
20.870117,19.400559,21.893674,19.082707,15.896640,18.593811,19.088173,19.419112,18.208256,24.965868,18.672911
15.661598,19.329731,19.216538,21.733533,18.578588,15.219412,20.725113,22.105597,20.251525,22.756036,21.005992
16.721610,17.419874,19.999220,23.570094,18.058368,19.406301,17.700995,21.760156,21.731687,23.156154,19.960016
12.591378,17.467530,18.405604,24.719258,16.768384,21.688263,19.824576,22.228313,24.492796,19.275643,17.549274
17.126187,17.924447,17.560842,25.289856,16.593010,19.187067,21.055219,23.718247,22.631314,24.900690,19.857893
16.488890,17.383966,17.954275,24.001014,19.177549,19.664015,22.129226,22.292627,20.193513,23.608971,20.986014
17.637835,19.566421,16.431400,25.420855,22.701753,24.628999,20.556132,19.815485,20.923117,19.524060,20.612920
17.430939,17.692158,17.378784,20.881574,16.205694,22.823372,20.386959,17.559609,23.782789,21.246453,19.663482
18.146530,16.696189,20.455331,24.693443,14.540409,24.317434,16.308132,19.724818,21.028999,19.874786,21.469372
23.486495,15.463854,20.775660,22.311605,16.132665,23.206407,19.102360,18.352012,17.518803,16.305449,17.407699
20.922286,19.604774,21.521708,20.730670,13.039592,21.589662,20.986472,19.772752,15.629190,14.981487,16.028789
19.574200,17.150859,23.312598,20.799732,15.269502,21.770550,17.450981,21.887552,19.140386,19.607835,22.094452
22.520951,16.056545,20.892801,22.620867,17.488037,19.457713,19.201223,20.601661,20.220002,19.379502,22.552800
21.960049,17.436321,21.535884,21.022627,20.186596,19.051615,18.292285,18.075856,16.833544,18.629322,25.083724
21.588133,16.323897,18.376099,25.812516,17.267112,17.452223,18.763891,20.354469,16.615376,20.807884,23.438181
17.514731,18.834431,14.616334,23.353916,17.217236,16.515262,17.770761,21.984132,17.181669,19.754392,21.211151
19.467192,19.730618,15.793160,22.059124,17.323327,17.150968,14.197310,22.037292,17.441372,22.866443,20.007410
18.518517,16.224065,18.655749,18.129554,20.462558,15.535024,18.394527,18.547517,17.140743,25.088655,20.437824
19.000978,14.938334,22.868364,20.630718,20.886159,19.660185,17.560241,16.618459,16.922252,21.970943,18.223097
17.451892,16.967556,24.853461,25.053799,20.093988,23.006593,16.909945,18.315093,18.330010,21.967527,21.980522
19.823999,17.701743,21.870378,21.815663,21.815477,25.976133,16.612879,16.594521,24.040683,20.869326,20.015211
24.346292,12.714862,20.253087,16.731190,24.730101,28.301512,15.910568,14.252212,22.270309,22.553664,20.663375
23.842263,14.141444,25.443531,18.348833,22.931550,24.943973,15.893846,18.845953,21.678435,22.737777,19.993642
22.803064,15.721225,20.591778,19.804691,23.500840,20.656983,12.390239,17.480746,18.615380,22.656399,21.980538
17.693228,16.538280,16.613558,21.383866,20.230255,23.338423,14.616642,19.160496,19.394286,20.135735,17.557758
16.776462,20.083301,18.137375,18.998121,20.148178,21.970540,16.708490,16.903362,20.221648,21.309917,19.104702
15.531429,17.015942,21.024901,20.786681,21.864399,23.048282,16.979271,17.541283,18.086179,21.497594,18.880047
19.133876,19.083879,23.031231,22.141644,20.235577,24.436391,16.472210,19.088516,18.155068,17.345194,20.628030
22.707477,23.698401,25.913070,22.980812,22.986168,23.118047,13.414095,19.942016,21.377014,12.790675,20.489021
26.045801,18.940085,25.084392,22.838421,17.044504,19.164659,16.870951,18.371933,22.852957,15.394648,18.342277
23.506853,17.580401,23.542596,22.756313,19.754657,19.787238,18.294141,21.829979,22.487322,15.435953,18.984447
22.418898,19.220785,20.154371,22.854649,20.416060,14.705556,20.897352,18.310565,23.982633,19.570314,21.801997
18.273292,15.560251,20.205602,16.633623,14.770070,20.289731,17.804141,11.242171,23.821601,18.850855,17.468374
13.594459,16.300687,19.904203,16.185219,16.019307,22.418597,19.595294,16.914561,23.877772,19.474525,21.980632
16.428610,19.766728,21.049571,18.015841,16.746864,20.182112,22.467968,14.550527,24.351390,15.369533,23.150414
12.358868,22.608616,16.963131,15.635670,15.066532,21.474672,23.879639,19.510164,23.371256,13.773904,22.742004
15.256548,17.938715,17.850702,15.780680,14.033356,17.603579,24.707020,19.159900,19.424328,13.558386,19.090501
15.636684,15.977651,17.268741,19.020630,16.324464,20.257456,19.566302,19.849910,22.430143,10.994044,18.168133
16.238995,19.093131,22.402119,18.392963,15.179705,18.043569,19.063035,20.810051,21.939658,12.337435,12.930775
17.787427,19.442159,18.414506,17.079433,18.303942,16.541360,19.668041,16.293291,19.037079,15.813760,12.431134
18.104475,22.208967,18.957233,10.487469,18.346378,14.965756,19.766313,13.269646,18.547317,23.414529,11.911196
12.408735,20.866562,18.327283,13.758223,18.198108,21.584152,16.949319,17.166370,18.306514,21.820116,14.654002
12.946131,14.456598,16.642287,13.817630,14.111952,21.351434,12.803396,17.295790,20.873152,20.004875,17.427279
12.757580,15.968002,19.878020,12.722408,13.888336,20.885226,21.225583,15.919172,24.810319,16.749877,16.005818
15.135775,18.848113,20.595158,13.984730,16.851994,14.569218,21.317096,19.263993,22.551420,16.296178,18.440010
13.423550,16.457706,16.386375,14.430507,13.362179,14.522157,21.162605,17.026495,21.411855,18.997552,19.189538
12.413400,18.976526,18.519642,21.020232,17.666141,13.586244,18.969268,19.291542,18.387941,18.189960,15.538268
16.927246,14.179178,15.517396,21.516071,19.094375,13.014643,16.319442,19.230696,17.908417,20.513651,15.902972
19.846935,18.239879,16.255645,22.404314,17.812119,12.582136,16.156286,19.877898,17.129361,21.463371,16.059684
17.049444,21.192433,15.800126,14.458782,14.992113,13.490412,15.625921,20.565235,17.456851,21.013316,21.814275
19.484979,20.313284,16.851685,16.501147,12.875806,13.541413,17.305525,21.370512,16.732934,22.105377,19.316075
15.884740,19.165824,23.067873,19.363041,13.212834,17.109137,16.066065,23.000518,14.100993,20.136236,17.206451
15.487114,11.500244,23.681238,19.492125,15.810723,16.127721,16.146030,25.150419,12.670964,20.296790,15.305463
17.059785,15.520200,21.871959,21.056998,17.760825,21.214030,17.370879,16.613834,18.632522,15.437588,16.303062
12.931814,16.101937,17.059463,19.050246,17.380482,19.103245,16.554196,14.094733,20.986379,15.301973,18.253326
10.632522,18.580561,15.623210,19.689489,15.363354,12.800192,16.184154,17.306386,19.070269,9.782029,17.312642
15.712164,16.706339,14.943901,19.766414,15.667439,14.867266,11.052466,15.356931,20.363262,12.858491,15.158733
12.686492,13.986015,14.147437,19.746170,17.285249,9.606674,14.674419,12.576360,18.224087,13.062634,17.319211
13.884915,9.419827,12.799349,19.748410,17.019909,15.490377,15.547295,13.323367,17.953401,17.192760,15.293385
17.105970,9.558013,12.175470,10.217347,10.445362,15.314026,13.639763,17.522968,15.748218,13.449572,21.472723
15.703570,12.202637,12.373716,10.525229,12.769771,16.878843,19.932377,18.102841,14.048767,15.038900,16.358110
15.986166,15.773647,12.250559,15.272827,12.252554,16.522929,18.172145,17.164929,17.464962,16.783933,15.413121
14.424512,16.374780,12.261554,15.905325,13.410489,13.692119,20.081063,17.584133,15.731358,17.053045,16.127684
16.113265,17.779736,12.834131,13.545702,9.473266,13.943363,15.418779,13.169641,14.893574,17.161583,16.722492
15.370837,17.648810,15.029740,11.085123,8.938528,11.743137,13.082079,14.161099,10.486200,18.143629,10.453225
18.714348,19.811322,16.711932,11.757331,11.577450,13.304989,11.767178,12.633388,13.019298,17.130779,12.261780
16.455892,16.919576,17.560132,15.601043,12.066832,9.475156,12.586002,9.048360,15.456170,14.611696,16.464899
16.223539,16.948364,18.063264,19.534386,13.643258,18.097651,11.558950,8.927753,17.094986,14.512647,14.970376
17.391672,19.188806,13.565529,17.364376,19.058642,18.859991,11.172878,16.140907,16.103326,12.125565,13.622920
21.210610,17.209117,17.109821,15.577906,17.717055,17.998582,13.227878,14.470582,19.275688,15.271025,13.118898
22.679710,15.697195,13.265919,16.209315,15.485856,14.852628,12.663069,12.916565,16.123774,15.303856,13.029806
20.470656,18.048950,10.196902,9.571394,14.313872,14.189979,13.508454,10.785651,14.578768,13.896903,13.592912
20.715772,16.409847,10.744465,9.087050,13.216774,16.843601,17.408411,11.451180,13.853671,13.738092,16.787487
16.327613,11.536180,9.248959,11.393381,14.590916,18.035630,15.317880,9.718228,17.284788,10.922261,13.466905
13.722308,10.170789,11.911899,13.875913,10.288163,15.781855,13.399788,15.586224,16.028771,13.066259,11.937714
8.492054,14.218353,13.231723,18.231516,13.792271,16.218310,11.561974,14.454163,14.796465,15.483496,12.781325
9.908129,18.186476,11.910189,13.127226,11.562560,14.558982,9.929759,12.768607,18.400359,14.177808,12.476420
11.442506,15.434791,13.398417,13.477120,11.882898,12.731831,13.338204,15.823319,11.719702,14.302109,14.026809
8.406321,16.743579,14.161979,12.587119,10.432167,12.256055,11.060569,12.699149,16.229315,9.494830,14.404940
10.631488,14.348019,14.504108,12.921770,10.750738,10.279126,7.316985,11.070468,12.520630,9.265495,12.946297
9.616185,10.631765,13.094088,10.400296,11.455208,17.037785,8.265264,11.779243,10.170488,9.530030,12.038553
11.943777,8.893465,11.612199,10.367647,8.126243,15.327903,11.561741,12.013857,11.177354,11.993793,14.499811
15.451045,11.544234,12.250709,13.231242,8.779490,15.016931,12.221948,10.309245,15.494521,13.088384,8.888300
18.952678,12.083494,13.807179,14.775404,7.893814,19.221389,13.950772,16.158825,13.605353,14.657509,12.703742
18.341466,9.972213,12.161360,13.807276,12.013408,19.452589,13.139273,9.998540,6.900899,15.692932,11.831767
15.416968,9.881021,10.487745,12.908077,15.048543,13.575492,13.758691,14.253958,8.499813,12.501978,10.348473
17.273068,12.463670,13.672561,11.532599,14.261557,14.754285,13.740600,11.266036,13.100607,11.786527,10.267816
12.838795,11.877088,11.345713,14.491884,16.997400,16.687102,10.707245,17.122074,13.321412,14.269049,12.320506
12.268901,14.483602,13.040768,14.267872,14.815097,17.972514,13.765979,18.465850,9.309003,15.854127,12.037477
14.517560,14.231026,16.036613,16.494824,14.526279,17.506171,9.014870,13.184542,9.329302,10.688561,11.901939
11.873353,12.795065,13.526462,9.683425,16.778831,14.455043,7.612702,13.549622,10.059674,12.549771,8.428288
12.434589,14.262464,11.940615,10.482828,17.176033,14.068406,9.361105,11.531103,9.402681,12.940419,13.874204
9.672182,12.549801,10.564644,10.091680,12.555712,13.283157,10.173796,15.062036,8.718024,7.985331,12.190664
7.820724,11.882255,12.487889,7.820891,11.020858,13.459285,11.501177,8.634010,7.675858,9.473888,10.376947
12.145063,13.116786,11.604601,11.754397,14.365222,14.964839,13.211062,10.239501,5.753286,9.793648,9.535088
13.183003,9.836236,11.215459,9.032012,11.193808,12.467450,14.121007,6.963093,8.436889,10.267682,6.430789
11.613272,8.038348,8.585198,7.796290,9.698017,13.066749,12.898946,7.116106,12.852544,11.004764,5.823424
13.123045,8.249742,9.335988,9.063196,8.804497,10.386736,10.364534,9.606954,15.378179,9.960815,6.350965
9.158042,0.572109,10.938309,9.647594,15.243084,8.704740,8.830219,6.270203,14.263727,7.681487,9.647094
9.211429,1.535373,14.508613,7.522807,14.336875,11.653300,4.486968,7.605461,11.260322,6.102601,9.960717
7.353810,4.728944,13.397717,9.414986,9.443495,10.003836,9.014803,13.509226,9.312862,7.664492,8.637385
8.607760,9.520587,7.848392,9.769131,10.790946,11.442974,11.506198,14.875090,4.742349,10.178791,10.678259
10.069780,10.182905,10.781442,10.423437,5.850012,8.060455,13.265089,11.101916,3.599749,7.736915,11.650006
11.001020,8.985679,7.674047,6.304866,12.425084,9.140484,12.131615,13.132498,1.930861,11.247470,9.064084
12.344104,11.172792,8.194965,11.106793,8.329372,9.204002,11.480340,12.153994,4.744682,10.900977,8.167405
12.596968,7.764993,4.800161,7.824286,6.445687,5.682249,10.602191,8.230663,5.478110,11.738952,11.979212
11.400577,7.700883,6.792762,11.245866,7.352404,5.298363,11.761146,7.415692,6.175867,8.348385,8.669526
12.794065,9.634287,5.140758,10.576127,13.000334,10.882196,11.799922,9.584172,6.493780,9.471770,10.732473
12.482162,10.843009,5.564912,8.733112,10.285805,9.011047,7.789225,11.259223,7.661964,4.383751,7.317949
14.245821,11.777097,4.688708,7.397846,6.686514,10.269402,8.198208,7.169359,9.996362,8.059909,8.850358
11.214148,10.876210,3.654829,7.053724,5.021882,8.567830,11.777938,6.843907,11.189674,4.884813,8.677770
9.181188,9.762506,4.075722,6.404938,7.433128,6.058853,11.547469,5.167350,10.116264,7.557490,10.808929
9.401767,10.534966,4.462831,6.579240,7.575243,3.521144,9.980985,4.514951,15.299183,7.059937,6.125554
13.549335,14.140202,5.855476,7.887588,6.839804,5.953659,7.925246,7.218658,8.771640,6.257803,5.161904
11.961001,14.820038,2.266533,10.351476,8.430405,9.554014,8.436151,0.729174,7.756078,8.250425,7.121581
10.092511,12.271817,5.323818,8.030339,6.928154,6.021595,8.808878,3.424824,8.093270,7.674587,4.877130
11.155774,8.950735,3.240117,6.505081,6.163029,6.225283,9.565141,3.093549,12.443628,9.532648,5.891590
14.740985,8.680389,4.526966,8.723445,8.896749,6.378077,6.282628,8.756578,10.499404,13.093628,10.039048
8.102249,5.295194,4.679811,10.983931,6.150646,6.260598,7.048952,5.773230,5.369057,8.834182,6.653478
6.756430,4.256448,3.063786,14.152198,7.028179,3.956843,8.602675,4.740832,11.289923,7.831948,10.870762
3.003933,4.649968,3.221362,13.612147,4.698520,0.827664,6.783825,1.338782,11.071604,10.232819,7.904035
5.485764,3.337218,2.255821,12.101877,1.053966,7.229481,2.688356,5.682134,8.338300,10.147236,7.419567
3.310610,7.622604,2.736818,10.370540,5.485368,4.259490,4.438124,3.545152,6.503522,10.638591,12.209333
3.286825,8.987333,8.626760,7.946708,9.141522,5.678774,7.231769,3.052723,6.490516,2.671730,10.467251
6.016973,7.956787,10.653003,9.699527,11.070190,10.178590,7.509055,0.186115,7.048835,3.195970,13.519635
6.284937,11.125459,13.071352,14.328517,8.974506,5.736472,6.853305,0.465300,6.091354,4.152641,10.604196
7.722384,8.402900,9.176701,7.307519,5.830118,6.503335,8.892923,3.136361,9.315786,5.716891,8.049468
7.769290,10.061129,6.465007,7.869480,4.664807,5.678138,6.903815,0.788430,6.040348,11.168669,5.778303
10.179941,8.292819,6.331256,8.449527,8.385924,3.232110,8.457700,7.203044,8.307816,9.531004,7.896562
6.362537,9.636115,9.811657,9.057769,9.581816,2.295022,8.718177,7.480000,7.894446,9.255232,5.729806
2.151427,7.648292,6.648107,7.609736,10.219774,4.340177,11.378313,4.432479,5.382725,9.110850,0.491795
0.799442,3.099025,6.458601,5.663554,9.515735,4.667805,10.407267,10.634902,3.166832,11.160125,-1.912487
3.149042,0.748534,7.996472,5.923471,9.234319,7.557349,6.337408,7.637482,2.713853,7.952325,-0.739101
3.470271,5.139257,7.636352,7.408094,9.944458,10.362946,6.952648,9.992769,2.162094,6.140480,2.476417
4.347631,3.434061,9.400099,8.441863,12.349529,11.742040,5.899846,13.114896,1.260442,4.911548,4.825786
3.246406,6.511751,4.667692,8.133511,11.904365,12.120668,8.523889,13.657066,2.856362,3.463025,3.698663
3.143074,9.193321,4.063407,8.582691,10.804478,12.298662,3.597908,7.934244,5.645154,6.803943,-0.549377
2.086684,3.102995,4.070216,6.928658,7.306711,9.345590,5.061475,6.087451,5.231934,3.642753,2.430673
3.088296,-0.293367,4.497459,5.160535,4.700047,8.947868,1.578371,4.313010,5.633404,6.971146,-1.774810
2.371501,0.478498,6.638153,8.886426,4.882507,13.327964,2.749004,4.853776,4.612498,5.682162,0.539247
1.052489,-0.036797,6.803952,8.723149,6.848548,6.074799,1.025859,5.248172,5.302823,2.138124,-0.223747
1.690764,1.742640,7.166378,10.152137,3.738596,3.001500,-0.090074,5.074366,2.841382,4.335260,3.522445
1.022525,0.628017,6.632704,11.113171,1.026417,5.373468,-2.024228,6.739348,4.930168,3.533648,8.556291
1.583120,-0.368104,6.185627,7.810746,1.252494,4.168522,2.048493,6.091410,8.758975,6.521071,9.238786
2.606094,-0.246672,5.908088,9.029002,2.326831,2.908922,4.293351,4.776564,5.826216,5.471110,7.312159
0.118013,0.591618,2.473603,6.271570,3.785650,5.536981,1.138176,2.488727,6.951903,5.121849,7.074589
1.171843,4.042601,3.694784,5.194717,4.457981,7.824896,1.633489,6.253992,4.618452,-0.286027,9.074853
2.165339,5.239550,4.772659,-1.120555,2.684266,5.412443,3.121187,7.490043,2.329846,1.242434,9.164823
5.609116,6.201122,3.911931,1.541202,-1.171641,6.645025,7.141881,5.814081,2.133796,3.555731,7.583656
6.310773,2.172344,0.222704,2.063660,-0.109845,2.366784,6.169739,6.456537,4.020206,5.518949,3.709258
4.217678,4.216509,-0.375565,6.625458,3.351576,0.564541,6.787774,6.842576,4.457177,7.046752,6.678470
4.697278,4.778136,3.385240,4.107828,1.588844,5.648233,5.820966,6.845909,6.290084,9.009926,6.668513
6.460978,1.107076,3.924994,5.270298,3.474500,8.364478,3.033861,7.848258,3.412419,7.411274,4.085386
6.470320,2.771411,5.992498,6.381102,3.166467,7.523903,2.226417,6.339733,3.625536,6.651577,1.887888
7.723524,4.308913,10.489953,7.566620,5.845734,4.289198,1.235458,5.225588,6.044562,6.493528,1.992560
6.184115,4.253091,7.399394,4.647064,5.175838,6.002958,5.115681,11.109728,1.404401,6.026952,-0.775000
5.969277,4.953004,6.767391,5.865532,5.056790,7.961208,3.812955,11.884744,6.142285,3.884543,7.102482
5.433652,6.090295,5.777815,0.464489,6.090145,4.331524,1.174386,12.213330,3.655637,5.671802,5.053194
5.610461,1.962306,5.245008,5.743612,4.087695,5.591773,4.991568,8.675201,1.449779,6.490877,5.527699
1.044133,7.796115,-0.045423,7.359925,7.104051,5.870690,3.711335,5.294351,5.769803,6.849547,6.740050
0.477895,7.949050,5.149793,8.971559,1.530730,4.867200,5.169884,0.605707,3.167349,5.088539,5.194189
-3.365233,9.208716,3.211911,4.368985,4.507460,5.703825,4.235305,4.493468,1.497331,1.919930,5.846276
-0.687647,4.524089,2.380876,4.938935,3.386277,2.138736,1.656264,1.677651,5.940405,5.069313,7.110681
0.860613,6.699559,2.679668,0.057060,1.689173,1.410855,-1.045126,6.214920,9.031886,2.310684,1.668559
0.106157,3.447347,7.006891,2.178978,2.790960,5.566112,-2.661462,6.999887,7.501800,1.657793,2.319576
2.144043,3.821011,3.137960,7.501652,0.726983,0.853680,-0.033347,5.757224,6.690192,4.892534,3.186783
-0.420565,4.278023,1.809986,4.605376,3.745748,1.607953,0.298657,3.855668,2.374627,2.648047,7.089774
1.303073,4.683599,5.030364,4.135213,4.626629,2.166126,0.923978,4.827212,0.055828,5.208310,5.523609
7.353173,4.996954,3.180672,4.112161,4.651306,0.160555,0.818162,7.210380,0.515742,5.533706,6.401335
5.040775,7.456701,5.960652,7.772189,8.830925,5.046588,-2.621795,10.598929,2.112233,3.434263,5.161886
10.247993,5.264232,2.528350,2.501081,7.200377,4.564272,0.373712,7.956878,-4.029907,2.671134,5.070673
10.790170,2.228618,10.031352,4.997882,1.769257,3.381423,0.134653,4.372286,1.953351,7.589285,6.464899
6.584861,0.890873,6.726150,2.316273,4.791198,4.565980,-0.096660,5.095194,-3.532357,5.167121,6.224187
4.655085,3.762792,7.837721,5.180824,2.636649,4.666396,-0.321328,4.016880,0.899256,4.535430,2.611447
4.388354,3.187257,7.631365,6.199966,0.239338,1.756809,1.252519,3.631877,2.741933,8.480141,0.616506
8.773983,-0.763832,2.606212,3.235812,0.794032,2.837210,2.957780,4.378910,6.243962,6.897877,2.296598
8.998763,-0.423626,5.684629,2.794635,1.771832,3.010222,1.079955,5.642114,9.569907,6.081325,2.374431
9.829594,0.497684,5.033221,2.349424,-0.111657,4.861884,0.854789,0.985814,5.071522,4.906505,4.314765
7.282984,1.232000,5.798260,5.698665,2.608366,3.616898,2.823574,2.520549,6.676400,6.683007,2.445857
8.862541,0.299092,7.417204,4.884547,4.377228,4.437030,5.498895,6.915846,4.246335,4.203405,5.929138
7.260701,2.481261,5.125336,4.996853,3.702866,5.538260,5.983804,1.742598,3.915945,4.379975,4.680334
8.064635,7.240167,5.040461,2.427395,2.373127,4.797070,2.556751,4.975811,0.739595,5.328808,5.987873
7.349832,1.989374,3.337315,3.278861,4.829727,3.422308,7.523400,3.179422,0.533975,2.848498,4.527631
1.342694,1.737356,4.365378,2.507336,2.847924,5.879733,6.134825,1.701811,4.184611,7.879986,4.598627
-0.691301,3.237326,1.437365,6.115786,2.674859,6.251263,8.968696,2.649180,10.204963,6.075931,3.892991
-3.980655,6.877753,0.604339,6.556219,3.663315,4.844935,7.985905,-1.034671,11.385121,2.897783,3.058906
-3.580072,3.902394,1.968515,4.516686,5.691791,3.889427,7.054873,3.104298,6.175153,3.726204,1.167562
0.058304,3.392563,1.905382,5.040301,6.983951,1.151486,4.090624,4.129600,-1.783759,-0.022849,4.086508
4.151109,5.681403,4.887877,7.014469,8.765694,2.262739,5.293907,3.277513,2.952188,2.271399,3.490120
8.925495,6.665827,3.316110,0.273009,6.193940,4.690686,1.795236,0.114261,2.572031,4.154884,3.844155
10.918196,6.934791,5.222940,-2.941686,4.318266,4.589605,3.906606,6.317313,1.015752,2.792773,5.128888
9.138880,1.688151,4.078187,-3.531850,1.872472,3.017276,9.155788,7.337439,3.062103,6.379421,3.322416
5.234901,1.977925,6.179984,-0.877608,3.138095,1.171391,6.590900,4.545450,5.515260,2.963398,3.260261
7.132174,2.985346,3.540755,0.408409,1.079768,3.885629,4.841445,2.793455,5.447231,4.186440,6.768897
3.613904,1.460491,2.273858,4.431041,4.226691,3.663175,4.682108,1.652755,5.997677,4.293272,1.972190
9.632398,1.959246,5.676183,3.902599,-0.093123,1.068185,4.828609,3.962290,8.546933,4.665202,0.491718
5.735751,2.990692,2.779769,3.778190,3.116667,1.666143,5.943617,1.499316,10.778130,10.673218,2.817215
2.380330,2.408007,2.459169,3.240716,-1.195796,2.518014,9.342378,3.274507,8.152966,7.983819,1.715150
4.561816,3.434181,2.273606,6.724166,1.729331,5.270885,6.931020,4.693979,5.632221,10.594058,3.797361
5.777043,4.257800,5.062254,7.409246,1.022722,7.580310,9.264018,5.259354,7.173279,7.203990,2.016895
7.792456,4.188531,2.068607,9.812034,-0.239694,5.837719,3.353379,9.196184,9.142596,5.956206,3.243484
10.420929,2.986480,7.113319,7.862995,2.656032,1.294736,4.392843,6.752829,5.258735,9.894279,3.562828
5.254191,3.646866,7.788238,7.433565,1.542409,-0.203325,7.232577,3.329912,9.171406,7.979677,2.909137
5.173231,7.115763,6.413277,12.149605,4.482084,2.804193,6.657782,4.820301,10.649256,4.925727,5.388046
1.887298,5.796750,6.587614,9.176832,-1.372257,2.824622,5.940649,7.270386,3.828213,2.739246,6.905609
4.718624,-0.385594,9.980745,11.144410,-0.123942,7.121400,8.628254,5.422322,4.815323,-0.250203,8.443336
4.567548,2.433839,8.551871,8.482663,2.601689,7.678547,10.133137,4.431201,5.707125,2.821346,7.749668
4.060838,2.995022,9.127866,11.191348,-0.084496,9.510565,11.626551,6.033006,7.616336,4.623995,4.313513
6.037443,9.320641,10.613659,12.560350,3.413447,8.723760,9.600978,5.736874,3.299066,2.965688,5.089248
9.404108,13.178078,11.414381,6.535254,5.146435,9.104805,7.850658,3.309705,3.718106,5.654777,3.726073
4.310154,7.911089,6.747851,6.219628,1.499822,9.080780,8.085516,3.549994,2.971632,8.871818,6.943398
1.957962,5.211267,3.848799,5.830425,5.902048,12.586750,8.004052,5.366252,2.288965,12.297143,5.092490
6.082529,4.816124,2.363102,3.251542,7.508418,9.784129,6.196562,5.127331,2.959503,9.668310,8.166863
6.890384,6.226591,9.944578,8.185512,2.217603,8.920375,7.418891,7.692043,5.557994,9.223163,3.450009
8.694825,6.588177,9.544639,8.335002,2.253943,6.904018,6.605183,8.389874,7.293256,6.918305,3.774575
6.195974,5.677294,8.888135,5.486967,1.365483,7.962737,4.271679,7.442568,1.199637,5.546923,6.642533
5.710687,8.162200,3.549482,7.001843,-0.294043,6.104810,8.376759,5.017985,2.006984,5.606064,6.309164
7.550075,2.936824,5.051068,3.406775,1.202887,7.331181,9.211472,7.393384,0.079265,7.770309,9.370404
6.547076,2.156259,0.964976,7.673962,5.501406,12.358377,11.188233,6.236040,3.164617,6.509698,10.169543
6.222832,3.015967,4.642114,8.714857,1.643059,9.367970,7.202403,4.127781,5.888223,3.962612,9.885318
6.803174,6.589048,4.423837,7.367583,5.487400,11.640437,5.268059,4.801404,9.401068,7.032045,8.970341
10.742975,10.024573,4.182986,3.587640,7.263025,7.915970,6.255585,3.776664,7.392252,8.370362,9.754586
9.114256,6.001702,5.666318,4.163457,5.958993,7.795023,7.216234,0.119729,5.754329,11.638082,10.547684
10.317529,7.411038,6.763462,1.357252,6.624599,9.185558,2.947861,7.538165,3.262693,11.974518,10.752347
12.583284,7.820521,7.463588,4.575855,9.289863,12.003547,3.111173,7.725041,3.727190,9.778596,12.088656
7.724068,7.767762,9.073394,4.896547,9.877290,9.892188,5.881033,4.923169,4.659934,5.885360,14.996863
8.887072,5.835818,6.548045,8.984160,3.117725,7.393964,7.970099,2.645250,4.232939,3.589497,12.104666
8.723991,6.385527,11.356832,6.205824,0.018062,10.041536,8.915862,5.722364,8.606057,7.380372,11.888088
5.405806,5.696925,8.458091,7.864901,2.367442,11.173834,9.177577,7.274265,7.553458,3.744497,11.767507
4.225678,5.951667,8.466218,11.268016,5.787740,9.418939,8.663012,6.260991,8.360873,6.487604,10.993957
9.033276,10.346071,7.314820,6.928539,3.433149,13.161793,7.057959,8.412518,9.459793,10.025716,9.035038
10.400711,15.164864,11.039701,3.926497,6.769427,11.844247,6.689646,5.702136,8.689387,8.327290,9.143187
10.080371,13.615555,7.545437,7.098941,11.657788,11.723392,6.206241,8.993023,5.938969,8.991216,4.885676
12.094270,12.626337,8.650377,9.465795,6.098432,14.101964,7.810031,10.043251,9.732524,9.597315,2.947409
13.735937,7.363202,9.729846,7.750228,6.695661,14.459436,9.804415,10.115330,7.711176,7.898588,7.276651
9.961420,9.729320,8.712758,6.200086,6.293728,16.682492,11.905365,5.116471,11.608235,11.169979,5.551416
12.732471,14.274632,7.812741,6.058870,3.961598,15.763998,10.231927,6.518479,8.710585,12.741006,6.790727
12.559146,12.429589,6.899885,5.753712,6.427613,14.743568,14.776128,9.482365,8.233817,12.468537,9.937320
11.481959,11.976295,5.461170,10.442270,6.020043,15.633826,11.263574,10.332465,12.366338,17.364958,7.778613
10.716889,8.283841,6.075309,8.566160,4.110588,9.492117,11.540046,13.109766,13.262433,17.315716,7.045167
11.197989,7.800004,7.181064,6.761129,5.128781,10.030362,4.763170,12.652263,12.902561,14.927820,8.577455
11.694515,7.054392,7.002141,7.172411,4.443322,1.623495,6.412827,12.722251,11.372324,12.978025,5.542454
12.143986,8.127505,7.690488,5.091327,9.341827,3.739140,6.316083,12.286933,15.078289,12.969053,7.993305
11.658502,4.061155,9.988006,2.256990,7.875553,7.056307,7.147658,12.443048,10.079834,10.574365,8.629414
10.308145,5.579226,9.031379,3.710838,4.381397,3.709044,7.832177,13.867430,14.506820,7.461722,6.789175
7.752832,5.531631,10.793145,3.026986,3.383399,7.703734,6.752486,16.891738,14.407403,6.611935,8.668582
2.139323,7.975913,11.239004,3.934816,8.331925,13.325004,7.993606,10.756634,10.220693,7.999899,10.776482
3.353306,12.945904,11.509400,8.822756,12.286591,12.520503,6.859294,7.101596,14.880087,8.344194,14.000882
5.899231,11.903705,9.829335,10.422960,12.589462,14.955272,7.417111,2.909181,12.277687,11.011783,18.305406
6.774267,9.108826,5.271236,15.131216,11.688334,10.779488,10.022816,9.533138,8.233716,9.718690,15.463066
7.446943,7.470999,4.748514,15.029918,16.778610,10.887630,11.257269,8.858243,9.782632,8.190654,13.182620
12.831346,6.817104,2.373267,11.351679,10.860569,11.555885,9.865271,9.821077,4.626985,9.469737,7.742085
12.641297,8.661069,5.800661,13.985312,14.589869,12.575613,12.537348,14.220726,5.198780,13.031778,5.922881
12.542104,12.536362,5.269138,11.613311,15.336184,13.107241,12.614542,16.680422,4.077163,8.237725,10.935942
12.964713,11.558296,12.086226,11.778651,13.339448,15.654262,12.276962,16.330136,9.821556,11.029965,12.522594
10.246114,12.252720,8.845230,7.972445,11.553856,19.684798,11.657558,12.529022,13.642843,10.753285,11.544121
11.768011,9.735075,7.270956,9.984724,11.851955,17.079850,11.314452,10.511137,11.814466,13.726450,10.862032
9.724385,11.866945,15.491876,10.553283,12.650049,16.244697,14.384845,12.565149,13.051358,15.175386,15.523408
9.927981,10.559165,10.866734,12.995731,7.282564,14.998674,12.748349,10.154674,12.360411,16.429136,17.434615
10.539428,8.697970,12.613798,11.239709,2.865779,18.003941,15.120230,10.982808,13.227774,14.640296,15.464824
8.941447,10.570084,13.035559,13.283413,5.426937,11.120116,10.634662,12.580134,10.181493,10.207399,12.958049
13.664513,10.310932,11.975869,12.453859,9.576495,13.362386,10.810943,5.968907,8.635016,12.567333,13.289245
12.584568,11.035006,14.339207,10.320996,10.924585,16.296165,10.505414,9.231829,6.874016,12.460740,9.343259
19.223031,8.185741,14.284661,8.624508,10.636849,13.337738,11.516047,8.892695,5.910704,13.306459,10.412986
19.589306,11.748701,9.377953,9.360876,5.403270,7.988600,9.521731,5.961065,12.344765,12.462349,12.721204
17.416634,12.900318,9.745391,8.099674,10.357590,13.487057,10.104818,6.535230,11.184786,11.265706,11.367739
11.143198,10.668964,9.754969,6.340457,14.864877,13.748017,10.819736,8.440895,12.903236,15.363777,11.057939
8.791569,20.230614,12.593288,7.131053,17.265111,12.797521,16.055483,14.419168,12.134766,14.415314,9.083281
11.080085,14.888838,12.097007,7.372815,15.087856,16.604581,15.618607,19.284066,14.578539,14.762304,9.058601
11.596853,15.761726,13.592302,12.326504,15.571536,17.030851,17.210722,15.498950,12.528927,13.684821,11.091848
17.456685,17.045432,10.322154,9.584948,17.055392,13.413541,18.637008,15.637247,8.916229,8.429429,17.139315
18.257249,13.357593,10.160735,14.736887,18.202009,14.340024,18.039714,14.182228,11.956448,7.366022,15.311991
19.984733,8.825596,9.660748,14.975831,16.291937,14.212176,16.258362,13.260529,15.385759,8.942308,16.022285
17.018430,16.688349,8.069496,12.557281,17.017214,14.199195,13.322873,16.166944,16.297688,15.611222,14.875310
8.938059,14.768810,14.521395,10.410295,20.916858,14.575697,16.764043,14.115557,16.031755,16.120821,15.593632
10.866678,16.650422,15.080050,15.365271,25.714201,16.874538,18.213720,12.164464,13.660814,14.445243,14.658439
15.500477,17.277922,12.918763,18.506862,23.408854,17.219405,16.529451,13.708142,16.057121,16.822993,17.168075
18.726921,11.484023,15.759471,15.343893,17.738799,14.333357,18.443944,8.694711,17.681416,19.260465,14.826997
16.774515,12.371568,14.494524,17.121953,15.742880,15.987999,17.018767,11.054123,12.401597,12.769978,15.368799
15.846649,11.492185,12.244155,17.860241,13.485228,18.473075,17.669778,14.396761,10.866332,11.658509,14.559498
13.305416,15.009178,13.288991,11.802492,13.164275,19.322031,17.250802,12.034050,13.001984,14.748930,17.497748
13.447813,13.297424,14.404455,12.174069,15.169513,16.524388,14.707556,15.997505,9.752640,11.780575,18.583321
14.908648,14.939355,18.157469,12.355480,14.101393,14.397922,11.329899,16.110785,12.399650,9.799592,19.147070
17.817133,9.727034,17.662107,13.396966,21.581932,12.145618,14.198115,12.276380,13.682691,13.881307,18.824279
21.111055,6.694889,17.199138,13.979938,18.932515,13.879372,14.141793,7.707228,16.814034,13.889459,18.737562
19.583240,11.308795,12.780893,17.291761,14.609543,18.771021,17.099462,9.696540,13.928907,18.557825,17.293483
18.274768,13.751131,12.790577,15.062965,12.472917,19.081987,16.846085,10.173505,9.697516,16.264360,14.096603
17.136897,14.610590,10.933126,16.068350,13.579817,17.082553,18.219873,11.969321,15.358427,14.510676,14.909295
11.698246,18.218647,12.866517,11.673728,18.102321,9.794062,15.657076,14.884831,16.484120,15.614706,14.798214
10.139322,14.887724,12.381384,20.975549,16.138146,5.533486,20.501431,15.476163,16.397835,16.540091,15.753090
14.375401,15.853586,14.062858,18.410907,16.698427,6.270507,13.750618,17.372825,14.323471,14.081504,14.720093
14.701184,14.099648,16.566044,17.680294,16.071060,12.646202,12.857638,14.717185,13.985286,16.819486,16.408922
14.586255,14.829042,13.587600,16.859795,18.994672,13.659226,14.268293,14.725685,10.686565,17.805862,15.427268
17.607228,17.291025,15.478994,21.016335,18.130252,11.010500,14.387797,17.895615,11.237522,16.293359,18.415115
15.500537,18.939530,19.537915,19.234194,14.470598,11.707553,14.411509,19.686581,11.869266,16.030957,14.420912
14.298601,15.756364,16.832826,19.706858,15.888238,13.036393,14.721899,17.400153,14.592272,18.956105,15.131597
16.308607,18.595582,17.214482,18.094769,13.085060,17.507377,16.898236,16.088381,14.440316,15.727519,15.073638
16.691966,17.626767,20.476397,13.559280,16.587795,18.545865,17.170453,16.053763,12.331918,13.932865,17.003216
15.027607,17.514924,18.123500,15.890926,17.939008,16.915928,17.431592,13.868507,11.241088,16.937558,10.893810
15.006945,18.370312,15.396479,20.201366,19.246656,12.600880,24.183465,19.921318,14.400711,19.133064,12.355785
20.125339,20.066085,11.902089,21.014740,20.500728,13.543013,22.116802,18.957547,14.378905,19.067768,15.575919
19.878786,20.256295,17.143366,18.412601,15.187962,16.865691,21.796712,19.111174,17.612356,20.934063,17.041955
19.268449,19.639445,19.185088,15.250410,16.653309,20.101167,17.912416,17.003340,20.460806,26.408900,18.740063
13.421716,20.782915,16.782387,17.252187,14.877534,18.124308,20.383419,14.233055,14.866435,20.856415,18.558881
15.753224,20.133083,17.161019,22.100306,17.270350,17.151855,17.596630,20.211757,15.024846,20.667454,16.563385
18.277497,24.150440,14.009342,16.413881,17.016942,21.381840,14.799198,19.543332,18.750345,19.681016,16.103798
21.483914,21.744688,16.570606,20.958596,19.377693,19.961552,13.236217,17.258678,20.797648,14.302623,17.867666
23.319671,20.741681,15.690908,19.072267,20.203368,16.685507,14.246226,16.655105,22.393885,17.273913,23.563778
22.000925,16.207220,23.161534,17.967954,23.023650,12.018827,16.248159,15.274978,21.741080,20.174650,19.227039
22.983574,15.158960,20.058945,18.132491,20.260435,14.843634,19.117067,12.518532,21.028298,21.723525,19.634442
19.561417,15.611958,20.868601,16.052788,20.038412,18.319187,16.909186,10.215344,21.813375,23.525344,17.914124
24.968212,17.007183,18.349585,13.246221,18.223167,17.206172,17.744561,16.791475,19.926971,25.468944,20.860368
19.504355,18.540445,20.480784,15.976616,23.244958,16.569723,19.389915,19.824071,22.926995,19.934790,24.354312
20.122683,20.525919,19.740122,16.874557,18.551517,14.018537,17.651023,19.187846,20.227007,20.121022,23.931086
22.051121,23.489812,18.613658,17.371059,16.200884,14.943410,14.179675,18.344644,17.808968,18.977285,21.479406
22.235585,23.143074,13.694258,20.765162,13.443876,18.164420,14.894501,18.457469,19.838018,17.094874,21.840129
17.977879,21.991966,15.494308,22.260997,16.075240,18.628544,12.433211,19.519505,20.058811,17.853218,21.795474
21.626030,22.002711,15.360184,22.659862,15.775083,19.651149,16.710844,17.524447,21.055708,15.510708,21.215817
20.549288,20.360402,20.821829,21.084784,20.068428,17.498458,20.239890,19.142087,21.557858,19.317508,25.044630
23.488049,23.873559,21.607767,19.206345,22.846562,20.071878,23.549445,19.251142,18.673138,21.933044,23.627620
24.409004,19.156197,20.285285,23.436697,20.058930,19.077188,26.907733,20.522609,21.792356,22.741568,23.522712
21.489552,15.360304,18.938104,20.734935,18.285369,19.278204,27.921070,14.733726,24.961782,22.173491,20.084466
20.125159,18.897689,18.626692,18.681095,16.027803,18.727649,27.145215,15.384701,22.225847,27.715051,16.499814
18.382811,16.599671,20.660822,16.893534,17.112167,18.909622,29.595647,16.652879,27.128242,23.429760,19.687939
21.038831,20.244556,21.304471,19.409300,17.133876,18.546383,25.019269,16.898083,20.726766,21.976950,15.292351
19.449452,21.169994,22.743206,18.136253,18.411812,17.153962,22.787640,17.535488,19.647287,19.763096,15.024049
17.702421,24.283879,21.366268,18.210678,18.182936,20.500232,23.126207,16.978244,17.698950,17.604269,19.663464
20.100221,25.073552,19.841139,17.223209,18.846656,21.701809,23.260077,11.481306,20.479932,15.014676,24.335629
20.393094,21.095835,24.037192,16.033528,19.061602,17.648677,22.809251,8.217237,23.458057,17.742472,18.450857
24.106067,24.291656,21.532741,16.116792,18.731851,23.705756,22.502417,13.347281,19.810632,21.493646,18.959346
20.393124,20.923708,25.811676,19.449402,17.474752,22.968065,23.868954,18.056382,19.974484,18.885128,21.611120
15.372103,18.268405,23.017175,21.863123,17.039547,20.636608,17.546263,17.551504,23.486376,15.855367,19.356868
19.633264,19.012532,22.768087,13.570962,17.711637,18.779371,13.381908,19.105244,23.651253,13.901695,17.985751
14.552053,22.586616,21.434870,18.642025,20.984331,18.785243,17.171989,23.172627,24.722453,12.571728,17.253717
19.897289,18.903215,19.525869,19.124342,23.458389,21.021572,17.381906,18.672980,18.254738,12.475527,22.711799
21.836140,18.324090,21.041842,21.753306,18.206526,20.718510,16.561205,16.239938,15.669884,15.337443,22.817793
17.725430,19.762392,21.495056,20.904163,20.021143,17.556305,16.114864,19.928696,17.970236,20.220182,19.478998
18.870562,21.648483,14.584056,23.602979,21.892645,14.321310,15.013262,22.483916,20.215241,18.604901,17.104067
19.868101,19.468398,17.832748,20.685498,24.501634,20.145516,18.713797,21.908744,23.509836,19.349139,16.769100
19.111664,15.904239,18.642245,22.443439,25.408716,21.040906,22.847135,24.136471,22.109100,20.097653,18.867578
20.500160,17.351234,19.047040,17.529262,20.860932,20.193761,24.463165,21.660509,20.033122,21.338456,22.056827
19.065777,21.581804,23.287854,17.305478,22.151197,16.671436,20.354883,21.238983,20.333277,21.344649,22.236591
17.255260,22.270108,19.311538,18.776147,23.494920,15.414761,22.552927,18.818070,16.568738,23.279593,18.217462
19.321995,23.168022,21.706083,17.967479,27.603779,16.187967,20.245380,16.227923,19.185491,23.678053,19.340894
23.167078,22.556497,18.576690,15.726054,20.040395,17.665429,20.884677,19.105217,17.662102,27.462474,20.356217
22.957645,21.687600,18.602583,15.665101,23.423159,22.004841,22.374261,16.492248,19.018047,22.118903,18.623715
18.774962,18.328450,17.505077,18.910479,20.952588,20.430762,21.498311,19.131425,22.512186,21.338563,17.390362
16.318701,17.643329,22.625928,23.185663,22.157012,20.361643,21.627154,18.940978,18.311399,23.208269,23.472654
13.807340,20.611551,24.045678,23.338922,19.664993,18.575429,18.704155,18.775460,19.674170,20.187542,22.580602
16.425671,24.591969,21.836575,22.824178,19.585188,18.100049,21.778359,16.445917,19.238038,20.094002,20.210717
16.079454,22.501434,21.713689,26.864355,20.329950,21.682285,19.832187,18.478591,21.324222,19.434616,21.482844
18.098504,16.550329,21.809375,22.383899,15.382444,20.958365,18.595105,15.362424,20.818773,20.179731,18.580457
16.682033,14.502482,20.110943,20.428119,17.034656,21.764934,21.293938,17.212426,19.343546,22.208336,21.217147
19.731424,16.003905,20.527819,16.236296,15.594176,24.926374,19.991912,23.921843,18.791350,18.544426,20.608507
17.744227,17.780569,18.167886,19.869308,15.691663,22.387864,21.195965,22.589031,19.098047,19.846125,17.551564
22.874714,19.191380,18.186336,19.863512,21.365138,20.248012,20.041199,25.899903,20.034932,19.471699,18.461477
18.859830,20.356106,19.999798,20.750740,19.201868,18.355895,17.150092,24.734601,21.224584,21.114651,17.956443
18.359998,17.125151,22.058497,28.545331,16.580404,19.511809,16.685167,23.714504,25.209850,20.591485,18.208967
18.356199,19.980308,22.326523,26.060551,20.606041,17.021099,21.417360,16.289626,26.272914,17.493196,20.945174
22.633911,22.669859,18.549049,22.811698,25.906833,19.918736,19.976994,13.027392,25.078803,13.999505,20.476539
22.040151,20.666249,20.795508,23.467200,20.361755,22.322759,21.094252,18.622283,21.311517,20.207797,17.735774
24.020948,23.978073,18.996091,23.198455,19.263382,21.192733,14.296870,16.845923,19.396417,16.833900,21.765283
22.245664,23.346711,18.228917,18.685541,17.048875,23.887532,9.463362,20.593580,21.490007,13.872771,27.047502
17.085125,23.962956,17.410072,22.629793,16.500965,22.770567,10.512198,19.788908,20.854839,19.798585,20.229345
13.905018,26.345455,15.174195,23.670606,17.269402,19.849642,10.957579,18.733022,23.694739,20.667420,18.220215
18.624370,25.523570,20.161634,25.618786,21.503572,20.117998,12.857330,17.747941,19.300925,18.901384,21.753382
19.070308,17.286036,19.974639,26.037618,20.776035,17.369069,17.571010,19.315288,19.170187,17.911767,21.813803
22.675143,20.106984,20.118160,24.427108,17.374443,16.232896,16.503133,17.675555,21.547839,23.884482,21.354321
21.174251,17.185189,21.983124,24.356819,19.247262,21.974493,18.178682,20.173797,19.426563,23.851014,22.723658
24.490349,20.559756,22.574597,19.302644,18.713782,21.141181,19.927290,19.170700,21.261967,20.540449,23.380525
27.676385,23.601878,28.406648,20.946968,16.277724,18.131374,21.671070,19.909783,20.743687,20.809927,20.018487
23.860865,21.739963,22.666774,18.858608,17.825155,19.410473,24.443870,24.761477,18.883347,20.224894,14.845201
19.077383,19.695660,19.708650,26.260835,16.554326,16.183606,23.346130,25.321287,16.982310,23.401057,13.461042
22.092448,18.991168,18.094221,22.207400,22.074675,20.480866,19.344270,19.040243,23.331591,21.090035,19.916324
20.568124,18.815504,24.048870,20.533975,18.893647,22.127552,11.199122,19.543037,20.503045,12.285514,17.232593
22.125171,21.989017,23.992637,23.881083,19.523720,25.610762,14.862505,15.800251,19.651249,19.020951,16.595989
24.918600,18.374174,23.489541,20.669704,17.032326,26.777394,19.341837,14.653082,19.339185,21.648760,14.146802
21.957472,19.426783,21.024702,20.160324,13.002024,26.186192,21.280613,17.861415,19.711840,21.423206,14.612135
21.947584,19.495046,19.986107,19.382817,15.333192,25.064917,19.758261,14.951085,20.660566,23.604611,16.562320
22.146184,18.044612,24.044927,20.811092,14.788568,25.414585,17.297385,15.278663,17.598891,24.070313,18.218040
21.251565,20.402602,18.961294,24.019363,15.312274,19.432711,20.936135,16.511239,15.913100,24.298605,19.226329
24.238969,23.091439,21.831255,24.098589,21.246893,16.482104,21.452074,18.119640,17.300033,25.323592,19.964324
25.735807,19.783636,21.337148,21.620498,20.822767,18.640043,18.397091,24.006513,19.829320,22.652187,17.978263
22.336486,22.828148,18.239153,19.685933,17.469250,18.465145,19.972990,23.530968,20.743029,18.948965,17.019051
22.700156,20.905560,18.125999,24.361399,17.614257,19.301818,19.963724,25.271544,19.706893,18.073534,21.019851
22.200134,20.496783,18.140602,25.148189,15.532636,20.859853,16.358547,20.598666,25.755881,22.893040,20.613304
18.737268,23.282587,22.712902,23.037965,15.431322,16.673737,19.936014,20.366374,20.544380,21.742332,22.361974
17.958792,23.069331,23.556458,22.058351,14.048806,18.782668,19.791508,19.521912,17.183497,21.150010,21.559823
20.412165,18.022170,22.476201,24.659996,15.863973,19.281403,16.804859,19.190099,18.765462,15.417986,23.423991
21.647873,16.899689,21.591256,24.314257,16.888091,19.561866,16.989337,20.830867,22.212933,13.994783,20.723837
22.334669,18.083791,19.777567,23.923093,15.202262,17.804126,17.637109,20.688952,19.593058,14.904699,19.474605
19.143514,20.325323,20.180894,24.869535,16.915022,14.370653,19.892172,22.386541,18.332977,16.502872,19.440932
19.707425,23.227358,18.326372,23.062162,17.372334,16.442463,19.020537,22.055765,15.135239,13.336541,13.331748
18.508152,22.422792,15.990751,23.504005,14.373264,19.977263,21.000157,20.385362,23.737597,16.166939,17.671127
21.975378,21.227393,13.762238,24.223923,16.449299,20.949573,21.834815,19.038822,19.081819,19.120929,18.687270
21.949468,20.326694,13.281532,22.524453,13.142541,21.920323,19.427355,15.661388,17.695774,18.290702,15.237816
18.116673,20.558589,14.633216,22.883951,15.205958,21.886318,19.515104,22.177661,19.190071,19.302541,17.996929
18.923294,19.744874,10.707706,18.975965,18.755759,18.626915,22.799037,23.416897,15.487266,19.881426,14.943815
21.421694,20.266194,13.249797,18.508089,15.798359,18.103332,20.741225,20.687289,14.434211,16.657968,12.861319
19.748074,21.106275,9.263651,22.684976,17.607428,20.038724,15.669263,17.632956,18.031252,20.311415,15.743972
14.668427,20.095877,19.362647,17.139444,13.540946,16.958857,17.169432,21.497701,22.537061,20.535355,13.417260
13.954417,18.320277,20.423070,14.822962,13.564100,16.943158,14.280023,21.623142,24.207284,23.893962,16.931551
14.683332,20.707808,19.401559,15.774529,10.662351,17.548991,17.061230,19.952731,16.437799,22.727156,16.914633
15.521106,18.952416,18.012186,17.277681,13.060012,18.257546,21.164674,20.548225,16.011555,24.072346,13.222917
12.866808,21.325921,18.999037,17.232037,7.935811,20.362087,17.696708,21.121803,17.893665,24.047467,16.131787
14.121337,21.418162,13.590012,20.775810,15.996177,21.772705,20.514288,21.984349,21.555191,23.355278,13.250161
14.380977,21.572378,14.994221,19.091400,17.644755,15.730340,16.402913,19.312642,19.444587,27.099962,16.677099
13.222185,21.685560,16.788824,18.419787,18.019675,14.871570,19.288801,16.269412,17.779221,22.949291,15.060505
17.140649,20.720863,16.928476,15.673305,20.156809,15.931873,20.016104,12.536655,15.364094,20.428215,13.403150
22.699414,17.467621,16.489163,15.896513,17.697192,14.023091,19.293953,17.801216,18.019227,18.999978,14.888559
19.841227,21.146312,17.667362,15.535650,18.538778,9.569581,16.647591,17.357930,16.202839,18.325889,16.707781
21.211627,20.637438,15.923948,13.615286,14.970993,12.462146,15.920054,12.982327,17.248622,20.029338,13.784163
21.072017,20.068766,16.691911,10.924706,13.911421,12.261319,15.929827,17.014750,21.263513,16.984987,16.075479
20.699394,22.449333,17.783939,15.249024,14.968895,12.852399,18.987564,19.008711,20.617165,12.504754,16.007825
17.869235,21.457630,16.556486,14.278388,9.794828,18.949573,12.892407,19.729869,16.464916,11.157856,20.118523
16.179703,18.269602,14.161541,14.544617,10.692428,16.103241,10.917646,20.449257,12.435194,9.459270,18.013172
18.049707,15.400620,15.650426,17.472177,6.871135,16.634080,12.750952,21.795098,13.292635,13.011189,17.326934
18.088304,17.181958,16.173197,18.622471,10.291773,15.399695,8.872123,20.231337,14.900900,13.417909,16.193530
19.132653,17.389359,15.983135,20.279686,13.438893,11.816236,16.988238,18.101061,16.008046,12.178229,18.225287
18.474850,15.358692,13.879771,17.738689,15.908780,13.199319,14.068144,15.968574,9.359210,14.647681,12.673761
20.295651,18.598901,9.702108,18.965308,13.732259,11.320698,10.594282,17.559534,15.003245,15.651130,16.306137
14.968130,23.962860,15.797930,15.657968,13.814856,12.127529,9.726952,19.804614,17.523024,11.888544,20.251758
15.234789,17.281806,15.264383,14.337787,11.958911,10.546832,8.482320,17.797506,21.226422,14.053094,19.302815
17.983391,13.856049,14.332733,10.827589,9.319563,17.016221,11.054156,12.935273,19.491126,12.867231,16.020533
14.986915,15.255822,12.650026,9.624503,13.521110,12.165190,14.215185,14.164546,23.214290,18.112930,14.238287
15.703119,11.872122,13.143959,12.302512,13.663123,13.301351,17.115262,16.801150,18.281609,14.975822,15.868214
16.670648,13.576121,11.860016,10.268395,11.170095,13.269556,17.503528,16.491031,13.852398,18.274366,17.803458
10.954828,20.614123,16.017552,13.675209,8.643768,14.193220,20.661125,14.561999,16.472305,18.019782,14.761286
12.419786,17.356725,14.676581,11.145973,14.556566,11.826252,17.934063,15.385414,15.017685,16.117862,11.801003
20.810614,16.688852,15.473478,10.808015,17.015868,14.785441,20.266589,13.849575,17.122466,13.936751,9.990998
18.373290,16.041601,15.818836,14.494563,17.904563,14.561963,14.949351,17.909412,15.067183,17.614993,8.570887
17.536540,16.995546,13.571929,13.756850,10.694143,14.982406,14.399346,12.980873,16.982853,15.916254,10.295276
16.553112,14.148615,14.965198,11.166858,15.354604,16.937095,13.493218,14.253980,17.691124,15.285171,9.512402
14.562124,14.553148,16.120721,10.135888,16.407817,16.107839,14.564799,16.248334,14.883721,16.034075,11.589898
15.107163,8.851479,15.245603,12.273069,16.574228,15.109058,12.352003,11.378881,15.784152,17.651264,9.583127
16.937170,12.784687,15.917625,13.971262,16.684972,16.523780,12.790921,11.293459,13.249759,16.927058,12.670500
14.080949,11.147020,13.759580,11.041420,12.806354,16.911163,11.995325,13.294200,15.135512,16.224965,13.725650
15.138689,10.351847,12.531874,12.278179,11.059907,20.605057,11.926659,10.903284,18.397287,17.035392,11.218791
18.770538,15.493647,12.048293,12.207176,13.905945,10.350872,11.536159,14.926290,23.006430,16.504161,12.192672
21.443342,14.150766,12.850273,11.966325,14.098161,10.334621,11.775312,13.729957,17.371075,13.059729,11.686895
21.640881,13.667898,8.658772,15.246797,15.257667,7.808478,7.359465,12.859303,14.095089,10.587403,13.960460
18.799875,13.034598,8.251637,15.306513,9.519144,10.117032,10.593695,13.555235,11.040062,10.285044,18.779968
14.890658,14.701965,12.729775,14.322692,10.042306,6.347138,13.698558,10.065817,11.561488,10.392799,21.509309
12.165976,12.401508,9.703804,10.443826,10.651870,9.205003,15.311212,11.410548,15.661104,11.252457,18.684537
14.985205,13.981557,13.319135,13.749842,10.421919,5.888924,10.950555,12.315596,14.027913,13.988881,13.050311
22.025244,13.527076,11.474141,14.828965,10.033136,8.672650,12.004695,9.035162,15.785677,17.267526,12.057420
15.990577,16.459636,12.438274,13.538574,12.438198,9.866931,12.069713,13.024985,17.971173,19.904147,13.626406
16.772013,12.610450,15.190792,16.593996,13.003664,9.615608,13.658737,7.146459,17.419322,9.309550,11.388719
13.531274,7.394929,10.569337,17.390470,11.863131,11.149350,13.899726,4.116551,11.329795,11.176526,15.397043
12.240937,10.869754,12.297234,18.218165,12.374485,9.376016,12.015242,9.046448,15.362615,14.359433,17.279595
13.833378,10.632292,9.433699,18.006174,11.563632,9.989473,11.823804,8.161532,11.747560,13.474807,14.142739
13.481695,12.161743,6.383672,17.255078,10.910454,11.067774,10.425054,13.561364,9.617324,13.642184,13.891518
13.772838,14.485098,10.721467,14.356737,12.185573,14.586139,8.867405,10.258744,8.765319,13.784337,14.528367
15.063741,14.176480,10.366608,11.668851,11.967664,9.889141,11.465880,7.791797,8.419498,13.537874,14.800437
10.992302,12.358141,7.031087,10.789221,10.215965,6.356382,13.430312,7.955830,7.978103,14.410900,12.129600
10.192868,12.091654,7.971209,11.203208,10.795722,10.501793,12.077552,9.574908,7.125465,19.189833,9.911559
11.413518,6.576533,11.945033,9.367981,15.242074,8.569589,10.097711,6.335294,8.554133,14.921888,14.760249
9.050837,8.908717,11.827876,7.854018,15.234961,9.446239,9.637720,8.816108,6.422429,13.301575,16.844515
3.329681,11.940948,8.870971,9.724017,14.153414,13.761445,8.909803,8.495089,7.782731,13.537752,14.684271
10.726124,11.536669,8.660334,10.281929,13.524191,12.010119,9.726245,6.414365,10.169526,11.952875,13.710813
10.764440,11.079860,10.762745,13.344231,13.639780,9.946084,8.043637,10.723714,11.039037,12.211154,7.971184
8.864814,15.510323,6.947309,9.468391,13.886064,11.273467,9.113865,10.409366,8.377184,14.601791,12.460406
7.927983,15.205338,8.955642,7.093088,11.129932,10.900751,13.186646,9.751682,8.468405,11.574797,9.462217
11.285391,9.583036,13.399675,6.784224,12.170544,9.218311,8.678268,8.729363,10.701732,8.832608,9.993606
13.444437,7.415343,15.115237,4.832441,8.892238,9.287938,10.649345,6.813275,12.179277,6.569882,10.370599
10.317717,8.699844,12.965609,7.312103,10.465943,12.114445,9.724891,10.662722,10.787752,8.804152,14.508843
9.563381,10.440751,11.836764,10.919072,13.616634,8.312444,13.380770,6.922699,7.035332,5.636029,13.662152
9.393978,11.942207,8.238065,7.775205,9.874004,6.186222,12.952676,6.140748,7.118122,7.844166,12.031191
5.395426,7.051558,11.977754,10.138764,9.273939,8.551566,14.793231,10.019319,6.534577,5.208839,7.749753
5.582457,9.592829,11.988227,11.520394,9.242340,12.202392,16.288342,12.016640,10.690711,5.081715,1.543834
6.639504,11.336668,13.757907,13.232320,6.741755,10.297109,16.317692,9.092947,8.001316,5.282965,2.559796
7.123365,10.160720,11.142509,11.426588,8.240184,12.131996,12.931051,12.896576,7.627833,2.682187,1.024865
4.815470,9.937474,13.683959,11.173289,5.522662,5.169436,11.603958,12.084923,9.219415,5.875727,5.513209
9.947388,12.876432,8.889834,6.934048,9.493360,4.956868,10.257032,9.973128,6.901566,7.284879,4.891288
5.176322,11.503529,8.243790,8.143875,8.868404,6.359639,4.530982,4.541044,2.235659,5.543591,4.933829
9.899893,9.571280,10.921026,5.994166,2.664296,11.457900,7.239873,7.434749,8.767594,9.962120,7.457113
10.111968,9.245927,4.722564,10.956597,3.627592,11.598195,12.575531,9.934316,9.115466,6.173603,6.201850
9.423401,10.480510,3.228823,14.393163,6.620733,11.553646,11.289711,5.459395,4.328914,9.022916,9.055840
8.873364,12.792204,4.875294,14.410580,7.193397,13.952237,8.567535,7.467747,4.239818,8.484064,8.563760
8.271474,9.067940,9.278854,8.147649,5.945881,7.832796,12.880776,8.961023,0.285677,9.085584,6.677977
10.253785,7.873328,13.360550,6.142601,5.584348,8.974485,13.527853,5.620843,3.267057,9.699757,3.723991
8.213980,10.034757,15.891855,8.231050,6.328478,10.091582,11.387967,10.554218,5.990330,8.823307,4.170254
2.760183,13.518942,15.405426,8.907618,5.628178,10.375301,11.574931,7.404830,8.086344,11.783064,5.668491
5.936625,9.876880,14.737201,4.900254,8.681903,9.196807,9.537671,11.719064,8.347969,14.326509,4.839473
1.816104,4.682552,12.928081,4.638853,9.069710,8.540184,11.189984,4.110703,5.089341,7.700083,6.163937
3.577262,4.702597,11.196908,6.143456,9.365638,9.043112,6.750445,7.776105,2.027922,8.540583,2.308222
5.679880,6.679280,11.952263,8.158921,9.580306,11.061035,9.122861,7.201681,3.420256,3.153285,7.268990
7.293485,7.848820,13.410062,4.993448,8.321043,11.470698,4.315482,4.629872,6.330504,4.659509,2.828980
6.316781,7.594437,9.159646,9.186248,11.202492,8.501237,8.228249,4.304219,9.517379,3.119988,2.874180
3.774258,10.849696,9.825009,12.323418,4.171722,8.442774,5.512747,5.954519,12.867313,1.351253,4.631074
3.559093,8.864579,9.857019,11.886464,4.070231,6.399910,2.413050,7.578949,7.368656,0.619869,4.373962
11.820042,12.807732,8.166453,8.167450,7.617913,8.861745,2.492691,8.088924,6.735205,3.423093,2.692793
10.006234,7.932389,8.800957,8.385436,6.927986,12.795414,6.654048,8.581544,6.757678,8.419235,7.267942
10.327928,9.210237,6.889385,7.779623,7.907990,8.538784,7.859533,5.333442,6.766024,8.921388,8.135236
7.365269,7.889566,7.598516,7.871547,9.713394,4.020809,7.530503,6.557310,6.079188,9.578775,11.052895
2.256779,9.421917,1.861573,10.154213,8.178418,8.175194,5.083059,7.572560,4.733649,8.219411,7.612655
4.751888,7.598080,3.550130,8.762590,7.092508,8.223607,10.716289,8.988730,6.507447,6.793391,10.600747
7.342332,7.334196,3.313438,11.891746,6.353322,6.858040,6.182365,5.779975,4.232971,7.009353,8.916504
8.506861,5.803923,6.143516,10.176378,1.823211,4.677623,5.762346,0.333981,2.754284,4.293879,6.604302
8.001344,8.232660,-0.469641,8.031114,2.383346,2.526476,2.521149,4.362469,7.262513,9.256165,5.248147
7.303306,7.968938,3.523489,4.322090,4.453789,2.603979,2.488134,10.003536,7.585818,5.197033,7.024470
8.594426,3.881090,-0.489974,0.522610,6.436700,4.357628,2.597938,10.693218,8.056662,4.344261,12.397772
7.441553,1.022564,1.317067,1.538036,9.303231,9.818104,8.334975,12.342919,7.372332,6.802976,5.864475
3.197052,-0.906001,4.145210,-0.091705,8.166415,8.847815,5.264847,14.132463,8.743381,8.653039,7.949505
5.213034,1.864963,4.663048,4.167616,8.502978,10.196799,8.137138,12.732305,10.033601,9.206605,8.549790
5.176824,0.885981,0.852867,10.280498,8.650743,8.928035,5.976789,11.638826,5.086753,7.194112,4.367415
3.817020,7.207918,2.301836,11.880906,8.650784,8.634562,8.943031,7.873567,3.560037,9.961356,6.489725
1.722696,6.393523,4.158621,10.379351,9.722829,9.225794,7.648613,11.174620,1.411002,8.255871,4.874045
-0.308674,6.993466,3.244492,10.358068,7.039129,5.159446,8.498470,10.533272,1.802767,8.392562,5.389845
2.467652,6.421801,1.705432,4.429499,2.167697,4.218593,3.507966,9.703193,0.462064,7.693886,8.457518
5.605458,5.518143,5.670581,0.779941,1.537358,6.598592,8.355171,7.788775,-1.653989,2.332936,6.298728
4.172407,1.303351,7.447954,0.619566,3.841784,5.617128,8.995792,4.395358,3.630631,2.053237,11.178598
0.755855,-0.969882,12.009421,0.890051,4.971887,1.688176,3.327794,2.540338,1.476963,2.429212,5.791523
-0.156857,2.405491,8.319921,3.418887,7.106725,3.253043,-2.293280,2.200481,0.188422,3.157646,3.561977
1.379970,5.790252,7.826820,0.500263,9.449107,2.746485,-2.696543,6.583809,1.782178,4.936168,3.779639
6.350183,3.633799,8.540580,5.706965,6.256838,3.666943,-0.098839,6.262172,4.575202,7.288655,3.773826
5.650857,7.114162,6.815107,3.506214,3.173556,6.237707,-0.810936,5.696270,9.132158,8.170722,5.026714
2.509545,10.197092,7.387977,2.347767,4.090204,4.081997,2.842003,3.859957,4.218123,8.173509,4.319745
2.787048,3.901494,5.164532,9.636007,2.195512,6.454201,4.624972,2.352526,2.429130,7.244548,4.418072
0.898821,1.499030,7.558547,3.545454,4.797041,4.716437,4.056841,5.985966,3.056038,8.889719,2.412401
2.017409,5.412160,7.362507,1.052115,5.506488,-3.198814,-0.194495,5.780179,1.826511,5.918954,4.611674
2.665477,2.649897,6.913450,-0.219132,5.212796,-1.318101,3.338564,2.738833,3.068835,3.825950,7.100513
3.825045,0.800824,8.385445,-0.826348,3.234964,-1.957509,4.345600,4.032412,5.189232,-0.978294,6.463153
6.711102,3.042957,8.572026,1.702307,7.346228,2.398565,4.916477,7.454571,3.366798,0.094923,5.362216
5.970671,6.522350,6.689092,1.860699,9.838257,1.139279,5.820166,3.637388,3.546295,0.851683,1.100845
4.170953,3.040985,5.951902,8.912888,5.636693,4.083033,4.090006,0.792320,2.414544,0.892519,4.759059
2.906881,4.300612,8.642634,4.864975,2.543734,5.859161,2.030009,0.777129,-0.215654,6.471306,5.109134
2.469875,2.281176,5.793626,1.494229,3.313266,6.805836,1.788476,0.870207,-2.785549,1.692471,10.568921
1.304328,1.717331,6.344258,3.497286,0.943560,4.774109,4.315203,6.501149,-2.212872,5.001657,5.280188
2.339517,4.673117,4.479393,4.026915,-5.064997,7.512336,2.492954,3.068700,-0.921030,4.032267,2.607223
5.274211,5.803159,3.500058,1.550720,-0.952762,3.258417,5.766626,1.714613,0.141650,5.463941,2.654234
2.991686,5.236409,5.612083,0.046195,1.804070,-2.038063,6.837906,4.547147,7.719899,5.569902,7.528853
0.928718,6.594765,0.825148,1.803032,4.789260,1.687496,2.612310,7.268049,4.682896,5.477360,10.010543
4.303206,7.768852,-0.142448,7.094056,3.335837,2.591659,3.916679,12.803207,4.422456,7.981575,8.020049
4.395998,8.740039,1.404156,8.290313,5.664400,2.030265,3.589073,2.732424,3.295640,6.319076,7.304298
4.113386,3.676723,1.858946,6.100020,2.027092,4.553798,2.182766,5.663171,6.446822,2.488033,4.558290
0.829986,2.026470,4.513936,2.555733,2.991740,2.797483,3.093375,0.871753,7.457412,9.121890,6.062554
2.414656,0.903504,2.504084,8.221095,3.080510,1.346863,5.041536,0.998722,7.280412,9.568147,6.820699
1.249577,-1.043285,5.896319,10.021848,4.808181,3.455220,5.007009,3.234961,7.717057,10.969050,6.469277
0.013704,2.802621,5.611539,8.368362,1.931981,8.759029,7.425076,1.191948,6.138646,8.792852,4.310877
1.784636,1.452080,4.160050,9.046729,2.665837,3.460221,10.354041,1.534311,9.328625,4.657625,3.654071
2.189710,3.786224,4.463579,11.862650,2.638757,3.549164,8.256425,-0.885976,6.131226,5.213280,2.608012
2.801708,2.734151,3.714360,11.122613,4.500936,4.395474,6.857175,4.292919,5.513957,8.504054,10.691906
1.629286,5.683936,6.305107,7.402521,1.518284,3.611687,8.332788,8.458758,4.536056,6.597749,7.405279
4.194962,3.439042,7.127161,7.270408,3.324134,3.526916,6.572795,6.735599,1.711257,-0.680754,6.731296
1.135582,4.884881,-0.451228,9.260938,1.864596,6.955194,8.870426,3.679485,2.318195,-3.491727,6.964444
2.291358,4.493121,-0.826141,5.262934,3.635532,3.667539,6.180437,6.961062,1.073417,0.892032,1.043680
3.574833,1.116378,4.170269,5.491351,3.529742,4.098812,5.053865,4.778622,0.180054,4.091738,0.812916
9.426896,4.464585,3.776158,10.038174,3.887408,4.333905,4.515710,3.407749,5.803317,3.154988,6.047577
7.086198,3.741762,4.335732,6.926925,1.105972,3.530970,2.423030,-0.752798,4.112979,3.894384,3.117068
3.211065,5.014998,7.409116,3.715949,5.268655,7.013598,3.733704,0.081142,5.973462,4.722258,4.779145
7.365994,3.852764,10.178812,4.671046,6.831346,5.508731,8.170848,2.088782,7.024041,3.940080,4.672948
11.028457,7.737358,8.223803,2.998404,6.152377,8.172332,7.841775,0.343240,5.538939,0.982845,1.119120
9.441107,1.801336,6.462354,-0.312009,2.288987,9.532434,4.898037,3.492651,7.269403,-2.718114,1.210883
4.336803,4.516613,6.135327,4.886615,-0.550988,4.398542,2.431650,4.054763,4.840967,1.416319,2.435127
4.754402,3.126450,5.349606,1.631619,1.851984,1.492398,-1.202484,1.188859,3.213541,7.554555,5.626409
4.080681,0.302574,6.554447,3.165909,3.516019,3.632758,2.166988,0.466908,6.740580,7.026977,4.419006
5.053099,-1.555473,12.027496,-0.737708,2.321107,0.971977,5.388293,-0.218397,3.247928,2.669169,4.209974
9.714844,-3.284602,13.441544,-2.123997,4.173870,2.454538,8.581255,2.860855,7.000500,5.091512,-1.224412
10.259966,-2.478390,9.533563,3.714219,5.086770,5.983864,7.322756,5.513677,4.330685,8.699346,1.581975
6.629714,6.067803,9.741155,2.418319,6.450869,9.830593,8.512345,3.762992,3.777069,7.134324,2.252295
7.985730,5.866783,3.355983,4.605228,7.934331,10.898388,12.022760,2.046471,0.570384,4.053512,-1.204142
8.504534,7.159982,5.981239,4.857017,2.737012,10.565916,7.627348,2.996575,1.419974,1.494165,2.179447
8.842434,9.147607,3.340930,8.838462,9.134068,7.783186,2.667110,4.257477,4.286264,6.673478,3.300441
6.374882,5.533890,5.966006,1.792415,6.889989,5.471164,2.503224,8.030701,-0.208666,3.036337,2.056146
2.261477,3.008351,2.562483,2.882601,7.035198,7.572836,10.018645,7.546800,0.817547,5.018688,4.428332
-0.290443,4.404106,1.215342,1.735150,1.035775,5.646811,9.070434,6.291731,5.697345,7.464715,4.457171
3.793841,5.647118,1.955447,0.808890,9.177423,6.258602,7.827429,7.201517,8.215162,1.642682,6.455782
2.499100,7.256402,3.653313,2.950073,7.446043,8.564733,7.587029,6.613750,7.173378,5.144941,11.086806
4.040729,6.065284,6.932013,1.295285,8.444904,5.932783,7.282276,5.518590,8.116183,6.417680,11.382500
5.477112,13.724964,7.920042,2.881261,10.106898,7.783155,8.192459,7.513527,5.020538,6.221584,6.129308
5.675674,12.825601,8.690783,6.060177,3.047942,5.908360,6.432657,6.880918,3.559007,5.320113,3.564380
5.593985,8.873392,6.263445,7.289072,-1.143030,6.597943,5.497420,5.350538,4.241832,5.938795,5.461061
3.425313,8.769160,9.077528,7.167505,1.126264,5.697228,4.989883,8.341351,4.295220,3.191098,6.880345
1.119007,9.189967,6.209794,4.303715,2.339715,6.576154,7.751622,11.082681,5.330459,4.632018,9.323427
3.442645,5.554107,9.139712,9.393105,1.955596,5.273300,9.088004,5.696965,2.760265,3.332853,8.536704
7.171578,4.434117,11.677562,6.301541,4.944211,7.808815,12.058750,9.425095,4.242523,2.633973,5.568008
4.591157,8.005033,11.549265,-0.855142,8.311495,10.184955,14.957959,6.793611,3.538249,5.017845,4.843949
0.775447,8.443582,10.117495,-1.371099,10.209189,10.422730,7.979183,10.898363,6.084936,6.420110,4.983327
1.880306,5.941144,7.755752,2.372224,11.159346,5.027336,10.752462,9.152329,4.682064,6.410491,5.153710
5.703403,0.675439,9.297092,-1.376252,7.547999,6.044764,11.888948,4.071605,4.776837,7.654180,6.531992
8.152094,-0.788913,12.345752,1.881186,6.386536,7.211989,13.371947,6.262192,5.134200,4.939547,4.291824
7.790065,3.728594,7.379088,5.479981,4.397413,9.644298,6.915850,10.362250,8.090123,6.343050,5.000670
9.830125,4.037587,9.664940,5.728484,6.018696,10.076722,6.794352,10.841330,6.235007,3.950519,8.157203
6.059749,2.786172,10.201866,8.666280,10.670740,5.816895,4.252285,8.602505,4.796564,5.596325,4.192238
6.899307,6.934168,10.339299,9.773957,11.022069,5.427234,6.295317,8.308019,3.933370,7.451226,8.741577
12.105153,6.200430,8.515009,12.071819,11.932930,7.430542,7.031011,9.149699,8.547225,4.892577,7.383417
6.747435,5.322178,7.299501,10.439916,9.209428,6.680651,9.050878,8.659795,4.701292,3.067411,4.933709
4.692226,3.920678,6.644229,5.866647,7.361368,4.316416,4.493177,8.946393,8.286836,2.498636,7.928982
5.211379,5.496076,5.027789,8.331314,13.308736,3.720536,6.035301,8.417914,10.759215,5.065280,4.981878
6.686205,6.592333,3.311075,8.474150,11.694123,5.724292,6.216005,8.070752,12.689398,4.751524,-1.315046
6.684594,7.135641,4.427604,9.623066,8.737443,2.065066,5.188534,8.413705,6.452971,5.231417,-0.907868
6.716917,7.758966,6.706293,8.546390,12.470941,-0.655276,6.728716,7.928144,7.206935,6.008191,-0.006718
5.328257,8.217753,5.664234,9.517201,6.590557,2.241128,6.100886,9.498599,10.547446,8.264948,3.950713
2.906054,11.372519,6.218886,8.244558,6.238069,5.241060,6.163991,9.622794,10.022700,5.499732,4.973320
6.554673,13.118773,5.769186,8.622022,7.730687,4.649549,3.844875,8.332397,11.418266,7.293467,5.893531
6.992951,10.206867,7.584100,6.437951,3.917044,4.315015,5.241227,7.718543,10.770009,8.383752,4.197652
5.702690,11.240472,7.555438,7.029836,4.000839,4.436013,4.350888,7.171430,6.199116,9.505812,8.942121
9.911661,10.148154,11.052342,6.718797,6.444639,9.097611,4.887789,8.910348,8.311794,10.505821,12.388680
11.525228,9.716158,14.248962,10.034495,4.622069,13.134907,5.403998,7.720173,9.984302,13.588596,13.807902
9.707014,8.702463,10.104109,12.241895,6.921595,7.970675,6.086968,9.357041,13.178726,12.687307,14.054174
8.486168,5.609610,9.999721,9.954284,8.596372,8.740916,5.578612,5.804147,10.412685,7.676172,9.531007
11.668174,2.972071,8.083047,3.973269,6.431398,5.734922,8.367668,2.519501,10.058876,3.021573,9.653937
12.029170,7.776984,6.067690,6.506035,8.477551,11.902041,12.484766,4.665549,7.867141,11.849697,13.159157
10.779490,9.005554,7.623698,8.410599,7.486459,10.347501,15.887004,8.620342,8.393352,11.106432,11.320844
11.701807,4.901388,6.540339,6.466359,6.942769,12.820874,10.364728,9.864324,6.887306,10.647995,9.690167
11.267508,3.735495,7.157703,8.586136,8.119146,9.686835,8.106077,10.102277,6.423028,10.996967,10.277863
8.608621,7.091615,6.330310,10.459441,10.318769,10.390961,8.467677,13.672880,5.869135,11.603404,9.781086
8.781606,7.657922,10.545764,9.375146,9.538451,8.391256,9.179389,14.015051,8.626443,9.922472,11.803595
9.777678,7.691414,12.196992,11.542144,12.729175,4.139227,9.270467,6.420510,16.167733,6.335721,12.488665
10.436508,6.125427,8.414554,13.458580,12.299667,4.436716,12.484050,10.716318,11.973973,8.109071,9.444890
10.090309,7.562709,9.574828,11.940089,15.264639,6.592171,9.908012,4.763747,9.926518,12.289045,10.639643
12.042616,11.209543,11.959121,15.934651,8.190487,8.798362,12.223135,6.580904,10.200957,11.066162,16.934887
12.783006,12.487697,14.172722,14.917096,8.469396,8.858692,12.060522,7.877054,6.822658,8.267426,13.830616
12.293757,10.927791,14.667206,8.853959,10.552490,10.825864,11.639911,8.608563,9.760450,11.965820,11.682326
15.869690,15.362445,9.467946,8.278913,9.896299,7.384934,9.250798,11.415253,10.431353,9.207765,13.279262
14.967156,8.931843,10.133403,9.676655,11.091868,8.712506,7.903274,9.575259,13.855497,9.050720,15.103175
13.564775,12.019450,14.201174,11.929648,13.873343,9.444402,3.704172,12.389467,18.379579,12.949335,14.075384
13.214452,13.142358,10.948460,16.563242,10.042531,7.838218,9.360997,12.179356,16.871663,11.464059,14.149660
15.833083,12.776265,10.478448,15.387429,9.587219,9.114872,10.250729,9.837059,13.241365,16.378613,13.731370
17.124882,17.361245,14.131151,15.228853,8.978606,10.069664,8.281636,9.727301,11.511314,13.989657,13.212268
15.297570,17.297393,9.759814,15.929672,10.243722,11.835085,6.524301,13.056807,15.342897,11.742311,11.662417
16.156015,18.593653,7.631079,11.812306,10.060976,11.454735,6.285622,14.659569,15.033666,12.633882,12.140162
13.477219,17.870055,8.870790,16.604378,9.189615,11.263049,9.089553,18.895017,13.461128,11.313265,13.874699
16.372804,17.097395,11.500096,17.121093,10.769079,12.336728,12.466694,17.548769,11.422868,13.901002,11.410310
13.070707,19.084212,14.050264,16.097815,13.745711,10.064943,10.715419,15.863460,9.450306,12.729146,13.799472
16.056955,19.011882,11.255779,14.809739,12.934466,9.989575,12.631285,18.854648,10.729565,10.574091,13.080933
20.047317,18.199177,15.033152,14.235064,13.503298,13.679883,12.106588,18.128007,12.380357,11.407252,16.212171
15.664334,12.650756,21.676988,18.045323,12.482670,13.234850,10.774890,12.908298,11.340298,12.964678,17.765677
17.110697,13.601259,20.394359,20.814805,10.941696,11.963044,10.102547,11.382545,11.705374,17.222358,11.426560
19.898950,17.538407,14.880046,16.989760,11.498175,12.745742,20.047273,9.082975,9.879312,14.846313,10.107305
15.989463,17.230717,13.572374,13.897127,9.304018,11.035892,17.771878,8.953184,9.752362,11.630893,15.829693
15.540713,12.942920,15.154407,17.836626,7.541236,13.498416,15.988314,13.529855,15.961849,9.633631,17.820897
15.907735,16.681610,14.500500,17.014642,11.016297,12.822982,13.448652,13.675500,9.287048,11.709947,13.821086
16.739759,16.665541,17.872941,15.488610,12.537502,11.081865,10.167523,9.555867,13.147239,10.711204,8.616523
13.403474,15.927215,15.997553,15.837036,17.625415,12.671845,17.904734,9.293127,17.612053,6.854029,8.724328
9.829041,14.906432,15.331572,11.956937,19.886245,11.390333,14.239166,11.968438,17.463383,7.415915,10.858974
7.930289,12.847176,20.326125,14.689287,19.106780,13.449475,13.647345,14.041253,15.086068,8.304057,14.305802
11.484923,17.417218,20.473669,15.445152,18.925229,14.763271,12.753373,7.181338,12.203362,11.093819,12.995229
7.841709,14.087424,15.046770,15.868212,21.045980,15.556559,12.957152,10.682188,13.903325,14.227789,12.419106
6.650024,14.185902,11.235225,11.981310,18.251570,14.561937,13.274043,15.740454,13.012455,13.227444,14.076301
7.054642,14.285196,13.990202,13.350866,15.425001,18.128012,14.602961,17.197480,14.985217,12.049779,12.905711
9.476046,12.267108,13.455368,16.618205,15.392008,20.937325,14.702642,14.929713,12.006065,13.966531,14.546344
10.216773,11.361158,9.719546,14.995709,15.669935,19.685106,15.288607,15.677802,14.133846,15.596503,14.719448
12.551224,13.004761,12.987906,18.042111,16.675293,17.365665,16.982306,15.488339,9.746723,17.298182,14.867000
10.794572,17.366534,16.305963,16.758360,15.640263,13.325970,15.013769,17.499525,11.944974,16.267728,16.540019
16.959499,17.420594,15.330926,14.570170,14.310524,14.467488,12.748669,17.245041,8.921699,20.334562,19.554830
19.366724,19.847745,13.561653,15.337769,14.143914,16.120732,11.569966,18.093262,11.191366,20.010098,13.584318
15.673860,19.782481,13.906868,14.773758,15.921648,20.326743,13.792891,17.182352,11.122604,17.468113,16.331532
19.867600,18.360660,14.661983,9.707478,15.300984,17.273071,17.502494,20.487653,15.533667,17.756850,13.542642
23.745945,15.069102,11.972185,14.344269,10.696143,19.937948,15.569995,18.087450,15.738755,14.656439,14.522462
20.312528,18.680247,14.716577,12.833455,13.839497,16.826569,14.728027,18.383765,17.241281,15.948594,14.275595
21.743088,17.703630,12.464167,18.821540,15.915992,15.944254,13.653315,16.730606,16.750832,16.634073,15.868501
22.209128,18.080751,10.434929,20.420060,15.862094,18.627752,13.362114,10.853423,13.989980,12.053755,14.200433
18.439176,16.891477,14.469468,23.546798,14.359105,16.994510,13.510253,16.608030,11.076745,13.886714,12.842867
17.593903,15.800091,17.532479,20.088947,16.875155,17.664056,15.482534,15.778316,18.317661,12.387134,14.183533
18.988285,20.009312,11.819641,17.957696,17.840278,11.047050,17.595060,10.776341,19.002191,7.276800,16.241518
15.593865,16.128515,17.848716,19.790999,20.169901,11.705943,18.174602,15.731085,18.192953,11.527795,14.922585
15.207477,19.451035,19.271305,17.308256,16.237833,14.083876,21.707768,17.236178,16.113339,16.063642,12.979801
14.508035,20.643422,19.680778,13.409189,17.280438,16.925624,19.337634,20.971854,18.649594,16.307634,14.949450
18.135399,16.580261,21.291886,15.317655,17.676951,13.436100,22.311544,20.597521,21.199368,18.441564,14.706247
14.717152,19.737276,20.035360,18.869824,15.447166,15.525084,19.935968,16.202432,22.149556,19.352482,16.982617
13.488620,21.817937,14.392813,16.477540,16.527674,17.778819,20.466390,15.728238,21.680358,16.638391,17.040583
9.571313,19.214958,13.109829,15.141258,18.371805,17.981240,22.691599,18.244601,25.970552,15.040900,20.304881
10.362143,20.656767,9.977155,15.093005,18.405284,22.144899,22.486618,17.982054,25.033318,16.075474,21.387321
13.081176,22.691543,7.179827,19.533899,23.953953,21.047034,18.941900,16.696302,20.305469,18.401821,24.089519
13.350348,18.036675,12.012721,17.384418,21.075333,20.659465,18.346119,16.190555,16.179791,14.187509,21.024804
20.713076,20.167959,13.642402,18.277315,21.662459,15.899778,21.771333,19.397381,14.680864,18.182649,20.311077
25.387871,25.083039,17.973534,19.156352,16.981496,15.353650,18.509290,16.181507,13.156988,17.886289,18.797126
20.421213,22.896218,14.726044,21.003552,14.858584,17.452255,19.451951,12.934147,14.787791,19.789144,16.169878
18.667426,21.296473,13.774603,18.648649,15.536273,17.867946,16.825214,13.145373,14.673399,20.949878,17.062365
20.929241,17.188945,18.511656,17.830765,16.807329,17.813052,18.057302,12.354446,14.730453,18.808008,18.245363
21.342384,19.576236,17.294983,18.892979,16.679401,16.987509,20.721411,13.631547,19.030111,19.362160,21.049129
20.919388,14.067344,19.426710,21.221998,19.562861,18.274329,18.754149,17.951724,20.591987,17.931603,19.959698
20.199727,18.012386,21.025086,22.140160,19.848436,21.370245,17.323737,14.593449,19.507398,21.067584,21.175356
24.458086,19.305633,21.508126,23.089017,23.258519,20.316343,20.588391,17.248673,20.825929,23.283516,18.496154
22.273698,21.432717,19.227063,23.666487,18.384006,21.009167,21.470366,21.692779,18.406925,18.024948,19.333088
17.634953,21.360065,15.032352,20.944709,16.909940,20.689649,17.805847,23.018596,15.898842,10.542641,18.816886
14.201236,23.113319,13.772468,20.577485,14.507769,18.881138,18.649813,16.772605,14.555803,14.414358,17.549497
17.714310,21.079276,10.824804,25.090265,17.085555,21.092970,19.969528,19.094477,17.456821,18.204691,18.449039
16.534512,21.641010,16.865349,24.603514,17.144438,15.667044,19.596453,17.572388,16.198183,18.134033,15.769088
18.105896,22.597562,18.092076,20.213354,16.917895,16.060652,21.306748,21.179090,18.314079,14.146609,13.782820
17.776694,24.255662,20.572980,18.268476,17.857681,16.496454,22.584709,20.163164,17.604209,15.945663,17.881971
19.330734,21.421860,20.909817,16.340627,17.040954,17.146074,18.986749,19.395130,15.754136,16.349301,20.282793
19.854974,25.972542,17.737194,17.052765,17.294282,15.880089,18.194531,24.415687,15.963221,17.346402,19.583988
16.254542,20.994989,14.785131,17.189622,11.718503,14.341321,15.393658,23.853212,19.295823,11.724525,23.228148
19.075466,23.078413,14.824471,20.608429,15.742749,16.202320,15.878491,20.666937,19.455839,13.328528,20.270988
21.548163,25.215521,16.942567,19.132664,17.700815,17.059475,18.789086,20.885963,19.577542,18.007210,20.240269
26.888249,21.016486,18.077157,18.205972,20.553963,15.655307,17.357814,18.182309,22.674287,15.754004,17.013278
22.238958,18.667164,17.531064,19.311543,22.127255,15.984533,16.658379,23.024086,21.682862,17.306292,17.098221
17.131983,17.291780,19.440035,19.108345,21.201546,19.398053,16.783558,23.236250,18.088639,15.668598,16.719650
20.083942,19.830270,16.974330,19.193417,18.642949,18.337156,18.309578,20.861953,22.773763,16.498409,17.933224
22.438672,19.093464,17.365491,16.939321,16.776936,17.171007,14.735366,22.801061,24.112468,20.025293,17.153952
22.146493,21.407396,19.764518,17.438115,19.137125,17.096943,14.689064,19.285834,25.305626,17.465659,19.859533
21.618788,14.334682,21.434159,19.400896,23.452369,17.944738,17.692505,20.116052,24.700447,14.145917,22.621630
20.807012,19.615220,18.656428,14.921458,17.267606,19.622176,19.204077,23.783654,23.984281,19.579222,23.601919
19.922455,17.561162,19.995052,16.741681,14.953612,17.065264,21.904730,24.366079,19.984381,16.374293,25.240969
19.464297,15.302131,21.141471,20.450148,13.917381,13.302611,24.685451,20.921424,22.646857,20.170542,20.481886
21.571187,19.475166,17.427710,19.661119,16.502558,12.119527,24.021720,21.015095,21.719605,23.366674,22.399109
18.269554,21.912293,22.081710,21.926125,18.508309,19.585929,24.122333,24.792264,21.557205,22.291563,19.271566
22.699230,18.318561,20.471544,19.800941,22.044252,20.275225,19.804866,24.007040,18.292434,22.613150,18.528290
24.632768,16.525521,17.027226,17.245881,19.690982,20.969805,22.801470,21.572897,16.286291,22.456941,18.641140
24.150612,19.613593,20.452078,20.169836,18.784302,18.718355,19.495314,21.525428,20.969783,21.448503,22.090640
25.857608,18.590549,21.426250,19.134303,21.164879,16.793249,18.693413,18.384307,21.022699,22.479677,22.571177
21.714291,21.826887,20.582301,22.343862,21.836511,18.833436,19.005657,18.421033,12.665292,24.491223,19.712364
16.047846,16.793380,18.651440,18.417801,20.757221,15.928748,19.955535,14.235168,12.464530,23.078522,18.902761
19.262340,22.184366,23.744990,17.500800,22.607264,19.507688,20.056648,17.769543,14.375036,23.586169,21.312046
21.447345,19.967577,22.621235,17.688516,20.028560,23.658417,15.098450,19.303356,19.367126,24.167230,21.422755
22.915624,21.997913,22.920966,18.591763,21.288192,19.091610,15.589671,20.364441,20.610565,24.925626,18.933099
19.947280,16.193932,22.189520,17.354944,21.839266,17.515817,15.057452,22.361341,16.249556,28.355447,21.884795
17.826734,21.377803,24.911710,13.327719,25.693435,19.732758,17.477523,17.862933,11.016212,23.580541,18.919616
16.494260,19.603239,20.588568,15.669719,24.927098,19.611720,17.490531,18.168631,12.900966,22.914215,20.843430
13.319895,18.046455,17.043695,16.365406,25.606678,17.422920,17.516643,18.162829,13.789505,25.727135,23.225028
15.896068,20.789506,19.580168,20.516167,22.433429,18.864477,14.609856,18.583948,18.349162,18.418503,21.655910
15.851910,25.857796,18.883187,17.704110,23.446683,16.592577,17.642117,15.341137,20.385787,23.915446,23.204228
18.890160,25.274237,22.618371,21.036909,26.143563,22.633949,17.819784,11.268747,19.805152,22.434339,17.984622
22.901138,21.680129,22.527758,18.609690,27.983252,19.125585,17.981979,13.093351,19.962381,26.152585,21.326042
22.869707,21.295505,24.724407,19.614939,26.910278,19.189761,21.066962,17.900415,15.938100,25.746051,19.605768
22.121347,22.785315,20.158091,20.852945,24.510231,20.918070,23.558289,21.448554,19.548128,23.555690,22.191284
23.459192,17.633383,23.902402,17.037694,21.816259,21.238122,25.991431,23.281369,23.406502,21.204640,22.158904
23.474551,19.128578,17.536825,18.887729,23.779394,20.879735,25.555785,23.501287,22.425544,24.224564,22.342271
22.741806,24.465963,18.808023,23.510723,23.430465,20.878415,19.907389,16.494240,17.713246,19.661896,20.496926
21.361490,22.894785,20.596150,23.530270,21.810253,26.250473,22.247308,17.782001,20.474846,21.795118,22.656577
16.814887,22.065363,19.767319,21.383317,22.832651,24.462382,21.246644,19.187601,17.924101,13.939074,22.089636
20.459470,22.065478,21.028696,24.565452,24.707321,23.690716,17.434756,22.979828,14.705682,20.528737,20.545992
15.727286,26.621678,22.741779,20.267923,20.730872,16.525288,16.048892,21.076016,17.342714,21.180264,22.952687
16.900955,23.553748,20.581757,16.707617,17.549261,15.096564,16.201453,17.368203,17.137296,17.469901,25.941712
13.615698,24.777026,22.790754,19.349870,21.331508,16.074083,20.378470,19.926727,15.361838,21.812225,26.925097
18.543328,23.378860,23.351317,20.209352,21.957946,17.852942,20.474674,20.073696,19.212796,22.753904,26.312754
17.576826,23.389919,24.300032,17.716669,25.787494,18.695695,20.694322,13.124004,20.243414,22.396295,23.997972
21.403997,21.321210,23.715343,20.712800,23.910132,16.956552,24.046719,13.988745,20.415051,22.185107,24.558881
21.691562,20.806715,22.876172,20.375975,27.548477,16.683075,26.822372,19.586314,17.803500,22.323075,23.457121
20.812202,20.619965,23.251410,23.780498,30.612896,18.888640,23.220776,18.343615,18.710192,22.713389,23.977034
24.383679,18.531241,24.362797,20.915460,25.907461,21.761657,21.148603,19.887183,19.068422,24.304404,18.271216
23.111699,19.736933,23.768879,20.825468,25.460881,17.522308,24.199068,19.977281,19.076693,18.624756,15.893839
23.391986,22.760032,23.965858,22.783166,24.492192,19.222326,20.425436,17.263058,14.699893,20.581661,15.599429
23.149311,24.993679,22.325409,22.737735,25.964313,20.161959,16.956063,19.162386,17.015406,20.018648,15.481326
20.678439,23.020366,18.836021,21.916340,23.286392,19.403012,17.280111,19.657333,20.968180,16.788341,21.666416
17.652004,21.882373,16.280880,20.994762,23.001402,19.378314,18.263636,22.233022,19.133305,17.397546,21.109286
13.410639,15.656913,17.621957,18.747292,25.273623,24.086670,19.240043,16.272272,19.622163,19.357209,17.698577
15.646103,15.734898,21.548701,15.872099,26.811201,20.866159,21.905941,13.321542,19.856042,17.479586,16.776783
17.152604,18.511609,21.035198,17.592927,28.665137,19.859296,20.565188,15.428585,17.945359,18.721309,17.000807
18.488843,20.701179,17.135885,17.745974,23.402309,16.550611,24.000919,16.133610,13.954704,18.985224,17.243587
16.091485,24.900355,16.684374,17.569754,25.791586,17.098762,20.941359,13.156466,16.045042,18.795836,18.715608
17.908081,24.244240,15.884343,18.546832,26.542556,16.447150,21.125374,21.247793,13.840229,23.623312,16.313655
21.195679,28.015476,18.783840,16.660810,25.893343,16.677256,17.929002,20.875325,18.109104,21.875115,18.473950
19.294051,26.391249,19.696597,22.305386,21.825007,20.726262,21.244727,19.741346,17.676958,19.562501,21.662794
19.291888,24.250309,15.528453,23.901529,20.393965,16.984536,20.580333,17.219489,20.049593,18.171324,20.704101
21.463250,21.644237,13.300828,23.741983,20.534802,18.536493,19.836383,18.353669,19.434016,19.341643,16.585748
19.991416,23.859492,14.081908,21.894032,21.565753,18.936977,19.658521,17.351410,19.272035,22.561127,21.641553
19.045914,22.672533,13.918361,21.228011,18.655251,22.552631,16.295396,16.454879,20.506142,20.385695,16.225567
20.066048,20.396336,14.611368,18.890822,18.625665,24.026953,19.582236,17.533783,22.309207,21.067200,17.858470
13.102422,21.485205,16.426918,16.695583,20.165846,24.742710,15.530320,17.912575,18.267594,20.062546,21.378385
11.912370,21.034946,18.439751,17.443432,17.515139,18.712872,19.184662,15.833221,21.185627,21.193630,19.014351
14.270496,18.093377,16.543853,15.325366,14.359852,22.075265,12.982080,17.129677,20.812036,20.201493,21.085839
18.071939,23.906928,15.585785,16.226708,10.888988,19.033939,12.748622,20.965559,14.870383,21.033300,25.020575
17.700602,22.253687,17.318896,14.708123,14.562464,16.104224,16.869263,18.613904,13.135752,20.775419,23.151681
15.844867,20.741523,13.886140,15.045226,18.743132,18.231879,18.627465,12.164349,16.774236,18.317259,20.548451
17.508288,23.544449,12.489421,17.439020,18.931193,18.866531,20.088313,15.532175,15.088552,16.066298,19.565296
18.170605,18.272589,13.353744,21.765799,20.746371,16.954241,18.858927,16.072359,13.980708,18.830653,19.667173
17.520655,14.829074,15.644359,22.725414,23.402903,17.530015,19.076204,13.269982,16.327169,19.026053,22.617216
15.371783,15.511090,14.043747,19.197825,23.385868,16.538175,19.108436,13.055382,21.889549,18.172256,24.431558
17.392670,20.756927,14.471539,23.839196,22.090983,17.118342,21.084503,17.819549,24.544102,14.925450,23.612794
18.200184,24.057508,18.032337,24.076042,26.463689,20.061464,20.424340,17.978435,22.253351,16.736970,22.143506
14.260950,21.306434,17.226419,21.645502,20.845997,17.673060,21.502580,19.582666,19.989918,20.167598,20.608126
15.955781,20.791344,18.551928,17.584848,21.681688,21.095140,24.934661,20.841627,20.336909,16.938377,22.178879
14.441776,15.911412,14.214203,20.226919,21.471210,17.201734,20.421411,21.322943,20.956258,14.822804,22.526719
15.493380,12.349406,14.754792,16.975726,20.476401,19.729854,21.510627,19.212596,18.869779,15.656545,21.512409
12.710228,15.692833,14.341863,16.591099,19.595174,20.478980,16.792424,15.357831,16.525711,18.325448,16.260565
16.564110,18.209186,13.923485,10.292629,23.377368,17.176913,20.249150,13.197983,20.514759,14.594866,18.054776
18.884053,16.742007,17.590115,12.005624,19.489849,15.328439,19.279617,16.498860,21.827959,9.696927,18.344274
17.514532,14.390973,17.848037,13.220822,14.866303,18.637596,15.230154,15.563439,24.028717,11.813467,18.142096
14.461864,18.046815,19.383530,13.429671,16.967990,19.779421,13.132577,20.437537,25.197963,13.368912,17.683115
12.390351,17.736405,18.064213,14.823286,19.728769,17.653768,20.198109,23.800561,18.422563,17.225120,18.871819
13.252172,19.235460,15.422123,11.565379,19.901392,18.766033,19.324384,22.290187,23.243490,13.979627,16.623191
16.939119,20.734464,21.749524,15.970248,14.453566,15.129512,16.584151,20.519319,22.794261,16.665878,17.864320
13.399159,19.463388,22.611483,16.212115,15.063979,18.877801,19.384668,17.323691,19.196759,16.365570,18.534104
16.675369,18.638197,19.674437,14.140615,16.578083,21.864914,18.637559,14.141993,17.059758,14.924529,18.685671
21.453695,22.787452,18.426471,17.584856,23.182596,19.040182,21.139162,16.480485,16.064661,18.235826,13.683229
20.019726,16.199753,21.057493,19.274352,22.622342,22.617572,17.587047,21.998860,17.375941,17.552186,15.864734
18.888995,13.868351,19.330048,18.012423,22.934145,22.295221,17.303582,17.847023,16.146218,19.910700,13.383663
22.880946,13.985144,17.003574,19.367826,22.317751,16.554730,16.759475,15.071495,14.789568,14.604808,15.998353
20.742504,16.340938,14.276870,18.411648,21.281943,15.354455,18.472796,12.140154,15.204058,13.796441,15.036365
16.993623,16.135646,17.470994,18.924324,20.088840,18.408293,13.219071,17.277011,12.995341,16.473763,13.585804
16.023533,10.709162,15.607311,18.465786,16.624759,17.832635,14.285327,16.893427,16.082122,8.519184,13.499743
14.632514,14.550323,14.818532,19.954284,15.415759,12.195454,12.793322,20.060413,17.064715,8.012558,15.548364
15.494862,14.850464,17.481663,22.300800,20.226587,9.741257,11.070581,15.627087,17.103092,14.112477,13.619335
12.354870,13.792483,14.890661,20.084494,19.244884,13.877578,13.929442,19.423614,14.394672,15.389453,12.681408
15.743875,17.677357,7.868500,15.530956,16.984664,13.615853,13.480974,17.848064,14.329178,14.282306,13.103754
14.042536,13.946521,8.233331,15.430781,18.737242,15.648867,11.320168,20.289976,12.361763,12.452415,15.413223
14.885364,11.869412,5.725384,16.786115,16.376984,22.092046,13.418747,18.705469,11.654875,15.213448,12.981764
13.959194,14.568091,9.538929,16.136952,20.716682,19.994501,13.059633,17.767392,8.950388,12.217908,12.007153
12.680636,14.791094,5.249907,20.544866,16.429508,19.575367,11.737886,13.444064,4.909357,14.092337,10.191416
14.625398,16.916450,10.524899,18.291890,12.471715,18.408788,14.737392,12.317315,7.688543,13.543263,13.092101
16.966776,15.571194,13.138835,11.652716,12.241960,18.261779,14.356433,10.713236,6.432599,12.020422,15.520189
16.753088,10.948366,14.409116,10.609999,13.317169,18.698813,10.298663,13.006810,10.543906,15.411875,9.474938
16.073828,12.746041,14.126867,11.612789,14.314501,13.743130,11.622331,14.407215,13.057614,15.760011,8.415936
15.050259,11.961192,11.180691,13.080201,16.951160,14.202562,15.109589,10.599829,13.215665,13.383164,6.582923
14.579656,12.936116,10.251872,14.065246,14.366743,16.119846,21.020472,12.436141,11.928592,9.988345,6.351771
18.269692,9.562482,14.813391,17.034042,12.407593,16.909854,16.177386,10.574267,12.619820,13.522009,8.052339
15.661718,13.599033,14.631100,17.858399,14.430141,16.609089,16.767629,13.088634,13.063878,9.435138,8.027163
12.142568,15.488992,11.848461,14.057701,10.808021,17.820209,12.852910,12.838024,14.729053,9.788685,10.441777
11.991587,12.356169,14.109726,13.809583,10.619331,18.456286,12.105638,12.188666,19.220738,11.677259,10.211215
11.493080,11.165798,10.335233,14.331513,10.195369,16.080578,16.439753,13.602147,16.329782,7.810882,10.209085
13.208620,13.396906,14.645361,15.695518,13.689566,17.559842,14.924475,15.718251,19.113021,9.989501,10.849736
18.171311,12.540887,15.075901,11.076178,12.798294,13.011427,17.578450,15.534946,15.707907,14.952679,9.812868
19.703835,15.586323,12.059980,10.657807,15.733018,13.939330,13.591810,15.278779,18.540792,13.053004,12.883543
16.285405,9.824785,11.562127,12.542005,11.962501,13.386641,12.810264,14.114136,17.666722,10.566954,12.630117
15.216490,14.489647,11.419209,13.104941,14.117360,11.053962,10.013239,15.139478,17.702119,16.106913,11.149032
13.990327,12.026081,11.935679,12.735883,13.957683,16.416555,15.770800,14.851556,18.845981,13.767189,11.346238
16.044192,9.269163,12.143207,14.115927,12.918205,19.245839,14.207833,14.218591,14.816022,11.996830,9.859011
15.913380,10.768220,16.120980,9.704102,12.645942,18.860838,15.057561,12.420170,10.635041,9.964159,8.667246
15.249394,7.439724,13.715265,12.559610,12.783781,15.731850,15.485668,9.272930,12.580309,10.289190,4.729389
16.240320,15.143762,12.720347,12.509046,10.935164,15.743996,11.676477,9.414798,12.404800,13.002198,13.822717
14.064272,9.816650,10.291480,12.763621,9.882240,15.319682,7.772024,10.990534,9.576102,11.459599,11.162470
11.086314,11.985039,9.366524,13.225338,11.419202,15.555293,6.407879,8.529529,9.664916,14.899932,5.019494
12.452592,9.964677,15.978832,12.214610,18.054974,9.436335,12.237612,9.157291,12.710560,13.492923,16.284712
14.246783,9.576554,8.586732,11.020873,14.284963,12.489587,10.867045,11.045458,14.406272,13.633334,15.512974
18.802415,7.855868,11.146380,12.816378,11.948414,14.900368,11.640711,12.557262,8.843548,11.121812,14.598151
12.433707,5.599327,10.117785,14.888130,12.484126,14.570666,13.136207,12.592955,8.431637,8.556210,11.917967
8.332627,6.856252,9.606566,13.367662,13.320362,17.369293,12.382939,13.102242,6.085177,10.873247,13.133642
4.101909,9.639911,10.165719,12.223846,6.811170,14.770217,16.054031,10.243593,5.987397,10.097622,15.749305
8.359788,7.817996,9.914322,9.232971,9.509613,15.780367,14.722579,12.724503,5.218543,10.816428,14.191483
3.014390,8.026262,11.006716,13.768090,13.208714,14.888135,15.398999,10.382409,10.148873,14.589480,10.738615
6.721012,8.570699,9.349921,12.676897,13.671087,14.372559,12.896194,14.220643,7.646030,13.084884,7.507163
10.092962,12.830265,11.102516,12.325814,8.259873,11.659468,16.945558,12.645067,8.649735,13.270325,4.858160
6.688269,14.904495,12.029495,13.151865,8.001958,5.787911,21.344877,12.069646,7.949913,13.906277,9.102099
10.806668,15.056912,9.056596,9.612475,7.696387,4.146967,16.605039,7.703264,10.250507,12.690222,8.933136
9.643885,11.335815,9.260683,10.910697,11.717292,10.466643,18.620533,9.018967,7.012678,8.646828,12.038512
12.134935,11.135228,4.386017,9.848664,10.627484,13.501332,14.919330,11.135988,5.806609,10.979404,8.281260
15.881405,7.488244,7.837018,11.553097,10.378612,10.039068,13.496052,9.332547,4.168751,8.323558,12.576089
14.957275,7.531906,11.019482,12.517310,11.071877,12.850417,11.607144,10.939655,7.477090,6.140239,5.777925
7.650943,3.386537,5.837959,11.897472,14.014221,14.700330,11.044340,9.248037,6.194729,9.460375,10.261477
7.813762,4.647017,6.359498,4.949649,9.091248,15.190544,14.453248,8.442318,12.346899,6.181534,10.153792
7.241866,6.172674,4.390121,10.494531,8.091196,10.210668,11.652335,7.052832,13.113429,8.103889,7.896340
9.384266,6.311007,9.848791,13.237288,5.060602,7.741843,6.696487,8.392969,9.393735,13.478320,10.779294
7.450793,5.023335,11.323239,14.302152,7.302428,7.433002,7.229699,10.323344,12.583799,8.239381,10.443744
11.350547,9.298688,12.008936,14.614732,8.018441,5.710106,4.163537,14.889549,5.536645,9.105325,7.909144
9.177674,5.049508,11.452644,13.512184,10.958333,6.152562,5.792512,13.421892,3.102710,11.071074,7.890635
12.481145,7.448907,8.072871,14.110113,11.267240,0.706796,10.469351,14.374728,8.317955,11.760775,5.915963
6.326161,11.545586,9.006128,11.790820,10.536048,5.272412,13.913601,10.961398,3.500561,10.937177,12.753587
5.906673,13.681150,12.975072,11.036251,7.569134,9.277960,11.241816,7.867125,6.253360,11.266273,12.018075
6.401021,16.880706,4.359688,9.912931,4.039837,8.771218,9.246978,5.238404,7.843986,12.928902,14.351521
7.315896,14.762176,5.107074,11.743821,5.019012,10.422283,10.947667,6.612074,8.176203,8.099534,15.925890
3.463989,12.222510,9.864228,8.109483,4.785545,7.447870,11.397103,10.490348,6.616594,3.952354,9.291825
9.350683,11.777498,11.981216,8.926679,6.980518,9.027979,7.982901,4.809121,6.294309,4.112559,11.900108
4.111081,7.196260,7.815069,12.675396,6.654632,7.810764,6.731373,3.165688,8.101362,7.037531,5.854012
4.139559,10.308462,2.536175,6.888100,3.238115,5.051194,7.607173,5.946511,5.658067,10.371629,5.449800
6.417398,13.450462,0.907406,6.945230,4.002577,6.412366,2.508766,4.969268,9.422869,7.866395,3.889828
5.745585,15.622629,0.789965,1.720961,4.332711,8.873700,4.915159,8.915612,5.348828,5.344868,5.371611
2.519718,14.719301,2.183251,4.265767,10.350811,7.650375,5.193027,12.840077,6.383635,7.104092,2.715669
6.932555,11.542119,5.031230,3.069551,7.207095,9.783215,8.750805,14.856956,6.340730,7.606059,5.524789
7.455560,10.157732,1.471692,4.113108,5.982127,8.790315,4.748506,8.376857,3.577248,3.144530,9.537926
4.413635,7.361310,2.333074,7.106122,4.617572,5.769047,1.892583,7.343079,8.395790,3.282678,10.297776
5.370008,5.907406,4.028915,5.900106,4.857633,9.292090,-0.619955,5.668541,4.506280,1.511781,8.267525
5.473752,4.662618,4.059686,11.315906,8.132389,8.670395,2.114617,6.501166,7.207391,3.864964,2.759087
3.143259,7.853825,8.331966,6.553308,7.461163,6.088411,1.646406,6.799643,2.847078,7.233818,3.582254
7.259283,9.409185,9.228553,5.076592,6.541073,7.078191,3.064828,9.923462,3.857505,6.266209,5.147858
9.398948,9.061428,6.784200,6.629749,5.998182,5.615717,4.667085,6.293621,4.590953,8.975393,6.020050
8.958863,8.348059,3.721843,4.002669,4.215262,6.637982,5.571499,4.412851,5.067967,6.848867,3.067551
5.480181,9.788010,6.013031,4.440121,1.892895,6.507906,7.770014,1.339671,3.387886,5.592769,6.333340
2.128550,10.732821,5.946549,7.743613,5.123016,9.828563,9.110189,5.543912,3.620048,6.628876,5.844382
4.492764,5.959996,9.692575,4.258406,3.930847,7.056788,7.394727,8.767664,8.355418,6.521923,10.938723
6.714492,2.249024,10.155079,4.470426,3.971320,11.256768,5.262786,12.415719,9.947528,5.962017,14.499854
6.666640,3.871393,7.173548,2.947513,-0.215128,10.537979,7.298952,8.797875,7.945513,4.610454,8.614288
8.090213,3.624686,8.943508,6.310454,3.813033,10.451265,5.057734,14.986068,1.791355,6.800827,2.919348
8.946598,5.013248,7.028742,6.235784,6.404010,9.799581,7.353526,8.721174,6.293211,1.685177,3.311762
7.863629,6.393690,6.607001,9.841860,8.474862,6.272079,10.141407,9.560230,6.672897,5.282109,6.931918
4.584915,3.308024,2.532538,8.852478,7.345362,5.634431,10.194749,3.663641,10.123639,1.745635,8.333193
2.533298,4.116014,4.649262,3.289575,9.209848,3.824072,12.069381,4.898201,8.581667,5.080551,12.934321
1.327472,8.005288,5.692780,11.662005,4.865305,8.159839,10.983819,5.753890,3.865473,-0.792495,8.463008
1.693318,6.746871,4.282982,11.480552,4.198774,5.381296,10.049654,8.766582,0.545563,2.466352,11.139182
4.503006,5.907865,5.940342,8.381639,5.392428,6.792910,4.630691,5.677123,5.863150,0.045203,8.138823
4.253898,3.325583,3.597755,9.217902,3.852848,5.883060,9.037476,5.873209,8.187661,6.123888,8.280769
5.047545,7.793917,2.927664,10.034358,7.500243,8.952251,8.448717,3.451429,7.139376,6.489791,2.587482
3.333761,6.464899,5.431163,8.407205,2.808840,7.550606,6.400972,5.511680,8.706181,1.642708,3.154567
-3.143665,-1.084510,2.615716,3.026192,1.594985,10.727298,6.704835,6.859325,5.758539,1.999509,8.596238
-2.268501,3.651143,1.923163,4.616296,3.307469,4.672026,12.121063,9.081597,4.324032,0.311724,6.923455
-6.191002,5.026455,2.833582,5.476553,2.516632,6.573255,8.005807,6.501220,6.237593,3.734399,3.162577
-1.395765,2.541486,5.864477,6.649775,5.382680,0.902341,2.047138,4.110305,5.777974,7.397456,5.602411
0.369342,1.788270,3.334281,4.466839,2.104694,2.138995,6.273914,8.608972,5.023816,7.090860,6.132145
3.617115,2.147976,4.074773,3.521986,2.700181,2.703082,6.552536,3.847207,6.248494,7.280168,7.512618
6.377092,3.721638,3.873423,5.926200,2.273584,4.667126,4.606282,1.080179,4.065742,9.391681,5.821073
3.522587,8.108325,6.527873,0.883844,7.607648,4.562501,2.553945,5.294302,4.431131,9.024968,6.428200
8.961524,6.905661,7.073266,5.676448,4.451251,4.681632,-0.237794,5.982389,8.319371,5.787032,5.552210
9.751658,8.030125,1.182557,3.264956,5.510099,2.203359,1.239183,5.936226,12.055069,7.288580,6.108755
13.147747,4.583339,8.314533,5.303092,5.545913,1.967048,0.204439,5.210536,7.962823,5.251643,4.188498
8.569600,6.960082,7.821368,5.416032,6.114324,4.887326,5.538820,5.103170,9.122350,4.113083,4.509887
6.596970,6.352384,5.900055,4.914910,4.031970,1.888099,5.163614,6.283723,6.831093,1.823552,3.580480
4.759982,4.552996,9.792125,2.933966,5.822847,1.329186,3.914432,6.292607,8.329213,-0.319162,2.969382
7.725132,6.678657,9.008552,2.196237,6.343940,2.977558,4.955798,1.696975,6.193803,3.403104,3.942732
6.750811,8.219918,4.458580,3.731618,7.603236,1.040116,6.599476,3.583056,7.708545,-2.146951,1.975025
6.254199,9.017501,5.411449,1.785481,9.012376,2.607137,5.361938,3.643639,10.206146,-1.341011,3.889875
3.678911,2.445364,4.100913,3.205850,6.580237,4.303580,4.608276,6.464482,7.268246,3.989840,-0.562476
5.333021,3.200105,2.613791,3.592558,3.011050,0.331306,2.366560,5.340914,7.038457,5.737431,-1.856074
5.826324,4.715517,1.963602,1.853281,3.913519,1.574660,-1.650537,7.476188,6.806784,8.883303,-1.288857
0.661835,2.849422,4.606736,3.372877,2.190562,0.952212,-1.511571,10.260643,4.308865,8.898560,-1.195358
1.682271,4.988384,6.245496,4.027086,-2.200622,4.938046,2.335526,6.243578,5.701298,8.457697,0.524621
0.178197,1.735892,5.779031,-0.791752,-1.324522,5.004382,2.282505,4.850296,8.407941,6.155943,2.873542
-0.165843,9.037205,6.450952,7.271815,-0.508234,2.960696,2.798410,7.270825,6.707128,0.294692,6.817717
4.609155,10.324591,9.036486,3.231700,-1.343287,6.817418,4.913518,4.185027,8.506144,1.688280,-0.684117
3.158198,7.575894,7.527024,5.255961,1.886698,5.529791,1.728135,11.045865,7.763720,2.659790,3.827191
2.482130,3.073699,10.747836,3.211008,4.197146,5.345233,1.078435,7.419129,5.120832,6.018461,3.790434
4.740655,4.238144,7.927174,4.596353,5.710929,3.787725,0.237716,8.739358,5.442290,8.256697,3.657246
2.901682,4.057856,3.720223,9.894124,6.454300,5.135753,6.278001,4.695125,5.424611,2.258579,3.964932
7.189842,4.001143,2.202801,10.167186,3.502352,5.563881,4.450429,3.678188,2.363277,8.921156,0.936710
6.206002,5.770289,6.513405,6.616377,8.476724,3.363962,1.753617,5.841452,-2.272130,8.720899,2.677667
2.378701,6.105153,7.197022,8.665973,7.254047,5.414401,0.258614,6.218539,2.844554,4.807092,-0.807500
2.370374,5.668291,6.183234,6.943342,4.618613,4.572246,3.246643,3.761079,6.085460,2.436751,-1.060214
7.375817,2.374338,6.223575,5.052570,3.824256,5.746292,1.492613,2.052822,5.395884,5.075594,8.640701
6.682007,3.955165,7.599592,3.650138,5.496536,5.461856,2.306313,3.767636,5.382534,5.556868,4.694239
8.141111,6.191216,6.205473,6.667965,5.616475,5.614590,2.378066,4.450510,3.439336,6.963676,7.402322
7.838526,2.858666,8.538661,0.658516,7.609482,3.158635,3.032567,2.549805,3.884465,6.810211,9.997410
10.516568,3.251592,10.036869,2.170332,7.347477,4.871499,4.242169,3.961392,2.244832,3.136745,9.201652
8.852702,3.941858,10.915695,6.703984,5.890005,7.071491,6.601677,4.949878,2.246751,2.637525,12.077913
6.569058,2.812233,8.735444,7.714513,4.350893,4.189018,9.125620,2.386878,1.854261,2.089860,9.055493
1.980501,7.311382,6.006537,4.953507,2.573607,1.023871,9.239929,3.618119,4.924307,0.604240,6.201683
7.960598,5.275300,9.542830,1.077559,2.652165,0.742115,12.076703,2.728122,3.940126,0.676181,2.877034
9.456842,5.589932,8.192865,2.313666,2.054594,-2.307794,13.664424,3.852529,2.218895,-1.926124,4.059426
10.168474,3.028740,7.034532,6.366056,0.769444,2.314382,9.488980,3.722532,5.418427,0.770655,6.402219
10.387347,3.362345,9.455590,7.092190,5.152417,3.654711,4.110935,3.713164,5.732195,3.509636,7.738450
10.445328,3.649342,6.528655,7.248395,8.741095,4.363731,4.760012,6.328329,7.610445,1.096109,7.478400
8.812874,6.558119,6.423781,8.093549,7.750048,5.296849,6.404143,8.958345,5.850474,0.435109,6.962696
4.633986,2.175024,10.327535,5.862573,2.585258,6.966352,7.685942,10.509286,6.976853,-0.091537,5.829240
9.309099,1.486995,9.693877,3.301079,7.293001,5.968789,4.891377,7.353823,8.262870,5.493138,3.855432
9.001267,-0.481574,5.894560,6.322613,5.296734,8.112957,4.491889,6.046387,10.714636,12.048708,5.106554
5.576339,0.052159,3.116065,3.449864,3.741626,7.981437,12.751307,7.272331,11.792014,9.106656,7.992930
6.365787,3.540460,1.962384,4.335390,2.872823,7.374193,9.446099,7.222829,5.525816,3.956561,6.997162
6.792659,4.761865,3.672063,-1.115358,3.909715,7.887013,10.710669,2.577602,3.499512,3.797219,10.143567
8.179038,6.060386,4.963882,1.889187,4.325815,6.977631,7.062807,5.341209,7.875891,1.367644,5.310757
7.170738,5.074553,4.879151,1.889311,-1.422702,6.963242,4.101186,2.389400,4.744493,1.216926,5.686720
9.604476,4.889973,1.034465,6.777271,-2.070170,10.134398,4.651582,4.446191,3.611665,3.978006,8.137059
10.665049,7.617161,1.763069,4.922026,1.708044,3.020735,4.639853,2.608502,3.745052,8.318224,8.735443
5.230566,1.973569,4.574014,6.552101,0.132203,4.535987,7.607187,8.793717,0.807161,8.659415,6.066732
7.937005,4.103617,3.706387,6.297281,6.102311,2.585056,9.948609,10.434785,6.571659,8.536569,4.436634
8.684424,4.499535,6.584113,7.639083,9.454733,2.133760,6.461801,6.222173,6.792791,6.025190,4.349485
7.191536,4.509655,6.723054,4.666811,7.689452,3.231464,8.286061,-0.363327,3.189991,8.830445,4.703831
4.701378,2.273310,3.347267,6.013721,5.439966,0.934850,9.346264,0.364499,3.051221,7.597848,5.908016
5.702597,5.712523,1.255369,7.999061,10.051091,-3.722040,8.089479,7.430342,3.612060,9.410000,5.314270
3.952309,3.991197,1.281110,7.421255,9.695068,-3.634975,7.485316,4.216058,7.343954,5.720990,7.443686
3.594237,7.720463,5.587026,3.166242,12.880093,3.356921,5.051733,6.004024,5.848124,5.035353,6.829430
2.755542,3.961148,3.281845,4.883520,8.433813,6.481572,7.558728,7.162796,5.804089,5.325160,6.056732
7.697141,4.311360,7.087949,1.882735,8.270977,7.450789,6.152879,12.767105,11.633385,5.723038,8.744180
5.538106,0.655735,6.234740,1.646555,10.703106,6.416285,5.487925,12.684376,7.929723,5.578776,10.477397
7.387547,4.245476,4.824160,1.948991,7.864467,5.942279,7.551753,12.970821,8.128872,9.199339,11.423872
10.302610,6.595079,9.351235,2.062808,5.124364,4.921100,5.997693,13.875273,7.340468,6.866075,6.884658
9.247462,8.965406,8.691955,2.428835,8.926095,1.749811,5.952454,13.554874,7.263298,4.502687,6.935041
6.727299,9.322839,8.749362,5.944204,9.801935,4.708604,8.274237,12.209332,11.438050,7.091378,10.962443
4.957522,9.402550,6.515915,11.055562,11.091167,8.746144,8.362142,8.469792,9.804829,6.699878,10.816505
0.045538,11.385015,9.341665,11.709576,7.681040,8.435320,6.623341,5.204927,8.267842,6.973214,7.018653
2.196821,12.417298,4.763518,13.748784,7.624884,6.568486,8.954804,6.180320,8.995069,9.284978,8.755824
3.382872,11.527781,3.550547,15.951635,9.798257,6.882057,9.745874,10.989340,9.059139,9.133682,10.915611
6.246533,7.557720,-0.706281,9.402132,7.472521,8.243085,7.035401,11.834022,8.432099,5.072147,9.422315
12.413674,6.016810,6.237655,10.142085,7.975062,8.937723,8.205079,7.451709,5.948289,5.400447,10.708795
14.242315,3.331994,5.019446,5.326479,10.078703,7.901427,7.725635,7.158726,7.465116,6.077236,10.292401
11.495596,-0.427065,5.643654,5.804969,7.011353,10.543524,6.555579,4.446517,8.321797,9.036922,13.051895
10.102673,2.887054,5.181333,4.367646,5.853575,9.213774,6.875655,3.453241,9.152946,8.105969,12.216538
9.251061,4.574368,8.347702,9.072927,7.201252,6.780111,9.148980,6.114753,9.230124,7.612902,10.894598
10.766186,9.371932,5.285498,9.530321,7.384718,5.611373,5.617320,7.546396,7.706400,7.678342,10.311572
10.143237,14.361881,5.142669,6.655088,5.327602,7.562951,5.380086,3.933020,8.775965,8.608223,9.608224
8.878660,10.631118,9.090376,10.573093,7.668637,11.213865,9.639144,6.044503,10.675186,10.663876,8.515117
9.144715,8.848789,6.923420,7.903516,12.902612,8.025987,7.928956,5.960979,8.107888,5.915046,5.965733
4.514765,11.151302,8.593237,5.027530,11.042829,14.443675,9.586089,10.293845,8.647537,4.751377,4.068969
4.180408,13.562836,10.307160,7.338999,14.299662,12.594371,10.008195,11.632368,11.823540,1.707733,4.767282
7.099566,11.978794,11.169303,8.923773,15.764353,15.526926,8.389713,14.688342,3.571509,6.934947,10.683858
11.384820,8.779498,9.747610,9.418686,10.165172,10.023991,10.384840,11.799934,6.845019,8.196538,10.237744
10.292039,10.633158,10.584109,10.307321,7.527689,9.770021,7.688711,9.030098,8.302650,7.286578,10.731035
7.707940,11.939111,5.754304,7.066772,8.178611,8.482946,8.630907,8.444604,7.954219,6.815410,7.694350
10.703010,7.584160,8.848171,4.477598,5.138003,3.807349,8.441284,6.688422,5.810791,5.308899,10.586780
12.038803,12.910213,11.306038,7.589830,6.131702,4.169257,6.034658,6.584197,8.336998,7.126608,11.037152
10.546799,10.950748,10.725645,9.615699,7.602241,7.984019,11.843043,4.428793,8.172935,9.911952,10.833459
9.638450,8.621336,8.747637,11.248070,11.988848,7.056325,11.814190,6.962333,9.625277,8.017910,13.443491
9.064356,5.619739,10.921110,9.503498,15.938711,5.424021,9.616417,5.761254,7.778476,10.911826,9.608283
11.129906,6.510646,15.961431,6.125503,17.697568,13.639530,9.069728,8.498931,9.498123,9.069299,10.372414
6.896358,9.498190,15.672254,5.097594,14.391297,10.592231,7.281622,5.301258,5.923224,12.212183,14.714739
8.320124,8.402682,10.997093,7.141085,12.278420,5.790049,11.400879,5.405195,8.132863,6.843391,13.184323
14.480256,10.714925,12.134787,9.767780,7.420862,8.952113,13.501137,9.956979,11.743522,11.573151,12.558016
12.814693,11.132744,11.892930,6.318648,10.181698,9.925697,9.297719,12.349841,8.728617,6.155321,12.859051
11.107857,9.968860,11.689154,16.024010,9.604474,9.587346,11.135595,13.591417,7.384506,6.173651,12.785608
9.910922,7.447681,12.438840,10.017251,9.610898,10.682545,9.697105,12.330403,4.674346,8.062740,13.877390
11.308126,7.779723,12.482858,14.086940,6.067075,9.628691,11.906916,16.006988,9.048522,5.316658,12.670546
9.954452,9.882575,11.582603,11.748163,10.329480,10.384068,12.739278,14.604346,5.297098,12.356758,10.250928
12.830940,11.396964,7.560781,12.371286,16.691145,13.804657,10.852493,13.996397,4.158426,12.692033,5.520527
12.591245,10.042157,9.131348,13.894990,15.799482,11.002954,10.225480,12.905339,6.317104,13.017135,5.020543
14.900979,6.411196,15.823783,15.380895,16.783678,13.887475,10.043989,11.865262,8.485891,10.531738,13.307151
11.050629,7.173753,13.688719,12.700594,14.520016,14.634875,9.269068,8.472046,6.064301,11.929699,14.067752
11.670738,4.606869,11.760646,13.248839,16.188409,11.760540,14.016379,8.341848,7.155417,12.224128,16.906170
15.955098,6.013374,14.561968,12.126616,17.469083,12.189020,10.882338,12.020290,7.923043,9.533518,16.914479
12.584992,9.075193,12.756183,11.692733,13.252390,10.076830,10.047906,10.339072,10.103875,8.858166,9.454746
9.676133,10.243859,11.890061,14.464920,12.728573,10.260235,11.329930,10.869306,7.378357,5.801844,8.539227
10.303147,10.261156,10.976622,12.200602,14.485500,9.509539,12.487641,11.074792,12.665179,12.406787,14.569556
10.115752,7.607199,8.913622,15.371406,15.209915,9.851619,11.649684,10.907711,8.831795,10.104662,17.869889
10.034692,5.919307,7.847283,6.278710,14.783396,12.262367,12.007970,8.308909,9.283257,11.018764,18.215732
9.518543,8.543405,7.265755,10.638644,16.669088,8.601528,15.360119,9.340787,10.561722,15.833655,15.319262
12.644962,11.181853,11.290035,13.341245,15.452833,14.071886,16.364051,13.979965,12.778546,18.144934,14.194541
15.199735,11.837552,8.840638,15.249982,13.511278,11.937909,14.443265,12.524013,12.605230,15.673512,12.097869
8.930077,14.877285,8.198986,15.423128,14.465725,15.724030,13.327917,14.425430,11.426195,12.414265,8.935527
9.172306,15.373455,13.244163,19.541915,16.063489,14.365623,13.477986,11.075466,11.082102,9.826574,10.947411
11.893535,14.227418,16.089344,16.623743,13.928604,12.110812,11.559976,12.819002,16.342012,11.675898,8.328246
13.715045,10.750677,18.447630,16.263371,14.124492,13.662843,12.714310,10.556918,13.877277,13.054277,11.853501
12.506255,7.843302,19.061378,19.829070,16.095830,11.214971,11.091298,14.616977,9.230729,13.606429,12.880620
9.498390,10.040959,19.880449,16.020083,16.349661,7.424162,7.289724,12.278247,14.051445,12.308177,10.744912
10.821545,11.329761,15.969842,12.226975,11.044987,8.143647,8.542834,13.539572,13.475660,14.753891,13.671155
10.216643,16.468090,15.668717,12.142489,11.892288,8.379398,12.602795,11.632965,15.486812,14.808048,15.553920
9.788019,17.324976,13.385099,12.638299,15.568537,8.617578,17.590322,13.927388,14.206778,16.370351,11.103116
10.551758,20.205335,14.193419,12.846912,14.727136,11.028088,12.808400,13.328949,10.469709,20.150761,8.726272
11.174221,20.308843,11.588339,14.137286,15.303139,14.011199,15.500203,14.918986,10.192483,15.549595,9.394628
14.495898,17.345677,13.908037,14.199578,19.458918,13.663354,16.721176,13.909836,11.711048,12.621229,12.361826
13.529678,16.801631,13.025861,14.519761,15.493461,13.720633,13.138726,16.661328,13.541481,14.457808,10.345810
17.467824,14.601842,13.117185,17.279591,19.844266,17.949233,12.402517,12.421021,13.618992,14.291815,16.167673
18.730868,14.072538,11.440230,18.118374,16.372122,18.887525,9.318792,14.952734,17.978872,11.272835,19.202445
21.779849,10.323672,16.826509,16.492485,16.138964,15.830232,12.283378,16.251715,13.599935,13.735058,17.411903
20.575595,15.603539,12.936643,17.113987,17.111681,16.161259,10.853112,18.010856,10.075283,14.121643,14.696469
16.404002,16.857335,14.518291,18.188086,15.042701,16.048701,10.941654,14.395081,17.488953,15.513653,14.959982
10.651166,16.689446,14.062695,14.950386,17.633198,11.416786,11.406231,12.860502,14.515520,16.307303,14.464079
14.129202,19.731167,17.808664,18.652078,18.193535,15.234260,13.612378,12.209854,15.406487,18.148051,14.949487
19.920754,16.210390,19.590628,16.212998,17.997563,13.861044,13.293022,13.676727,18.106275,15.767601,11.460473
17.027395,14.540231,20.640950,17.255533,16.272300,15.939811,18.627008,13.993240,15.804335,17.752888,10.806175
17.130774,16.980136,13.192662,17.058829,13.973448,15.568722,16.594143,17.118949,20.676542,15.124585,11.581599
18.760117,17.939045,13.555495,17.345927,15.667135,16.903602,12.458946,14.074159,16.598445,17.881069,8.330175
12.827170,14.522259,16.058598,17.294981,14.794053,18.284644,10.748281,15.918641,19.369157,17.537945,7.490750
13.293177,9.590919,20.421532,15.212793,14.885217,18.230776,12.667424,17.463729,22.766264,24.629844,18.046308
13.105009,12.628791,16.404939,14.133456,13.764085,16.691649,12.579908,13.970440,18.462088,19.229809,20.254590
11.318765,14.178725,11.659395,17.095533,12.311065,17.422056,12.551782,13.763696,20.865364,16.085791,21.490919
13.084223,18.609539,14.274414,17.237299,11.261556,19.117144,10.177476,14.294427,13.607361,14.733767,20.552752
15.935962,19.567009,15.940822,16.817373,16.124640,14.622804,11.915801,17.389065,18.189768,16.181682,21.001189
12.134795,19.108064,15.295781,19.574032,17.402673,15.141879,12.269695,13.264902,17.505841,18.135090,17.140251
13.413284,16.195035,13.229472,16.943734,16.322653,16.002414,14.993289,13.667294,19.101130,20.400913,11.717814
12.757906,15.008703,18.005709,17.546484,14.400842,19.004301,15.429917,15.615672,19.285935,17.293060,14.449946
12.503215,14.019340,17.444223,16.489690,12.280164,15.446917,16.463903,15.377583,15.846250,19.120753,14.555110
11.104339,14.459198,17.189428,16.769234,13.553452,13.409863,18.470956,22.442988,17.601048,19.601112,11.334468
15.087896,11.759878,18.133142,19.481109,16.237790,18.466385,16.607284,19.866563,19.946929,21.519110,11.071826
17.062532,15.441119,16.455381,19.121872,19.742393,18.850747,14.806160,18.504650,15.318806,19.592213,14.576116
18.419379,15.882130,17.027629,21.092544,21.757528,21.697096,19.153731,17.662114,14.660882,19.939647,17.077158
14.722380,19.536137,12.607060,22.483067,21.036854,19.791117,23.592033,17.084062,12.615506,21.368638,13.490901
20.599605,17.253648,14.859400,18.436186,16.587298,21.501758,25.662470,14.383168,12.881216,15.075283,17.309798
18.660527,15.448094,19.496409,15.893077,17.161846,17.802444,25.400014,13.177146,11.618263,17.918158,19.225524
20.284557,16.160645,17.327173,17.870373,19.817213,13.080304,25.954026,13.555418,12.003407,24.220913,23.572540
22.398867,17.733173,18.322535,17.513971,23.976606,16.871970,22.798026,16.470430,13.169151,19.616446,21.494260
27.714900,14.043003,20.193293,20.869778,19.664715,19.875693,24.441844,15.710927,19.378541,16.979582,17.816125
27.960312,16.377915,18.136918,25.773163,16.495466,24.309208,24.149798,14.649485,19.126793,17.104438,21.163008
26.593563,21.831364,19.309613,18.098182,11.534225,17.542705,18.995085,17.876946,16.297658,22.701411,18.406574
24.967026,20.132764,21.293467,15.729858,13.756610,18.763026,20.966713,22.131999,17.481470,19.622597,19.984725
22.042016,21.871445,20.630744,17.999552,17.870472,19.393741,19.103305,17.287730,21.233436,22.110988,16.194676
24.965682,19.126641,21.515629,18.555686,21.333073,19.841416,23.595275,17.121152,18.765059,20.561184,19.313465
22.796703,20.101248,20.983963,16.478235,20.355153,25.623466,19.970512,19.225328,16.861059,17.046488,13.505660
20.170566,19.999333,20.413159,14.851390,17.618261,25.287167,21.905244,17.303457,21.232026,15.423883,13.363707
22.458588,21.012792,20.586758,20.680790,18.326206,23.714204,19.055069,15.692458,19.056943,18.622853,17.750226
20.130858,18.314442,18.330966,19.667945,16.130640,20.784484,20.149249,19.207031,20.935220,18.185114,18.241547
18.656777,23.159022,16.521769,22.961656,16.860085,18.175761,14.613700,19.838246,19.621300,18.948268,16.164197
22.471589,24.019869,18.777653,24.323299,21.284493,20.242552,17.677953,15.699718,19.983785,22.542456,18.166298
20.055417,21.395931,19.917126,23.861711,19.759566,21.400625,16.122776,20.569308,20.202175,22.345052,17.697737
17.624595,20.136366,15.880832,22.598510,21.971629,14.642003,18.358536,19.350969,19.986949,19.190831,15.448859
19.349666,21.218043,14.790818,20.075419,18.690850,15.151268,17.714406,23.634104,22.302101,20.803843,18.276354
18.029481,23.944414,18.510854,18.076320,19.218479,14.892794,23.028493,26.771774,15.487921,23.221380,20.793407
22.179507,25.499208,20.020791,21.810762,14.491718,19.144927,21.578743,27.062598,19.723748,19.244721,20.105571
21.057442,22.918297,22.908372,21.428987,15.214988,18.482391,25.745206,25.611472,14.854914,17.416398,17.594588
24.742421,17.305953,18.692335,18.956976,14.849672,23.140821,20.903285,20.725576,15.003881,16.526209,17.026361
20.359457,15.208549,19.254201,19.650394,14.139995,22.579165,20.436427,18.421372,14.207064,20.111396,17.262896
20.701367,15.544577,17.756606,16.917317,16.853359,23.502005,19.288523,15.546453,18.107433,14.821352,18.620161
22.484188,15.012790,15.728131,16.386702,21.053388,18.415252,19.447646,15.983341,19.655585,18.543716,18.366543
20.642562,19.034275,21.467065,20.097157,23.923961,18.990719,21.583373,18.953579,20.352602,17.668170,16.564495
20.461813,21.858032,18.612141,18.325065,20.986708,24.152652,17.699690,20.780987,19.508466,15.045067,19.173691
21.713179,21.744957,18.595099,22.076894,19.431426,19.621291,23.994347,20.091988,21.076544,14.381567,20.042849
20.029474,22.631947,20.584437,22.547373,17.665997,19.152420,24.183974,17.474504,25.077371,14.120277,18.224547
20.348262,20.446477,20.138648,21.807563,16.069989,21.635500,23.902584,15.399750,22.462514,15.653340,20.348022
19.246815,23.727936,17.350183,19.787462,20.806753,15.558216,19.536374,17.202717,16.913693,19.392313,11.604903
20.805112,27.274232,19.100175,15.383023,19.584809,17.391103,20.669363,19.247163,19.003756,18.690608,13.229739
18.496621,28.463044,21.278503,19.189193,23.286450,16.023244,18.588813,20.696462,19.361888,20.464288,11.961371
16.987600,22.834165,19.061986,16.386229,17.403605,17.780181,17.574818,18.845080,20.178291,17.013587,11.900753
19.135973,21.526927,21.660329,16.175305,15.498095,13.707428,23.715687,22.076785,19.483031,18.179238,20.710616
23.987436,22.401071,16.129316,20.066499,20.062935,17.241051,23.399227,23.213980,21.723320,16.218800,16.828672
24.059673,18.338582,19.373794,23.677081,25.410173,20.679593,20.491165,19.854290,21.545278,20.024648,17.032781
21.761905,20.645999,18.290706,21.664430,23.771141,21.306745,24.745487,20.872022,15.054183,21.541659,17.827869
21.942284,24.926381,17.783717,22.282117,22.268876,20.700433,21.560342,24.335736,14.676858,22.720677,21.631018
14.330606,21.822238,17.756047,21.183766,19.790450,21.677550,23.112625,24.875598,13.996711,21.006452,17.304715
18.834091,22.142467,14.906036,22.926265,23.927474,23.563243,21.379550,28.192984,15.658256,23.473533,14.956562
21.395576,15.581331,21.266070,23.425246,27.258625,24.160270,23.084407,26.234213,18.660565,24.293951,17.817224
20.748295,15.174649,19.009485,24.503144,24.845798,25.465151,21.887061,22.872073,19.755026,21.911193,22.262373
19.501911,21.672912,17.375228,24.371088,23.020596,21.383791,19.676936,21.020405,21.199860,25.616532,20.467024
25.662084,19.638390,17.146440,20.842462,24.117771,24.423956,25.191679,24.569801,21.283591,23.516126,23.133703
21.002645,21.708461,18.810240,24.123573,23.335881,21.158542,21.753063,22.137085,22.458431,17.101333,24.482850
18.520568,24.139776,19.611993,20.634345,26.530691,21.898299,22.402143,24.320204,23.571392,18.597758,22.676352
19.645765,24.046563,19.661681,17.174443,26.042607,16.360717,21.377691,19.033727,23.200634,18.604614,24.972606
21.694042,25.897473,16.840604,20.674970,23.990434,17.537749,23.208980,16.384793,23.950241,19.207604,22.467582
21.533403,24.283120,17.030889,17.291563,19.024387,16.957937,23.947258,19.128740,20.680690,22.991596,22.847017
22.590937,25.304650,20.361493,22.087046,18.330843,17.095375,25.907884,17.232414,22.310460,20.605910,21.604727
23.360738,22.403509,24.150400,21.103831,17.456088,20.964885,23.325514,19.461576,22.460017,24.039184,21.935194
20.962809,19.091328,21.813950,19.695080,21.660033,19.043833,21.046887,20.188851,22.551308,23.558526,22.250512
21.501568,22.067507,22.156964,19.356104,20.426183,18.503668,20.690855,18.749575,22.221216,20.383061,25.316851
21.888948,23.974921,18.860310,19.668757,22.584989,19.221403,20.219323,22.150219,25.152055,19.776807,28.124570
23.643764,23.937713,14.280947,18.557239,24.117028,25.037009,17.988456,22.853216,21.916469,17.975753,26.574639
20.230180,25.954783,17.737160,18.824481,22.372510,24.286272,19.697024,19.400913,23.319873,17.195339,26.041967
21.377820,27.019956,21.575753,16.099155,20.517196,18.823798,21.065557,22.483277,22.274868,19.043571,25.796885
21.734476,21.945977,20.507240,17.227776,23.931883,13.670632,22.560056,20.816871,21.715496,20.150024,27.420434
21.001921,26.837667,22.083144,23.499072,24.709769,19.636831,22.061737,22.158038,20.807910,20.853028,25.827906
18.868773,24.966776,18.066678,21.595873,22.611554,20.074893,22.292927,19.764491,19.373062,18.538312,26.329771
19.850515,16.511241,16.382025,16.587089,24.571538,19.202070,22.443573,21.712793,19.359439,20.198042,21.356303
17.431535,20.219275,22.118157,12.170148,20.526140,18.970710,22.766381,17.860733,19.297455,15.781646,21.738618
19.359675,20.858107,19.597817,15.604103,17.999065,19.561663,16.796437,21.411483,23.300856,20.135260,21.943130
15.928085,21.230988,17.453910,18.042984,22.218612,22.990858,20.775283,20.064307,22.861600,19.873074,18.734437
16.235872,19.225109,21.402442,17.666383,26.457264,20.584771,20.208270,19.968643,22.906394,21.606447,19.367322
20.261354,19.089323,23.336039,16.547125,24.016242,16.859109,20.884329,19.176456,22.353071,18.181058,17.954710
23.077838,18.280996,21.947558,13.767910,23.923653,18.310007,24.261920,21.460189,19.114390,16.702775,19.456620
22.436544,17.909356,22.726062,17.011014,21.025797,18.193165,23.675003,22.237013,18.621448,20.206773,21.294042
20.618220,17.988054,20.574155,15.159745,25.237281,16.223717,17.647292,23.365307,18.295602,20.592451,22.240861
20.511732,16.159826,20.596340,17.681336,26.049698,16.821270,22.545794,20.300336,22.227506,17.274672,18.977290
17.521342,17.866419,24.114489,19.369590,22.982775,18.860774,20.018553,18.466130,21.836604,15.988287,16.136969
20.888204,17.293403,20.461037,18.758558,21.565206,20.741877,24.666935,16.801122,24.150575,19.125311,19.946954
17.680427,16.017405,20.734008,19.356058,19.013495,21.826806,23.486671,13.509748,22.206597,22.018127,21.231314
18.362412,17.267801,21.359412,19.265028,17.783314,19.911541,22.960030,16.942315,23.604459,25.967702,17.189018
18.281149,18.906530,19.910858,21.194065,22.937612,24.311055,24.214606,19.085258,22.861369,26.623816,18.554629
20.607230,22.643221,18.860499,19.344625,22.390724,19.064100,25.076743,15.224519,26.184680,21.105567,21.446331
19.360113,22.094718,20.811249,16.076093,22.420123,20.434744,22.283637,17.879267,20.838424,20.376856,18.232738
21.917482,18.070955,20.637987,17.640614,19.941300,25.255261,20.637657,17.629279,20.458980,22.515199,17.864436
19.987160,17.300936,19.342027,18.366408,20.202143,23.073119,21.535710,10.655724,24.729969,22.105851,19.942154
18.218987,17.566358,18.935930,21.170233,16.740824,21.769722,19.404153,12.880536,24.544779,21.205440,19.564981
18.645512,21.229249,23.220762,21.100589,22.566851,21.694743,17.509077,14.121070,18.749373,23.818521,19.226047
20.197291,21.422307,19.892058,25.873831,21.683142,21.824128,16.219054,17.836273,18.984575,19.490963,19.243385
22.757584,20.434750,20.164696,25.168285,18.035794,23.684124,21.552737,19.820285,22.962552,17.834912,19.959349
21.716351,19.392797,21.396162,24.940923,14.780686,20.814235,19.874215,23.611031,22.882242,20.359601,20.616273
24.362015,21.150029,23.813943,22.171082,16.068997,20.333411,20.777581,23.645456,24.214101,13.786966,19.200522
20.073540,21.998084,23.069473,22.816272,18.894548,13.790762,21.681318,22.929957,21.567682,18.639838,19.437873
18.333696,21.175228,18.435277,22.065345,17.952050,18.346879,18.774200,20.176164,17.441661,20.248325,19.008900
14.582747,19.339558,18.148037,19.092971,17.462229,15.164772,18.354894,19.033256,16.625108,16.773888,16.554223
15.515657,20.902750,17.703519,18.331579,19.706991,15.595689,19.348692,18.799761,15.199353,19.967729,22.758099
12.439781,17.538193,14.724153,19.177970,22.121774,17.273778,21.243202,16.643552,19.193411,24.277289,21.762809
17.198612,18.819901,17.732965,22.071079,18.624788,17.678392,17.184527,24.667169,19.201706,20.737150,21.634542
21.390133,17.420941,21.656386,21.295616,17.765426,17.193555,17.656620,23.651526,13.249246,23.673939,19.254338
20.442703,14.051760,17.868646,20.228806,16.726923,17.735155,15.152214,20.163357,13.052009,22.237105,19.897521
21.550772,22.020924,14.648369,18.284592,16.756938,18.894274,18.969578,22.741118,15.786417,18.264996,17.840698
21.225077,15.454171,13.753604,19.183664,16.743728,16.661335,16.748410,19.786195,20.202778,17.535142,19.878316
18.735555,17.321255,9.304047,19.847944,16.931645,16.015148,16.827398,18.628656,22.824739,14.046945,16.444503
18.913985,18.828859,10.274949,19.769898,16.331849,20.259593,17.439647,18.216096,22.490548,12.813878,16.308855
15.254236,15.278738,9.173893,20.752825,19.482360,16.185634,14.010666,17.472271,16.903448,12.208591,17.240593
17.567624,17.336887,6.684897,22.198687,20.363773,17.270721,15.980342,20.369042,18.547521,9.335516,14.888196
19.933956,16.411793,10.044612,18.585252,22.855441,19.541977,13.951028,20.758668,18.780101,16.063899,15.615526
15.090771,16.059365,11.626748,17.490763,22.558037,17.207624,17.081709,14.698432,15.729490,14.964541,18.362731
15.995699,14.327924,10.988362,18.294281,18.808620,16.854372,16.805315,14.031467,16.567397,17.548439,18.349966
15.773911,15.477702,13.199391,19.218356,18.193388,16.270115,17.010306,14.818308,10.704930,18.352995,19.899696
15.761832,16.063112,14.209227,19.566329,19.066483,13.894968,18.927944,13.006635,13.342049,17.847245,24.044135
15.255460,16.248797,12.824586,18.471849,17.824928,11.725757,17.081656,17.966146,19.814636,20.054335,23.547745
13.585946,15.875241,14.414393,17.645870,15.986402,11.575331,18.377560,15.878178,16.578610,17.652490,20.730024
14.463840,17.990607,13.974784,19.615550,14.814259,14.936937,20.159111,16.468276,16.944316,17.529843,18.052309
19.413397,18.235331,17.032701,17.337710,12.654312,20.397634,19.938835,14.329216,14.950206,15.740291,16.054388
15.713763,20.851617,15.602406,15.596025,13.420883,17.643462,15.886050,14.508700,13.786023,11.887398,13.338658
14.479887,21.645272,16.022418,14.205599,11.884822,20.001042,12.583055,13.102704,12.777099,12.408467,15.199772
18.035158,18.639931,20.187256,12.997094,9.128545,15.751233,17.253565,16.630914,13.656523,10.786868,14.872428
16.316540,16.849866,18.429223,18.935718,6.699991,15.521940,16.509072,13.215368,14.075148,14.263097,14.181588
17.479895,18.299613,14.789750,16.160875,11.964546,16.644286,15.186802,15.052879,12.073554,13.951177,13.594037
14.932900,15.506931,14.235664,15.280935,13.986694,19.637059,17.870678,16.272617,10.018661,11.897005,15.478375
14.485972,16.575595,14.037327,23.279829,17.262821,18.586405,11.776378,16.051139,11.979294,12.835423,18.513872
17.018041,15.605558,18.624608,21.530361,18.549495,15.617095,13.031136,14.932568,11.608054,13.870497,17.894119
16.262741,12.598761,13.385857,16.753480,16.995259,14.209676,13.417604,15.417592,12.181341,16.041384,19.404092
12.598417,14.356572,18.643497,16.242336,12.237344,11.015526,13.687588,12.953676,15.295747,17.057402,17.231224
16.581039,11.111764,21.446888,18.537589,11.040732,9.386747,20.513502,13.923618,15.185388,16.460385,16.338145
14.991167,12.380349,14.149365,16.168297,11.243660,8.691754,20.193877,12.866268,18.444868,14.632809,13.539102
17.325460,14.583481,13.016946,11.084992,8.994745,13.313262,18.174627,15.942495,16.421036,13.605351,12.152436
14.127347,11.536860,14.944090,10.984369,13.390614,15.508199,17.165778,14.695117,19.215287,11.866147,14.483292
15.483820,15.532729,14.693820,9.773108,13.580533,15.199944,14.977548,10.018675,17.417506,12.186717,14.299079
14.531679,17.938471,11.769332,8.256239,13.165737,15.788286,15.213980,15.225357,10.132489,13.276869,15.729957
17.984873,18.827145,9.011760,10.652861,12.157477,17.028377,13.582330,14.080306,10.779922,17.142197,15.370563
14.815264,16.877611,15.033172,14.788221,13.955123,15.957253,14.139116,12.020270,14.709106,12.215810,14.433290
14.731733,14.431448,16.042024,9.219343,12.043440,15.357035,13.444996,14.637819,13.245555,13.635018,12.850337
13.222886,12.889175,14.152537,7.676567,8.660525,17.197847,8.911681,11.990596,10.482972,16.447384,14.099920
11.197323,14.061377,13.687618,12.163508,8.052664,14.188046,10.974984,11.052124,14.063402,16.412866,14.465164
9.545802,12.991061,15.462713,12.124976,6.329625,14.694801,7.187360,10.231114,13.240022,12.928730,13.602043
8.242437,14.738133,13.120463,11.409277,10.351980,14.425619,9.099296,10.565015,13.741208,13.666806,10.882136
12.569265,11.645583,15.568098,12.201565,10.981831,14.487682,9.373282,10.043288,13.937288,10.713436,12.423056
15.501270,15.334556,15.851125,12.903035,11.654680,12.205313,12.280207,5.610131,11.477349,10.583360,14.880586
18.048344,15.156352,15.407637,13.739553,16.045010,18.669095,12.168813,10.635534,11.880293,12.491615,13.878796
15.858677,12.719984,14.339378,15.370088,16.131812,19.608414,20.550714,13.381587,12.175702,12.232273,13.282098
16.300882,11.347825,15.929529,16.600239,14.105059,16.927214,20.012428,15.337911,14.645003,12.980984,6.714306
17.237757,10.297039,13.536727,12.796921,15.286312,16.306961,13.520688,15.020119,12.542228,11.673808,5.822289
16.327032,13.841597,12.353385,11.833766,17.878096,9.501012,7.992577,13.551388,11.476395,7.742886,5.670500
15.781126,15.084043,9.371932,11.365472,13.768078,6.188933,6.453493,10.555778,8.218214,8.524207,7.833170
12.521793,10.941637,12.436289,12.116030,13.400202,5.009320,10.956075,12.262721,8.458628,11.242191,11.252512
15.554592,13.585498,9.833179,15.849891,14.559774,9.130853,11.750251,11.906524,7.509505,7.867436,9.513154
10.374978,12.665840,12.252679,13.892624,15.890199,7.854065,8.272069,14.948941,10.945830,9.376248,8.519791
11.722340,11.812388,12.213399,12.044348,14.497303,5.849850,13.437266,11.433732,11.853463,9.234845,9.015966
9.402488,10.565309,11.876840,12.594525,13.319405,7.919219,9.148922,13.250395,8.325169,11.873381,14.260551
13.526402,12.251758,11.615815,11.294135,8.187200,10.373571,11.275801,9.901320,8.939627,12.944408,12.942565
12.037957,14.020494,12.086136,9.847948,11.025800,13.723180,10.904946,7.944322,6.332182,10.112747,10.860289
9.178414,9.836026,8.984524,11.613298,7.419898,11.823248,12.152592,9.103729,6.720684,9.320751,7.419930
12.341427,8.582936,9.456512,7.577011,7.880574,12.975255,11.697756,9.005065,8.596808,7.494693,8.917229
10.070211,9.591558,5.629290,3.701515,8.991393,12.820457,9.360813,6.429818,10.685525,8.630602,13.880073
13.755637,8.108292,7.506521,6.759448,9.906082,14.101069,11.560879,10.346490,9.019645,11.713524,16.709171
16.677267,10.501815,10.171269,9.934508,9.432923,15.232751,11.871820,8.983793,9.281544,14.238009,12.653645
7.359976,13.253969,8.606935,9.640720,6.419016,15.467690,10.397256,9.154971,12.099474,15.415764,11.423551
6.795425,11.405652,5.755652,10.207938,8.718492,12.270477,8.882918,16.644883,11.068013,14.910396,10.337068
8.198055,9.657283,9.605954,10.934252,9.030896,11.954727,12.589060,15.315156,9.738509,9.499782,11.819452
9.058972,12.216883,4.849924,7.758454,8.257784,13.148661,9.640415,11.627674,10.066154,7.931585,7.595172
7.139142,9.778781,8.448152,10.183782,14.600704,11.057778,10.996546,12.782369,13.251434,8.311317,8.050785
7.344313,8.358103,5.268462,10.842946,10.470021,8.601125,11.783822,11.735565,13.725406,8.191877,10.097895
7.176259,11.752444,4.074981,8.165843,7.488510,11.929416,10.266321,8.372968,9.118163,9.239224,11.341575
10.928209,8.160410,10.766083,9.896342,4.285862,9.208233,11.470070,9.028183,8.620478,7.780334,11.392879
10.536844,7.102714,11.755906,9.158579,7.011996,12.628613,10.269957,13.998234,10.497300,11.632141,6.840536
10.940161,9.158631,8.159506,13.124418,4.944754,13.215997,12.579452,14.046360,4.739126,6.445975,7.870622
11.352681,9.963266,6.369477,10.094451,9.301104,9.606683,11.174640,13.500294,5.708523,10.498288,4.598725
9.957893,9.505290,6.817826,10.478625,10.462016,8.766325,8.283150,13.694109,3.772015,10.803787,8.230673
9.900014,13.241050,8.998550,9.705076,10.789655,10.250434,9.459234,13.140695,5.515950,8.145082,8.278682
10.880088,11.282449,10.246229,11.463841,6.447886,7.844122,9.973178,14.263945,7.198962,7.402798,12.085211
11.512474,9.716040,14.066996,8.739263,11.274541,7.608125,10.796668,19.558447,13.109120,6.466404,13.580295
10.297692,10.166493,10.414330,10.549892,8.975071,10.168182,6.942307,15.234197,12.701222,3.708725,14.524097
9.507869,9.345214,10.947522,10.346233,11.519924,11.589254,3.485906,11.815718,4.726300,2.392275,15.388211
2.653227,10.172588,5.389242,12.204050,8.338549,8.119191,6.928978,10.979609,5.040531,3.895051,14.631905
6.244841,10.372741,5.641187,10.257327,12.091751,13.797277,5.208089,6.936116,2.093500,6.476633,7.756883
7.262188,11.138024,6.508234,9.251870,11.313960,9.436857,10.605598,5.958248,3.614125,5.672830,8.343034
5.837905,8.444256,6.495277,7.357195,11.766603,6.226603,11.867118,5.006441,6.258075,7.058131,8.921749
10.652822,9.912172,12.138681,9.032676,10.610085,10.106211,12.945973,4.372115,5.980367,9.520754,9.628550
15.916851,5.995112,11.312797,8.070774,4.042808,8.649765,12.819862,3.950733,3.435779,11.565271,9.677850
7.155737,5.287825,8.678596,8.045065,5.500277,6.004686,12.935811,2.064889,4.600123,8.617322,8.057543
7.187249,6.653240,9.135392,8.732992,9.697582,7.240712,7.586342,4.021315,4.365591,11.771777,10.289976
9.976884,7.715862,7.963678,6.322394,7.873425,4.745655,9.177707,11.622895,8.142358,7.851777,7.376119
10.567316,7.152677,9.821136,7.104602,6.361300,11.004763,7.338638,8.287534,5.645735,10.100991,6.870122
8.630888,2.819523,6.684184,4.629483,11.165754,11.606443,7.981812,3.633742,3.606889,9.494774,4.733050
9.067244,3.032335,7.776311,7.236976,10.670473,11.219692,9.377761,5.617650,5.180477,8.640179,5.535633
7.453510,1.513466,12.250955,2.436998,8.900010,8.654116,7.093177,5.166641,4.202373,7.666779,5.377428
7.275714,3.184902,7.706243,8.301896,10.214474,5.598618,6.265446,6.015035,-0.326499,5.224329,5.567585
3.928640,1.342817,9.957943,10.345893,8.510519,9.007299,9.034773,6.953960,0.803061,5.758984,7.061951
5.534493,4.967163,9.822805,10.664629,8.282891,6.928009,5.851112,8.726030,4.152430,7.128220,5.965389
0.948894,9.144944,10.257927,8.789280,3.241376,7.609085,8.365848,8.986359,0.734583,7.292214,9.147141
0.320523,6.219617,10.178590,5.487484,3.992627,5.675804,7.322832,10.381117,-3.986041,8.705299,10.331779
3.200992,4.388416,4.972312,5.386275,5.837367,4.675179,5.555958,8.273664,1.625901,2.588319,6.807817
2.639926,6.474682,1.379158,4.908575,4.956393,6.059286,8.404519,7.609833,5.514702,9.051508,8.040632
3.816679,9.639624,1.861043,4.661244,3.767354,3.604829,6.699045,4.907380,6.385288,5.924943,8.590540
7.475891,8.710752,3.437282,3.838197,4.254614,6.667143,6.718896,3.771797,5.192986,5.343560,7.528747
5.040711,7.227656,4.418492,1.327153,3.115178,3.925148,8.207435,3.910746,3.188865,2.254459,9.164474
7.564106,5.474241,3.235178,5.289969,4.821408,7.115334,3.705800,3.081248,4.764225,5.122970,6.295330
7.353471,4.109533,6.719423,4.202461,0.468050,9.910240,9.087621,2.630011,3.787476,7.915019,5.644212
11.488240,5.609349,7.959912,5.267344,8.158239,6.762901,7.503541,3.429939,9.651929,8.562794,7.709562
9.626104,2.784675,7.067187,7.921479,9.239020,2.672674,7.105734,6.051821,7.260715,10.945944,8.125347
6.748470,4.259335,9.028530,6.590386,8.391562,0.720932,3.189936,0.028985,7.290706,8.678483,9.412683
7.367960,6.071692,6.110198,7.540684,3.035010,2.327347,1.042257,2.687492,9.036939,7.720379,5.144276
6.462091,9.419755,8.383450,8.183450,6.809221,3.771472,2.630994,2.294502,8.292564,11.105960,7.539302
7.500094,10.671516,4.076079,11.364245,8.107220,12.160270,9.055429,3.329967,6.163690,4.229104,5.334360
6.659573,6.999316,5.686991,9.841390,5.788222,9.721917,5.401676,1.418791,5.774608,8.037756,4.727912
6.016405,7.002788,4.776208,6.424452,9.562570,3.260881,8.459426,2.711758,3.084634,7.214516,7.740118
2.491960,5.438093,8.626829,3.175479,6.276516,0.765385,6.051659,3.042663,4.951043,9.942880,9.221994
5.128181,-0.282219,6.565553,5.242966,5.033185,2.348632,5.102372,2.209260,5.330860,11.450881,7.281655
3.642477,2.459873,5.418686,6.484182,8.238070,3.402326,4.173058,0.447327,3.420704,9.235705,0.491047
4.069195,3.411218,2.174172,5.585572,9.621137,8.047026,1.782666,1.683494,5.579843,7.008100,-0.125742
4.210115,3.320803,5.075938,4.040162,8.376488,8.636281,-2.794818,6.507329,5.648397,6.731602,5.258203
4.099078,3.840847,5.423682,5.388386,13.081428,7.118474,-1.095499,3.629548,8.361595,4.261383,1.163204
1.876124,3.622280,7.802568,2.603246,14.320296,3.738847,2.714633,4.550603,11.138934,2.509826,1.638901
6.435705,6.885995,8.226335,1.210775,11.985974,1.438603,6.771876,1.653437,6.844871,2.986852,4.576697
7.722703,5.157127,7.959368,3.165470,10.105630,7.757198,7.106920,5.454006,5.241837,0.913727,7.697760
8.864272,1.425578,11.583959,2.464724,12.210803,5.897956,5.354985,6.351695,4.420212,1.668072,8.119718
4.947391,7.261673,11.116961,5.687662,7.997268,0.996675,1.770270,6.420628,4.975170,-0.960635,6.421951
5.509952,7.527387,6.369634,-1.648340,8.415893,4.767104,0.995050,6.291545,3.180042,2.684469,5.903467
4.108685,10.273556,7.738909,0.330005,6.262554,2.969018,2.769571,4.301499,7.927112,2.901842,4.411253
5.535312,7.216503,0.483724,1.847396,2.604003,4.881738,5.411581,1.501489,8.917827,-0.184061,5.239178
7.044407,4.482066,4.745176,1.303389,2.358244,1.141803,3.108122,4.977878,5.921206,4.290592,3.748939
7.508347,9.971730,2.535878,3.540419,2.662695,0.664659,2.526398,2.638243,9.633333,6.256467,4.352568
3.684981,7.513121,5.358274,2.020561,5.845676,4.098114,7.052344,-1.914387,8.579094,5.012714,8.949204
4.367286,5.727128,5.168122,8.247131,2.773357,8.640502,6.594917,2.706239,5.366708,3.158243,5.711830
5.577397,4.825932,7.351506,11.523940,3.298188,2.858622,6.620272,6.681697,6.878279,5.526845,8.629274
4.959872,5.956561,3.526437,8.828157,2.180404,4.865954,4.812517,4.804394,4.210191,5.429077,8.264152
3.582457,7.760608,7.597713,5.804704,0.900607,5.713401,4.766214,5.217695,3.283238,8.456327,2.837982
4.095791,3.470298,2.044047,5.013999,4.221293,1.167809,5.835989,2.892542,2.570937,6.435602,2.617054
3.529003,2.175694,4.915050,11.005017,5.752829,2.578264,5.501309,2.289059,1.967919,2.641498,0.694061
4.195924,3.019828,6.204371,8.141974,0.783973,3.021552,4.639688,2.756411,3.223766,0.725381,0.401243
5.069754,4.150713,2.304925,5.269541,2.133825,3.822108,2.981158,1.940508,2.091551,4.063597,-1.639997
6.072789,5.394201,4.617105,5.257866,3.124891,1.614308,0.611851,9.120391,6.676949,3.108333,-1.629557
4.946089,2.536625,5.091585,6.292404,9.534154,3.494729,-4.086977,4.156950,7.978614,4.801343,1.287753
3.287008,1.556532,7.795282,7.870146,7.078556,1.748451,-3.430061,3.379687,9.065448,6.040427,4.602993
8.271041,6.891549,7.174475,5.726837,8.058422,-0.466178,-4.923721,5.129755,2.524175,3.487136,5.370379
4.398125,4.064431,2.164561,4.526474,7.062545,1.560176,0.369514,-0.189713,3.787208,6.213292,7.247531
4.021055,-0.640800,-2.003780,4.807325,5.796924,4.334647,0.529808,-4.924955,8.083078,2.244692,5.563783
0.778546,4.833354,3.175436,6.068795,3.875769,4.659746,0.347444,-1.008382,4.239191,3.433969,4.608119
3.821707,4.098815,6.501459,8.000243,5.739665,2.941678,-1.375568,-0.534762,-0.439276,-0.138602,8.121504
4.195193,7.499873,3.539374,5.899190,6.862044,-1.061544,3.329997,-2.429163,1.330381,-1.391232,5.151503
-0.000017,8.572803,5.573010,7.524862,6.036753,-1.564864,5.440510,0.224708,0.915227,-3.585998,7.477348
1.183739,5.079744,1.807192,9.839148,5.619111,4.836248,8.808600,1.148990,0.219787,-2.214698,5.760951
7.505750,7.882367,5.637485,7.820007,2.586313,5.372878,7.446418,4.224021,0.257435,3.067761,6.470564
7.395603,9.057275,6.710141,6.537085,8.177394,6.116123,6.846044,8.726587,2.080357,7.353943,2.790578
4.301864,4.665838,5.369893,6.855620,10.660495,8.503382,8.584052,2.382189,2.529942,9.124524,2.754608
3.611933,1.688058,5.088011,10.234849,2.795959,8.437115,3.588927,7.121161,4.666312,6.877831,2.561419
4.961693,-0.023339,3.616235,6.019111,9.100002,8.841430,1.720255,9.683372,8.471535,6.858820,8.841055
5.248946,3.227818,1.380068,6.019838,6.714192,3.906082,7.270087,9.897137,3.217738,4.756372,7.132714
4.772857,8.783294,6.537093,7.076380,7.147017,4.973888,6.509256,4.466680,3.177696,6.085411,10.814316
3.503946,5.870838,8.970942,4.171887,5.669384,2.965014,5.619697,4.679906,4.171878,3.857229,10.145614
5.143506,6.293673,9.005513,4.286452,-0.314603,4.444062,2.164171,4.849571,7.157844,6.134282,13.217914
6.672764,3.575974,7.914737,5.202435,-2.318441,4.685495,11.283100,4.851248,9.169149,3.172961,10.437033
7.136456,5.352958,5.347747,4.206406,1.274040,9.062376,10.164914,5.659440,7.067097,1.792747,6.281533
6.019083,7.077271,5.821557,1.612102,1.212532,10.155310,8.945276,5.795559,5.180962,5.867750,5.150226
5.820907,4.649171,0.949622,4.171840,3.806046,9.436512,4.223210,7.154643,0.522639,6.884361,3.280810
3.584865,4.236640,3.601606,3.356472,3.722417,10.928971,3.007130,2.736031,4.781500,4.976073,3.424915
5.378014,2.954309,6.097962,0.331036,5.154571,12.228424,2.196081,4.526770,3.246410,5.898509,4.725270
6.627422,2.087430,6.389258,5.120954,5.891240,8.294641,4.891978,3.170828,2.944492,7.735311,7.819620
3.658701,4.193995,6.481120,1.587129,10.694386,8.993616,3.506639,3.574068,2.283387,8.952987,6.340243
4.635275,-1.494997,5.819729,-1.229132,14.242091,8.745668,3.937391,6.350810,0.897253,4.731236,7.979452
4.712235,-5.161052,4.429248,1.391488,9.651064,6.145890,3.983992,5.594075,0.993513,6.087414,7.010209
1.167608,-0.974476,3.487876,2.665862,8.477602,6.387211,2.920694,1.598266,0.475913,6.289168,3.009134
2.529701,-3.265064,6.885164,4.628806,0.047750,5.440522,6.413230,0.826811,0.895673,2.671648,2.202957
1.939511,2.415090,10.955700,5.412833,-0.683607,5.209255,4.161105,4.051358,3.606893,0.827739,3.255979
6.159735,2.701833,7.006750,2.941127,1.506613,7.223581,6.478759,4.609545,3.682384,2.082855,3.468581
5.396222,0.921648,10.432338,6.117232,6.737904,10.509297,6.073383,-2.068329,1.044482,1.119802,9.056298
3.930829,1.830556,9.867682,2.859608,5.473046,4.786175,6.169700,3.503440,0.038436,3.769934,6.121576
7.943142,4.352137,10.918616,2.000727,3.771031,5.073022,8.462423,3.737885,2.046627,8.216436,8.866033
6.253046,3.779874,7.129634,6.590589,4.364098,6.730844,3.985116,5.746735,1.790870,11.521109,6.695482
5.881975,7.176866,2.465953,6.115722,1.411360,7.392715,1.214423,6.756392,3.178205,9.993018,-2.048844
2.636617,5.838702,5.069179,11.126104,2.492931,1.639650,2.709782,6.246853,1.154706,8.956306,1.824966
8.644470,7.431264,6.255188,15.707645,2.833115,1.921308,2.239255,5.161518,5.256863,9.328414,3.590075
10.969114,4.705538,8.943866,13.489020,2.102958,0.678227,7.216863,4.236954,6.667833,10.035754,8.169261
11.839462,2.926980,5.967687,15.245455,1.551083,2.577588,8.094390,4.531253,5.253618,9.034198,9.441550
6.077152,3.546527,9.581318,12.252471,4.728786,6.769914,6.065321,7.306869,7.914035,8.616010,13.501359
7.592871,2.605045,6.912714,12.377333,4.026714,7.024491,7.232247,5.738903,4.958269,5.520075,9.693725
6.188982,5.190376,9.391925,9.119244,3.472301,0.064601,7.069122,5.689688,0.121305,8.062980,8.894319
6.934874,9.632435,6.791509,6.994197,2.998454,-0.275055,3.629541,3.274897,1.466556,6.822558,8.985737
8.733598,8.550794,7.793733,10.007078,5.315595,4.688631,5.360694,5.275101,4.423701,7.725431,12.465541
11.940864,11.347215,4.177024,11.708469,5.456010,7.645544,8.957891,6.770401,3.325756,8.845307,13.442898
10.021307,9.976605,4.956209,11.059743,5.335133,6.720338,8.563558,8.807816,4.916109,8.753419,11.346458
7.712318,15.473288,7.886585,10.103615,1.044927,4.402914,8.344318,7.953533,7.726062,4.582733,11.540908
12.718571,8.378925,9.584159,6.879692,2.213768,9.119033,5.776540,9.131376,9.945041,8.936374,13.619205
13.259898,9.469946,8.162443,6.771651,4.001067,11.205060,6.894936,3.509596,5.013721,7.678242,6.289952
7.852038,8.019745,12.026383,6.121194,8.894038,7.964931,8.631342,5.630367,2.811647,10.023449,8.471475
10.051554,8.785799,6.110879,1.675306,3.063917,2.170940,7.584072,5.466321,1.099824,7.425411,10.525378
9.110453,8.009047,8.639240,4.178872,3.011884,3.017809,8.164462,7.109516,7.253543,2.878575,12.297995
7.878742,10.608377,8.687518,5.714595,4.050278,3.835911,5.655803,8.734054,5.947152,7.787450,6.339844
8.375849,10.571605,8.022289,6.960486,5.036855,5.469501,10.943206,9.850098,6.449386,9.044960,6.839173
8.388481,15.313411,6.549917,8.608005,6.650986,2.659434,9.600280,6.359134,6.256173,8.612872,2.826618
10.572790,6.534424,5.696479,10.732902,6.815844,6.156390,8.475005,10.122050,6.161844,13.479961,4.482109
9.410529,10.357203,8.179638,7.223462,5.796627,8.329931,7.151740,10.984915,6.157553,10.571275,3.719875
6.124097,7.072720,6.510711,8.317244,7.616786,7.769333,6.787501,8.577076,6.708373,8.513001,5.784002
4.171884,5.885632,7.958651,6.912603,6.209351,4.762081,2.523677,5.377584,6.059357,11.466854,6.268267
6.200242,6.641365,7.368594,4.791199,10.993063,3.194271,1.754875,10.099359,4.432492,12.938525,8.013664
8.338147,3.580064,13.053140,4.720672,10.956828,3.804131,2.830037,9.179981,5.542226,11.551515,7.384774
10.696336,4.498415,14.958163,6.741472,11.045698,6.208143,2.746257,7.757984,9.049929,9.550377,7.197451
7.854284,2.707614,15.897061,10.228715,9.345208,7.889022,3.455441,7.222450,6.467756,6.844552,9.727566
8.094190,4.297477,11.708910,14.184703,11.004526,7.341403,6.106524,1.318817,9.784721,12.417432,11.693582
9.282896,2.402367,13.402891,14.542323,7.887008,8.345410,7.383587,3.711462,9.191391,11.939223,10.457209
13.070142,7.206020,12.039360,16.089603,4.805810,7.481474,11.975305,4.697407,10.349861,7.952982,10.003703
13.272929,14.115797,10.869922,20.280346,4.344552,4.742355,15.913851,7.585529,9.614980,7.815805,15.543685
7.725078,11.527216,12.709800,23.209605,5.270893,2.370613,14.020217,12.054298,11.380245,9.896509,15.898135
9.300242,9.473211,13.579408,19.708892,6.375172,9.673038,10.848052,11.081754,17.128527,7.423069,13.257890
8.620018,11.707052,10.742201,15.665626,6.862064,12.639706,10.156515,8.660681,10.271642,5.671974,9.623698
11.856046,10.963627,12.916577,14.588523,13.606796,9.021154,7.743875,11.248918,10.957896,10.069827,13.781661
12.840882,10.723364,7.721287,6.186588,9.169948,9.943099,8.491745,9.794508,10.507626,6.610331,13.622981
10.996428,14.807038,9.333146,3.976825,6.884096,10.651227,10.933341,12.170836,12.564897,8.107674,14.569091
9.693079,13.048374,12.795836,4.102887,5.290555,6.860332,9.804195,11.728027,13.514340,9.072842,11.788699
11.422809,11.896063,12.753529,6.877761,6.673475,7.115948,6.572439,13.800370,8.901363,11.273860,8.323425
12.856066,7.840153,9.822731,13.191506,14.675334,8.439418,7.009309,12.026423,9.776845,9.768575,8.750313
14.672114,10.475188,8.282305,10.532210,16.484841,10.068694,4.496116,7.914399,9.278103,10.643329,11.860748
16.577537,8.423666,4.402914,12.371852,13.744277,12.118001,0.006753,6.102092,8.261101,10.264189,6.012313
15.557839,9.280990,3.206473,12.807826,15.063686,11.746978,6.280576,10.022527,9.017196,8.835592,9.089276
15.179151,8.999566,8.806202,10.174321,15.809218,9.156076,4.343362,8.089287,13.592075,13.043073,7.871205
17.293225,7.968075,14.967872,10.167660,15.499928,8.295599,8.498774,10.861158,13.256389,9.164390,10.846650
14.504015,10.129265,8.763681,8.148881,15.104069,11.125972,9.458277,12.046112,9.300552,12.997430,12.587923
10.456558,11.357424,8.089418,7.659001,13.479674,7.372101,10.622821,14.127612,12.001473,13.073994,14.396322
9.346133,10.478774,8.383882,14.721587,10.894521,10.673214,11.049304,17.343267,10.534692,15.023567,16.041033
9.569649,12.723379,7.781612,10.670323,12.734224,9.142631,12.333828,15.231224,10.457426,13.875306,10.631390
8.570265,9.802256,13.158610,10.098636,12.054063,10.105999,13.612625,15.719514,14.514948,15.690013,10.857582
8.446589,9.224666,13.046555,10.970237,8.996440,11.596525,12.803991,14.339229,14.143954,16.443507,9.115299
9.604396,7.872588,10.977250,11.083447,10.549785,9.259568,11.728992,12.188857,9.576791,15.765754,10.340162
10.435847,11.720226,14.176077,12.283107,11.933902,7.087189,11.434872,15.922226,13.522438,14.936419,12.257814
9.631899,14.438382,15.544481,13.268459,13.776776,15.256377,10.583738,20.863773,17.223621,13.787905,14.219027
8.210321,13.832354,16.619269,9.022845,13.373998,14.447314,12.516112,16.364266,15.800820,14.145489,14.232570
8.405783,9.523081,18.347208,10.835586,14.167751,14.124262,10.306592,9.921404,14.984856,10.637924,15.259526
8.985929,10.298330,15.942899,7.766221,15.120383,10.624248,9.893023,13.815397,15.521491,15.664884,13.100707
12.930763,14.074877,16.689433,6.364513,13.149229,9.658026,11.316927,14.303036,13.031235,14.304621,13.850057
13.859167,14.590807,14.792581,11.935572,15.681344,11.269945,10.673176,11.792061,12.684826,16.277193,13.595314
16.059592,19.732031,13.390034,11.826431,17.591939,10.482262,12.047622,13.121955,14.500306,14.463474,13.047124
11.477434,17.325721,12.850064,14.709407,17.876161,13.216076,9.935493,14.656606,13.019308,16.270581,15.000928
11.896593,19.156886,13.216134,14.613411,14.388778,7.673214,12.044116,12.936359,12.684922,16.375252,15.606812
14.501221,17.397775,9.521823,14.966663,16.496901,10.298366,14.245131,14.049717,12.171738,18.459386,14.345063
12.540976,18.205804,13.896195,15.357367,12.784385,9.006796,14.021362,13.721457,13.855961,18.574646,16.860209
13.190266,17.847349,17.569930,14.929048,13.963003,12.343470,14.987612,19.572727,16.100668,13.239632,14.422798
14.061009,16.396961,18.135297,14.998880,16.763745,12.192874,11.174052,14.968037,15.699342,11.546449,15.199058
13.502762,16.831179,17.071067,11.789901,16.194912,12.639691,10.396598,8.891260,12.649331,10.962991,17.241674
16.064185,17.397201,16.421532,12.272660,11.410499,16.804917,14.506035,7.295453,11.084906,12.906064,15.878346
16.415398,17.952280,12.898273,10.039425,11.927196,15.282479,12.208973,7.313451,14.971781,11.733225,17.363456
18.436309,16.953744,13.550362,11.853310,14.754816,17.379902,13.575718,11.828620,14.864445,9.501470,21.374463
17.708256,17.404079,13.430281,10.150134,20.533525,15.416708,11.649017,12.885775,15.741081,11.254036,16.180376
15.927637,17.667453,12.765856,12.719295,20.165436,15.744270,14.348781,13.567210,15.725878,13.154160,19.967477
15.297378,17.778706,9.920942,14.202917,20.079441,16.470367,16.320700,12.612340,17.587275,17.591082,14.984068
11.779357,15.749642,10.530628,11.607270,19.073236,19.597604,18.947544,11.641252,16.223105,13.818395,17.601283
14.927283,14.494972,12.736964,13.280305,17.484803,16.540279,21.722355,9.418048,12.371869,15.504489,16.971305
13.888480,15.671326,13.183120,14.726816,16.832912,12.689306,19.407791,12.573320,17.848872,14.389907,14.555857
15.709670,8.893383,11.220767,10.587204,14.972022,10.409149,20.543009,12.129432,16.378888,12.882481,16.378350
19.051055,10.164750,12.108122,16.471673,14.858802,13.576298,19.592390,15.044264,20.902308,9.634574,14.015941
15.887030,13.366766,13.857078,17.943768,17.001183,9.540405,19.559395,15.436615,22.237363,9.196166,15.804454
18.896549,15.720437,13.398606,17.516427,13.370884,12.932935,18.488967,16.606974,23.679177,11.765513,16.717447
14.741958,12.835085,12.509903,17.372724,17.585409,19.185238,13.198106,18.647362,20.605577,15.387627,20.617164
11.597967,13.778158,13.090548,20.180121,16.878039,22.409488,14.228942,16.206260,19.220385,18.656734,17.728352
10.582219,16.100539,11.814557,18.382522,16.453682,19.079476,9.751571,14.401369,14.692563,16.358032,17.954035
16.076556,14.336120,14.766475,19.258599,17.594975,18.114220,16.146598,14.603037,16.352275,21.117629,16.306733
15.171596,17.742704,17.908610,14.345973,18.930975,18.331159,15.413129,16.821824,18.113559,20.567084,18.905603
15.494260,16.678266,14.610002,16.835353,21.010571,21.332380,16.765583,18.917935,18.013580,20.408861,18.257421
18.414541,15.467091,16.773912,10.709834,19.220480,20.337358,18.814701,15.547771,23.010215,20.146208,17.027153
17.064329,12.797073,14.485528,12.377772,16.191081,20.891909,15.228494,19.853191,18.030640,17.882914,14.140171
15.264714,12.114481,16.209278,12.788301,18.675504,19.368621,12.298995,19.122950,15.579513,22.865503,12.428390
13.593800,15.272248,14.764364,20.110004,19.855662,20.100841,16.535410,23.055702,13.935950,22.352722,11.655424
13.697899,12.386781,16.023026,19.315599,12.529501,14.839529,16.097128,22.504999,16.424729,19.632477,13.683347
12.947063,19.165109,17.772462,17.497240,17.198480,11.681148,14.251562,21.791639,17.278777,20.300819,19.311163
13.238611,16.997407,16.779106,17.576330,19.350639,10.566367,18.440162,20.803049,18.720849,19.912973,17.313246
12.736761,19.714504,15.331854,14.357966,15.356844,13.510098,22.396266,16.469260,20.433631,23.562921,20.259672
18.696828,16.577024,11.165362,17.588210,18.317730,13.958020,22.179663,16.064323,20.516361,18.631188,18.069410
17.092102,14.504242,11.108355,15.528016,19.456859,17.644268,14.679063,15.943328,20.480767,22.168891,17.365041
18.403858,12.734825,13.768222,16.666054,19.195440,17.486722,13.091434,16.285504,20.380013,23.502740,20.035501
21.393789,14.180735,15.448341,18.634490,16.468073,18.246674,16.229769,18.501351,22.736353,22.145156,20.056990
18.269006,19.791333,20.630686,14.849990,18.917030,17.751885,12.891268,21.282738,21.164689,18.692780,16.927504
18.237123,21.176999,15.407519,20.609060,20.718201,15.247655,12.934101,22.641636,23.708111,17.716758,21.862108
19.420862,23.182971,18.797862,17.392887,18.753759,15.933453,15.676808,17.311593,20.054473,20.097344,20.930952
18.847151,20.266191,18.080409,18.602435,15.466921,15.452337,16.724578,13.128709,17.665235,17.078672,20.053753
20.200346,18.461234,18.524587,16.277077,13.614746,14.242001,16.266581,13.078825,15.277086,18.424676,19.671610
18.723499,25.497034,19.601455,14.973050,18.056020,15.198004,14.123361,12.599028,16.332777,15.535368,19.984342
18.112835,23.301853,16.078839,17.279310,21.191148,15.179885,17.484949,12.666883,17.128652,16.535904,18.140627
16.968475,21.046303,19.950457,16.991711,20.950711,11.095452,21.666811,16.204922,18.776429,14.801285,20.641029
14.672821,20.873658,16.920803,21.457513,19.839906,14.778900,18.441118,17.253094,18.607637,14.494651,15.817758
18.007804,16.602331,14.306882,17.563254,16.309653,20.407625,19.515424,17.189635,21.372953,15.341085,15.992674
17.145913,17.210208,12.016029,13.625972,18.248441,17.065628,19.728829,17.464352,16.462491,16.648556,16.084660
20.475216,20.729266,15.307307,20.558730,16.989994,12.458482,21.528685,17.143476,17.193336,13.217479,18.117894
22.600463,16.301023,18.510723,16.982742,16.269495,16.812730,19.898575,16.063052,19.383581,15.974754,18.747006
20.614147,17.890495,15.873380,17.048915,19.489076,19.710979,25.731500,21.772097,13.939966,17.978045,18.476102
18.954563,17.667001,15.020357,19.469241,21.622567,22.383909,21.414350,20.453145,15.868337,21.292014,18.927039
17.943783,20.124016,15.755438,16.852092,21.786213,21.297129,16.796089,19.237431,15.152901,22.810486,21.727427
14.754865,19.418556,17.343228,16.245306,21.582313,20.270903,22.410437,21.986478,14.740846,19.880377,18.407385
11.710693,16.934164,17.077462,16.936808,24.302748,19.501124,19.236609,26.186968,17.384318,18.360207,20.997003
16.944798,19.955212,21.096997,17.130266,25.157275,12.148697,18.278595,25.322631,20.016647,16.101330,19.590491
19.643168,22.713815,18.392626,16.679413,26.190948,14.796408,15.037593,26.231453,19.409862,18.391723,20.475962
22.079566,22.412180,17.428000,19.187621,25.859944,15.298525,21.110296,25.733086,19.567005,19.344611,21.979304
22.058471,23.267337,13.639478,19.605841,22.318051,16.122207,17.887832,26.423217,21.849213,16.157370,18.226703
22.535484,18.819648,16.434235,21.153465,19.221076,13.232881,21.135184,22.454196,19.574050,13.176500,19.220883
23.114332,19.060576,15.612383,20.818323,20.669310,15.960399,15.571076,22.628353,15.898078,14.424454,20.064599
23.093295,16.699011,12.438632,23.778016,19.182448,17.167207,17.431784,20.050176,16.092865,19.478251,20.656560
23.017091,15.053526,15.189409,22.242321,17.661465,16.991135,18.150070,20.111916,21.714686,19.588736,17.758332
22.501766,18.549908,17.335052,22.547332,12.931078,20.035131,21.299823,20.967408,23.203333,20.296162,15.507850
18.907087,15.645313,21.695483,22.603888,15.123574,20.014854,23.885120,19.356725,19.203427,18.529740,19.124521
19.092061,12.830508,24.448846,24.039109,20.147574,23.404974,23.830462,16.992911,21.329154,19.254014,14.086019
19.141330,19.732344,22.765294,23.145152,22.275438,19.494041,20.857679,15.426535,24.919671,22.025546,17.446876
22.224328,23.795156,22.832694,20.173662,24.943737,21.961540,22.480735,20.911971,25.612286,22.619724,20.614287
21.152434,23.941223,23.778619,20.320837,23.395144,18.150403,24.005820,19.933038,22.364927,18.076863,21.480546
15.116704,21.801501,22.992576,21.386036,22.460591,19.328245,23.293424,19.312382,22.349064,19.838036,21.022634
14.760345,22.708028,18.690527,20.913208,24.749734,17.845590,23.170741,24.182805,22.733888,21.745248,24.448307
18.994102,22.924542,21.147895,21.571310,21.477969,16.028320,20.159650,22.454255,18.979444,20.100256,23.576194
22.439908,20.094303,21.003229,21.656720,22.558473,17.992068,19.123494,22.199187,19.543625,20.439170,25.204687
27.767919,22.625896,20.226425,20.466082,20.210739,20.520519,19.240185,19.563714,20.171037,19.992843,25.503897
21.299434,21.916885,19.120208,18.619285,20.236309,18.656869,20.652957,25.367547,17.682766,20.106511,25.891195
18.913780,21.459732,23.238815,20.192668,20.871585,21.238039,22.868250,24.155017,19.875597,17.275826,20.762809
18.252051,23.696524,23.159845,17.387198,16.423823,25.669332,19.225607,25.818471,17.135347,15.272686,16.326423
17.927432,26.120310,23.870638,19.391996,16.186762,23.272754,18.986819,20.060535,17.507629,20.990212,12.896688
22.186141,21.648141,22.756206,19.090654,16.982727,19.767003,16.874427,20.903468,19.503842,17.771551,16.122542
19.231572,19.378058,24.890373,20.339365,20.789624,21.120918,19.405685,16.103640,19.225383,21.148809,14.332247
21.462341,14.729791,21.977101,19.784772,18.609966,18.507315,16.266401,16.405465,22.752332,21.450677,15.481421
22.397564,16.986677,21.130641,16.727194,17.366553,22.912484,16.693717,19.259145,22.061959,21.701355,16.670565
17.330716,15.192530,19.214101,18.057370,19.831421,24.512466,15.094921,18.472608,23.653831,25.403914,18.572181
16.646094,17.020035,20.262198,20.764457,20.229142,22.429511,15.434076,18.738843,22.918737,21.996666,18.827462
21.284139,22.870271,17.611056,15.940019,18.025382,22.514096,20.630514,22.295401,23.541560,27.343397,21.728830
21.797466,26.056034,20.966925,18.367235,16.462238,23.559807,20.327873,21.734622,23.937361,26.887020,21.192831
19.941348,21.687978,22.020667,16.734671,17.891013,22.458451,22.529118,22.951074,22.052648,26.336323,19.250302
21.000886,23.412700,18.092588,18.422930,14.403547,18.992867,19.049714,22.982439,25.869305,23.217581,23.609674
20.228452,21.305664,16.851581,20.703998,14.702093,20.252167,13.183334,21.126942,19.146614,25.061360,17.425218
20.445538,22.169478,14.849156,20.522790,18.280529,17.608907,14.678101,25.191761,18.555134,22.547447,17.428419
24.423451,19.936380,14.873065,23.164540,17.715970,22.857600,22.421174,24.234694,19.248373,21.707655,21.590194
27.011371,19.281447,18.487842,20.622250,17.892281,22.041949,22.930971,21.923231,20.548917,20.904709,22.340979
23.865946,19.479108,19.229304,18.234816,16.596901,19.469246,23.584770,23.802117,20.424275,17.720635,23.056847
23.306589,16.030532,18.908907,16.207786,24.439161,20.048752,19.178444,19.851548,25.825531,18.484181,20.543804
22.473025,14.777257,17.770760,16.098607,24.604915,21.254574,16.744803,16.955757,25.409606,17.240654,15.929658
19.801897,19.881464,19.558484,25.200518,21.092674,21.212159,19.409642,17.037974,22.268122,17.689695,15.362967
19.901314,16.287996,21.839241,24.547699,23.364369,19.415216,20.475271,13.132917,19.086889,20.663910,17.849264
21.292063,14.215356,23.429687,25.907641,24.527238,23.266147,21.331999,19.258008,19.673795,19.892852,17.883692
26.139934,14.584482,21.485609,21.530504,25.883926,21.794413,24.616100,19.765541,20.137340,20.285423,12.423738
25.705370,16.192226,20.249807,25.763254,24.628621,22.752986,24.575863,20.850166,20.268732,23.141289,19.269947
25.837847,20.667387,20.119395,25.205036,22.963951,23.530181,24.738646,22.552818,14.322474,22.772354,20.815836
22.990139,18.875461,18.219264,26.115720,25.248731,16.598903,23.331474,18.251641,15.487182,21.571500,21.661475
20.254324,16.641529,18.467019,25.553397,21.499641,18.260092,16.634830,20.242069,18.521820,17.736189,22.035620
19.659069,16.692353,21.539969,21.737788,20.141362,18.813229,17.703490,21.386625,20.338484,18.836171,18.884046
18.204565,17.118997,19.818981,22.194893,23.448160,21.054448,15.239121,21.554379,22.666748,15.637396,22.804964
19.714424,17.787003,21.842344,21.991342,23.479247,19.222637,15.495783,18.834682,20.207338,16.954423,22.952554
23.250587,18.951628,19.103785,23.330488,20.918004,18.830282,13.224975,18.270178,21.968432,18.554783,22.582338
19.246183,14.539077,19.028571,20.287375,22.004823,16.558481,16.542932,16.586213,19.763378,18.577443,21.629050
22.343968,19.682096,19.733656,20.955419,22.717587,15.258460,16.029912,17.132057,19.492501,14.356380,22.029446
21.193629,17.700485,19.294753,19.159264,21.460740,14.935075,20.167249,19.304561,16.839264,16.885509,20.670501
22.525917,17.543897,16.842634,18.597147,19.482937,17.033033,19.451294,21.667823,19.850966,15.584944,15.146632
21.857805,20.653217,21.172475,16.831942,22.032938,23.269137,17.787771,20.544932,15.620059,18.579185,17.370336
23.834868,16.410609,17.198518,17.947118,24.378460,21.769121,16.305719,21.022861,19.215923,19.233000,20.981073
21.290293,13.744851,17.080844,17.219229,24.874867,24.158365,16.157486,20.631024,25.834104,15.944098,17.393832
18.482053,14.511433,19.174183,19.634043,22.145072,23.584493,20.016205,12.397966,18.275702,19.004937,18.849886
22.775362,16.544237,17.000918,19.196907,20.426109,24.939232,18.978432,14.858321,16.396510,19.490554,21.487817
21.265265,20.027036,20.912523,17.513253,23.349040,24.867322,20.207148,15.962985,18.180706,19.727273,20.722229
22.563582,18.233078,17.592091,19.146955,23.057960,25.727858,21.312471,11.673512,15.380010,18.262820,24.341378
21.447517,15.911182,18.985978,23.720314,23.871168,23.110427,19.490047,11.645640,20.343579,18.747924,19.971226
18.168440,18.020629,17.400430,22.034503,23.888050,19.559409,15.539166,10.585725,21.418891,22.676304,21.891047
20.608867,18.592459,15.052852,22.977490,21.353491,23.344176,16.708271,12.526814,22.465958,21.745085,21.735653
19.543693,21.230191,19.940587,15.929245,22.311448,24.850385,23.032819,13.303180,18.497694,22.105256,17.816327
20.982215,19.024543,13.972008,19.593946,17.327202,25.635967,19.757856,14.255394,18.124111,17.951174,18.306541
19.443242,21.812598,13.872162,18.112357,16.348426,29.348040,18.621311,14.552100,17.232210,15.845855,20.833526
20.290001,21.247679,13.771857,20.094822,16.562403,29.910194,20.116070,16.355869,16.041482,20.063925,18.921227
21.405298,19.275237,13.716622,19.215885,15.204426,22.784791,19.620316,17.243002,18.765116,18.456099,18.004313
20.442435,17.544199,17.757129,17.278134,20.474333,20.388990,17.391801,19.950824,15.803818,16.671740,16.769158
19.087662,14.651849,17.819372,18.350871,17.362648,20.336920,16.261355,22.933172,9.582301,14.869085,14.778541
16.645301,14.957865,20.762059,13.171301,20.215237,19.485166,18.209797,21.765131,13.893909,16.298195,18.997188
13.074118,20.242355,17.044654,12.013085,23.422982,21.124669,14.562501,19.920364,12.744142,20.705035,18.343473
9.495142,22.746147,14.802831,9.842694,16.884748,19.344728,13.304241,17.805607,13.666076,20.687458,17.457356
10.297190,20.935765,18.396715,11.762773,14.232952,18.645302,16.865851,19.659648,16.197511,22.057855,15.993182
7.747047,22.660332,16.650598,15.236407,20.563952,17.009352,20.293346,20.160682,17.303500,23.391511,15.648918
12.732747,17.756609,19.323547,14.900508,20.155193,18.018497,21.062753,17.820149,16.046807,21.047597,11.288199
16.426718,18.146304,19.118218,14.452763,20.443382,18.774299,18.653147,16.354523,14.416622,18.256432,9.881376
18.161525,16.370182,21.532112,14.090606,17.080022,20.253986,20.804262,18.043236,12.728322,19.350702,12.782129
21.288373,14.344530,22.634998,16.941574,19.095014,15.425919,20.134467,9.746824,18.402371,16.067479,15.750257
16.451633,16.977287,19.222056,15.239921,16.433527,16.186724,14.779454,17.114948,19.762564,13.296421,15.939321
16.557844,16.261624,23.533387,19.691534,14.060168,18.065320,15.651797,14.005933,17.523881,13.152403,18.657942
17.711586,16.101527,22.028896,21.158920,16.273581,19.885457,15.222175,11.981488,17.541349,13.218266,19.904677
15.768485,16.361124,17.170722,23.600821,15.523372,17.981387,16.859634,10.516866,16.334190,18.821414,22.418142
16.150690,17.816688,17.260935,19.529977,17.775085,16.739867,16.571494,11.690230,17.829126,18.986070,19.566182
17.510261,19.384929,15.449712,18.372493,17.863050,15.213374,12.183950,14.994328,19.238805,15.521797,20.244446
15.787873,17.382654,15.966598,17.572625,17.118743,13.238572,14.715100,19.453736,18.343092,14.481752,16.932629
14.818307,20.081862,14.921956,19.739853,11.845642,16.828467,14.462161,17.196933,20.100489,15.034684,11.088786
16.756498,17.511015,13.008561,22.609747,16.454458,16.878201,15.178506,18.515690,13.740818,19.093268,10.464409
17.885233,20.573528,10.055800,17.371660,17.308141,17.277581,14.357926,16.075291,15.446067,13.704459,11.433812
20.428785,16.488750,14.548949,20.177358,16.394335,17.328577,13.583771,18.292655,15.110033,12.601299,11.909288
17.791848,11.748446,14.732162,18.531373,10.000153,16.484877,16.892126,18.089143,16.256418,14.070193,11.167683
15.916121,13.675443,15.952896,16.986244,10.143365,20.195529,14.631812,18.520503,13.176854,16.790101,14.132043
11.990081,14.910133,15.204233,17.674558,12.919211,17.151263,7.488357,16.446075,12.166948,16.117523,16.412556
11.390094,19.162125,15.813756,22.627527,17.106511,16.558037,11.183754,12.427413,10.265486,13.473431,16.104075
13.784258,18.605350,12.607783,20.948427,16.627610,14.057861,14.808982,13.379530,15.533426,12.948489,16.196818
11.168520,16.176164,12.336274,18.714505,14.918142,16.724864,15.071189,11.902005,9.976635,14.208450,12.721106
13.308978,15.986509,16.227817,16.531812,12.247028,12.889165,12.820767,8.807084,13.424489,16.771450,14.159699
16.576891,12.208362,15.957972,13.443150,12.673515,16.902877,14.182660,15.607401,10.317234,18.186558,13.726385
16.628901,11.279116,17.270244,16.945037,17.518406,20.223022,12.764217,16.804840,6.772436,20.014745,18.018303
14.657391,8.894106,17.939660,14.274768,17.046087,15.656821,17.535431,14.776895,11.634765,18.901325,15.164920
15.886285,13.464510,16.738583,15.845427,17.038437,18.531925,16.118070,12.947973,9.824035,14.190398,14.597737
11.346274,11.260564,19.300391,12.777901,17.598428,16.472143,16.339812,15.198973,11.359014,13.031273,18.193511
13.355552,15.704122,17.957379,5.873893,15.388939,13.853301,12.165945,10.153657,13.154485,15.058866,11.441445
12.381802,17.455480,18.593987,11.040862,16.315302,11.630333,10.959960,12.447857,12.635560,14.198897,13.443175
14.089924,16.410663,15.984543,11.380378,12.145667,14.457495,13.799229,13.972244,16.562950,13.352502,11.268997
15.435632,15.039586,12.326760,11.552509,11.776006,11.430752,15.528381,14.928316,15.568934,16.369862,14.291666
12.480307,19.249543,14.412912,11.936033,10.594816,9.289129,15.191043,14.645349,17.721975,16.529760,15.333539
4.166993,18.273123,13.867353,10.051805,10.752775,13.035290,15.035347,13.057872,15.300054,11.628690,11.551065
6.327227,13.953044,12.136085,7.285680,13.406859,11.215791,12.920986,11.005851,11.854041,11.805282,13.365297
11.294938,15.481491,9.355804,9.351896,15.551673,13.554329,10.407448,10.363397,10.698332,11.590657,14.667425
8.338062,13.242260,12.277186,11.668594,17.157545,10.411453,8.940135,9.519756,11.360023,10.047767,11.055425
7.123694,11.124802,13.523904,14.562861,15.242302,10.606085,13.467761,10.999763,14.121906,12.922154,15.650546
12.242801,18.095331,16.789418,13.009799,12.813607,14.742750,14.070097,12.672158,13.104267,12.045075,14.792963
14.301707,18.183671,17.070101,11.750082,15.211490,16.295449,12.693520,11.897878,11.832478,10.575863,11.581925
12.977311,18.287148,16.000707,6.986692,15.791116,14.671992,10.669793,13.728438,12.970410,10.625813,11.391435
11.667739,12.841858,14.670904,12.934829,15.348735,13.322390,10.774657,15.997285,12.734824,13.162928,16.317982
7.307616,13.967949,16.409602,11.863829,17.194606,14.540783,9.158312,16.799799,12.001391,12.890812,18.430378
12.759144,18.101950,11.267705,9.746645,13.055236,9.119771,7.289607,13.045840,11.817783,12.070613,16.428864
15.520777,14.795771,15.383836,11.380776,11.276147,10.852171,10.623046,12.309682,16.346316,13.159884,16.392061
14.639993,14.410834,14.254120,12.515656,12.986264,10.547527,12.928325,12.521081,12.162057,11.103737,10.472666
15.345826,12.220122,13.216001,11.574256,11.737967,13.621891,11.060311,8.869223,13.350929,11.052618,11.206696
12.108468,12.075864,8.923464,8.440802,8.834885,12.036020,13.391405,15.131733,13.341435,8.366838,11.335850
9.070127,8.128257,11.293280,8.955572,5.399521,6.929841,12.951677,16.178814,20.220825,11.094853,11.121699
11.010458,8.220157,13.991094,9.667729,4.355766,8.979768,11.698021,14.908190,16.174495,9.908175,8.434779
11.105418,9.897722,8.982807,12.219229,9.468386,8.906256,12.113772,14.076371,12.751435,10.974460,9.695964
13.472059,8.177883,3.459662,14.721982,11.361019,13.270280,11.435112,17.528214,13.212580,11.826776,10.088326
9.661262,11.098018,6.039038,14.025625,7.691385,14.642519,8.757424,15.406970,11.005111,15.883460,13.952360
6.889871,9.284693,5.930036,14.446172,11.957420,8.106655,9.220136,12.643095,11.787941,14.234116,12.365029
11.617261,7.932854,8.457296,12.300784,9.829928,7.818471,6.769166,4.914296,7.179062,10.036221,13.082021
15.547147,14.470952,5.680763,10.507501,7.425333,10.530576,7.954613,8.864871,9.284484,11.856398,14.990559
17.061610,10.806689,3.587984,6.575527,3.302701,12.223282,3.029481,15.408850,11.399688,9.595067,10.318643
11.620303,13.475427,5.517431,10.560763,4.165177,10.200705,6.100664,13.567705,9.641620,8.470710,11.549974
7.440938,12.480559,6.992557,9.819390,12.640953,10.142289,11.751310,13.841467,10.950396,11.489407,13.246123
8.335552,15.283655,7.681948,7.417293,9.060908,9.089516,13.745588,13.893246,10.273179,9.583292,13.543057
14.178506,14.486952,8.910084,7.398552,9.206726,10.063718,14.781722,14.320494,11.485490,9.188270,10.046600
15.696182,10.751933,11.632950,7.499794,13.089586,5.341377,10.535339,14.347727,7.000350,12.796965,9.072803
10.341198,11.568731,11.584426,8.492282,9.820025,3.650482,10.663295,14.509802,13.186792,12.477198,10.703432
7.560011,13.246654,9.949267,6.419286,12.115359,2.723108,10.608890,14.836223,13.094173,12.435936,10.169209
14.648973,16.035105,10.963280,11.167039,11.332461,4.260517,8.901714,15.345844,11.710319,11.302642,10.875936
11.634976,12.240343,12.963893,13.658236,6.162229,7.022338,15.534780,14.754808,16.132473,12.426893,8.295845
14.479040,10.266323,13.250141,16.303147,4.303919,10.494824,18.851323,10.270801,10.042524,8.085279,8.925441
12.855470,5.958950,7.070070,13.468843,1.488477,7.185771,14.453100,6.658665,13.587980,5.709188,10.019630
7.134142,6.673938,10.807545,11.823990,9.068088,7.428284,15.670558,11.237748,12.137577,9.872768,9.194217
4.445991,8.310941,12.264116,12.806613,9.675526,9.240828,13.601021,11.388973,11.534962,12.476908,7.213874
4.815641,11.437261,12.071434,13.174381,13.502310,10.261743,9.146446,13.118516,8.539138,13.575184,3.886015
6.670328,11.749771,10.043621,8.613340,10.273812,9.919925,8.502180,15.542370,4.119490,10.859439,9.753950
10.699218,10.675018,8.365007,8.438863,6.311842,15.580714,6.446421,12.604026,5.850401,13.701674,8.949942
9.059559,7.749682,7.650740,9.959672,11.478396,13.157118,8.164190,13.841177,7.201321,9.558116,7.458192
10.863924,6.937366,9.323819,5.827796,13.907136,9.738264,4.013348,8.076454,9.439353,10.965604,6.499551
6.684000,11.735484,10.100194,7.049743,9.979109,8.398946,5.448474,11.049306,4.892366,12.659631,8.799376
5.162265,9.052131,9.983347,7.301858,10.824260,10.461551,10.136967,11.886724,12.050608,8.451387,8.664200
9.594420,8.526480,8.216760,5.393748,11.198598,11.276460,9.709005,9.686007,12.470135,8.125808,10.651132
10.305424,6.264253,8.510195,3.682231,11.471954,12.650184,9.055105,4.169587,15.801637,9.834306,10.241225
9.628068,4.774813,7.994668,4.116575,11.081673,11.743628,11.163077,2.814664,10.209441,11.272391,11.330065
8.096159,7.223111,2.760261,4.639110,9.265385,9.988630,8.368030,1.552117,14.440292,12.306033,6.619368
6.812754,5.702079,8.019562,4.617954,11.278912,13.039497,8.433052,4.835129,11.683250,13.853140,5.320448
8.152641,2.892170,8.866992,0.519483,9.453835,7.903836,11.197890,5.024374,8.372526,14.250397,7.822540
7.212221,0.660090,13.114688,3.353854,9.461651,5.558100,11.096023,10.026085,8.380608,8.688787,7.972977
9.391265,3.851259,11.440025,4.695456,8.482636,6.958650,8.653692,8.916462,5.443169,9.189862,5.110859
6.409878,6.773650,10.597388,1.799508,6.959144,9.322484,4.342695,9.088954,10.720135,8.369132,5.279640
6.496437,10.909272,9.673858,-0.166242,5.068621,8.167873,3.504823,3.353142,10.303359,8.990670,4.772964
7.842085,10.726866,10.154502,2.068853,4.284493,7.072273,7.711367,-0.660920,4.369561,5.573850,5.623792
11.827468,7.083851,9.414678,3.761284,6.432253,9.764979,5.282211,5.057167,2.455251,5.598890,6.279377
7.847783,6.091667,8.919497,2.464132,11.588778,9.396774,3.046619,3.715593,5.988945,2.025416,8.252839
11.257300,7.694028,8.015457,2.948950,12.945509,8.065464,-0.581767,6.488857,7.303120,6.684098,3.132961
8.221386,1.740309,5.154172,2.590036,8.450021,5.444273,4.727050,3.830061,4.172195,8.137297,6.999615
11.188982,0.782897,7.869115,5.432916,2.784226,8.271292,6.440976,2.992705,4.422894,5.859718,6.830443
7.012487,4.404876,7.955599,6.524245,1.219729,5.872668,3.015893,6.515797,1.376721,7.774424,6.999776
3.825279,4.383765,9.583566,3.663425,1.108180,4.463646,5.053045,5.890142,2.614583,4.051469,9.154637
3.804953,1.499751,6.746195,6.627254,0.556432,3.053106,5.078069,7.561249,7.677738,4.630749,4.242387
7.282845,5.571311,7.578095,8.404189,5.477386,1.547470,1.929066,2.921929,4.822244,2.748570,6.415146
7.481593,5.933468,5.417557,6.816302,4.155121,1.989310,1.806279,6.050441,6.546580,3.609652,6.138223
10.254828,5.757388,10.047891,8.640093,8.747839,3.118128,3.202976,7.708483,6.103436,5.149665,4.929479
7.382103,2.033399,4.122290,5.096581,8.151518,6.811821,10.108273,11.215301,6.121251,5.787064,0.290300
6.623467,6.410693,-1.367319,7.794928,5.311244,7.695042,8.983144,9.969062,1.275888,3.933158,1.014548
6.376650,6.586604,-5.586066,8.062576,2.102865,7.498244,10.886296,9.504325,2.391963,0.874598,6.978951
8.122076,3.544503,-4.700671,6.464313,-1.092920,2.980098,14.837776,6.633903,3.320705,2.799093,7.901932
6.409606,5.779517,0.158275,6.718915,3.401340,3.734476,14.276345,8.725390,2.156820,4.103968,4.318122
2.874596,9.405913,4.514372,2.232834,5.264266,3.011910,11.441451,5.006120,4.704005,3.111405,6.559892
5.529044,5.724865,4.189253,2.761258,3.562437,5.081590,8.228930,4.766860,6.034410,1.730330,8.720829
3.117203,6.567920,2.526179,0.448715,4.272724,5.860225,8.274786,3.548804,3.825551,8.673843,10.879304
3.304946,8.353205,2.439317,1.673192,2.979507,7.631887,8.105395,1.585427,2.686159,7.278082,10.198568
5.980589,3.981095,1.443151,3.376626,3.822817,7.676521,8.126275,-4.051936,6.917850,8.917857,4.481636
1.096527,4.542253,4.900473,6.321213,4.410447,4.924038,7.942670,-4.728728,8.108917,10.770231,4.529031
0.130719,6.530557,3.988220,6.618629,7.233813,1.184675,6.247562,-1.999768,8.901744,7.580005,8.164181
2.852352,3.526123,-1.150476,6.351271,5.204989,2.744885,4.451899,-0.816130,6.723176,3.503623,7.983814
5.549555,0.746234,-2.690972,6.499378,4.053641,2.818230,2.939900,1.125637,4.871063,0.581017,6.564089
4.871823,-0.425479,-3.660728,2.290298,4.068646,4.771117,0.311106,3.563843,4.385259,4.057221,5.041540
6.443010,1.430951,1.824450,3.542579,5.009118,2.967858,5.738895,0.556757,7.400779,1.956635,4.085617
1.793345,2.310265,3.261872,4.815709,3.036574,4.320687,6.267894,3.269349,9.597582,3.071014,4.053516
2.654208,0.589039,4.273094,7.896599,2.242497,2.312750,6.123831,3.889108,7.197101,3.282038,0.624120
0.901533,5.801838,3.928848,4.032097,4.812029,0.576872,7.687222,4.868549,6.862783,2.836093,2.320463
4.567754,6.237843,2.680751,9.584331,5.794403,4.482200,8.344698,7.906671,5.565423,4.800811,1.173085
4.793867,7.568698,2.347077,11.033614,0.714336,7.120171,4.593148,7.159142,3.949171,7.535881,3.096907
3.358557,5.435733,1.769471,7.968101,2.438856,4.263156,1.645369,5.022875,1.481109,4.028746,2.161831
8.791651,4.681277,5.024992,8.709066,2.378459,4.423167,-0.201045,6.818208,5.948782,1.670710,3.600629
8.182423,4.576595,4.620585,6.235175,4.925825,5.242863,2.839681,7.558402,4.305976,-1.808870,6.901917
3.095947,4.229673,4.606650,7.246714,2.949710,3.276027,2.032283,4.766144,4.755731,-0.546767,8.869071
3.912359,3.702825,6.669940,3.852255,3.687054,6.892563,3.363754,3.498737,2.337475,2.785464,5.690715
2.133502,2.951633,4.412238,4.167451,3.617830,2.013725,4.789473,3.084647,2.733291,3.196434,5.693816
4.279944,-2.985639,3.729693,4.240576,3.903063,2.200439,6.204651,3.576360,1.361996,2.116482,0.370465
5.921619,-0.176806,5.641848,3.077226,3.502719,0.776370,4.361098,8.024882,1.999587,1.874299,3.757160
2.948543,2.368335,3.308967,3.298184,2.348003,4.504431,-2.802641,12.850256,-0.174337,5.675920,9.661422
4.604115,1.694915,8.694538,1.137777,6.587908,6.217363,0.489732,5.446246,3.536693,9.245237,5.932258
5.595671,5.363108,4.232949,0.565776,0.250569,2.328455,7.789889,7.951459,-0.156627,7.415518,3.596740
6.502946,3.872375,8.091191,-1.030820,5.299533,3.186030,2.896772,7.176092,4.462413,5.404239,6.096865
4.579176,6.600741,6.296251,0.590131,4.582883,4.330299,3.340664,8.036197,5.080473,7.812936,7.060247
3.517774,6.854013,8.129878,-1.689546,2.373702,3.348008,4.790091,4.157646,2.468716,7.593569,5.748287
4.376996,5.056529,6.815863,2.065165,-1.367271,4.038610,2.002108,2.575930,4.992583,7.752365,6.637234
5.422036,6.135044,8.918500,1.227960,1.752292,5.756945,2.601554,7.715652,3.047229,5.135169,7.500254
9.323436,5.844591,7.867568,-0.334605,7.458701,2.859374,0.109929,4.174446,7.225157,5.573186,5.293949
11.098778,4.956666,5.387023,1.190254,2.772422,1.329575,0.949806,5.083331,2.806819,4.532567,2.772938
6.724165,10.508944,6.526155,3.600955,2.971191,2.891333,8.366566,3.001407,1.464750,7.221538,0.461004
4.945594,5.828855,3.691748,0.644649,-0.718447,0.029527,5.521761,3.591560,5.688048,6.876266,-0.460287
8.006385,7.841577,3.121413,4.681665,3.033567,-1.519686,2.992403,3.584753,5.151765,2.242151,2.005813
5.911166,4.457429,3.923090,9.917305,1.280455,1.982008,1.442609,1.534155,7.150194,5.266786,2.406142
5.816295,7.239357,7.681417,5.926208,-0.353733,1.871969,2.258774,-1.208144,7.050217,7.934610,6.932617
6.666679,2.513447,9.237029,3.265425,3.065011,2.969345,4.961388,1.824800,3.439128,10.920612,3.321353
9.208234,-2.239468,7.692654,4.757660,4.260662,2.224992,9.957128,4.025730,6.500991,8.694595,3.981536
4.741489,-2.293635,3.662141,3.692455,6.758797,5.500531,7.867350,6.070260,6.643858,6.668521,6.056807
3.311389,1.732866,4.265684,3.062598,5.261633,7.177434,2.302628,10.564024,6.659753,3.985442,3.570155
8.249911,6.648116,4.781515,0.043965,4.099969,2.677071,6.916382,7.629125,8.216796,4.585195,5.248239
4.690107,4.898585,-1.411352,2.013973,10.264565,2.559362,2.885732,5.685030,10.524055,6.750818,2.308751
3.938650,5.485238,1.572134,1.425682,13.256172,1.125065,0.831721,2.201810,8.987952,4.037873,5.894183
6.637649,11.744997,3.831465,3.612067,7.039799,-0.331039,4.066583,0.538878,7.856165,7.491098,5.311821
6.302881,9.910011,7.656342,5.955303,1.483785,3.583477,-0.003655,2.156921,9.036718,7.244407,8.787075
4.845057,10.847692,9.350300,6.384558,5.533856,1.650056,1.341940,4.501680,9.306519,8.547632,5.131117
4.898970,3.214463,7.978762,1.943277,5.737750,6.879753,0.889195,5.689648,5.745886,5.728372,6.869785
2.059020,3.331650,2.336031,8.371693,5.860331,9.719442,4.606650,5.757897,8.847703,3.132237,10.858402
6.734013,4.328353,2.498413,7.560844,9.822689,10.097321,4.722142,5.801685,6.036212,1.062402,11.185971
2.476750,1.287652,2.758561,9.541186,9.876921,6.408876,6.740114,3.631337,7.684179,6.583957,7.537627
7.102225,5.833669,1.302855,8.023266,12.271048,7.949087,7.598409,3.214213,8.453762,3.769288,6.072454
12.035999,8.964945,3.877747,1.699475,6.223620,6.302920,9.123022,0.785670,0.835384,5.101388,5.118340
7.614684,9.231215,5.866167,2.579367,1.035885,9.463419,8.205307,5.730832,3.367156,2.435012,2.108817
3.054916,6.202663,4.517323,3.137353,5.363987,2.779564,7.421183,6.023571,8.328428,5.179007,4.106243
7.304213,10.204597,4.294305,3.072731,6.416242,6.049359,7.155421,4.767961,8.179477,1.695075,5.410405
1.898796,9.797649,6.125856,3.702154,5.333277,3.917859,10.284648,7.863423,4.912555,0.475936,0.639429
5.731334,6.129088,2.990389,3.861399,4.849841,5.450280,3.269965,5.616457,2.729596,2.603343,4.055959
8.105964,6.337739,5.990134,4.709472,3.440176,4.815257,4.644298,6.981145,6.182485,2.361037,0.545552
5.966433,4.252179,8.890613,6.159080,3.047918,3.378105,5.581986,10.242032,8.524010,1.004564,6.372142
7.410935,8.290170,5.580076,5.797381,8.665472,9.697955,7.305280,7.900427,8.693615,4.349471,5.790911
3.501462,5.360101,7.405263,5.882998,11.319727,6.717906,7.582080,5.204023,6.768732,6.628383,5.381679
3.806148,3.251933,9.710330,6.632577,10.526952,2.959199,4.347816,7.916393,10.877488,7.366613,5.978115
3.190406,3.538480,8.015368,6.318603,10.582467,4.049895,7.322837,4.969009,9.835466,6.955388,8.760123
2.366340,7.691553,11.069865,2.719365,11.559454,6.875008,7.019543,4.130540,10.618496,9.065173,6.152438
3.817231,5.875849,10.437784,9.370034,10.385081,5.662393,10.244478,3.095780,6.976650,7.908846,8.703447
6.378941,3.056412,8.791870,9.537577,9.055571,5.219516,5.993372,4.049272,6.553194,7.962830,8.304840
2.580722,4.830117,9.760846,10.334499,9.179410,5.975813,3.887507,-0.396891,8.839751,10.993323,6.529640
6.247579,3.755223,8.199876,10.449505,8.964388,8.520474,2.057325,0.995306,7.428609,5.105708,4.283185
6.542498,-0.163876,4.084446,9.908990,7.760617,5.592721,5.450090,5.828924,7.445920,4.156711,11.637629
4.914422,4.012832,6.364617,7.773826,9.833227,6.227207,11.357062,5.540195,7.082937,2.286115,8.698954
9.152817,3.023341,5.094075,5.627425,12.042534,5.360511,7.386278,7.034875,8.807556,7.296553,5.083818
10.525065,7.878898,7.977800,1.960212,9.400566,10.372267,6.765581,9.129532,7.118314,5.201731,1.805937
9.229403,8.452585,2.320425,1.227684,8.025274,3.024150,7.158762,7.693192,6.098577,4.745615,6.898003
4.281816,8.362907,1.845280,4.857551,11.484138,1.655039,3.969851,7.689156,8.312330,6.094487,5.785344
9.004440,8.364424,4.623489,5.630780,10.547811,3.217080,1.367407,3.317393,7.973804,3.073186,6.791494
6.626805,8.015997,4.244323,1.118651,10.447066,3.338838,4.143730,4.659954,9.125376,6.360446,3.106980
5.335260,11.508734,5.142625,1.938092,7.168021,-0.180451,5.409525,9.360479,7.742549,6.979630,4.047972
8.956642,12.654918,7.484752,2.738053,8.954564,1.867056,5.049363,14.228603,8.970816,8.008217,2.049240
4.895786,11.487193,9.504991,5.093975,7.273436,8.475087,6.906306,13.357886,11.061161,9.296192,6.795800
3.229545,12.397300,7.896857,3.799168,9.273760,9.391242,6.057335,11.700787,9.026371,10.040800,7.313065
4.852801,9.853526,9.900115,5.146723,9.602489,15.939943,10.066801,13.192091,8.382286,9.326405,4.520202
6.783701,8.884515,12.021414,6.383115,6.930743,11.110027,9.707102,5.905250,7.156845,6.189949,3.930665
5.631174,4.447872,8.652570,7.313722,4.405894,11.856444,7.953381,3.146605,4.747171,11.643486,7.191338
6.653536,9.854134,6.429544,8.321745,5.055649,12.579219,7.024792,2.456898,2.249182,6.428285,9.574943
3.318571,9.676605,6.066236,8.041034,9.100010,12.925199,10.500411,5.208410,1.838540,6.463112,8.467825
4.476897,10.465871,7.857206,9.999893,12.159280,8.493906,11.096297,5.566853,1.145009,7.058009,12.471719
7.020034,9.711773,10.452381,9.268607,8.672388,8.964607,12.028327,-0.295751,2.366755,8.050555,12.653439
11.599374,7.778454,7.495780,9.860522,10.080640,8.350849,13.390844,0.207154,5.348473,9.554287,14.419373
7.908530,9.039590,5.009978,7.889965,8.797828,9.621833,12.822207,5.597582,7.226709,9.348750,8.030516
7.422668,8.220168,8.473598,5.972647,10.112339,6.089529,11.669827,9.317479,7.133575,5.987935,9.674256
9.319225,9.492597,6.253101,-0.443273,16.923759,3.079373,11.575447,8.848466,11.330353,5.388165,6.708992
13.179073,8.098300,5.606536,7.607878,15.230665,4.679707,15.559600,8.064105,9.316653,5.965360,7.763065
14.082116,9.469526,2.257271,7.668051,13.675330,7.046016,15.470112,9.963226,8.508410,10.175335,4.810867
13.573291,13.067525,6.180263,9.193521,9.090384,11.779981,12.640574,11.324580,5.093299,9.450814,10.755888
11.082859,9.796399,8.207653,10.419135,12.999025,7.456585,10.471859,7.936053,8.009368,7.133935,6.887792
13.510151,11.980164,6.364678,12.480169,8.802274,11.627143,8.046362,7.072325,4.136113,8.224188,4.721162
10.856439,16.444867,8.997884,13.128224,6.304720,6.861924,7.620812,9.867496,8.623771,9.328934,5.637001
5.513473,14.734678,9.355300,13.879969,9.775092,9.129250,4.080479,7.021676,3.748684,8.645862,7.037838
5.188076,13.195620,9.727521,10.677593,10.218948,6.901250,4.672671,8.446547,4.338860,10.298613,9.167719
6.355411,10.863687,7.492128,12.423408,8.404424,8.888939,5.864916,5.528898,6.516724,12.454114,10.190341
7.252791,8.844994,10.093085,12.922084,6.454770,9.681302,8.866808,3.470000,7.935174,11.089391,10.508089
2.917215,7.723476,8.269036,15.119390,7.334479,6.959793,13.027964,2.233193,9.224536,10.540846,11.461451
4.323950,4.664966,8.680297,12.465084,9.283070,10.894418,10.769744,3.498906,9.177173,7.722948,13.665220
7.628783,10.536558,6.937873,10.310864,8.931541,7.362511,12.441085,6.226877,9.715741,6.759099,12.330975
3.085820,8.710186,8.857382,14.136040,15.219031,10.982186,9.129218,4.203228,8.427236,3.694776,11.550981
4.389953,6.944360,11.614557,15.720111,16.480149,14.525018,8.657236,5.240641,11.469974,7.909878,13.025988
7.487277,11.259771,12.637141,11.072879,15.483043,15.164785,13.152131,7.107199,9.251019,8.953251,14.172769
11.613135,8.622055,10.144106,12.178283,14.261244,11.342433,11.586553,8.334194,7.601002,8.240747,12.525015
13.331115,9.026501,9.247808,12.143918,12.464127,12.912512,12.651972,7.482196,9.203959,6.560527,15.492258
12.530118,8.726759,10.302559,11.049335,12.749083,13.039326,14.577917,7.931057,8.565571,4.826703,12.159984
13.011663,8.050179,14.214036,8.143769,14.087049,11.221853,12.818717,6.368613,10.558577,11.158960,11.648983
14.813914,5.447489,11.346286,13.107400,9.953087,10.705544,14.071891,2.416629,8.306402,11.876342,9.381626
9.491222,4.104627,8.910517,14.003363,6.203282,11.377552,12.717656,8.452505,11.421939,12.486621,14.860485
10.919014,0.558660,15.163719,14.182621,7.294346,11.415823,15.002929,14.588594,11.012573,10.185319,12.507092
12.194302,2.802462,7.448526,8.951905,10.358609,10.061594,13.379215,13.071078,9.991091,14.621297,9.979017
15.142839,8.143295,11.283247,9.407899,8.594897,15.169126,9.363127,11.229034,12.361538,12.155039,9.377764
19.729865,9.605219,11.566683,8.364110,7.892710,13.316945,10.994405,8.718657,11.996120,9.939927,10.122909
15.350573,9.388945,12.314603,5.322306,12.548111,11.993362,11.992852,10.903706,12.022430,11.865494,7.528511
10.347923,10.288029,10.235760,11.284794,11.047505,5.451587,9.393269,9.389598,14.803394,17.584950,7.781430
11.781969,8.773929,5.235795,17.318494,13.812395,5.193760,9.081925,8.174588,10.940410,13.962826,12.502067
14.322569,8.836380,8.891911,16.709152,12.181362,9.764009,11.298386,9.512923,10.393145,9.626892,13.063332
12.885806,9.804939,8.751038,15.908417,8.562793,14.867015,5.585941,8.624721,13.422211,14.145456,12.277100
13.855702,10.473487,8.326365,16.576698,11.320937,15.225443,8.461937,10.594989,11.387705,12.656570,13.404507
14.208998,8.045344,5.822432,12.697417,14.019115,10.847636,10.097178,12.778595,12.384511,12.569671,14.644312
12.350781,10.244691,8.577473,11.214046,12.912446,10.869332,10.131627,12.282446,12.203490,11.797894,15.346452
13.111800,12.039894,10.160754,11.971958,11.148860,16.223435,10.610643,11.057694,7.793244,13.539182,14.238183
10.774059,10.696708,12.778101,10.233939,13.986196,12.458929,7.726804,11.384771,11.501662,16.833504,16.880875
14.068742,10.047978,15.237244,11.675469,10.343477,13.011299,3.908430,9.469395,10.712948,16.372728,12.515107
18.474169,11.475821,15.488282,17.549098,7.544371,13.143569,5.928063,8.837775,11.434486,16.670244,10.700114
17.927395,9.600179,14.048762,18.399092,9.780545,14.404968,5.204001,11.343601,12.435678,17.090710,12.688187
14.971282,12.076996,14.047679,18.015391,12.450126,14.018596,7.494053,16.241047,12.993752,13.486549,12.582094
16.350922,11.955930,10.777861,20.263577,15.065797,10.292203,11.349857,13.925842,7.998732,15.729237,15.369632
15.515924,10.637580,15.474735,15.741808,8.568772,13.210004,9.301965,14.496822,9.779419,17.733738,18.408473
13.801902,11.896367,19.064787,14.158981,10.241224,15.124296,11.645905,14.969659,15.058706,15.791162,17.598138
12.146187,15.260504,21.072318,10.178824,13.705887,14.383433,8.802610,13.300429,15.182269,16.263770,15.968693
15.329538,15.515983,18.162173,10.613953,14.115141,13.945160,8.802452,7.243093,12.199869,16.562215,11.557357
16.304301,12.867975,15.394270,10.490040,15.688432,14.802223,14.119720,10.220030,9.520078,20.255490,16.134016
14.409240,16.626845,17.538906,10.366121,10.567987,11.952747,16.669607,11.181763,10.939352,14.600852,11.849744
18.832891,19.338035,16.757182,10.036154,11.056431,9.031249,13.317427,10.972892,15.948502,13.128236,10.818644
15.043845,21.374961,21.843735,9.647430,10.141475,12.469439,9.256726,13.480633,16.571861,12.021887,11.446088
18.856273,20.819854,17.745501,12.082876,10.835899,16.381221,13.333247,15.064693,17.719664,11.854519,13.684576
16.949032,19.279954,17.364769,10.362855,13.812748,16.783933,12.539248,17.249472,17.920463,11.552626,18.770122
18.733509,17.881261,16.254766,12.862309,18.322948,18.961002,14.381621,21.850210,19.294475,10.924095,14.996236
18.564655,16.551507,11.750758,8.524036,21.582392,18.086154,13.248398,16.589290,17.636252,12.160566,16.179705
18.089705,15.235136,11.734893,13.785856,19.052414,16.732436,14.151836,13.493909,21.812976,12.844540,17.558925
16.602488,13.613422,16.669983,14.391062,21.689955,20.112141,16.245849,12.398988,20.235792,10.427171,19.882810
16.304026,18.583296,18.589059,16.981791,17.208011,16.581156,15.169184,12.792670,18.251067,12.482745,19.295037
19.703948,18.647937,16.696755,17.380045,15.523506,21.182157,16.199496,16.391949,14.954416,15.788202,15.473878
16.179422,22.948606,15.888138,24.026164,16.175177,20.026536,19.105877,10.510524,13.987015,14.482646,18.034126
16.149966,21.050561,18.134210,23.965655,17.238334,15.380700,15.613579,15.866350,12.659562,13.979399,17.239226
18.484951,19.139068,16.647222,20.999223,17.913849,11.680167,18.879324,16.928067,10.259254,16.128722,11.508160
13.171302,17.919418,16.397864,20.449612,15.976313,14.173866,17.597004,19.970839,18.255327,17.552873,10.914885
16.022628,17.254362,21.417651,20.842769,15.911589,15.096893,14.184323,20.566115,23.331747,19.551195,16.390083
14.461040,20.213981,14.993212,19.186733,19.420550,13.786601,12.916620,15.744794,19.658287,18.431572,16.985279
15.181567,14.454403,13.963471,14.728956,17.992193,17.046874,11.132710,14.073198,17.913323,18.718802,16.709343
17.378115,15.767475,16.211965,13.867387,16.710880,17.362455,12.707696,15.466431,15.467667,12.905049,16.401090
15.024652,10.922779,20.165068,12.876800,17.528258,16.792480,12.382795,16.135266,15.106672,14.532513,13.006030
11.502226,12.421140,16.797974,18.337426,21.639062,18.858514,14.861538,19.872038,15.931288,13.895674,19.447833
11.147445,16.012031,18.353995,16.625768,18.243435,20.534184,16.513041,19.299954,14.133878,12.352455,16.445578
14.649047,18.850859,14.532185,17.087590,18.623620,19.205997,14.854823,15.397689,15.230031,13.155281,21.089649
15.274899,17.058812,17.830750,17.679512,16.164125,17.129020,16.923829,13.842942,12.417502,14.252144,21.370017
16.920440,14.663031,16.904577,17.356034,15.292770,16.069487,16.512752,13.755691,15.315639,17.889870,14.928777
16.214004,14.976321,17.498365,18.910763,17.433004,12.486023,19.056455,13.027338,19.874546,21.819771,17.425421
13.612158,14.751068,17.400339,17.713199,18.647556,13.210179,20.411864,15.487601,21.769590,21.035390,18.046297
11.607779,16.282955,17.433768,19.586280,19.438311,12.646054,21.031648,14.839394,18.402089,23.358232,18.704600
12.877715,16.242148,18.835758,21.128527,23.397703,15.834484,22.017588,17.051736,14.548320,21.286926,17.010660
16.004020,17.255193,15.285127,17.834388,20.887007,14.412341,20.337890,18.875259,16.543759,23.769767,18.796716
18.771219,16.274537,16.139064,18.222662,16.814198,13.627273,17.926274,18.845896,18.041632,21.688721,20.727534
16.251657,18.909049,17.974050,17.558189,16.170838,17.821007,18.693702,21.605586,24.360322,20.007939,23.130143
18.320458,18.616460,15.993803,18.614685,15.231849,18.184900,18.296640,22.059209,20.239316,17.030989,20.447242
20.910450,17.727220,15.194132,20.330140,21.481023,16.885540,16.764786,20.818278,20.390714,13.678166,19.739686
16.715635,19.034408,18.156541,19.642790,21.126383,17.222954,21.397174,19.907243,16.952028,15.569834,24.250584
16.481297,16.933663,17.835375,19.370273,19.478149,16.632754,20.744325,20.612698,14.134861,17.370046,23.103037
19.122783,18.121319,16.193739,22.028749,19.189031,17.294251,17.407854,20.685188,16.143854,19.212376,23.513309
19.893712,13.729541,19.441742,19.822797,23.216777,18.469392,10.746387,20.162013,19.106439,16.214278,19.642960
19.033471,18.809906,14.401622,19.947559,23.146719,17.345250,14.562358,18.831767,15.376558,18.664099,21.557099
17.700268,17.295586,17.016138,24.822356,20.708249,19.463216,19.939738,19.571404,22.055325,18.912749,22.777029
17.752597,20.710989,18.689735,27.383002,21.016762,18.092521,19.888244,18.306676,18.847716,17.586555,20.441576
20.695367,17.108723,17.418967,26.172804,22.370707,22.525522,18.354269,17.362781,16.041346,19.384077,17.200490
23.839244,15.754888,22.205021,20.046816,18.283259,24.704765,14.194739,22.779293,18.278183,16.480189,18.865044
22.059772,19.262813,18.318273,16.466147,20.868117,22.887339,14.390255,17.740332,17.575639,16.525401,19.386833
24.213301,17.596480,22.521350,16.961160,23.956578,24.279775,19.221916,19.530858,15.921234,19.238360,18.817083
17.517882,17.262666,19.440324,15.837202,25.491968,21.162224,21.664661,19.224416,18.985826,21.977907,17.691650
19.542692,19.871948,16.801864,16.848442,22.531710,20.417035,23.785799,16.901836,19.049743,24.016488,20.514821
17.649166,22.339473,19.401525,18.816177,23.451130,23.681608,23.569890,16.080391,21.685089,21.678542,21.263760
18.527571,17.632671,19.453457,25.799692,23.165751,20.114049,25.915086,21.004204,17.584140,23.904567,18.341766
19.771738,21.538047,18.819609,24.886819,21.943264,20.124971,18.327933,24.135974,18.028422,22.348426,21.579464
18.793943,22.567967,19.345272,25.404199,20.741290,22.558306,21.196043,23.099774,17.043242,19.986575,19.941496
25.725861,27.565175,19.174405,22.804675,19.512873,19.907502,20.789911,19.982662,17.036377,18.323147,19.233065
20.229381,26.083311,16.874567,26.500695,18.568251,19.836081,15.956015,19.896269,18.189904,22.678836,17.661608
21.507932,24.546199,14.695706,23.771056,19.038371,19.909856,13.963971,20.608018,17.985193,24.393679,21.583099
24.335276,24.708598,18.290941,18.058111,19.238043,20.365290,16.505409,16.291083,21.657555,24.955360,23.177906
19.650448,20.673356,17.366251,14.809113,21.313346,22.486911,19.167989,16.106037,22.087362,23.448591,26.410014
19.730315,20.681575,22.608557,15.588694,20.512600,18.285666,17.961181,16.440918,20.443323,21.532528,20.501033
17.455746,21.174530,21.253819,13.700597,22.641858,15.799076,12.866119,17.201285,21.903531,16.769032,19.559890
15.298737,21.730720,22.786378,16.952307,21.854804,16.960545,9.590939,16.010969,22.292870,13.355773,21.032188
16.145686,19.195806,18.297235,19.823220,20.189749,16.633807,13.680581,18.893306,21.402558,18.188568,23.004499
16.749431,21.765560,18.786176,19.314422,17.228121,22.470543,18.388304,21.289127,23.221157,21.083526,23.813452
20.697083,23.500436,21.812358,18.847464,18.270721,18.823782,15.626399,23.139056,21.087461,19.851981,28.093859
22.260957,28.393866,22.571618,20.354020,20.206772,18.320658,15.706148,22.371458,19.092995,17.592706,21.230244
24.547741,27.306114,21.964966,20.507635,17.389085,19.637079,13.457216,23.518331,21.037345,21.614674,19.352808
20.104290,20.106237,20.596927,19.101664,19.810225,23.440114,17.506862,25.963298,19.997778,24.038984,15.726974
20.826932,19.077107,22.053378,21.663424,19.567866,20.915453,19.908897,28.038758,22.513410,24.613199,16.746896
22.076519,21.237862,22.051785,20.596878,18.401816,22.677588,15.912332,25.868567,25.006751,19.273663,20.495294
25.875890,17.429531,23.408340,19.670908,18.813721,21.191035,18.030514,25.733484,23.451932,22.025019,23.763080
23.644625,21.243348,26.259797,19.484576,22.355070,22.654374,17.319793,21.891682,15.932513,19.198189,23.284234
23.662399,20.361296,21.051474,19.702567,23.977481,23.120316,20.250230,20.385103,20.453432,18.273726,20.979925
27.911210,17.657826,26.542539,19.613947,24.940191,21.526851,20.610882,17.840925,21.811929,19.944613,22.112840
23.108437,15.823896,24.435235,22.544280,20.091716,17.211269,18.953475,20.326463,24.751330,17.703425,22.245067
20.751646,17.108146,18.549895,25.400895,18.813532,19.424431,26.191621,22.491405,18.269089,18.496414,27.256489
18.772467,20.563274,19.105539,21.281362,18.475328,15.522893,24.597479,22.456060,19.630669,19.168112,29.841387
19.446757,20.752254,18.600566,22.681165,21.202099,22.560403,22.912730,19.252720,14.966915,19.916173,25.520000
14.426623,18.881991,22.786515,26.374288,18.275139,21.892693,22.981727,21.663316,21.030331,21.154934,20.456996
18.892116,16.626465,27.756513,20.708296,18.202822,18.663139,21.562886,17.394997,22.634359,19.955668,24.944152
24.066891,19.005654,27.990935,22.394739,16.512657,17.859478,19.782726,18.187812,18.821933,16.783067,24.868943
23.841095,16.008731,23.686015,20.209985,21.537496,18.800082,19.994580,16.421216,20.587756,21.585461,25.776993
19.938413,15.846126,21.716097,23.003821,23.736594,24.948743,20.256515,16.587118,23.269557,22.176425,23.421713
21.163384,16.578675,24.711013,24.548701,25.019633,22.066800,16.327967,20.186268,23.123812,20.362688,22.863452
22.871941,19.801123,22.267752,26.134973,25.091626,21.491630,20.363192,20.116905,19.605296,22.368696,23.449702
20.667914,20.851467,18.971316,20.136629,25.136964,23.161236,17.312931,23.952820,15.815665,21.437496,24.446009
19.024398,19.024973,17.707969,18.851300,24.289326,24.843857,21.854833,25.180329,17.168918,22.743564,25.031805
19.432903,17.268877,14.417127,22.102461,26.666492,23.796344,22.852218,25.735097,16.430321,23.504902,22.656642
20.002017,19.642426,18.939763,22.339337,23.226306,27.123479,23.498501,22.541809,19.006508,23.915264,19.653604
22.513536,20.694043,23.274173,23.111702,21.582101,27.930486,21.845032,18.974665,20.521237,18.384655,20.175479
18.052161,23.203312,23.092303,24.753342,15.992336,23.610471,20.297832,18.490083,21.053718,15.162795,23.601416
17.331797,22.913798,23.388380,19.255641,19.940025,23.372710,23.744427,14.605987,22.596658,20.427106,23.068143
21.356143,24.035742,26.768715,17.527638,19.454577,24.334071,23.500563,15.105765,18.236875,17.788703,20.500555
20.601540,24.865826,23.768829,14.378770,20.456577,19.025943,24.207869,22.128956,20.666156,18.645033,19.322457
17.638347,19.131646,24.382379,19.959998,17.256607,17.044163,22.301501,21.408769,19.142801,21.734439,23.135828
19.042476,19.301099,25.891566,16.987203,17.471653,15.996516,24.750082,18.201726,15.666112,17.898135,21.684697
21.306111,21.554084,21.189085,16.717067,21.585968,18.615605,27.531930,21.896493,16.582414,15.667245,19.754341
20.716469,22.225954,19.216404,24.340647,22.971909,16.855631,28.709904,21.213129,18.429390,20.372687,23.181307
17.506821,24.828521,16.859814,20.794418,18.586205,17.921026,23.441119,26.745958,17.014901,21.030347,24.651747
20.158814,23.477650,16.263446,22.773343,14.202651,16.123659,20.649303,23.105725,15.985997,16.604600,18.964993
19.355906,22.244924,18.522966,21.327274,17.177710,18.649752,15.852334,25.615970,18.681468,19.080021,18.424333
16.442503,23.035348,15.201105,22.924873,20.471786,19.689247,14.226283,20.669271,21.135779,17.640163,19.671592
14.090908,21.861463,15.915601,22.451216,19.071424,20.037878,19.748191,21.044833,16.624786,14.904569,18.789344
19.623422,22.718314,22.144167,22.013846,18.472289,22.463535,17.395920,22.148114,20.742805,15.582045,17.655414
17.664706,19.510745,21.046960,19.028966,19.722033,21.651396,17.097809,20.482913,28.362276,16.264557,17.784724
18.579356,23.652074,16.805621,14.874388,18.940549,23.004790,20.620846,18.201070,23.392845,21.828743,18.725594
16.546165,22.425840,17.286837,16.655951,24.168084,22.007286,23.065002,21.619144,21.961076,20.105324,19.228683
15.536383,17.193980,21.630696,19.558149,20.470920,19.431136,20.402660,24.620946,21.653489,19.910699,25.377933
13.701717,14.764717,18.712463,20.511939,19.168697,19.333570,16.919396,22.949847,19.945140,18.369262,23.270917
13.730813,15.423798,23.748673,20.375963,21.925519,16.413139,18.346061,23.793128,18.227401,19.770795,26.706215
14.003164,19.289504,24.502826,20.606078,15.954606,14.781461,18.484430,21.907408,19.154261,18.500422,22.499946
16.189720,16.904348,19.568376,19.850097,20.984612,14.993874,22.040845,24.604696,16.296377,20.312090,22.279407
18.490340,18.024681,19.064080,15.560169,20.768507,16.667690,21.290931,21.063965,15.092559,19.067930,26.409558
19.354263,15.818837,19.192779,14.665862,22.215433,20.439795,22.480030,21.473736,18.981257,20.697276,26.717889
19.530361,16.003668,22.611261,14.282652,18.102558,17.406693,19.296562,21.901603,23.956253,20.174528,22.376524
21.757661,18.145272,22.353829,11.893439,16.644671,15.144599,14.889911,22.625573,23.810451,20.013600,20.863164
19.391562,14.903970,19.930635,13.492671,15.572565,16.144150,17.584215,20.439376,23.262331,21.548364,22.450864
18.923499,14.960089,18.516185,15.062891,14.538779,17.596841,20.902189,19.443756,20.379659,18.647020,22.003399
23.274703,19.045402,18.907500,19.468773,12.413765,20.718041,16.112426,23.479959,21.111771,19.252322,19.621488
24.225974,16.744515,14.907544,18.074385,14.092470,17.630259,19.044397,20.268022,26.996444,22.035122,15.654038
19.592785,20.452297,16.226157,18.721798,14.065605,18.745085,18.879846,16.856456,21.248516,21.945592,18.446245
19.033430,17.870274,14.858352,16.368556,13.677978,22.605449,22.520781,16.194847,21.939520,20.840723,17.547155
17.877953,18.387945,20.098064,20.785831,13.450036,21.116506,20.509765,17.437245,18.071494,19.613372,14.528281
18.614433,16.857737,21.322834,15.770140,11.460306,16.934847,18.833107,16.223683,16.850938,23.090878,16.796526
18.087147,18.414849,19.247326,15.859908,12.565870,15.866155,18.487499,11.570915,16.191137,20.154281,18.601060
22.106703,16.573508,17.259289,14.860453,12.082312,17.643606,20.242485,10.288365,16.105999,15.849241,19.895947
17.801496,15.154820,19.428675,16.693486,11.374947,15.019260,16.767137,16.286747,16.395304,16.465394,15.336305
19.092571,21.395289,22.666465,17.699792,13.897756,15.651012,16.899911,16.340755,16.532150,14.571694,14.760756
15.377287,20.173595,21.186613,15.585943,16.933954,14.972884,16.145665,24.061518,14.442429,15.362765,15.842853
15.631157,20.437049,20.025146,17.166160,18.226840,13.184676,18.476458,21.976751,12.806539,13.739206,15.538505
16.317016,20.660039,18.486367,18.435713,15.089651,12.571329,16.501660,15.863911,16.190217,12.920110,19.163057
14.439229,14.239792,14.553683,18.354942,14.781141,16.615931,12.842987,16.232604,14.186480,15.569606,18.987668
20.319374,16.696787,13.726625,17.267802,10.055197,13.551514,13.875140,17.604210,15.021334,11.004843,18.539326
18.436325,16.108621,16.291241,15.495809,10.582730,16.652354,12.451089,19.494591,16.407923,11.860724,14.632413
14.847219,13.947574,16.889379,15.188419,16.014289,17.686097,12.770008,18.395749,17.192472,11.769791,16.394832
15.844290,15.070553,13.347418,14.746360,12.451411,14.903678,11.802624,18.545775,19.413507,8.471812,19.801399
14.818067,16.293687,14.872142,16.395666,16.909398,17.898968,13.962922,21.846984,19.628708,7.729681,17.750113
18.897769,16.955233,14.286554,16.126051,12.454677,15.307221,11.049453,21.792728,18.546666,11.163028,15.905319
17.613425,15.792068,17.398660,13.951041,9.917954,18.362717,15.616130,15.635605,18.570264,13.730316,19.868457
14.798236,16.236155,17.026735,12.032587,14.288574,17.274926,13.194468,13.790795,16.592820,17.426426,19.372512
14.567450,17.513286,19.782064,12.725195,13.752679,16.326843,10.755082,16.116313,12.075601,16.482781,23.990848
11.475694,20.973415,15.347849,14.610902,13.465989,17.147522,8.754137,20.306769,13.717971,17.756771,22.364400
13.621223,16.010911,11.992594,14.036625,16.993245,20.202848,7.526458,17.812556,15.609674,15.918271,18.444414
14.887350,20.354522,14.873475,17.570931,15.949267,19.915977,11.522960,14.185454,13.430249,16.528799,16.116399
14.285460,21.027764,16.610922,17.007872,13.321571,19.337703,18.744420,12.657064,13.661212,17.149580,17.524237
14.932556,16.146364,15.711129,16.103951,12.315885,14.711651,20.855790,17.587405,16.799251,16.250853,12.249752
15.007582,16.037532,9.705977,18.004528,14.648979,13.809793,16.518445,19.252573,17.026876,19.734109,10.829128
13.673942,12.687403,14.432334,17.407746,12.323578,12.163110,14.995076,18.759495,12.513885,13.880653,15.092102
9.636831,10.610613,15.295933,17.567357,14.683519,16.936767,21.476815,16.367882,11.114443,10.421673,20.355231
10.849925,15.019474,15.852105,14.863672,18.887184,18.024375,19.211280,17.060187,12.522352,15.195924,20.349807
14.915741,16.657897,16.417237,13.556302,16.237551,15.103919,18.614549,15.574465,12.646278,14.693093,18.060480
12.177051,15.311626,18.763371,9.565820,19.853559,15.086135,15.233401,20.329025,16.303833,15.499036,21.768841
14.394493,14.598406,18.886920,11.970202,15.999412,13.884951,15.670785,19.885845,15.600382,11.347395,15.228283
12.945591,10.570437,15.130998,17.958499,16.346149,12.264062,15.324834,20.060065,12.868652,11.727027,17.723844
18.414105,10.795937,15.355402,12.225519,18.201416,13.793337,12.033258,14.558439,17.478343,13.020388,17.550071
19.211073,9.586783,13.815143,11.659989,17.250237,15.780231,9.122687,15.194267,15.980078,12.199488,16.073028
19.953940,9.935966,9.329594,10.172628,15.929252,15.734852,9.985268,12.484034,15.372220,14.237286,13.215709
18.282664,13.812090,10.472503,7.808592,12.638765,15.563620,18.638604,13.164559,13.109475,16.409581,10.603472
14.670837,8.024326,12.782079,13.525312,12.822203,16.475165,14.527971,14.546659,15.391530,17.656640,10.436297
14.187799,11.979388,12.949107,10.785917,10.504906,17.412807,14.312993,13.418568,15.658534,14.372218,13.530597
17.204620,5.236410,10.233605,9.535210,11.704622,8.758035,13.825996,13.292034,18.250863,13.262283,16.279988
17.035490,7.563780,9.126291,12.928070,7.378930,7.809188,12.661344,10.729157,15.407167,13.112059,14.535718
20.695602,10.098058,13.690297,10.252376,13.459791,13.335585,11.127605,18.478831,13.432858,17.574498,13.759984
16.995059,10.087873,16.898134,9.864528,18.503747,12.940833,12.020553,18.342935,11.061777,15.531157,15.280756
10.361690,11.134409,12.962424,11.033972,12.189450,13.999847,13.290686,16.409413,8.538345,12.969106,11.312881
11.789822,13.108230,10.500762,11.110245,14.363101,13.458832,16.176255,17.598812,7.297838,12.341444,10.739189
14.702525,10.776451,10.084394,13.629360,19.527201,14.699380,14.346296,11.425599,10.733369,12.714444,5.343184
15.368906,11.827533,13.283255,10.069767,18.110652,11.492339,15.913587,13.651447,9.058833,15.499553,10.477748
17.216714,14.349784,15.978110,13.265588,13.099976,14.141564,13.674299,18.795328,11.854656,16.526708,10.949671
14.665615,13.072451,15.004013,9.603202,12.214675,13.059204,11.547169,18.225399,9.555093,12.995291,9.740189
12.047801,10.489171,13.225837,11.454500,10.387338,12.951256,11.067891,20.384220,11.874344,11.917263,9.321482
13.680427,11.027469,10.790868,8.635288,10.684166,10.963545,10.579098,15.765051,13.203922,12.532194,12.344416
13.143885,15.525717,12.848175,6.976078,12.674196,14.762199,13.878846,16.031532,10.949649,15.109098,13.298657
10.811979,12.980295,9.088582,10.702661,14.625793,11.860744,11.796349,13.355294,11.375996,11.406624,12.404939
8.419046,10.415675,10.907698,12.981627,18.702271,10.497006,8.227892,12.237438,7.043511,14.249616,11.383187
13.173538,11.753742,13.050358,10.844833,12.406982,9.361721,6.473228,9.852947,8.530021,13.563391,15.636244
12.027209,12.738306,6.620136,15.051952,12.736836,8.069751,8.351717,10.015537,11.059419,12.140435,14.786473
8.831411,10.480084,8.401992,12.856295,16.257299,8.392524,10.916840,10.433256,10.986425,15.805833,12.946602
6.242916,8.156503,7.009015,12.235490,14.567546,7.630253,20.067157,10.472845,6.320006,17.907578,15.975926
7.594830,11.948364,14.163517,9.109983,11.130629,8.652718,15.766606,10.707245,7.013916,15.066496,13.568604
7.664492,16.343989,12.129613,11.652750,15.000091,12.720286,14.819604,8.736202,2.184116,12.437998,15.011720
10.407061,16.541320,8.693257,15.654233,8.464345,8.705674,14.862769,10.303766,5.167676,12.366320,11.299935
12.878980,14.664383,9.755919,10.882937,10.609418,12.345929,9.704434,11.879760,7.147113,11.251528,16.587976
12.654415,13.326718,11.924799,5.113280,10.996161,11.002958,11.047440,13.090600,10.231007,12.039529,18.719991
7.441759,12.228117,8.877710,10.116139,12.241777,11.616015,12.909132,12.253896,9.225330,11.169563,14.814457
9.642776,11.921169,14.031183,13.042828,14.103651,11.915340,20.031275,11.393476,8.649179,10.733511,10.545513
9.190430,14.248493,6.490986,10.502778,12.243882,10.503203,14.567420,9.073456,7.731818,9.367495,7.433104
8.783011,13.815607,6.399582,10.395747,12.990886,9.859681,12.976975,7.605747,6.450424,8.661140,9.291274
5.398001,11.790949,7.954048,9.600806,9.485049,10.464415,12.980226,14.608428,7.772588,12.763339,8.953951
4.919092,15.338394,8.526358,8.197433,7.326283,13.211999,13.365062,9.913617,8.431877,9.722419,14.352824
5.338191,15.549554,10.397279,8.219667,6.497408,8.618370,10.609648,14.585287,9.922884,8.366986,8.316479
6.893624,12.502158,9.798933,5.455520,8.889418,5.887226,8.561867,12.269073,10.496522,10.444094,2.926084
9.817332,13.624231,7.299166,8.413705,4.409676,11.581834,5.964689,12.033361,8.775463,10.861532,5.380652
14.339831,15.645019,4.355415,7.123726,9.025967,10.541678,6.284223,7.508750,5.370883,12.672213,9.902418
14.343998,10.250944,6.042810,1.104775,10.136646,10.248907,2.386834,8.415980,9.584224,8.765703,10.083127
14.007385,10.540706,6.993894,4.317499,9.826526,9.087175,6.846033,5.948765,10.705860,7.879019,7.108694
14.895030,12.974168,6.221620,5.889575,12.122600,9.079752,9.357414,4.882733,5.538183,5.748002,7.088056
11.445907,7.954295,6.415894,1.500757,8.989437,9.592705,10.652542,7.056148,7.233451,9.197634,6.831855
12.819578,8.217614,7.535671,1.814392,7.517414,11.302407,13.494883,8.231019,5.614596,9.340389,8.258041
16.026192,6.204773,7.105613,8.649878,5.483417,9.458675,15.557582,7.296499,4.482384,5.057969,4.822374
10.729763,7.631458,7.978295,11.184273,7.757810,6.399350,10.801032,10.394975,11.315147,7.155357,4.449859
8.308559,8.690529,9.981964,8.491383,6.006932,0.623809,9.013831,9.123558,8.529687,13.776329,7.093349
3.960961,6.372449,9.151589,6.050271,6.522707,5.557665,12.071777,5.781650,3.533062,15.359027,7.616779
4.849162,5.956597,8.424940,6.775816,5.838930,5.868009,13.411562,4.224966,7.442970,11.574846,7.913558
5.484461,9.678681,4.484507,5.093588,9.042316,9.295732,12.631023,4.381428,6.740535,10.435201,8.117754
11.609538,8.955088,4.951389,6.865724,7.755915,11.622857,13.509885,5.777058,7.086511,6.795830,9.211450
9.026547,11.432919,4.764292,8.665835,11.110577,7.808739,10.166599,4.871668,4.749715,8.355982,12.550899
7.657808,14.657317,4.161047,4.841164,8.045563,8.172508,11.854464,6.263436,5.614461,7.149644,13.542118
6.126293,10.046519,5.117966,8.382770,11.475228,5.629315,10.747119,6.507680,4.236741,3.342925,15.125009
3.093595,7.709833,3.113178,5.850097,11.384397,3.717875,11.229290,4.564125,9.261979,5.880078,11.633773
5.850824,4.963571,5.097410,4.555011,9.960641,4.962810,7.820263,8.413038,8.378424,0.310558,7.913799
6.362215,7.056291,-0.801410,5.494397,10.576587,5.470527,8.122435,11.256396,14.949541,0.627582,6.904623
8.876435,6.613417,2.611600,3.789597,10.304300,6.872890,8.661391,5.722379,12.193843,2.843279,6.124486
10.044684,8.353971,3.088542,3.564032,5.906941,6.983871,5.459230,6.985085,13.790779,2.735722,8.035993
7.971617,6.736330,4.313837,7.633010,5.346246,5.169802,7.617226,8.022001,15.779139,7.635734,7.082792
6.988266,2.927873,2.751373,4.146715,5.088721,8.426949,7.492908,5.534823,8.603563,12.902097,5.097698
5.719132,-0.138786,2.299687,6.049833,4.694838,7.711686,9.973435,6.427402,5.929162,11.875319,7.269702
4.881187,2.368266,6.870128,8.239321,8.365586,8.729897,8.582347,3.887427,6.623718,3.402592,6.361402
-0.921855,6.422677,8.106411,7.165736,9.656145,5.831303,12.203590,1.656317,3.801401,6.964634,9.279484
2.985011,6.681497,8.205059,7.198978,6.314809,5.080701,9.376063,7.872095,9.634623,7.741623,7.580846
6.708578,5.868501,12.302589,6.233184,9.100944,8.891686,3.219718,9.445123,5.291801,5.166871,10.707361
7.045639,4.046371,4.067787,3.639945,4.540020,6.856160,1.311162,8.822256,4.843863,5.347114,9.722411
7.644929,5.811554,4.642138,3.975505,6.937705,4.389614,4.483373,9.752966,7.144646,7.641672,7.733564
4.588718,6.171624,2.175408,2.833206,10.630620,5.696538,4.849904,7.937554,6.145879,5.174602,5.399979
0.104489,5.462067,2.287198,2.168707,9.399616,3.868932,1.062781,8.502722,6.110835,3.049543,6.055006
3.320765,8.303004,5.833551,5.501978,7.147344,9.456070,-1.150914,3.242170,11.953433,-0.752390,4.588020
7.222530,7.916977,6.540613,4.508264,8.223801,11.052382,2.854962,2.575656,12.704850,3.065935,7.352797
9.317569,7.018841,9.378415,3.333375,4.032223,8.557367,5.129886,7.690460,11.019869,4.159145,2.392148
6.700339,6.961996,11.372107,4.930547,7.553108,5.571822,7.007776,9.755087,8.891912,6.520801,2.339054
9.227880,4.027344,5.595007,6.532315,7.643792,4.706501,4.997927,7.455249,6.915165,5.198230,1.127191
6.663016,5.374330,4.855072,3.073021,4.178034,9.076730,4.932912,7.422448,5.487656,5.178031,-1.217669
7.802123,1.781413,5.876570,2.878861,10.625003,8.943115,2.303049,6.506707,5.202522,3.977478,3.930103
4.004900,5.608801,9.156259,-0.445219,8.807833,6.537449,-1.444109,4.504403,4.734599,2.521341,4.366151
6.369152,6.746233,9.512273,-1.555881,5.114462,6.348265,-0.456064,6.090849,4.885910,8.679793,5.496306
6.825056,6.956185,5.295132,-0.211546,4.379051,4.120410,2.329938,6.557618,2.184283,8.046868,6.917952
9.178189,8.234607,5.824207,4.241697,9.228130,5.510377,3.123093,2.784917,4.722571,6.595208,7.497339
5.467516,11.109255,5.914311,6.040761,3.463890,3.996226,0.850387,5.328519,3.346672,4.442265,3.807950
4.871405,6.902267,1.833618,5.608847,3.296174,1.576150,-2.682007,7.108257,-0.322197,9.128574,6.268487
8.390938,6.500257,3.538900,7.239161,4.890655,-0.788087,-0.155851,2.429657,2.946604,5.059090,4.412540
8.469954,6.475659,2.611273,3.276585,7.280663,1.300592,-0.001869,4.438491,5.630903,6.998922,8.937590
7.883802,2.480155,-0.159706,6.055921,7.591257,5.376730,-0.685279,7.270253,3.300599,5.280164,8.163704
8.416134,5.615342,1.401215,7.870393,5.424371,6.966109,2.520426,5.416443,2.415063,2.452070,4.941667
8.091284,4.807270,2.239332,9.880567,6.715410,8.840076,-4.233840,4.907615,3.143317,5.652295,8.090337
5.010138,4.141605,4.749785,6.485522,3.822487,4.228708,-0.204114,4.974226,5.529871,4.548131,8.236213
6.897093,1.641134,2.578626,3.497029,-0.296976,4.059918,1.822537,7.068807,8.422562,6.370804,5.086006
5.449002,2.721350,-0.032279,3.860484,-0.284368,2.964311,0.673583,4.220129,6.857167,1.930480,0.183373
3.654208,2.427312,4.194638,7.574226,-0.575871,2.549291,0.182230,3.134391,3.512823,1.779615,-0.097106
5.053786,4.099792,6.098981,4.862893,2.973505,5.451332,0.419878,4.677333,3.523969,2.598360,3.360270
9.104470,3.227094,8.141376,6.666849,6.205440,7.026416,1.805142,3.477847,2.382744,6.676845,6.155377
8.622774,-1.846514,3.098145,5.832921,6.695376,6.497591,1.779091,3.350652,2.240487,2.826273,5.756694
4.367608,1.469205,2.373283,3.427489,8.505430,3.660647,0.051327,5.384841,0.910446,7.594936,2.225932
3.211990,2.322635,0.148911,6.537938,7.594778,4.112382,-0.206425,7.695603,-2.014842,9.880703,6.926906
2.846761,3.368940,-0.965216,2.929065,1.889450,3.469266,0.033583,5.314480,0.018959,6.306859,3.593715
-1.339786,1.190027,0.574766,1.989900,4.520381,7.787150,3.892048,5.015121,3.873803,5.243533,5.897869
-0.156260,6.818190,1.276217,5.525028,4.316619,7.935745,2.955582,9.532142,3.373537,8.428560,3.755510
4.793479,5.086006,1.788816,7.347488,2.441510,2.014536,0.975006,7.765872,7.030100,5.274055,4.204186
7.012002,3.702144,3.182394,6.941432,5.421279,3.131592,-0.505716,7.952515,4.968958,6.249899,3.625167
8.649519,7.147615,1.832898,8.224838,2.210087,3.616555,0.953813,1.766523,6.218427,7.937143,5.053746
7.152162,7.837295,4.616797,9.974821,-0.501262,4.591925,-3.342807,3.304014,5.375645,8.522595,6.404835
6.484259,11.070791,6.034406,1.496623,0.603572,7.366130,5.033575,1.541564,3.688876,5.634447,7.815853
5.055098,2.646912,3.788436,7.375194,1.023185,2.719941,7.167304,1.137600,1.067307,3.722236,7.221216
2.063954,5.896763,4.910234,4.583849,3.207387,1.735385,8.840983,2.819793,3.247650,1.234137,5.401470
4.938352,6.749556,1.495553,3.596658,5.678021,4.814169,10.393181,1.809548,2.657358,-2.158191,10.281896
6.511325,6.665940,4.877969,8.728158,5.987722,4.654373,9.194946,7.328219,5.073018,2.052542,9.020678
10.394447,8.591724,6.771297,6.895449,4.058822,1.507907,6.700738,7.082641,4.405346,0.797414,1.218923
3.856013,9.058529,5.522537,6.966053,3.818553,1.636042,4.712406,6.990295,2.384097,-0.376187,3.484605
3.911810,9.423742,8.683420,6.552472,2.855900,1.982559,7.197029,7.963871,3.443141,2.236287,4.561792
6.741174,7.955796,7.084578,9.027068,2.369227,4.460363,7.251605,8.837872,3.995876,7.368581,-1.871724
9.667793,11.653507,7.625350,7.538610,4.516681,4.153581,3.290110,8.750008,3.604853,6.071745,-0.713044
6.479202,8.693628,9.572724,5.133886,3.521560,6.632291,4.125867,3.487500,7.019451,8.545250,3.446681
6.445123,5.047591,6.628962,2.861825,3.310373,7.327122,3.412972,5.507765,3.930580,5.292157,2.324863
3.291995,5.669149,5.219117,2.695499,6.899604,6.703072,5.892835,4.930613,1.433101,7.261896,3.225384
2.536725,5.464395,1.084711,1.812212,7.783877,2.204962,8.057796,6.590563,4.628424,6.259619,3.612934
1.277938,5.486109,8.498325,-1.869922,9.195617,2.036116,4.572947,6.303250,5.810116,3.787559,1.493543
2.599707,3.617461,9.471898,1.015897,7.134426,4.840846,2.073563,7.963591,5.266698,9.898387,3.323132
3.207286,4.674571,8.817889,2.733964,8.526718,3.845925,2.863844,4.441102,8.693763,6.719780,2.013861
1.466831,6.735951,8.784820,2.278699,0.679912,3.861373,1.059149,4.986996,5.251286,11.082031,-0.982548
1.484942,7.443037,7.591373,6.207240,-0.801370,4.933334,1.912341,8.738125,3.768426,9.904575,3.008676
5.805181,4.416209,5.869042,9.872771,2.544480,4.854035,2.272820,8.108691,5.054953,9.084426,5.776877
6.693569,3.608248,7.731712,4.324925,0.218619,3.827960,4.903471,6.333793,0.792954,9.112578,6.724591
7.819073,5.570764,4.467030,5.127211,1.154052,5.154228,4.886282,4.109898,6.053402,7.838866,5.562367
3.233279,8.480789,1.334429,6.232378,3.546193,5.070426,5.016540,7.522529,4.789591,6.890406,9.245257
3.940914,7.244726,4.695884,10.507191,7.883116,4.254440,4.835906,5.042513,5.153836,7.098761,7.008381
2.326723,6.843185,5.377297,12.177347,9.873210,1.624061,6.860654,-2.469304,6.595705,6.566691,3.601259
7.800714,11.007631,5.710830,7.958357,6.869107,0.898733,7.889284,1.771361,9.106560,2.679488,5.370784
8.095046,11.711079,6.049344,3.578133,6.976339,-0.547032,7.898208,8.421630,9.625642,5.170390,3.014739
9.076919,7.817863,0.910997,1.750101,3.383449,1.328802,6.382668,6.771606,9.271172,5.912148,1.446619
2.439602,7.880137,0.136026,6.021150,5.755007,4.191648,2.194841,4.880404,5.386152,1.660416,5.508594
0.601123,8.076567,5.666569,1.996072,3.083411,5.658102,-0.089053,-0.336596,5.052879,3.462667,4.854818
4.082842,9.038889,4.814626,1.651610,8.245982,6.811975,5.119385,1.813439,11.439804,3.766289,2.497975
6.014373,7.679787,1.160655,0.214878,6.721993,10.404990,1.866767,1.291979,8.560843,7.615131,5.177359
3.774939,6.142114,2.184501,-0.304758,7.269226,7.243656,2.184977,2.794263,7.873869,4.021178,2.407304
4.291774,5.931710,5.649941,2.257348,5.611089,5.396121,3.349956,5.000419,6.161818,4.788690,1.552746
7.280725,8.553057,6.374273,5.325197,8.364914,4.324831,4.882259,4.612705,5.867099,3.647483,4.069820
2.855713,9.496789,4.903007,8.265963,5.594517,6.519972,6.290851,5.538964,5.367365,4.272192,4.774847
-1.749117,8.506305,2.787126,4.569075,10.300501,1.693436,2.282966,7.090408,3.534094,2.709704,4.961905
-0.374690,11.674748,-0.122851,3.213970,9.666109,2.614610,-1.479898,3.745663,4.471403,5.823125,5.362322
0.193291,12.159195,2.643937,4.275944,8.079074,4.459836,-2.299995,5.174940,6.265958,6.447463,4.176017
3.066782,10.535812,0.072310,5.501658,5.569389,5.688014,2.438028,3.978201,6.063493,8.894630,1.889589
3.593920,6.365630,6.711429,7.408250,5.072221,6.956923,2.144856,4.452397,8.519475,8.406862,4.395852
5.088949,8.989358,3.767743,7.478277,7.346700,9.929635,7.576509,-0.055271,5.943205,8.930539,5.138896
9.876994,13.043033,0.239384,9.863011,4.098280,10.959330,8.314964,3.626344,5.505347,7.954675,8.276594
8.881403,12.104659,2.644070,9.877534,-0.630188,10.277781,10.469350,3.437495,4.738785,3.549648,4.923075
6.240913,10.572612,0.162058,6.073313,1.189961,8.068177,8.458340,8.185108,2.949865,5.881473,5.281018
4.342530,9.263493,7.261186,8.331233,6.663787,6.315565,4.007912,4.862188,3.206290,4.240129,7.923994
5.726023,8.782081,6.559683,9.589422,8.497325,10.287555,7.978930,10.779474,6.764870,5.585371,8.268451
10.087547,7.980790,9.878099,7.628704,5.800011,13.411424,5.135702,9.116212,7.113483,3.584366,6.705495
8.498270,5.750733,10.249389,4.208653,10.313034,11.679116,6.096043,10.522626,4.707338,2.740632,6.296369
6.725928,8.901899,7.954586,5.182737,4.306755,10.173640,9.459760,14.547012,5.845490,3.543756,6.949573
7.145367,7.580039,7.776553,0.573137,5.484127,9.425659,9.181986,13.991274,5.668903,7.753224,5.721591
6.451309,5.427576,9.426381,7.614835,10.919320,12.660021,8.436371,12.562257,9.076994,5.328170,6.377225
8.612672,9.701921,4.750833,7.643664,12.951746,9.039707,6.940130,11.874774,6.005381,7.851721,7.835672
7.285992,6.739167,6.042033,4.467581,9.993098,13.610899,5.060217,12.961825,11.612782,7.043167,6.872902
8.647044,5.551200,7.266658,3.714915,5.171406,6.528194,10.509318,8.160393,14.441362,5.360141,8.582885
10.020013,5.799322,10.160251,4.730024,1.819086,7.015516,11.979768,9.223460,14.147663,4.914966,7.968215
11.948807,5.184661,9.657984,5.288795,2.899419,8.030058,13.111438,7.280580,11.168345,5.503139,9.958967
8.086585,3.972356,8.373168,2.937278,4.347220,9.223140,10.388399,6.238278,8.257291,5.519419,6.597841
5.596071,7.336762,9.461044,9.009354,5.269347,8.681256,7.611291,4.211221,8.463485,5.874889,3.004960
10.784267,10.501526,7.218016,9.619848,9.605587,7.442412,6.603902,4.417523,7.954236,9.633724,7.521355
9.944257,10.157243,7.688258,10.530816,10.537640,8.910059,3.922543,5.054024,8.811734,8.856570,3.837507
5.513528,9.844942,4.935889,6.219461,10.681117,12.637821,7.322085,4.355292,8.032336,11.030249,8.572348
6.703343,11.639381,1.780751,6.985253,13.861972,8.766152,8.846973,3.285071,10.929541,9.076528,11.507263
8.466308,12.368296,6.208381,7.109942,15.090077,10.139394,2.173771,5.116504,8.944070,9.424191,9.759339
8.434273,11.746968,4.593625,7.149448,13.774932,8.269410,4.179163,6.711494,10.678629,13.260724,7.427241
7.737377,13.398605,-0.225448,7.490138,11.336899,5.872823,8.882996,7.718175,6.127391,13.599511,6.381130
4.357272,11.324848,4.889261,10.296538,13.451837,3.389769,9.238081,4.814773,8.094583,13.656945,6.092207
8.336133,6.894719,5.390943,6.448728,14.085417,2.551557,7.321385,10.052706,7.024215,12.526572,6.595422
7.550005,8.055425,9.598484,6.528867,10.351852,6.906850,9.412320,7.374799,9.417329,8.793639,10.942021
7.441774,3.950613,9.987558,5.517183,12.961876,8.436989,11.133674,10.709622,10.600276,9.922276,8.470894
8.040493,2.071054,14.350619,6.042964,16.115237,9.299788,7.587775,11.539797,10.497659,11.542297,12.576072
7.953619,4.307758,9.831561,8.644406,14.804718,11.006776,8.489943,14.963392,11.303068,10.815888,14.265359
11.856678,4.559599,7.461999,8.701174,12.561205,15.100182,5.707225,17.137669,7.227609,11.389245,15.204044
10.069204,9.902618,10.174174,11.644408,11.978268,15.350510,5.745505,17.767870,7.169789,14.343099,9.942995
7.030493,11.008027,12.454340,10.128082,11.666862,18.021747,4.941948,12.481181,8.390281,11.373792,10.524209
5.407703,7.582711,8.979708,7.331563,11.686659,17.120979,4.937190,10.214726,9.444312,13.058005,9.232713
11.168831,6.361196,8.288610,8.250424,10.804929,19.222673,11.545825,14.929444,8.685093,12.740813,12.071742
14.506372,6.372828,9.010516,4.756973,10.597024,11.899908,11.884501,13.571426,11.433334,14.279622,10.109101
12.051113,9.551846,16.132090,5.866401,12.361855,9.129982,14.392196,16.362624,10.517207,14.112540,9.764963
13.241793,9.059443,14.595446,6.823469,9.985447,6.138687,14.421966,13.942611,8.680706,12.851476,7.379268
9.556777,6.863406,15.861416,9.784420,11.529682,2.899791,15.674572,14.413253,10.564930,8.162473,9.240083
7.382574,7.050976,15.307062,12.458136,12.206942,3.957085,13.830602,15.225901,13.963283,10.096362,10.051226
7.487021,7.794795,14.837567,8.620962,7.707809,8.211616,11.826772,14.048314,10.244962,12.479156,8.971180
8.661484,4.002005,15.253041,8.716061,9.542405,6.087895,13.027828,10.129463,9.696039,16.973508,8.913653
10.619056,5.240357,14.621763,10.671870,9.736427,7.146289,10.317740,10.356030,11.997622,17.022907,9.714990
11.078339,5.034000,14.187411,8.905538,11.054787,7.847774,10.376320,8.703457,12.685297,12.247654,11.368519
8.645987,6.163283,15.727058,6.736015,8.919284,12.270765,11.256640,8.566206,10.569993,15.254725,16.350543
8.691901,7.458848,12.910163,9.489922,12.189620,11.054859,11.733460,7.852304,12.648426,8.928601,11.267263
7.645623,4.344662,9.499256,11.709877,10.244463,6.803006,11.017111,7.801559,15.318874,10.983044,8.801439
9.901057,8.869629,7.618580,12.665525,9.756074,9.336188,10.571191,12.633069,12.735395,9.543762,16.136915
9.893587,10.235753,12.104908,13.539502,12.169471,9.890793,12.765151,10.160551,14.846469,12.999244,10.535627
8.099311,14.632143,15.107678,13.833909,9.979690,11.299199,12.480433,10.419529,12.746032,13.707315,11.549582
7.749657,13.008463,14.785572,13.224841,10.821157,12.796712,12.596632,8.143890,13.673597,14.953712,11.039828
9.781694,13.481952,14.250253,13.880973,14.179122,11.683205,9.991800,12.100572,7.621584,14.861048,13.156801
9.099985,13.276271,14.031741,12.924940,13.914659,10.025935,8.450349,11.688133,14.647143,13.207029,15.858855
8.363913,9.424217,12.419602,15.106427,9.892721,10.712634,12.032588,11.797651,12.548994,14.518670,13.493475
12.497242,9.895119,10.524624,12.382818,14.461461,16.761311,14.050466,9.127987,12.668474,16.810309,13.877540
11.184010,6.898080,11.573328,10.531257,15.013932,13.078243,16.985464,4.314920,14.411115,13.617142,12.285373
12.666716,8.231920,14.173179,11.093598,11.060590,10.111032,16.303455,11.031490,18.068992,14.290327,12.796120
13.659894,9.024187,13.656525,10.105331,14.757078,9.065792,17.173347,12.430783,16.004389,10.553173,10.528793
13.386438,8.127476,10.333027,12.227669,16.069058,10.496745,15.091119,13.948181,16.358312,10.967785,9.724666
14.408839,10.743688,16.323538,13.321791,15.791690,10.497613,11.675508,15.569473,12.454989,16.382596,9.711656
17.016620,10.875381,15.740621,10.363522,15.200111,11.934264,14.171520,18.064051,11.383035,19.973238,12.311619
13.701723,14.585848,12.056003,14.388886,14.449031,11.631647,13.424668,12.705866,13.676661,13.604151,12.418546
12.924680,12.806210,12.919592,20.558587,18.112304,10.728577,13.883877,14.195162,10.912947,8.524724,13.588888
10.970295,13.781884,15.087456,16.061412,14.334882,13.534385,15.141036,14.314205,9.744299,12.919140,14.983568
13.722228,13.633749,15.314797,19.467993,13.238600,15.166866,14.349711,13.219733,10.228081,11.498065,10.026977
13.512792,15.875104,14.675442,20.018647,10.171166,12.916421,11.892382,15.185662,10.875192,11.179927,13.781029
17.145297,19.953184,15.428107,17.999738,13.639411,12.865205,11.586980,14.483227,10.026652,12.838983,12.697331
11.839025,19.152053,14.587256,14.382420,15.711575,12.274996,11.827744,12.885405,10.735558,9.395318,14.226674
13.530059,18.041396,16.956020,15.798681,12.078449,14.599228,15.883695,16.890734,14.343947,14.873582,14.251833
12.909798,17.318313,15.625607,18.240811,10.364211,14.950142,14.902411,16.874310,13.043909,15.851659,15.759485
7.657214,17.807273,14.393521,16.186646,9.861475,12.641917,9.611159,19.203150,15.717109,14.314314,10.673037
10.117137,14.856951,14.199971,15.301530,11.635977,15.440382,13.583412,15.730560,12.285486,9.272272,8.210224
15.214162,13.379717,12.645144,16.170834,16.313194,14.573854,14.937730,11.465749,14.946582,13.965878,17.077757
15.256918,15.241044,11.309034,18.708007,9.704476,13.245395,12.930551,15.121187,17.037617,19.127065,15.269130
15.610337,17.861897,8.325409,17.727056,13.168531,15.847638,11.232972,15.739320,19.003984,20.070194,11.422476
12.773919,15.452557,13.837426,18.152458,13.722121,13.497872,13.423734,12.724680,17.445913,16.284183,11.746597
16.176736,15.172118,10.465941,17.569486,11.700320,13.259112,15.180842,12.590102,16.117913,14.487002,7.102434
12.460417,17.022639,13.958041,14.576227,15.965029,13.136456,14.258730,16.760566,13.660452,18.113030,12.189591
15.039961,12.639043,16.244079,18.409098,17.743412,11.436302,16.244641,16.911709,17.621456,19.786382,11.813296
12.092276,16.173487,16.757048,21.124576,15.340041,15.229507,15.623241,13.333021,14.572787,18.199452,14.813875
15.566665,15.728567,12.324374,20.102834,15.246326,15.620144,14.385228,18.620824,15.946063,18.008608,17.257284
17.002660,18.837141,14.583859,19.154040,12.002931,14.989251,16.795505,20.490095,20.323307,12.636997,16.889879
15.595604,13.090117,15.553254,20.420765,15.099486,14.534836,15.671931,18.772748,22.016437,12.233011,15.671728
16.407920,12.649498,16.268073,18.757279,19.480947,15.827803,16.460272,17.823652,20.737532,14.997056,16.729714
17.601310,11.093462,19.545156,17.983174,22.167684,16.816534,16.585745,16.409658,20.092863,17.847870,20.203687
17.793082,11.560764,22.105493,20.136026,20.853952,19.426477,19.660745,18.375701,17.192351,17.469518,15.414548
21.219348,7.977086,17.991959,16.604773,14.004326,23.245335,18.486863,20.274973,17.168622,14.218901,15.201153
20.088171,12.847937,18.730846,18.126200,14.935714,21.564970,21.621400,15.325598,18.163883,14.505248,13.687208
21.625733,17.720963,14.883142,19.604380,13.945092,16.878898,23.215670,18.883947,16.504381,15.820770,17.266887
19.684589,19.184641,19.067782,19.615524,17.297151,21.127505,17.205403,18.288116,15.686308,15.623659,18.672808
20.471625,20.670827,18.061241,17.603451,21.484245,17.979834,16.596744,21.768344,17.934356,18.717407,18.372699
18.286515,17.670494,17.512146,19.148570,26.197126,14.796534,14.959307,17.030349,17.375104,24.422340,18.240803
16.459454,16.483723,18.391014,14.561901,24.820628,19.459693,19.949876,14.222134,15.694433,20.265599,17.552548
13.918542,18.076426,15.262198,16.493925,17.302935,21.586797,19.435839,16.515746,23.332350,22.121424,19.190278
16.019813,19.552174,13.798356,19.077905,18.314303,16.628992,21.667691,17.501739,20.979929,21.391389,18.140668
14.576781,21.554590,12.318285,17.910685,14.865951,19.811166,19.159233,18.129376,20.035065,17.161056,17.654763
15.716432,19.747452,16.750332,22.047966,13.119192,16.342122,16.759402,18.711042,20.933636,20.245711,15.532541
16.829428,18.939749,15.817059,16.728291,15.268755,15.147331,21.560903,15.525059,18.533235,19.088779,17.039799
16.992162,17.234908,14.840793,17.120348,13.384502,17.299253,22.339924,13.922815,19.621259,20.946402,16.339361
16.208885,12.358287,16.025185,17.259000,17.803016,20.915730,22.073917,13.910789,20.156490,18.728139,17.792257
19.147513,15.100030,12.496622,17.700396,24.040129,20.041295,18.202221,16.487068,20.022594,17.647144,19.548142
19.100534,20.044415,17.191880,16.388493,26.505040,19.238443,17.547585,15.421293,24.749136,13.336535,22.311740
19.364738,19.923178,15.160899,13.774049,27.326396,23.190771,22.661174,11.951851,23.373325,16.965426,20.445148
18.753158,22.144867,18.884985,14.192722,25.883946,18.879556,20.510312,18.655847,23.734028,16.662440,19.785820
19.486305,21.062640,18.727379,16.919109,22.069310,18.253260,17.468964,14.775248,18.899718,17.594255,20.230666
18.840958,19.564068,18.737956,19.668812,21.649568,19.651272,15.191571,23.768182,14.768637,16.216232,19.816154
19.474056,22.491007,18.549184,22.303777,21.366615,14.493570,18.433018,27.690681,13.107422,19.589096,20.200031
18.525611,18.892092,18.833635,21.742466,18.868043,15.309949,14.355900,21.597759,16.401796,16.726747,20.184823
16.960521,20.706863,14.721343,17.632674,22.886610,19.156350,20.475685,17.700728,13.313337,16.944990,21.289258
18.554552,19.550145,11.940237,13.850215,20.827535,18.590673,20.486880,13.808129,15.947662,17.626918,20.415709
19.399827,15.880792,11.376410,18.916637,19.926709,17.293817,20.054414,18.354322,17.718723,19.900590,15.421230
19.960362,16.801063,14.386223,15.218849,21.791633,15.985558,23.862111,16.125744,18.091462,18.928709,18.259230
16.593391,17.805415,15.734341,12.815093,24.089457,15.934931,23.938819,15.984864,13.571596,14.663953,21.381831
15.403575,18.971734,14.607010,16.798727,16.619039,16.245901,20.622662,14.293210,16.290485,18.752541,21.167067
18.167654,17.631860,16.154435,17.773706,19.058429,14.700525,18.614122,16.303004,18.138432,18.683259,18.560326
12.740615,18.371410,13.861663,15.103622,18.251694,16.682637,18.035203,19.061977,20.708299,15.485720,16.832639
18.272197,17.321956,17.401585,19.472831,19.897699,17.874061,19.350802,22.407670,18.570044,19.081318,17.184447
17.563717,15.899045,15.991101,16.432426,20.902797,18.746398,20.508966,22.335010,21.697328,13.456804,19.705878
15.819147,15.142443,17.593410,20.952974,18.059333,17.493526,21.595227,25.938358,22.423605,14.831257,18.578646
20.901933,16.487695,15.977710,18.318093,20.320550,20.756920,18.579865,23.118911,23.071502,18.369753,16.346674
18.297297,22.347027,15.167560,20.182772,19.542825,21.285915,20.711839,20.989072,22.157643,17.021038,19.117447
20.689171,19.306803,14.622439,17.348025,23.371723,20.877485,24.298321,24.104381,19.020726,18.536067,20.902222
19.293512,18.055706,17.970476,15.369937,21.079453,17.603737,23.587997,25.017435,18.291910,15.990660,21.984675
18.113455,21.656234,17.514032,17.721135,18.123842,14.022666,20.476307,26.207551,19.768065,12.875348,18.367643
19.315119,17.567064,18.106310,20.567317,17.584125,15.713175,23.574816,25.716605,20.550939,14.957052,20.295720
17.110366,20.670265,19.161927,25.100639,21.283005,18.358686,20.758955,23.554616,21.269306,14.003979,23.830093
16.727324,24.319069,18.594051,26.067770,22.921841,20.034362,22.567938,24.580794,21.645309,17.839511,19.324620
15.443776,21.342379,16.609407,22.693074,23.877856,21.379847,22.278464,26.800187,20.602225,21.486115,18.658421
17.909006,24.646551,22.820784,27.574946,21.669225,22.402131,21.530980,24.122340,18.294652,20.516502,17.816500
15.009563,19.883465,24.123163,22.291743,20.073833,21.608141,18.889997,22.229573,18.225710,24.094257,19.661295
12.434304,19.686009,21.320497,19.238023,23.482894,22.039540,22.655700,20.683378,15.986098,24.354580,16.899486
18.768177,23.004131,19.390953,16.128032,18.951241,21.615300,19.892830,24.631719,18.382468,25.847791,15.567796
19.914389,26.139501,23.010208,16.845992,20.334860,24.837490,25.413355,22.353444,19.780706,23.298835,17.815431
20.024290,25.381481,19.181638,17.951916,19.450211,23.348817,24.445745,20.752799,18.895532,24.376098,18.396145
16.475828,23.521193,19.249853,14.996493,18.299299,23.693153,24.846281,20.035971,18.436198,19.577442,16.971440
18.138531,16.402312,20.486301,20.181397,20.663073,21.574251,22.236417,19.470921,18.806336,18.884156,14.510254
17.803402,22.293407,18.455068,17.870895,21.338803,23.480540,22.083324,18.057954,19.106624,21.613413,15.588550
14.796081,23.098703,18.222236,14.110215,25.759208,20.529127,19.005374,18.701557,18.642911,22.265258,19.959201
15.245236,17.686543,17.229789,15.174872,22.583265,24.455585,17.159613,21.545405,20.027571,19.375013,24.141185
19.570207,17.778695,15.457766,19.718629,19.075517,24.699915,17.040510,25.221607,22.852319,19.028308,27.047067
22.945458,15.165384,18.303352,20.909051,22.811726,21.799475,19.303674,24.349377,24.158766,19.745818,23.757713
18.951473,16.887473,15.872429,22.522272,22.865578,19.276423,21.971451,20.696753,18.811631,20.900569,21.929768
21.087626,18.709753,20.389167,20.234573,20.890022,17.820564,18.272163,18.241756,16.531131,23.541540,25.921671
26.060464,18.506770,22.166515,19.865119,23.387126,17.929015,17.508111,19.868007,17.645297,24.529075,20.217354
21.736352,22.581785,16.672232,16.240527,17.668747,15.653960,15.730271,16.978340,18.733417,19.801872,18.961715
21.332327,23.343301,16.475195,10.227112,17.816597,15.276805,19.318957,15.376848,21.320114,17.527945,18.486931
20.329819,19.497767,17.379447,13.195452,20.744821,10.262455,17.138989,17.299572,24.690206,19.459435,20.553352
16.844030,15.855431,20.718768,13.495782,21.031431,15.670206,15.903273,20.695617,20.064160,15.775902,19.534705
23.302633,13.411865,18.242132,14.736286,21.179998,18.307592,20.160240,20.814327,26.026378,17.359063,21.208557
23.111750,13.448893,21.142387,17.304585,23.353000,21.474979,23.809829,17.750445,22.013395,16.740161,19.187756
25.304391,14.344496,19.817617,19.239071,21.133581,19.947443,22.094822,17.431426,24.116232,15.021591,22.198713
22.429038,16.619126,20.994184,19.805290,22.986705,18.489728,18.858293,17.924274,21.770249,15.904959,18.437221
21.623679,22.475942,20.812918,17.475932,21.991315,16.229310,22.166055,22.154950,23.909447,18.459799,18.352551
21.239813,20.436493,21.669830,17.948699,20.782183,18.077366,24.946303,19.808310,21.726804,18.950455,14.001192
20.627206,21.941813,25.017814,18.021965,23.311474,17.180863,22.813619,18.417070,20.331090,24.414154,16.390983
23.585968,26.126502,20.529815,19.092370,19.335628,16.297447,22.285009,16.699509,19.458684,26.313510,16.000189
21.982405,21.135183,23.363558,20.506638,18.069057,21.489908,23.220632,20.008914,20.928081,22.531311,20.355080
22.643828,21.980733,19.844994,15.721420,18.600310,22.362316,25.042026,20.685142,24.051193,22.246873,23.299338
19.931132,19.339400,20.572699,17.046778,18.722683,23.123005,26.434965,26.002216,21.790354,29.437411,20.409499
20.440922,20.659713,21.094305,15.335777,16.269042,21.871419,23.890521,23.053410,25.866231,25.603038,20.862368
20.547948,22.084410,22.812748,19.739605,17.488870,23.851624,24.158146,27.663424,26.531238,23.702903,19.750114
19.846045,21.387534,21.224198,18.466986,19.785397,21.757943,24.664835,27.337197,26.590797,24.172566,21.813841
20.717325,20.293252,15.715422,19.998191,17.438518,21.543152,23.635961,23.455423,24.705837,21.712694,21.152243
18.945980,21.415836,18.331647,20.616675,19.778451,23.134356,16.898299,20.766044,18.642617,25.481418,17.453342
17.717913,25.496539,19.493584,20.844918,18.641642,18.595255,14.791647,24.130311,21.979283,24.769241,14.020239
22.576616,24.099406,17.828425,19.041519,16.521126,21.769807,15.094460,21.141250,20.780467,24.430861,14.660367
19.878484,17.279996,23.410450,20.744119,16.926289,19.800291,12.448843,15.773447,19.208969,30.164686,15.449842
20.900687,16.648292,18.634989,17.465074,20.705330,20.232534,16.122770,17.561188,20.938926,25.408146,20.796411
19.163310,15.323512,22.500679,21.970514,19.756039,24.217097,15.415948,18.809985,22.478788,22.584569,19.472872
15.713030,17.330418,25.046293,17.950924,18.502016,19.292185,14.208463,18.861458,18.898732,26.284677,19.698700
18.507403,19.574752,23.647837,20.154562,23.479374,21.720773,18.976910,17.548925,19.520230,25.846436,15.762970
17.707007,19.424136,23.153377,21.586360,22.789505,19.387795,15.595008,16.570119,18.779034,23.045655,14.820843
18.247219,19.845907,19.383607,19.318638,21.208348,18.994053,19.304864,18.262569,17.578428,22.725258,14.436692
15.828391,25.283474,21.289341,19.222016,22.122404,19.030923,16.854159,17.374408,17.860100,18.453929,20.884978
13.618177,24.706513,27.506822,19.201917,23.251239,17.446885,16.597253,19.046638,14.838812,23.500852,20.413683
20.444427,23.363420,20.558563,17.512122,20.628067,13.863846,11.683390,19.299106,20.643331,20.087508,17.901563
18.829849,22.461267,19.972873,17.177140,19.146098,15.768359,13.600553,24.297157,17.553791,17.725279,17.856607
18.324068,22.286911,17.741647,15.367491,20.977945,13.213474,18.007203,19.630030,18.828254,18.576125,12.764224
16.375487,22.112044,15.998187,16.570130,22.279165,15.216278,17.454340,19.467119,16.807524,18.021588,16.158833
17.771931,20.261674,15.359635,21.176927,20.736892,15.985764,13.192152,16.930652,15.809496,17.882130,17.602324
22.031697,16.625096,17.973830,20.176238,17.750514,14.621835,12.557109,19.187021,17.809928,16.929971,19.097596
19.433288,14.821250,16.466408,19.446597,19.405042,15.677117,21.422203,19.965135,15.978941,12.926103,18.647533
23.086480,17.287846,14.567602,23.314139,23.102870,18.058619,18.677109,18.018574,16.922441,15.949447,18.746844
24.763157,16.686710,17.572229,22.389064,18.283450,16.761221,19.789755,15.831584,21.225127,15.585754,19.045065
20.065799,14.725540,20.177408,21.221785,17.251475,15.050252,19.285118,18.972115,24.095990,16.248477,17.780975
19.112196,14.438547,18.482493,20.042821,14.583684,16.154273,22.672935,21.922842,23.693678,14.803458,15.369641
19.418375,12.892120,22.305032,23.507924,15.392985,14.685725,20.879994,19.850416,22.501903,17.474708,12.781863
15.143023,13.782708,19.071872,21.828166,12.981978,15.111443,21.815992,18.187783,18.721245,20.228829,13.303167
18.876587,17.735190,15.873581,17.989343,9.508956,15.267950,17.655216,20.370047,20.521976,17.229232,16.862125
14.705822,16.948866,11.741276,19.628470,15.981381,13.705350,17.475428,17.233209,19.994680,19.073079,17.022415
18.179517,20.299884,13.475476,22.270330,13.873597,16.852117,16.119701,14.756399,24.324176,18.472799,18.696594
16.937283,21.384079,14.003925,24.109048,14.337525,7.649983,16.410737,18.299696,22.661443,20.814617,15.876289
16.335565,21.790886,15.264889,23.330094,14.161542,13.314784,15.603811,18.286197,15.834539,23.090656,14.610096
15.128796,23.490433,17.934342,20.380936,11.958823,17.724676,14.304954,20.769512,12.646355,19.373502,9.985927
15.037776,22.325362,18.257661,18.747424,11.785425,19.199432,10.766932,21.953321,15.189217,17.021370,13.419489
17.819554,17.913178,17.168525,18.545068,12.422903,17.250526,9.051814,21.080961,15.353453,16.345514,10.006954
19.966029,17.847484,18.574835,19.522105,16.017058,21.211536,11.254580,18.259722,19.132884,20.677905,9.506199
13.560167,19.950580,16.223859,18.626807,17.967643,19.677813,12.111317,16.144833,19.070175,17.704106,15.044628
11.134212,18.402080,14.089017,17.693523,19.672177,15.702671,11.945659,16.440410,16.077145,15.709911,11.632116
15.942850,23.237305,17.477650,14.669308,19.292769,22.044146,12.470945,20.333830,16.883527,17.135983,14.834569
16.342353,19.876276,13.548998,12.994131,13.547873,22.725047,13.311180,16.178621,12.795806,21.005124,14.693844
13.741167,16.574244,14.427715,13.698338,14.544423,17.492029,16.380847,18.830118,15.543440,18.284323,14.226964
12.848400,15.313186,13.687567,15.281634,20.641272,15.398938,15.836493,18.248875,16.466786,18.565579,14.779629
12.134996,13.448440,16.736862,11.919022,20.042054,13.390153,18.486680,14.275141,14.199991,14.921122,13.307921
13.563766,13.895675,14.310152,9.514119,15.325959,11.958942,22.055446,17.210312,17.210289,17.801549,17.493576
14.061037,15.248076,18.736048,13.454176,12.228663,16.310933,18.628492,19.133366,22.046070,16.482485,17.596855
17.765892,18.593613,18.426596,16.739080,8.436966,16.574109,19.457403,20.200387,14.838382,13.229602,16.203998
16.667948,16.026027,18.066311,18.043374,11.931826,13.790764,15.722964,15.155595,16.574750,13.517280,14.579919
12.357875,19.731995,19.668207,12.874267,18.365726,16.753413,13.922523,17.898228,20.131925,14.400282,15.329489
12.861302,22.139919,19.804252,14.621868,18.029712,17.700433,11.719829,16.858683,15.015490,19.190073,12.860620
17.330139,16.837219,16.118869,11.907659,18.452454,16.660542,10.741797,20.684618,13.216456,20.019665,13.993053
17.937748,16.154219,13.502489,17.815501,20.098514,17.632779,11.925440,16.521625,13.591096,15.601672,13.224647
13.097299,15.843509,12.737320,12.190010,20.466081,11.746266,16.650255,14.045540,14.503565,15.434231,11.176097
13.693213,12.721202,15.512405,12.439647,16.678822,12.312687,15.700250,13.390660,15.228457,17.839437,11.731575
14.273185,8.866712,13.037141,11.957177,13.843469,14.645408,16.374023,14.061715,11.613913,18.270863,12.582974
12.500902,8.240359,11.874727,13.034858,13.587454,11.910768,17.863044,13.686637,10.681786,16.439785,15.575975
14.660176,13.653508,13.275090,15.455785,14.608139,11.680150,16.091961,18.001522,11.610973,16.681243,15.229184
10.669283,14.122490,16.493582,16.677905,17.771719,12.334785,14.894241,20.291555,18.422235,17.489911,10.117316
9.870584,16.106466,17.804136,12.843917,16.673310,11.045840,13.426652,17.403897,18.028721,16.338584,9.839974
15.085856,15.971159,12.284083,18.163433,14.890340,10.142496,12.513273,18.524486,16.052154,10.844393,10.548266
14.987029,18.546493,16.270237,15.879753,12.598376,14.107577,12.453225,14.871711,14.282533,14.316707,10.132025
18.372813,16.147204,12.328906,17.721918,11.906328,13.638875,11.861837,12.851956,16.270900,15.726500,8.545352
19.690973,16.751621,17.085618,15.981261,12.476645,13.465996,11.253229,14.747818,11.896596,17.325008,9.229916
16.980942,15.548047,12.291913,11.519743,7.414232,15.493121,16.197810,10.468014,13.531955,15.094650,12.801402
17.413604,11.321032,10.416627,14.174681,8.478120,12.120903,17.652689,12.244120,12.216621,12.154768,13.976631
14.443593,9.776050,9.456156,17.215955,10.448097,11.944867,18.381417,11.294254,13.149494,11.189976,16.656283
14.646072,12.152232,13.906862,14.247423,6.329687,11.277392,13.828999,13.041130,17.408646,13.114951,15.142491
13.670655,9.283087,11.665352,13.825621,8.733169,9.580925,14.910308,12.571756,15.045365,14.263931,12.021426
15.904497,12.133135,13.712694,11.889476,6.366372,12.621861,16.523813,12.028977,18.527629,15.819930,14.352672
16.820422,13.344818,10.856662,14.406181,7.306174,14.885161,17.652462,12.761619,15.648298,16.345425,11.617543
14.852640,13.512433,9.794119,13.708927,7.049736,15.613289,13.109099,10.863632,12.326926,13.325715,15.404439
9.113159,12.255646,11.783649,11.895112,8.073369,14.492910,13.409424,12.762277,12.231191,13.046428,18.127776
13.189648,10.947358,9.997425,9.222309,10.363636,8.346765,9.724793,14.564644,12.625968,10.460427,14.109214
9.574874,13.090513,10.563860,5.752436,12.229024,7.897413,9.828133,13.976812,11.920351,13.382283,10.653095
11.410616,12.799975,6.642678,12.875749,13.558760,6.843654,10.107117,12.855432,11.495542,12.913248,12.957778
16.081355,10.906586,9.323060,9.099251,9.312673,8.300841,12.775842,11.253935,10.888996,10.340953,16.029924
15.523571,9.546644,8.009461,10.307391,8.840445,10.822222,8.692499,11.004619,12.288656,10.842814,22.273788
9.569000,12.136026,10.525853,9.550669,13.110348,11.287831,12.179716,10.367529,9.834612,9.989256,20.258289
7.330220,11.958036,7.196966,10.788146,11.652750,11.541873,14.427069,10.529459,14.140590,15.011827,16.986804
7.973686,13.166219,10.342570,16.645497,11.366243,16.701719,11.529734,12.962170,14.527648,16.952588,13.849819
10.477018,14.311548,7.324446,15.151038,12.432823,12.773584,9.213929,13.970067,13.346605,12.186196,13.189249
15.244810,12.656456,9.353034,14.544581,11.041723,11.420107,10.988851,9.483572,11.240687,16.239603,11.762737
14.440267,9.453636,11.719989,14.326468,8.084507,13.173433,9.518946,11.105817,7.645585,15.244931,14.247251
14.483328,9.633749,15.628139,13.429024,9.677026,14.287303,10.687731,9.902954,8.788157,15.244699,13.968288
4.871224,9.860831,14.908714,15.203778,8.202663,10.961682,13.176936,8.528891,10.493435,14.933001,14.190033
11.147609,10.769523,8.977482,11.239122,4.965903,11.585720,7.005164,6.702226,14.490118,9.200618,18.185072
9.248834,8.831132,8.675502,8.910636,5.109291,7.803577,5.233814,9.472990,11.469622,12.773470,18.991909
8.730073,10.467336,9.787531,13.731860,8.379112,9.887189,11.400593,9.389154,11.075867,14.912907,17.337926
9.269212,12.239210,10.615879,13.814894,6.253999,10.068838,12.394741,8.752640,10.199652,15.410649,7.645904
9.818347,7.149820,6.795573,14.557341,9.256834,13.079624,14.814125,9.691192,11.805802,11.130938,3.325921
8.061403,7.972866,8.578543,10.438126,3.270628,15.650158,12.407163,9.082417,7.261371,13.947655,6.163782
10.562467,10.703235,10.757682,10.443028,3.866860,15.701258,13.732120,9.682468,15.214792,9.504064,5.748404
13.112007,9.962418,7.516797,10.728013,5.829652,13.335498,10.036373,11.863181,17.563895,10.540345,7.525707
11.959949,6.996629,6.264764,10.966179,10.296023,12.745587,9.122230,10.438545,17.305456,10.426444,8.507751
14.295355,9.039782,7.507051,9.618772,7.948553,15.576473,10.379737,12.560894,17.029089,11.118464,9.641027
15.577865,10.573683,8.294935,8.651239,6.992964,13.222914,8.843002,10.479871,15.705677,7.048490,9.262916
11.233316,10.251995,7.449332,10.398925,8.762140,17.808776,11.066060,6.727798,8.481052,7.641187,10.841126
9.514618,7.578142,8.787889,11.023259,8.888479,15.125984,9.743940,5.009733,7.282901,7.960749,12.333404
8.333985,4.165251,7.658199,9.677281,9.494304,11.232590,7.991813,4.125672,8.635650,9.928865,10.749927
11.676029,6.733913,9.250829,6.373625,8.833165,12.722178,10.132121,4.444703,7.208420,6.344473,14.673749
11.316298,10.859533,9.308196,5.679939,12.418376,7.079121,10.134930,3.754968,8.126838,9.713800,12.444073
12.290043,13.370327,7.730858,6.005125,8.606525,3.923468,8.264526,7.463457,8.986295,9.821114,13.805595
8.789903,7.012526,7.142377,4.194195,9.364169,0.860536,7.525162,11.344579,8.460233,9.600614,9.856276
9.091426,9.350144,1.555693,7.311992,8.703736,6.166980,4.480001,8.247095,7.269879,8.439759,9.269341
9.250000,7.185427,1.926444,6.133750,10.842168,5.158961,1.817032,4.975206,6.439245,6.654042,8.122005
6.354114,9.720389,0.433016,5.025873,10.430153,4.388226,7.205935,4.459681,9.960651,6.111340,7.709730
7.925603,9.162957,7.442051,7.187827,8.468869,5.879880,8.152862,5.455722,7.437795,8.092231,8.615167
11.187339,9.357700,8.386863,6.536626,9.276251,8.645560,5.097144,7.132402,6.469689,8.047287,9.784772
11.548364,8.184699,10.291066,8.098344,11.035057,9.671878,7.131411,11.636393,2.510919,7.230440,7.143833
8.485934,7.164297,10.113475,10.224342,9.751724,9.024427,6.688796,16.505979,4.166422,10.828527,11.099560
4.232063,8.795099,10.126247,11.647548,9.434258,8.985956,6.128718,11.130897,4.064668,8.425788,6.775328
4.910642,8.362539,7.293716,11.025770,7.610266,5.759396,7.877142,9.739387,5.953953,8.589243,9.939709
4.740438,7.503435,8.286250,9.468326,9.668409,9.241548,7.445993,7.608032,7.607046,7.905483,8.421778
5.300137,8.779664,6.537746,13.972935,6.875097,8.905879,7.518590,9.250885,4.338018,6.356740,4.867839
8.604608,6.239735,8.030963,11.471261,9.187171,9.183161,5.306520,9.489448,5.921506,7.657881,7.564739
7.527359,7.510999,6.947403,12.530693,7.047753,6.691611,5.734920,11.265059,6.195573,5.510883,3.063005
9.237435,7.008782,6.312400,9.621022,8.277882,8.130181,4.426124,9.892803,4.171139,2.014839,4.105485
9.153179,6.958866,4.018908,5.189202,7.775325,8.517780,3.633748,9.264521,6.919115,3.749881,5.404399
7.369742,8.950617,2.435598,12.211381,6.934903,3.384542,6.966683,2.319682,5.060729,3.595602,1.730524
7.854127,8.936100,7.432436,12.117234,5.021336,10.004640,7.480675,3.719564,1.628632,1.811254,-0.064747
4.573297,9.059659,6.561005,8.303027,4.864577,10.153187,6.875899,5.088736,4.887289,2.709442,1.004762
4.171612,4.647297,5.612885,6.292601,5.986845,9.520945,6.951410,8.329635,3.755968,4.232031,5.089025
2.474097,4.276174,6.435073,10.223394,4.960283,9.148978,9.958148,9.724700,2.865313,8.176468,4.364119
4.997232,0.964323,1.211865,11.784817,5.405905,10.134533,6.991063,10.366365,-0.519239,4.309683,9.063042
5.970883,0.293376,-2.237883,3.261513,4.186286,7.180792,3.967688,7.952759,2.513768,3.971105,6.442678
5.056031,2.939791,0.200966,6.610727,2.984129,3.139364,8.300090,7.686606,11.236796,7.646104,6.509606
5.984534,7.339767,3.149625,4.428331,5.232464,2.954073,10.878173,11.742872,6.537322,4.504770,2.954563
5.845111,6.629917,8.600565,3.602898,4.284592,6.276208,11.576685,4.977608,5.073783,5.031082,0.226147
3.824606,5.751658,7.016487,4.718276,6.238155,6.650812,11.759258,-0.275521,3.173963,6.669605,-0.422042
0.454174,5.170776,4.028799,5.607620,8.719834,4.804185,7.202512,0.432494,6.601654,4.918194,-1.602668
3.633239,3.773586,-0.832914,6.976441,7.241021,5.794378,9.491110,2.509567,5.075496,6.399457,3.596740
6.698800,4.918444,0.468977,7.960399,3.234772,3.797233,5.479304,1.141694,0.564959,10.160141,5.586660
6.207641,3.059525,3.726854,3.805005,2.863069,2.710804,3.230573,5.070355,2.544730,10.526399,8.550793
5.050506,2.988529,2.351481,5.818815,3.404090,7.460271,3.648698,3.345143,7.447121,3.268201,3.844002
5.787924,2.585300,3.971229,1.175555,0.536126,8.037596,5.920581,2.481141,2.670323,6.845213,5.511725
4.086504,5.426158,7.202476,4.118035,-3.789181,8.963597,8.383729,1.908511,5.015671,3.144388,7.294352
4.444850,-0.401460,5.058176,4.760559,1.289160,7.565023,6.217664,0.052564,4.811157,4.437083,11.244332
1.526895,3.152242,7.786672,4.418754,2.952835,3.362259,8.104522,1.245237,4.087513,6.226609,8.848989
5.408396,4.768810,2.932315,3.770303,5.339205,8.729694,5.427132,0.783673,7.803806,8.152757,5.225054
7.500520,6.378758,9.413305,-0.134406,3.716173,8.475264,6.610133,2.047729,5.499422,5.014428,4.732203
6.576797,9.386750,9.617443,3.148728,1.783625,1.118112,5.674009,2.140934,10.116519,1.559431,4.954661
7.976125,12.129184,6.156612,2.562024,3.728734,4.502167,1.060302,3.671415,5.640504,7.096346,6.532812
4.550151,6.877781,5.391705,4.904975,1.418275,2.836474,-1.222688,11.584309,7.425514,5.110950,3.972839
4.510202,5.326636,6.103143,0.377551,0.437013,2.067223,4.665461,3.699033,10.115423,5.106093,3.511654
4.815013,2.389867,5.535839,3.027688,-1.433565,1.109697,7.401762,3.535293,8.776377,1.958981,4.217664
5.512000,3.273904,7.391121,2.916512,2.999371,1.443671,7.649491,2.666818,9.831130,5.114540,-1.243166
6.065882,3.235390,5.406092,-0.542597,1.876995,2.574359,4.906196,4.510654,10.882222,6.224159,-1.074256
7.709267,5.144986,9.572272,4.896216,2.774813,2.430139,1.049299,5.805942,8.020513,6.991472,0.555903
7.492533,3.767530,2.629534,0.989728,2.905315,3.859639,5.176012,8.404586,7.272275,2.382520,1.071166
4.047080,5.093820,7.929190,0.553223,3.860398,3.695492,3.995158,8.663455,5.977999,2.171027,3.350894
3.347690,7.391006,4.796582,4.462808,8.425784,1.815691,4.004975,9.037840,4.442273,-2.093909,3.229974
8.432286,7.705658,7.707128,5.124020,11.310058,4.859479,5.264829,7.069152,0.301042,3.136301,5.808798
2.092743,5.153429,6.551430,4.943967,6.339880,6.253467,7.441287,5.896957,3.760313,4.099008,4.586517
5.443767,5.489034,2.880307,5.634242,4.248219,7.111557,7.765075,3.856574,4.783307,3.244096,3.336536
4.147101,3.527347,4.890565,9.397045,5.529956,6.095088,7.612456,3.149851,6.283252,-1.034824,5.814679
7.021349,0.515930,3.742717,5.006497,2.906945,2.462778,10.878495,5.226691,4.035269,-0.629824,3.858781
2.933931,2.245873,4.680655,7.618831,7.068363,3.262712,7.412353,5.039715,-0.301662,3.867867,6.125222
3.072621,0.798994,8.250662,5.363493,6.442151,-1.025052,8.158604,4.978271,-2.972374,3.846216,8.921727
6.501383,6.633361,10.453121,5.351428,10.680104,6.948539,2.434246,4.659989,-0.464446,-0.006377,4.757586
3.872163,4.404405,14.406682,8.908608,6.442181,5.513131,2.089567,1.592087,2.030667,4.170664,5.289924
6.169011,8.563691,11.745225,5.270582,8.441370,3.445267,4.922481,4.666213,2.857168,6.884888,6.400660
3.595083,6.220676,2.925464,3.333175,4.120603,8.390943,2.664798,7.538733,2.104787,5.683517,7.555265
4.001513,4.747941,6.244144,0.731199,4.034785,7.577755,5.208443,4.887033,1.251796,7.869462,9.337650
2.658346,4.051393,4.155687,0.183268,7.143169,7.589578,3.829816,7.724721,4.926391,5.617066,13.291248
3.495066,7.804058,3.247438,4.215723,8.147060,2.845465,4.220353,4.340444,4.096390,9.516312,8.051378
6.262729,9.204341,2.478636,5.947617,9.413062,4.189230,2.236437,1.281411,7.398531,7.755862,5.765843
8.996604,7.880809,4.311979,2.725528,6.417179,8.009906,3.248174,2.270300,6.734297,4.762242,3.025136
6.739526,5.190625,10.046894,-0.252129,3.652999,7.678476,-1.018237,7.765168,6.684408,5.473267,2.511925
7.396965,2.961750,4.748128,1.215595,3.404081,8.331891,-0.025847,10.140825,6.020404,4.044244,6.244104
10.391495,1.255723,4.346051,1.798896,5.397808,11.366519,-0.401532,7.656807,4.038494,4.409912,0.367314
8.623180,5.058944,6.710092,2.904952,8.473190,5.632475,0.706223,8.202846,6.733974,6.947098,1.854794
8.330135,2.902054,3.817896,-0.254139,6.983703,4.642967,1.858842,8.177116,8.693024,7.575085,2.353029
3.320416,7.467310,5.615371,-0.211445,5.525282,2.991977,3.743969,5.793112,3.901281,6.938063,4.699546
2.463204,3.317744,4.413718,1.126671,5.639345,3.495656,8.228841,7.878610,5.677285,4.859211,6.970155
3.157832,7.461435,6.939784,1.933978,5.389311,8.107494,6.971642,4.701974,5.796017,5.691018,7.984913
1.126216,1.163437,5.025653,2.968803,2.426213,6.563532,8.373698,3.806605,4.494881,3.925973,4.987554
2.492336,2.004044,0.845809,0.809859,1.579236,2.063010,6.932565,1.290106,1.566594,5.958550,3.581055
1.900635,5.064061,6.193442,-0.674775,0.032955,0.912216,2.062477,3.936499,2.067577,7.830664,1.185335
-0.188322,6.810869,5.679672,-1.406303,1.741458,-0.343502,2.799231,4.424954,7.913879,9.375302,-0.090337
3.804606,8.625175,4.797143,2.352466,2.840274,3.133534,5.342087,6.045904,4.066409,5.937500,-1.615318
4.477459,5.890750,6.262107,5.713494,3.197149,2.984196,2.176289,3.891142,1.227219,5.334546,-2.244061
5.036069,1.034755,7.365452,3.041986,-3.414533,5.990811,4.654510,0.970363,3.380172,4.924341,0.262053
5.990490,3.260679,3.288539,2.704962,0.250251,4.813842,7.777541,1.093156,6.894787,6.072194,1.880101
9.948059,4.077085,1.517881,0.476539,2.059408,3.756798,5.733097,-0.912459,5.417260,3.722045,-0.740912
12.166691,5.089211,4.785486,2.141226,-0.093787,5.253562,4.686029,-1.251197,6.209163,6.527695,-0.839504
5.544509,8.178592,8.914152,6.058909,-0.646670,2.162347,4.575012,-0.837717,5.510740,6.552846,3.549769
5.521273,4.671746,5.653785,3.161630,2.420369,4.105393,2.023059,2.547899,5.764378,6.930557,2.342271
4.983595,7.349330,3.590257,4.871287,4.925452,6.822558,4.099352,4.341959,3.862751,8.034780,5.803207
4.645002,8.674309,5.175187,3.255367,10.715271,4.427131,4.825359,5.032791,4.035123,8.478263,6.410634
3.711375,7.330492,2.840604,5.192711,8.576355,5.055601,3.451194,6.305827,5.774103,10.580260,6.451550
6.659616,7.994766,5.513353,2.816261,10.059523,3.308948,-0.164190,6.698526,6.237412,8.509022,-2.558019
3.174181,3.453406,5.176650,1.654273,11.847230,5.114683,1.080439,2.523622,3.984759,7.135740,0.181363
9.634512,2.149985,0.047095,3.923707,15.222571,6.734943,8.261281,7.356159,7.193073,8.807292,2.966622
5.669947,6.324566,2.766490,4.021738,9.405309,6.086922,3.206652,10.080033,9.129280,3.065615,6.208709
2.165445,7.474980,5.834441,0.284255,8.818799,5.187993,1.951848,8.071898,4.250821,2.763084,6.505675
3.997908,3.174178,3.405037,5.128520,8.177212,5.336525,2.979326,5.370077,3.903903,0.364794,6.405353
2.945693,6.140632,2.070372,1.401320,1.381166,4.136256,2.806326,2.589342,-0.328549,0.930703,5.752181
5.868265,8.040015,2.678589,4.610043,0.499640,6.539339,1.737384,2.411701,1.007122,4.454127,10.561278
2.499233,6.165124,3.493169,6.069103,4.336194,6.701238,4.887153,-0.088091,2.003694,3.680456,7.509696
7.488128,4.101113,3.105782,10.491428,11.431349,7.305485,5.707441,2.003676,3.681399,7.289898,7.755095
9.496261,1.992496,3.371026,6.242160,10.924673,7.339822,6.126117,6.350183,6.371041,6.224017,9.538435
7.888914,-0.261739,2.584479,7.319239,11.606051,6.554922,10.634760,3.876248,10.834438,8.835745,7.008008
10.081182,1.416273,4.218869,3.767014,4.148021,3.224999,7.648671,5.341363,9.543926,6.265408,6.802341
13.550724,2.370499,6.348224,5.938431,7.213220,6.422606,5.165593,8.306577,8.286869,5.292508,5.806226
6.247999,6.665710,12.322866,3.005577,8.040154,6.935898,6.342832,4.938266,8.396603,6.835827,9.376324
8.249922,9.908671,12.658873,1.170082,10.694420,2.323667,7.039548,7.493691,5.108352,6.605237,9.508530
7.090285,11.285465,8.938136,2.777085,8.516851,6.473488,8.796836,5.377932,1.144953,8.702705,11.838705
2.091702,6.782283,8.795542,0.056311,7.335826,3.649577,8.595918,11.057044,5.721417,9.083441,10.333308
8.260439,5.400096,11.084477,4.501625,6.113276,2.622708,5.376746,11.361655,1.976392,8.441337,11.737615
5.640726,8.291686,12.125340,7.072486,3.804207,8.319630,4.999188,9.641160,5.795079,4.652484,6.859295
7.747817,3.197111,10.424133,8.939855,4.326864,6.232642,4.164388,11.719171,5.111745,6.184690,7.599550
8.109168,7.123415,6.648761,6.222032,2.852658,1.719805,3.622188,10.852766,8.327822,4.366870,4.874426
8.097070,11.421030,7.828917,3.696580,9.251175,3.983711,6.092287,7.397174,7.190643,6.039074,4.298268
9.272497,12.632439,8.173042,4.950584,8.356815,4.490548,6.045697,4.723464,9.625498,8.848530,10.227518
7.119899,13.249213,5.948835,8.521067,9.828107,4.681510,7.650793,4.345403,10.047053,6.286824,10.104233
4.496985,6.192308,7.349863,8.179491,6.591459,5.127627,12.762444,2.313905,9.979995,8.352086,7.537633
8.831400,5.080273,8.120195,7.388522,6.896586,8.781523,14.895991,2.375380,8.292444,8.548407,8.849741
2.561073,8.067161,10.514239,7.385602,5.698387,8.799711,7.296294,5.105388,10.518457,9.395122,8.894485
1.758071,7.895237,11.252854,5.949895,5.403162,11.135321,10.238036,1.629558,6.811406,8.485105,13.978021
3.174833,5.745135,14.398576,8.650594,3.294954,9.772086,8.005509,5.650670,10.259003,11.225395,11.193235
3.376410,3.871372,11.418761,9.970183,5.135009,7.148602,9.368348,7.035619,6.506915,13.151375,8.223276
3.408274,7.194237,10.452411,8.406262,4.705284,6.933659,9.588227,7.065055,9.331276,12.210484,10.025207
1.552019,5.062189,7.461066,9.045144,7.494065,5.751812,11.513554,4.877629,11.819687,8.411080,6.234536
8.651300,8.617499,8.738634,0.518554,4.467161,4.517687,9.622151,10.836009,8.743353,9.334306,4.526364
8.449987,8.943086,6.643580,1.939351,5.101380,5.470622,8.086725,11.134967,7.754356,8.715451,5.196605
5.917380,10.998878,6.611229,3.412017,7.626615,7.776542,6.131432,7.996289,10.293748,8.854168,8.808619
9.029880,8.733787,9.396728,6.951913,7.956288,7.250875,5.957658,5.765406,11.829153,6.694509,5.009050
11.793874,8.822799,9.588531,8.802495,3.531012,9.443367,7.127692,9.862946,9.958961,8.869819,8.555623
8.224774,4.303415,7.015741,12.978645,4.304479,8.669595,5.543876,11.745184,8.244391,8.945854,11.590507
7.870295,6.174216,12.787506,9.867115,2.386717,11.982698,8.501785,12.650409,2.348290,4.371520,7.145378
10.258750,6.677931,13.593648,12.140227,4.832701,13.227372,6.748856,10.336274,4.702464,7.238078,8.887438
13.286123,11.678198,9.584494,5.514365,9.207411,15.150820,7.464190,13.993716,3.996830,8.300562,8.343924
14.984730,7.367727,7.045631,-0.307674,10.675370,13.845904,3.797347,15.740537,7.892949,10.622365,13.442153
14.025550,4.899228,7.619392,8.332533,8.240523,9.800446,5.698673,13.418364,10.426199,8.262624,15.188429
12.183998,4.901481,5.520564,10.810300,11.360402,3.579821,5.478689,8.164681,13.072411,4.281575,9.022624
11.172510,3.887120,3.429660,11.122796,12.448039,0.486222,9.236718,9.267269,14.389867,5.782629,12.331238
8.832515,6.349830,5.633888,7.345471,13.341581,3.061435,10.068808,11.582930,11.723069,12.533146,15.478607
12.399252,8.209955,6.753942,14.324114,11.704053,5.991253,12.571232,8.385723,13.427628,11.141317,13.753697
13.560823,5.753670,6.101929,12.940476,16.652158,7.865373,8.384121,7.029200,15.969534,7.599205,11.106812
10.458207,10.598450,8.024501,14.764913,15.814482,10.225942,12.225362,7.934688,14.527322,7.016855,15.612237
9.751986,10.627825,3.015417,13.073185,12.908158,13.285837,9.354587,11.504458,14.299249,7.943062,15.873875
10.435253,8.324231,2.654165,14.515736,13.264368,10.388806,9.118218,12.384423,11.006823,10.193447,15.318530
10.596698,13.130393,2.190068,8.122851,9.836387,12.627277,12.152050,7.358261,8.136595,13.540293,15.685111
13.985031,8.510896,3.458968,9.051800,14.605697,12.998461,13.441455,8.704897,8.954341,10.887739,11.457392
13.625694,13.355595,5.468745,5.747232,10.099168,11.837983,11.392477,9.593422,8.923045,11.995042,9.814682
12.972305,15.669470,9.116127,4.376570,12.533208,10.688147,13.314162,8.522328,11.726650,13.736718,10.284626
11.380202,11.550380,8.389209,4.289995,11.003941,12.541812,11.227846,9.160556,13.507007,14.766797,13.613052
9.297096,16.869960,4.554958,4.255820,7.816264,13.886150,10.986846,6.037136,12.333543,15.923587,13.531363
14.438456,15.063447,4.414607,8.088227,10.197988,13.755366,12.158356,7.026031,12.128408,13.232619,7.520619
13.468161,13.108380,2.887907,6.983423,12.997139,11.938755,11.864209,6.635070,12.782721,12.567844,5.177128
11.801157,11.984555,12.094938,12.556876,11.281593,14.016452,17.471327,9.084541,16.227516,11.575616,7.784047
6.766921,7.970958,11.825528,14.270427,13.950682,9.113331,20.075997,11.435312,11.806115,10.055702,11.863462
9.337593,8.765480,13.107559,15.298089,9.907810,11.862379,18.364424,13.114780,13.197915,10.644430,11.543786
10.105320,7.059788,9.138713,16.775241,15.210975,18.892893,12.256521,12.579961,12.948544,7.565109,9.941371
8.769482,8.607807,10.770902,14.154635,17.235633,15.826940,12.988184,13.359823,14.730582,8.533710,12.289154
12.248196,9.728555,10.968448,13.343158,12.072461,14.761330,12.920103,10.104379,15.608506,7.344410,13.465978
11.348429,11.571151,15.418466,13.696840,8.444851,13.320417,10.021435,8.377473,13.581143,10.013275,14.814566
13.186550,14.464927,17.214476,15.393572,10.881117,14.835431,16.534663,9.453008,12.125468,12.206188,16.890233
14.445897,11.640434,16.308484,14.183492,11.626867,15.775433,13.185687,12.000761,15.235901,11.398366,14.875099
15.751542,6.199316,18.114807,16.232279,14.583562,11.868521,13.271799,9.248144,13.599578,9.713099,11.946009
17.385529,5.349501,15.582003,15.056464,14.552323,15.197891,9.483538,13.770926,12.308131,9.464153,7.876259
21.104651,7.687962,14.248467,9.947919,15.359561,16.361949,18.764350,12.438378,11.391061,13.663897,12.144286
20.094423,10.510384,12.108972,8.859913,14.177568,16.675633,15.774381,14.477030,10.570875,14.622108,14.795539
18.430648,11.371586,11.605921,10.520064,14.013348,14.440912,12.389481,11.772419,13.589289,13.690356,14.836794
18.839182,12.388573,15.788613,13.964755,15.138666,15.569088,14.126059,12.907577,12.064043,8.533567,17.680957
16.135782,11.224362,18.414533,14.983852,15.560270,15.245770,14.941104,13.337073,9.536478,10.983841,11.132827
12.919894,14.553602,16.767248,14.076763,15.986126,16.192018,13.352478,15.692193,11.639718,16.746126,10.149614
11.407355,12.209060,14.891307,16.598511,14.965731,14.307368,12.923151,10.747071,14.000542,18.801478,10.812572
14.356032,12.908476,12.534736,19.286712,11.518581,12.489194,14.916776,14.035130,14.076624,20.412319,14.127734
11.663280,15.665315,9.710270,16.415367,9.782478,12.661953,16.781204,12.074171,14.290250,21.565800,15.018321
9.934075,12.665249,10.971281,15.027191,14.137955,14.685407,13.391652,14.410810,10.798649,20.216712,16.142166
12.013598,10.971118,12.413283,15.842308,13.635857,17.376173,13.715552,13.222165,8.337569,17.879673,9.813989
13.159124,11.210983,16.720678,17.725186,14.771294,17.572912,14.148786,12.819416,9.036565,17.473165,17.063699
10.539086,12.934555,16.680674,15.726320,15.191205,18.446073,13.325969,12.279000,15.005029,16.007012,20.137743
13.348308,15.078469,12.076425,18.436068,13.935699,16.845047,16.353144,10.384983,15.995290,18.411054,14.836103
12.660837,15.941905,13.902114,17.193511,14.381967,13.383188,18.553771,11.218396,14.166154,15.094379,11.868107
16.044783,16.832075,14.788408,15.105651,16.980337,10.210277,15.349467,16.454892,12.145345,20.721586,12.256380
13.221709,16.725810,15.157620,11.529995,16.225313,14.601580,11.214205,15.067721,15.373113,20.019749,17.387301
12.550313,13.026204,14.658426,12.779110,15.348802,18.223286,14.975008,15.623884,17.528395,17.409399,16.708726
14.913389,10.302485,13.981352,14.601232,15.281423,17.554411,12.970269,13.248500,20.001356,17.450932,15.420026
13.053845,13.098589,13.083497,17.851207,11.627022,16.146954,15.418434,11.164904,18.875227,11.713430,17.460849
14.096925,12.789479,12.594635,11.322540,11.977111,19.268708,15.391865,15.578367,16.420311,13.207879,18.593381
13.964033,13.916442,14.944410,14.894854,13.780197,22.246746,17.270151,17.313793,13.815162,16.761497,17.411065
16.682308,14.059741,14.930637,17.223645,17.073634,18.801086,14.232047,14.628523,13.728314,15.856205,18.780106
18.210124,15.211722,15.089805,16.064052,10.593450,21.804012,13.932776,13.992480,13.724042,16.569910,20.631254
16.391496,13.040842,18.160958,12.269087,13.596772,19.167459,17.188977,14.580961,16.986476,13.936106,15.931535
13.717246,15.583684,11.157037,17.499931,10.106102,17.990254,13.390524,15.678134,17.451899,17.871783,15.377610
12.286118,15.544299,8.430719,17.391142,10.273127,17.865766,14.722393,19.446569,21.121090,19.455023,14.673233
10.498839,16.052732,16.333890,20.965499,12.337954,16.870464,14.085134,18.515690,19.669735,15.597405,18.140593
13.193408,14.750743,14.779964,19.738276,14.687191,16.656823,14.444501,12.094626,21.827360,18.732698,17.456671
13.525245,14.240792,14.852589,20.907411,18.957541,15.594932,13.866053,12.411571,17.827903,25.982092,17.772674
19.196542,14.401049,21.020190,18.411661,16.913897,15.890828,15.040050,11.356256,15.442871,25.636987,17.300430
19.044457,15.418479,20.783431,14.777885,17.818794,19.193683,15.204920,9.777950,16.103373,28.495956,17.268462
15.085868,9.527064,20.510087,13.660580,16.632841,16.086173,17.986572,19.428910,21.771982,22.761002,15.276472
14.243906,10.491845,18.637962,14.189147,18.464255,17.540954,16.283193,17.880095,22.430147,21.191911,17.484955
20.957525,16.314403,19.586634,18.798273,15.112513,15.212404,17.338120,15.542159,19.349099,22.082083,21.036976
18.152836,18.807113,20.983837,19.037017,15.228735,16.535684,18.450852,17.632368,18.939062,19.837232,18.449204
17.794129,19.608259,20.991115,14.781508,15.042827,19.608468,21.233839,16.871219,18.112506,18.950183,15.384937
18.327254,20.059291,18.863444,18.961690,14.255856,19.987130,20.926708,20.616025,18.244561,21.644946,18.712499
20.303867,20.726834,21.317539,14.228738,15.794203,17.161976,21.654768,20.918133,20.835981,19.560709,15.383403
19.334159,18.880796,24.750653,12.239974,13.081950,17.794070,17.686655,20.729895,17.913745,19.700113,14.722334
16.630179,20.144124,20.825867,12.923551,16.037222,16.715262,21.338477,19.688922,20.528185,13.436400,18.089502
17.935179,17.658964,17.008697,11.381424,16.771044,14.170990,20.932529,18.700823,24.072262,9.674554,11.229638
20.690899,12.032412,20.278862,12.406456,16.662463,20.900810,24.004085,15.846130,22.301182,15.265393,12.407732
19.660200,14.710201,19.039188,13.169154,15.952786,19.459410,17.675765,16.062840,17.947193,18.651625,14.196742
17.100789,14.858791,18.653428,16.265378,16.919476,17.336816,16.503249,17.277029,21.239379,21.972466,13.736082
19.582274,19.398349,20.668580,17.854160,20.726344,17.817221,17.594565,16.489625,20.076747,23.758121,13.328530
15.507809,19.314968,22.659345,15.581360,17.410407,19.777979,14.837831,16.206114,18.760325,22.804588,21.679495
16.175840,16.598195,23.590056,18.871795,18.678076,16.908444,15.277121,20.252051,19.682672,22.437318,23.847310
21.806938,18.062844,24.180990,17.810700,16.869370,19.845013,15.902857,26.969474,16.636089,25.238406,24.649659
23.842169,19.611445,21.616622,14.462011,15.924641,20.411965,17.323870,22.584309,14.720798,23.980920,23.082661
22.076333,17.616523,21.818398,16.276809,17.272738,15.589369,16.415339,20.133923,17.183345,15.653331,18.502305
21.915343,19.377289,16.781892,16.105597,19.360245,19.574015,16.876122,18.635674,22.646306,16.316038,24.440901
20.653235,18.072095,17.780248,18.371043,21.277151,20.277332,16.973156,17.679844,23.638970,17.219931,23.997992
22.374204,16.076772,20.515211,17.802379,20.159706,15.612394,17.459123,17.151482,22.091090,20.550432,21.788024
23.170103,17.550189,22.282909,14.868295,23.355808,16.747935,16.611803,14.847614,23.180822,22.029179,18.430666
22.763191,21.145350,20.326887,20.474466,27.100700,17.451034,16.679872,19.520800,18.764933,21.035978,17.124086
21.750359,23.646414,19.680205,17.886898,18.971825,13.820114,15.032803,21.565201,12.391084,22.977992,17.643248
20.382286,20.791910,18.958363,17.659492,15.057594,15.345277,16.636656,24.705181,16.378045,25.120844,17.774397
22.474835,22.367243,14.960950,16.945749,17.366931,19.054334,14.889208,23.140232,15.241932,24.261781,18.501004
22.842578,23.755198,15.508591,17.360323,15.026843,22.121012,16.220990,21.470796,15.429500,27.210095,19.832793
19.508659,19.968869,18.182217,16.338997,17.240781,23.635402,20.746713,23.189035,16.597503,24.634626,20.404799
17.327688,23.496764,17.075000,18.418439,20.988631,21.737926,17.903297,20.242563,18.381674,24.833182,20.685405
17.131594,22.005963,19.397611,15.421316,22.503660,21.570230,20.556133,19.202061,21.540425,24.765386,19.394635
21.268669,20.552291,21.233791,17.195576,21.633071,19.082502,18.029128,19.943999,19.761648,22.717339,16.867873
20.481062,16.658881,19.871959,17.278778,25.388537,15.856799,17.671478,16.836904,20.361461,23.081124,13.963953
22.441338,17.154295,18.687518,20.967497,24.273840,14.757912,19.757050,16.260664,23.751603,24.062899,14.170589
20.174125,15.938670,16.771795,23.943183,21.261502,16.825427,18.636078,15.052650,21.312525,21.500793,17.903895
18.970198,16.765317,16.449872,23.214072,19.036099,20.978929,18.658220,17.811791,23.163751,21.579168,20.306692
16.080143,19.690503,17.298865,20.008491,18.045253,21.755012,16.596269,14.092148,19.997856,20.627331,23.231352
17.473602,21.699094,17.640923,21.112649,17.213905,20.831332,18.016298,19.216213,20.729985,17.406867,24.319750
18.946293,23.020798,18.580145,20.883633,17.941429,22.959088,17.564683,18.473283,23.315910,16.182430,22.722257
16.542205,20.027426,19.475910,20.794760,17.012986,19.226412,19.099820,19.264480,18.350467,16.037036,20.049487
16.704910,18.562537,20.560095,20.981307,20.489801,18.510144,21.709841,20.822809,23.033663,17.095880,23.411867
22.262882,18.965435,19.714313,20.763208,21.544290,17.940400,19.415500,19.005552,24.292297,17.399374,22.511134
23.863848,21.682154,15.689785,19.393969,24.078834,22.389131,17.714536,20.703150,21.142797,15.689741,24.479958
22.626150,20.282668,18.112149,22.735093,24.498174,18.864960,21.291739,24.146254,23.619310,16.607137,16.232413
15.324372,21.272384,18.851653,24.798297,20.786001,20.759657,22.781568,25.217086,28.008127,17.331271,19.068706
17.503560,25.600089,20.041835,24.806939,25.474059,17.325071,19.241124,22.049722,21.803395,17.414366,21.110216
17.011841,23.569987,20.664465,24.302364,25.530315,17.471282,17.057995,24.743746,24.621493,17.729916,19.787312
18.311561,24.467100,19.706781,25.521041,20.584808,20.935876,20.760067,21.476913,21.438287,21.815600,19.118555
16.838142,21.812276,20.793815,24.695050,20.829275,18.866340,20.379039,19.689568,20.869048,20.539563,22.643209
18.442293,20.488634,22.024987,23.475262,19.029201,12.266138,22.141964,18.772532,26.168772,17.960453,22.121673
20.834013,19.996205,22.863971,25.020729,21.834324,18.222495,26.427414,22.232001,27.458959,19.720428,17.847194
17.249571,18.040468,22.769699,20.103444,23.213822,17.566467,21.504295,23.022913,24.589124,23.062326,23.578486
18.911011,19.882383,26.207952,18.938382,17.848676,18.402964,20.003570,19.965789,21.964887,25.336215,21.725467
19.552872,18.311548,24.992859,20.386409,17.872791,22.805603,17.926190,22.222048,21.853970,18.569242,19.391912
17.697866,20.056682,25.971426,22.073155,20.532359,22.016061,18.978346,22.133890,22.863072,18.254492,24.014628
18.815672,22.475382,24.596768,16.859716,22.564850,24.972241,19.421961,22.998056,26.823824,19.956753,24.699795
21.908459,20.394472,18.013861,16.334998,24.042220,24.235007,20.118167,19.789507,23.579330,18.000796,25.418868
22.715256,21.478657,18.256377,14.098236,24.692192,21.771559,20.414058,16.920978,20.523126,14.790540,22.087839
21.081202,20.915419,22.305745,16.301190,27.026256,19.571958,22.041782,18.563200,21.322481,19.659245,25.313149
24.339185,17.617648,25.791261,16.402132,27.440692,22.410346,23.575254,21.480425,18.939498,22.455399,22.787646
21.867661,19.704635,23.795855,19.646569,28.818356,21.189183,18.438183,19.409700,19.039282,16.833915,23.659723
21.404559,19.843009,21.842116,19.813205,25.922237,18.581756,20.483551,18.269225,19.921471,21.683579,26.609745
17.703314,19.526853,25.815207,21.381634,21.048565,18.104055,18.720006,15.421190,21.654243,19.023423,19.146787
24.330644,23.324515,22.823543,23.209598,20.729332,17.261218,19.038334,17.743680,19.311745,22.764164,19.439691
18.696088,19.164160,27.399226,19.282475,19.624737,15.567225,13.934351,19.602472,14.845116,22.263922,18.366983
21.752785,20.091663,26.278451,21.082298,21.348429,17.782983,17.070363,18.696971,21.398588,23.980217,22.969737
21.301552,18.411788,24.563723,23.232813,22.460885,20.684311,20.747850,18.392736,17.589182,21.092830,23.462051
22.394484,19.838855,21.700587,23.503717,21.559892,23.293307,19.951694,21.140525,18.001642,21.929421,20.268231
19.201883,21.666679,18.058463,24.465694,23.974214,25.796050,21.408791,19.373592,20.151059,24.829913,21.539235
20.122061,19.819963,18.062396,20.027675,23.314710,27.854918,18.816129,24.171016,18.014307,20.045218,21.508362
25.022637,19.818649,17.087933,18.086682,24.825042,21.507486,24.547128,21.465790,19.467290,17.879629,20.616767
20.568913,17.327774,19.115038,18.804713,22.214239,23.517775,22.676057,19.600367,20.467951,16.611109,20.259887
22.585616,22.507522,22.737612,15.428418,24.205936,23.717515,18.968391,17.087601,18.315662,15.365928,19.824024
23.495661,16.675986,21.338633,14.345355,19.871609,24.268419,19.666136,20.156158,19.072329,17.741242,23.935819
23.101990,20.448469,22.824755,16.684234,16.734052,22.141506,21.436124,20.602385,21.918943,16.683048,19.833578
19.590741,18.362713,20.500214,20.944938,20.879251,20.290079,19.725420,20.912407,18.336407,15.525705,18.408127
17.012174,17.930290,20.651468,19.418471,18.965893,20.677750,19.632209,19.325282,19.680739,17.458870,17.613686
20.779055,19.235799,22.288440,21.400574,20.138502,21.694324,24.750320,23.316414,21.356215,17.894247,19.194385
22.586396,21.281230,20.944417,24.171553,17.555098,18.879628,23.469410,22.548757,16.963185,20.894602,19.065228
21.322072,24.057849,18.747409,24.227124,16.010514,18.204260,24.970573,18.205455,21.911718,21.620778,16.229892
18.774264,20.305984,18.427291,23.621805,15.553461,19.510364,25.065807,21.988179,24.607362,22.941834,20.327905
16.341668,19.053767,20.891742,20.960427,15.967452,18.745335,23.945354,21.068499,27.615841,20.485038,18.823112
18.049067,20.936742,21.406937,24.112261,17.411185,24.956865,21.913838,24.969539,24.060068,20.279672,17.160713
20.018801,19.687418,25.454699,19.714082,19.733790,24.207069,21.509175,25.304093,24.610969,20.027380,18.594110
18.358176,19.644397,23.615891,17.497128,19.739703,20.694030,22.584859,20.376421,20.692356,20.561876,21.715211
20.993124,19.051923,21.655083,16.000173,19.939670,16.082982,18.079687,22.654026,19.776557,19.979233,24.062108
17.954215,20.423432,21.224341,18.720263,18.869712,16.931744,21.252793,19.453966,20.957134,22.330192,18.560936
17.001834,22.150982,17.452119,19.775611,21.862674,19.714710,23.717280,21.433688,23.248043,20.616860,20.604234
17.483722,18.548432,21.247840,19.121053,24.605002,20.392473,20.220994,19.904315,20.975031,24.001626,17.830964
18.864827,21.238340,19.500517,21.020469,23.258521,17.176247,19.261567,19.275423,22.365339,22.489648,16.500326
13.522752,20.283912,20.284337,21.218668,17.997532,18.394418,19.354868,23.864816,22.534691,18.359871,19.851761
17.762538,22.229434,17.787580,16.712127,16.752226,17.299473,18.435840,22.617788,21.215958,19.318124,16.218157
19.321598,20.166534,18.764532,17.612489,14.408820,13.095990,17.367122,22.643317,19.116834,20.313228,18.612678
18.544615,19.762983,21.235103,18.404982,13.244280,7.643350,19.881011,18.568344,19.112365,24.012579,19.349917
18.080525,18.180398,19.082333,15.157599,13.073853,9.152414,15.726863,17.446707,19.445167,21.635361,18.779657
15.463030,24.367611,14.478519,17.399902,20.672245,16.486489,18.098462,16.583776,19.033477,17.164037,14.792249
21.519896,24.861567,17.538646,15.157218,22.135033,14.564942,18.945095,16.847471,23.329398,16.384071,15.756189
20.977586,21.513566,18.115133,18.856749,19.137138,15.392054,20.672579,18.019321,23.352043,17.385756,14.763210
22.985259,24.524394,22.793040,20.291925,21.934597,13.807809,21.347659,19.622322,24.793364,16.711392,13.733304
16.901731,22.632702,19.414547,13.401936,20.816669,12.072535,16.768231,19.121042,20.204086,20.202807,17.184390
15.602882,19.609225,22.287045,16.506317,18.947718,14.915066,19.629919,13.365052,22.902461,18.516903,18.287476
16.435448,20.264382,21.070796,21.257654,18.457949,16.618978,20.324647,13.464013,17.681269,18.203045,17.644525
16.205572,15.827952,19.957597,19.204887,21.170859,14.687276,20.617302,18.301819,15.964972,14.906438,14.437239
16.306561,12.814065,24.265286,19.817569,20.288927,16.162493,17.554211,23.613320,14.054139,20.185792,16.553617
14.217505,13.731865,22.542872,22.125747,19.608562,16.913038,15.936845,19.386397,15.327361,19.135485,20.016485
12.080889,16.831173,22.858699,19.597985,16.463170,14.853869,17.942971,19.172955,14.873784,19.668598,18.636554
11.646533,19.155138,24.823135,18.860231,16.421628,18.766242,21.999303,20.453830,17.975011,16.890173,23.116642
14.574014,15.540467,23.768227,16.634964,14.977761,19.301217,19.629907,19.424382,22.302825,17.321642,19.015965
15.258412,15.887468,17.870760,17.552941,17.043319,19.076711,18.181422,15.181863,22.353435,22.142393,20.053190
14.350552,20.363987,16.444022,15.727936,15.708188,16.845272,17.466169,17.140191,23.865058,23.769118,19.112794
17.024322,15.844971,21.932804,18.620611,12.666694,12.746221,13.904373,16.290375,26.327622,16.645689,25.157751
13.970536,14.350253,20.544031,18.052016,12.426241,14.548455,13.719860,18.451632,23.105822,14.573501,20.470857
12.285569,16.431647,15.026202,15.771849,8.873041,17.514557,17.250297,15.793818,18.885476,21.192047,19.064591
13.714279,24.263531,13.472501,15.839480,14.140671,20.206477,19.874458,19.148113,14.771663,18.807966,15.527457
10.830042,18.887690,13.961894,19.247666,13.946162,15.792955,15.500901,11.594643,12.937058,17.157971,16.669445
12.238490,17.604891,12.361607,19.702428,14.192586,14.990624,15.574014,13.320072,15.285381,15.993101,20.528544
13.624974,17.924166,18.715381,17.012853,12.025889,14.238195,18.376797,19.511686,11.753015,15.698385,18.994518
13.250610,16.787251,17.863370,18.385065,16.737617,11.211303,13.477906,18.104075,14.295706,17.740309,20.427229
17.139510,19.154873,18.387049,17.147796,12.341944,16.635012,14.739280,15.314189,17.518539,20.305662,22.446274
15.347576,19.825156,20.913259,16.382481,12.748338,15.255784,14.169334,17.226089,14.616154,20.918053,20.889261
14.313555,18.645865,19.186387,17.697038,15.885505,15.136301,13.606677,13.769849,16.126518,16.268267,16.069195
12.716263,20.052043,18.019590,14.622148,12.828914,13.764847,14.901566,13.210420,16.124098,14.905784,12.250603
12.852371,15.860227,15.953593,15.557320,11.086659,17.223710,13.432070,10.504527,17.943107,15.308687,15.634577
13.233587,13.534101,18.123178,16.048421,12.202090,12.453033,14.154869,12.809794,19.340959,15.580216,14.952540
12.540996,15.257950,15.251313,15.331101,17.058279,9.023388,17.135797,12.385841,18.111123,17.243463,13.548206
18.850537,11.332172,17.504543,18.593635,14.415017,8.889823,13.800514,12.608435,13.515383,15.474271,14.095393
18.543502,10.045879,17.946977,16.151633,16.366640,9.063845,20.253622,16.911251,13.092480,16.147532,16.525660
22.303576,7.823706,13.690900,18.375808,13.237643,5.997766,18.429990,12.765699,18.334476,18.639815,14.784395
19.713890,2.461803,18.311273,15.307561,13.803250,16.006610,18.651286,14.907052,15.836896,10.796110,16.880666
18.040699,6.530192,14.412314,10.681864,8.996276,17.686244,14.556260,15.321739,16.563248,11.349768,13.705909
17.818407,7.304073,14.589101,18.481655,11.033900,14.967945,13.427310,17.493643,11.208659,14.310611,13.942833
14.471226,5.572421,14.563259,16.770446,15.311323,17.521292,15.345349,15.123747,14.189048,10.269612,13.060909
16.425985,5.498605,16.988995,15.644313,12.278598,12.079217,13.821827,13.811182,15.522869,8.120515,13.930702
13.242352,10.707272,15.724263,18.408854,10.201124,13.554203,14.848764,17.354764,13.982013,9.227152,13.690529
11.836269,12.002563,12.510490,14.877457,15.342342,13.539227,10.563983,13.579642,14.090031,10.970087,11.357328
8.867391,9.020998,13.834881,14.509411,15.454572,16.215513,9.775256,13.580155,19.445967,17.160101,11.025783
12.393025,11.779731,10.498489,11.124923,16.057706,13.409326,12.105346,12.868576,15.987763,16.687616,8.336536
10.118366,14.340016,10.270827,11.131296,15.158649,11.947488,12.088954,10.681104,9.502381,15.465864,8.186648
7.229733,13.058246,13.065447,6.842386,14.147082,15.294310,10.121979,8.511718,11.894319,15.565761,8.096477
11.567132,12.182220,14.935877,11.399997,13.235291,12.513588,9.626366,10.069514,14.691877,15.020017,10.887139
7.680678,13.116770,18.101067,6.981098,12.634511,14.564991,8.513505,10.646518,13.566486,14.860976,13.628540
12.973788,11.969204,14.453858,3.233671,13.080564,14.818455,12.052644,16.076631,10.314704,16.960720,15.732760
10.064575,7.340414,11.982736,5.266899,11.939620,10.896802,7.713625,17.574328,10.887576,19.187872,13.898229
9.542266,12.823956,12.605916,8.864511,9.991496,12.593985,6.024015,17.348020,9.613977,14.374840,15.434022
11.382643,12.063924,10.319674,7.341948,13.613124,13.133346,6.414459,9.792648,13.300070,14.191328,13.420000
8.268534,11.705557,7.756286,12.328239,14.980048,8.931284,8.213972,12.204363,14.703345,12.642725,15.337484
7.825691,14.332692,7.033128,11.921697,7.717169,7.105869,13.525177,8.148722,18.741418,9.880263,12.779453
7.451934,14.094229,8.017054,9.690636,5.663796,8.590864,13.267278,8.192352,17.352969,10.173297,10.849869
7.017860,14.629405,8.408238,7.283702,8.966649,4.259023,13.077064,13.223396,15.561728,15.058708,12.077098
8.024406,13.220267,12.028679,6.812016,10.887968,10.387857,15.369380,12.841481,14.820749,15.728097,14.999013
12.246815,9.120110,8.385344,7.676842,11.144461,11.291910,15.561966,12.255687,10.074977,13.438955,12.536188
10.318683,10.254116,7.028949,10.295771,13.049253,10.551741,14.740987,7.942531,9.735870,12.512065,11.348768
12.192376,10.097298,10.972827,9.565120,14.731212,8.636921,10.438456,8.039582,8.396560,11.067571,12.607633
8.661241,10.175556,9.845586,10.561705,15.211931,8.379010,8.924096,10.415822,8.396769,13.831292,13.233896
8.367282,9.707978,12.046750,11.936686,11.819216,6.881405,9.580259,14.876750,5.167729,10.447112,13.739385
8.680873,10.667262,8.284424,10.544283,12.861885,8.021552,10.084229,14.689057,8.172429,9.038173,14.795876
9.988699,12.992796,8.958112,12.972200,10.441177,8.901924,9.832392,13.016838,5.020756,8.000742,11.987910
9.792343,20.210312,7.829054,14.463710,8.023813,8.751355,13.347005,10.498864,7.054533,7.360466,11.942031
9.164069,15.566720,12.942863,11.713484,10.043897,11.665019,11.714215,7.401013,6.408409,8.485114,12.999500
9.901897,15.280380,17.224285,13.037446,5.791422,10.405656,8.625835,8.122605,12.668551,10.413162,12.427334
7.211626,13.662470,14.952732,12.362166,7.765667,9.540050,9.177971,6.920545,15.121580,7.998834,13.914283
4.502409,13.718658,13.501361,10.368535,10.680793,2.493519,5.452012,8.245524,13.932701,8.332463,12.102006
9.827612,11.754210,9.283916,6.559129,12.101525,4.305787,7.370280,13.186380,11.652077,8.196133,7.764059
11.145592,10.371659,10.235050,4.287999,11.518194,4.517412,10.982746,9.076589,12.500378,8.917314,4.819180
10.510750,15.495955,10.176109,7.123042,11.942648,7.786117,11.516991,11.553193,10.083538,7.332199,10.206955
13.735482,14.012147,13.153528,2.380842,9.900279,4.560776,11.567842,7.902925,7.605883,12.069199,11.469442
8.789407,11.856937,9.044892,6.869923,8.738600,6.335931,10.285123,8.186302,6.411166,9.342612,8.708337
5.779380,13.417549,6.402236,8.737339,13.494139,5.805560,6.705240,7.108333,12.520916,8.563819,4.687269
5.147044,9.859832,10.949320,11.539099,12.350009,5.624988,6.819500,7.341566,11.027676,7.819416,6.619065
3.032509,9.208911,7.959984,10.789005,10.048660,4.920813,6.122472,8.321267,11.489649,10.303577,4.480286
8.455651,7.969162,2.803143,11.285004,7.847768,6.990670,7.717176,12.264572,10.002131,6.267682,8.361648
6.254254,10.160205,4.151699,10.460175,8.622364,9.914913,6.097292,6.480359,10.284720,8.582431,5.560092
8.105181,5.513416,6.633139,13.913490,5.528340,10.806035,5.197034,5.967354,7.759741,8.098661,10.545901
11.534965,5.225784,7.885160,9.208456,11.347460,12.360439,8.607993,12.546367,3.968151,4.199043,9.845037
8.595222,7.817027,5.898379,5.850641,10.218682,13.084774,9.425365,12.597706,6.725553,12.467655,7.654836
9.249452,9.279789,7.182757,3.527640,8.531396,9.729413,7.147504,10.662627,5.362026,8.641393,10.268682
10.581410,6.144031,10.804002,8.431673,7.967761,9.881545,6.933972,11.678361,6.348285,6.640910,8.305062
9.821630,4.905924,11.057130,10.455423,10.026687,10.943974,3.432385,12.153045,11.761104,8.500076,8.514432
6.355063,3.986175,10.018184,10.227454,8.132105,8.351263,5.721029,10.347837,7.696284,6.957878,8.409850
7.746757,11.688726,6.587193,8.069570,4.634484,8.429064,8.734113,11.552338,6.976206,5.680511,9.781795
10.976697,6.131250,12.442147,5.179322,2.732102,8.269799,7.541608,10.943359,6.963400,7.820301,8.955518
2.873082,3.466250,12.447881,7.086750,7.320570,5.998805,7.579657,5.748649,4.597889,10.987893,8.889638
0.861728,5.449347,16.464935,6.601013,4.762285,3.280791,10.370002,6.760176,8.462644,9.245009,8.068165
5.231506,10.359787,13.670622,6.838558,8.670857,4.150691,12.867984,7.206363,8.960541,14.683138,6.643293
5.178976,14.838039,13.032672,2.658883,11.702310,4.422247,2.373585,8.455639,9.394996,7.523863,4.938127
8.045412,14.043634,6.460083,5.327386,5.463292,9.419441,3.936560,4.913650,6.842377,9.292567,8.126224
6.652856,11.213930,5.599616,7.711635,11.010983,7.860789,5.419569,5.244745,4.571651,9.527297,9.339637
4.217297,6.382076,6.485339,1.119663,8.275310,3.890952,7.716841,7.378971,7.450392,11.594298,9.432601
2.042116,7.488854,7.800511,5.439245,5.450676,4.250654,6.653987,8.948163,5.221411,8.738926,6.127937
4.451579,8.649175,5.663042,5.799097,7.784288,4.202646,4.996871,5.002915,4.697691,10.367951,10.429098
9.183945,8.657599,6.142151,7.725879,9.563655,4.499338,3.744386,6.493226,8.166404,9.527504,7.124763
9.903557,10.946754,3.997852,7.544756,9.568642,1.458909,7.342207,8.829865,6.615542,7.289275,7.040631
6.611984,7.766442,7.187213,9.747293,9.959387,1.523183,8.644265,7.533483,6.452524,4.981839,8.569363
8.300142,8.379657,5.497443,6.378940,5.746475,5.454020,5.938021,9.139470,4.109349,5.914429,10.078827
9.654742,7.403677,6.505698,6.602506,8.724324,4.173243,5.356692,11.950695,2.651704,2.277467,6.836604
9.488929,4.831723,11.073899,9.740967,5.462243,1.791249,6.977116,9.568207,6.328045,2.580603,5.139669
4.946344,3.860414,9.787398,6.209719,6.024096,6.046262,9.396285,10.051491,2.626313,9.042429,3.826961
3.995131,4.252441,9.536223,7.114492,7.037018,10.493481,7.936749,7.561526,1.144004,6.013671,4.567916
5.378368,0.386856,3.107050,6.410547,3.831859,7.265281,10.858471,6.843799,-0.860239,8.254390,3.489012
9.379885,7.113799,4.908210,6.463008,6.065886,7.130262,9.274072,6.482382,1.417244,5.202677,10.094152
5.964323,3.772269,7.848541,7.257008,9.713547,4.665965,8.994683,9.045387,4.444127,5.596896,9.222590
9.266176,6.045824,9.331991,6.294261,6.358236,10.574784,9.408492,8.272182,5.794566,4.271330,7.552764
6.252565,7.980372,8.146473,8.286534,7.783123,6.892008,8.632971,6.547362,5.519208,0.025236,11.068086
5.711371,5.760832,10.515019,7.922490,8.849593,2.750500,9.694415,4.066399,5.747104,-2.655191,12.768473
5.740861,4.508332,7.696676,11.240010,6.513027,5.003996,7.227571,7.387085,5.928231,-0.892609,9.468799
4.702014,5.331558,8.853354,13.561448,8.561677,4.916891,6.271510,5.666574,4.831509,2.588909,7.206028
3.992398,6.887862,9.039683,13.103404,9.781793,7.075615,3.890438,7.756950,4.597581,2.757227,11.396987
5.810719,9.601474,10.270812,10.838603,8.579300,5.847878,1.675157,6.605396,6.307337,3.271841,5.621089
2.340173,5.733648,5.848656,4.196202,6.828069,5.892891,7.371552,7.858013,3.069634,3.576202,8.727300
7.834814,10.568860,6.420026,2.488692,5.121906,9.760456,0.297444,3.879253,6.484595,3.533083,8.074589
7.738672,8.479758,3.988973,2.753994,3.102206,5.711269,4.183751,4.511303,6.336033,7.406831,5.500003
3.425119,0.222839,5.898820,6.981069,1.718397,8.389450,4.739439,5.729232,5.790398,4.885455,4.027126
0.480904,0.362626,4.776564,3.951731,5.642931,7.138246,3.620283,8.586808,5.000686,4.681740,3.889597
4.965563,-1.450663,10.810937,-1.436576,4.300857,5.570553,4.431639,7.713346,4.458072,6.163585,5.628437
6.322643,3.051109,9.396659,-2.292386,6.886733,3.687141,3.845036,9.198908,-0.468700,6.645402,6.270112
7.753177,8.134686,6.073543,1.024311,6.923178,5.330832,1.953187,2.743893,3.413786,7.415203,2.895354
6.536885,9.865431,6.278910,5.567309,5.523619,5.260511,2.410354,2.070299,8.530532,4.573314,0.396689
5.431176,6.675462,4.686986,5.749932,8.118549,5.065692,0.746768,-0.802562,3.483148,4.968507,1.358045
5.534547,7.816054,6.983289,4.405227,7.698365,3.048217,-2.969846,0.839640,6.427648,2.887391,6.112894
9.412024,9.561637,4.522050,3.518953,9.009221,6.801939,1.109488,6.988741,13.742195,3.440178,5.374612
8.333639,4.621859,6.011352,2.487083,5.810148,8.777879,5.457326,3.620125,8.764790,6.681962,5.954747
8.204454,9.211231,5.411385,5.562432,2.554680,8.349392,6.415491,3.375605,8.435738,11.301067,5.769606
10.066123,8.391646,9.106804,6.163852,3.344083,8.006742,7.174700,2.327247,8.959064,12.470394,6.440347
10.215537,6.795207,5.509443,3.071091,3.384597,6.239039,9.685404,-3.304540,0.371237,5.432708,8.646097
3.328679,4.023643,5.738666,3.068147,4.294439,8.140133,8.852390,-1.757779,2.077262,2.912466,9.070309
5.782309,9.932266,5.276242,1.434472,0.787859,1.669697,9.366065,1.586590,-2.354144,8.440542,9.975942
5.780692,10.119715,5.831210,-1.319088,3.983488,0.307870,10.127624,4.380116,-1.194201,7.478549,10.080729
4.533069,12.825065,9.465449,-3.076867,5.466451,3.929840,7.862346,4.212081,-2.824920,6.805219,9.342343
4.410613,8.980953,8.220143,-3.365190,7.327388,6.778054,2.986469,5.246252,1.727035,8.255850,7.466153
3.263754,7.576111,7.474723,0.204734,4.374489,9.268149,3.966005,2.569244,-1.015073,1.965706,4.135175
1.406244,8.362974,6.875403,3.982045,6.931164,8.544434,2.553859,3.833404,-1.563861,3.585993,7.369703
4.946236,7.598494,9.685393,4.838057,6.416794,9.709529,1.621966,1.749889,3.535472,7.401272,7.724882
4.371379,10.106819,7.412640,4.766872,4.427777,13.366242,-0.063019,-2.608014,2.121599,9.264713,7.689771
4.023649,4.461902,5.739763,1.110191,7.489551,10.657394,0.367208,4.904797,7.362201,9.463135,7.178475
7.047541,1.354369,5.367106,3.106977,1.602656,6.278765,-0.820784,4.190780,6.344764,8.881857,5.056089
6.135208,2.699457,5.447710,0.701676,0.547626,7.167906,0.346820,2.166309,6.525604,6.402117,1.881731
6.596113,0.108430,7.796259,1.065809,5.228554,5.630559,3.350160,1.140031,6.483344,7.407584,0.197141
5.528529,1.333392,10.788364,2.374256,5.184039,3.854398,3.178849,4.939018,2.791414,6.713544,0.462365
3.179291,3.029096,7.232214,7.692659,1.561392,3.864604,5.936873,8.055529,1.123894,7.725289,0.793804
3.400137,4.659166,3.460878,8.857484,-3.357138,5.100492,11.376854,8.008576,3.288973,7.277329,6.339843
1.901133,6.615227,6.653236,6.469747,0.794104,4.717631,9.378725,8.845375,5.262348,12.061940,3.914154
4.674302,4.721649,6.856693,8.160038,1.986296,2.522325,5.372476,3.668589,5.210161,9.111529,3.104568
4.278372,5.515282,0.696350,13.012107,2.338445,6.140331,3.484089,3.358278,6.842935,6.033854,-0.178178
5.015124,4.413240,1.569221,8.388525,5.886729,8.748182,3.444410,3.872788,3.647149,8.408394,4.779146
1.994053,3.341957,4.362003,5.673632,2.760766,13.295314,5.056528,5.375134,0.397015,6.927163,3.450445
1.577068,6.480154,1.732836,10.462612,3.799090,8.119487,7.008264,3.851040,1.011729,2.028572,7.018499
1.130658,4.846163,3.727128,7.280267,5.294266,6.113096,2.973470,5.226412,4.851633,3.588669,9.754446
-1.477840,5.970703,7.747744,10.007495,0.666475,7.129102,6.321642,10.832074,4.197227,5.241218,6.166878
3.616894,0.716181,7.334933,4.454375,2.345146,8.043334,6.330588,7.976862,7.951128,9.360644,4.838000
6.933711,2.338695,3.501257,2.265259,1.213074,3.656031,4.802945,7.628223,6.344978,4.423389,4.786312
4.486839,4.101996,0.852439,2.394480,0.962815,-4.606915,4.055599,8.291018,9.016034,3.149730,4.889375
4.092397,9.616370,0.076727,3.757702,0.235007,0.425469,4.074937,5.246951,9.113992,2.689683,5.001821
9.256644,6.811276,2.148737,6.223369,2.689589,1.749929,3.988082,1.214868,0.219434,8.797301,6.587481
11.065214,7.062874,0.973570,5.113577,0.301368,6.117227,3.457768,-2.378329,0.886371,6.519637,5.173360
7.632491,7.655191,3.422889,9.090886,5.356300,4.196601,2.848066,2.719133,1.491212,7.848454,2.195209
4.766717,8.749866,11.058615,8.791980,1.936004,5.301142,6.959773,4.375436,3.651075,7.846801,7.011077
9.548236,8.799613,7.337184,6.041871,3.852611,3.366467,3.030884,6.415339,6.871854,3.617940,2.385450
11.598024,3.817385,10.165705,2.538754,4.916380,4.715420,2.744571,8.204846,8.396686,7.105868,4.595201
11.517981,2.921162,12.784083,3.000974,7.848375,8.282403,0.049994,9.928303,7.751144,1.198169,6.431961
5.861522,3.661258,11.068571,2.099689,10.209352,10.577017,1.529085,10.614904,7.195339,4.440698,4.766257
3.546348,2.351881,7.699542,3.332287,7.139305,7.960254,2.898689,9.866692,10.501009,5.060390,3.005461
4.487408,4.598982,5.301529,6.338715,7.457171,8.660934,4.003386,6.378526,11.946492,10.075943,6.654667
5.108261,1.117727,4.958404,6.482944,7.705302,7.786450,4.127882,7.145480,12.511580,9.344243,5.202356
2.369488,0.608490,8.808902,5.216793,7.808404,6.202551,0.771859,5.934774,10.312858,8.111001,5.931802
3.976642,-1.208437,8.955211,5.967755,5.627881,5.750638,0.133584,4.868640,10.446160,5.070282,3.423230
3.824184,0.071053,6.450307,3.626719,8.609687,7.532354,2.546529,4.484775,5.425523,5.677218,5.892584
1.903907,-0.495269,7.630232,2.609643,6.163433,5.224635,0.603414,0.912122,2.762363,5.616590,5.944079
6.251857,3.184069,5.793401,4.999504,5.571592,4.028834,7.538666,7.327085,6.888815,6.479799,3.278727
7.796234,0.023380,5.453281,7.891718,10.343714,5.409543,6.263721,9.307770,6.823241,11.966919,2.557205
4.246668,2.690684,5.843284,3.384575,4.258597,8.962917,1.024957,10.121368,6.212829,8.600282,6.566966
8.865998,2.732565,4.182573,0.473673,5.975652,8.467041,3.580807,7.117924,5.370373,10.571461,1.917448
6.221331,0.673867,5.937630,4.239653,5.900453,11.482654,6.777774,5.412204,5.285599,7.737611,4.706018
4.806838,-1.648345,3.199275,6.357361,7.889492,5.598585,8.211675,6.754633,0.174558,11.898352,7.812301
10.904946,8.591871,5.658434,4.608337,8.044322,4.034789,5.174988,9.164433,4.253734,10.884354,10.403664
4.854565,11.098906,9.315650,6.741872,8.693308,5.049466,4.470026,5.953398,7.906993,8.940817,12.026975
5.604463,5.458145,7.109987,7.982104,6.840559,8.950835,7.682481,5.473768,7.635291,12.576878,6.297714
6.317982,7.401270,8.565159,6.873244,4.635417,8.820380,5.255537,1.085267,9.618402,10.220173,5.421288
5.834880,7.570168,7.136042,7.487882,3.955332,11.380216,4.723314,1.567423,12.141001,10.190845,6.616859
5.017114,7.011689,8.013085,6.955096,3.460264,10.118294,0.236196,2.496876,11.264201,2.296293,4.484154
0.713991,4.206383,7.933315,7.513057,1.395322,10.169450,0.294254,6.379666,7.784808,4.457951,7.233535
3.458022,7.317795,8.014224,9.093281,4.654732,8.982268,1.546722,4.607383,4.291271,9.794678,5.060806
4.166480,6.823168,7.832247,10.356943,2.907815,6.812994,5.186739,6.081079,3.339965,8.338218,3.412050
4.413749,10.071752,4.054377,11.733660,3.617486,8.676828,4.832103,2.938625,1.895556,6.269664,4.631108
5.925934,10.935487,3.674058,8.248609,2.377007,7.220324,2.619079,2.356002,5.760443,4.682690,3.470908
8.464568,8.559942,5.036806,6.193830,5.126740,5.098295,5.243507,5.541103,5.334588,5.110248,8.909042
12.207360,8.338314,6.891739,9.299536,9.242232,8.375329,5.704952,5.314599,4.250380,6.833610,6.462319
6.594846,9.995986,1.962502,8.955775,8.791932,9.553698,7.993993,5.476322,5.052976,9.062428,9.495199
6.061462,8.103511,3.774702,8.181821,6.894708,10.837917,5.811606,7.742170,4.253621,10.695592,11.257989
7.357464,3.074726,8.564223,8.280026,4.478294,12.658480,7.042268,10.385488,2.034223,5.804394,11.326144
8.907302,2.619603,5.778818,8.723257,7.754927,10.413312,7.653072,11.785191,8.332474,6.859171,8.814729
9.361658,1.395941,11.569429,6.023548,7.900564,6.181236,5.461658,6.314492,2.530163,9.580811,11.702654
8.039971,-0.358495,3.427624,4.874383,4.968025,5.866440,10.242994,10.449274,0.564035,10.423480,10.313762
9.539948,4.145504,3.839046,5.715023,8.843981,6.657016,12.225538,13.448431,2.329375,9.784264,11.405946
11.665166,5.421769,10.015501,6.429968,3.168078,2.280464,9.232455,12.267664,3.207626,12.598440,7.769960
8.676402,4.435760,8.726107,8.074604,5.176456,7.073492,8.257035,9.794101,6.439135,11.985827,4.129847
7.371539,4.253351,7.767252,8.592963,13.084584,8.320040,11.473743,11.863731,7.250610,8.790469,5.096261
10.761006,6.367523,10.743718,13.295563,12.389536,11.121997,3.967098,14.255245,2.872137,11.615701,7.204033
8.036379,6.895500,11.289092,9.486611,12.112341,13.990495,7.236857,12.457987,6.162358,2.943247,7.176146
9.993530,6.032739,9.805269,9.848497,8.312045,18.496815,0.987283,10.595724,11.008530,5.566337,9.657521
10.567229,7.666126,9.100290,5.032350,9.625107,15.609321,5.873875,12.406989,12.411810,3.705645,7.906493
8.129971,8.154856,10.058883,3.114381,10.625619,12.277139,11.050883,6.698881,6.623948,5.250061,4.476593
13.987730,12.460744,10.986920,7.190008,5.263298,11.161236,13.989618,7.589626,5.903028,4.202895,4.140575
9.168421,11.218069,12.575463,2.571292,4.550018,9.367065,11.471548,11.839101,4.981489,3.750989,2.516003
7.923882,13.681881,11.902132,5.798606,7.012262,6.557027,12.273241,15.759907,8.334069,5.520941,7.430953
9.342648,9.729117,13.436287,4.268042,6.916786,4.637177,13.066069,14.483104,8.490273,5.655854,7.073591
3.963072,6.767263,13.799727,11.592887,7.302932,8.684329,10.871771,11.600511,9.225219,8.369267,5.907333
3.870943,9.922617,10.429219,11.698878,7.244436,12.214408,12.975140,11.750133,5.870783,5.955952,9.910121
5.172790,9.220554,12.351917,8.401327,10.803642,9.126863,11.543024,13.490434,5.211375,3.619520,8.966706
5.820727,6.455903,9.948317,9.271513,12.451973,10.618835,9.530834,11.563539,10.563702,5.952122,5.606098
12.105950,6.934964,12.783759,9.167745,14.065541,13.450714,6.249561,11.294528,13.060686,11.586311,5.843815
12.557396,11.170939,10.894265,6.435051,10.839635,11.101170,7.800096,10.878434,14.729107,9.310824,8.602488
9.823691,13.761420,8.963777,9.987801,9.216773,11.728935,11.156984,17.074237,8.731392,11.053724,6.898956
6.126613,9.879124,10.146192,11.626171,7.678877,12.492674,11.399342,12.825761,12.513500,8.941311,8.173897
10.863275,12.817630,11.496133,11.928796,8.827700,13.894034,13.220643,13.774759,9.854184,7.964939,8.280214
11.853203,13.138925,11.095472,12.453523,12.218506,15.058134,11.044393,11.092536,10.262833,9.301255,7.853972
10.321204,17.087139,9.337945,13.570162,12.865703,12.591021,15.727936,10.974018,11.902852,8.717631,12.400455
9.239519,19.486524,9.085489,14.998875,11.586359,12.724953,11.272615,8.052068,13.054564,10.052269,14.091083
10.639622,15.492590,10.672680,14.679277,13.054797,8.090163,9.307579,7.437426,15.128017,11.966803,13.618580
10.181103,16.232059,11.949806,14.335623,14.509748,6.916388,10.311821,8.958546,11.744791,10.472841,12.569282
15.196131,14.338495,10.694702,14.607429,12.304245,5.669176,10.771274,10.886941,11.369118,10.708199,11.844749
12.236286,17.355475,10.413401,15.774127,11.746824,7.704209,7.383418,11.089002,9.037896,14.319754,10.182629
13.208391,20.360565,12.452010,11.405670,13.425387,8.000832,7.094522,14.016999,13.994922,17.085222,12.699946
15.235748,15.564013,14.856464,11.455042,13.131100,9.666476,9.815825,13.861980,14.583924,14.786332,16.319015
13.651514,16.782965,13.284321,11.360101,14.990095,14.377065,8.891487,16.829133,12.620383,13.865214,13.775960
11.179703,15.349899,12.269840,12.363494,14.864654,16.605721,8.173037,19.331215,11.878775,12.985629,11.552813
8.032786,12.799124,9.612351,14.743539,17.371527,12.981085,9.901300,19.480245,11.074130,11.479093,11.042021
6.894376,11.946705,10.362870,15.934917,13.229279,8.546208,14.263753,15.033450,8.839282,9.938807,6.970837
7.956542,7.127108,12.169855,18.531113,12.197192,12.464982,18.294095,13.687554,12.434705,14.093645,13.865335
9.795246,10.263356,10.740855,18.592090,11.941175,12.768727,18.196862,12.926927,9.351444,13.589900,13.840348
12.603582,13.909252,11.743022,16.546939,4.691635,13.903932,13.001382,12.419025,12.791991,14.665167,12.680004
19.104297,16.602586,12.677682,15.795823,5.249895,10.497178,11.132627,9.262622,12.950407,15.752026,10.102631
13.877673,14.135420,8.072075,17.836601,11.763199,11.620591,16.091766,12.017359,10.131775,10.265323,13.428693
16.874854,14.530308,11.254282,17.290349,17.040010,10.786237,13.422187,18.568411,11.914954,10.461439,11.255770
16.365848,13.549480,11.841360,15.504586,14.051850,12.454697,13.862263,12.843123,13.244663,12.618087,11.489952
15.377798,8.725436,14.798916,15.164291,13.059416,10.977967,15.193867,11.078979,14.883670,12.527938,13.058514
16.224211,11.293337,13.514834,13.740998,15.642091,12.621157,11.904646,11.122219,10.073804,13.418057,15.484003
14.003121,15.671773,11.529037,16.216451,11.719286,12.447067,14.133526,9.205203,7.337414,12.349342,11.450654
11.473153,15.023646,12.466659,14.108770,10.311511,16.199038,13.948937,11.350748,10.504640,15.003627,15.485898
15.234951,13.481981,14.195682,14.286918,9.568258,15.243302,11.100551,15.916071,8.341884,15.767859,15.790300
11.638579,15.492332,15.344588,16.370730,14.265263,13.433182,9.052105,17.281405,14.057661,14.076474,16.746700
11.309167,10.531041,17.670798,18.689345,15.377771,16.330333,15.161781,17.767176,16.750379,18.756021,15.708368
14.648479,9.081435,17.098215,16.688561,15.225724,16.535500,14.612778,13.040991,13.884240,20.889298,14.040413
12.876883,12.048888,14.977404,13.065691,13.494299,12.121504,13.231869,14.147604,13.816282,19.402450,16.016034
12.621792,13.931220,15.041500,12.923220,16.198982,15.784634,13.808163,16.296377,17.594622,15.934931,13.006825
13.848568,15.837614,13.172137,12.247965,14.764993,15.576242,17.529236,13.362817,17.242258,15.838254,13.243144
12.248549,18.616472,14.626534,13.126257,12.893344,16.436908,15.898326,13.728793,16.486346,14.610081,14.210111
15.544214,23.531649,14.515565,12.221731,15.772061,20.312047,18.289333,14.957232,17.919743,17.603281,13.916299
13.551456,20.237718,20.086853,15.237260,16.307295,20.206436,18.111004,17.216376,19.288748,17.392826,10.860374
13.158012,19.695085,19.254086,19.714410,16.684701,23.725816,17.913539,12.423084,16.291911,14.726042,11.664471
13.621944,19.009254,15.987801,17.137301,18.210721,19.228651,12.957216,12.188235,13.718242,16.024806,13.995211
16.246069,16.813002,15.268086,14.545141,19.867573,14.963391,15.220171,10.340629,14.924062,14.569323,17.061097
16.371364,19.316612,13.773900,20.864741,16.038111,15.203815,15.617071,15.528386,18.316528,13.000347,12.872686
15.436213,14.943531,16.197252,17.491409,16.113148,14.136992,19.287265,15.271059,16.393449,16.389316,15.844086
21.570850,17.850407,18.825796,18.422807,16.746744,13.327801,13.640609,20.351337,13.627617,19.581992,15.351636
17.188964,13.618175,16.703693,17.415997,16.919702,10.188558,15.420358,19.584295,15.831704,11.980173,14.671285
17.333537,14.934894,15.260637,18.364306,18.611620,12.749460,15.105297,20.563882,16.388708,16.759923,22.572630
18.036263,13.642547,20.697897,18.195546,16.847227,11.341900,16.242962,21.298258,16.771961,13.394985,18.965997
17.507170,9.410724,18.002856,16.564067,17.079309,15.214123,18.051751,19.954548,14.969992,16.286593,19.545795
19.104668,13.405698,17.457322,20.236667,21.304172,14.321665,15.910642,18.976777,14.378816,16.999673,18.328111
15.451048,17.417777,16.331083,21.959315,22.215319,15.821177,13.504754,17.602041,14.241385,11.958364,15.453023
14.156738,14.972416,13.953915,21.263104,16.626372,19.586215,13.114932,12.485594,18.700337,12.881122,10.899810
16.406024,12.897845,13.940989,21.173548,18.667702,20.342373,15.705970,15.111654,23.526060,12.602582,13.059530
16.375522,15.557647,15.122190,17.700166,17.782586,23.337148,15.506684,16.932223,22.841089,14.514049,13.904580
14.547705,16.236415,13.499111,13.854753,17.287541,20.556821,18.416265,16.198588,22.447628,18.406082,18.693178
12.889685,16.872973,19.060185,12.087510,17.758138,19.387791,21.236170,12.088658,19.668943,17.488747,18.598933
17.417192,18.278414,19.374526,14.699667,19.054319,19.220271,19.921866,15.680642,13.938630,16.227720,17.278742
19.017407,22.190630,23.726970,16.102279,18.985024,14.107334,18.059892,14.915439,14.578735,17.502067,16.168995
16.298491,21.110604,17.109059,17.170017,16.271973,19.946549,17.051155,17.008387,16.832882,19.735095,17.913296
17.994718,19.996723,19.162728,18.047388,17.493569,15.998152,15.813313,17.123223,17.896617,18.235396,18.922023
15.101966,17.969356,19.644926,18.011524,18.819934,18.084825,16.933160,23.615254,18.858332,19.604702,18.879817
17.283015,20.452706,13.984658,16.978130,22.220367,15.147726,21.471288,20.085505,19.988040,21.311758,19.843610
20.555633,19.041971,13.851856,18.675216,21.828641,15.119580,22.085492,20.139707,20.073343,18.872718,18.498064
21.093133,18.094410,18.641922,19.150409,25.128126,12.269403,18.147040,19.979164,17.818116,15.899688,20.792852
22.112987,18.550705,20.344901,20.507975,21.804320,14.171036,16.398664,17.850369,20.166116,15.673276,18.782462
23.113371,19.641912,19.112034,20.106397,20.345299,15.038320,16.217911,15.073431,22.916170,15.153274,19.348198
19.045025,21.847774,22.715144,22.115009,22.382483,18.049781,14.192576,16.691831,21.240534,20.761133,19.683967
16.358723,27.006452,25.186729,16.959280,21.326034,20.362663,14.731609,15.993588,21.926426,23.455626,20.410036
19.742909,23.266899,24.101675,12.178856,21.087964,16.820012,14.249466,18.738757,17.986818,24.549526,20.546656
22.672682,21.763931,21.330537,12.350140,21.513178,20.110470,14.534684,20.944754,19.577096,21.059255,23.525218
21.764286,22.894327,16.779997,13.809488,17.719822,15.476928,18.059737,25.720421,19.556527,16.903718,20.105255
22.994093,18.671625,17.305731,13.751000,14.551057,20.203836,16.256740,22.257155,17.816299,15.258387,20.110590
23.705256,13.106869,20.348241,15.682498,17.666932,21.795603,15.506288,17.432038,15.620064,16.795310,19.041483
19.193215,16.621540,18.449404,15.701016,18.165672,21.291664,17.915938,18.112915,18.038759,19.835328,22.346050
20.459531,15.561038,18.715994,16.173341,18.723335,21.376561,22.765191,16.368845,19.106685,17.780167,24.032887
18.145669,11.821135,19.428748,18.249093,17.994002,23.389655,24.172997,16.883921,20.671672,20.285401,18.993074
16.254021,15.732921,14.712728,19.291308,22.162913,20.709032,21.725497,18.214163,17.039986,16.804857,17.263895
17.946136,19.928167,15.711678,17.576616,19.929571,16.210348,22.359767,17.806964,18.918950,16.933348,18.222417
16.352034,22.395132,17.422568,19.910378,17.643105,14.828700,23.550706,16.911285,20.988075,17.140253,21.218247
20.049887,17.746235,19.932106,22.280004,20.900163,14.480064,20.059303,20.186141,20.628023,16.840750,18.851788
20.101609,19.284149,19.430191,16.583942,27.199827,14.824864,21.745444,20.509079,21.633999,19.704318,16.428217
20.076368,19.473923,19.567233,19.437238,27.409506,17.529850,19.863323,17.772474,20.518159,22.466740,16.041905
18.466370,19.782503,20.156510,24.148700,19.808961,20.329543,27.353023,20.649262,20.419744,17.778852,14.779364
16.212268,18.939521,17.013412,20.469106,19.489238,20.907137,22.560810,14.872249,17.335372,18.176227,18.611099
11.585132,18.552471,14.675352,20.217045,17.199531,20.432229,22.289347,19.125743,15.561313,16.122352,17.698423
19.107242,19.568250,20.360149,21.279379,16.144536,21.685797,22.144556,20.689288,20.964290,18.956502,19.891988
19.753725,18.501472,20.951637,16.195109,13.837721,22.089829,21.338838,24.450423,19.991116,22.083895,23.303850
23.176211,12.587078,21.827730,21.061212,17.978630,19.564844,20.209353,21.390316,22.322539,19.247797,16.386403
23.466867,13.192026,16.911696,23.316486,20.388732,10.214674,19.788686,19.293026,20.725430,20.265262,14.907185
22.047929,13.468562,19.719968,21.418574,15.981586,15.740817,21.404817,18.164480,17.555926,21.883104,20.001746
20.342309,18.123184,20.773837,20.015499,17.050948,19.031476,12.397842,17.630807,12.068597,20.023936,16.747336
25.429396,18.719022,25.511985,18.398143,15.515627,21.625991,18.931389,19.419974,13.915011,21.723526,16.834827
22.274856,21.749022,24.068958,16.063167,17.747034,26.205496,19.169602,19.269108,12.577590,20.183414,20.600778
22.145673,17.964296,23.344389,19.592899,18.730243,25.780659,19.506653,19.159800,16.568714,22.830134,20.400926
18.691563,22.114763,20.218194,20.862723,19.359585,26.647870,21.606045,18.997003,19.540390,21.938027,21.680047
20.867812,19.263807,15.920269,22.762054,17.054383,23.451886,17.471239,21.161647,22.030314,20.317370,23.217006
17.527016,17.194699,24.508978,21.221355,15.348083,21.184401,19.455365,22.282284,20.413072,19.419161,19.305910
18.626719,18.810604,25.057768,18.257275,16.886154,18.171054,20.221761,23.779331,20.685361,16.827116,21.838022
19.237365,21.612223,23.363138,15.833133,23.794361,19.727347,15.953984,20.950275,21.826558,22.103870,20.722069
17.651102,21.067552,22.510926,19.567141,15.742679,23.492214,19.962202,19.830702,19.975400,18.883886,22.958707
10.661770,19.328915,23.611472,25.092534,15.344053,24.397307,20.607655,15.013492,21.116678,16.211847,20.751053
16.054097,21.012000,24.659003,23.246954,17.335835,24.999942,20.374984,20.288467,22.386113,18.109670,24.546090
18.135090,18.884814,20.586560,20.725203,20.281529,25.237270,21.612041,18.813981,19.065992,21.404071,21.801813
17.749647,17.959077,23.249882,16.037987,22.301490,23.465933,19.333904,20.706115,24.926795,22.274775,22.283926
17.694767,15.683874,21.683811,16.975743,21.900641,25.946983,15.744185,19.722054,27.210771,25.079079,21.263820
18.069945,19.067153,23.164865,16.674679,23.561632,26.370291,15.985397,22.618351,26.101223,27.527085,16.952418
17.384279,19.076045,18.741560,20.437005,20.352989,21.872177,16.028595,21.260137,26.602819,22.802319,17.099421
20.834780,15.837983,19.248619,16.990250,20.127128,21.858635,18.425759,17.905850,22.629244,24.443620,16.724063
18.107003,13.053670,22.103419,19.418947,22.418427,19.288611,20.131442,16.918355,19.479315,25.198086,18.666224
19.460311,16.679129,19.260721,20.899044,23.750648,19.864726,20.998560,17.099298,17.310960,23.955329,22.615052
22.397908,18.817200,16.698068,19.175004,26.945030,21.069691,21.546035,18.294712,21.171537,19.645903,22.445862
18.953221,16.800026,17.033469,21.671845,21.367361,20.316292,21.136554,17.591587,22.938333,19.873392,24.639394
19.426327,14.884867,21.761872,20.778377,18.444667,19.950352,21.667252,18.030879,21.629014,21.015940,22.540058
20.777055,13.373895,17.727802,26.929286,20.975960,22.749927,19.578168,15.802767,23.928685,21.671905,20.126361
20.680931,16.556623,18.968960,21.709403,20.150588,21.946128,22.400383,22.314856,19.301451,18.821423,26.097807
21.800167,17.248626,20.886666,22.254155,21.838994,14.524456,21.558702,23.725212,17.209995,17.571497,26.936384
26.613860,17.551702,19.823456,21.180231,18.107640,17.613339,17.659720,17.701632,19.306380,15.550635,22.585554
22.111464,15.547677,22.882466,18.265666,18.768109,14.759627,20.242154,21.606410,26.054342,15.373439,19.788037
21.910748,21.794252,20.176923,21.749481,18.126676,18.497704,23.935064,12.806355,24.222081,14.376793,20.194124
23.960215,24.855799,19.811758,17.251203,21.875899,16.246254,24.198236,19.228485,23.225661,12.755584,17.315046
21.954551,18.654998,18.006265,19.640078,23.192734,13.127589,21.590824,27.227723,21.787891,13.727138,13.429778
21.565830,18.114094,18.066128,18.314659,19.965194,17.096944,18.766059,20.101259,21.528782,15.391690,15.761616
22.674597,23.804803,21.895182,20.254425,21.296416,20.054049,18.862735,20.047100,21.182810,15.776107,17.423986
20.141857,21.361294,21.631559,18.099566,23.267171,22.210841,19.049077,22.174850,17.991083,14.243252,19.565783
20.236752,21.560309,23.985475,17.111704,20.468979,23.607984,17.554051,24.358256,21.221139,18.706928,16.103626
22.328921,24.218902,21.044703,19.445376,20.039161,21.280025,19.452417,19.222018,15.946469,18.787922,18.143941
20.093002,21.031026,22.434845,19.546705,20.274078,20.485752,15.867531,19.449025,17.755407,16.881055,19.330190
20.923546,22.470856,23.970747,17.759955,23.754636,20.162090,19.389014,19.398476,18.881048,17.293797,19.187452
20.626494,19.578111,19.492537,18.572921,19.333438,19.033070,20.475308,21.112213,22.194754,16.497496,17.944007
17.900790,14.674936,19.738308,17.310810,22.890024,18.982736,21.095459,19.645959,20.477097,18.882591,18.306540
20.401404,15.354443,19.901660,21.487272,23.543031,20.164846,17.986163,21.079577,21.240397,21.679793,20.232137
22.865952,14.789327,10.788057,21.277211,23.495258,22.336947,14.550947,18.538428,18.240235,22.311101,20.159701
20.184484,15.015474,14.533235,19.169720,25.517316,21.597379,14.415225,18.635276,19.389842,18.063820,21.056982
19.290074,14.608406,19.857484,19.552673,23.866000,20.809870,18.319918,17.377563,15.324298,23.228334,21.639708
21.065674,20.060634,19.337987,21.024872,24.210467,21.109769,15.680523,18.390205,16.728389,24.261046,23.253933
21.157409,20.691744,21.478223,21.309045,24.716401,21.622076,20.339153,21.597524,16.222918,22.400091,22.223566
21.318487,22.830163,24.381733,22.767126,24.073442,19.372102,19.751729,19.004212,18.137650,21.104682,22.124142
19.058198,20.644853,22.810137,23.672319,20.537006,19.271279,18.041255,23.456756,18.010572,18.251370,21.826876
16.072280,14.786785,24.458317,25.119927,22.626383,24.142223,18.764659,21.194960,17.590376,24.031694,21.840113
19.180735,17.831850,22.861434,24.796062,22.987371,16.995736,17.642910,21.602692,17.976671,22.751479,21.773081
18.645503,22.612987,20.910610,19.708633,20.080017,16.705552,17.487783,20.214447,16.627919,19.526680,25.638567
16.084748,22.988296,18.710136,22.778824,24.504532,21.443568,19.631052,13.941623,16.512317,19.148190,21.565743
23.861969,23.343132,19.050351,20.953835,22.000211,24.451059,20.668670,21.294247,14.677374,24.070995,20.384641
23.717619,20.636082,18.247272,24.702035,17.975838,22.737487,22.406999,15.913618,18.868285,18.541414,19.635626
23.429381,20.510980,16.587525,20.990549,22.465243,23.970483,25.578269,14.257495,21.350456,18.801883,20.572499
19.270376,19.029701,20.409115,20.622144,18.476112,25.472731,25.162293,14.275726,19.329633,17.823349,22.034533
19.570396,16.060709,18.850585,26.292101,16.581852,26.386845,20.925048,12.781289,19.664851,18.391610,18.646335
13.794070,15.888158,19.779769,21.769047,18.617890,27.637883,21.301809,15.890949,16.594117,18.769749,18.465660
16.448371,20.515241,17.290190,23.698388,15.985953,22.027634,20.569525,14.965999,15.994371,19.234679,18.846165
21.223793,18.605498,16.250298,26.848234,15.036594,24.113184,19.825205,17.735210,13.972328,16.002106,19.802012
17.354173,17.827725,16.757871,24.120940,18.555869,25.577238,16.629244,25.352954,19.529307,18.431350,17.440496
18.677762,16.976067,18.534645,22.769580,17.554887,20.267681,14.855318,25.662380,18.370168,16.553991,16.948991
20.234244,20.767259,15.654551,17.355796,21.099182,18.936246,18.216856,25.549949,21.059832,16.015869,15.773232
16.796575,20.269648,14.881722,17.710132,21.756764,17.871427,18.664597,18.072405,18.904381,16.079683,11.608382
19.910632,16.716569,17.528810,15.589252,21.227065,15.872005,17.350051,18.426765,18.778896,14.597995,16.260792
23.028766,13.769605,15.000050,15.698556,19.856223,17.048559,20.821838,17.372123,18.402543,19.314372,15.069596
20.785989,16.007569,14.778806,19.921664,19.250534,21.148234,20.693733,19.080462,14.754211,19.186109,15.419478
17.013267,19.048482,13.263817,13.158634,17.117163,17.859759,16.780622,18.290838,13.076075,15.969132,17.563761
16.192120,16.194288,12.658673,17.403362,18.499270,19.981410,16.823476,19.987733,16.853669,19.167052,21.474448
16.156510,19.333735,14.447793,15.587645,19.945282,18.007223,17.309937,16.527867,16.224789,20.606428,23.850880
14.340754,21.964095,16.974157,18.430806,20.174342,19.654525,17.187967,20.992343,14.616458,24.252947,19.040099
16.027284,18.113836,15.965563,14.095232,15.535705,18.624211,17.010773,18.923885,15.956335,25.195957,19.036586
16.393330,14.868275,14.880670,16.249956,14.189371,15.330903,20.433864,18.411594,18.886722,20.630870,17.256994
14.153041,12.509581,15.490129,15.137360,16.716161,16.210365,19.522040,16.749063,18.746917,19.815948,13.697948
14.867566,18.068494,19.932494,17.051391,17.925893,13.213832,17.106698,17.393173,21.121711,17.136433,14.779802
11.776481,16.834245,16.777414,14.892142,15.698116,10.968571,12.135869,15.393071,17.921349,18.139741,14.506486
12.837175,14.169687,16.832247,15.356902,14.879305,8.062923,13.503062,10.977213,19.498965,14.754830,20.044380
13.777779,16.380446,18.927362,18.753434,19.891659,13.036812,14.156084,16.493050,19.675919,17.285046,20.239419
16.666016,14.722078,20.204960,19.654229,20.395804,14.292238,20.047664,15.992995,17.683415,14.047235,20.087572
14.764965,16.927527,19.715745,20.049906,19.078629,12.753884,18.617266,17.674713,21.607174,14.406575,19.041717
17.330517,18.727122,18.308906,15.926087,16.280242,9.834962,15.444428,17.571602,21.566219,16.545653,14.875341
19.595853,20.449653,20.474093,14.091730,13.377584,10.651648,14.913260,13.088789,17.964947,16.958466,14.861345
17.599007,21.870428,20.556562,17.606534,16.232592,8.829456,13.309120,13.817947,17.804269,18.268283,16.872229
16.743390,20.384964,22.990291,18.808707,17.863913,8.487959,18.160770,15.609505,15.957391,16.558594,17.394870
22.091308,18.519942,21.605995,16.748696,18.656316,13.437499,16.043856,13.085698,19.028250,13.681968,20.093265
18.514505,15.288881,19.760401,17.977379,19.147680,11.201595,17.682407,17.398781,18.207857,13.244834,17.855081
20.176745,15.035495,18.384076,14.385137,19.546428,14.976403,17.820153,14.264270,13.162897,15.350543,14.065209
17.406267,11.563582,17.956504,13.685866,19.657245,15.496801,18.352619,16.080434,16.636115,15.937776,11.610917
17.663439,14.561955,20.357628,14.384027,21.350796,17.950855,18.871955,13.300234,16.931222,15.632397,17.166896
15.715042,14.904950,14.897904,17.376290,23.692780,18.413532,15.985543,16.860303,16.628362,10.893753,17.012831
14.080999,16.080429,10.952359,13.965082,13.750786,17.554575,17.607453,16.348013,15.250536,16.749626,15.971141
14.695913,14.737306,17.593885,14.741150,11.590856,18.701130,17.086546,13.425330,14.495067,16.032354,18.605552
14.231985,19.540841,18.723321,14.548590,18.039562,14.306926,17.638227,8.750243,11.593676,15.631917,20.157858
18.717602,12.907211,13.481183,16.782519,21.084729,17.148116,18.822916,7.615753,15.622266,14.155937,17.451085
16.571108,15.340435,12.484193,17.527586,18.755760,17.008847,11.963204,12.296190,14.250109,15.444380,17.384245
15.811594,17.124347,9.632248,11.962022,19.998918,17.793751,15.240353,9.719766,13.258364,15.354598,15.759226
16.804061,15.531715,7.608830,10.742485,16.511969,16.853923,14.467686,10.756344,11.185579,16.787406,18.422263
16.378583,12.003744,10.993885,15.254496,17.182328,16.495330,16.175379,6.835845,13.957144,15.121104,16.417833
16.566690,16.245622,13.733557,18.176401,14.299313,15.443524,13.477750,6.812717,10.167702,13.945956,17.745011
16.853841,12.047789,9.226823,20.846000,13.803086,18.080175,15.558541,9.165891,13.128930,15.750146,18.443004
16.757272,11.559525,16.825669,19.016737,13.066228,14.637883,17.673653,13.011084,12.618007,14.789801,17.697603
16.053298,18.989495,14.387521,16.729079,10.611929,15.065007,13.948576,10.896087,16.577078,9.919905,15.698264
20.463477,17.064365,14.488562,15.468001,15.192367,13.609802,12.226038,12.572402,12.421075,12.684122,13.752178
18.247174,16.644303,12.884584,14.229200,15.358672,11.314763,14.492511,16.934257,15.138362,15.075836,13.576202
18.902017,14.364124,14.692518,13.043567,14.083655,13.586273,15.400594,13.197600,10.151810,15.050103,14.658031
19.752475,13.641627,13.143070,14.059141,11.173986,12.075146,24.413169,13.990635,10.540031,19.456638,12.358856
18.735440,6.254747,10.439288,14.000003,10.354064,14.049649,21.539055,14.160035,11.212528,17.862760,11.527688
19.426781,7.995767,10.767067,16.566363,12.601890,15.787062,19.297163,16.038191,13.993690,17.193335,10.458188
13.159230,6.360312,8.768420,13.929197,13.603497,12.114146,14.079532,12.415847,17.430621,10.326564,10.436367
11.592044,11.680270,12.562225,15.823931,6.718620,17.141164,13.329638,11.093792,16.804647,7.237564,10.345691
12.837979,12.144122,14.352166,18.390186,7.845840,16.986226,13.401937,7.693930,13.025691,7.297190,14.292617
9.912869,16.618991,13.063767,17.592180,9.682043,12.806706,12.201601,12.719778,12.878703,7.699998,13.790476
8.024795,20.939815,12.506159,15.889997,8.624713,13.160042,10.396121,10.619486,15.958092,13.623207,12.054324
8.177692,15.852205,13.255453,15.790527,9.913587,16.299708,8.080225,7.102632,12.510106,14.630168,14.899308
7.545807,15.071964,11.052389,12.844917,10.299070,14.664992,8.642180,9.156314,11.859791,17.676182,12.055013
8.195045,11.642987,11.197661,13.655232,8.978220,12.211458,7.068989,9.635077,9.914490,15.660516,14.413900
12.879955,12.585363,11.873467,17.953252,7.572839,10.911703,7.674986,12.656190,7.602707,19.573543,12.360422
11.949677,10.338477,8.350547,13.943178,9.568857,12.072693,8.255044,13.663693,8.729170,14.582208,15.568372
11.554196,9.876282,7.192155,15.691875,12.917953,12.326533,9.537589,12.042952,8.078352,17.170801,9.816261
11.053103,10.533483,7.938368,15.216156,15.654227,6.797805,9.293646,13.779852,8.031792,14.004759,9.871678
13.476791,11.942365,4.617447,16.138164,13.996127,7.397422,13.958973,12.087350,8.438537,9.116605,8.806047
8.786356,16.907537,5.991973,14.485132,16.028155,11.181512,12.067548,13.090920,9.820273,11.555850,8.271127
12.647848,16.843282,8.914616,16.262104,14.843340,9.106401,12.896372,10.237401,9.342463,11.890655,10.316685
13.685990,14.955584,10.437292,15.242106,13.736917,3.512772,8.594394,9.923701,9.790787,12.862612,11.278037
12.850414,13.427302,11.860133,13.067491,9.306162,5.749589,9.675793,11.465800,9.905372,16.520813,10.174012
14.288851,13.431239,8.353648,12.651376,7.898136,3.881206,11.565367,13.327746,11.213244,15.799097,7.567467
14.601006,7.542474,11.739388,8.808785,9.645372,9.320896,11.736883,10.366458,10.709984,10.720519,7.828710
8.995368,8.741252,10.413186,10.242540,7.990670,9.431535,11.857430,12.407764,8.304242,11.472300,8.740815
4.178428,10.797385,14.307103,12.302160,9.651812,12.640681,6.958004,13.573526,8.615401,12.976528,9.880602
2.549970,6.775548,13.990191,9.197324,8.049311,9.755372,9.743749,12.026510,8.921167,14.655953,13.944373
6.971237,8.637784,12.114005,8.166060,6.466965,11.187821,9.999883,13.625286,9.725646,13.632764,9.675913
6.193632,8.115387,10.237353,6.003636,9.454996,7.821930,11.899412,12.084508,16.296457,11.022152,11.657658
4.001898,8.789226,8.173149,8.678401,8.902285,9.918718,11.439060,11.647470,12.925478,13.079980,12.184065
7.371747,12.121372,10.991358,10.317897,7.773486,5.466880,8.188794,12.547221,12.617192,9.807274,9.831142
9.141469,7.425752,15.018863,14.182037,7.232288,9.213418,9.013781,17.133573,6.764867,8.826231,9.805338
9.758094,7.883723,10.169496,13.329321,5.016777,8.023772,10.777944,9.437579,5.765428,10.168328,7.035474
12.028140,4.793236,7.570620,14.003727,5.247383,10.098522,7.423554,10.114109,7.463498,8.304501,6.515595
13.269210,5.234550,5.800533,13.479325,9.196935,10.936123,8.836630,7.335600,6.896799,7.325755,4.671201
8.512301,6.942048,10.109258,12.523076,7.892305,8.098710,7.297201,8.247311,6.386297,6.369596,9.326041
8.653157,8.587502,6.338718,11.020260,11.975923,8.146175,7.427828,5.937479,7.520050,4.590788,6.771228
9.438516,9.046034,10.229631,11.558639,4.115834,8.313770,8.400844,7.528117,7.458489,6.560936,10.887084
2.874767,7.004048,7.775751,10.416398,6.170850,13.051857,8.861297,5.788144,7.238345,7.012004,11.764307
2.429307,3.717058,7.927000,11.659308,2.815311,9.413672,6.680840,9.413764,10.800658,8.057561,10.657288
1.179466,3.628639,13.672707,12.897529,7.853707,6.583720,5.101946,11.354747,7.903528,5.921235,7.964380
2.391046,7.308818,13.480484,15.641199,4.832019,6.755677,6.316149,10.398438,9.183348,4.288124,5.367752
8.446647,10.172343,12.843090,13.105171,4.469088,5.847336,3.602755,9.372601,10.470957,10.539847,8.522110
8.329442,8.179529,14.312373,13.408416,4.267168,4.182949,5.145025,8.787079,10.314333,13.481638,9.284201
6.359904,12.743391,11.895749,12.158979,10.907837,6.825666,4.881683,7.345961,5.555882,13.292727,5.438864
4.193499,14.147492,11.117529,8.219757,11.926969,5.005926,4.517212,10.659332,1.969474,7.240836,3.530492
5.192453,9.687958,12.747558,9.400135,8.474565,7.884281,0.867033,10.445081,4.529610,7.852217,7.919149
5.142349,7.935140,10.409309,10.138479,13.915593,6.820502,6.006834,7.948908,7.596074,4.596172,8.107416
5.774519,11.778811,10.268265,8.628799,10.867420,8.166377,5.425030,7.500360,6.752220,7.455152,9.035738
6.684412,11.265342,9.629619,9.946915,10.151050,4.473031,7.428687,7.398648,7.240757,9.804692,9.693961
7.924957,11.168495,5.265249,7.492013,9.178776,3.999897,10.348539,5.482410,9.415386,10.701321,8.296669
8.659796,10.182259,3.331229,9.338906,10.653376,3.931651,9.806431,11.377076,1.906316,11.495640,8.681558
11.532860,8.106291,4.047374,8.002975,5.444736,8.678455,8.884408,6.809804,8.721857,12.909744,10.591516
5.951376,6.888805,4.371217,7.581513,1.450041,10.815156,6.367618,10.359201,8.812075,9.433199,5.712541
12.227949,6.200523,4.095993,8.993129,2.624377,12.159676,6.422403,6.351880,5.040654,2.507782,2.204272
12.802398,8.110413,3.679373,7.719926,5.461673,12.453310,9.190264,7.013202,8.200412,2.713344,0.890565
13.131270,5.365948,4.846576,2.215409,7.530400,8.859822,9.295933,7.305726,8.740798,4.873289,2.922393
14.319647,5.343498,2.633517,2.152328,2.961298,4.045314,11.052352,11.437180,7.084791,10.842987,3.016935
12.358730,7.538553,6.047356,5.114753,4.608814,6.271514,13.106326,3.894058,10.822329,10.453588,2.458769
7.472977,4.975805,6.237728,7.005965,5.065019,6.153223,10.263361,4.807669,13.755675,5.456762,10.294527
7.684267,7.199238,6.557157,12.955165,1.110991,7.579457,5.045375,6.801698,8.786333,3.563676,12.448790
11.993828,6.349664,4.133378,15.215582,2.047638,7.385940,3.883910,5.797578,10.442764,2.207792,13.387425
10.794380,4.656238,2.971450,14.057600,2.486485,6.294087,8.940475,6.650905,10.310354,4.139780,8.463308
7.918108,-0.039101,3.698875,8.815945,3.138285,3.911853,5.426867,7.342361,5.690088,10.172480,4.350766
10.559411,6.184161,5.276869,8.106967,0.125131,8.057463,6.658070,3.474078,8.962909,5.831335,4.793086
9.672856,8.557536,5.501972,7.169613,-1.783851,8.196307,8.382466,4.831058,9.931677,4.478408,4.960806
4.499764,10.316611,3.645454,8.345168,1.485047,3.913227,8.029428,6.065782,5.358837,6.757470,5.697347
1.137145,6.801145,5.515908,9.161417,4.355934,5.523223,7.088206,5.254522,6.900744,8.000508,8.271483
3.253242,6.057423,2.766825,12.252533,5.244494,0.973993,4.558070,5.986661,6.471413,7.798981,11.341110
2.583222,1.742493,4.899397,11.758765,1.415743,5.669922,2.687833,7.466997,10.457281,9.554299,8.046738
4.676291,1.653926,2.966905,8.466457,7.621645,8.854915,4.635757,5.075922,4.791464,7.234566,6.195696
5.133983,-1.999313,1.106320,6.678994,4.424409,3.017440,8.108150,4.502467,2.718122,8.114055,8.951537
5.089728,1.209584,0.435384,9.485463,9.162795,2.888876,6.162938,1.512042,2.548294,4.721791,8.131740
3.084598,4.092455,5.100914,6.899848,5.680815,5.905389,7.247737,5.178167,4.831723,5.873873,6.263924
1.436486,5.438238,3.925286,7.457175,6.402879,0.036258,5.075177,-0.563226,8.713578,9.254503,5.391087
1.095063,4.948692,3.514414,6.881297,4.298120,4.267108,4.300325,-2.033406,6.272767,7.697622,10.041251
5.882852,0.112654,8.390440,2.739801,5.316808,4.887717,1.560940,-0.500766,4.503068,4.380185,10.045121
7.490524,5.698839,1.754797,-0.483956,4.937864,2.261841,0.346335,2.412454,2.103355,3.877260,7.201071
8.086356,2.538659,0.623478,4.046966,6.109685,5.739218,0.502837,5.033001,1.625229,5.038190,6.428260
8.289140,5.587055,-1.502351,5.613842,4.961627,5.408676,1.281016,3.202490,-1.420257,2.829913,1.351138
5.041644,5.287056,0.509664,1.467518,7.551865,7.427863,1.111091,3.984407,1.665936,6.643309,3.740265
5.601276,4.977874,2.220580,0.209852,2.436612,9.621707,4.649122,-1.590107,4.073795,4.545327,5.895051
5.176461,6.108420,2.428236,0.118721,6.965874,4.073447,2.066931,-1.328043,2.554868,0.566036,3.182532
6.438986,4.809855,6.210276,5.505671,4.640967,5.854423,3.729972,0.187813,6.136865,-0.957879,6.086177
0.973170,2.621785,9.225578,4.977653,6.721165,8.338932,4.758913,3.291694,5.459973,-1.352038,8.037203
5.323709,0.613661,5.999501,6.235079,5.572760,10.899453,0.038331,1.780747,2.844729,-0.567060,4.626863
-0.285288,9.885038,5.577611,6.811103,1.502386,8.531086,4.664162,2.507715,1.438220,0.386775,2.359169
1.926168,10.633089,3.286196,3.223232,2.046195,10.515083,4.087443,9.089870,7.021479,0.208382,1.505441
3.142785,10.710061,6.988625,8.673348,1.219744,8.911793,6.699478,6.206455,5.882439,-0.963359,1.273516
7.673132,8.561609,4.395681,7.057058,3.086262,7.825084,8.544501,6.658296,0.793921,-1.450283,0.885876
6.213685,6.528394,2.157460,5.292969,3.516129,3.377270,9.118625,1.796015,1.814629,2.893302,5.198836
2.696415,7.120971,0.822972,1.614624,1.209237,2.070002,5.721826,1.512878,0.743554,0.212254,5.111707
0.559435,7.690980,4.956897,2.394209,8.753954,1.241667,9.347122,1.160797,-0.423233,-0.358833,2.232522
1.604540,2.839692,3.930428,-0.588760,9.221922,-1.879579,5.298011,0.378523,2.074284,4.204830,1.545455
3.547949,1.009048,5.599002,1.568973,1.999664,2.611208,6.629981,1.978002,4.369964,10.039810,4.147345
5.366507,2.785064,6.762158,2.723845,-0.445798,1.309000,5.795045,0.293894,9.349075,10.172660,4.206068
0.625367,5.264279,3.786277,8.018696,0.132855,-1.976116,10.582036,4.466459,5.169868,10.072474,5.872604
3.457339,2.558740,4.205565,4.453504,4.110919,-0.647059,9.324052,2.705381,4.734718,4.352697,5.906027
2.680578,2.277555,7.199606,1.806824,4.583725,0.682744,7.682098,5.248071,-1.474490,2.840854,5.678292
2.157671,3.946731,4.483481,1.822576,3.869725,-1.333830,5.659892,6.754104,0.142926,6.270359,1.347790
5.783605,0.454189,4.816853,4.042443,3.900812,1.019261,4.381990,3.864918,4.757051,3.029854,-1.810344
6.391866,1.487742,5.493060,4.271273,2.487848,2.782818,4.613349,0.970516,4.480864,2.785600,3.833290
3.778042,5.415170,4.645987,3.787060,5.587840,5.178826,7.010874,1.895316,4.210447,0.574600,6.114293
8.528666,3.754885,6.164266,10.109240,8.374309,3.151092,5.520843,4.075631,5.335186,2.704479,7.316166
7.263537,4.292248,5.642183,4.986514,6.387889,8.785955,4.220784,6.359048,9.819366,1.545014,-0.541930
7.594398,2.897009,3.355304,3.297444,5.572163,8.312233,4.946647,1.035686,11.929291,2.996815,3.846913
5.374969,6.504304,6.411456,1.356709,8.204236,7.016313,4.165990,3.719894,8.389586,5.932863,1.580535
2.558786,1.411515,5.289891,0.510770,11.243261,5.355372,8.704586,2.882415,9.300326,3.366392,2.248103
1.614771,1.361048,3.085292,4.880854,6.153733,2.642991,10.145349,2.679843,11.383990,5.940237,5.878953
1.860002,3.001140,3.068716,2.545891,4.741439,2.926678,10.409643,4.592691,7.700326,4.209943,5.109262
4.293843,0.942714,8.364989,2.379818,4.907073,4.760492,7.918016,0.478998,6.578482,0.404012,10.463974
4.277799,1.068312,9.005641,6.609345,9.363995,2.415464,8.252664,-0.801804,0.460789,2.670981,5.981616
4.189669,2.761934,5.604516,-0.749289,8.570274,3.677038,5.832938,5.691068,2.802572,4.254084,8.511527
4.101356,4.709998,4.688414,-2.386106,7.384109,5.873436,9.515900,3.510961,3.116811,0.187193,12.173148
6.348669,1.862918,5.183781,1.826182,8.285929,4.695932,10.317352,-1.301631,1.096239,-1.475086,10.776868
10.072363,2.035485,9.484299,3.501967,5.646277,3.928792,7.865752,5.062662,3.839085,4.771017,2.450220
12.505032,2.949771,5.980782,7.210335,3.121821,5.648475,10.199945,6.811435,3.006676,0.146544,10.726931
11.554506,3.247844,7.481209,1.492570,4.156733,7.193588,7.064632,4.921601,7.291678,-1.588272,12.984505
9.185316,7.963165,5.421211,4.136280,5.429846,4.684315,9.495923,4.817745,3.903061,0.381808,8.416557
11.145590,2.827836,5.826741,3.055055,6.031899,10.287847,11.797541,3.603617,3.305548,1.771843,8.266936
8.763664,6.371226,7.362340,5.378596,8.826535,5.883339,7.288896,7.711570,3.487857,2.005067,8.889111
6.972096,9.653516,8.610592,5.576344,11.748285,6.811997,8.040051,6.168018,6.251487,3.060313,8.232452
7.970871,12.706128,7.926846,5.803018,8.793643,8.436215,5.167276,6.339255,4.872353,5.239781,6.850997
8.884175,7.000930,7.054499,9.949468,3.807191,5.279334,3.166987,6.992249,5.246393,6.286683,5.542865
7.554292,8.794601,9.378990,3.661232,8.621804,6.102282,7.079288,6.710720,5.396098,8.987126,7.380214
4.508581,9.905353,6.250749,7.664890,7.762585,3.580570,6.379942,4.524171,4.374393,11.146579,10.549975
8.675261,11.199152,8.957325,6.682320,4.480906,3.180533,8.247232,4.563056,6.753914,6.801908,5.874497
6.928339,9.821995,10.533704,7.070945,2.249974,4.768564,5.533474,7.416954,5.066272,9.315430,6.863702
6.820871,7.124679,5.376491,9.001678,2.635153,6.238242,7.678915,7.946367,2.117701,9.286760,9.041372
6.121751,7.353169,6.969696,3.039029,2.653920,3.068101,5.817183,6.321522,2.027209,4.415677,7.887283
10.869933,2.111825,5.137239,3.103526,6.488852,1.718761,6.226085,9.343673,7.953577,3.338054,6.103583
9.105516,1.107030,3.063861,5.848267,6.791962,3.580992,4.410051,8.258092,8.758341,4.480332,5.078060
9.176169,4.762176,5.667468,8.527522,5.852226,9.334109,3.580596,4.218606,5.052516,5.425427,6.753650
-1.023611,3.073686,2.207038,9.079332,4.741834,6.329869,9.756010,4.808219,2.886420,8.239694,4.491602
-2.573924,5.672535,5.948799,10.338426,6.659859,7.559521,7.998277,4.509710,3.613805,5.795530,3.221083
-1.365254,9.543557,8.976348,8.224246,5.188083,11.937790,8.632009,5.367179,10.135326,0.316948,4.960705
-0.199422,12.385932,7.099978,10.745746,8.787353,4.539766,6.555712,3.093217,9.069939,1.402583,4.706101
-0.858818,6.004817,8.372772,8.811675,6.695262,7.181840,5.058121,3.701606,7.980018,4.801300,6.956799
3.268925,2.845627,8.318679,4.180987,5.765981,6.941779,7.828697,5.589947,8.545886,5.732501,3.212259
4.386370,3.977196,9.035548,8.230452,2.912492,4.309819,1.929380,5.039541,9.484116,7.258330,4.540772
3.032872,7.250804,6.959621,5.604117,1.374050,4.927922,2.900666,4.090337,9.945872,8.270415,1.804485
3.428284,5.194164,6.023338,5.603592,6.711219,5.279723,2.547841,3.316787,15.103794,9.595384,2.275016
5.049771,9.836884,4.250780,9.299374,9.124238,7.494719,4.586285,1.666906,9.896602,7.501938,-0.224899
8.655185,6.864059,6.678449,8.690294,9.290454,7.985856,2.527016,2.258964,8.408359,10.521736,10.500827
6.600393,9.427198,7.548485,7.089281,5.091885,8.745364,2.255505,4.597331,9.766887,8.389572,11.880053
8.859517,8.502379,6.462288,2.754605,6.791386,3.840552,2.691692,3.513971,9.678484,11.284205,7.843776
11.594772,7.788663,8.262299,5.178436,3.662071,7.874819,5.609283,6.112989,10.513814,11.569765,7.315410
9.178592,8.724901,6.195773,6.466764,6.464826,8.140822,3.088061,8.167957,9.178444,9.216968,7.099382
8.692689,6.384846,6.693320,3.713961,5.030486,9.663391,6.263814,6.288351,10.443394,7.977583,4.185857
10.297976,2.849236,8.669430,9.984273,8.456247,9.301749,9.055298,10.905899,7.093502,9.789337,3.387432
7.184013,4.995909,6.839212,7.934602,12.734210,9.060299,13.031805,8.038857,6.216128,7.762213,5.566419
4.889640,8.651690,8.714201,7.355888,9.713934,7.048455,10.897532,5.707379,10.756026,5.250631,8.015649
2.406875,9.331339,11.237726,5.725467,7.615586,6.629639,9.347590,7.598262,9.820742,3.213451,7.353840
7.659347,11.914180,9.569124,8.567622,9.360270,7.005404,10.158018,7.684285,6.087457,3.694209,9.707034
9.061790,12.061822,11.254328,10.083107,9.063447,9.430217,10.384239,11.443856,7.139212,11.737273,6.881563
8.743772,11.289489,5.526062,9.054753,9.494285,3.560544,10.966590,11.942382,8.175975,10.059507,3.615873
7.991313,8.642856,11.846674,7.733821,7.186124,-0.248929,6.414794,14.520986,9.097428,8.735615,9.038418
10.599223,5.884444,10.289014,9.472885,10.191851,3.304115,1.966435,10.597558,7.662402,9.165213,9.454614
6.516577,11.623485,9.301543,8.077530,7.141728,7.298994,6.221139,11.947962,8.733976,12.099815,5.713530
5.343222,11.645455,9.753640,7.805460,7.381517,4.224231,4.186374,14.585829,6.184662,13.621061,2.738292
4.102994,8.811477,9.856305,9.471284,7.533511,3.947959,3.988533,11.613823,7.333698,11.171127,8.218362
7.271704,3.395330,4.399077,10.250505,8.476033,5.481870,11.993659,8.012733,3.922376,11.848088,5.176175
8.814102,4.761375,2.214023,10.582735,6.647875,8.627941,8.566898,14.447820,7.138480,10.801880,6.412003
9.682214,0.720261,8.336263,10.840441,6.768385,9.688688,5.925386,12.873968,7.974807,12.478702,6.770151
9.593485,7.923749,7.089748,10.785797,4.901472,10.201328,8.169617,13.090496,7.434948,12.150571,8.435211
10.200540,7.729842,9.120357,9.946847,3.388996,6.102557,7.884838,10.438310,13.269900,9.909303,5.687301
9.688418,7.565893,6.253120,5.131190,6.549451,9.998121,6.477359,11.392390,11.076543,10.555472,11.677494
6.962401,9.498024,5.341504,4.468404,9.163776,10.162931,10.521354,11.519489,9.047899,6.402800,13.270605
6.035313,11.795328,12.329737,5.090700,9.931967,11.527521,10.373368,8.830252,12.512717,10.228059,13.786677
4.954565,15.028220,13.985755,8.258936,5.106294,6.907140,9.416982,12.074409,7.835858,13.718166,13.063873
10.743183,13.874915,9.382389,8.540741,8.914893,8.916690,7.806525,14.105545,10.527554,5.716798,10.504949
13.821261,8.489963,12.914729,11.321926,10.221015,9.652207,8.802558,12.265647,9.679245,8.727158,12.747162
11.259007,11.994269,9.459955,12.473390,7.824393,10.112684,8.399605,10.142781,9.751451,11.053980,16.684960
11.395310,11.584210,12.145992,8.369813,11.473022,12.191505,6.371271,9.197798,9.953278,8.955862,13.029324
9.250583,9.710977,10.848547,10.867145,15.495347,9.588295,16.039401,10.877917,9.200591,8.832467,12.007795
11.116494,9.270107,10.045750,12.795051,12.447826,9.525843,14.122503,11.497774,10.979784,6.075886,13.397551
8.196406,11.613920,5.973128,15.166621,12.723857,13.424879,14.755667,15.277768,10.290783,5.274045,12.987449
12.523455,12.422016,11.868581,9.796426,8.645938,8.799184,10.777906,10.878809,12.142428,12.993924,12.016846
12.121649,12.534516,12.127747,10.910201,8.674838,10.803958,9.135089,9.038600,13.746385,11.867981,14.653153
11.669130,12.142336,8.662318,14.078429,6.518456,9.557095,11.639426,6.284049,11.204542,11.738866,14.866506
10.607095,9.921692,7.308779,16.197903,3.737630,13.700193,8.073535,8.766797,10.244084,13.963497,7.861336
9.447635,9.035935,9.814421,16.898588,5.060994,14.351355,9.270373,6.560253,11.711420,13.236172,8.955656
8.124858,12.094140,12.571157,15.485401,8.564328,12.444230,9.039944,11.893887,10.036733,13.211307,8.839990
6.020555,8.996607,13.920054,15.018504,6.631779,10.456610,7.841372,10.997741,9.849489,17.514732,8.663752
8.770194,9.701820,14.715079,12.555487,9.413582,8.731757,9.864635,11.368555,10.402135,15.750845,15.271464
8.437621,11.067981,14.256791,13.782000,9.054910,15.080046,9.842772,11.929467,14.103895,13.497200,15.614381
14.095663,11.221762,10.730017,12.538226,12.493829,15.903506,11.072578,12.857441,17.015981,14.192582,14.665071
17.245753,13.671240,9.615324,10.540378,10.031849,13.396474,4.884001,15.063311,12.216475,13.362556,17.052830
13.162438,12.254503,11.312588,13.098298,10.077500,16.994463,10.005138,11.279460,12.852217,13.173378,14.631419
12.168459,12.339378,10.913928,12.331276,10.524128,15.134992,15.156874,13.061167,14.976852,11.488746,15.592017
10.124087,10.991302,12.214544,12.976244,9.045860,11.539372,13.779311,14.305273,13.076666,10.568507,16.057980
13.461527,16.582788,12.662566,12.791984,7.912834,9.164654,8.168781,16.928587,11.127510,12.532597,15.839584
13.985178,17.389850,10.955665,11.251180,10.878725,10.631405,13.249937,15.489145,16.742511,13.257161,14.231810
13.319388,12.458218,10.665882,13.244442,7.228781,9.115901,15.468481,16.555406,15.805488,13.571808,15.119154
13.800555,10.676308,11.442556,14.775505,11.530379,9.359888,17.098683,14.902551,14.048995,13.757602,13.690344
11.218431,9.750432,13.146467,12.134382,14.086947,11.038641,17.602548,14.065212,12.992513,15.191988,13.824623
10.822196,7.770959,11.459243,14.539918,10.638725,11.675628,14.626431,12.526896,17.608051,14.915053,13.004101
8.184004,6.969729,9.381934,10.569734,12.802336,10.834345,14.687702,13.146881,17.715088,13.205493,9.618015
10.436388,9.057520,13.921206,11.419522,13.207692,10.757724,12.067123,14.021960,20.043708,15.329883,15.436889
10.447748,7.211061,16.105577,15.714649,15.611932,11.207551,17.463058,15.934461,19.705792,12.696895,18.701905
13.132535,8.677172,9.472944,13.153705,13.411781,12.644578,17.706863,13.484961,9.673612,12.867300,14.764722
10.654261,10.294292,14.364727,12.036680,18.485421,10.048494,13.530482,12.906280,14.499297,12.731282,14.957188
10.842263,14.719894,15.779182,14.864260,15.321419,12.627923,12.803484,12.077806,15.061132,17.955253,15.178915
13.118241,12.053257,15.973519,16.378452,16.128453,11.926444,13.379037,10.058374,11.720292,13.508028,16.969444
12.507387,11.222937,10.716972,14.055952,14.741588,12.254874,14.355754,14.051657,19.508594,11.059160,17.108631
9.439419,12.799693,13.564578,14.210701,16.260242,12.985838,12.121930,13.676165,18.733429,16.688684,14.124214
9.453981,16.868114,13.858678,10.751924,14.052270,14.131486,14.014909,11.342770,15.636519,13.466048,13.546400
10.867976,14.253789,20.580112,11.605193,14.202676,15.295808,20.168450,16.332576,14.859240,12.167044,14.244017
8.513602,18.266079,18.029265,10.317840,17.189301,15.203590,15.424683,13.614067,17.842100,19.053753,12.102075
14.104567,15.078794,17.151540,11.539251,18.124515,10.997707,14.809474,13.058325,14.732249,20.466615,10.855554
14.070735,7.655130,18.099846,14.383783,15.680016,12.268997,12.844068,14.899323,17.483986,16.073409,10.965070
14.500377,8.126350,18.637844,18.653245,15.933695,13.957433,11.019808,12.226540,19.823188,14.604395,14.426410
13.018598,10.829453,16.362565,16.427692,18.835643,12.771023,16.024662,14.424631,16.135386,18.423243,12.719392
10.652288,11.345248,16.097164,16.730843,19.902198,12.199235,17.527223,15.332112,16.769541,17.095283,12.385091
15.285685,13.857228,17.445218,19.408782,17.721645,12.672167,21.395865,16.016071,17.204767,16.348147,14.681564
12.291150,13.865304,17.985896,17.093912,15.717847,16.542423,21.908429,14.929852,19.996518,12.622716,10.133961
13.102076,15.545148,16.202235,17.331939,17.159078,13.514899,19.685099,19.026925,19.854722,13.985352,14.843856
16.877854,15.623049,10.886951,19.312785,13.894923,16.552648,18.037787,21.490382,14.421654,14.653433,17.262031
17.749385,17.624050,15.417428,20.606183,14.610536,15.986229,17.419005,22.438075,15.542727,14.835804,16.540684
16.488257,19.759574,15.654603,22.591768,17.452797,20.013104,17.568881,18.834800,14.524146,16.274871,16.822444
15.671247,24.337397,16.090034,19.221614,18.532332,18.428053,19.851187,18.548771,18.337309,13.126884,22.437918
14.595059,17.779494,17.135291,18.043839,14.100617,15.388415,16.431504,18.605100,17.420005,14.993047,17.911671
16.582824,19.159870,13.235850,21.679730,14.476289,13.658229,12.759623,22.248070,18.390061,18.027424,15.295632
17.298890,18.174302,16.530648,19.852343,12.011276,18.250766,14.322115,22.304289,17.562297,17.194841,14.213793
13.224551,16.787492,20.604288,19.040267,14.375703,20.057949,10.436840,17.214783,15.525250,17.149396,16.467140
18.309007,17.174613,18.483799,15.197433,19.436344,16.549729,13.314993,23.322879,13.920311,14.266459,18.343249
15.666800,19.936083,17.693001,12.682711,17.011543,16.163689,14.655825,20.801400,13.586660,12.424684,16.618390
15.309549,19.548216,17.147176,13.337559,17.975479,16.826231,14.115949,18.966054,16.619664,12.840910,19.738755
14.740339,17.971473,17.959844,16.949219,20.880732,18.365445,13.445638,18.851570,18.721525,10.467589,20.047009
19.065076,14.547663,15.939368,20.445743,17.167608,21.090187,14.214879,15.654489,14.548052,11.099839,17.927582
19.358103,16.293991,18.774427,22.485757,14.973760,20.517253,16.812611,17.882575,11.246460,14.343461,21.475799
17.469288,20.163882,19.997073,19.112261,16.002258,17.731504,16.126209,18.656539,16.373402,13.829459,21.811867
19.282312,15.872764,15.273170,20.302699,16.605492,18.702007,22.072478,14.800803,20.539721,13.002906,21.139647
16.848668,18.410029,13.231206,13.367946,15.020492,23.138958,22.786599,16.959547,19.735520,12.419033,22.604590
24.904384,18.942690,14.174908,12.653295,12.228330,22.094742,20.665078,19.628857,20.511049,12.011479,20.413341
22.502011,17.216550,17.686554,12.987877,15.667312,22.547666,19.093967,18.949842,23.489045,15.033658,19.719130
20.988573,15.772384,21.430196,16.463952,16.034793,20.145715,15.589014,19.789621,18.446746,16.708891,18.551880
13.398461,17.188698,23.843839,11.481320,13.896659,19.808397,17.041608,18.484585,15.870926,20.601075,20.122828
13.848921,19.785215,22.512632,11.520901,14.615594,19.424602,21.206222,18.648530,15.087441,20.462278,22.776467
18.897705,17.728154,17.690222,12.587872,18.553941,18.543130,21.102560,14.970311,19.774159,17.057982,24.235406
18.218781,18.342861,14.876826,13.238921,18.683450,21.769349,20.261314,18.036124,23.641111,17.724540,23.340998
17.708493,19.170776,17.599488,13.327984,15.575011,21.811834,16.604612,20.828849,21.999170,17.524319,20.563562
16.123307,20.762207,20.422053,17.356222,17.086071,17.570295,16.632481,16.803074,18.931148,17.386656,19.182872
13.884250,18.517583,18.992972,14.915023,24.806814,13.868575,20.257260,17.758732,20.983754,16.861555,23.240513
21.181908,19.614461,22.491100,18.661933,25.066996,14.914017,23.266501,16.955455,19.565479,12.852476,18.116049
24.215889,19.524215,21.394830,16.748364,21.515942,16.998715,20.351855,21.098141,17.406026,12.778595,18.395300
22.399279,22.170897,18.417669,19.718346,19.374338,17.832882,21.047433,14.868728,18.568786,14.210529,16.447975
19.995761,18.441997,20.980096,21.623869,17.432498,15.165761,18.500591,16.764491,14.261882,19.694604,17.084782
20.738536,21.954370,23.961955,20.126596,18.354815,20.047896,20.498967,21.646250,17.729187,20.354681,13.765173
15.686636,23.820101,21.300243,27.040450,16.500446,20.192750,19.415689,20.993121,16.616159,18.847445,16.177573
18.974931,21.157958,17.443124,23.748039,18.576855,20.069803,19.331900,17.629674,16.091872,20.909000,12.878037
21.442183,19.911929,19.714273,27.976902,18.359802,17.875342,17.690086,14.174253,22.479622,18.758097,12.947710
18.540686,20.127836,15.348743,26.514431,17.884725,18.460555,18.182263,13.476389,21.885755,18.802186,12.530865
26.902722,21.766840,15.678577,22.951632,19.495506,16.287360,18.944212,15.724898,19.343841,16.408686,12.145663
21.184170,25.210556,15.258176,17.259410,18.139507,18.368182,15.266237,18.314446,18.581791,20.653059,15.298609
20.567060,27.000871,19.811760,19.459626,13.204354,21.992390,17.556307,18.177254,17.076866,20.061893,14.888455
19.863688,21.828076,21.678589,21.544633,13.876732,21.932438,20.305964,25.796050,19.794909,19.611798,11.723659
18.434118,24.184600,22.563333,24.957767,17.048346,20.656527,25.202907,26.598711,17.159349,22.328900,18.234947
17.590857,23.220699,22.187867,22.423538,15.909573,20.074400,21.572601,22.798510,22.862653,19.743797,20.815673
20.628648,21.273589,19.359282,21.410306,20.344789,16.912962,19.799531,22.650871,21.828927,19.572237,20.792813
21.367001,22.603807,18.375151,15.683514,19.816857,16.442680,18.096517,22.671635,19.792960,19.253835,18.179815
15.977660,20.106876,18.841232,17.664534,17.577775,23.513585,19.708766,19.697708,16.308669,17.998797,20.477459
15.419881,19.912485,23.179850,22.185795,18.783300,20.561130,16.536139,20.990916,16.034346,17.238289,16.867634
17.123114,19.799522,22.070531,22.526768,20.057737,22.095827,16.724422,16.129689,16.923859,18.989360,13.438516
18.986302,22.534223,21.045848,22.809219,20.732626,21.689026,17.145436,18.343782,13.635373,17.724555,19.032183
17.409293,19.416368,21.683107,20.403848,18.452176,20.873292,18.980638,21.593148,16.937335,20.573281,21.190488
17.059804,23.386345,19.201436,23.983531,21.519179,17.993240,19.975946,19.864025,15.193731,18.159808,22.357839
24.056056,21.050861,19.873019,20.732487,20.449000,18.890781,21.723465,22.041004,16.780441,12.470589,23.673367
12.698516,20.983372,19.942580,21.653718,25.002553,21.100044,22.154181,20.190441,18.603016,13.812532,22.631885
15.007736,21.503327,23.381610,19.496387,26.722547,21.768533,22.776275,23.413678,21.566024,14.100862,20.778247
21.028167,18.124007,25.612362,17.286364,20.597329,19.820665,20.139878,17.810161,20.417019,17.737851,20.185019
21.182981,20.813855,24.508320,20.248440,19.704529,22.562841,19.492260,17.191572,21.934155,20.306992,14.437485
18.824594,21.252530,22.640939,19.325146,15.257999,17.580975,20.654894,19.435414,20.174021,16.415567,17.577554
18.102852,14.774510,16.851218,18.959448,18.999852,19.876702,23.517533,17.182320,18.613742,19.073010,17.782892
18.502785,20.645290,20.629688,18.453627,17.438722,23.598931,25.154218,17.271397,17.200714,21.654294,17.967498
20.866928,22.048540,15.513211,19.616451,21.356748,24.012932,25.591053,19.676199,18.300583,23.962176,17.409313
16.661254,19.258172,17.003422,20.602676,14.095119,24.620563,21.464492,19.858192,18.689299,25.441822,21.594935
18.447830,17.223940,18.736153,23.387029,16.372004,24.585112,21.977636,24.101429,19.614124,22.495076,17.022661
18.613960,16.356164,17.977249,20.700650,18.811497,22.307904,25.881984,23.805306,18.663785,22.400565,20.949819
21.681837,10.971702,23.177911,20.441589,19.131981,19.052762,22.531645,23.821590,22.412933,24.628666,24.155492
19.181188,13.766139,19.258474,23.213794,21.420111,23.411304,19.189444,19.684063,21.334594,22.414278,19.699237
19.689287,15.291009,22.463779,22.388163,23.380053,23.035668,19.308696,24.643456,20.768077,17.825421,18.299596
15.031313,19.207375,19.614693,22.230701,17.981400,19.625185,13.431655,24.836837,19.161853,19.512198,18.139619
19.417089,15.844167,20.128110,18.445079,16.145395,21.281333,13.927277,21.623878,18.725828,21.662703,17.683602
21.150538,16.960001,20.280048,22.796688,24.251307,24.111695,16.376828,22.823898,21.226820,21.821936,19.431588
24.215945,20.049872,25.507571,20.272619,26.116387,21.867233,22.610137,21.254677,21.197626,19.504923,20.535773
21.005315,27.304987,24.418685,19.872021,22.462918,20.702497,19.323319,20.131177,20.509833,23.242558,21.390246
22.088598,21.310417,20.820027,18.294739,20.094998,16.406782,20.418945,18.909547,19.015606,22.046676,23.175377
21.469716,15.708113,23.316532,22.678776,18.464482,20.349813,19.836628,19.745992,20.050894,18.721714,20.815077
19.145936,17.096162,22.278478,22.772883,21.708151,18.702591,18.449448,18.169726,18.785595,21.964859,22.522506
15.815928,18.577289,23.616756,24.279199,20.170003,20.944268,24.622231,16.690596,20.602558,20.044054,21.497590
14.696128,19.666681,24.047237,22.782692,25.546457,20.267516,23.564459,13.536965,22.012422,21.375713,21.057528
15.287659,23.019025,18.971337,20.314809,24.758965,19.530641,21.850721,13.783018,23.430337,21.401995,16.592094
18.586215,16.652907,19.181741,19.444597,21.523170,24.956186,21.411607,18.862298,21.418593,22.237225,19.615578
20.577011,17.180422,16.467967,21.620055,21.134737,22.317434,23.569833,20.196989,23.129499,20.202145,21.314090
19.378028,16.918745,19.594811,19.781682,22.652938,21.120820,21.770978,18.390301,22.874787,19.041396,21.702458
19.679119,19.866565,17.942724,15.762987,18.472087,16.057018,23.989894,16.815385,22.410637,19.428078,16.336024
20.686086,21.059561,17.965372,20.252319,20.450558,17.532657,19.507611,17.831104,17.862675,23.046141,16.582438
21.643367,20.667057,15.231348,18.138550,17.355922,14.586017,17.758727,16.731189,20.098482,23.658595,18.222755
18.369679,22.208632,17.384761,19.264258,15.030512,17.456305,19.873936,14.257532,17.521653,20.331341,19.427723
15.258968,19.821753,24.730336,20.297457,14.625084,14.578326,22.628958,16.327052,18.129911,18.260119,21.259293
14.656852,17.584983,21.276269,20.464016,14.295542,15.129635,22.503803,16.514369,16.137388,18.193305,18.712389
14.180961,16.357356,22.384076,19.379375,17.039686,15.270432,21.332990,11.865831,15.706027,18.136541,21.195627
19.824034,15.928867,18.892228,21.290310,14.757505,20.389444,24.205061,9.190209,19.003218,18.819931,17.911831
14.909815,19.380902,19.940653,19.958899,17.141986,21.300372,18.492071,14.670556,19.983296,19.428679,19.649285
11.996443,15.709610,22.450014,18.676864,13.750825,18.915060,19.817638,18.068644,21.141616,17.020720,23.371215
17.160337,15.385942,21.450582,17.043956,14.253572,16.839189,19.325197,17.706547,20.299279,19.696461,22.271806
20.428522,16.638977,21.081414,20.277522,20.074758,19.357587,14.526953,19.043533,17.214439,20.043684,18.519069
20.707996,15.218687,22.361487,18.259583,16.040836,18.251106,13.179672,22.135505,14.105331,14.803336,19.223124
18.434378,16.686379,17.708311,15.773861,19.822644,20.769743,14.031425,21.917786,15.521964,17.081055,17.465216
17.754839,23.457040,21.300199,18.092800,19.570994,19.800710,14.714439,21.253443,16.236825,19.675654,13.390413
17.094593,22.779866,20.273413,21.446469,18.265259,18.434743,15.789848,19.604962,16.289366,17.132748,16.282230
15.989750,25.732565,21.297906,23.567808,17.913299,15.840877,14.111800,16.841359,14.796414,16.424349,18.710457
17.713078,24.333534,18.581672,21.616073,21.818419,16.199952,13.503717,14.995235,16.037765,18.786268,20.377519
15.102095,26.211342,17.728753,22.734475,22.202218,17.359059,14.575558,14.616329,20.386036,19.835070,19.998360
17.631046,24.611814,18.916556,22.148966,20.632343,22.065864,16.500025,14.570751,19.211457,20.175980,15.979670
20.252548,20.543486,16.766900,24.801039,24.084889,20.684656,13.850071,17.808287,17.078955,20.420801,14.258308
17.150109,21.489110,21.993995,20.956914,21.031882,20.165328,16.218540,21.168212,16.537585,17.224337,16.767002
18.114616,23.614925,22.936117,16.504990,16.195297,18.197369,20.421400,24.354746,20.490691,13.982378,15.523668
18.011029,20.767951,23.074897,16.567151,17.161229,15.250702,18.354102,21.083295,20.274346,16.376464,16.452596
15.360988,21.574797,22.720171,22.449594,19.337596,15.871889,15.280778,17.195165,18.233859,20.686269,15.875453
15.507294,19.288820,23.767254,21.430976,16.985609,13.463873,16.999595,18.414230,15.463020,16.370866,16.748720
12.879649,17.206612,24.454799,18.961183,15.953591,15.480178,15.015234,18.867278,14.189072,17.214089,18.802461
13.734598,16.387440,22.496227,20.285174,14.440224,17.936059,16.384233,17.417246,19.870214,17.481242,23.428083
14.463054,21.607248,22.038947,18.206945,13.692741,22.199824,20.102437,17.394940,18.972704,18.572662,22.113708
17.777749,20.496335,23.007825,17.091335,17.123316,20.475277,20.091983,17.191773,16.307180,17.553316,21.405587
20.508364,22.092043,24.307409,17.500278,18.306542,20.057850,19.637843,15.113684,17.228021,21.472161,19.995275
22.925598,18.116418,24.760426,22.477492,20.379132,17.570103,13.507412,19.181479,15.870371,20.523049,19.910262
22.376935,17.075530,24.241536,21.085829,21.281327,22.221263,11.768224,16.929518,17.556114,20.572963,19.599643
20.454320,12.536209,19.487749,18.718407,21.185909,22.115315,14.917288,19.786356,19.627687,21.521570,20.598820
19.374765,10.149356,17.925778,19.923414,20.938910,20.884046,19.203658,19.788009,15.390374,17.644387,16.149617
18.146300,12.797145,15.769373,18.249300,18.570884,20.281780,20.813523,18.433668,12.856362,13.604018,17.162612
21.490806,14.038149,15.701875,21.525811,16.531693,20.971157,18.241085,14.628344,18.355808,16.206949,15.061922
16.243936,15.733736,17.267117,21.218753,19.246749,14.900986,15.818878,17.015336,22.764322,16.216647,15.006180
17.353179,13.913258,20.635396,21.518619,15.907531,15.177129,20.264101,17.318669,20.969951,13.792094,18.184862
16.601296,12.203002,16.199452,17.313483,19.666552,18.332344,19.038278,15.425724,16.578907,8.428710,15.982991
17.773753,10.002017,16.642499,20.153199,18.151683,15.455147,16.755126,12.364659,16.242324,17.660028,19.317734
16.592753,11.381802,19.143015,17.722386,19.939013,14.401020,19.793334,15.528411,18.687907,19.395030,18.762399
18.288483,15.665517,17.384870,15.746576,18.340544,17.465641,18.537835,15.500997,20.134230,16.961520,17.338491
18.361906,16.890119,14.470032,16.297972,20.727405,17.436045,17.782555,13.692482,18.398641,14.618033,18.615257
18.820264,16.320836,14.427274,17.324547,17.809356,21.206060,15.396203,10.572085,17.975647,19.368357,19.068165
17.884796,18.048064,12.538733,18.340601,18.325177,20.847985,19.584289,13.596453,20.591010,18.247916,15.103521
14.253158,17.867627,13.511230,20.955962,15.340203,19.124597,22.658930,13.474094,19.223380,18.183333,13.881783
18.191247,19.357736,15.806199,21.580599,19.173299,19.368033,20.173312,19.532005,14.059691,20.448111,19.558878
17.541504,15.880127,15.139888,21.833151,19.834127,17.893795,18.753838,17.343754,17.537716,14.494101,19.091591
17.053614,14.155886,12.408932,20.004300,18.815354,11.255494,17.529361,16.716928,14.801625,18.169360,17.363908
17.322518,13.668820,17.334641,17.812657,15.765253,13.898237,17.334948,19.324366,9.012115,15.098133,17.157496
13.444252,15.812164,17.643872,16.006811,17.074583,10.259573,14.768451,21.075696,9.633968,12.494120,15.828539
13.424882,15.110856,16.454705,17.813715,16.513013,12.855303,15.779467,22.461486,12.975362,9.884947,17.847105
15.951955,14.784918,15.820938,16.525505,17.087357,14.072056,14.042782,19.336602,15.518636,10.602289,12.483031
18.147574,18.340638,18.086565,13.604633,17.434961,15.219241,16.759592,20.067497,13.652268,10.735937,13.015948
11.158014,16.063325,19.335228,14.115547,14.301739,16.939796,14.715798,21.644437,16.508381,14.238639,18.924311
14.580093,14.982977,20.856429,12.135458,21.625189,17.462631,16.495694,18.600010,16.861970,17.859002,18.986351
15.651158,14.545705,18.992346,11.771538,17.267676,17.722174,12.227423,16.307546,13.289462,16.841987,14.506457
15.018261,16.998201,23.334396,12.657296,14.165899,14.589716,15.433703,10.790390,15.141239,17.343231,11.909855
15.403306,20.621991,19.157761,14.144297,15.687599,15.114800,8.371531,12.443914,15.832853,13.797826,11.753227
15.216907,15.380127,21.568064,15.965859,14.096673,17.138884,7.352039,13.342038,16.488938,13.460946,12.082521
12.108336,14.766024,20.862632,15.220214,15.005068,15.308142,9.016675,12.682007,20.877276,12.977262,15.598198
14.296287,15.970836,17.857582,12.816784,12.498839,18.212045,11.224674,14.727788,21.613714,12.325913,13.732086
11.581030,14.698136,17.332211,12.344053,14.539365,14.263589,11.887431,13.109588,17.385166,15.766472,11.980316
10.823036,12.282954,11.638520,12.426880,20.054361,14.744080,9.430254,14.929380,16.038250,15.606334,11.107872
11.410824,10.801833,9.754151,15.704618,20.744912,10.452145,13.169730,17.946173,14.667552,17.307472,14.517054
10.897684,9.124356,12.283765,11.724104,17.416450,7.629327,16.241791,20.533594,10.789920,16.813879,15.129824
12.315031,9.592836,14.813227,16.090712,16.934132,13.996853,9.148727,19.338597,14.070403,13.080116,15.229816
13.430044,10.923705,19.871430,14.104385,14.846968,15.270492,7.501536,16.133012,14.494706,12.302586,17.479351
13.201568,12.592405,13.606250,14.304593,12.803763,14.308188,9.014190,13.575402,15.146802,12.047194,23.088850
11.695180,13.506872,15.580667,7.704287,15.300071,13.206826,12.226701,11.415150,14.697612,16.593140,19.268963
13.861484,11.865135,10.805146,10.597263,14.682494,13.547517,15.514064,11.098231,13.488411,15.541842,22.246061
14.197373,14.120827,7.124298,9.950763,17.177517,11.637084,16.075158,9.919728,16.783363,14.533524,19.936240
15.306017,13.747538,9.567947,9.857817,15.427137,11.746688,17.261194,10.110334,13.105577,16.534501,15.262766
15.774092,7.416158,7.944069,12.096662,16.779599,14.406953,15.269486,10.987649,13.025014,14.018861,13.795272
13.144218,12.553048,10.517038,21.331197,18.016694,13.160974,12.478864,12.080519,11.416102,12.274750,9.205106
14.300709,10.636993,10.267608,21.443832,18.074260,9.993125,14.527812,10.961361,11.277707,11.896458,8.607013
16.838357,11.518936,13.473688,17.704443,16.922203,10.389619,14.158455,13.637356,11.819216,12.182291,8.930494
11.935876,12.090272,10.391600,12.201045,14.954368,11.798236,14.020238,15.785357,9.151895,12.735229,10.678368
12.234476,8.684578,11.821728,11.116123,15.406391,12.169791,13.015525,15.576168,11.967191,11.519939,13.175288
15.777708,7.692521,12.026977,10.679526,13.331569,14.514957,14.980177,10.859503,10.500052,10.186970,11.370059
15.556670,12.286183,14.122105,14.644642,11.960017,15.594653,12.901914,8.243322,11.135793,14.433601,10.464541
12.711056,10.360237,12.841114,15.929482,7.503871,10.552298,11.160758,7.744148,13.033667,13.843242,16.930215
8.751323,7.646403,14.910958,17.344180,8.956409,7.973884,11.256401,9.790438,11.683992,13.996531,15.071001
8.764626,9.590705,15.325014,11.593272,6.935080,6.925389,13.843513,10.938562,7.704531,8.473546,13.605564
10.358298,11.454316,12.269383,13.082178,8.099716,4.592629,14.832701,9.302370,12.094860,9.715572,15.430208
10.090341,12.151163,13.123630,13.528113,7.223312,9.373002,12.333613,7.394580,13.970021,8.942361,16.056150
9.452142,11.942829,6.238211,12.786493,5.101143,6.556604,12.641615,7.522744,12.365121,7.873456,11.312402
7.574292,12.687285,11.589236,12.340918,7.089458,8.887072,9.897974,6.691505,9.645311,8.567803,12.511318
12.394171,13.083437,8.431475,13.021679,8.157671,8.160009,8.639778,4.948323,6.780837,7.769910,7.991264
13.820978,14.245648,9.802797,13.608316,10.408429,9.311752,8.916525,1.608201,7.761486,9.373807,6.280853
10.687167,8.207207,8.868198,10.549848,10.533379,4.495323,9.618326,4.813476,6.975174,16.048391,13.885701
9.990843,13.193480,6.751821,5.559850,10.236557,6.528975,9.690392,10.010874,6.263758,13.480793,9.621759
9.496410,12.468178,7.325852,3.574631,8.960203,9.926152,12.145386,7.795821,6.197174,10.179259,6.900654
10.101409,6.731024,6.145127,7.168505,11.287379,7.428401,8.746647,11.451709,8.031523,5.215537,7.982523
7.159017,9.179032,7.865565,8.896783,11.741923,9.031623,5.142183,12.081120,9.377127,10.229222,11.264863
10.708901,8.822726,9.457866,10.286606,7.733887,7.500844,6.249609,13.725518,5.866476,7.933881,9.638650
15.630637,14.128487,8.881653,7.436291,10.405431,11.818447,9.143700,11.681005,8.787948,10.976055,11.381078
13.523587,10.917659,10.766183,7.293697,13.051827,9.247686,13.611857,10.804019,7.580108,8.311617,9.241065
8.464776,14.595914,12.389487,6.224426,11.861511,7.468737,9.890822,10.727538,6.717296,4.974273,10.532670
3.367530,14.544519,11.972209,3.792876,9.448663,4.461829,8.883027,9.151046,10.208766,7.113494,10.674042
9.469260,11.303690,13.618988,0.425263,6.807592,8.392044,7.076421,9.241944,10.646636,7.946256,6.900144
7.014177,11.319443,9.362413,-2.152853,8.755223,10.827929,9.148407,9.288968,8.074894,8.990628,4.478103
9.092115,10.915361,6.771713,5.499139,7.515039,12.049190,8.232181,10.192430,6.429359,9.695950,7.934875
6.643476,9.120890,4.904129,5.733424,10.147186,10.399284,9.543463,6.394189,6.720113,13.881509,13.655465
7.939715,3.691387,8.407707,5.176564,6.727733,11.854480,7.444226,4.792972,12.722748,12.160362,12.836773
7.302107,4.019621,6.643937,5.776024,9.246092,8.891008,9.533135,5.471850,14.808933,11.227804,10.328976
5.382048,6.029191,9.666269,7.142716,11.754427,7.906382,13.809974,5.747501,11.662796,11.376746,10.532468
4.762724,5.730525,7.441693,3.585058,12.290893,5.267539,10.888952,6.085343,12.316135,10.462050,11.172083
8.242036,7.670883,10.575932,2.082141,8.910469,4.998756,13.472480,5.425805,10.202776,9.863994,5.558032
6.639336,5.536857,9.110978,6.338134,7.094659,7.165025,11.063291,7.065639,6.643221,13.551014,6.887610
5.502109,10.574604,9.698284,5.680438,6.947474,9.658848,8.933443,7.725803,7.869603,8.045208,6.741355
6.612318,10.213253,13.632633,7.408405,8.279258,9.596629,11.173591,8.842867,11.402843,6.962318,9.281675
6.744056,8.314578,12.813216,7.612912,6.649784,12.997910,8.113289,8.012116,10.664782,8.724840,8.011236
7.242479,3.747553,12.570023,8.486659,10.143255,10.612978,7.961836,11.536187,12.275276,6.182720,8.519247
8.515612,1.268333,12.019927,7.437786,9.614898,9.581704,4.439774,14.531325,11.677765,1.964878,8.157376
6.646200,3.145405,10.780843,5.762824,10.293609,11.400134,5.106750,8.566351,9.705380,3.763865,7.049162
7.529254,0.627690,13.579893,12.791193,7.461634,11.560891,4.961501,6.149793,11.017486,-0.860650,6.326605
8.727605,1.672545,7.238989,9.721150,6.217611,13.550505,7.560330,3.574834,5.690582,-0.754067,3.124936
12.130837,6.002866,5.980926,9.116691,7.959094,9.274435,10.407558,6.552779,8.642905,1.262692,7.541302
14.108510,4.649530,5.249622,9.217159,7.184972,10.901892,7.317507,8.754811,1.970429,2.709294,3.544413
13.003519,5.163346,7.770513,7.874625,7.681066,11.988589,6.891411,7.168926,-0.188622,2.067427,7.468307
10.763772,6.309070,4.102273,9.387846,9.085901,6.247789,7.618261,9.106109,2.312955,1.109808,5.095625
11.320439,7.699696,8.171644,4.333676,9.564633,8.112221,4.437954,8.536035,0.498162,3.018305,0.717284
8.192508,4.455724,3.214999,5.528510,6.413385,10.393443,5.470849,6.791943,6.536234,3.170429,0.626486
7.714625,6.932127,6.696399,1.101551,3.086701,5.519149,9.244379,5.424831,9.233924,1.958598,3.457907
9.395447,10.472514,7.557736,2.727107,4.256584,7.216254,10.817544,3.578306,7.562410,1.559669,10.161826
7.442098,6.896931,6.268949,5.346764,7.396889,8.574156,8.656275,2.030411,12.226836,2.224943,9.518212
10.120477,6.097940,6.951101,1.567596,6.848417,1.716058,6.759216,7.498919,7.432371,5.782321,6.896424
10.015010,3.918199,11.432201,5.657771,5.162575,5.903475,7.833302,5.848413,7.201240,1.043512,8.522954
6.041242,6.969067,11.475024,5.175391,5.402173,6.505222,4.042961,4.378310,9.292293,-0.776693,14.091067
3.401639,2.709336,10.218845,7.784572,4.119698,7.258321,3.157966,6.215089,10.029813,3.329050,14.566536
6.505963,2.636943,5.843065,7.629932,6.954654,9.936589,3.873280,4.005562,12.348997,5.124161,7.429761
6.232023,7.464291,6.323155,6.403643,1.508376,11.126003,7.165598,5.288177,7.487517,4.631921,10.861114
8.638740,8.442878,5.149662,5.644301,2.318766,11.105621,1.117845,5.272312,4.755178,9.750508,7.846179
5.540126,7.508872,5.823276,5.294464,0.133656,8.413354,0.602932,3.262309,9.336814,9.074629,3.965381
5.241159,6.266597,10.089552,8.295483,0.052020,9.995417,1.250644,0.140238,10.139606,3.392566,3.412341
5.984744,12.451042,2.963586,9.694326,-1.141074,7.110965,2.614282,-1.216746,8.598840,1.635320,1.991777
3.424839,11.603098,0.079285,4.150515,4.182437,5.156123,3.459073,3.266199,6.907079,3.705563,4.819707
2.501208,6.790409,3.288847,4.021806,3.868902,7.140427,1.917846,5.040451,11.079852,3.603108,1.354801
4.940119,2.592241,8.447966,6.341715,5.316002,5.649563,0.717659,4.847770,10.355909,3.757701,4.669637
5.768365,7.820168,8.260682,4.086684,7.723429,5.735794,8.081532,5.894791,6.281964,6.649844,8.144849
-2.199429,5.468277,8.347681,9.786832,5.399098,6.731606,7.247109,7.944787,6.295027,7.312907,5.573578
-0.095459,7.877629,8.709629,7.523126,2.833282,10.593507,7.463612,8.433250,4.486131,9.925084,4.070227
1.777286,5.318941,10.023286,7.676727,8.175786,9.761129,10.154921,7.372865,6.686988,7.698898,8.137504
5.785161,4.594614,3.725087,6.767727,4.829233,7.268280,8.501314,4.824592,3.486219,6.260166,2.871319
3.327516,6.719362,7.965477,9.656353,5.592934,5.835034,3.182999,4.151766,5.683509,6.053637,2.233169
5.220677,4.667484,8.002342,7.696835,8.281389,4.004144,1.999168,3.236496,6.237344,6.845943,5.077688
6.372203,6.097352,4.222044,7.085818,7.278902,2.619081,3.039072,4.210980,3.628230,5.156695,6.521904
1.291721,6.791471,4.524602,3.503572,4.792117,7.823929,2.928750,3.967718,4.946910,3.361613,6.147763
-1.453847,10.338795,5.615925,4.153970,3.131677,8.557075,0.729069,2.644282,4.165230,5.910998,10.595101
2.825761,8.296462,8.099039,2.762618,2.217865,4.269270,3.831965,5.013423,6.418102,3.748220,5.798818
8.559495,4.971197,8.432241,5.352780,1.210651,6.205588,6.294333,1.621556,7.675788,3.794256,8.272119
8.760719,7.054360,3.325445,5.456995,3.573698,4.185798,3.356324,0.880586,4.077417,3.100915,10.168848
9.492358,7.371052,4.920091,1.526084,1.861055,4.141196,5.605299,4.594107,4.876136,1.374076,7.700838
9.499830,4.929836,3.197143,2.153377,2.240509,-0.504815,5.187487,8.945045,6.754114,1.797334,6.299148
7.774589,1.048491,8.082130,1.292964,2.438705,3.165527,6.892728,5.757581,2.948592,6.345873,7.222660
5.812490,5.426650,3.466986,1.161612,3.182184,4.078881,6.441509,4.094614,2.947716,6.626074,2.108445
4.562750,2.951326,2.353734,4.853056,-0.500467,-0.107204,1.772058,5.587508,1.729216,5.276927,2.322329
4.596431,4.335532,3.876969,8.056324,4.289359,3.568650,-0.802318,5.670865,3.391155,8.219584,2.690796
3.607957,3.931965,8.763065,3.378382,1.791307,4.562189,-1.067666,9.684839,4.173193,4.154229,4.759328
6.397949,3.116159,5.600565,7.357306,2.994697,5.549409,-1.624268,6.841847,6.704402,5.544008,3.971977
9.358120,3.671729,0.164976,8.244503,-0.810665,2.866268,-0.923958,9.183876,7.349981,2.487352,7.404465
8.129632,6.356692,1.244867,7.535859,-2.856413,2.666978,2.141399,7.983641,5.234361,3.571124,7.816543
6.067569,-0.128888,4.406501,5.107821,-0.583394,1.971608,5.602711,6.675510,7.242041,3.240580,9.668126
3.877386,1.170138,4.150891,6.577868,1.595606,4.748798,8.413805,5.462240,6.457978,5.447761,11.125883
3.010544,-0.021698,7.462023,1.072064,2.865282,9.036190,11.885699,3.865201,10.611006,5.633532,11.284749
2.865801,1.121695,4.743416,-2.436102,2.246767,9.074493,7.879644,3.508855,5.578795,9.463698,7.413092
4.703229,4.135682,1.982197,2.250185,3.169298,9.423283,2.671608,2.775606,2.868084,6.574450,8.311240
3.950895,3.129689,-0.075080,5.920928,5.233338,3.322219,3.026671,3.281691,6.694174,9.517959,5.771400
3.841887,5.101536,-1.473027,6.480036,7.121449,8.115573,4.417897,1.695982,1.324644,9.900641,1.258664
5.730077,7.154576,1.237310,10.218175,6.000116,4.879472,2.315580,3.835126,2.457834,8.218486,4.596245
6.839402,2.783142,1.682070,4.357875,8.079208,5.948674,2.519685,2.878528,5.377557,11.290707,9.738752
6.306147,4.327137,1.773889,3.724309,7.199640,2.242075,6.560318,4.681176,4.883543,4.869071,6.386210
7.576619,5.133543,2.601832,2.128079,7.708451,-0.241058,5.116534,5.588034,6.467315,4.174393,5.754157
3.668881,6.292573,1.391889,2.203349,4.463718,2.742108,5.829098,5.725634,8.743689,6.903217,5.021637
4.526581,6.268752,-0.124883,4.495477,3.747633,5.845882,6.778406,6.189693,5.243426,5.172946,6.973897
8.273151,1.906258,6.772803,7.853726,5.367013,5.813884,7.919926,0.539385,5.824049,4.673406,5.457996
6.269971,6.137859,5.906344,7.533467,5.328867,7.792639,7.555013,-1.829812,3.156628,3.332970,3.981181
4.618572,3.679308,3.491159,9.197811,6.275253,4.174990,4.932496,0.486410,4.024363,4.653377,-1.534167
6.445564,3.086737,-4.292919,10.861043,8.710357,3.939523,2.969679,4.899964,4.581316,4.437524,2.801384
6.511389,8.137264,2.584928,9.347126,4.323903,6.204891,3.354504,4.740926,2.616813,5.515563,4.400625
1.196242,5.893455,4.279155,10.340936,4.760409,4.807332,5.601958,4.239451,1.877625,6.671342,5.514500
-0.015708,7.463811,3.981148,8.903056,2.973307,5.625334,6.072825,2.022330,2.091303,0.107099,4.904337
-0.914747,4.519463,4.787172,6.944538,3.470910,4.631088,5.547015,0.485013,-2.513395,-1.891748,2.169828
0.506569,4.939383,6.216003,2.730626,4.868167,4.958750,1.877181,0.556724,-0.210896,-1.893674,6.495443
2.323402,10.168540,4.097851,8.818557,3.043594,5.898567,1.744364,3.331960,0.827220,-4.820311,8.647717
2.705535,11.744320,7.490351,7.004781,3.938855,8.434648,4.983700,5.151432,4.476121,-1.546375,6.711414
4.008324,6.933167,3.717895,7.272367,7.171120,7.547598,5.644729,10.635119,7.985980,0.822784,5.713067
6.806661,2.387761,0.214845,4.292446,4.801890,5.465505,6.920560,10.078359,5.248945,3.418208,4.538050
7.070198,1.728254,1.397892,6.299129,-0.202590,7.215417,4.662179,1.496125,8.606051,0.388923,7.535327
4.598418,-0.141311,5.154980,6.663369,0.556731,5.406501,3.521709,2.898443,9.301888,1.836872,9.821911
6.014361,2.850484,6.475674,1.639961,5.649879,6.012810,0.909168,6.706437,7.665085,3.600289,8.975736
3.552633,2.831857,5.099200,-1.599266,6.365238,10.110245,-2.665725,5.688390,10.698255,3.693596,2.679700
0.736445,0.538850,3.023816,6.074521,8.789131,6.696516,-1.797735,8.833201,6.449557,7.694947,6.323498
3.112444,6.393218,0.306026,6.672346,7.204664,7.632978,1.578669,10.597465,1.878877,8.566381,6.379855
5.396188,5.726524,-0.337236,5.953753,9.207951,8.313980,3.100178,11.666669,7.114407,5.050364,6.371920
5.979294,8.120504,2.157216,7.711293,7.992256,7.972629,5.230653,6.445135,4.664213,2.780964,6.003748
8.511680,8.615397,7.244474,5.562743,9.731797,7.998032,1.424068,7.313882,8.683539,2.649471,9.076526
6.140425,6.968942,7.246257,7.423279,8.744880,2.025843,1.527276,6.274355,5.763752,6.890647,10.612348
3.719901,10.515196,6.092642,4.630564,7.503934,1.397677,0.713498,8.569392,7.695111,7.726295,9.059520
7.091735,8.988059,5.383677,7.632382,5.966503,1.557051,5.623016,4.176956,1.669034,3.045462,6.569117
4.442495,8.002404,9.153980,8.995348,9.682835,-1.064029,4.676272,5.490566,2.645199,2.764058,5.901068
1.422139,5.297298,1.945587,7.637544,10.911429,0.064716,6.178141,4.890355,5.748557,0.109989,7.204140
3.781245,6.373320,2.487807,8.228073,8.127065,4.017123,3.590795,2.842998,4.656247,4.508417,6.053944
4.826540,11.035835,8.738366,8.483463,7.017619,2.637802,4.841914,-1.940025,3.706208,6.129315,12.019053
9.850432,2.313225,7.166294,6.678700,6.120251,1.557871,5.936050,1.684385,5.390288,5.404257,10.198061
9.102771,5.676918,3.681245,11.478882,6.439039,1.928651,6.989980,5.833801,6.446438,2.390382,8.576877
7.042209,5.894415,4.889212,9.617962,1.721345,5.375308,9.490194,4.868416,8.332253,7.073645,7.576481
9.313443,7.873996,6.815566,10.162750,6.121186,9.244967,7.288100,6.835569,7.119784,5.768554,5.886661
6.188263,8.917312,6.471370,8.124800,5.877827,9.717844,7.507454,7.898420,8.587766,1.718020,7.641915
7.586279,8.832877,5.511143,7.209010,2.208682,8.462157,11.882033,8.093953,9.470788,3.190103,9.212852
2.858677,8.641919,2.283490,3.300886,1.319341,8.246068,8.460576,6.565975,13.872931,7.690166,6.652883
2.060861,12.478932,6.502034,5.635423,2.568483,8.024053,6.805278,2.584867,13.549152,7.261180,7.577232
1.053037,5.186442,7.033445,3.700955,1.041424,9.148748,5.309571,8.378452,10.777570,7.880384,7.582726
5.431916,4.869447,7.448004,6.750954,3.431623,7.013263,9.619732,8.515938,12.167666,7.780819,7.987933
5.126191,1.738976,9.513169,8.262804,6.576981,3.631689,7.238416,10.266820,9.939916,9.383127,9.370969
5.260294,8.175018,7.769622,4.705288,5.361322,4.929368,6.952181,14.490323,11.049823,13.694902,7.695285
5.825320,9.839094,6.088476,7.491925,7.416205,2.724590,5.228326,11.210844,7.638629,14.596651,6.969246
3.670998,9.926638,10.010363,6.782508,6.348847,3.324118,7.983332,9.996079,7.712133,10.709668,9.125827
7.776389,10.510094,8.709204,8.823206,5.954527,7.399981,10.061888,6.055578,10.649772,9.870866,8.986799
9.617183,10.033173,5.681298,8.033054,7.520015,3.440861,12.427480,8.486840,12.335528,7.312520,6.264432
13.155308,9.331626,4.367722,6.412534,9.679380,6.114226,7.948640,11.865843,8.844200,8.075940,7.571530
11.872405,0.603862,3.179517,5.923045,8.257992,9.732061,6.508816,10.429258,9.814075,11.073903,7.465511
8.499763,-2.164079,6.549000,3.939123,8.022816,12.400907,13.331895,8.278819,11.403421,10.365859,7.543620
6.771525,4.592580,4.527220,6.076333,4.753703,9.091346,10.904363,6.881875,6.960238,6.637166,9.714707
6.645380,4.897929,10.517046,6.183413,3.788542,9.890598,7.620061,7.900159,4.101323,2.474872,11.178082
7.614950,9.139092,11.428709,6.861685,2.425637,11.061920,7.624776,13.441568,4.395335,2.337228,15.311052
9.269931,8.908126,10.988673,10.541596,3.661722,12.421511,5.960669,10.133056,7.117551,5.276917,14.888126
7.877517,8.700315,12.034356,7.030081,2.160033,11.619374,9.313810,11.155237,4.964482,8.157530,10.529840
3.849874,9.727308,8.776349,10.057844,7.470344,7.110201,4.730701,10.621190,3.289904,8.710730,11.008867
4.240762,6.946810,8.867033,8.421285,3.337965,8.914984,1.268978,11.192838,4.847745,6.123358,11.373837
12.476258,4.406912,8.358672,9.020231,2.351693,7.957274,1.193848,7.246505,10.379947,2.772186,12.683102
15.502263,7.789031,10.244474,11.463086,7.066993,5.997390,1.976428,4.004657,8.074575,4.720837,7.364240
10.059405,7.984881,8.387220,7.738033,6.325611,8.421766,9.030125,1.881099,10.069660,5.047240,6.892782
7.983069,11.674696,9.194446,13.038089,7.162055,5.941265,10.633649,3.578403,5.791585,7.632851,5.797617
8.668739,5.793858,7.436804,13.638846,10.870830,8.236472,9.538800,4.153233,10.914177,6.209522,6.079232
7.305720,8.112212,10.782162,12.026794,7.470324,3.036467,8.904891,4.547309,10.584930,7.176469,6.870198
9.266013,6.785580,7.788862,10.316899,8.378480,6.565033,8.040407,2.146192,11.094513,6.587450,9.937817
12.181958,11.474707,6.491556,8.793929,10.009112,10.161194,8.361241,7.849412,10.213473,5.368531,4.986054
12.180600,9.363401,11.298677,12.569776,7.490688,11.967981,6.554634,7.795985,11.361413,10.989453,8.526960
9.190775,9.191449,7.763725,13.030771,13.431503,13.272458,11.226063,8.821818,11.080312,12.065360,10.917893
3.695210,12.043240,6.782241,14.099796,13.885331,13.242614,10.146486,8.176880,10.763609,12.935117,10.873295
4.257914,8.188472,9.489215,10.209768,12.462775,16.241941,9.017574,12.436626,10.257297,13.953619,10.948278
10.069912,6.605225,6.879928,8.449889,14.216796,14.569584,8.754137,13.635015,10.481180,14.766510,10.323774
9.539167,5.625297,6.967647,8.363580,12.401511,14.372244,10.408809,13.295936,10.218493,12.586555,6.486076
10.898012,9.252721,6.210213,12.470776,10.476448,12.446107,9.605428,9.825165,10.394717,14.844534,5.761749
5.318117,12.861517,9.681320,12.327730,12.723477,15.068734,1.223816,11.374605,11.492241,16.804570,7.021032
13.059328,12.035920,13.162008,13.470223,11.125192,18.076898,4.761949,14.764743,10.817562,12.604962,5.897617
15.571633,12.580446,15.962511,11.789145,13.239281,14.647816,7.170689,12.892093,6.526806,9.948315,10.560682
12.800016,9.612420,11.655865,13.877571,16.372797,11.430516,8.378179,12.665421,10.024756,7.230425,8.572149
14.669226,10.083406,13.372857,12.138733,14.155908,7.637276,5.499054,12.336545,13.013198,12.977001,12.826858
9.622189,12.777631,12.586027,10.176965,11.220211,6.756317,7.455570,16.794544,12.299546,6.389563,11.325988
7.652789,10.323495,11.271569,12.336468,9.785214,7.083993,6.847546,7.408377,13.597067,4.586038,12.427061
8.020948,5.245209,13.974683,11.085488,5.404359,8.489475,6.685085,10.223076,14.175278,10.423804,12.233526
8.593591,1.017070,15.834341,10.898181,12.737590,10.143863,7.264450,13.298171,16.161785,12.944959,12.913096
7.531987,1.720751,14.817449,12.135718,14.344890,12.491495,11.623488,14.520428,16.198637,13.644550,8.906452
10.466877,2.636891,17.929513,8.414233,10.030113,10.522930,8.835000,16.431395,14.098681,13.813382,13.914712
11.470931,9.064025,18.162861,9.525276,9.358677,9.955484,6.406931,12.556789,14.451099,14.546186,12.408895
11.682269,10.340658,16.966954,7.944401,9.741967,10.526995,6.905498,12.712678,16.707202,12.080004,11.321942
11.714768,10.909526,18.232455,7.184927,11.595258,12.427232,6.994154,9.944464,11.533368,15.424442,12.773367
11.309099,15.589770,13.972704,11.584210,11.642005,14.650447,13.471281,7.342415,9.825013,16.374500,14.196458
13.494594,12.787758,15.658007,11.331274,14.951268,18.139387,12.520533,7.727515,17.313025,8.422342,13.726464
14.579857,13.562093,14.468419,12.849735,12.340346,16.545179,16.961173,14.274189,15.663935,10.510849,12.919058
17.500978,16.957321,15.960408,11.834609,10.557706,11.178931,17.166913,16.523133,14.049714,14.659531,13.919250
14.987536,16.929606,13.507503,12.316550,13.656461,14.837967,16.934176,17.720606,15.328778,13.835336,16.114333
15.744792,12.313285,12.518597,13.790272,13.318088,17.672483,12.673968,18.335750,12.712595,11.442150,14.922807
14.882975,9.831742,12.236656,14.217842,16.590876,18.919222,12.339742,16.102132,8.087267,12.557201,16.377035
15.243209,9.392994,12.528823,12.973745,13.025054,19.568390,11.544693,16.634458,8.791091,13.531382,17.471385
11.779989,8.554165,16.734139,15.382689,12.712371,19.374835,13.448502,18.226854,15.768553,14.955922,18.769705
12.068941,5.971596,11.409804,20.900189,16.265277,14.491761,15.376161,14.993672,17.440338,16.011972,16.929486
10.490678,12.643845,12.085102,20.100098,17.258736,18.475745,12.448900,15.927362,13.007772,10.270105,18.469161
14.726499,10.951612,17.298219,17.051234,16.114645,15.515742,14.376718,15.057752,15.578263,9.677249,19.800019
17.084470,12.965231,14.627228,17.843793,13.853216,15.553045,13.733009,16.948365,16.904383,11.535581,18.264932
14.999976,15.622299,12.693908,16.248836,15.392234,11.128940,16.323503,15.818116,15.340030,8.131388,17.469259
16.282153,16.631503,11.984347,14.335334,17.144771,9.846837,11.882779,14.405562,18.108000,9.900011,12.767748
17.243117,12.969118,11.090825,15.295382,17.269147,11.873506,13.827669,11.131421,18.635617,10.360294,16.074841
18.552324,11.459053,9.676771,14.270401,12.545975,14.913128,14.398638,14.795067,17.090837,12.796753,12.266174
19.675198,13.278478,12.564455,16.229883,12.926306,19.561148,15.793436,16.979535,18.851164,12.288608,7.673244
21.395401,11.643572,9.999999,13.998612,14.939034,17.166204,16.307707,18.990966,17.855091,14.533445,7.626982
21.132186,16.040971,14.123963,16.724315,14.880264,16.543663,13.407777,20.511007,14.404412,14.362462,12.042055
18.820208,15.803219,17.551760,17.538222,18.028676,18.472868,12.651237,15.177059,13.867318,14.078813,13.211604
14.113419,14.471693,15.901434,14.302249,15.075810,15.848975,14.671112,14.451143,15.959557,17.078115,17.251901
14.374589,16.202260,18.405479,14.514853,15.428808,16.579677,13.807669,16.737139,13.340717,13.270987,15.364093
18.759498,15.577286,16.183739,18.351925,16.096027,15.577773,14.244262,15.588469,17.818842,12.667462,15.085799
16.627915,15.457602,12.506343,17.795932,15.630495,16.546283,15.453425,16.477783,15.637039,15.477690,18.814023
16.913251,15.642889,14.541195,17.334304,16.516224,12.251538,18.039238,21.122556,13.107537,12.239989,19.949683
13.324906,20.072264,12.185680,12.725502,18.626302,16.356235,14.922075,18.375609,16.708336,11.439039,20.012857
12.231292,21.520401,11.689885,14.705669,18.336171,21.082874,16.326569,20.284519,17.342415,15.964157,20.782785
11.691207,16.534149,13.453521,19.590980,14.686946,21.872119,17.188595,19.159433,19.429176,15.227008,15.544340
12.885025,15.763243,12.469804,16.279225,13.589910,18.042603,15.298745,19.238432,15.276203,12.665338,13.845269
16.911120,21.292489,12.458624,18.115131,16.677217,14.735607,16.501358,18.392843,13.435864,13.220355,16.736075
19.320469,18.441934,10.492100,20.986263,15.087006,15.313661,15.268371,14.982476,11.328452,16.434733,16.936222
22.085054,17.957768,10.167012,22.228017,13.743070,16.948824,17.478420,17.073677,15.048602,14.520299,18.199881
24.124654,15.451701,8.827670,18.520744,16.879514,15.837226,19.631897,15.582024,12.445118,18.507071,18.103804
23.615832,14.547934,10.094079,13.803751,14.615131,12.312357,18.446777,14.546737,13.432874,15.938649,20.076203
16.290411,18.038452,9.773058,14.929553,19.845227,11.984464,13.708728,17.333031,17.494972,20.243548,17.867842
15.180610,15.816272,14.238513,14.074154,20.077289,13.468082,15.881462,19.128077,16.132230,19.464879,15.405963
18.641563,17.052212,13.841877,18.530565,25.184056,15.288559,16.832476,13.528031,14.744284,17.205924,15.476093
17.013684,15.268961,14.190676,14.536255,26.474413,14.388282,16.852869,14.810130,16.204646,17.804685,17.059674
17.158068,12.590212,14.958622,13.031407,25.771516,12.680887,20.653330,17.414153,14.377726,17.997963,16.364246
16.254156,14.352597,17.252665,12.117351,26.609674,13.133326,17.570797,21.003438,14.137972,21.370426,19.123338
16.387417,21.895062,20.703154,16.907168,21.537996,18.494409,17.277459,22.379828,14.083697,19.491449,19.942473
16.394336,20.968918,24.053257,17.093534,24.366137,18.090565,14.744295,18.152864,17.664831,20.595566,16.411189
19.112154,18.765839,20.197095,16.301979,22.790314,22.026660,19.569905,19.942510,22.781866,14.410312,15.710690
19.247437,14.674293,18.092738,18.222497,23.332205,20.588855,18.819113,16.792508,19.952398,16.876739,12.181410
23.465791,16.716684,18.840323,15.560338,19.184041,18.926015,18.212281,14.226867,21.186251,21.501252,13.474693
20.220217,18.535579,21.956930,18.862664,22.630204,17.981289,18.249078,18.211196,19.410317,19.248383,13.805122
20.115871,22.493379,23.681887,19.361552,24.506903,20.069369,18.939511,18.613642,13.881520,14.846936,14.773098
22.364999,18.939706,16.973879,19.341557,19.231076,22.273390,18.061813,20.429324,16.336120,17.096344,19.252002
20.857298,15.407101,19.178251,20.600674,18.146747,25.459996,15.834637,17.950448,14.619532,19.310409,19.650708
24.189471,17.995510,15.548517,24.116531,17.789468,24.105183,18.250852,15.735830,16.533297,14.601265,20.693785
22.758922,18.999345,14.474829,20.627378,20.340891,22.976714,14.347334,17.205872,16.977580,20.703267,20.803145
22.445179,19.552662,17.102249,17.479717,17.329164,24.726423,16.330918,16.830984,21.642970,21.105571,20.064165
20.614336,22.040025,17.863017,19.679069,13.023439,21.885786,13.524872,18.365209,25.814684,20.751261,21.638648
22.756538,16.465026,16.545961,22.833568,16.705496,18.275370,15.907865,21.626772,23.988280,19.608210,19.601347
20.814014,18.125712,14.419468,23.103108,19.015624,23.235784,19.784486,22.765679,19.929754,15.839475,18.832787
21.967423,17.110546,12.423888,19.129537,19.356785,23.278116,19.267686,17.753137,21.224945,16.011223,18.509646
19.689860,16.168278,17.701915,20.702897,20.039800,23.300477,15.014812,17.132062,16.636672,20.381360,18.663362
22.767923,18.877882,18.011751,16.067950,21.808189,21.785213,19.494939,19.325940,15.368093,16.813236,23.268058
19.111992,16.747208,21.387287,19.390854,21.820963,22.125345,20.866092,20.907754,18.929588,19.948233,19.017775
17.535735,16.526347,23.072205,18.227725,20.745799,18.213081,18.467517,20.883184,17.943332,25.151148,17.613975
19.734729,13.423979,21.724897,17.833542,19.903028,19.128757,25.357371,19.114496,13.593887,20.396479,18.632591
17.326486,17.289684,19.390744,14.983531,19.902317,22.492896,25.388530,15.976849,10.430785,21.856891,18.816829
14.389045,18.224448,18.360248,16.815747,22.745832,19.907361,28.932392,13.944972,13.739536,21.337348,18.329370
15.855177,19.050779,17.900504,17.228691,19.583476,18.719427,27.391619,17.546480,17.964659,24.240044,13.266269
19.412451,20.246500,17.106249,15.231259,16.674400,22.952043,23.442688,20.750788,18.853965,22.950465,13.063952
17.814285,21.056909,17.719631,17.804053,18.612879,23.896082,23.688415,23.032611,17.440803,19.523772,19.868963
20.621090,18.884165,19.052946,20.470438,20.939444,19.876910,23.921888,19.650460,18.351072,19.523361,16.627600
23.594824,17.447929,20.615216,21.425929,23.616594,23.377310,21.838922,17.950434,19.853626,16.177517,15.428059
20.283565,13.256480,19.269864,22.027250,21.510658,19.449106,19.898782,19.602379,19.399332,19.865522,15.961928
18.862661,15.022455,18.348530,17.648902,22.549343,18.719764,19.532945,17.097941,20.182340,22.764245,18.493548
18.596551,20.102236,20.484849,20.573048,18.638464,11.801764,21.146239,15.080148,19.103423,20.981534,17.774864
23.785308,16.662116,22.883521,16.601433,18.766576,16.482000,21.850011,16.216875,18.181883,23.524687,17.192022
20.313739,19.156044,17.165688,21.269342,18.253522,17.997184,22.801534,18.375405,17.992917,25.252905,16.911811
21.640791,18.016607,19.857077,19.256227,14.230219,22.443709,20.888529,19.306570,21.914466,25.094729,16.260900
19.823691,17.444820,18.774928,20.386167,17.980584,19.012398,19.071886,20.790744,20.257576,26.626467,18.250696
17.652542,17.246279,19.255955,21.029109,18.535135,25.518250,21.160701,19.959338,16.642843,22.670764,19.985035
17.587890,16.170947,17.756183,21.256869,19.497788,22.068219,20.248524,19.392371,15.707518,18.453359,18.765917
21.486366,17.004386,22.277012,21.243337,19.518615,21.621562,19.950746,23.909490,19.591734,19.429536,20.310439
23.884392,16.402453,23.503427,21.278554,16.098463,23.570251,17.821880,23.933017,24.008516,23.510042,17.477607
22.788430,20.528595,20.790645,16.283422,20.133522,23.576517,15.133503,24.231371,20.631863,24.617863,19.797840
20.143642,21.132261,22.233342,22.000411,19.846347,28.247907,14.127222,23.788936,18.815242,24.726815,17.608092
21.306817,21.344163,21.798482,23.159492,20.541218,22.593046,12.785523,22.827464,18.489084,27.969290,16.168841
19.762130,19.686294,24.850779,23.970745,20.858668,20.786635,20.728498,22.299555,18.383733,26.334829,18.780548
20.909957,16.808209,23.211735,23.680325,21.774763,22.608564,24.127103,21.325161,18.218315,17.762242,19.558731
20.145722,17.741336,28.866164,20.827881,24.917931,20.820991,21.593769,22.826678,19.155894,17.989237,22.175774
24.449720,14.696591,26.039965,18.686270,26.108262,19.268865,21.455791,21.929451,16.320679,14.073738,19.074867
24.317436,18.599459,25.511999,18.085954,20.461603,22.967536,21.663438,23.520945,15.906245,17.430055,22.001352
22.149550,21.681518,22.729428,24.006099,16.374855,22.385001,25.537710,19.650475,20.621969,16.073471,22.432664
22.179411,23.695287,21.804615,23.979548,15.557638,20.159964,27.592878,21.593493,17.538354,19.380064,21.555528
18.753201,23.977267,20.267108,20.644929,15.355609,21.223419,25.446388,20.569339,20.929753,20.874382,24.326479
16.738163,22.430080,21.343793,16.669294,17.225725,17.238925,23.811658,18.549200,16.682967,18.361816,17.869518
21.171744,22.484751,19.965295,16.547628,20.731656,16.598323,22.779279,20.159687,19.074451,16.136303,19.874642
19.673114,21.884920,18.854412,15.824509,19.728836,16.013747,22.557893,19.138256,21.203281,17.696845,19.449668
21.091923,21.104063,18.620300,20.995818,20.172574,16.805558,26.392425,19.124386,17.493360,16.698859,18.597634
23.131912,20.942676,19.015034,19.432105,16.627537,18.898619,20.798563,21.803409,18.363622,19.038169,20.690271
19.928964,22.113433,18.725802,27.140103,16.171149,22.051805,16.827891,22.719126,15.560609,22.361576,22.876648
21.108696,20.242019,22.618260,23.849964,17.571125,22.836569,16.260686,22.336503,17.483714,19.775580,24.138052
19.551157,20.631909,23.352546,24.520930,19.278321,23.183424,19.035491,24.365416,13.344564,17.842381,27.854300
19.793388,21.092559,24.660348,23.934653,21.429003,22.686803,16.024822,24.339909,15.291391,13.310607,22.475093
18.492398,19.884371,24.367040,18.512307,22.693277,21.581938,21.382019,20.532703,19.119128,17.069615,21.508783
15.059683,17.304325,23.557698,18.037050,24.350588,24.503777,20.423801,22.578217,19.073045,21.911976,22.093499
16.975318,23.272931,19.420557,21.847240,22.488837,24.438090,22.824984,25.419469,21.074256,21.601443,16.651009
17.286487,20.244118,19.264525,20.396407,23.130042,20.611030,22.517727,29.521909,16.985289,23.174309,17.675799
24.591082,19.181611,18.011966,19.102085,23.265641,15.288313,20.065754,28.183969,18.564128,18.722631,20.898134
19.842000,16.530423,18.962583,19.363595,17.644582,17.061514,15.994556,22.966245,18.839131,18.950303,23.862233
16.748432,14.898983,22.386092,20.624239,19.136651,18.519205,19.629613,21.723283,18.958709,22.642687,24.463724
14.707234,18.950357,20.405932,21.044719,19.879456,19.916623,18.817970,21.906029,20.902125,18.597139,21.821582
17.785362,20.361814,21.480047,24.501514,23.193667,19.593857,20.469747,23.121709,19.067839,10.830004,23.795093
23.988926,19.282590,21.923213,27.373171,18.527330,16.243588,25.367031,23.335808,19.536722,14.207445,24.097324
18.828352,20.039297,21.367552,19.971494,20.883598,18.217626,23.105314,24.159101,22.424677,14.682727,21.679811
20.011922,18.478374,19.524650,17.818892,17.245917,22.775892,21.782755,25.074264,17.910451,9.329708,22.530674
21.326000,20.643996,18.107315,19.865111,24.922099,24.170721,21.743511,24.813744,18.544479,11.411661,21.527465
21.356377,21.486789,18.006538,18.618385,24.343110,20.683284,24.571661,23.417189,19.447197,14.597238,19.747376
17.460344,18.798392,18.619858,15.103970,23.094365,20.323291,24.266590,23.107145,18.705009,15.259122,21.035318
19.768544,16.497082,17.778562,19.423295,23.571875,17.528956,23.167565,24.326589,22.938187,19.077266,16.383241
25.200808,17.916648,21.497178,16.465761,21.928731,16.359891,19.190132,23.793267,19.912610,15.780388,22.658881
18.102467,18.514550,21.743290,21.048976,21.063732,17.086221,18.331752,22.977538,20.964064,15.393270,22.619174
21.271681,13.457894,24.035004,18.189124,20.315287,22.803911,19.571047,16.339272,22.196412,14.550298,22.441181
19.696338,16.459442,22.859205,18.256322,21.738411,22.732969,21.205595,18.116961,19.855901,18.749097,22.516501
24.175423,16.992080,20.768920,18.309694,12.216694,18.747606,17.471691,19.552306,18.598219,20.921527,23.809602
22.455190,18.953392,18.944567,21.355252,17.331834,18.306620,20.729130,19.798446,18.317428,17.681081,20.539612
22.123088,18.373349,20.058099,21.225182,19.560920,14.966122,19.376500,22.740652,18.663189,19.307056,19.669837
18.662568,18.150539,19.958519,22.483185,20.502357,21.943133,18.066789,22.537191,18.118374,15.931170,20.219838
16.261834,19.938018,18.509395,18.377810,22.218375,18.937451,17.428964,22.542145,12.585596,15.643663,19.593513
19.757632,18.879103,17.740000,19.293358,17.029882,15.848266,18.818612,17.039918,14.639101,16.322165,16.026163
21.240422,16.559263,17.087464,21.806201,19.909947,20.601600,18.240262,16.127368,12.488724,15.494686,15.166441
18.140225,23.214785,19.468338,21.874911,19.561757,21.607921,14.882501,18.815137,14.612065,14.626051,18.790697
19.724193,20.325456,19.640237,21.261854,19.040619,22.988575,13.616585,19.661749,15.621748,17.342779,21.508770
19.057783,18.997490,20.400771,19.025302,20.383843,22.631454,19.106050,18.094613,15.449110,19.953644,19.748792
18.392192,18.125750,16.976729,14.746315,18.876434,19.973175,15.737170,19.604239,21.315714,17.573757,19.584566
17.187363,17.009182,20.096324,15.488381,16.139622,20.763727,12.825692,23.466020,17.480308,13.557281,19.567300
19.155891,16.829364,20.204859,16.683530,18.583971,20.350225,15.858248,21.516141,12.780660,15.232575,20.482171
23.169704,18.664510,18.086281,16.322116,17.027259,19.408374,20.230863,19.011703,16.287732,16.315923,24.720736
23.911881,19.825153,16.164558,15.691697,20.208581,18.519775,21.073391,20.564246,15.244460,18.175708,20.979069
23.239083,20.617875,13.183271,19.812706,17.966249,17.260871,17.248873,17.414603,13.510451,18.998733,16.897803
21.548559,23.296666,11.417521,20.057318,17.043786,16.881100,14.858592,15.375419,17.995450,20.956336,19.632183
21.219769,24.127652,16.418878,17.864726,11.975203,15.504575,15.947553,17.124352,15.938513,24.343036,13.555615
20.488669,21.196922,14.904734,20.292263,14.721904,14.880934,14.564101,16.395411,16.153610,20.999608,17.143152
19.946141,23.939328,16.333299,14.558794,15.496238,14.550934,14.955260,19.145475,15.009462,18.932099,17.772546
26.026328,26.760900,19.688852,10.649142,16.961869,17.325732,20.644542,17.105200,13.176990,17.121382,13.153566
22.945659,25.287496,21.721609,11.067268,15.547226,15.636787,19.964670,15.201488,13.669500,13.632774,13.460347
23.016955,21.597153,15.679914,13.440194,13.767889,16.462078,19.109222,13.331437,16.829277,18.438368,12.439813
20.112093,17.329142,15.112419,15.332771,18.451297,20.521536,17.836892,17.284936,15.308713,15.427167,15.699026
21.491414,19.207775,18.420182,14.874475,20.963479,15.939214,15.239710,20.576422,22.586616,15.451674,16.588088
21.185800,18.395159,19.534962,15.308878,20.386697,12.166891,17.083231,19.009793,21.764470,15.806136,18.539648
18.815071,13.218793,17.680720,15.046379,22.000005,14.601127,17.181009,24.408787,19.868546,14.147095,19.702927
17.570489,11.008509,15.110529,14.370864,16.519260,15.318120,19.832613,24.809235,20.343329,13.272027,18.729493
16.681375,11.183042,14.972094,20.104992,9.674557,14.200269,20.035352,20.725926,18.085078,13.497481,17.874845
15.542389,15.279687,19.848218,19.425799,16.559738,18.625368,16.327882,22.662073,19.871252,12.291443,17.665355
16.233648,16.132020,17.726203,19.192547,15.047952,17.491409,16.610918,20.272995,17.183921,16.529538,20.178918
16.529831,19.663932,18.009289,12.644613,10.282498,16.631825,16.873665,21.148602,17.912219,17.926186,20.058205
13.575032,14.541109,14.119802,16.736277,10.732469,16.738453,15.516850,18.938035,19.510685,17.555588,18.679628
12.386336,15.736826,11.738195,13.427259,14.680370,16.507842,13.554646,18.175326,16.415234,19.963826,16.015799
16.651444,14.908098,10.270737,15.639020,16.240333,19.583443,14.723913,17.122040,14.090123,20.161013,12.937287
14.036123,16.790745,11.900147,12.297170,17.847300,22.446492,17.863169,17.978918,14.271491,20.176369,15.785994
16.325214,14.096992,18.195678,12.057477,16.810116,18.472455,14.613819,19.768953,14.831789,16.936587,16.808588
15.407064,16.591733,12.460270,10.905556,21.860643,19.993705,17.239267,18.448388,16.997250,19.780583,14.637384
20.488330,15.196720,16.919212,11.788018,18.949053,21.806613,15.762551,20.787775,19.578947,17.360341,14.270157
20.317812,13.648418,14.841677,17.764962,16.310059,21.855917,13.599180,20.220943,19.417939,13.260255,17.656557
20.122360,13.828434,11.751399,15.221436,14.870277,18.901897,12.191461,19.639506,16.973609,11.380677,18.507485
17.269710,14.551877,12.376708,13.285897,13.688044,21.728284,17.976213,18.048960,19.464104,12.555049,18.999533
17.156236,16.425102,12.383572,13.362009,13.837090,17.210431,17.210023,21.258255,18.906128,11.424587,13.260747
12.686963,17.810082,11.491328,8.826920,17.384011,16.783012,17.134845,18.793960,19.260866,10.177524,13.997255
15.529999,16.328912,15.493156,8.728679,13.604731,16.799741,14.740196,12.328499,17.912978,12.424411,13.826386
16.639407,19.164181,13.283544,5.422549,16.315102,15.598807,16.856040,12.130827,17.657650,11.383323,9.828492
17.927791,16.615659,10.815539,9.059978,15.416589,13.576876,15.417734,11.024377,11.873734,14.280892,10.839041
13.329672,15.682072,16.551427,6.479286,11.724455,18.547667,18.774652,9.605699,15.165795,14.996078,12.040238
8.674425,14.751945,14.968667,5.850102,15.812511,15.916394,20.092244,16.534369,15.760302,17.257098,11.341150
12.991717,10.559300,18.710857,5.918976,17.781881,14.300660,17.325770,11.574697,16.440231,13.158569,10.904264
13.388117,10.567698,18.376669,10.185391,18.509030,16.563405,16.291065,7.864441,15.108042,13.587278,6.954689
13.493213,12.528680,16.136194,5.640781,15.485406,18.499882,15.425637,8.498545,16.485666,11.479737,10.803285
14.052447,10.734148,15.389984,6.901799,16.411477,18.665494,13.704911,12.858326,15.763019,15.941113,9.693903
15.827485,10.881042,11.818427,9.854984,11.719140,20.107008,18.019945,17.936137,15.379885,17.111706,10.483403
12.096179,9.694847,10.010716,10.695278,13.388672,16.729039,21.284632,16.265520,10.601395,13.130578,13.438711
11.042747,17.253938,14.291930,12.763522,14.367879,16.075318,16.033566,13.762119,10.245205,15.302697,6.760739
14.054996,15.386944,14.288518,16.961137,6.760162,16.876911,19.545254,9.959482,9.820322,14.305810,11.001356
17.927626,14.063842,14.021498,14.477472,8.937107,19.000745,19.017322,8.941336,11.989443,15.473137,9.250303
16.252270,15.738778,13.380950,11.586689,13.095457,17.096667,16.168778,9.557992,15.803435,14.583812,11.758229
16.564238,14.539056,14.401743,10.718757,15.359659,18.407623,16.737599,14.433282,11.382315,15.454475,8.589224
18.541959,17.655533,11.813917,16.338950,14.161421,17.809057,17.915398,13.694427,9.484119,9.737089,6.258114
11.482663,17.348024,10.728911,16.785880,15.633389,15.544334,16.223792,15.720848,9.383158,12.359581,6.560231
9.789417,12.996844,13.610048,14.475573,13.733071,12.219816,14.156220,15.550383,10.737076,14.067795,10.074510
14.374628,13.694728,13.935335,15.570196,12.669359,12.510782,13.122384,15.249851,9.477832,17.024463,11.249800
10.083884,16.947981,12.299809,11.386951,14.947740,15.328762,15.100934,12.203029,11.602583,18.278047,14.071655
13.372952,16.267945,14.013812,14.009819,12.232835,15.309882,14.391455,8.584497,12.906532,20.729371,17.544940
10.574987,13.595196,10.963393,16.383265,11.134248,13.959075,14.075200,7.692249,13.281700,16.134502,15.724698
10.968161,10.851679,12.664591,13.950110,10.764388,13.827300,13.052208,8.567745,14.057993,16.155157,17.546510
14.735538,6.489751,8.917521,11.967574,8.806452,9.207973,17.009590,9.693967,15.126286,13.671555,16.082348
13.706710,10.350983,6.770165,16.357220,13.667699,12.381533,12.336608,11.097307,15.492790,11.652274,17.556545
11.002586,9.574782,11.120619,14.786102,11.973190,9.579914,8.303301,13.294588,15.273074,10.132807,14.831300
10.819109,11.200258,8.465283,10.098514,9.913712,9.562095,9.373288,13.060716,13.205000,9.843888,10.215097
12.314867,10.025350,13.172540,9.035426,11.294639,7.316642,13.036223,9.667800,10.299103,11.517950,12.613933
10.835794,11.370306,11.577160,11.563952,10.597879,12.348362,11.585678,12.264423,10.135246,12.138692,14.359440
10.327985,13.070403,7.763241,14.054300,9.594237,9.598641,9.467988,9.012057,5.649823,9.568869,16.270147
10.344450,11.294236,12.326459,14.928505,11.279966,11.624532,7.914687,4.657043,9.394751,14.640430,15.818676
11.517398,10.208560,12.513759,15.211369,15.002672,11.761717,5.330425,5.100591,10.552724,13.933660,15.420716
12.426827,4.643510,15.516602,12.656208,14.232126,9.691350,4.629218,6.676218,12.227915,15.033913,10.627515
12.607368,4.598590,13.953486,12.004181,15.630722,7.667349,4.031643,7.918053,10.162017,15.389181,7.609484
14.842195,1.712055,13.288838,12.785061,9.719656,12.014325,2.267147,8.882841,13.277976,12.210301,4.576903
11.067081,7.213462,10.769808,13.339498,9.905580,12.503363,7.684184,9.365033,14.617263,11.177013,7.078700
9.643767,9.733070,9.327783,13.032634,11.503186,10.452549,7.147026,16.098546,7.400257,8.437943,5.125126
8.853254,8.426862,12.215372,9.454228,10.942515,15.656226,7.868000,12.881546,9.151690,9.528408,6.028861
9.681629,10.451829,9.449357,8.339566,8.967012,14.489846,9.587574,12.132660,6.132183,8.615061,7.943716
7.309294,14.249934,13.933061,6.883124,8.699557,11.837455,10.189494,10.940152,3.330001,6.979543,8.323769
6.726742,13.191205,12.029118,6.216319,10.126635,6.404159,9.181754,10.630131,4.670336,5.111816,7.225427
7.308388,13.693928,10.388640,7.182442,11.027724,7.764089,7.408037,8.416149,5.567155,6.455344,7.416923
9.037851,14.522137,7.972194,8.022198,8.970155,7.626320,4.824304,8.490697,4.040169,5.852789,6.495264
10.471433,13.935895,14.733197,8.841023,8.858082,9.504607,7.256684,9.577512,6.179139,2.582734,6.464351
9.418435,12.244941,10.843721,7.539664,9.938959,5.064508,9.731641,6.688511,9.275227,3.404103,6.818217
8.402259,9.469444,7.043005,9.451718,8.520268,8.104896,5.940896,9.359164,6.888365,8.644535,8.571782
6.799882,8.053009,7.448200,9.888856,10.692776,8.807912,5.894916,9.741350,9.429676,9.565646,9.177290
7.115983,6.744976,9.378762,10.523639,10.547615,11.025673,8.424680,8.623819,7.977336,7.994243,6.039084
8.613052,11.359126,4.602198,8.626811,10.106325,14.180819,12.548379,9.961754,10.740193,10.583597,10.527496
8.648302,12.235983,3.764050,7.311908,6.663434,12.087937,15.280701,11.113187,9.070557,10.476348,9.399797
7.011841,7.832345,6.052993,12.079052,10.146151,12.625335,15.176525,9.735004,10.349924,9.527358,10.106901
4.811972,13.414945,9.150514,9.749064,9.653339,10.157191,12.882945,8.194292,10.794198,14.781217,5.153915
3.685865,15.147418,6.064775,5.016656,8.945617,8.333150,11.349434,5.812917,10.953121,13.280407,8.354937
7.966889,7.260706,7.672146,5.114427,9.604320,8.903336,8.746085,11.023287,7.432964,11.036305,8.991016
6.021104,7.449549,6.134670,11.731169,7.941769,6.587686,6.798107,6.282567,3.742506,11.964124,6.413003
5.816551,5.552426,4.546597,11.646140,4.911444,4.396550,8.320361,4.466660,6.108492,9.083728,10.843906
5.629156,9.158542,4.390959,10.757214,9.126141,7.157876,10.125358,8.307956,6.981429,3.633394,11.372470
2.682650,9.678232,3.476197,7.003171,4.878151,8.345602,7.468432,9.228068,9.074585,2.343185,3.499940
6.126009,8.474264,5.834431,11.167657,5.131098,5.603319,9.630343,8.990407,10.002766,1.958162,3.494831
4.101047,6.564472,7.460897,8.676344,5.199418,7.465435,9.736337,8.107831,7.282415,2.537781,5.678036
5.533986,4.167854,5.728129,8.971184,7.340577,8.605682,5.372814,4.869289,8.791571,4.393486,4.789855
2.488801,3.279955,7.822925,8.772119,10.374196,8.918406,8.706025,8.384560,8.326528,9.364272,6.545035
5.985045,7.578896,7.039123,9.135523,8.770260,5.007278,4.011706,8.258338,11.291533,8.914362,2.789241
7.794597,9.180548,8.336826,7.084072,11.368790,8.690752,3.821064,7.865400,8.448442,6.013582,5.574148
6.609192,6.082929,3.728517,7.914058,6.747294,7.588439,5.004451,6.009108,8.357854,4.236742,7.639059
9.723218,9.013442,8.660003,4.510890,3.498447,6.174130,2.910748,4.037376,7.879094,7.035670,6.442563
6.549588,6.870949,9.410549,4.457685,1.772749,6.756090,6.744001,2.959358,7.122176,8.589668,11.184902
9.322761,7.129895,8.735936,10.505487,2.453751,12.416152,6.404587,5.008763,8.321923,4.902815,6.415472
8.266508,6.656572,6.705994,5.550394,2.662502,10.948052,4.415151,7.220376,2.962507,9.152673,9.072764
5.855464,5.639729,6.670732,6.718490,2.652564,8.176934,3.844123,7.372968,3.530431,7.902817,12.248569
10.862760,4.655058,6.853872,9.301282,6.418534,8.957485,1.856513,9.139000,2.917652,8.804657,3.181899
7.427444,4.191694,6.610248,6.444103,5.901621,6.032090,1.213923,7.673617,5.026386,9.940616,0.806631
8.348286,1.320464,6.950892,1.341423,2.557826,2.794020,-0.020467,8.024578,6.534144,5.644565,0.564905
6.702779,1.821107,6.654560,5.347372,4.849301,3.504303,0.265489,8.674454,7.616132,4.768196,5.036948
3.566889,7.260995,4.555339,5.754446,6.103223,6.370201,2.847073,5.755235,6.780034,4.825892,5.563947
3.506225,8.488894,6.287502,7.864497,3.345339,7.232833,-1.757817,4.775596,4.500053,5.796750,4.433223
4.476721,7.043651,3.321180,6.594784,2.874700,4.812474,2.792018,3.492695,4.901258,7.884789,0.258463
3.432582,7.728400,7.729362,6.334357,4.999897,2.258775,2.821497,5.003032,6.174029,9.822932,-2.101022
2.411848,8.698185,2.391611,5.579506,1.906831,3.357752,2.693469,12.415737,3.867831,6.588885,-1.964309
0.421102,9.000926,4.650104,7.332845,2.237790,2.894449,2.721504,6.828072,3.358321,3.662682,1.374206
10.183252,7.561108,0.746615,6.444325,4.499798,1.786570,3.281800,4.134742,2.267700,0.622983,3.282291
9.033084,7.767510,2.886931,3.694985,2.961963,4.301613,6.308173,5.383328,3.925008,2.246149,1.410794
11.728237,9.963594,2.813225,5.725218,1.608863,6.485918,8.285832,4.975609,7.740731,1.284101,0.827505
11.857580,7.251641,3.831847,6.392184,4.099133,3.989675,12.213644,3.598861,6.224647,5.373897,2.109393
4.631302,8.115064,7.149400,2.211983,6.256629,1.987999,8.409573,3.975192,3.751234,8.524378,1.858744
7.359475,4.483048,6.591560,6.897944,6.100506,4.678071,5.330319,2.825925,9.026834,4.244334,2.781080
10.710374,5.938715,7.900643,9.195068,3.584267,4.809189,5.465425,2.871717,9.279691,3.817887,5.860438
8.352413,4.663285,5.607217,5.038810,2.871075,6.900882,7.301294,3.432811,8.169921,8.059543,5.408599
4.240124,4.995174,3.629104,5.130620,5.091677,5.755158,12.978015,-1.568332,5.529256,6.408115,5.234435
3.107728,7.999907,2.220282,5.136662,1.256043,4.322488,9.184564,-2.050682,2.510218,3.911874,3.276148
7.439682,4.393816,4.664841,7.891028,3.037571,4.533343,5.849753,1.910651,3.066062,7.052461,2.681597
7.500503,3.812580,4.158592,4.421880,2.513551,4.572563,8.027136,5.602437,2.322032,4.743614,7.926751
6.548207,9.649335,8.430856,4.713060,3.039237,5.509342,9.015607,9.702126,4.853145,2.039487,9.001200
4.323402,5.573286,7.726071,2.845038,2.930331,3.588285,12.349840,10.780075,2.967724,3.842950,4.086833
-0.987014,3.330670,5.757915,1.201406,4.432054,4.332601,8.231948,9.560890,0.813254,6.896499,3.656681
4.988370,1.767553,5.248237,1.725272,6.004989,8.194803,5.176342,9.228688,-0.781971,5.354125,3.570286
6.183438,2.415502,5.518569,3.400557,6.658942,5.735730,1.334790,9.059910,1.940116,3.471001,7.281118
4.214046,3.388635,5.228691,4.186617,5.581110,7.409854,0.295926,10.982772,3.743689,1.915210,8.213121
7.221873,-0.325296,1.691718,7.056901,1.990148,7.891440,0.321665,11.805977,3.324306,2.275757,6.390049
11.253367,1.697830,7.456481,9.034619,0.930437,6.007051,0.873503,9.380310,4.216127,5.776653,4.193985
14.026433,1.133222,8.916768,3.889487,2.937364,2.413113,4.160056,6.469686,4.452178,5.088379,4.813896
12.503746,5.249143,5.895913,5.208337,2.917352,3.157717,1.620167,8.326416,3.914542,7.145822,2.812599
9.921681,6.588200,2.090830,4.873046,5.365642,2.481108,4.050277,6.789448,1.355979,6.257580,7.531927
9.791363,5.212910,1.599549,3.622401,6.875172,3.966934,3.822853,3.283602,2.191346,2.005376,6.871905
7.167014,2.245741,0.188799,0.347007,9.030186,2.508148,1.682766,4.040800,3.983893,4.824329,3.121494
5.756772,6.079900,0.116594,7.599419,9.961568,1.722815,5.392450,2.723108,5.907658,4.198229,1.510505
2.255547,4.371299,9.594115,5.550249,6.149209,3.560328,8.927383,7.172103,2.284326,-0.490635,1.731336
4.918826,0.323876,6.281953,3.424779,8.181727,4.199642,8.071084,5.763418,8.327748,1.978577,2.286146
6.001005,8.329749,6.347970,-0.181030,4.511653,3.519672,6.048042,8.041101,10.107867,3.512728,3.190932
5.714268,9.493089,3.098991,4.305256,2.116580,1.503539,6.720872,11.348048,9.087430,2.720340,4.278079
5.684500,3.626521,7.606670,8.484703,-0.187183,2.921698,4.062842,6.433503,5.674208,1.672956,4.235476
8.374736,3.686113,4.158637,6.962977,-0.346949,6.465169,2.590754,7.701734,8.017694,-0.068047,3.663374
6.490617,2.877231,4.258399,7.476449,-0.458491,6.142496,2.718065,9.618622,4.259750,2.690657,8.217100
9.247159,2.426797,2.566181,2.374883,1.399863,8.124348,8.022722,9.115780,5.212931,0.363159,3.629101
7.216120,6.028244,1.890899,-1.874891,0.413324,7.041172,5.593286,4.014496,3.611329,-1.998300,2.269302
4.657219,9.856514,1.463631,2.334504,-0.247954,12.389237,8.638919,4.175554,4.156620,1.979689,6.476061
8.775180,7.662192,2.906139,0.119437,0.564215,10.879179,10.286990,0.830638,4.166880,6.678712,6.192507
7.557876,6.185184,0.796418,-1.317173,-1.113912,8.314074,8.120576,2.798934,4.088703,7.191122,7.421057
5.993360,8.675216,5.366975,2.183517,5.367350,10.423751,7.033679,0.751999,7.556545,4.732122,3.475999
3.608335,6.634634,3.177876,3.901925,3.170227,8.094649,7.580062,-0.352804,5.136569,1.323068,1.702489
10.565342,4.915297,7.456658,3.727468,1.585695,6.534348,7.831582,-1.121666,1.942260,4.331712,2.455900
6.437355,8.251057,8.209968,7.179559,1.599974,8.875616,6.690920,1.473488,0.948301,4.002417,0.416311
0.909129,4.931401,4.559236,4.112954,4.377828,8.275044,6.445224,3.608603,2.166446,4.061695,3.939726
3.219220,2.167445,4.185003,2.435540,3.841328,8.956661,6.867264,3.976544,2.269464,4.949488,0.509361
5.605530,2.892667,0.960665,8.444446,1.557417,7.892376,9.318399,2.164238,3.537577,5.658768,0.212647
3.722238,-0.719537,3.780201,3.339045,0.416769,6.107797,5.821492,2.199965,3.360092,4.983350,-2.535952
1.763090,-1.252144,4.955718,-0.481041,4.328862,8.015595,6.054103,0.885391,6.746389,4.924357,1.914017
5.866136,2.767087,3.795891,3.711220,3.274583,6.530128,6.882666,3.470215,7.663880,7.689443,-0.222014
5.502149,5.311313,1.967133,3.430384,5.085285,7.048283,10.108558,9.957400,6.943748,9.308388,0.740717
2.685896,4.692148,3.813170,3.414425,6.532344,7.594082,4.215943,6.623893,5.035056,8.989043,-0.584957
3.061799,7.020519,5.863440,4.081554,8.037208,6.301049,3.272995,6.860835,8.004114,5.930524,5.602045
1.459514,7.879214,6.139985,4.014277,7.307860,3.787118,7.366395,6.858424,7.530896,7.165303,5.069380
1.503076,6.749334,3.908093,0.250534,6.574089,0.285078,6.477176,10.804989,1.440007,6.980698,-1.059075
4.270379,3.042935,3.249695,-1.489619,8.110255,4.078572,5.695084,-0.061418,2.924930,3.743925,-0.913722
7.393728,4.012620,5.406433,2.074573,8.261702,7.367118,6.673180,4.916614,4.270379,3.296312,1.171863
10.488572,3.179293,2.423364,3.897162,6.737063,6.411392,5.308246,1.911992,4.520983,3.110973,3.594504
12.164548,6.278235,4.686451,5.191702,4.037659,11.192658,5.389829,5.396829,6.568928,3.096087,5.120140
9.863825,2.550463,8.152339,3.133403,-0.793625,5.124380,6.126031,4.696094,4.864406,4.102591,8.343523
9.476273,4.484059,4.019423,1.121208,0.506342,4.123639,11.383201,2.656383,6.953788,4.807029,4.552959
8.251179,7.247512,2.668522,3.116874,5.200950,3.447419,10.341599,6.366640,5.393359,3.100855,4.339021
8.898287,9.768133,4.660536,3.895746,2.601732,3.060841,9.333978,4.159727,10.976822,0.628295,7.315902
8.228892,9.380840,3.135612,3.632069,3.291447,4.562189,7.302204,4.031968,8.110224,3.237865,7.226712
5.748604,10.020097,6.695413,5.525102,4.594837,7.802348,4.836351,5.885404,6.573240,5.098481,3.292957
7.332085,10.537364,4.719240,4.108581,7.371406,8.647569,2.264941,8.568959,4.725437,2.513172,5.715637
8.251153,8.011615,5.774162,2.244924,8.415895,7.856696,9.322046,10.918897,4.658847,6.823865,4.915078
9.273173,1.727203,6.937367,4.988820,4.219877,6.658797,8.172682,2.222934,5.587763,9.661988,4.189805
9.525650,2.889144,4.526291,5.831077,7.930183,7.820298,8.491791,0.541380,5.421222,13.477691,6.660833
11.165643,5.130326,7.341611,7.715683,10.213208,9.709784,11.716928,4.572934,10.924032,8.420558,2.510493
8.132334,3.336710,7.081913,4.849388,7.864051,5.782376,7.548620,5.367204,10.657652,10.948942,3.627326
9.700945,3.341769,7.501640,5.424751,4.568954,5.310969,6.931059,7.723280,12.181368,7.809678,6.526612
10.107010,4.783288,5.853750,3.431381,3.894634,5.965382,6.904200,7.888518,9.525708,5.820007,5.004984
11.112304,6.578806,8.999978,4.626278,7.391618,9.273786,8.681829,7.373210,14.094847,5.257292,8.347115
12.214954,7.426133,5.494330,5.809489,9.199896,7.636459,9.249543,5.799568,8.589336,5.156384,8.778121
16.612981,7.900782,7.891899,7.066814,8.552708,4.988459,8.032067,8.074971,4.559279,10.992908,5.907640
13.003110,11.566328,5.259631,8.597078,7.057461,5.748943,3.620439,7.868426,5.593774,11.806637,4.980832
8.382721,11.660527,6.537120,8.383526,5.083793,4.313114,3.872407,10.639278,4.780649,8.254684,3.127072
5.092784,12.802257,7.329041,7.107766,2.606043,10.423002,4.635265,11.554898,4.076462,8.567883,2.831000
7.919530,13.030073,8.553394,8.808261,6.241658,7.957022,9.360386,10.801194,9.914995,13.091318,3.437588
5.852328,8.101211,10.000863,9.563245,9.180459,8.438947,6.750291,8.335447,10.424561,9.388908,7.253073
7.413026,7.119695,11.039680,6.626234,5.915998,6.042137,11.277269,10.396025,10.386370,11.819797,6.368666
9.017528,6.617759,11.566731,6.292991,5.247854,8.677062,7.784816,8.101058,9.669280,11.747278,7.714208
9.677343,3.810734,9.293460,7.263627,4.689450,10.152122,9.862005,6.619740,6.282006,9.871083,7.574951
12.442166,3.771323,11.850323,8.953520,8.204216,9.999160,8.015606,8.151732,7.756465,10.648008,10.052027
6.322446,2.971397,10.352699,9.165300,8.054190,9.089197,8.435283,15.565059,3.635372,13.176300,4.684804
3.344109,5.861592,7.103591,9.222809,10.550104,9.170246,10.978124,11.579129,5.661243,8.420926,4.276438
4.719279,3.644841,8.583932,12.063107,8.795708,13.029713,10.863274,11.101207,11.815935,8.473676,4.742136
8.396904,5.342027,11.155245,9.798292,4.709216,10.304788,12.062679,11.222057,13.088805,4.449636,7.529865
15.157946,4.318612,8.605917,9.138061,10.661528,7.083212,13.024670,10.421807,11.623678,7.635199,8.705975
12.542252,5.679615,5.560982,9.310782,6.913164,11.901390,9.438231,10.919757,8.080021,8.382075,8.680903
9.665607,7.659244,6.829822,8.653995,5.450102,10.984514,5.266020,9.735661,6.989500,13.238862,5.410846
10.557221,7.464104,4.621898,9.942585,10.563638,12.319648,7.832648,9.010872,10.262715,13.391325,7.826702
7.541269,10.193219,4.998178,6.903313,10.580095,12.311490,7.742340,11.013474,9.633719,13.262143,7.656642
10.242431,7.889706,10.247911,8.799367,11.126115,8.680813,8.792195,15.772425,9.967975,17.259590,5.334393
14.990752,8.737352,9.554911,9.673007,7.838839,9.709920,7.610297,16.122418,8.680446,12.350386,8.150899
13.598385,6.359477,7.605401,9.081023,6.290810,10.962536,9.739411,14.598392,6.246446,13.569939,10.597342
15.174328,7.537436,9.841236,9.987262,10.486464,12.005699,8.337797,14.932253,6.876504,15.806944,11.807361
12.553275,10.854884,8.933525,10.316008,10.236289,11.754896,10.971153,12.132147,4.638161,13.036013,12.701023
10.424985,12.633158,3.043743,8.326287,7.087816,13.093982,8.918559,7.581385,7.757988,13.613400,10.344698
10.418137,10.988636,7.880480,8.966685,11.454110,15.562297,5.806972,7.934508,6.713070,13.514215,10.248383
11.731706,12.144385,6.189035,9.722669,14.691341,11.998086,8.684722,14.574007,10.233579,10.732723,13.299549
17.073247,11.044137,6.062098,10.368752,16.415861,17.027630,1.600022,10.711756,7.047956,9.354072,11.231899
6.540809,9.527271,3.378566,11.865288,13.857727,12.050632,5.137454,10.942866,6.727017,10.772660,15.214976
8.858778,10.140825,6.463537,10.812914,14.219028,12.858330,6.908039,14.197938,9.457861,12.361424,10.666665
10.885523,14.775710,12.384044,9.956580,13.105348,12.736513,11.185374,13.755663,10.534337,6.818978,9.558542
9.844233,9.881459,9.746718,6.508695,12.644563,12.308555,7.639380,10.182103,15.369626,9.386903,10.628333
9.047964,8.852845,11.973861,9.082484,13.566058,8.701459,9.343411,12.410930,18.050982,9.068383,11.312667
8.781913,8.731871,11.824009,8.997972,14.054611,9.440734,11.728269,10.012321,13.722532,10.535996,13.100706
6.590372,9.636880,10.798997,10.646221,17.636292,15.793246,12.670407,7.640435,10.655586,11.442756,14.138655
10.731133,12.113495,7.334857,13.684838,16.650067,9.491106,11.685827,9.802106,10.630734,11.798080,15.729047
8.229777,12.262682,10.993417,10.672989,13.962549,6.835141,12.408779,9.984384,11.059354,14.045328,15.955264
9.940316,14.687173,12.717585,9.469044,12.028824,9.386341,8.892600,12.752780,14.368037,10.707937,12.537725
10.395157,16.824662,12.392662,16.038054,12.477100,10.806792,8.655389,15.950142,14.672672,8.697152,11.793218
14.963581,14.142564,13.895094,12.857968,10.877882,12.637725,6.131947,13.597161,12.878853,12.393278,15.096195
12.433827,11.014328,8.457676,12.050610,17.733718,12.058242,4.696206,13.258462,14.590386,13.951326,15.367572
12.035784,9.102996,13.086476,11.614949,15.341182,13.141656,9.962897,14.573742,12.547646,12.951558,10.517945
13.323537,10.657145,11.284725,10.407200,12.797271,17.122736,13.083396,17.091345,9.158681,14.313659,10.100580
11.838536,8.755167,8.590485,5.102555,13.103809,16.415151,14.045707,14.442374,9.903825,10.663309,13.093813
10.680114,12.575435,11.468786,10.721526,13.896123,15.242466,18.287458,14.046412,11.183287,13.113563,12.820269
11.552278,12.085195,11.818785,14.179827,12.880034,10.002544,20.119452,13.877184,7.886474,13.012624,9.114861
10.171539,13.015277,9.440368,17.492904,14.571749,6.613553,12.409417,8.982457,11.650709,12.142258,6.164350
9.583937,11.722567,7.240176,13.912369,14.558985,8.939385,16.094611,15.111986,14.020433,14.484536,12.301392
10.815954,12.282905,9.163419,13.088433,17.670869,8.453683,14.591942,16.201725,12.292403,17.809137,13.567454
12.641583,11.681142,6.438181,13.187959,16.285055,11.645823,16.500593,14.603212,10.358339,17.230343,12.350030
11.522174,11.297508,8.204391,13.113539,14.678661,8.846291,14.215376,14.170439,9.159536,15.267861,11.332428
14.189331,14.232479,7.137449,13.424172,14.138116,14.748492,15.832791,11.413147,12.794710,16.745497,7.902078
8.952794,11.967112,8.684425,12.768336,12.371233,8.356001,11.450869,9.662695,9.819612,18.535497,8.612909
7.848620,16.147651,11.974376,17.326067,16.482161,9.852332,12.571352,13.658426,15.758051,16.572734,12.616750
7.908397,12.052712,8.862905,16.279328,18.895424,14.330060,13.859609,12.959580,15.665315,13.209799,15.558285
11.171471,13.377569,10.477866,13.634455,17.641181,14.430355,10.561511,9.776837,18.647669,14.849591,14.702160
15.720501,12.210490,14.823275,14.685529,17.565333,16.211645,9.809783,10.302996,14.196539,15.595437,16.741241
12.605224,10.390990,15.335070,14.121631,15.815578,15.218576,13.723662,13.048188,16.808986,14.031061,16.860276
10.355414,14.941657,18.221890,14.577557,19.634915,18.164639,13.128057,10.698219,14.395690,11.086973,15.021668
13.639880,15.814418,20.173696,15.329922,20.305006,16.055027,14.281727,15.330669,16.718182,11.042482,11.624974
12.177663,15.485423,18.768634,12.980213,19.190876,20.903280,12.032259,11.301463,16.861115,14.168278,12.692482
12.547611,18.850975,13.953100,16.102037,12.795879,17.349242,13.575107,8.680526,16.520621,13.436449,8.823161
13.253756,20.276442,12.359261,15.856921,13.239661,18.851679,18.848891,17.514230,16.485960,18.659061,11.553802
13.760723,19.954457,13.633363,15.485316,17.399182,19.123552,14.677889,20.205019,17.880061,18.411756,14.761951
7.165822,20.530556,15.916786,15.257738,19.155467,16.533073,16.824918,17.638627,12.643956,19.125254,15.566539
10.496921,20.594775,14.701530,13.121670,14.571423,19.301558,16.386596,16.621701,12.277580,21.927001,17.288227
12.930888,14.575636,14.606907,15.051540,14.398228,20.892576,11.977167,21.938929,19.270685,18.388482,13.500821
13.823686,16.142117,11.927914,11.797681,15.591732,18.058200,14.301929,20.020788,18.579787,17.954801,11.396286
16.519758,15.277920,17.388385,10.352977,13.483700,18.293659,14.202441,17.683787,20.139414,18.225184,15.908103
19.513534,19.911916,11.918340,6.493621,13.350500,16.023374,16.143393,16.335623,17.285681,16.590755,13.683091
13.938537,19.797091,13.881481,2.686931,14.151110,16.179290,15.182958,14.251284,13.334382,18.619713,12.981634
15.268339,20.973684,14.744667,8.381962,15.582070,18.518533,18.232916,12.862962,15.742471,13.690031,13.190477
15.160685,19.923617,14.840008,10.301279,14.604684,19.512442,21.135745,15.004179,15.250097,15.714677,13.523019
15.686360,18.625107,13.868762,15.248513,13.586557,19.264434,18.660027,14.168407,16.670822,17.420403,16.481240
20.021731,17.262669,14.448045,14.141063,14.082898,18.260642,17.644121,17.657545,16.753035,13.388272,18.490351
18.421472,18.711938,12.312078,13.864770,15.605904,17.337577,19.531684,21.967526,12.550519,16.528624,18.272079
14.773256,18.632643,11.769287,17.007812,18.180918,15.504753,16.813974,18.054650,14.128212,16.288740,18.828633
16.098715,18.465641,11.907996,17.978862,19.787116,13.600205,12.443003,21.251146,16.942205,17.398519,15.369596
19.678728,13.344306,16.939176,16.162314,16.838548,13.069875,16.777526,18.118667,18.133850,17.428253,11.898301
19.398154,15.237570,20.550951,16.382725,11.661496,14.910782,17.512795,14.486188,21.706698,15.667980,12.904101
19.122200,18.122014,20.787799,14.763390,10.661894,11.227219,14.726013,14.815235,19.695541,13.911400,19.259071
20.954135,15.193376,22.264188,15.157554,9.811798,13.424592,15.367773,15.963616,15.034116,9.537126,18.292112
27.406384,15.970700,16.004828,17.006462,12.414689,13.936594,13.128284,20.063491,18.085383,8.940265,15.070602
22.392639,16.355650,15.532780,15.839452,12.321451,17.517421,16.496002,22.305623,18.236645,8.784867,13.294009
22.241918,15.150059,16.702452,19.958358,15.665129,15.862643,16.967242,17.850954,17.606272,14.704329,15.513831
22.833212,16.077308,16.479123,20.566119,15.536557,13.992030,15.390004,15.192823,18.621904,16.850631,13.374117
22.823971,20.813872,14.917263,17.750736,15.609398,15.834579,10.877919,16.543710,18.064822,13.916391,17.071866
19.811908,15.995722,14.647173,18.220446,17.037762,17.703016,11.803108,14.790063,14.308098,14.530626,20.111014
19.360898,19.663612,12.304409,18.280201,20.895394,17.165013,13.682969,11.006388,17.384153,11.196035,21.188279
16.922700,19.606172,14.171030,15.145444,22.182359,20.434912,14.384076,14.269479,17.885993,12.640163,15.216637
18.439917,20.671515,13.608702,14.749664,26.480851,20.156397,13.871493,14.132756,15.925845,13.945511,14.353965
20.941495,18.311877,14.864592,16.499494,24.686670,16.245943,17.840182,18.476215,15.056318,16.458844,16.532888
20.704553,16.185688,15.505648,21.703587,24.002846,17.371965,21.991589,17.045657,13.952647,18.350845,17.999610
16.274720,18.151631,15.476199,20.950229,20.082793,18.157727,21.759629,21.712351,11.966565,16.939495,16.517474
18.378419,14.605934,17.500303,18.133695,21.703180,17.301521,18.373371,21.590062,15.605895,15.330942,13.576899
13.717016,17.319092,14.961463,21.656937,22.551931,17.699600,18.870611,20.760182,17.072799,14.347877,18.663968
15.786860,19.412322,14.007857,22.269299,20.540440,17.343762,18.910723,19.876058,18.642147,15.342991,16.938163
15.746910,15.975468,17.155028,22.265122,24.287158,18.415701,16.244803,18.216755,18.360073,16.060378,14.053601
17.101798,14.813072,16.670818,23.462470,23.848326,16.377023,19.259590,17.262784,16.325972,16.098869,16.094308
14.672015,15.041335,18.951394,17.725317,19.575154,20.162471,18.193281,16.351708,23.492018,15.787386,15.964722
16.230186,15.058692,21.267033,19.250871,15.217722,18.076507,20.850362,16.030111,18.988069,17.316594,18.746119
17.512296,15.701162,19.570727,15.409434,18.223663,17.676661,17.239658,17.995074,17.235184,17.524038,21.867846
20.533091,18.244305,21.011760,18.922369,23.062080,16.181780,17.589524,22.962424,17.553831,19.111386,20.294171
21.112705,16.994725,19.216546,20.205676,20.642704,18.439536,16.600926,20.517218,18.196524,17.968553,22.371372
23.932995,17.063515,19.245223,19.319027,18.305869,17.200855,20.402725,21.307016,20.030769,21.435928,21.561006
19.865491,20.651411,11.110303,19.470275,20.425566,14.449861,19.359845,24.200481,17.016114,19.404810,18.624334
15.775391,19.945326,11.352334,21.866180,17.533409,16.913612,20.247364,22.463378,19.201187,19.028824,22.867675
15.529980,19.396153,18.929660,22.244182,21.242759,19.253078,16.145273,23.143647,20.004825,19.215974,21.036562
14.666514,22.028482,17.855052,20.715784,22.611979,15.495545,16.926052,19.217584,18.006434,16.384602,22.618659
17.523523,22.497735,19.402157,19.383735,23.710388,17.741634,21.328901,20.937365,19.545573,15.213419,22.226194
18.977449,17.794197,20.440371,15.517177,24.210696,19.635103,24.313077,21.318014,21.199843,15.392990,23.013340
23.223264,19.086310,25.813894,12.199856,22.182799,21.392018,16.345558,19.890005,24.088262,15.054689,19.263269
25.400360,20.349381,26.636364,14.351203,23.394496,16.528375,18.020066,23.206516,25.216572,21.587763,16.611362
24.836754,23.974751,25.909313,19.988128,19.415971,16.997110,21.508823,23.588906,17.602547,16.797914,15.688385
19.893572,19.929802,19.532521,24.399961,18.888939,21.078939,18.822593,23.000329,11.133554,18.292771,18.389842
20.078928,23.793201,22.064796,23.683002,20.751550,23.719100,19.987867,25.622792,13.981757,21.747686,21.988908
16.705931,19.751498,19.915445,19.277516,22.272496,24.295740,22.014883,22.529971,20.815769,20.945854,18.537378
16.854318,16.516824,20.480985,23.809691,19.703924,19.802012,22.546811,22.927192,17.439897,19.408562,22.488394
16.521274,17.793778,22.030170,22.120201,22.296572,19.625542,19.055298,26.627183,16.283850,22.240133,22.144754
19.076184,17.552809,21.944189,20.659260,19.406868,16.700512,21.020976,18.973217,20.074125,25.089127,19.887202
23.531752,17.586871,17.651038,23.803754,19.016585,17.427801,22.793329,20.077624,19.491219,19.885229,18.440111
21.588096,15.748744,22.227002,19.323617,20.591975,14.330182,23.988548,18.607322,18.623568,21.414357,20.870046
19.619856,17.140709,18.022360,18.702150,17.474885,12.285016,21.236101,21.409215,20.685050,21.587043,23.099101
18.662651,20.211271,19.879008,19.634423,15.987058,16.406356,21.135016,21.558340,23.492060,19.919705,18.190283
23.860594,26.344077,20.248563,20.094383,14.831851,19.746496,23.362575,24.307052,23.708495,21.724938,17.468441
26.228647,23.489025,20.215125,16.152062,19.156389,16.262850,19.036655,20.810208,23.224577,22.297613,19.954082
20.697217,20.379249,19.662066,15.254062,22.367722,19.772686,16.615698,22.287814,20.801073,19.658568,22.261004
19.823843,18.547637,17.471766,21.392318,19.731634,19.498002,15.165686,20.905633,17.299756,21.589237,24.059637
27.810107,18.393601,19.605433,19.712546,16.896642,21.932830,13.081247,26.920510,18.796187,22.464977,22.006282
22.429989,19.431258,16.394731,23.501468,19.528089,23.952033,19.029397,26.839548,21.723835,22.924149,20.218490
21.031477,17.030936,12.747513,20.821870,14.782498,25.218100,17.887857,22.637814,21.547379,19.912367,18.732692
21.013798,21.572150,13.553344,23.404778,17.560584,20.069918,17.098282,22.360691,20.927641,19.416855,19.017386
18.342606,25.573069,15.725869,23.922861,21.950553,21.940943,14.656180,22.141840,19.240563,16.076644,24.818027
21.858863,23.638072,14.935341,23.820741,26.953115,22.649979,12.919320,23.260700,20.544082,16.897091,25.511337
19.762149,25.895036,13.846087,24.835511,21.601998,19.456593,12.656038,20.619713,18.430299,17.710055,21.138322
21.956820,20.784695,17.339508,27.087248,22.573387,19.763396,13.728892,18.685330,18.428863,19.371913,20.376037
21.283183,23.078263,17.479131,22.740066,21.941715,18.097953,14.189035,17.784653,18.082797,26.076101,16.888498
19.428948,21.080442,21.897075,19.404606,23.947376,21.179857,13.678375,19.133288,20.902404,25.191123,15.811892
19.675430,19.768917,15.761332,20.711443,21.067531,20.773065,15.987851,22.838924,21.021354,25.436676,17.075367
19.458769,21.498658,17.616114,20.016401,19.772849,19.116122,17.751725,21.211440,20.720927,25.582101,17.891105
22.548711,20.070963,20.716358,19.270798,22.670884,21.018646,20.298942,19.719045,21.069603,25.430775,18.922140
19.699097,19.961089,19.953288,20.865729,21.666733,14.345881,19.983950,20.735112,22.791806,23.433992,21.924842
16.517875,17.577624,19.827686,21.852878,24.338006,14.392049,19.919077,20.526558,17.206991,27.258610,23.693972
21.949181,20.262004,24.711238,16.793960,19.514082,14.239191,18.985032,23.155044,17.082985,25.190790,22.837252
21.701558,25.625242,21.851905,17.648364,19.879938,17.953090,17.929752,25.533924,19.554810,27.120171,24.321917
19.924220,23.872041,22.732382,20.268801,20.426689,18.222656,21.764938,23.374277,20.713539,26.319080,23.704118
23.395967,24.418194,22.555524,18.305864,20.717604,18.896362,21.805046,19.170926,19.098332,22.153143,21.714015
21.334283,23.847612,23.000297,22.571645,21.989033,17.905748,19.681956,20.448292,19.828077,23.531783,18.430177
22.528574,19.404615,24.910595,19.975297,25.611642,18.773525,17.386987,20.753103,19.586384,22.810989,15.605603
20.095726,21.541127,21.569164,19.970334,25.132973,20.764128,20.921997,19.322689,18.705571,23.143254,17.361836
21.135385,20.625595,23.859541,21.734585,23.583783,19.523212,20.507024,23.260007,21.810843,19.581029,19.289090
23.135891,21.358015,20.743243,20.801127,24.005301,21.428963,18.471458,22.871209,20.639695,20.681808,17.842516
21.758757,24.093215,24.108267,20.296072,21.225336,21.145228,17.277549,20.519074,18.743059,17.827169,15.634340
22.550828,19.107170,22.266352,19.297277,18.869529,18.647877,13.118229,21.845091,21.434918,17.501131,13.479206
25.205100,18.592662,25.636452,16.613242,14.578928,18.096488,17.680982,19.564208,25.675176,19.285867,16.510812
22.083724,19.719606,26.409686,15.426938,14.517682,20.699116,19.542400,20.325599,21.475964,13.103506,18.003618
22.668451,18.017289,25.002253,17.643553,16.691323,20.289619,20.633610,24.987526,18.785047,16.342244,20.412540
20.853210,16.814442,25.988977,20.633536,17.054980,22.910195,22.543926,23.652026,20.179215,15.944731,22.374634
20.237131,19.717408,25.596824,14.965773,18.693873,20.478583,17.532895,23.165965,19.909235,14.135970,18.874510
22.543546,18.352052,19.522429,17.396970,18.315363,22.239703,20.195111,19.621350,23.919496,15.955626,16.621496
23.216452,21.185408,21.147759,16.979673,22.264834,16.306867,21.098940,23.861754,23.975004,15.202248,11.246071
20.464672,23.209491,18.343323,13.996549,20.303161,16.242643,22.610466,21.510859,20.762234,16.695911,13.389513
21.716813,23.975307,19.603497,13.568980,22.130305,16.076665,21.706355,16.255234,21.278167,17.914857,15.785292
25.053173,24.106282,18.679510,14.851959,22.239122,18.100132,19.164285,16.651150,24.293210,19.507298,17.322376
20.685481,19.819764,16.800660,18.914932,21.512968,20.736509,14.873642,15.137572,25.553039,18.604720,18.136641
20.832241,24.592627,15.283026,17.639083,18.842353,21.131324,17.610631,15.810377,18.738052,19.558353,15.604880
21.049979,24.146385,19.652475,17.700721,18.400825,21.710464,18.864438,22.404486,20.259294,18.453205,23.477464
20.028949,23.018776,21.563379,18.523877,21.861485,22.884663,21.319434,20.867349,20.143088,15.086567,22.959307
24.803496,21.340852,18.821374,17.955358,18.049465,21.898689,19.301611,18.172604,17.488318,15.751813,21.216552
21.745406,18.463678,19.846676,13.858858,19.324342,20.959412,20.175549,16.786556,14.362129,15.330516,19.093784
21.304467,15.868438,19.580169,18.851074,19.342836,18.434279,19.729752,16.494032,14.100330,15.486113,19.414553
20.053679,13.291107,17.437369,19.613529,20.887760,18.301194,19.975686,16.969297,15.690565,13.300040,20.734463
17.784794,11.774745,21.665787,22.411958,19.731226,18.392054,21.935246,18.339300,15.689689,19.338414,23.971856
22.555053,14.019822,23.870293,19.900901,17.858527,19.475647,23.643979,16.381881,9.827573,20.003300,18.695313
20.857471,16.671106,21.344614,21.170793,18.345789,19.494325,22.819043,16.451467,12.144954,19.945925,14.840059
18.976191,18.649829,18.593105,22.381777,20.362550,16.565920,22.429190,16.701145,17.301611,18.752738,16.361730
15.707576,20.263922,22.242836,18.519762,16.755739,19.124314,21.515704,20.026940,21.319707,15.984692,16.495282
14.470680,22.158990,18.546391,15.634753,15.669859,22.886674,26.143501,14.623950,20.499314,17.398403,17.499842
15.906984,20.072932,22.555747,15.660782,14.326056,22.736711,25.823270,15.217827,19.526755,21.132170,17.350062
16.356568,22.348867,19.673699,16.149529,16.116581,23.170202,19.597768,15.693289,17.538012,18.113355,13.343953
17.274361,19.452047,19.973109,16.065189,16.983955,19.337918,19.406742,17.330017,16.675822,22.512207,14.311960
20.156179,17.330559,17.027923,18.147745,14.102755,19.422756,16.421624,15.467254,17.143509,22.815969,17.289350
23.217289,15.046999,16.833108,21.103923,13.251045,21.009062,18.106634,20.162440,17.679711,19.640202,20.206123
23.110355,11.804259,14.803204,16.010821,14.670334,22.191395,16.177192,19.958021,15.765993,23.127986,18.944783
18.073766,18.476515,16.341957,14.169600,13.149806,20.281484,15.297953,19.505460,14.598648,14.928987,19.000533
21.707631,17.857438,14.996712,16.354487,15.548222,20.376999,16.608366,19.198444,16.416950,18.772626,14.358003
21.428088,17.390577,13.963584,17.811866,14.388393,15.055992,15.434968,18.399775,17.212640,15.750396,19.639157
18.551064,18.432249,15.930568,19.005440,15.536358,18.233299,20.978384,18.548253,20.000769,16.521876,22.413152
15.328582,21.748587,12.438206,17.941256,18.911161,14.348538,17.682916,17.423158,22.091208,17.490687,22.913515
16.422135,20.609275,12.172855,19.892893,18.557287,14.079167,14.348013,14.408718,17.010587,16.731946,21.090798
20.412226,18.114127,12.599836,21.367363,18.407171,14.794830,18.403910,17.352302,18.624673,13.430209,21.326751
17.834000,13.092811,13.242655,20.298117,18.788153,15.590205,15.418793,16.580139,22.050849,16.288030,21.462399
17.004563,15.551095,16.555081,21.232896,21.860983,14.670506,14.081599,16.654591,15.420708,11.354899,18.616907
15.415252,18.580704,11.772470,22.737190,21.108004,17.217744,16.990933,13.034970,17.053373,13.941578,15.506792
19.860960,19.690164,13.989657,18.531743,17.957379,15.089852,14.553046,15.255946,19.676615,16.642794,12.677050
19.561460,18.917476,14.882626,19.873039,18.430397,18.292501,15.851072,16.814600,18.037761,18.173572,15.117289
16.346599,19.757151,16.234322,15.109179,15.147033,17.247699,18.248626,16.709169,20.961844,19.141383,18.635957
17.471406,18.512917,14.719804,13.210132,16.756999,13.522188,19.839041,16.761755,17.663592,13.990207,18.873379
20.121606,19.490963,13.439270,13.187630,18.251735,18.121696,17.854024,18.656814,14.995188,17.090317,19.359990
17.151291,17.442728,12.953584,15.381162,14.588047,18.987223,16.587200,16.205833,15.806696,12.990545,14.266931
17.563940,19.310437,14.370936,13.593016,16.927309,17.523948,18.094338,16.550274,13.064310,13.697349,15.148880
16.819813,18.001973,15.899203,16.500500,13.296187,17.888889,18.041026,14.068705,15.547924,14.535914,16.948618
17.782068,18.267876,13.261789,17.178113,18.693829,18.478999,17.281013,17.672790,16.400467,15.432940,20.914591
17.350137,17.573204,16.193603,14.473095,17.912597,20.696282,16.359150,16.240652,13.790338,13.507463,23.538273
11.312379,14.638913,15.435359,15.159707,20.740562,17.773887,12.262307,16.466729,12.053591,17.336173,21.973377
13.665953,14.499026,11.459318,14.267150,19.009866,15.331938,14.457283,9.447744,8.799808,16.221272,17.244959
12.420650,16.773271,12.032818,14.771004,17.481046,13.332180,19.023508,11.463483,11.954513,14.474316,14.278431
12.775754,15.205273,13.044055,16.781356,20.659686,12.945915,13.899712,13.109310,11.078695,15.719618,16.361825
14.588620,13.112266,14.175978,16.469427,22.436737,14.110042,19.136449,15.424303,6.776210,21.733509,20.743646
9.570847,18.751611,14.755480,19.032451,17.184402,10.799435,17.074589,17.074769,8.331727,19.154043,18.383517
15.695538,17.391473,16.891824,19.858144,19.131337,15.830301,15.619836,17.335384,8.180268,19.691561,18.869624
12.147358,19.785277,18.946026,19.026827,15.749837,17.225907,17.419614,16.864348,12.279816,21.481475,21.181138
12.578461,16.396446,15.974647,11.639509,19.131850,11.564245,19.597250,15.572652,13.068516,18.957042,22.045031
11.414294,12.172699,16.552587,10.473743,15.994339,14.800889,16.121590,13.710207,14.034542,17.276918,20.875317
11.341887,11.737691,17.795990,11.048723,14.358266,19.770781,19.967504,10.900817,15.082709,15.218925,20.433734
8.494689,15.629292,14.648326,12.025045,13.060326,16.229314,18.521514,11.695137,14.850990,15.888036,18.460705
11.348520,15.912384,15.907952,16.851822,14.601124,18.659698,16.931490,14.921067,14.634243,16.033142,16.972258
11.482322,17.279991,16.506910,15.156123,18.954090,16.647008,13.000317,18.327102,9.730764,15.755027,13.451855
14.549606,14.197415,15.252163,16.842488,22.365593,18.316602,14.263749,18.134928,16.903799,13.905600,16.602213
17.697855,15.769159,14.256171,12.539869,22.017796,15.695383,11.022806,16.196267,12.527940,11.283280,19.120385
15.399210,14.676884,14.169004,9.765232,18.624214,16.807199,8.167447,13.364531,14.683868,12.724776,20.550648
19.511093,12.890858,9.919813,8.137442,19.392064,15.630877,9.846177,16.894531,17.062886,14.345618,22.219349
18.264729,11.638587,8.056301,12.270633,18.743809,10.602102,12.076650,12.014088,15.764527,14.756615,20.218238
18.052203,11.301644,11.918388,13.025732,14.774996,13.461900,9.998371,14.820611,14.115290,13.160173,16.313637
9.740476,11.406272,10.893027,13.754737,10.872616,10.505216,14.137824,13.917418,8.918826,14.807617,13.976740
8.131957,14.255474,9.359546,14.359008,12.619739,12.617727,12.262729,12.828592,11.160847,17.720144,10.697009
9.234693,9.318188,11.496640,12.935969,14.859967,13.160205,12.432363,11.280533,13.408209,15.356460,10.305576
8.817109,14.203915,10.161679,8.816667,11.367359,10.774012,15.025209,11.185833,14.201042,13.793405,9.485594
14.715842,17.543637,11.012362,12.213603,12.435499,9.789486,15.031333,11.807198,13.611990,12.541892,16.497103
12.715302,14.986514,15.436980,8.176947,12.135829,10.927213,14.914666,14.552549,18.732043,16.250110,11.794873
13.500532,8.332886,13.994077,3.885485,15.517715,11.335966,15.233569,8.935570,18.099716,12.325981,13.983694
15.620927,7.449840,9.418494,7.422403,15.016755,10.241816,15.238305,9.829346,15.909468,8.199143,10.659073
13.597156,11.398911,12.437272,6.086648,13.660622,13.685297,15.904598,10.958390,15.742838,10.516501,13.315503
11.507163,12.900639,12.736300,10.032552,16.296134,12.556040,9.041269,13.591653,10.999137,8.081871,11.556142
15.114060,13.215204,12.829145,9.776706,18.041417,12.300607,9.379096,12.160929,8.905822,8.987058,9.399530
17.922516,15.932173,12.368692,9.693511,15.847746,12.074654,8.121067,9.999469,7.924599,10.570833,10.807267
17.154798,10.845676,10.856498,5.526623,19.699974,13.566526,7.396201,10.369490,6.444870,8.769546,15.357030
11.704281,12.465299,11.311206,10.030998,15.830226,10.054891,14.607825,13.577939,10.784195,11.660464,10.974724
12.656070,11.136095,12.377866,11.401762,15.762235,12.467272,12.748774,14.179638,9.336790,9.965232,12.227754
12.179394,10.699644,10.809381,12.711771,15.424563,13.368665,14.393641,17.052256,6.738832,15.323885,15.734732
10.932959,11.138271,12.613742,16.652487,10.773256,10.891354,11.805718,14.242318,9.978201,16.882249,12.368324
12.976462,11.910531,12.028572,16.663020,12.128986,8.011781,11.779637,14.584781,12.763525,15.237518,14.393680
9.495584,14.190378,10.661523,11.446213,13.443553,6.517265,12.558067,12.451214,11.560208,13.527316,12.887791
13.387871,14.689861,11.363281,10.427408,13.836682,8.999880,12.298612,9.862325,12.066328,12.579914,8.794935
16.515757,12.282187,9.916259,9.059617,13.562251,7.791929,7.758277,10.960822,9.542828,8.758997,6.571313
14.158771,16.543522,15.478401,8.500556,20.481264,8.153624,10.333987,11.416591,9.433208,13.319459,11.861321
17.938653,9.904226,15.415450,5.166189,17.924731,6.879108,11.985131,14.023291,8.647808,13.411744,8.676612
13.374698,10.954428,15.654379,6.391775,14.049372,9.659987,5.645276,10.135903,11.992514,8.500079,8.852462
12.496020,13.004688,12.287886,8.693558,11.065487,8.893507,5.468915,7.721427,14.175128,10.908531,10.562817
13.439941,10.378707,15.223118,9.131787,9.724539,6.909316,9.284971,11.463562,8.259477,5.196153,8.416020
17.294425,10.587043,8.348657,6.052408,8.194525,7.614773,9.993444,9.649615,11.877883,8.862528,11.155051
16.442219,12.353231,8.906797,3.821853,3.576183,10.268012,8.562990,6.968619,10.795614,6.889377,6.938726
12.656754,10.670628,12.874465,7.299966,4.812656,9.734303,7.676329,3.687707,11.593811,8.910853,11.377308
8.182672,12.456705,13.332741,6.989233,2.627456,11.485718,10.154366,5.317841,5.147122,9.749222,10.490894
8.570299,13.205995,11.133342,10.976344,2.934431,9.014812,9.887600,8.656596,4.424531,12.453098,6.614424
9.366150,11.000733,10.157694,8.981022,2.952565,11.113699,8.905782,9.472475,5.147994,11.538634,7.657826
3.820304,12.527448,12.167157,10.927625,3.214395,6.476913,9.077103,11.149651,7.957745,10.177191,11.204081
2.283921,11.837232,9.030246,11.872426,9.049419,6.667146,7.376550,13.005372,12.687345,11.146748,12.674452
0.008453,10.551118,11.719887,15.345188,9.913797,9.443615,7.142789,12.381948,9.925885,9.931245,13.222248
7.276699,8.940363,12.329154,11.747420,6.730996,6.387743,6.919659,13.307269,9.202978,8.816521,11.473176
8.029372,13.511816,8.635759,11.150843,9.487178,7.695929,7.525274,15.453241,9.799286,7.923688,10.257543
4.734785,11.191475,12.621392,6.383435,8.020969,10.500960,7.111777,14.132218,8.151505,5.785659,12.709113
7.175731,8.057167,11.770093,3.422891,6.691214,6.127080,4.826159,16.588233,10.172649,6.623496,11.632045
5.038929,6.672649,6.049364,4.731285,10.513955,5.799100,5.125460,11.345824,10.943834,8.350003,11.241982
7.756147,2.764611,-0.056639,8.777362,14.501431,2.086822,3.356599,11.904228,8.900923,8.647598,14.544576
10.764010,4.278729,2.555720,7.003217,13.062616,7.542549,8.638030,13.187267,10.861034,7.613716,12.296627
6.812752,6.670138,7.603257,8.572035,10.721710,11.907713,7.380385,14.707710,5.896557,10.522240,8.946474
11.184684,8.583663,6.885531,7.976533,8.206331,14.424939,6.078371,11.160393,9.842569,10.044469,7.677548
6.672015,7.610150,8.223688,11.368561,10.161941,12.263853,8.783673,7.336781,11.571253,11.167839,4.158875
7.797832,7.987074,7.236197,7.766350,8.903374,10.630475,10.931858,6.153756,10.451866,11.429504,9.693996
10.028562,8.296387,5.270045,13.303312,10.202754,11.687691,11.244616,8.063795,4.364143,9.679528,7.360086
9.702895,4.964121,5.628361,14.425759,7.867671,7.973135,12.491776,5.711348,8.928355,9.347464,8.106669
10.142839,3.119917,8.511821,11.013994,5.718493,6.613989,6.330140,10.245869,9.836586,4.856769,4.690476
7.858115,3.659785,11.370521,9.966419,6.099962,6.431097,6.884764,6.014290,5.877729,5.414468,1.483629
12.935887,5.102075,10.668387,8.499630,3.100849,4.808405,8.692462,4.165810,6.381076,1.617137,2.702834
13.330152,4.237966,8.096881,8.486379,1.596239,4.995189,8.244524,3.698740,6.140234,2.994847,4.444304
5.564117,6.405839,7.765233,9.622744,7.272948,7.888153,11.107946,4.148144,8.307743,-0.653892,3.990277
8.122964,5.058574,9.447930,9.124912,7.018797,10.738282,2.277339,3.849447,7.950476,1.784088,3.006659
11.823442,3.183574,10.705234,8.817922,10.279805,11.357124,5.938479,4.299053,9.257035,7.255998,8.470135
9.022126,0.041307,10.267847,5.233884,7.696062,10.719949,4.643382,5.102752,7.174063,2.432400,8.920788
8.250322,-3.636363,9.187946,5.702709,6.482370,4.939698,7.588694,6.504732,0.994700,3.936744,5.153445
8.791639,-0.055135,6.800644,7.095736,8.221918,11.720411,11.083467,5.259599,1.494535,5.886718,5.323189
8.579546,3.266818,6.533639,4.263699,7.492192,7.672901,4.338239,4.838152,-1.286745,4.684190,8.613547
5.304568,1.175269,3.185266,1.080549,4.950105,5.330019,4.723097,4.592027,4.906166,5.848981,7.771794
5.957775,4.146973,6.439187,3.036557,7.789352,7.609154,2.444186,5.001484,7.216989,4.923062,0.749635
5.577348,2.966289,5.968138,0.027620,7.907584,10.401855,10.569889,0.052540,7.396572,4.751153,-2.478708
7.459311,6.626965,6.572510,1.317803,5.191053,3.803238,7.499544,1.938376,4.867295,4.575168,0.699747
7.911053,5.302222,5.314839,5.732143,6.596691,8.494081,3.395321,0.520815,4.062675,9.001017,3.158242
5.614060,8.870331,6.025695,9.631037,5.988713,12.565948,3.472146,3.408551,7.735527,6.880864,-3.070790
5.074144,7.431799,2.344341,5.071564,6.752493,11.994989,3.993988,0.995392,9.837723,6.101754,-1.427788
4.458076,9.283350,4.783798,5.958481,10.906526,8.003996,0.506549,1.412853,11.181960,4.187347,-0.370048
5.840988,11.668937,5.391646,4.828648,8.097124,4.161673,6.005865,2.277037,7.448775,8.428869,1.199586
3.731896,8.128650,3.449541,4.961100,7.381115,4.236009,4.989235,-1.932399,8.126352,9.774896,7.115302
5.030613,7.997427,-2.810423,8.763871,3.021161,4.698181,0.804418,2.883899,8.971621,9.870391,8.363942
6.810192,6.250957,-1.016500,6.177961,3.861377,2.256185,2.795062,-0.738840,7.617432,4.253593,6.920037
7.050294,5.479272,4.335129,3.897740,6.263033,3.171505,1.976090,4.510643,5.659333,7.892913,4.144878
10.423738,5.972056,1.221191,6.940044,3.208101,4.658861,3.738600,4.011531,4.837847,4.308948,3.477900
9.046621,9.073098,-1.572160,5.207517,5.270061,5.240277,7.023621,5.856335,3.904068,3.182094,2.330717
10.154686,9.627894,0.229477,-0.183854,5.279115,10.092220,7.648343,4.462616,3.743048,6.665846,6.352058
11.774365,6.310440,1.937658,2.036500,3.474788,3.551544,7.872674,5.119725,2.958371,8.299245,1.649477
3.212509,7.776035,3.783463,7.052337,6.228040,4.446721,10.939556,2.285886,4.590629,7.193022,2.556818
3.432286,5.388475,5.878469,4.151705,4.472761,3.027148,6.062265,3.845381,1.943066,8.704722,-0.606667
4.953685,8.032622,4.026028,6.146759,6.126143,4.693272,4.841461,5.137422,0.940639,12.224619,4.134680
0.748377,2.965863,6.016914,5.963006,2.768947,2.446327,5.351921,2.624228,-2.167542,10.038232,-0.487485
1.000482,1.383197,3.843739,7.408452,2.898867,6.813703,-0.775430,5.506169,2.061326,4.601824,3.383907
-0.454006,2.379218,4.857043,8.900578,4.832428,2.337051,1.814825,1.851663,4.510048,-0.127063,2.492287
4.812904,6.876229,4.254443,9.449983,2.723180,0.038381,1.080388,3.463554,3.290440,0.005695,-0.186185
6.231739,7.759991,3.954032,5.128027,7.084818,4.778342,2.754461,5.439739,2.358821,-3.312248,4.752154
5.582066,5.208874,7.395023,4.162510,4.692597,2.398842,4.023898,1.160274,6.883112,-2.813161,3.499339
6.281314,5.088261,2.038054,3.797891,5.428810,0.918230,4.872930,-2.441126,10.581407,5.277531,2.772463
7.162815,2.552066,3.180047,3.447279,0.815323,4.021596,6.059488,-3.580705,9.004936,5.279063,4.485205
5.065782,5.681189,8.926055,5.576182,-0.613175,2.125716,3.420647,-0.308543,8.126893,7.211236,5.307442
6.221554,9.569041,8.207413,3.831616,-2.340618,2.991369,-0.860191,-0.320854,6.099549,1.396975,3.486976
9.765325,7.984783,5.234512,3.927794,1.342727,0.160599,0.946691,-1.160862,6.188829,1.776549,6.710898
11.202289,6.601698,4.982170,4.896445,-0.033891,6.580935,1.273061,4.449659,5.769838,-0.616548,10.235599
7.833993,4.995527,4.684140,6.600109,1.253514,5.442189,-4.873522,4.938732,6.339492,0.487024,4.013241
7.019040,3.354735,1.213370,4.617402,3.237252,4.819589,-2.600995,4.054000,3.952644,4.213850,7.813531
9.427857,3.298305,2.593705,2.559857,4.005985,3.980690,2.892259,1.731188,-2.755555,1.375635,2.061298
9.573658,2.618591,11.825723,3.114854,3.293467,-1.308124,6.903362,2.566469,-1.115941,2.886518,6.213606
5.294561,4.322410,7.817623,3.500218,1.874350,2.322921,4.599220,8.175628,-2.902193,-1.182664,7.494527
2.966505,2.133767,2.812438,6.077463,0.130169,6.170371,3.976473,8.245446,3.218783,-1.132169,8.291155
7.868002,-0.522362,5.790849,3.784746,-0.515546,0.876794,9.975855,7.398571,2.880699,0.710811,5.501760
8.183583,-1.280704,5.233503,3.097940,3.511750,-1.651600,10.080882,4.895723,0.953475,1.175272,6.421506
7.359678,2.327678,3.552181,6.225131,5.849867,1.251410,7.675415,6.288656,1.093099,5.963998,6.458869
5.677848,5.882683,7.227960,7.983540,5.643287,7.207708,7.210957,3.966795,1.520344,5.323594,6.868728
2.114777,5.963183,1.341301,7.679421,6.992837,6.655464,4.968702,3.478222,7.327330,6.980690,3.996650
0.734884,4.321785,2.196215,13.038823,6.826632,3.681876,6.872552,2.107225,7.883970,5.255213,2.762374
2.115554,5.227061,0.519074,9.082380,6.343246,6.802679,0.999305,-0.830629,4.980483,4.690017,7.975261
4.734350,1.944482,0.086205,9.107151,4.153052,6.631147,2.711795,4.867169,7.228181,2.728411,6.475241
4.102105,3.393904,2.299829,8.650881,6.024433,8.991456,5.553061,3.597507,7.933936,2.327939,7.586951
7.015161,8.148130,4.165009,8.268820,5.948335,7.746808,6.768955,0.502670,9.101756,7.196521,5.907352
6.123932,2.790468,3.921430,5.356216,9.444057,4.894870,9.913132,0.695629,8.192027,8.221019,5.759205
7.167565,3.894152,5.792191,3.045953,8.116488,3.400169,7.272986,1.886518,6.262407,9.890071,2.255111
4.050380,5.444039,7.786294,-0.571895,3.592143,9.549489,3.001811,7.252564,5.982034,6.009612,5.046689
3.963295,6.304334,8.154427,2.418533,1.164923,7.090917,2.255961,10.162313,4.354255,3.072295,6.617870
9.058442,4.106473,8.253280,3.436489,1.558900,5.565698,0.774390,7.690869,4.964247,6.778185,9.469170
8.252430,1.998931,9.182410,4.373509,1.844529,6.263731,4.644200,6.079243,7.029582,7.221269,7.632961
9.995217,3.174525,8.042721,5.684828,1.567474,2.775704,2.493776,5.761219,6.296311,7.976987,4.090719
6.748781,3.591898,8.521267,5.103485,2.692119,-2.615952,2.447817,3.446127,5.923476,6.415134,3.830360
1.941487,8.443880,5.845662,4.673584,3.017506,0.728653,4.611357,4.745680,4.628206,5.648204,8.901499
1.814651,5.773707,9.243206,5.571021,5.410551,3.117963,3.674709,1.097470,13.377999,5.978653,10.425591
3.833850,6.938527,8.408654,3.753492,5.141481,6.488549,8.447457,3.974514,10.296376,0.905979,10.373696
6.804624,9.274057,9.053017,4.535981,6.455243,3.284974,7.597947,2.697949,9.059552,4.255500,9.130760
2.637456,2.634695,6.103475,1.269901,10.062169,3.713844,10.012699,5.495228,7.022842,0.403849,10.728778
3.156613,6.962995,10.849540,2.769035,6.711901,0.367724,9.443558,-1.673647,10.749689,-1.971785,10.758894
2.376884,4.852491,8.079813,3.937223,8.853197,5.617897,10.720313,0.907035,9.317998,-1.177988,10.535116
6.334096,4.939664,8.007006,1.839224,7.562889,7.202394,7.540712,2.671759,9.233274,0.735809,10.297293
1.740678,3.100392,1.821085,3.521929,10.618188,9.452798,4.841824,2.625500,1.241587,0.598695,8.633304
2.679112,5.646888,2.552639,8.500816,9.305429,8.677637,2.798553,5.779804,1.666805,3.324300,6.156941
5.763960,9.087103,3.470878,11.567260,12.186309,5.174156,4.201854,3.675061,2.983994,3.417857,8.885229
7.031531,5.159251,6.052774,6.372412,10.211257,6.931496,6.053698,1.573134,2.754160,1.123716,7.471902
3.789770,9.009109,5.814151,1.409744,7.962630,6.561946,10.580067,2.496168,3.447456,4.073096,6.709507
4.997628,7.726395,2.838039,4.778810,5.522198,7.871473,8.709066,0.314167,6.585125,9.589818,8.985743
2.839342,3.055995,9.121123,7.958156,3.024384,8.966699,5.442773,7.436472,3.529539,5.539639,7.202114
3.035263,2.958784,10.165110,7.494016,6.124655,5.469759,6.326354,3.287901,2.242185,5.822141,10.945558
6.246814,7.242319,7.006367,14.569312,8.910830,7.697652,9.814692,4.526384,1.598764,7.413781,8.709929
5.659343,5.183596,6.215793,12.830047,8.665617,8.954148,8.833841,6.709000,1.918909,3.379453,6.306090
12.268773,7.687215,6.581721,10.554552,9.160683,7.982767,7.368362,9.603986,0.710678,0.828710,5.675901
13.520931,8.227020,9.100010,7.001929,9.426994,5.574711,5.180288,3.245617,4.178161,5.448918,8.037920
11.424512,8.711947,10.428442,8.985950,10.211397,8.845772,5.905869,1.973320,5.505759,0.112962,5.799844
12.136343,6.025654,7.997688,5.743226,10.589563,6.238367,6.855491,2.599578,5.677047,0.974641,7.183556
12.546428,8.454227,8.330403,4.026491,10.287358,6.964734,2.865941,4.531501,6.719700,3.189981,7.689147
11.516962,7.606601,5.002081,10.225800,8.904909,7.942558,4.361200,8.833045,10.025502,4.021941,9.354464
16.805508,5.551693,0.322231,8.640936,10.012511,8.390188,8.221542,6.636939,8.062774,1.752403,6.878666
10.400207,14.993315,0.270664,10.244080,11.709752,4.994656,7.799699,8.232360,10.569026,5.458721,4.312561
9.647118,9.914424,4.488889,9.432134,12.443650,6.078775,7.265575,12.194153,9.543412,4.788363,3.973028
8.059324,12.109379,4.941603,2.084668,9.314101,8.534712,8.148677,10.822169,11.346650,9.226830,8.788896
4.617811,8.102334,9.694772,6.543504,7.647261,9.933092,4.131465,6.078953,10.708534,6.384213,8.315264
2.131985,8.533518,10.339526,4.575912,10.155690,5.713756,5.628317,8.436533,10.409938,8.545930,8.579855
2.136751,6.128432,15.433660,4.319434,12.214786,5.585724,1.013894,6.358734,10.345233,10.198074,8.088384
1.446450,6.223824,12.763916,6.787416,15.999848,6.162285,5.107965,7.341810,12.011987,15.992651,8.606985
5.843493,7.165809,5.176594,4.515028,7.099922,6.734534,6.060199,9.619663,8.043132,10.926649,7.081017
8.702189,7.850722,8.460447,9.091427,5.756770,7.730449,7.238389,6.755781,11.917230,10.900421,5.440080
8.703627,7.338996,8.102846,6.885907,12.149954,8.790168,7.453444,3.934407,12.761868,12.408625,5.042132
3.388640,4.431732,5.651731,12.095039,12.191695,7.050535,7.410277,6.051798,10.468608,10.732387,5.457215
5.260656,-1.678956,7.250028,8.620600,9.112759,8.207490,11.164396,6.358120,8.117160,3.283997,6.068823
5.095144,3.312708,7.567033,4.410375,12.186645,7.138507,6.112679,3.453220,9.873044,5.089534,9.728414
4.621841,4.155869,8.145657,0.116680,13.253785,8.282419,6.071995,6.266691,11.603782,5.687916,10.024101
5.569968,2.781747,12.693387,0.054800,7.988134,6.369518,7.077527,8.076555,9.193526,8.996373,9.070285
1.166098,5.163539,13.764743,0.690247,8.449325,6.926558,7.951386,9.727468,4.693004,10.011567,10.534170
4.164589,2.606469,11.510552,4.973001,10.264288,9.420930,10.756871,7.622994,7.515548,7.821592,5.386635
8.910976,4.261923,15.130666,6.421467,8.645706,8.936349,10.369850,8.105961,7.050494,5.153223,6.563060
9.627793,8.897227,9.585960,8.707435,10.021817,8.918645,11.034215,6.205330,8.170632,5.661401,7.301006
7.921419,7.746955,10.801653,9.240089,13.056841,4.457953,7.175952,3.486789,6.445565,8.133253,7.393064
6.414475,7.368031,13.145027,8.459527,10.729303,8.411308,7.365621,1.296290,5.096750,10.725917,7.232760
5.404584,4.588129,9.564549,10.324840,10.940065,9.470829,3.929479,5.727938,5.164218,11.894404,11.891616
9.289545,3.084700,9.673018,9.092434,15.246223,9.932089,4.896146,8.521845,1.277247,9.537563,14.840671
7.204953,1.607259,5.184463,7.250165,18.471323,8.742825,8.127802,8.539621,4.239588,8.759495,14.930084
8.738497,2.613317,3.865348,8.776335,16.514255,4.827315,8.630103,6.565849,8.903164,8.323170,14.012338
9.067846,3.536824,8.831709,10.473247,11.403894,10.278937,10.253062,9.674605,11.317241,10.976020,11.703242
10.052217,7.299553,13.709168,6.576778,10.328511,10.576141,12.060005,11.454768,10.113403,4.242170,10.331594
12.922456,4.919963,8.209703,10.665115,10.084230,7.992795,12.830772,12.311409,10.071243,3.880246,7.758882
7.718050,4.338179,4.327786,15.982437,15.874572,7.816267,18.395213,12.226978,13.941489,6.704017,9.310665
6.349610,3.825861,8.756748,11.976495,15.721858,12.987457,15.733892,10.909874,15.523900,12.026469,15.422626
5.591454,4.348394,12.217175,11.553624,13.123140,8.968170,15.925897,12.947775,8.655354,17.253523,15.015309
9.255641,7.924017,12.634000,13.491430,16.442586,10.003104,15.400154,14.883945,9.506208,14.071816,17.743578
5.454585,12.269977,16.215370,12.676856,13.774469,9.600759,14.480776,12.549586,12.970194,10.635685,13.544635
4.374297,12.016625,12.205387,11.169029,9.312218,10.439669,15.331628,10.075901,10.816497,11.254870,15.625035
3.599216,9.696072,12.649647,11.089248,6.520095,9.909018,12.274308,6.839350,8.418020,7.226923,13.545431
11.646100,14.927060,10.065922,10.057919,9.118410,7.880483,9.426498,7.702619,7.688015,7.338195,14.672574
4.541057,11.860924,11.412161,11.304770,9.071376,8.206218,11.906421,13.443200,9.152965,12.504687,13.659619
8.321664,11.900075,12.123113,11.811009,7.253208,7.854397,11.074157,10.634784,8.491210,14.300429,12.915442
11.346725,11.807485,12.815455,8.220624,7.077120,8.355612,8.987430,8.800524,10.875662,9.831458,11.380577
10.451480,9.521901,9.377016,13.076812,6.232794,11.324785,8.596611,9.118360,11.988397,12.737515,9.204639
10.262236,12.508837,9.801823,10.326496,5.779737,16.036444,11.054249,7.169460,11.160994,12.896339,14.958011
9.252535,11.387219,6.852211,10.557486,6.139433,13.233080,15.527528,9.556211,9.427372,10.789555,9.910129
11.204301,8.398318,8.794480,14.050986,7.409655,10.781961,11.709861,11.550544,11.502689,11.002928,9.770042
10.999183,9.247923,9.988157,12.912026,13.227788,13.930259,11.074797,12.477878,14.117165,8.128623,8.437910
9.241046,9.663273,12.413230,11.657737,13.197191,13.258123,10.026237,12.096638,9.345145,14.906673,12.284448
9.491628,8.824715,14.540727,10.139591,14.174810,16.414931,12.857071,11.832962,11.870675,14.683448,12.160605
12.397474,9.810284,16.986487,9.820422,15.401806,13.716264,11.894833,12.698855,11.579384,12.002195,11.037596
8.261975,12.774781,15.667372,8.880528,17.271872,10.741317,12.258199,10.570580,10.695942,11.882503,9.178222
11.252777,11.387765,14.118140,6.957460,17.743776,7.568266,10.561417,10.700269,9.419414,15.367293,8.404485
14.665023,11.072319,16.161201,7.111188,15.006982,10.395637,14.741729,10.092068,8.770279,13.502000,11.173469
16.963357,12.643858,13.403553,10.499932,16.171372,9.828216,15.232974,9.186467,12.362767,11.780234,16.841284
18.010113,11.490402,12.561179,9.407199,15.504670,9.878540,12.116534,11.183887,14.377346,11.349701,13.524687
19.530726,8.173837,9.422906,9.092534,13.671590,10.424695,11.734747,12.825329,15.192827,12.982464,9.215260
21.930764,9.708294,11.627181,9.603122,11.470663,16.147833,10.857897,11.989726,13.301240,11.130793,11.028936
22.785751,14.006924,11.018492,9.115624,14.824223,16.106862,14.336857,10.439138,14.751943,14.351978,10.826283
20.930436,11.884416,7.580554,15.803340,15.293404,10.361377,16.127645,9.774217,10.925593,11.161210,15.117028
14.238585,15.239797,9.466201,15.124503,15.456301,12.052571,17.124026,13.498778,9.353023,14.539083,18.340028
15.253410,17.483661,5.743666,11.113084,17.307431,14.672374,18.227331,14.454863,9.943155,15.186596,20.389518
14.037342,15.116426,9.144677,10.116759,20.214284,15.282504,14.639965,13.259288,7.692824,13.888065,17.021477
16.003387,15.069813,7.959104,12.951231,19.998999,17.504236,17.928390,15.212825,10.532363,15.268177,15.036677
12.860249,13.062059,7.771436,13.903820,19.985341,16.492149,17.132596,12.004718,13.548129,12.097978,13.324069
16.649921,14.176678,12.303006,11.061586,12.631437,15.845937,17.889522,12.477589,14.605365,18.032986,14.866022
13.919545,12.076545,11.597387,12.144902,13.999415,15.621840,19.176560,12.473131,15.310256,14.971455,12.420844
14.516304,10.373979,8.202652,10.568248,12.937067,15.704069,17.670980,13.031759,13.773729,13.864140,15.754610
13.252480,13.864512,14.137701,8.217780,11.710380,12.342296,17.211368,11.812188,17.144181,16.739857,13.818613
12.550285,11.370307,9.997879,14.864419,14.780609,12.502743,12.532903,14.582522,14.817733,15.498534,19.429179
9.040510,12.609929,9.233005,7.204250,16.960581,16.211464,16.435096,13.356487,19.568909,16.840205,17.937900
10.609053,14.861698,9.345695,8.367915,13.217234,12.543927,14.549849,11.276436,17.450872,15.973752,12.995804
12.410225,21.556963,13.968368,9.266526,17.618884,12.571243,15.109463,15.635808,18.630924,11.870721,12.464400
15.174485,21.538541,15.089446,8.441064,17.164478,13.651764,16.750399,17.586881,16.103239,10.305808,12.541597
17.446500,18.803514,16.044744,11.097235,15.243772,16.023568,19.788750,17.823189,14.939032,11.609700,14.290685
18.318293,19.252304,17.164827,13.825793,18.607710,15.202028,18.760767,10.508662,16.776957,11.276735,9.478764
20.664671,20.323371,12.241443,13.985064,18.040890,14.581768,20.034741,14.205450,17.252165,9.867226,10.376375
19.782668,18.463220,12.842899,15.682198,20.617557,12.021020,20.015760,13.430497,17.141890,13.988666,12.384756
18.860068,14.804352,13.260396,17.917640,19.190743,11.969749,16.065766,15.746478,20.004616,14.291051,15.324857
19.358013,13.486201,11.471336,14.706853,17.049027,16.345599,16.138885,12.931925,15.712544,17.297253,17.736348
17.686997,11.802097,13.868576,18.187738,21.812337,14.114446,14.804472,16.156023,13.899242,17.603013,17.065246
16.405923,14.109389,17.128755,16.753387,17.956857,17.304689,12.809034,11.220920,15.375683,19.575638,16.764126
12.531357,16.552603,15.170102,14.444217,21.552821,23.837184,16.352668,11.976554,16.124220,19.627121,15.103433
14.539867,17.569993,17.870221,15.625020,21.163935,22.653445,15.255528,13.696542,16.863997,23.047552,13.205958
17.144170,15.584618,16.197883,15.506322,21.058759,20.221967,9.606113,14.531549,14.482100,23.402730,11.385895
16.877967,12.272597,17.642489,18.129533,16.234939,15.998678,9.712371,16.808748,16.612444,19.162411,16.088107
18.580858,13.405117,18.975824,16.836256,19.178883,18.205936,15.127762,16.141872,16.372155,19.234831,12.732811
22.694179,16.918166,19.263215,15.779819,19.166061,20.849337,18.171409,10.650634,13.279683,14.656937,10.618943
22.398740,16.190749,17.907907,20.434107,18.044816,14.822801,14.873364,13.288995,15.726231,14.525693,11.566618
21.283351,13.702581,14.561209,20.593338,12.135587,14.674811,16.559197,16.629197,18.739014,14.927581,18.086162
16.563790,19.761932,15.179763,17.536553,12.866269,15.535816,18.998488,19.423782,16.669221,15.885644,16.862411
18.666399,18.715009,10.495771,18.062054,17.013220,18.671664,19.008497,20.533194,13.504259,20.230679,19.835594
11.934688,18.672970,12.276315,15.419294,13.984219,15.994604,16.885412,19.881206,10.583828,19.837342,19.625601
14.868921,15.884224,14.455293,15.847816,12.686530,15.033576,15.878298,16.188955,11.479566,17.840583,20.011631
16.805030,16.811805,16.341120,20.003220,19.085372,16.780573,18.315180,18.892399,14.189504,17.237822,18.489408
17.486983,19.363124,19.771894,25.168008,21.385300,15.515261,18.765216,18.972424,17.103722,16.875850,17.605156
17.391689,22.812708,19.488508,20.864988,19.645799,19.819914,19.379137,20.947147,15.115650,15.388067,18.210634
16.786247,24.092722,17.308342,18.596028,21.036651,16.780827,23.308844,21.935330,16.239935,18.691532,16.709482
15.661112,20.495751,17.431561,16.641491,19.750569,17.188470,22.861811,21.819696,16.062502,17.160584,19.172819
16.128200,19.358543,16.180247,15.496230,19.319656,14.865555,18.833871,24.126625,16.466559,19.005820,18.795743
15.307795,15.304076,12.838305,16.573919,18.785678,18.573252,16.688830,21.332598,19.894335,15.471864,13.673551
19.227964,17.327117,11.137044,12.827380,18.252217,19.613231,19.251585,18.176906,17.893291,18.579866,14.741195
19.303222,18.907241,13.391145,16.328189,21.969910,17.149304,17.824091,21.031002,18.549028,16.003183,14.677641
20.125999,21.020319,18.417455,16.546510,20.672895,16.159021,18.435459,18.571347,16.506576,16.762500,13.929675
18.704867,18.840615,18.092474,12.524536,17.666023,16.029771,20.496152,17.190663,16.916498,15.976528,16.314920
18.685534,21.287159,17.290760,12.074384,16.676259,16.463671,21.109254,20.163540,21.591657,15.716767,16.236253
19.166679,18.940765,19.141235,15.153412,15.645495,20.038607,22.014858,17.781423,19.414954,16.981607,18.761392
20.142359,16.844618,18.382375,17.762899,16.250526,16.933672,21.081927,20.692155,13.569556,18.163042,16.215184
22.918522,16.499193,18.483630,20.642429,19.933260,17.395678,18.297847,17.412644,17.630080,15.262990,18.028247
20.973577,16.572580,17.998734,19.807639,20.431308,19.203070,19.176180,17.395265,20.530387,14.791127,18.323455
17.820423,15.060952,16.492378,19.477612,21.698180,21.282898,18.285752,16.721439,17.680470,14.278305,16.556052
17.666381,20.478967,14.805931,20.691440,19.863378,23.937550,18.494775,18.980920,17.547340,16.098070,12.839332
16.750230,20.280813,13.548374,21.105982,21.523119,22.252004,12.832725,18.260991,19.482366,17.119978,12.720098
18.337412,21.921988,18.949043,19.045513,18.178199,23.552922,16.773986,18.240201,21.356975,18.084510,14.217542
14.510672,19.250390,21.808532,20.633377,19.208892,18.852827,17.239014,21.551238,23.616078,16.974074,18.903482
17.489394,23.555684,21.493738,16.087840,20.904134,17.338391,21.753228,20.005768,18.714494,20.519779,16.507238
16.429727,25.637612,18.858952,14.782027,22.548925,17.217383,25.588697,18.719919,20.805391,20.120535,16.592191
19.401365,23.207558,20.494961,15.591417,22.638018,17.360846,22.142797,19.693022,19.633403,18.482752,16.241842
20.300719,21.856127,16.097555,14.847183,17.700670,19.940637,21.975293,19.990766,16.715127,20.051535,20.427087
18.459170,23.800788,20.461515,15.560855,11.824866,19.589195,18.462521,23.194741,16.504293,21.592232,23.761858
22.095885,18.457200,19.493621,18.471359,15.000081,17.638270,17.179415,21.624433,20.129034,20.895066,23.572105
21.645320,17.449434,13.843253,18.198458,18.803989,17.801923,18.735023,23.772482,17.422243,23.373855,18.463908
20.827396,19.386388,15.539818,21.846827,18.288022,17.085565,20.925270,23.625719,16.963370,21.115086,16.007874
19.843082,16.981143,21.253183,21.439592,17.824029,11.618195,21.735511,19.994756,20.993726,21.471983,18.509245
20.991606,15.072609,19.053701,18.637815,19.780837,13.406134,23.961544,23.994158,25.620393,19.786985,19.375387
21.778170,17.141718,17.744112,22.246473,21.106310,15.895276,18.380011,23.221145,26.141444,15.779707,18.698682
22.914482,18.351975,16.630550,20.477228,18.413672,14.042228,20.973165,19.102394,24.310369,19.090220,20.331012
23.899316,18.788983,18.522050,21.829460,18.019304,14.477646,21.592454,21.377160,22.528375,19.767683,22.152279
19.216863,21.151983,17.141752,16.792401,17.293995,19.184748,20.890249,21.382236,23.273716,24.558728,19.763177
23.032247,21.306922,19.685449,21.708038,14.316385,23.502760,15.463801,19.436193,19.238129,24.702109,20.044651
22.519896,22.955101,21.535379,20.119439,19.693487,21.583903,12.016550,21.394604,17.038019,23.721644,19.334576
22.084761,18.748866,22.403446,18.140441,19.108609,24.655547,20.233685,22.699495,20.000250,22.918036,16.193176
19.477959,18.522993,22.756331,16.979375,22.953804,20.539191,19.653778,21.810188,20.233129,21.649322,20.564916
16.658302,19.061072,22.045602,14.040390,23.725354,24.890397,21.457682,22.629793,20.175424,20.469661,20.762930
18.866264,20.617696,22.787069,16.359488,23.001386,21.987103,16.777678,20.351905,20.934561,21.412206,17.886986
17.581280,20.888322,21.534844,21.759340,20.082162,18.247809,18.177807,16.695798,20.358619,24.830393,20.649722
20.083123,19.854739,17.668316,21.394045,22.697484,16.332832,18.597617,18.868274,16.973799,24.770889,19.611609
19.294373,17.855218,21.471440,22.056304,23.956435,22.562074,14.731483,23.206906,21.497377,20.894028,20.273386
19.229215,19.916417,22.549123,20.490788,21.833897,20.862368,19.458026,19.139669,20.123856,16.872955,22.496045
19.309921,19.975495,27.079424,21.163797,20.907178,22.955446,20.404138,19.798717,18.924052,13.334717,23.543269
16.643837,16.439215,22.856998,20.466723,19.906548,20.691436,19.508062,18.937101,19.319333,14.879438,21.061630
15.868118,16.146173,25.557919,22.190473,22.254932,19.157360,21.723349,21.277018,18.633749,15.282733,19.150289
19.248933,16.600223,25.706920,18.051432,23.351674,18.916463,20.318899,23.746149,17.540913,16.455144,20.215404
21.009772,19.325842,21.759610,19.359336,22.453387,18.793505,21.507446,23.586935,19.868400,15.229392,17.744026
22.902848,17.380274,21.991545,23.917545,19.972375,16.158786,18.656902,23.125854,19.158450,21.173536,22.356967
24.424614,17.566870,18.710964,19.706738,24.148933,19.930874,17.593650,25.449716,21.489081,19.475035,18.619978
24.403007,21.571687,20.786351,20.686829,22.632468,16.691290,23.935950,24.751696,19.068675,16.608848,19.088967
20.662259,20.985806,18.018635,19.657091,18.830658,20.453413,25.280975,25.243886,14.622386,19.538319,15.230063
17.079542,21.964115,21.403432,20.705426,20.140089,16.911276,26.169129,27.291713,15.198836,18.563708,16.677358
17.896693,23.363263,21.798015,19.981884,22.003972,17.280125,23.587983,24.467223,16.777296,21.634540,20.818187
19.429277,21.975381,22.893054,21.465104,22.052562,17.277036,25.192157,24.811302,18.314166,21.587301,16.786111
16.064136,20.769040,19.681194,19.693373,20.796290,19.046732,24.840185,24.106903,19.977642,18.437509,14.941333
21.100032,20.876178,18.219568,20.210644,19.319560,16.285490,24.921549,20.103418,23.442899,21.734520,18.955316
19.774188,18.158760,19.289045,17.959695,16.365347,17.785917,24.138680,20.626913,24.452977,20.022790,14.037975
20.537734,16.725101,20.101566,22.334906,17.583763,19.692075,24.436166,22.504570,26.458065,23.751364,16.580826
20.369434,20.967338,15.574283,21.205368,16.020806,20.750397,21.202694,22.240264,23.606567,20.838160,17.024977
18.529253,24.863601,22.534736,16.107455,19.919769,22.272138,24.981108,23.654130,19.028358,18.230220,17.868673
19.109786,23.016012,23.129661,20.208810,17.771557,21.217202,22.377285,22.069135,21.946371,21.251775,19.169029
18.404867,23.314683,20.729815,19.388183,18.106649,24.321454,23.681499,22.662529,23.387420,17.323636,18.581323
20.614423,20.592479,19.960541,17.934525,18.222834,22.298020,21.333297,25.867689,24.924826,23.275103,17.032521
21.099497,21.544585,23.521623,17.754790,20.200647,22.722403,18.514153,26.607809,22.436551,22.247590,20.123530
20.600405,22.703253,21.669457,18.013463,21.598706,19.795902,18.592358,21.908908,22.943247,22.016893,18.667225
18.692537,22.369182,23.339881,19.839037,19.960027,19.797704,22.290073,16.841949,22.050573,20.541325,19.308678
16.288346,20.901827,23.338470,19.290771,21.092312,23.029391,21.484148,20.631212,16.584332,21.965466,20.417417
20.651067,22.092543,24.718936,17.043578,21.210739,21.515931,25.029203,17.848265,19.970974,17.645774,20.093675
22.754213,23.239388,28.074998,21.753910,22.859906,21.195260,24.100700,18.716559,20.453961,18.009155,18.807977
21.226210,21.396572,29.474394,21.657652,22.580418,24.167772,18.404072,18.860775,20.529983,17.908642,19.017573
21.618735,17.586304,21.501596,20.943774,17.548856,19.340916,22.543400,24.207727,19.583492,19.878592,24.281133
20.342574,16.562084,18.337743,22.747624,17.463324,19.552662,19.709281,24.669470,19.155714,20.915649,21.271034
20.908083,22.317405,19.373425,22.837661,18.615498,25.502987,18.148135,23.707771,17.517530,22.880351,19.459249
19.994557,21.379112,18.191787,22.862813,19.639932,22.981199,18.336262,21.692215,17.878667,23.947796,18.117128
21.305927,15.735664,20.207362,22.163547,20.498331,22.303705,13.611069,21.702157,17.524726,20.063098,18.534291
27.202078,16.791504,20.739384,20.755005,18.738254,21.283371,18.553289,27.146580,17.585717,18.762035,20.095820
22.308013,19.941774,21.506433,16.655964,22.127559,24.844400,18.245531,23.434868,15.111185,15.855428,18.979215
22.055163,24.339116,20.651766,21.297664,20.814719,19.397948,18.317905,16.833156,19.487887,18.445384,15.826114
24.086261,23.515853,19.141239,19.788753,20.980490,22.366348,17.686669,17.546809,25.479735,15.051105,15.811985
20.954315,19.758610,16.605627,19.599816,17.837468,21.576369,18.981809,17.888286,23.012715,17.398890,14.069815
20.848093,22.055396,18.048339,23.342440,22.072894,18.816827,19.446515,20.983133,27.618032,16.626005,13.156521
20.722239,16.860574,18.860720,20.915396,22.836732,17.156607,20.879361,19.814507,23.730677,17.504325,18.111459
23.748235,17.315202,17.165814,22.756241,23.426092,19.572198,14.879053,19.711921,24.721098,12.665906,17.299881
19.411372,14.165893,18.024474,20.453736,24.327927,20.153983,22.508889,19.680410,25.511916,21.453580,18.031093
16.378371,19.032808,18.487218,19.788611,23.616360,19.946075,21.610843,20.221718,22.968231,17.594465,14.641177
16.403764,17.334649,18.421401,15.057297,26.013385,14.456989,22.248986,20.279753,21.672842,16.381938,16.764245
20.640101,13.894720,16.472423,18.755271,21.734977,16.960993,16.980128,19.240314,21.066389,23.377929,17.883402
15.679110,17.709722,20.960048,19.012453,21.137609,14.753639,20.813154,16.975389,20.178188,21.882714,16.594660
15.955816,18.566010,19.167211,18.432452,19.617484,13.369252,16.500463,16.744409,21.324344,22.539405,15.995963
21.693960,19.503978,15.097222,15.804943,20.367446,17.785310,16.159850,17.737888,20.565046,21.972585,16.992097
21.399634,18.157175,14.776471,11.337273,18.366950,20.318249,17.115519,19.420492,18.192206,20.566648,16.774441
20.835257,16.881056,12.751015,15.160057,16.078504,18.516520,17.566816,18.604301,20.952440,18.082863,17.258223
17.951605,16.911310,13.807448,20.025430,17.912012,17.123002,18.272771,18.484119,20.788056,20.434756,18.806597
17.096060,15.882950,16.971426,19.168078,14.176178,13.023666,15.916784,17.143151,18.431836,18.749402,16.664021
23.480654,15.143823,16.753204,21.869738,11.609351,16.559926,20.032259,16.851801,18.471575,13.420237,14.854225
22.638162,15.470437,17.407381,20.872771,13.180330,16.224618,22.581376,19.538064,14.109605,16.973317,21.456937
19.232852,14.953354,17.818864,16.948307,14.171782,19.664267,16.655282,13.289606,16.284304,20.034221,12.399292
16.903564,18.455080,19.611388,19.620177,17.507431,18.375977,16.712200,16.954476,14.866274,19.486329,10.752692
20.700687,16.449287,14.882412,14.348305,17.574947,18.604684,19.236487,16.650111,17.097625,23.798421,14.283131
20.785789,15.818948,19.027056,17.763020,21.544705,18.134095,17.765016,16.243824,18.532738,19.274999,17.698360
21.518123,16.243633,16.442947,15.281239,20.576191,16.334405,17.040320,14.689547,17.004638,15.344039,15.487944
16.231217,12.045255,16.017938,14.125842,19.151332,15.109065,16.544893,18.581678,18.484916,17.814563,17.637698
15.983260,15.651176,17.288605,15.639536,16.462657,13.323845,19.815015,17.673775,17.215695,20.876321,11.718141
13.885909,21.272591,19.028358,15.900901,17.879730,9.910927,18.710850,15.216055,16.325030,20.319087,15.179670
19.169986,18.882864,21.974285,18.502546,15.082800,12.595559,18.006408,14.927657,15.086623,15.331657,16.237677
18.527463,18.432215,20.635441,15.647376,14.165401,14.951119,15.247380,15.727944,14.378561,21.620231,16.551558
19.080908,18.656854,17.984277,14.230969,13.449919,12.623664,19.215864,16.233104,16.810210,18.928977,15.547569
15.273617,20.029832,13.352422,10.093376,14.162011,13.673894,17.135054,18.685339,21.467216,23.748958,16.194957
15.736241,20.370812,16.166997,14.618732,14.782869,11.709630,16.241121,13.701095,19.232211,20.728373,17.058657
16.897400,17.882544,17.433188,15.553844,11.623456,13.995425,17.814741,12.935936,15.675090,19.538299,16.948372
15.628570,16.692908,17.692125,17.795854,13.357588,16.107613,16.792776,14.298885,17.509264,18.471952,14.499496
19.657293,11.261940,18.633208,21.703208,16.582892,16.315759,14.484780,15.276769,18.365297,18.170311,16.116256
15.764820,11.483991,17.126119,19.242081,11.681030,17.026257,15.917857,10.684855,22.314965,15.271876,17.690924
17.853699,13.191612,13.982649,17.467987,12.511588,11.921230,16.134140,14.209034,15.351085,17.631400,16.410267
16.590358,16.055838,14.165897,16.719622,14.382087,11.755739,19.737736,14.666270,12.625111,18.023775,21.093675
17.043706,15.999144,11.499619,20.754645,17.744512,14.289615,21.752707,17.889614,14.638428,16.662066,21.629921
17.612199,14.881587,12.204431,22.645077,16.504542,13.393675,18.155521,15.374923,13.514010,22.106455,18.681726
10.109023,11.637891,14.244931,15.957359,15.100849,11.267943,16.924723,19.877403,18.048620,19.963702,17.816486
12.113878,15.376792,14.672108,17.293416,15.034971,13.119309,17.114578,18.503060,15.823566,13.466536,17.544283
9.121882,14.636658,14.982444,11.008581,15.801268,14.552753,20.420027,18.453201,14.883651,12.522736,18.444265
12.413763,14.259892,14.647176,11.577296,17.287594,9.738644,20.549534,17.465124,16.783963,13.192961,21.242064
15.354228,13.427549,13.429441,10.133682,16.482075,11.933650,18.910877,17.904658,12.651947,15.308482,19.457343
14.450661,17.972830,10.479586,10.931478,15.329991,11.597361,18.073813,19.938429,11.601047,11.514231,15.084513
16.780776,18.717084,13.699990,10.445897,14.877398,15.846386,14.838706,19.368506,18.147585,13.756383,12.885815
17.380201,18.343266,11.153992,10.717622,14.342119,16.565534,11.813269,20.775277,15.322398,11.829943,11.446490
15.239324,15.735920,14.010328,11.361167,14.951668,21.293168,15.356610,19.084062,16.362012,8.709839,9.970431
15.075586,14.939551,13.450957,12.985627,17.325559,18.249728,20.797714,17.320213,19.689394,12.841447,9.307317
18.416048,13.013782,15.167833,15.921664,16.697392,15.759517,17.778290,13.238325,16.695743,14.681689,11.365178
14.295632,20.044700,19.681779,12.324100,17.184082,15.085405,17.047849,13.583045,14.118059,14.186464,13.981167
17.917273,16.334372,17.102621,14.028384,11.317694,12.293979,16.109888,12.214938,12.364301,15.079136,13.643591
15.497924,13.794680,15.504383,11.219977,13.261635,13.000934,16.510959,11.198209,13.562453,14.978187,18.567979
16.504003,13.674894,12.329803,13.828234,11.395644,12.037517,18.600362,16.849529,11.906753,14.765507,13.492709
14.069913,12.678944,13.692087,13.792569,10.620620,11.537999,15.203697,14.992939,8.950495,15.511824,12.801154
10.372618,12.358210,14.284944,12.210945,12.238135,11.138749,12.900265,13.128332,8.333139,15.100694,10.086798
11.074137,9.938726,14.729361,9.147950,14.864666,10.625259,14.051114,13.727656,4.556960,15.240101,10.633162
10.144473,14.225038,15.201459,9.297002,13.935754,12.423081,13.027903,14.101696,5.115495,19.018467,6.395410
12.004830,14.440097,11.282155,7.588245,10.521893,10.548133,10.325565,12.630795,6.836867,17.413730,4.647892
13.845396,13.479235,9.869000,10.491200,11.909084,11.047622,15.261541,13.212474,11.011913,13.751509,7.923996
12.124617,8.600706,10.012438,10.879464,14.520238,8.339927,12.844608,15.210469,12.518948,17.200754,6.518390
11.741988,10.340536,10.188855,16.106246,12.077590,12.005159,10.045024,12.735482,12.538516,13.390876,12.218443
7.839063,6.164621,11.105518,17.549527,14.745927,8.935368,11.873132,12.704002,17.105698,14.145447,13.125946
8.341559,9.004817,9.435389,9.966950,14.764448,10.240510,12.995215,10.964595,17.426320,15.876934,13.088522
9.392821,8.847190,12.898382,6.868573,16.222183,10.593737,13.956071,12.836972,17.809818,11.240352,10.357731
5.603088,10.969735,10.477650,8.103494,17.673799,14.062659,11.864875,9.835639,16.782555,14.383937,10.589259
10.499447,9.472282,10.564393,6.632683,16.978388,12.241045,14.749538,9.284527,16.058527,9.296259,13.645185
8.755384,13.898575,11.118149,8.437383,12.927287,16.395914,14.064847,11.492466,12.314230,11.878532,9.469170
10.041822,13.313452,12.649647,10.486438,11.279474,10.419258,11.124596,6.462205,9.358489,9.942323,10.912421
9.784268,8.736172,12.430740,9.655860,13.594375,11.539600,10.326344,5.113611,6.738543,7.634836,9.337590
12.106343,9.614194,11.783156,10.143413,15.744298,8.090265,7.318101,9.697240,9.039688,7.472043,7.596185
9.767390,9.856832,10.543096,12.769059,10.149202,7.824607,10.615347,11.980929,9.377937,7.873310,11.443262
11.816353,10.580438,12.256665,10.679348,5.926817,9.882335,9.595022,15.855799,8.065161,11.210086,4.326267
10.580230,9.202524,7.147766,7.935977,9.817082,7.829207,8.295633,14.608570,10.295861,10.069934,6.817204
8.055817,11.948113,3.827993,6.791733,8.490312,10.138401,9.336256,11.290953,12.539918,13.805459,7.623235
9.736844,14.572199,5.166654,8.819502,8.350163,9.367240,10.973774,13.916632,8.867378,14.565208,9.657143
13.025335,9.400726,6.620128,9.553292,10.002813,11.158347,11.378823,14.126403,12.561998,15.558121,10.339958
9.292272,8.042028,8.934305,8.566439,8.342145,11.696862,11.353306,12.693381,15.351646,15.657804,14.416725
10.810604,10.798057,11.801781,7.909161,10.652843,10.314284,8.669885,9.346423,12.845601,9.832108,16.485433
13.551520,12.176959,12.043999,11.714612,4.369134,12.771975,13.923071,8.985889,14.071919,8.171190,11.747364
14.864122,10.102829,10.769796,15.090789,3.212330,11.973214,16.765235,9.060168,12.577497,4.823863,11.048063
13.726186,9.549396,7.881620,10.479169,7.044110,10.372261,14.282187,9.882441,14.270055,8.789609,11.617717
12.295017,8.595673,7.450135,6.577755,7.032922,10.694392,15.437376,12.690181,12.974678,12.360254,14.394645
9.909717,9.546087,5.856264,6.545244,8.475887,11.773627,16.566065,12.996101,13.254306,12.769304,9.154619
11.321710,11.552280,9.332931,4.135594,9.378336,6.581393,15.183960,11.226780,12.713574,10.028926,7.901523
11.858600,8.275569,8.706101,4.946007,11.208537,8.449173,13.884219,7.932820,13.262886,9.883995,9.608360
12.709539,9.973329,7.817359,1.078132,15.499196,9.220384,9.894862,9.429794,10.349574,9.863973,4.654419
13.009112,9.040800,8.445960,0.381013,15.925167,5.519353,9.913855,14.065904,9.374285,10.923494,5.158434
8.133226,7.510827,9.990657,5.803811,13.762260,8.970133,4.245431,11.963732,6.154253,11.619358,4.531238
7.935849,8.271817,10.037222,4.863197,10.784503,6.632234,6.304245,9.633162,8.476862,8.624480,6.843969
2.389645,5.969834,6.761509,4.508793,11.380144,8.129720,7.622813,9.963213,6.056363,7.737049,6.484691
3.444763,9.908436,4.608986,6.595228,7.958259,6.478408,8.274615,8.321646,1.076831,6.796299,6.638054
1.309891,10.206273,5.761644,3.462476,8.334438,4.708321,9.770886,8.082208,5.607851,6.968714,8.926737
1.771017,9.310232,6.030122,5.537335,8.616355,7.045076,8.326946,7.253343,7.390466,5.548678,9.529199
3.463396,8.210868,4.707504,7.358732,8.686709,8.367337,6.701195,9.804015,7.431198,3.945803,6.727506
7.319662,11.133464,7.662498,11.723316,5.825920,8.672742,8.446495,8.659753,4.452482,8.971730,4.742781
4.986727,11.271802,4.808632,10.941847,4.103054,8.458688,7.067765,7.741829,4.188619,9.204864,2.148997
4.782102,7.950816,7.548987,10.082336,5.841725,9.266785,8.446394,8.406574,4.109554,8.665230,4.792199
13.207947,6.618978,7.030995,7.359692,5.168594,7.086333,6.432655,9.500869,2.713878,8.036763,6.995256
7.702233,4.069262,4.712580,8.078903,6.441976,5.811270,5.063194,10.259626,3.402628,7.277356,7.216349
4.615850,3.677639,4.807864,6.970453,9.348284,7.225359,6.509399,10.650030,3.476854,0.340565,11.030342
10.683447,6.442662,6.034156,6.192031,5.161202,6.556660,6.932523,11.383551,1.832810,5.122930,5.897189
9.334252,10.931970,12.457935,9.058246,4.928819,5.237802,9.033217,10.708472,1.829494,8.976434,8.528068
4.542431,8.665535,13.638946,10.567028,2.775214,5.282719,10.146199,8.205407,8.689152,13.599717,8.807753
4.300200,12.598233,9.523075,8.837886,2.522969,5.555472,9.801171,6.769033,9.517783,14.617803,5.606684
9.893969,10.949827,4.044604,7.186432,0.820771,8.110558,5.706238,5.547236,7.597729,6.311442,10.049256
5.047461,9.164165,5.149032,5.150031,2.483877,8.384570,9.177619,1.279447,4.381286,3.322845,6.888331
5.634238,6.250033,5.917112,7.621707,5.865064,8.842465,6.288034,3.323525,5.868762,5.346751,7.407194
8.429079,5.100000,4.035690,10.351743,7.132109,10.910125,4.289255,5.087498,7.320010,6.210519,2.832899
9.792624,4.365244,2.579203,13.079203,8.755395,10.127055,7.623555,7.259470,7.360786,7.582769,6.227123
11.548012,5.147464,6.080064,11.038247,10.325558,12.223274,10.013932,6.971833,5.324918,5.126188,7.724208
12.245107,5.203986,3.600266,8.550652,9.214950,6.894939,7.163700,7.287375,3.803374,3.662772,7.749678
8.949289,8.687188,5.141031,7.054176,9.060883,4.979461,6.149599,6.397594,2.666421,3.830523,8.330618
7.394305,11.155240,8.247915,10.602542,11.844893,7.699346,4.510488,4.014591,1.092077,5.168719,7.922156
7.531634,9.555765,5.143202,9.518068,9.525757,8.355222,1.471309,3.763040,-0.007374,3.850771,6.674427
5.980785,8.390286,6.002139,6.989229,7.651411,9.190170,1.924517,3.003002,3.076009,3.231415,6.927068
3.660047,6.279971,2.243767,4.436938,4.493452,9.481425,4.766406,0.928201,2.691112,2.287160,6.455830
4.956476,4.913722,7.000926,4.402973,4.693504,3.616957,2.658204,4.365762,5.503118,2.856088,8.679144
6.340907,4.012550,6.701638,2.753257,1.592159,7.083527,3.290790,7.722642,2.285103,2.901207,11.383133
11.302478,3.813471,7.790329,4.164825,2.185708,7.546536,1.573555,11.506319,3.618803,2.711851,9.705793
13.285936,1.478255,8.170051,4.503476,4.912933,9.693806,2.394293,12.518130,6.243867,5.192576,9.176970
14.075122,2.966903,1.248048,6.563882,2.945648,10.299678,-0.914719,12.680598,6.889793,5.589370,4.754442
7.062611,4.253817,4.111815,6.082334,3.217677,11.254903,4.376804,9.551657,3.370788,4.881977,7.195342
0.282614,5.782567,4.086340,4.329208,7.404488,9.804323,10.141478,9.971710,-0.129905,4.459046,12.236182
4.887430,5.944725,7.222284,6.732279,7.564905,10.517375,9.025563,8.770625,0.406818,7.927883,8.420409
10.937582,2.588769,1.994014,9.711827,4.416156,5.274031,10.160098,8.760914,0.818728,2.118632,3.723051
8.767680,-0.547739,5.806514,11.036702,4.964540,7.630064,10.742869,6.358458,3.464363,2.244706,5.367519
10.036207,2.192711,5.824936,8.617811,3.689806,6.885271,9.879007,8.462556,7.026261,7.918655,3.840570
9.379607,1.681114,4.806796,8.138886,2.521512,3.857140,3.820934,9.680274,4.955128,8.235314,1.028993
8.927408,7.803519,4.466043,2.907558,7.282308,6.198819,4.254927,10.693134,5.180004,5.877227,1.004077
9.121841,7.357200,5.426113,2.795175,7.341229,7.492157,4.476646,4.383267,8.560097,4.884187,5.788686
7.192380,6.544494,9.229867,-3.380038,11.918153,7.264624,3.600641,4.647649,6.088319,3.822137,0.535921
3.960641,6.756732,4.732204,-1.548863,10.421043,5.992880,1.119142,4.025658,2.796601,5.026770,-1.926883
3.246102,7.823647,5.764463,4.523094,8.396518,3.035655,4.728340,2.929210,0.175178,-0.908388,1.639473
4.702689,6.256881,6.558380,7.548368,5.975126,2.393438,5.604477,9.045027,5.426011,3.151693,3.107020
4.147812,4.696439,2.728553,5.406517,6.045215,1.264716,9.595864,8.497870,5.158286,8.596033,6.799410
3.159090,6.266818,4.002295,8.643658,5.685738,2.866988,9.176165,5.544307,5.163321,10.632249,6.858969
1.270791,8.529196,2.831375,13.852812,7.711105,6.218855,5.334072,5.183186,8.165140,9.767429,4.277426
-0.369071,6.515006,7.504879,9.868291,3.651744,6.866756,4.709791,7.837963,6.906863,9.738781,-0.630496
2.404402,8.837548,7.623137,11.949877,2.613285,10.743975,0.039106,7.528372,9.040836,4.974145,3.142843
4.716462,6.456874,7.528568,8.586176,4.921894,9.830771,1.835510,4.305073,4.316567,5.527419,3.216704
5.915467,5.234484,10.652652,5.877404,4.446536,11.564256,3.580895,7.942997,5.430672,3.046512,2.985008
3.180044,4.696278,8.968241,4.595066,4.818746,9.051890,1.498803,6.793069,7.377402,4.891526,1.224201
5.781114,6.772979,4.110831,6.411980,-0.230888,6.211026,3.783088,4.121553,8.002025,5.473676,-1.210720
7.896993,8.052986,7.181244,2.710834,5.061905,2.258869,1.300780,1.940141,9.899077,11.985695,-0.783147
2.049355,7.092873,5.701864,5.549954,2.002008,4.140526,1.800235,2.518253,6.418339,9.481122,2.614052
1.578240,6.386358,1.606335,5.157443,1.337160,6.027770,3.932912,5.464357,4.165156,8.964606,2.506115
0.746405,5.211652,3.814321,9.000084,0.062423,6.521779,6.870503,7.542079,6.293651,5.334047,5.011551
-0.631936,4.352053,6.411194,5.581399,1.772215,8.449579,5.799510,6.724626,9.714043,7.095968,0.671980
1.849926,7.619330,5.024383,2.790874,6.217545,9.705569,6.115705,7.040453,5.228361,2.882839,6.487336
3.116392,6.214207,7.053070,9.699139,3.239435,9.825649,9.074513,6.269883,5.758394,-0.988767,9.066592
3.573780,6.901055,6.406446,6.309259,2.110894,3.000450,5.428360,6.334996,1.538875,-4.945031,1.198070
3.774008,4.485925,2.981139,5.267283,1.723489,5.012354,6.752405,6.766354,-0.941661,-0.635334,5.697890
9.015373,3.471694,0.150407,3.542059,-4.479700,2.167241,7.083313,4.588560,5.767033,3.401049,5.883549
5.116610,4.058075,4.634480,3.830392,-0.999578,4.158069,5.623296,2.792823,3.047657,5.551543,5.486091
8.612057,5.104776,2.387080,7.684775,3.699390,6.122812,10.327724,5.010068,5.662610,1.877296,-0.243696
5.276524,4.342029,-0.195053,9.638031,0.557552,5.920204,9.833359,6.623006,6.814483,3.349600,-1.760371
5.140634,3.792780,1.263642,9.451837,7.524775,6.500377,1.727434,9.281629,3.500523,-0.202702,2.846466
5.393564,5.705996,2.154218,10.877559,7.886039,7.036175,2.902053,9.901048,2.555959,-0.037566,1.641051
6.326224,6.956146,-3.888079,6.923759,9.170308,4.937074,-1.877415,11.200396,4.436102,1.818751,1.698485
7.259902,5.731319,-1.663292,8.312508,11.322622,2.642529,-0.587287,8.226856,10.738403,4.523233,4.627432
4.539933,7.015193,-2.243409,5.154572,9.615952,9.255626,0.938116,5.161440,7.750108,3.726132,3.794288
2.219686,6.279320,3.448609,3.825079,2.908112,13.605708,-0.707248,6.605193,7.063627,1.093638,8.981956
3.384660,3.613924,4.618215,5.245055,5.637719,10.635333,4.099579,3.534605,8.378617,1.127531,8.844208
7.013530,4.387415,4.279542,0.272361,6.199946,5.556845,3.695956,7.962909,7.280275,-0.832339,8.545442
4.852967,2.624379,2.224437,-1.957772,7.443758,3.215566,4.937642,7.552454,4.137029,0.002564,4.739319
5.896242,3.571250,4.119369,4.096364,3.773943,5.505933,6.880093,3.412262,1.316464,1.718892,8.146528
3.255840,4.103870,6.687772,6.898508,8.144552,3.122425,2.082514,3.690388,0.980733,3.947496,5.871326
3.732943,6.255319,5.112947,5.368558,9.089833,6.285962,7.415902,3.453663,2.557056,2.406973,5.511101
5.476325,6.051726,6.369505,6.679219,6.558772,6.962991,3.738087,2.829143,4.216055,6.888026,6.357302
1.614605,7.977316,6.080359,4.665426,5.305678,6.969551,6.960649,2.563144,7.024743,2.547601,7.098811
1.736857,7.772179,6.080804,1.874296,2.654426,0.814834,2.877525,8.648369,8.537524,6.822612,3.994064
1.534801,9.956701,9.439901,-0.335718,7.311335,0.621014,0.035449,5.522896,6.440370,6.933250,4.885209
4.176608,4.448473,5.393715,0.270850,6.796677,1.792967,-0.297669,6.393374,5.906704,7.009458,7.078883
5.852510,5.373531,1.060869,0.280218,7.481994,3.458069,0.387158,3.855769,8.907829,3.978551,6.913815
9.238385,8.839818,1.283027,0.361684,5.042398,2.950927,1.662710,5.689666,6.099506,5.323817,6.796308
5.443859,9.324706,6.438571,5.898081,7.994113,3.441807,3.841600,6.712831,7.451423,-0.181858,7.309385
3.101881,5.890513,5.114069,5.876295,6.411450,7.325971,3.680013,6.276228,3.216830,2.219656,4.277995
5.412859,6.293489,-1.922328,7.145412,2.754723,4.125616,7.150707,7.710344,4.691583,6.536219,0.093030
1.500256,2.761521,1.631787,8.414990,6.505522,5.741698,3.993516,7.986291,9.164074,4.863548,0.317301
0.715978,3.849887,2.044660,8.949287,10.653488,6.786579,4.274930,4.271865,11.204568,6.599721,3.080985
4.362501,0.893647,1.248658,9.161283,7.266908,6.262625,8.176781,0.965197,10.340614,5.708140,4.363917
-0.752863,2.953328,-0.019141,6.907921,7.464967,4.452484,8.727615,4.230715,9.885670,8.666203,4.279127
1.686204,2.548852,5.328687,7.010245,5.537449,2.005855,6.238799,6.959675,10.627563,6.766657,-1.257690
3.962026,4.323604,5.118330,9.589421,5.187859,4.526307,5.246922,2.786496,12.449981,3.556181,-0.919874
6.733791,7.463452,6.272609,10.142904,5.440985,4.426331,1.426019,-0.431804,12.449169,2.385897,1.948215
9.548567,5.991084,13.245614,7.931818,2.027832,4.735369,2.909478,3.915607,12.429554,4.157332,6.734003
6.779346,6.111817,9.554366,5.712425,4.269058,4.408081,4.214904,4.506877,10.707772,6.340271,4.530324
10.131890,6.887870,9.213808,5.670998,7.016393,5.629251,8.727887,6.460109,8.939471,3.607860,8.013584
13.511925,9.328140,5.918912,1.520115,9.203970,5.911039,7.287362,7.533999,5.163833,7.903897,6.599177
11.605120,10.328554,2.571765,5.789294,7.808891,1.338069,8.280989,3.547798,5.166791,3.993230,6.009307
9.350537,8.373622,5.808580,3.005614,5.242582,4.111605,6.556518,7.044678,5.017183,4.923430,10.736262
5.726660,9.036188,6.991344,5.210935,3.957731,5.654112,8.439067,3.698760,5.591084,6.517128,3.179509
7.369961,4.303118,8.648677,2.913514,2.308634,8.558706,6.807429,2.768381,5.159693,3.178833,6.333970
10.643643,4.791735,12.325261,6.143072,3.628850,11.904085,9.028281,6.495997,4.429416,8.005436,2.819043
9.207296,5.320299,11.504543,6.317281,7.022635,4.867527,9.902191,4.913485,3.677959,5.501176,4.035769
5.927858,9.405455,8.181037,8.315356,5.104710,6.816836,9.663961,3.722426,6.609929,5.500035,7.492747
6.079503,10.025866,8.193454,10.936875,1.041484,11.502666,9.857163,3.772769,11.434772,8.651985,8.283648
4.173753,8.617570,9.853133,11.930225,1.340674,12.001692,4.845152,3.929316,6.931610,9.271248,13.006298
5.126008,6.439389,10.598443,8.482400,1.702639,12.661979,3.915896,10.715474,10.693314,11.496843,7.951068
4.667360,7.021568,4.611329,11.220756,5.321710,11.887902,6.339457,9.303637,7.013973,5.766791,10.425647
10.633230,6.661700,3.587440,7.491861,6.228332,11.134904,9.832913,5.351109,6.132407,6.803822,7.381519
11.217372,12.316361,4.593546,7.567633,6.307250,14.585267,8.008084,3.955690,7.506005,6.892759,6.956698
10.966537,10.869541,2.730618,6.853101,4.523166,13.164560,12.503693,4.867738,5.427692,4.339299,6.045963
10.643985,8.248317,1.555711,8.545228,3.100316,8.957901,7.693122,10.080070,5.646918,4.390081,7.298225
13.232843,8.129783,7.555042,11.130967,-1.872792,7.790693,3.165595,8.924531,5.498211,5.425985,9.782382
11.065475,10.959703,8.950898,10.061071,3.805235,9.150683,7.716517,9.178549,6.688068,8.906045,10.857154
8.445343,10.993248,10.169971,10.106791,7.697468,6.741934,9.114086,5.048564,5.426896,10.456511,5.955784
10.283406,7.909246,8.460401,9.232656,8.082039,8.340036,6.817613,9.241151,3.814876,8.645931,3.872833
10.410213,8.446035,5.962487,6.489398,3.391915,10.456680,7.383515,9.141465,7.845426,9.571399,9.252173
11.330661,7.163744,4.651215,9.398741,3.910258,8.473068,8.460144,6.792594,8.421231,10.344562,4.340491
9.131596,3.603314,0.793339,11.271201,6.123842,11.187547,10.901631,8.142577,12.246601,5.646946,2.479598
4.754722,6.771889,4.500509,8.792662,7.834539,8.621033,9.368770,4.825085,9.885250,6.164087,3.537999
6.369920,5.905760,8.879419,8.321172,7.519026,10.435306,5.111526,5.310589,9.207533,9.923998,5.997495
6.941116,3.315247,7.182806,8.916785,11.449722,8.876335,7.560164,4.930439,8.983525,11.727228,8.715362
8.775972,6.290517,8.976169,8.090990,9.317315,10.780219,8.629747,3.751164,6.852344,11.521323,10.629920
9.619226,7.552874,4.041566,8.285823,10.321378,8.980330,14.216493,7.050790,7.805876,9.230360,15.894629
6.048140,9.694697,7.333505,6.798180,5.218177,4.487299,10.687556,10.107690,7.855957,7.204240,13.206617
13.034910,7.019983,11.796829,9.637453,5.660220,3.782481,13.281893,4.029926,9.462716,9.237290,14.399460
8.125239,7.287903,10.831155,9.222616,7.262578,3.548404,12.802508,9.313973,5.947386,14.169514,9.406968
10.096400,2.939800,8.042525,7.994173,5.987559,5.696277,9.233219,11.699671,10.898461,15.112541,11.865705
7.148654,4.483173,7.690153,9.990403,12.542764,13.094240,7.648535,15.144625,8.978307,11.442707,9.917564
8.950925,4.313382,7.005878,11.286199,7.516009,17.598161,5.629009,11.442818,6.227132,10.449653,8.320630
6.497751,9.363284,8.619051,10.124477,6.270097,15.729464,11.374717,10.100139,11.794852,13.373600,3.028830
8.369432,11.583484,12.097787,6.434299,10.449628,12.028244,12.039227,12.490513,6.255137,11.730305,5.923621
11.194008,7.510331,13.288420,9.338181,8.844098,14.356683,12.553862,13.502830,10.781185,15.195726,5.648702
11.306387,8.572430,15.030738,9.587706,12.082804,14.240352,11.690832,15.383234,10.986084,11.796700,9.202753
15.276751,9.765690,10.218168,11.244577,10.219588,12.300879,11.186163,11.797677,8.052923,14.911810,6.261993
14.124212,10.598366,4.854216,5.904290,11.034481,9.741939,10.277120,8.791094,12.432089,9.081405,4.808160
12.442174,10.060317,1.369372,4.517784,10.458971,9.668161,11.836373,12.438865,13.689648,10.381194,5.446925
13.699896,14.566012,6.720321,8.561046,8.378469,10.036531,14.235092,8.211288,8.796152,6.148942,9.519413
12.692952,15.225377,7.445712,7.924948,10.802635,5.578531,14.651684,6.513398,10.181111,5.664732,12.281693
16.856347,13.890441,7.951322,11.103645,12.357796,4.708029,11.711001,9.745087,9.128290,10.688204,12.100684
11.013572,7.641855,9.615735,12.149439,8.676392,5.779120,12.701675,11.836953,4.655061,10.283886,10.129154
14.096172,9.426365,9.849685,9.778441,9.915075,7.933390,16.054054,14.989756,7.150435,13.500745,8.896985
14.307385,13.925544,10.365948,10.467195,10.156564,12.353405,15.752928,15.121115,7.894067,13.328356,7.620227
14.466792,11.804612,4.918199,9.118517,9.196195,11.737100,15.936981,12.201752,8.247717,15.901779,8.050581
10.545153,12.015809,4.978129,9.665134,11.309845,10.487253,17.924119,13.715126,8.431288,14.184356,14.309307
17.184141,16.023667,7.090339,9.491460,10.491748,11.369141,18.509601,15.596192,11.699541,15.442387,13.470260
16.506505,13.495576,5.743157,8.238056,11.138706,14.107022,18.092127,17.200024,11.616427,11.346468,9.532304
14.695346,12.039142,6.773026,11.538184,9.421705,12.363995,20.660276,15.326912,14.890356,12.684273,11.226450
14.009423,16.336518,10.881297,11.857501,10.884564,14.007577,18.723629,13.433164,17.740818,10.303323,10.824571
14.503486,13.635589,10.965241,10.180840,10.794074,16.510525,16.012495,12.760148,13.816970,8.686572,10.763407
14.865564,12.555797,9.855441,12.872302,10.007127,16.756531,13.281359,15.465653,15.968669,9.667036,12.269594
10.062979,10.920216,10.977642,7.126526,9.624520,12.779951,11.268676,16.867239,15.934743,7.303093,14.255090
14.533551,8.069575,16.464394,11.777847,9.748430,11.096103,8.468432,12.567101,14.306088,11.922963,15.635972
14.163761,11.662589,13.626073,10.849926,10.893126,10.650295,8.648028,14.827262,10.946478,15.761512,9.765364
12.989126,15.295152,14.782003,7.429239,14.021888,9.916929,10.583949,10.437299,12.023231,11.190674,13.142084
11.471896,13.197842,12.463500,10.685436,11.736368,10.339336,17.183023,9.644110,8.635942,15.371972,16.097722
14.453632,14.828720,13.039176,12.946371,16.289629,9.489442,16.905424,13.659626,6.058566,10.918323,16.631516
13.472412,17.616738,15.074010,12.743353,19.455295,11.177307,13.737574,9.231963,12.966473,9.701866,12.972737
12.158762,13.431998,16.632876,10.481735,21.874473,10.726525,15.837541,10.133791,13.607425,7.027957,11.196286
15.973173,13.358451,17.858208,10.776188,20.481010,11.152909,18.392016,8.460638,14.525689,11.141620,8.506402
15.503496,12.057851,21.154089,9.326597,21.001632,10.687226,13.705769,11.876700,15.949869,10.341340,12.509572
12.608498,12.231635,19.079084,14.096595,23.392953,10.738547,12.433211,12.350983,17.779733,12.070085,11.654153
12.221851,12.496929,13.589611,14.573814,21.388723,12.874106,9.230009,15.911130,18.341910,12.414825,11.461887
9.154224,7.895173,18.289457,13.327670,18.346890,14.664470,7.600545,14.450603,18.941063,12.315594,17.158459
10.471138,15.060537,20.234546,13.872109,14.995323,10.435104,13.328998,12.824095,13.531603,14.319706,15.148447
9.938358,19.043244,19.590551,12.705948,15.331262,10.995006,9.600838,12.973489,10.640691,12.164211,16.580281
11.712207,18.305046,16.237756,15.155500,14.494589,10.693184,12.925283,19.899573,8.830469,14.276372,15.031185
10.633498,17.909923,19.625109,12.759704,12.409276,13.375446,15.338081,17.891336,9.233458,15.427205,14.977883
11.932162,15.983516,20.211981,12.052712,18.602369,13.383402,14.651881,15.860995,11.268767,13.387669,14.134911
19.843433,15.109030,15.166068,13.007723,19.118234,10.845495,15.866851,17.691772,11.352471,14.957006,14.905975
17.844455,15.573051,15.207473,15.106717,18.547084,14.390094,17.696286,15.300820,15.298182,14.813504,12.850768
17.290708,17.512287,12.262043,12.883201,18.109116,14.638525,17.695704,20.182714,14.198137,18.670946,16.356832
18.293414,17.756460,12.947090,11.718479,12.089101,9.383103,15.406432,23.609011,13.166391,16.273452,16.970753
20.284842,19.178955,14.761946,15.658046,10.415026,7.621805,10.803808,19.366886,12.456460,20.277114,16.896698
17.764907,18.621991,19.364120,19.530567,15.881892,11.256802,16.670834,15.771222,14.803207,21.109546,21.063678
18.231986,24.458626,15.577204,21.612962,17.728048,14.504050,16.470967,10.985322,15.203372,17.768830,20.143256
17.632099,22.542201,16.269677,18.495190,18.065073,18.102188,15.888876,11.855371,10.273066,16.607416,18.830373
12.122657,23.935275,19.373648,12.764460,19.564247,17.823047,19.438048,12.388504,8.880383,18.030354,18.721101
10.604343,21.091936,18.796414,15.641612,19.256637,17.968808,15.986325,17.478075,14.481428,15.554447,13.252150
9.737291,20.846338,19.497299,12.490563,22.192658,18.688724,14.976612,17.818284,15.789677,18.299295,10.987271
9.248473,23.940477,14.032084,13.646594,17.834157,20.544074,14.114486,13.392312,15.223984,21.066103,14.674849
10.694099,20.697607,17.589194,14.042936,16.963221,19.469430,12.788832,16.232023,14.629908,20.901529,16.813875
11.245953,20.299792,16.423600,13.827840,15.149750,19.018753,15.900654,16.070390,11.020238,17.985468,21.312795
18.433398,16.987625,17.696293,13.784552,18.440152,19.940159,17.656180,18.667891,12.732408,15.360493,20.072616
20.495525,19.312688,14.220253,17.762646,15.108056,19.896084,15.441963,20.008646,15.915736,19.115337,17.467760
22.935987,20.350720,18.333232,17.745596,14.379431,18.164814,17.909647,16.064793,20.337843,19.661231,13.592123
25.908212,18.501845,24.034878,15.096699,16.345347,17.638997,20.503080,19.578051,17.437687,18.110402,13.681040
22.145663,22.002936,18.625548,17.837669,14.693602,17.517231,19.078148,16.355453,17.618280,17.752805,10.610148
19.382479,21.005630,21.456732,16.599219,14.032497,18.034684,22.215873,18.640275,15.027963,18.782697,14.947748
17.029137,24.477811,19.746995,18.939522,17.891916,21.070841,16.645426,18.474904,13.689910,17.724456,17.602923
18.255866,23.342740,20.488871,19.383523,23.876806,19.635408,14.163416,23.962909,12.767089,17.852429,19.357298
19.600650,23.169739,19.912904,21.152721,21.833653,21.163103,10.303743,20.910091,11.698834,17.433108,18.526466
17.257029,26.539397,19.235573,16.397505,20.890767,17.089342,13.422801,22.226275,14.047258,14.018218,16.751520
17.975876,23.584538,21.353187,13.980652,19.782011,16.515558,12.668491,17.507872,19.854997,18.828356,16.728143
18.770519,20.401180,22.168835,13.336271,20.028213,14.100535,14.468296,21.387399,21.076207,20.854967,18.086951
17.220248,16.256965,22.214103,9.092415,13.985721,14.188362,16.957927,21.252829,22.355773,17.064168,17.965167
16.769535,17.007565,19.363605,13.135368,19.117126,12.048006,14.762676,23.730818,21.914586,17.588835,15.773664
19.121875,19.271138,22.161869,17.912573,20.628994,14.118342,12.549620,24.208633,21.713839,18.451841,17.453127
19.082728,20.056482,17.106143,18.280751,21.486142,9.376378,21.747991,25.983242,16.584983,21.638212,21.272216
21.941475,18.478584,19.859253,21.723506,18.685442,14.822318,19.719319,26.582488,18.281973,21.792882,17.467831
20.090990,16.539130,17.410811,21.297696,19.561368,13.511955,22.115168,25.671411,14.663962,15.839079,15.289879
21.636875,17.958335,17.870762,21.036448,20.356921,15.120528,19.792714,23.453160,18.251965,16.397008,9.825256
23.005342,18.040490,18.578940,16.773522,22.899843,20.552364,24.094631,19.282999,17.114475,14.409167,10.441310
16.116451,17.566727,17.427242,21.194464,20.407202,17.612998,21.417279,18.207718,16.704884,18.610629,17.682636
16.339206,21.204255,20.109195,19.740124,19.436616,17.327216,18.127525,20.040146,19.237839,18.366469,16.809885
19.194468,15.850810,18.813898,18.244533,16.562125,17.542691,15.887284,18.874771,20.832307,20.362219,17.101359
19.221281,21.060081,20.135346,19.401707,20.268332,18.101080,13.999592,18.986324,21.380684,15.108724,21.342011
20.121475,22.247622,20.393147,17.623710,17.570851,19.392241,13.864028,20.200071,21.652082,20.136924,20.544727
21.137514,19.862229,22.765635,18.018801,17.287101,19.212055,16.319367,17.582487,21.089621,22.026121,18.623827
23.418094,17.659196,23.410292,22.879828,22.146302,14.646150,18.534201,13.939308,21.736558,19.626376,19.604637
16.120746,19.125863,18.056810,22.720348,21.882251,17.662450,17.271460,17.818774,17.670177,20.520533,24.715350
19.250976,17.087802,18.037766,19.287850,21.913952,17.852214,19.094767,14.960519,20.590386,20.010350,24.439000
19.877606,19.945602,18.617993,20.719625,18.610069,16.971443,18.280007,17.739967,19.656228,22.900339,24.966817
14.084409,23.328289,22.889331,22.216185,21.490591,19.340557,20.580633,17.956958,20.568452,19.724266,23.126092
18.208134,20.679062,22.606536,19.611112,21.322304,18.868733,21.048985,14.651070,20.008030,22.682442,21.121895
21.532477,20.643321,20.085897,19.090862,18.744902,17.700289,17.466661,16.038774,17.925053,22.863544,15.017408
16.600137,20.811721,24.018256,19.542018,18.843791,20.185045,25.622704,21.205702,22.370772,21.791697,18.737482
19.100034,22.649653,18.785524,20.619992,19.264219,19.132065,24.969282,18.906669,23.198332,22.209116,19.775516
24.172466,23.738611,18.574835,17.561169,18.678362,21.547658,24.245233,18.753109,21.648063,18.932238,25.521569
26.367696,21.442581,18.700497,21.957504,19.871438,18.774590,22.654310,16.282898,22.938119,17.589359,21.086065
24.814635,17.460141,19.825942,20.802095,18.753535,15.507842,24.080561,20.180859,21.701128,15.085879,22.865500
23.374204,18.237660,16.806485,19.584477,21.807467,16.169366,20.886969,17.896719,17.731640,17.039667,22.432225
24.648676,19.667716,16.597389,22.794824,21.938104,13.200493,18.708984,21.788767,19.739170,17.667927,23.153514
21.681299,18.966043,20.662872,22.448303,18.732644,15.050202,12.793872,24.152238,16.347122,21.663870,18.731321
20.215568,23.307508,22.332509,19.594313,23.695025,15.059261,12.839502,28.324013,15.503819,21.748473,18.173408
21.058355,21.109684,17.083034,27.664289,23.565305,18.445315,18.902732,24.556973,11.197711,19.071492,19.700353
23.006419,22.689485,15.663282,17.871792,24.662041,18.994502,17.922711,21.452809,15.239695,19.830637,18.967083
25.662890,24.972259,16.251669,21.653825,23.098886,14.900029,18.100254,27.906014,20.808864,18.557652,20.125066
21.645100,20.459526,15.160308,17.843606,30.226825,18.370756,20.124064,24.175131,21.188673,22.333673,19.898760
20.516353,18.952895,17.174527,16.584680,26.989604,18.697119,18.583050,20.385973,18.982682,22.966466,22.711056
18.472760,19.677665,17.187185,18.912696,20.763610,21.643164,19.742479,20.048498,17.063641,20.691905,19.593286
17.894635,18.612628,19.705964,15.408489,19.106563,20.046536,22.940489,18.454004,17.799585,16.738788,21.330127
15.419053,21.701582,18.089795,17.337541,16.325525,20.594650,24.552834,21.953312,16.379199,17.044492,19.833271
19.750451,20.897744,20.328505,20.361550,19.419485,20.819964,17.234145,17.590711,19.172803,20.702135,17.975096
21.760165,20.137193,18.898569,19.613581,20.344693,23.291219,17.187165,18.745644,17.630090,20.357330,16.666812
19.106710,17.153193,22.522084,21.029639,21.609136,19.966258,19.320353,19.557681,15.811373,19.400141,17.311508
19.635049,18.006576,17.879044,18.677114,17.006054,19.752794,22.957844,20.434611,18.095289,21.350590,19.727364
21.383665,13.588238,20.368920,16.035904,19.392287,14.797718,24.548136,24.244790,15.300469,22.256515,20.997176
19.239773,17.219867,21.890137,14.826127,20.890648,18.822383,21.173482,19.272606,19.592993,23.265867,23.753021
22.018813,13.989486,20.099205,19.039566,20.339753,21.329605,20.262411,22.200537,17.053895,23.541488,22.006052
26.640481,12.609789,19.529463,16.177261,22.563900,21.327248,20.067241,25.746556,20.519712,20.122042,23.686421
23.071738,18.462936,13.081730,17.813603,20.121354,20.598369,22.239191,23.685742,19.975345,18.435336,21.305518
19.142086,15.978184,15.595360,17.365118,20.094649,23.121971,23.113920,21.259642,18.617890,18.616508,19.109081
17.066440,15.307710,21.439079,20.367825,22.831230,22.617444,21.129790,24.448977,15.574667,17.596461,18.649263
21.181992,18.918095,25.366007,19.613021,20.092198,22.268602,17.343753,22.970099,21.295437,16.155548,18.325065
18.590689,15.862779,19.772692,17.689826,20.452205,22.890028,17.261690,17.264013,22.543310,16.315275,16.787564
20.228530,21.782306,18.652308,17.160831,19.732174,23.659656,22.996295,17.628268,23.578321,19.983772,15.169107
18.277319,20.160636,16.946878,15.173423,20.538800,15.080768,22.168668,18.558747,23.913871,16.993217,10.574153
17.722105,20.237088,17.786101,18.676793,18.150722,22.459354,22.542694,19.344340,19.232386,25.053025,15.731259
20.278997,20.809666,20.688919,17.639232,24.258650,21.173925,20.123138,20.415873,21.430573,24.215252,16.307653
18.603962,23.240271,21.479407,19.773495,19.628613,19.523019,17.294414,18.861438,20.105329,23.081019,20.377987
21.626704,22.654578,19.478586,23.964634,17.565608,21.514781,15.336880,20.017414,19.089993,17.949804,18.675562
21.861979,22.711216,23.658008,26.846704,19.648478,18.770702,17.326411,22.088007,20.574668,20.792302,17.807127
24.478797,21.761825,19.837621,23.401273,22.541726,21.779363,22.086989,21.875401,18.784860,20.681723,14.521034
24.316538,19.229035,23.878085,21.609485,21.753031,21.010206,21.771729,20.703554,18.924558,23.973042,14.229341
21.939595,19.727249,24.302763,19.865238,21.512422,21.847321,23.638369,22.785212,21.916803,23.446447,11.696539
19.822189,18.879937,28.455281,18.916269,18.275416,21.577282,17.071665,24.839303,21.641479,20.344410,10.462295
21.188589,20.488970,22.367345,17.768931,17.446644,19.463364,20.363530,20.722249,17.528273,21.322758,14.775910
17.306802,20.436508,24.875456,17.823053,20.968097,19.660500,16.721216,22.695736,19.284438,20.369385,18.512880
16.575124,20.424485,20.952815,18.023115,22.576523,22.933130,18.295743,19.595109,21.729537,19.836177,16.292870
15.036964,22.301310,23.844402,14.879348,23.025836,21.188006,14.422244,19.390939,17.902405,19.543229,20.736004
17.167155,19.914281,24.604889,17.841623,19.984264,17.484670,14.285557,21.144526,20.911316,20.954301,24.587885
19.963484,17.450521,20.852692,16.103287,20.969019,15.581925,18.425112,16.520388,20.998243,18.198791,24.130909
21.776261,23.739771,18.635329,15.479611,19.195693,17.424671,19.715132,18.189834,21.505112,19.619361,16.867732
22.658474,22.417882,20.305815,12.180566,17.283389,16.784744,15.611223,16.958122,21.204147,17.872382,18.198535
25.606947,21.547813,20.664242,15.033555,22.298429,13.873727,15.882571,18.003664,18.710483,13.362953,17.355155
22.579210,19.413615,21.508738,13.358293,22.868875,16.900267,17.412108,20.923091,22.466528,15.103290,13.064473
20.395097,15.409312,19.257956,15.408743,24.588935,22.384576,21.156217,21.207776,20.789954,14.736358,14.597984
22.242448,16.846408,20.551114,15.555659,24.503944,19.253455,23.374228,20.325992,23.379314,17.743299,19.870947
20.723447,15.957872,25.465753,12.623579,20.476040,26.682989,21.390633,20.791940,22.482074,12.855838,16.790437
26.586061,20.171024,21.821570,18.135768,18.606778,22.338141,18.436241,17.980408,19.860114,10.684592,18.794877
23.335594,20.096831,20.870448,19.897223,15.097545,21.062213,18.996451,18.584071,20.992185,17.563972,17.956031
20.104689,21.042296,24.211823,21.813065,15.520320,21.977661,16.581630,17.662779,21.033973,22.493125,20.179324
20.917417,22.317369,20.525340,21.606227,18.307958,18.827835,14.871221,16.500886,18.331530,20.831379,17.607812
20.394982,24.720479,17.528639,21.917835,18.437635,20.342108,15.363360,15.861388,18.397650,18.649263,12.866773
19.490504,20.639382,18.220923,22.112809,18.160867,18.344799,17.634740,14.082275,16.660527,20.962299,16.236444
18.306661,21.189196,20.937556,22.054958,18.763627,15.243126,14.477514,18.937233,19.151645,23.071310,22.351031
14.574386,24.020718,21.032647,19.396988,17.023534,17.592055,12.403223,18.154300,19.002577,24.248722,16.948624
14.745585,20.347765,17.715021,19.960170,19.755897,17.848838,15.443814,19.691780,21.132712,18.298712,13.139696
17.184142,20.156107,13.730414,14.946444,17.515091,18.860091,16.344210,20.833095,20.277173,15.076233,13.261308
14.287726,22.504254,14.833481,13.168976,17.043660,16.385146,17.262253,16.804751,21.327854,16.386086,13.730009
16.097345,19.327221,19.292939,19.003560,20.894609,19.337554,21.679605,17.325381,18.036895,19.089128,17.320019
20.064121,17.632929,17.966413,19.077341,20.853762,13.692611,16.850138,22.077496,15.664236,14.261020,16.948940
17.756586,16.992269,16.979975,18.967020,18.448671,16.720416,16.972124,21.291434,14.491965,16.696078,17.340467
14.357920,14.498227,20.126748,22.205576,16.213853,14.989985,13.617391,21.064458,14.906130,18.175627,14.249153
13.932040,13.089923,21.971136,19.071658,19.288128,12.287973,10.720039,24.402179,15.445835,20.019485,12.665029
17.237830,15.275390,16.012255,19.697646,23.504998,14.834668,14.879948,19.718286,16.504160,17.692256,13.833782
19.937949,12.924206,17.546513,19.463210,18.001390,16.788804,13.805464,20.663567,18.700106,16.662919,17.828901
18.042361,15.114929,17.525399,17.757380,19.603659,19.065902,15.100954,19.274678,18.644001,18.894689,16.307450
16.825911,19.351294,16.009660,21.665156,14.940500,18.888441,19.786809,15.245459,20.162531,18.976735,19.475559
17.099293,17.343021,15.127343,20.895385,18.746088,17.360997,19.631175,14.548725,16.147315,17.215637,17.872548
14.870533,16.321817,13.414277,18.878516,17.105215,13.277214,16.055107,16.822485,19.428412,16.786017,12.916186
17.266322,18.606131,15.679678,26.273015,18.469597,15.290507,17.015386,17.658871,17.270389,16.289211,11.036160
17.252408,15.267108,17.126909,24.137773,13.941969,15.364415,14.242351,17.862202,14.915283,20.593127,13.658693
19.022169,15.350950,16.843949,21.518550,13.372212,12.765166,12.895175,19.597336,11.663270,19.083203,16.998953
13.942084,15.809286,18.894970,21.502926,17.604010,12.887482,13.918680,18.439846,14.878164,19.588747,15.383525
11.044418,17.487989,19.269777,22.995230,15.196402,13.346934,15.188698,15.970408,14.302709,23.204087,19.116067
16.494607,16.572388,15.388291,22.811032,15.125671,12.188838,15.072693,17.003328,14.707166,20.593058,19.112356
19.360058,14.167068,15.412871,19.546190,12.524027,12.451299,17.103716,17.034895,13.606584,19.068052,19.083293
20.262906,13.104629,16.602083,22.538468,15.884794,18.599611,14.503131,19.395524,13.843340,17.675440,18.683851
21.849243,10.719022,13.373290,22.921376,13.809686,17.719620,16.880874,16.030899,15.345680,17.034642,21.639001
19.034946,12.691935,14.242067,22.838963,16.714214,13.267530,15.497957,14.583012,15.807807,14.829630,19.584502
18.417346,12.260225,15.241171,24.721671,15.017226,12.828554,19.133461,16.922814,17.849200,17.878650,17.602555
11.322449,14.190655,15.306452,20.800245,13.441308,12.350817,20.438791,16.065851,17.200789,15.492839,17.914586
13.734424,16.613095,15.812846,21.905885,10.402854,14.242098,16.976796,19.375144,13.652119,16.065715,16.461898
15.006384,14.303479,14.495797,17.028071,13.899636,16.705837,21.757802,19.022872,12.539342,13.379281,16.517380
19.733985,19.290336,13.327797,14.959659,12.890396,14.161424,21.345916,19.420294,14.381856,16.330930,17.476760
18.282135,21.911617,15.731889,13.618097,12.481863,16.237211,14.738517,20.655909,14.203424,14.094224,18.073207
16.861217,13.511745,11.623666,14.685290,13.343836,14.835623,14.664027,16.877403,17.466578,11.500192,17.728942
18.348423,14.977269,14.331535,16.043453,13.484522,17.811961,15.316404,11.043362,16.087802,14.847714,16.040698
15.736851,16.068478,13.232255,17.001880,12.890991,18.316218,15.855675,13.694767,19.094220,14.486730,18.914834
13.607836,16.735798,17.794620,13.948308,9.877717,15.336243,11.588384,14.646563,17.755609,15.134365,17.884115
12.944151,15.551174,14.322022,15.136296,11.769154,14.168666,13.361546,13.893635,15.236332,16.015187,11.204221
12.321100,15.270694,15.510094,13.693029,11.297711,15.277841,18.389645,17.605127,15.846431,15.583816,13.957179
14.036431,16.344461,16.643802,12.362941,7.997229,14.222439,14.396588,18.855345,11.159535,12.804208,15.443282
11.225363,16.575320,17.768344,10.015991,8.791307,13.451504,13.736687,17.657532,12.983910,17.666338,15.261069
14.639169,13.165181,13.563868,9.533693,9.501517,9.631154,13.841747,15.776175,12.595298,14.822245,16.117603
12.640377,13.445458,17.494489,5.402611,8.578374,10.110806,13.451240,13.230779,11.180228,14.402621,15.349316
17.887347,11.275497,16.281333,8.644737,10.355077,15.580399,13.619641,17.596294,18.228525,11.147197,21.619622
12.027349,11.718372,13.437365,8.186675,9.964171,7.674866,13.612516,17.186412,17.163181,11.794944,19.029962
11.957104,7.637836,14.036738,8.148811,11.857347,12.766877,15.207601,14.511515,18.045167,11.886886,16.221045
9.492141,7.254795,13.854893,6.824153,9.481237,19.341485,13.356920,12.929462,17.925610,7.703645,20.846400
15.325054,8.578797,13.807992,12.484709,9.176917,14.682324,14.141361,11.154481,20.246742,7.526538,18.565301
14.768949,9.341787,14.123730,10.345431,11.654312,10.959546,15.405724,10.232958,16.173110,10.948567,18.826557
11.015530,14.768648,17.046321,13.168304,11.521892,12.606733,16.178717,9.165874,17.517226,13.513243,18.519016
9.734484,19.515200,21.652828,10.022193,7.426458,13.964589,15.796664,9.209594,18.536604,12.813297,15.788733
11.426730,13.772493,18.956180,11.885207,9.581919,16.937330,12.055944,11.317812,19.507238,10.596720,17.133843
12.822803,15.301032,17.450809,12.227964,11.699532,17.604729,10.213817,12.182693,16.965922,10.924322,14.780714
12.134943,12.421887,18.736048,10.835253,10.177340,14.793213,13.885794,15.970487,15.365914,13.376446,17.541688
13.026197,15.285237,19.245838,13.522965,9.800819,13.228428,13.770193,14.501755,10.457519,14.778500,21.613114
13.981159,14.983870,16.095888,16.148957,11.882253,11.815023,16.355853,11.058087,13.300963,16.605115,15.292394
9.584202,11.473320,15.423889,15.324220,14.093761,11.244284,16.144660,9.731079,12.119720,12.583980,14.912501
11.301514,7.762144,14.008886,11.718778,14.972311,14.479383,15.316571,12.592458,8.820207,14.672770,12.112970
10.582086,11.077486,14.668105,7.228756,16.091338,15.485999,11.868636,12.304951,8.780438,11.533988,12.793646
13.872975,10.754824,17.892190,7.574499,17.146675,15.021474,14.417055,13.227257,4.616846,10.990453,11.587681
10.217285,8.148946,15.270851,8.182759,14.786566,12.489362,11.156014,12.432861,8.460324,12.086933,15.404209
8.631323,4.979189,11.170375,9.583865,15.271589,10.286019,14.285982,12.901554,11.661805,12.693311,15.138123
6.406501,7.537614,14.763981,6.566809,16.790910,7.451392,15.043632,12.592472,9.863251,7.628678,16.929559
11.057592,8.209149,12.459220,8.154369,13.118537,9.854052,17.380668,14.163924,10.652762,9.014907,14.791775
11.169150,7.574569,13.884757,9.325174,17.496428,10.053531,18.802839,15.500827,16.065079,9.325129,13.488211
12.492825,11.924075,13.416775,8.243961,11.968290,6.500738,15.915682,18.118222,15.040128,11.864647,9.838026
9.419709,13.065464,14.625185,8.637670,7.595674,6.065240,9.158244,16.436285,12.776300,9.478614,13.352578
7.055128,14.181461,13.436074,11.331389,10.573541,8.838907,10.292475,13.700771,9.185977,11.260622,15.166359
13.513632,14.343739,11.164607,7.032161,15.098533,10.649382,12.935775,13.179971,4.775312,12.996160,10.114088
11.997262,15.439051,8.795010,9.811711,9.310712,11.970437,8.986643,6.346482,10.140116,14.901893,13.547019
8.762975,18.984024,11.408101,9.891794,12.069837,11.822364,7.730076,4.034510,7.397502,10.770048,14.928969
11.375735,21.379840,13.084711,9.649304,14.147244,13.257464,11.635786,5.700794,7.486159,6.723203,15.597052
12.150481,19.169593,14.147829,7.107108,14.146541,13.765365,12.180070,8.273855,11.053436,11.097056,7.830070
6.785428,16.410999,13.684212,8.148081,10.668988,12.932728,12.083771,4.801848,10.081141,13.490717,12.457980
7.503801,18.217092,8.034272,12.150907,13.299807,16.859396,12.795262,8.886403,11.563934,10.930272,14.925116
6.476213,14.603872,11.754014,14.632944,13.420096,11.277131,13.904059,5.325236,10.530174,10.682707,10.611999
9.534068,9.849415,11.753709,15.091634,11.437444,7.513206,13.927022,5.759417,7.386687,6.975749,8.534272
7.101007,11.455491,13.121382,10.557642,10.185000,5.785372,13.552851,6.431454,8.353387,8.014094,7.036481
3.307010,14.878526,10.345923,11.773368,9.454886,7.668878,14.037696,4.375310,5.800515,11.867644,11.179757
5.349443,14.067498,11.409321,11.110431,10.149039,8.847522,14.565835,1.570177,3.996993,9.660116,12.593166
9.304419,10.346476,8.203566,10.736802,7.616416,11.240661,6.974048,3.250224,4.245498,16.864014,11.417494
4.003283,7.574704,10.980409,9.556872,6.293331,7.612911,6.189498,7.433028,8.165185,10.684458,10.757138
5.008081,12.953894,12.914246,8.217336,5.949736,2.790285,11.301549,5.752056,10.273068,5.981633,7.607932
7.108255,10.314468,10.717383,8.828269,6.647282,3.915406,12.358575,1.603154,6.691074,4.382016,11.490812
11.627601,11.063833,13.207170,10.302091,9.480616,5.680681,13.262206,5.171344,10.522047,7.489435,14.101802
12.809534,11.549962,9.278810,14.648372,6.216275,11.161342,15.044626,4.832455,12.375062,4.193823,15.445048
11.468344,9.610182,8.117975,14.499790,7.569398,10.580744,15.417327,7.905470,14.858917,6.940494,14.965676
12.958042,9.869509,8.187110,10.957971,12.727247,9.144228,16.586603,10.002016,11.063821,11.328192,15.530806
12.544675,13.478864,9.364758,5.726276,11.835006,6.792873,15.860025,12.064176,11.618561,5.689226,14.465899
12.817373,10.823512,12.514669,5.160002,10.786954,7.441190,11.747393,9.882678,4.183364,5.654794,9.149090
11.510079,10.854062,9.925175,7.895209,10.316763,5.426019,6.863433,11.084082,8.211366,5.503925,10.269532
9.716186,8.161156,9.265024,4.353770,8.176261,7.413425,5.973603,9.047198,14.243740,7.862861,9.227808
6.749795,11.656693,9.011351,2.417655,4.080523,13.896322,4.613714,7.758975,10.147552,3.263127,7.326666
3.660399,9.306570,10.940668,3.385803,4.740887,10.690713,6.521773,7.920046,12.774296,4.043666,9.680470
10.411458,8.195782,9.493618,4.583536,11.029251,9.575689,7.220856,6.859879,13.705537,6.872210,8.403767
5.827682,5.931892,10.423533,5.546697,10.675260,7.941783,9.007361,7.857208,12.536369,6.128296,4.510380
6.619857,6.869867,9.605349,5.857436,8.114281,12.510810,5.840299,5.569168,11.141571,3.659065,4.880197
9.971497,6.539650,6.918791,7.588222,12.441368,11.944718,1.879151,5.501115,14.482491,4.128724,6.369839
11.174423,2.909540,4.339512,11.279466,7.387152,10.007288,6.747423,6.542352,10.024669,3.888339,6.866715
5.457891,7.894250,4.460799,10.494039,9.858579,5.983565,4.134425,3.644644,6.954528,10.578334,9.513017
4.737729,9.868765,6.408227,9.142871,5.428867,7.455777,3.922442,4.823781,3.300698,8.172312,8.428887
1.656783,7.675993,7.377262,9.950070,3.603414,10.437109,9.181008,5.555107,8.649975,3.672589,5.382371
3.098337,6.000664,3.441976,7.572645,4.624166,7.685566,4.010963,7.859662,7.124433,5.074511,4.140588
4.408345,5.861969,9.659701,8.332942,5.902896,7.577826,4.505446,4.628320,8.037055,2.909856,4.936935
7.789396,10.125708,8.308030,7.043930,9.710214,6.284575,7.542077,3.339958,3.377687,9.271097,5.349812
5.368105,9.772864,2.463468,5.313935,6.680073,2.205992,3.291745,8.292676,-1.852558,10.443233,12.061688
7.415724,9.676913,4.913060,7.792227,9.484470,2.215159,5.358443,8.736290,3.276291,11.578253,7.027983
9.408417,6.348699,6.228704,3.616437,7.004126,6.232999,5.933229,4.306391,-0.778089,12.153920,7.662804
7.103197,11.330072,2.786277,7.779129,8.625366,4.881612,11.789196,3.348650,3.247261,12.656707,3.139987
8.230671,12.843236,6.578356,5.790400,9.480399,8.468479,11.499774,3.961150,3.294872,8.563525,7.061486
6.174095,11.407754,1.788176,3.084941,7.037145,6.648774,9.784346,1.149532,3.435671,8.402384,10.676078
5.841845,8.945527,4.908973,8.301392,9.028952,10.474350,8.011912,6.685205,4.651182,6.775585,5.659818
3.570138,3.680412,6.475615,3.366688,8.722676,7.432958,8.464294,7.555226,7.535650,6.592874,1.983754
5.153001,8.321594,2.448235,6.635294,11.884907,3.577119,5.315699,6.645184,7.409301,5.689628,-0.153980
4.046695,8.674727,0.501018,4.868105,10.353313,6.178796,-3.722633,0.747317,5.836852,3.281582,0.945440
6.195628,4.045987,1.734420,3.401051,11.075984,7.952200,3.003902,4.193496,4.892485,3.630980,6.470387
10.202937,6.421778,4.288136,1.025593,7.947954,5.553928,6.465505,8.599978,2.393439,4.779245,5.992328
11.273044,4.691027,4.830631,3.660152,7.939827,4.601495,4.264876,4.856711,5.176006,8.933497,4.405875
8.058043,5.890947,4.177077,-0.090099,9.353897,2.463099,4.501920,5.377064,2.552710,7.394057,8.132382
5.699670,2.284871,4.850079,5.852008,6.728106,0.746589,3.815146,5.959032,-1.186281,4.639087,6.412229
7.338346,2.259801,2.431728,6.569169,2.136256,1.422196,2.132789,3.573253,2.576672,1.771285,5.121902
5.564300,2.430053,8.481918,7.003093,1.888431,2.575834,2.000171,-0.857479,3.889581,-0.295962,6.620864
7.092064,-1.497374,5.724837,3.350193,1.422587,3.529373,-0.040855,0.681100,7.591788,2.595969,4.463388
8.012502,-1.044937,6.009396,3.673860,6.254300,3.071889,4.500597,3.219904,6.886440,2.790977,3.271463
6.759691,0.314091,5.504816,3.695429,8.782617,0.586703,6.433248,7.940444,11.653202,-0.013840,5.504654
8.525104,0.915304,3.031325,6.389362,2.234596,4.799879,2.546876,4.315674,12.372654,3.865341,8.953398
3.279668,0.737632,4.169754,3.823176,1.801576,7.567261,-0.234190,4.341492,7.984004,4.118319,5.010328
1.863699,5.460427,1.336712,2.284889,1.968034,5.539370,-3.457855,4.602201,6.937050,6.074334,8.021996
4.580198,6.253103,5.663575,3.820283,4.010867,4.044117,-0.971935,2.182935,4.235671,5.651396,7.783235
2.733343,10.369073,1.438055,3.357587,2.503210,7.039923,-2.494116,7.395748,1.050115,4.064377,3.920469
-0.494248,10.713793,1.936167,2.715186,2.958950,3.547958,2.312229,10.304527,-1.958912,1.845419,5.315679
7.118085,11.048407,5.387105,5.843494,2.995048,8.207976,5.471446,11.152113,-0.729482,6.420692,4.736656
6.696797,4.445629,5.373020,7.643333,4.757135,7.386542,7.467882,9.020717,3.419288,5.406790,5.553054
10.612502,1.601050,4.881802,11.610119,2.985572,10.709890,4.711502,7.630167,1.002007,3.364930,3.312929
4.700046,2.840940,7.276945,9.141357,1.683542,4.043370,4.814880,8.427795,3.354293,3.670021,2.289069
7.048666,2.628975,7.623571,10.430565,0.157336,0.328793,5.953395,13.399541,3.185045,4.111689,2.514474
6.702087,5.122109,6.279751,11.885448,3.207335,6.053575,8.427597,10.629202,4.183016,-3.130382,5.762071
7.593506,4.374666,6.765142,6.512932,2.516670,7.946188,4.735516,5.450228,4.505644,1.107080,4.245026
5.849453,0.061308,5.877648,5.451869,12.096113,4.079140,1.150037,5.181252,3.675320,2.305519,4.957756
-0.997607,2.700249,8.222552,8.128490,11.164828,5.534141,-1.191151,7.027530,5.623295,0.126580,3.606469
-1.688316,0.182933,6.987310,5.406964,12.469000,5.212197,0.927593,3.047075,1.173967,1.883832,5.962878
-1.824132,-2.189526,3.836913,5.224379,6.550257,3.387802,1.441972,7.551902,0.562352,1.918781,8.789977
2.398357,0.534569,3.562812,8.626947,8.265116,3.129028,2.224173,6.083581,5.336926,6.797885,11.732977
5.858128,0.137483,4.928004,6.474138,7.217903,4.327593,6.025883,5.282370,5.765550,4.933586,5.230863
5.055428,1.695685,0.779689,9.919788,5.341406,2.129575,5.766713,5.283490,3.811245,1.089829,4.621867
5.561216,4.873228,3.818911,3.974793,5.784598,-1.312823,7.179175,3.659901,8.744601,4.590090,4.517774
7.207008,4.928659,6.591219,0.228626,8.397437,3.340792,8.821924,4.516789,5.388792,7.306179,7.435808
4.015105,4.820809,6.398137,1.379740,4.602434,4.819535,9.215567,1.822060,5.206278,4.159212,4.104759
9.788629,2.827810,8.046344,4.537000,4.626521,9.205907,4.184466,3.858201,1.912363,3.448123,4.321394
6.041533,6.219147,6.241398,0.253897,2.318911,4.465957,3.589687,6.659953,0.453102,3.251877,6.164013
8.421866,9.698108,8.456893,5.832914,5.153479,3.056113,-1.812727,3.372362,3.860603,3.235501,8.584435
9.879209,8.588279,5.334518,5.532567,3.623317,5.649534,1.580700,7.952817,1.570709,6.893066,5.573503
10.467507,6.612210,4.216914,5.803297,5.619457,8.439782,-0.170694,2.212817,-1.406146,5.151651,3.770814
3.036807,2.956974,-0.203286,3.151653,9.897055,5.525030,3.874869,1.918724,1.071418,3.950099,7.653693
4.781927,2.619626,1.608778,4.433061,4.803808,0.568106,5.526231,1.357137,6.002505,1.637864,5.764022
4.965748,5.112475,4.614730,5.323226,1.930298,2.526162,5.005072,3.962575,-0.188857,7.396008,3.794581
8.577466,7.586831,2.735980,5.130463,2.735360,5.107718,5.303171,4.813329,2.480288,6.299939,4.152902
11.665838,2.566399,0.738845,2.951689,2.538932,0.786275,3.454453,6.364749,4.732380,9.113176,6.392682
5.029834,8.085427,4.045004,3.960439,3.126012,-0.088030,-0.092462,5.587681,6.621398,5.972157,3.019965
5.113258,6.880394,4.246630,2.353968,4.105409,-0.337352,1.410799,5.225723,11.673541,0.567550,1.683641
2.040988,1.466095,4.035405,1.884876,4.975977,3.963799,0.109071,4.574968,7.387768,5.985054,5.201729
4.347099,1.663880,5.177065,4.525436,5.768474,9.918069,-0.628526,2.939794,9.939519,4.343690,5.521653
3.255657,2.876694,7.868428,4.215259,3.210275,6.238597,5.376843,-0.220291,8.403984,6.730251,4.608769
3.115802,5.750133,5.178575,6.226119,3.494042,7.407095,3.659817,3.454973,2.138265,2.951410,7.004644
5.348533,4.693763,2.946032,4.319311,4.356822,4.022037,3.830573,2.300399,6.610885,9.782703,9.918065
7.964824,4.941705,0.382191,9.236649,3.012173,6.027580,6.449918,-0.124889,5.195776,8.526085,7.754378
1.440840,6.414119,0.601960,5.586882,3.638619,2.867776,8.737397,1.807175,2.236837,5.258869,7.503824
4.594298,3.209898,5.579068,1.752225,-0.517489,5.546168,9.480115,2.242027,-0.588063,8.809841,7.564787
1.920164,0.388150,5.548289,1.808162,0.984276,8.144522,8.090230,5.121949,4.123817,8.987018,6.898422
-0.195872,7.689450,9.904020,3.384731,4.306502,4.999685,1.791622,2.124994,5.363294,6.169920,6.048805
0.550795,4.757304,9.454381,4.543042,4.371941,5.448078,1.870658,0.894072,6.664762,9.215447,11.433020
2.480652,9.684344,5.835775,5.087262,0.801410,9.928468,2.310887,0.225752,0.623918,9.259327,9.133858
4.069335,9.309113,5.612365,8.485706,1.324858,7.217987,6.173158,2.221376,3.524678,10.575107,6.543163
4.179426,12.700675,4.912318,9.747201,5.716348,10.179775,8.254301,1.900438,1.156754,13.544459,3.124958
3.812868,14.702390,3.339637,10.342448,6.685675,12.204706,3.647270,4.626323,3.506999,16.443441,4.121355
5.551061,9.032134,6.290579,6.891405,11.108510,11.290163,3.471816,6.267575,4.030698,9.414504,9.911574
4.982270,4.928033,5.915104,6.653816,11.316514,7.052628,7.037265,5.641895,6.523926,5.695317,4.496980
5.871405,5.735989,5.597691,4.732183,8.547598,7.387004,10.026738,6.542450,6.204073,5.677170,6.004756
7.026083,8.449558,1.517815,6.196957,5.266920,5.496171,8.852251,3.032201,6.833979,2.443793,6.619259
7.797130,12.317043,1.660799,7.415780,7.784430,3.045840,6.614424,0.739305,5.660628,4.304894,2.996597
10.718224,11.841775,3.280383,5.921561,9.538520,4.544251,11.111035,-1.472949,3.352208,4.415024,7.616492
10.725035,7.708017,5.950060,4.160295,7.969228,6.656441,9.118058,3.285017,6.069559,6.270666,7.262054
11.513239,9.578410,9.374828,3.147907,11.161054,9.342359,7.632131,2.506968,10.373029,5.731646,8.028095
8.343533,9.308134,7.200477,1.200011,10.418528,9.567389,8.169354,3.647690,5.895072,-0.009385,7.184183
8.167386,11.666657,4.083019,3.032461,10.875135,7.673599,6.899164,3.634813,5.997344,5.278420,6.775109
8.857371,10.381449,4.489101,1.983966,8.830334,5.725642,10.183115,6.303549,6.579704,8.167539,11.803386
5.416440,6.263373,9.303622,3.890298,7.540831,3.711205,10.342106,3.763497,9.968976,4.563233,8.312633
7.229768,1.809725,9.825753,7.005477,8.267733,1.727105,6.514126,4.707549,7.998688,1.832173,3.262879
11.364185,11.079451,8.065171,6.281159,8.568664,2.213153,5.245652,4.680418,6.594463,0.054676,8.091166
6.780498,7.124088,10.438303,4.881621,5.830992,3.690474,8.080770,5.834304,6.747227,0.944830,7.095019
5.570290,5.003937,4.237176,12.023426,7.473658,8.498636,8.404237,9.917288,7.388472,1.551886,8.114919
10.427814,2.297825,9.006726,9.706314,2.362921,0.446998,5.653959,9.570333,7.981746,1.307267,3.295100
12.839912,-0.922337,6.875017,11.371242,6.468681,2.886530,5.856429,8.277393,8.104253,0.642142,8.887646
12.829976,0.869729,7.449532,9.241202,4.466158,3.032306,6.259117,10.173786,6.796693,2.970415,6.102105
10.434051,5.266574,4.493791,9.396768,5.757192,5.792222,7.545288,14.143395,10.160680,4.696302,7.662172
8.028933,4.372934,5.416637,9.622437,3.495618,8.456518,7.470263,12.885712,7.706856,9.809083,6.846793
5.818877,2.806868,4.212132,7.417765,5.733992,4.513977,8.127505,9.579475,8.372524,8.010942,8.156259
5.172079,4.327799,4.079038,10.875032,9.720686,5.946931,10.415655,7.552656,5.758857,1.057975,8.566293
4.885814,5.583508,7.765677,10.011286,10.555091,7.318948,5.902637,4.142370,8.527166,0.831202,8.212293
9.409800,6.613790,9.555234,8.299559,6.415373,4.223894,1.468901,0.609148,3.969948,-0.066116,4.391669
8.018560,8.582754,6.483373,7.495595,11.966871,8.326670,4.696276,0.230878,5.104931,4.348438,2.852070
12.091076,12.508604,6.976335,7.935485,8.242769,7.794794,9.060572,3.230287,3.915946,6.305850,4.369408
13.619538,11.477761,7.746104,8.456857,9.625893,8.147630,9.941956,0.974946,9.017421,7.793710,7.124392
9.005479,12.990980,6.676044,7.460719,8.931338,7.056708,6.687400,5.308851,13.494670,8.277525,7.887129
9.033611,10.999579,7.273023,8.282153,7.745395,3.818268,5.851389,8.278461,12.168115,6.992108,8.030210
7.030072,9.669409,5.437773,5.570989,5.086573,6.700471,8.734676,8.939383,12.148982,11.252494,3.663164
7.936918,16.108742,8.002640,7.403860,2.086437,11.954514,6.834745,4.502342,7.411666,10.464322,8.716597
13.188083,14.357422,6.133569,9.700695,4.215638,9.260632,8.798486,8.955049,6.134676,13.322971,7.384691
8.319754,14.861920,9.113813,11.160112,7.062122,8.014808,8.531409,7.910132,6.520072,17.223830,7.866087
10.002865,12.731934,8.054507,9.841474,6.221307,6.821346,7.159032,10.409683,9.244275,10.697554,12.437362
7.299392,9.189907,16.308865,10.119420,11.969126,7.379288,5.118592,10.147815,9.043827,9.096741,12.742253
5.605315,11.556449,10.984015,12.919494,7.219170,7.996476,6.052470,12.423667,7.908380,7.974965,13.791393
6.890712,4.916355,12.845531,12.903928,9.362588,6.968997,10.588196,12.514252,10.532396,7.527439,11.153888
4.068763,9.119694,8.292565,9.803544,9.035688,11.810482,11.007463,7.126599,6.617321,10.292286,8.609101
7.956484,4.732201,6.902328,8.925019,13.447388,15.039325,14.636269,10.371772,5.624330,4.698960,9.365542
11.490947,6.470403,8.046923,9.267559,11.738996,10.634438,17.292501,7.970035,4.461420,8.750458,11.491305
15.443271,7.856787,8.685717,9.661844,11.209456,11.068864,16.365870,6.209655,3.584235,7.349378,15.395406
15.314234,4.875368,5.307696,9.525833,8.765204,10.673136,17.219159,9.091996,5.962568,6.419038,12.460035
11.253355,5.646846,9.498607,10.048689,9.391552,9.465953,16.517057,3.729516,3.437340,9.335558,8.694011
8.290159,4.124723,6.666699,12.323760,9.146729,7.366780,13.835900,4.573473,6.295745,11.256075,10.911351
7.672927,9.411884,5.182023,18.101228,9.356296,5.941136,12.388804,5.261542,3.252421,9.835929,8.912485
10.978706,8.568149,6.374474,15.310536,14.407734,8.483381,10.534720,10.064701,4.976687,7.818569,8.494982
9.362832,7.156588,8.021748,18.006224,10.422528,11.257527,15.437615,7.438788,7.333135,8.813265,6.375513
11.710552,7.017598,9.500508,11.049879,16.613568,11.788157,15.837392,10.096514,8.480706,11.908604,8.391060
12.043141,8.319199,5.545980,11.387469,14.013212,14.097504,12.182194,11.662448,12.893465,16.196502,8.296743
12.677676,9.237835,6.102963,14.079317,11.438746,15.959624,12.677206,10.821119,15.613443,11.319529,11.841751
11.517771,9.611727,8.257404,14.432741,6.919015,15.494229,11.907077,6.580205,13.761553,11.775812,14.747844
14.867508,12.105864,9.255964,15.450830,10.646280,10.798874,13.006964,8.485134,9.117261,12.073897,15.493576
14.314344,9.330916,10.108099,14.775095,10.158127,15.953591,9.067286,11.821020,9.059084,11.791812,16.218646
16.285437,10.388591,10.348797,12.067828,10.848221,12.252466,16.207129,12.276682,12.044287,15.838396,11.869426
12.415149,12.997292,10.440986,12.021783,8.961739,9.794819,18.115886,13.392501,5.310264,10.669561,10.593970
5.990503,13.630819,13.117317,12.719468,10.210630,11.496331,15.973033,18.365007,7.803858,12.846566,14.552738
12.840484,13.461552,16.801318,14.217727,9.265292,12.449185,14.461963,13.619086,4.310401,14.019228,10.924006
14.130904,13.962042,10.266581,14.105607,13.776897,11.647920,11.037076,14.554110,6.603166,12.475940,12.551157
15.263179,9.671698,12.866210,12.401872,14.818952,10.077965,11.002943,13.824519,9.213299,9.897266,13.779646
11.703346,9.991592,12.072103,14.703563,14.624403,8.010853,15.703859,16.200495,12.785847,11.722581,12.494780
8.281598,7.910702,7.576674,13.977994,13.473505,12.045561,14.881705,11.501043,14.192258,13.909733,12.782568
9.056231,13.515952,5.911178,11.679412,14.245970,11.606614,11.919491,13.701450,11.349978,14.277727,11.502965
11.602847,12.169068,8.638383,9.191013,10.641644,14.609549,15.309927,12.851675,14.381878,13.167740,10.068597
7.834200,15.627048,6.353739,3.161990,9.791416,12.171788,13.386419,11.948216,15.425240,9.614072,7.802961
11.054983,14.276610,8.576565,5.181092,7.858045,9.673440,13.983099,10.791668,14.818431,7.756193,8.384819
14.051525,13.403973,10.871718,7.948161,11.359668,8.722290,12.256444,11.226182,9.581510,8.189716,9.400420
17.738496,13.593127,12.706209,10.327425,14.084397,8.336268,12.154532,12.504685,10.967280,15.833832,6.577178
17.279403,14.157133,9.692364,7.283076,13.857029,8.790733,13.308099,11.498616,10.408132,11.696265,7.289737
16.592722,14.918720,12.225760,16.426131,18.201418,6.839656,14.098784,12.543986,10.430464,12.676106,10.930393
16.488073,13.067909,15.675562,12.241032,18.083541,11.651354,11.510268,15.516046,14.769690,8.943158,7.545543
14.080323,12.495321,14.374774,11.083567,15.137921,9.753446,15.347997,16.368569,12.237223,10.507093,11.372182
14.019892,11.372499,11.059591,10.584847,10.545120,11.916458,11.671362,13.257582,12.126669,13.676240,11.722991
12.214927,9.512087,11.837668,10.326700,5.354785,13.661049,12.858366,17.018587,16.512372,14.346043,13.104246
12.307659,10.064582,6.862979,13.387574,7.826972,14.184841,12.898274,17.535954,17.812463,13.818139,18.293516
12.683822,9.737660,7.957830,13.516545,6.484085,20.368217,17.008085,15.441693,18.892462,17.265174,16.915670
18.460103,9.356198,9.097954,15.280829,11.051775,17.125015,14.836313,18.792908,21.346773,14.678775,16.133138
15.620971,10.842907,6.988952,16.081369,12.804485,16.639131,13.547986,15.181522,15.303445,16.252327,17.337373
15.983778,14.403657,8.187735,13.817606,10.472021,18.359283,10.816008,15.775119,13.735991,14.477261,19.588170
17.171935,18.149463,13.697209,14.619968,7.539547,18.500093,13.435351,17.309026,14.082545,14.917790,14.825716
11.042838,17.615476,16.406542,15.379683,11.766544,16.580612,13.291718,15.782700,14.437670,15.109392,11.709541
16.733679,15.837296,16.295929,11.797604,12.752410,13.440025,11.443942,17.940521,14.369173,9.377915,17.835227
16.069362,13.499747,14.580902,16.173016,13.586859,15.246726,12.526736,18.829787,12.502861,13.967729,21.175980
14.273099,16.548039,7.126682,10.360943,14.566031,16.271906,14.790611,21.569941,16.971982,17.342181,20.323716
12.399475,13.650501,10.194171,9.808170,17.184579,17.218194,14.645570,20.660887,17.431476,16.642959,19.112584
17.055919,12.096670,12.740518,9.804805,18.446908,13.855857,14.057980,16.104163,13.185911,13.101610,17.697409
16.993090,14.203216,15.809196,11.643543,15.325423,18.256758,12.647193,16.962313,16.007253,18.737910,14.103686
17.460879,15.966121,13.667652,12.831061,16.624374,21.552173,13.689248,21.616816,19.209296,19.154755,17.601494
14.901027,14.897762,15.616307,15.429518,17.565883,17.767872,13.631952,18.063691,18.306449,15.339418,15.674895
17.868680,13.993569,15.989140,15.384829,15.660248,12.025860,16.204206,19.177309,13.064561,15.742920,21.040694
17.118011,17.429421,13.448856,17.705939,19.556454,16.675477,16.425484,17.843552,12.640057,14.708763,23.832321
14.238189,14.631858,17.656584,17.656254,14.554360,12.533286,17.695950,16.829935,15.880267,11.621138,23.720586
15.742515,16.541139,15.491979,18.095762,11.507795,14.313889,13.787134,14.679792,14.754791,13.547047,24.248364
17.478126,16.388077,20.174719,18.091222,11.414810,17.284176,11.278547,14.527261,19.325637,19.553635,22.284458
20.890468,16.344628,18.297828,21.480726,16.393077,19.055837,14.310600,15.207840,17.670729,18.412475,18.445386
16.706467,12.117261,13.640132,17.057589,16.234075,17.224141,12.770782,10.592191,16.727013,14.470190,20.994012
17.031049,17.374778,14.590249,13.210397,17.101759,19.013818,9.000126,10.454304,13.712483,14.757400,21.442726
12.560284,20.664980,14.164556,17.256973,14.675453,17.252234,12.723179,11.359968,12.646260,17.888037,15.683469
12.835878,17.528824,20.893151,16.082469,13.353581,15.963236,12.278486,14.141257,13.265931,19.732997,13.806017
18.618613,18.453073,20.766231,13.793598,12.942657,15.900560,14.324220,13.206040,16.788406,19.817904,20.723464
17.594949,17.358461,21.550373,11.985929,13.180221,17.848967,14.354455,13.239515,17.733773,22.489390,18.457508
17.780649,15.790228,19.274797,16.628726,14.125079,15.879326,15.812592,15.572657,16.538146,22.052966,17.195187
20.894651,17.551917,15.955079,14.457304,19.032077,15.213445,11.812296,15.787093,19.976011,19.252829,16.248581
17.123119,17.483511,18.982087,11.933585,19.599325,17.900044,13.815093,18.014251,21.695045,22.242847,15.330527
20.763507,19.078681,20.345233,13.017658,19.096951,12.823000,14.056756,18.118618,18.918308,24.654605,15.450388
18.582301,18.918769,20.236304,17.897000,16.206115,18.041602,13.864240,17.271508,19.711138,18.849061,13.044029
18.810023,15.456291,18.516379,13.689470,15.597833,19.346513,18.242772,19.334136,22.135293,18.814972,16.347336
18.466743,17.598705,19.167070,17.181108,12.608189,22.808783,22.416179,15.165580,21.350162,23.806832,22.094623
15.824832,18.959222,17.633336,18.392276,12.120479,22.517881,17.904092,16.122699,18.715753,20.639749,24.520030
17.016020,15.448521,13.914045,12.779804,15.000896,20.361881,22.941521,13.830015,16.980457,19.489726,19.875549
16.212898,14.774800,16.067676,16.829903,14.754401,25.451534,22.336806,15.928014,16.577379,18.377664,16.560091
17.702079,15.242100,17.116411,14.581387,19.394137,26.430057,29.122890,19.207546,20.263157,20.502285,17.834221
19.817918,16.017085,18.690833,17.300947,19.863999,21.752514,21.985221,20.715738,19.957205,18.316570,21.386812
16.215546,16.084253,23.249541,17.891922,17.255805,20.657102,21.674734,21.370698,24.176190,16.490920,19.966891
14.015473,15.109489,22.419890,15.293524,16.391613,17.997009,19.056721,22.980304,17.862916,17.398361,19.179633
9.685380,16.289925,18.557950,19.191918,19.299639,24.486949,19.484405,26.131277,20.129306,17.708924,18.566980
10.536772,18.134287,20.221518,21.213631,19.684464,20.324935,18.614575,26.049375,20.080486,15.845581,14.064662
11.485968,17.302904,19.729832,22.403529,15.176781,17.400497,21.063912,25.500654,20.770393,17.815649,14.264276
17.827632,20.350139,21.250223,16.329273,19.622605,18.481945,17.150085,23.656266,19.096147,18.908748,15.859578
15.481351,21.332570,20.504619,16.409717,19.511320,14.064105,11.662388,20.182561,18.276631,19.842946,16.086553
19.573884,20.793976,21.757132,15.785466,24.145727,14.051642,11.343509,19.461416,21.049522,23.262920,14.092135
16.917227,16.940693,24.966307,16.930205,22.202235,13.303321,12.718227,19.145078,18.974088,21.861442,16.458776
20.603345,20.054966,22.886341,17.096729,21.410801,19.473797,13.131397,17.149402,20.152092,19.545065,18.138791
21.608118,17.797166,20.818085,18.198773,23.383073,15.792102,20.087921,18.036916,19.913780,21.491015,14.939095
23.762407,17.963560,20.843198,16.967110,18.174597,17.248573,20.706371,17.803563,20.242060,21.645337,17.700604
20.024287,21.527803,19.575615,17.117399,20.061176,13.211034,22.092235,15.380202,20.538254,17.221682,17.676169
20.230795,18.369405,19.561755,16.932621,18.556655,18.482785,23.958391,10.598510,18.923630,20.063677,13.798585
25.707642,18.411915,17.152227,19.621618,22.561610,18.072091,20.757384,15.517936,19.832204,22.542938,16.659313
22.747203,21.834629,20.919082,17.495959,18.330246,19.108605,19.423905,23.833152,16.885210,17.815119,16.646732
23.516094,22.218502,21.941198,16.204111,20.633972,19.951846,22.422682,20.659905,18.796304,16.197575,15.267092
15.598608,23.445550,17.581701,18.351481,25.296225,19.654996,25.533275,17.080546,21.924191,19.644414,17.451211
21.584395,22.830131,16.076778,19.254067,25.047058,20.447348,19.442585,15.433421,21.717510,18.119559,21.423756
19.793945,23.974597,15.642014,20.718558,26.059911,20.012961,19.884297,14.910392,23.193069,21.267483,24.595560
18.333934,19.887955,16.041841,20.893303,22.235085,16.216845,19.167624,17.668411,20.313641,20.326808,27.422164
17.257713,20.276324,17.041023,17.212450,21.530547,19.578271,15.447956,18.922089,20.508570,17.592839,25.858112
17.581406,20.387721,18.662427,24.473689,16.791080,18.285084,19.192623,23.835673,16.358770,20.986111,22.990189
17.391624,19.411451,14.017076,22.809019,16.339838,21.282843,19.693943,24.810110,18.172510,20.511190,21.824564
16.542618,22.265650,16.363089,22.697160,19.100679,21.756330,23.867183,22.660894,15.646746,18.733109,27.417092
16.517765,22.487000,17.184025,18.915311,15.429338,20.753888,19.431570,21.026412,17.566212,19.229472,22.103013
17.037705,20.422770,17.903348,15.964019,17.516132,18.781048,16.940266,18.982154,19.430016,22.181501,20.113689
15.858428,18.589394,18.787562,18.534303,17.659264,18.232166,15.876344,21.475880,17.329080,22.347288,21.190649
21.933789,19.409117,22.416808,22.500569,19.535696,18.488666,18.994777,21.850684,13.295125,18.434120,18.439297
16.470347,21.802479,23.904508,23.869585,21.482068,22.110042,18.116635,24.506718,13.195602,18.036826,16.313753
16.416251,18.141426,23.038308,25.409797,23.386166,20.702909,17.799534,20.473236,17.899484,20.353639,14.394655
17.432783,19.578772,22.343168,24.967153,22.301628,18.752879,21.386216,18.072179,20.239490,20.102909,22.568872
16.426101,20.757284,20.276054,22.303382,23.985199,22.125166,20.510745,20.561560,21.095398,22.707475,24.037084
17.776197,20.466155,22.512855,19.445220,21.807672,22.437391,18.735681,22.545298,20.202783,25.103754,27.012637
19.749209,17.216274,20.207973,17.166201,24.943955,22.505337,18.433403,17.123278,20.383442,27.354934,24.848732
19.825331,16.899198,21.091926,14.412553,27.349126,20.269514,20.182545,15.884717,21.549340,24.280401,22.419604
18.046380,17.570227,20.392545,17.632050,21.301760,18.532317,21.950977,16.806731,19.721948,20.890521,25.242047
15.898749,13.378937,19.904263,17.279121,22.416723,21.029362,21.361510,13.949014,19.389890,20.898256,24.924695
18.442286,21.119680,21.271957,22.212524,21.833517,24.334279,21.648281,15.780205,21.063588,17.645846,23.579679
19.587711,22.167393,21.686528,21.528312,19.707069,19.690230,21.557151,14.031112,19.129167,17.693558,23.786828
19.772148,22.497372,17.778936,20.107137,21.423755,20.646090,18.862921,17.883565,19.725447,19.004357,18.632694
23.332411,17.725115,25.285665,20.047787,20.900843,21.288368,17.298281,19.113748,22.604737,24.536284,18.483657
16.735419,16.990932,19.438250,18.269131,19.652031,25.232156,18.571618,15.358965,21.977321,21.949437,17.833262
13.962037,17.977382,21.859944,19.547923,20.372326,20.291809,22.346094,18.160757,23.572285,20.373992,18.036598
18.561631,21.542856,22.086528,19.393372,20.115006,17.509452,24.546905,23.392748,25.789259,23.887792,14.027046
20.237872,20.836250,20.829560,22.423671,15.309649,22.234470,21.126505,21.068898,24.210105,22.826761,16.163188
22.490658,17.451528,21.535259,23.468805,17.588745,18.555395,21.755631,18.995214,18.287997,26.585937,20.929962
19.328768,19.331430,18.586885,19.635351,19.110910,21.015119,21.493810,21.006230,14.296771,26.679149,19.935003
21.070799,16.644639,17.189815,23.891346,20.906367,16.150237,17.297006,19.249040,13.091828,24.669717,20.014913
22.671158,16.730398,17.738953,19.148153,22.825580,16.537633,18.506565,20.069020,11.831349,25.832489,17.588056
21.441114,19.330292,19.986887,17.961433,24.403061,15.852983,19.454986,20.467995,17.172573,19.450442,22.151099
17.886410,20.886513,19.265740,18.664176,23.157446,20.061105,18.088826,20.932855,17.888820,19.356916,21.535934
20.882092,21.728544,20.278011,18.567180,21.470877,20.573307,17.709044,23.535839,16.788754,23.519847,21.428995
18.662275,20.555892,19.874830,13.522182,20.578766,20.205072,19.391704,27.992394,18.848848,20.754200,23.847856
20.120464,16.243114,18.712300,19.519369,21.514666,19.873792,25.236008,22.533624,22.195318,20.567699,22.838348
17.410815,15.794026,16.629814,15.484197,18.937076,18.869593,23.250600,19.597549,20.697611,23.246981,15.492342
19.133101,17.592874,19.287935,15.595983,18.667714,20.930096,17.809180,20.948951,20.950639,23.211994,17.382116
15.224980,14.832389,15.992279,13.977545,20.070078,20.970723,17.668973,24.795663,19.906670,25.022701,19.935120
15.599850,19.004574,18.824899,12.611244,15.972007,20.352238,19.750324,20.275840,21.076943,21.816151,22.514471
19.409550,21.658542,16.719220,16.796283,20.329727,17.641377,21.390202,15.795178,21.625351,23.295844,21.389408
24.553445,19.271067,15.436714,16.229735,23.354944,20.417123,19.721379,13.640612,20.777827,23.373336,18.754454
22.566667,17.107279,15.853097,21.150200,21.342048,19.392374,19.946725,19.017353,18.585987,21.123915,20.298932
19.656768,16.820880,17.586500,21.259967,17.818376,17.186239,23.886649,17.836226,21.662369,20.280386,18.043291
16.799298,17.686279,19.807182,20.947385,17.695072,16.744455,21.124718,19.398846,20.391532,18.877499,19.491690
16.342592,14.745845,17.198199,23.300286,18.890664,13.675654,19.054964,22.062467,22.615190,17.117919,26.205323
20.110389,16.836973,20.031952,24.167140,19.152560,19.859605,23.507896,15.515836,19.149741,17.741011,21.551425
12.717704,17.030308,22.992105,17.441427,18.413454,18.691384,26.294213,19.499147,19.179847,20.197129,24.027204
11.838260,14.720248,20.707254,18.729507,16.865564,15.140669,26.738273,18.108859,18.388855,21.041049,23.108991
16.809844,20.457857,23.341977,22.287682,15.195999,17.672427,22.807692,16.500255,21.474047,22.497976,18.850068
8.653172,21.755895,23.286741,20.973082,17.872120,18.568901,20.627716,18.781760,24.238675,22.705721,18.716372
11.121026,23.459971,20.607720,19.637133,15.126066,17.954409,19.232407,21.671584,24.594763,21.299512,16.452463
13.322566,23.467544,15.655055,16.122301,17.687078,18.762977,14.792831,22.934492,22.772083,22.007072,12.573470
15.055024,22.415834,15.034589,15.463898,19.966622,17.447198,17.322873,23.713180,17.393632,17.923028,11.795012
18.950260,22.816674,13.653827,17.233516,19.270668,16.558008,18.449268,23.159584,19.301662,17.431083,17.056422
21.342134,20.536288,19.146026,16.330298,14.466441,16.256181,16.350985,19.723128,20.070676,18.087765,15.768307
20.377851,16.961107,23.878999,18.455486,14.609563,15.659475,18.804626,19.845921,14.330938,19.434408,16.402359
22.114836,18.367567,25.558596,19.082689,17.682125,14.809609,20.809448,18.577853,12.503542,19.481504,15.814016
17.148101,13.705782,23.387345,18.532081,14.801715,15.174129,19.380366,18.655266,9.647537,16.398797,11.521304
20.236106,11.579435,20.489166,21.777184,14.111009,15.225578,19.387265,18.513983,14.179901,16.189854,13.892270
15.827543,15.043845,17.792668,21.813646,14.523083,16.545469,19.668113,14.952982,20.751186,18.194605,14.153195
20.166811,15.220993,14.101321,22.845636,13.981681,13.774514,19.327773,13.454876,24.415453,16.188807,14.187220
19.571104,16.568778,16.930250,16.377416,18.819217,15.424460,19.020653,14.056039,20.680821,21.258307,19.128386
19.791327,21.938073,16.363269,23.846559,17.387003,15.244599,16.791822,14.961894,19.950523,19.422258,17.233944
19.411541,20.580121,15.620837,25.603664,18.917530,15.309514,15.431119,19.383534,16.613665,20.832023,17.070244
19.491595,22.729366,20.266418,22.743488,23.072916,14.497006,17.336989,20.551721,15.377077,20.013846,19.234574
20.941592,23.392715,16.756811,17.608238,20.741922,15.292237,21.585601,22.892682,13.359530,16.752453,24.733086
20.524308,20.476786,19.299639,16.673214,19.797586,17.137305,17.859891,23.093242,18.046068,24.632196,20.222325
17.501660,22.617059,20.957101,16.534787,18.747192,20.366330,14.677075,17.882937,18.687319,20.873650,18.285130
18.828172,20.747949,18.432892,21.764684,21.717872,18.746172,13.712201,19.927423,16.661068,20.511288,15.304061
19.797550,17.978672,14.594484,21.471382,22.703493,18.148142,11.962096,16.929645,17.247620,17.080477,19.441866
20.648206,20.018054,16.762477,21.829760,19.296305,16.819074,12.198121,15.787200,16.775588,18.323055,24.292353
22.713326,21.467349,14.722771,18.616535,19.469230,18.851824,15.321507,14.895080,20.037966,17.676099,21.508639
21.660236,19.014255,13.872169,15.684219,17.886333,14.095746,18.694476,14.866798,20.115904,18.318805,26.581167
18.650970,17.788165,11.009497,19.016724,19.207574,13.422332,17.115241,20.877801,19.729095,19.256038,23.744128
18.361917,18.257212,13.691963,19.161027,13.677166,15.714702,20.105368,16.765297,19.175380,23.748358,18.341911
15.117158,15.760453,14.363482,18.693500,18.353734,18.437245,19.530618,17.136214,18.666789,25.791051,23.334965
18.766244,17.566733,9.917557,19.890195,19.056608,14.655565,21.361921,18.252745,19.476521,25.362084,25.017021
20.795403,15.959564,10.378042,16.787114,18.037458,14.248647,20.544409,18.468452,17.140354,23.639199,18.554503
20.175171,17.409906,10.079139,23.250770,16.486920,17.044976,20.032175,16.172638,18.089686,23.059104,16.783773
19.084122,19.683776,10.651124,21.264045,18.143941,12.436797,22.552105,16.217747,14.184878,18.070313,18.533077
19.505937,21.992460,11.452514,16.793886,16.191371,16.405649,24.178553,15.589458,17.257613,18.817960,17.301395
13.811249,19.776715,14.474944,17.267110,17.773104,21.004137,20.318952,13.370503,15.578101,18.197365,12.851164
18.213469,18.000212,17.387351,14.641150,17.625815,19.056017,17.244562,12.105847,18.323992,14.795922,17.773654
18.051059,25.341598,14.838404,16.260561,20.855969,14.018858,16.604546,16.219427,16.945385,16.310952,15.381134
17.109224,21.938423,13.846456,16.771319,16.059918,11.885631,14.232301,17.549418,21.565662,10.243380,14.647239
18.707512,19.508788,10.607630,16.768671,15.855392,13.324341,13.827084,19.021546,23.398628,15.644901,17.348081
20.677963,21.049339,13.401168,18.174608,16.853102,11.374385,14.437924,15.240083,21.985376,10.627870,17.146109
21.218381,22.240187,13.543441,17.664218,16.045934,15.781333,19.155960,15.003369,22.780774,18.101127,13.812959
17.802303,22.204261,18.581988,14.927842,13.035429,10.888488,17.672607,14.807250,20.462266,12.422767,19.126403
17.960531,19.424077,17.740659,19.448410,14.874941,15.143729,18.622072,20.693022,20.220806,13.012589,17.866500
19.820370,18.056775,16.456034,19.416057,23.075513,15.987055,17.190378,18.309951,20.822504,12.373599,12.440411
20.007289,20.118973,14.204062,20.512711,22.316836,15.488139,15.132932,16.253896,15.830113,12.438162,13.217694
19.569609,19.246269,19.007514,19.193681,15.726385,13.938346,16.758134,18.824241,16.406006,15.149299,17.348503
17.546872,20.457452,22.742339,23.210051,13.290182,10.172089,14.798397,13.440618,17.125768,11.865192,20.311282
13.737634,21.096044,20.355257,17.392302,7.772980,11.020339,18.277606,11.165555,18.695092,12.445328,18.843376
14.655711,19.729520,18.449218,12.520650,11.999406,12.314244,16.929891,16.897867,17.010682,13.485596,11.821108
14.845298,19.291375,14.972189,12.602324,14.506975,19.403784,11.595414,16.833251,19.461811,13.594233,11.944728
14.738412,16.298007,14.933165,8.709109,13.361003,21.715947,14.991835,15.457117,17.609335,14.960004,13.842937
16.822555,15.818532,17.813883,10.654509,11.517130,18.519170,13.610328,15.572027,16.346597,15.835584,11.861036
16.445488,17.243344,17.258135,10.938224,10.554394,18.180781,17.028755,17.909453,15.274497,11.542758,11.807403
15.601264,17.625193,15.243729,9.132305,9.622886,15.916746,15.507347,17.690578,19.316039,14.230412,13.935974
11.366258,18.017825,12.894296,8.721862,13.043821,13.463239,15.091554,14.716647,14.352467,9.386636,11.549806
10.371616,15.860133,10.037425,15.403277,12.480749,11.667182,16.346740,17.557852,12.946924,14.373022,14.772418
13.799629,13.849261,8.680050,11.757338,11.633319,14.884148,14.619140,12.619174,11.375854,14.146516,14.870688
15.125920,14.128647,11.190672,12.818472,13.261387,16.203292,14.925942,18.138631,15.036773,10.702631,13.726414
12.715818,14.656777,10.760129,11.732101,12.777917,11.256953,11.573527,14.206350,11.081884,12.415294,15.725383
13.992788,14.286969,9.962817,12.386476,8.984448,14.220624,10.018878,10.506107,10.420650,13.654777,14.537712
13.162924,14.497747,10.275417,14.111279,12.967204,14.737437,9.513551,10.005675,11.992495,13.688813,17.417466
13.265448,11.129202,8.865341,13.961905,12.836883,13.427306,14.096053,9.690608,10.974490,17.700171,16.926560
15.416125,11.477699,8.320889,15.284293,14.980594,16.068343,13.253794,5.995125,8.202517,15.249791,16.286977
15.052133,8.364415,5.204420,14.311706,15.370959,11.159269,12.046606,15.173549,8.794049,16.343981,16.986690
14.224405,9.587052,7.089773,14.350014,14.781553,11.552122,14.956548,8.565105,9.631280,14.224758,14.882083
13.722170,10.389410,9.424735,15.374262,14.058750,7.117587,17.089361,6.140589,12.653014,12.774269,14.906212
13.685033,10.763570,9.871528,15.646283,14.146646,11.460634,14.892949,8.456819,12.820866,15.565552,13.924644
11.174776,11.784044,12.192029,13.398270,12.628583,8.281315,17.208325,8.819900,12.548306,11.353105,16.512729
12.716422,9.754580,15.952232,10.523208,14.541298,7.763919,15.163526,12.714977,14.715684,12.914752,14.209949
12.848940,9.546148,17.073301,10.839644,12.970239,9.622852,15.150633,12.082077,11.369064,10.046898,12.345769
13.907461,10.541711,15.441556,8.109457,12.436920,11.229270,10.550945,11.294815,13.259301,11.941814,8.972316
14.161661,9.372615,14.139532,9.805826,14.853698,10.297710,12.190530,14.573359,14.581898,17.048190,11.595539
11.286459,12.205467,12.060906,9.623136,14.654569,11.204093,14.098362,13.115706,15.281528,16.010669,10.471143
14.906334,8.612828,9.571602,9.959197,16.680008,9.121745,11.168895,9.983075,12.307700,13.538338,12.022088
10.252309,8.221423,12.849080,6.938381,17.583373,7.586517,6.532650,10.710600,12.341499,13.206413,6.709787
9.446218,5.587323,12.837812,5.965123,14.405418,8.684936,5.092952,10.266598,14.990241,8.199933,7.274093
12.119582,10.558810,12.644041,8.717097,12.010174,5.790192,7.162076,9.042211,12.686437,7.993888,11.325989
9.080540,5.298586,12.080338,10.530577,10.532768,7.939552,10.082690,10.710387,10.742057,12.917939,10.714269
7.135575,4.686181,14.795579,10.432106,4.486748,12.312798,6.288970,11.580593,5.733351,11.705002,7.046737
7.810960,9.307392,13.337323,8.749744,7.071918,6.488768,11.863473,10.063106,7.466814,10.867366,4.950553
12.304844,9.152981,14.913526,8.417180,11.148638,11.785049,16.443770,11.135125,12.080466,9.418850,7.872684
16.309658,7.709894,13.265686,11.798237,8.612395,11.766845,15.262233,10.545931,11.611973,7.034925,11.523067
14.354555,12.004251,12.876032,10.255089,7.758050,9.724474,9.202082,10.453876,15.031828,7.354976,10.421272
12.310586,17.185317,12.497026,6.094327,9.839565,11.634707,9.928362,9.694130,11.929273,8.288722,6.197380
6.613985,12.040742,8.417157,5.029791,12.036995,16.959455,16.465240,11.454581,10.273840,9.144053,4.918910
5.070419,9.161684,6.121574,7.194591,10.811116,14.298062,15.752860,13.600858,5.768428,11.023000,5.769532
6.267898,8.538597,7.345511,11.793158,10.785395,9.614625,15.704926,7.020821,10.049722,12.312251,12.668161
8.840099,10.347524,11.388170,7.195195,11.621469,3.189811,15.552073,4.162889,12.604343,8.996527,8.864531
11.440090,7.595235,12.722886,9.275461,6.785354,2.563839,9.187298,8.132294,10.316159,6.312462,6.119977
12.536188,4.734608,13.255305,12.427737,7.019733,4.344572,10.709574,8.967963,11.897357,8.868050,5.520196
11.586487,8.671638,10.232778,10.834030,4.701364,6.033103,14.301173,10.440520,10.173966,10.613132,9.045063
11.187231,7.047102,9.796090,12.278446,10.235623,5.760852,8.929943,8.524577,13.188576,12.774450,9.523946
12.506666,10.452049,14.453698,13.578392,8.561568,5.967807,8.291593,6.952690,11.051735,9.127503,13.732146
11.770187,9.026504,12.343697,8.738440,7.184398,6.983278,11.101015,9.959558,11.976925,9.191864,11.889316
13.572880,6.643256,12.889797,11.750145,11.070243,6.596952,7.518625,6.876775,9.184628,9.493800,12.349186
11.988169,6.000011,9.731765,14.767017,13.547887,5.915785,5.462419,4.587177,8.632193,10.118709,10.591183
9.757298,8.258891,7.203330,6.106162,10.431927,7.492604,3.102058,2.422727,6.164044,12.153522,5.865223
16.437044,7.760714,8.971393,5.974841,10.583003,6.025414,0.026286,4.260295,11.519471,12.869644,4.890179
15.349445,4.478689,11.024016,3.745158,7.304899,5.448979,0.321711,12.065660,9.827466,9.057643,7.924771
12.526576,5.449378,8.005789,4.704232,6.951108,7.130967,1.827180,8.727630,12.709225,8.344110,5.270746
9.264601,6.219075,3.076894,6.411635,7.215343,8.582650,7.240776,6.127594,11.469683,7.062329,6.898889
8.608851,12.665512,1.567901,6.225162,7.511968,7.267677,8.221393,7.643348,13.329901,8.859720,7.711046
6.358859,11.795773,7.927603,12.866794,5.306589,9.526177,10.159073,6.063897,10.565866,10.096987,7.703052
3.472956,11.037314,8.955654,13.953430,8.315447,8.308455,9.535219,6.786228,10.563261,7.488955,5.228932
6.341194,8.143359,8.461835,8.930534,8.275226,6.042369,8.264798,7.590277,5.267861,0.790344,6.101873
8.806945,5.366659,7.926014,7.826822,5.975410,5.342316,8.498940,7.525826,10.064180,6.027144,4.592744
7.336417,8.413097,1.434283,7.335698,5.607641,6.635840,5.648038,5.100153,7.827489,10.362403,7.157549
6.502481,10.318598,2.904869,5.317077,6.882616,7.479260,9.385258,5.059138,11.302023,7.952142,9.743076
6.652565,15.308661,4.716598,6.493214,9.062309,5.940346,8.373090,6.602615,12.471108,9.402946,13.807771
9.268413,15.815015,6.173634,7.122398,12.326065,3.590849,6.397274,7.925761,10.794419,10.479196,13.360040
7.266006,10.726489,7.571039,13.653295,10.585792,3.626569,7.029003,5.876452,8.125579,9.289882,14.311633
10.600082,8.917285,11.254443,8.874872,10.401857,2.475873,6.213690,5.004346,10.286669,6.999630,8.757553
12.706595,8.084351,5.672481,9.103270,9.776589,1.999148,9.142826,5.676950,9.865859,7.864194,12.556630
13.112049,6.761089,10.743813,7.315743,11.414757,2.212315,14.218794,5.878323,6.493522,10.313947,9.260459
8.493990,7.131706,7.904277,6.015232,9.753098,6.497031,12.783293,2.638586,10.467872,12.722364,12.023270
7.412293,10.246892,4.793842,4.427149,7.906084,2.883886,10.800752,5.156930,9.289569,9.275325,12.042447
8.420283,10.955113,8.818261,4.792646,7.818505,4.429141,9.366660,8.899655,8.550896,8.365040,11.840381
6.086013,10.069809,9.359736,6.745560,10.129138,3.288917,8.465987,5.618646,5.413069,4.977982,9.622614
10.058516,8.180213,5.418088,9.474625,7.370033,1.306608,8.654900,9.935313,5.569478,4.917049,5.870319
8.723478,4.595882,8.079045,8.005968,4.556348,4.687521,6.233702,8.025343,0.873884,10.661829,3.803585
7.919544,5.186139,8.268874,9.736570,7.125426,2.848855,5.705652,7.268810,1.861844,11.298158,1.709297
10.448849,0.078308,8.157550,11.479232,7.973038,1.593036,10.359392,6.058288,8.390921,8.774701,4.241947
7.925408,2.328872,6.046003,14.335861,6.873149,-0.174441,6.112857,7.589510,6.902963,6.653124,1.065607
7.125429,3.296087,8.425062,9.061370,4.175647,2.252366,3.818543,9.564762,7.002451,1.993776,6.593101
6.281337,6.465689,2.146177,13.286482,4.240823,1.681619,4.000939,5.502189,8.119263,2.005031,8.117721
7.782089,4.528343,-1.779289,14.040558,7.115032,4.814230,5.519093,8.100152,9.228497,1.210355,7.193048
9.256477,8.544743,0.589237,14.546603,5.029245,7.778710,4.730325,7.292354,7.946152,2.940126,8.325933
6.186383,10.244488,1.703205,11.272767,7.103443,7.794396,7.047679,7.926314,1.123170,-0.020091,5.460583
4.388925,3.246242,4.088578,8.204470,6.233673,7.516267,2.995732,7.202602,2.734923,3.526533,4.240864
4.778067,4.216595,4.154744,10.513134,5.342746,5.044163,1.378815,4.599775,-0.103209,4.802938,5.264401
7.592557,1.504249,0.412803,9.721646,9.711363,8.757961,3.348380,7.688555,-0.092209,3.124304,4.425096
4.308116,1.901980,1.721906,7.844726,7.336015,7.440989,3.567932,5.841968,3.516061,5.631894,0.906519
5.008859,3.491717,6.136621,10.524041,9.710521,9.537925,3.335769,5.359465,4.777747,4.661452,0.146091
9.448612,7.483542,5.893287,4.373290,4.899856,6.947627,3.092799,8.733358,7.177699,7.631066,2.984441
6.148893,2.613588,9.296188,3.949065,2.997691,7.409216,7.013060,5.802181,5.777900,7.506318,3.405819
5.770232,-5.018354,7.588029,9.958952,5.643663,6.484545,3.706001,6.675994,9.140582,8.972555,2.900060
2.827374,-1.712999,7.306013,13.612502,5.182982,1.953467,3.979277,6.632298,5.426583,7.617070,-1.065385
4.684342,0.999788,8.038969,9.226209,3.734171,6.194616,3.833802,5.729052,3.840705,6.149191,3.243254
3.202824,-0.019445,5.293588,10.566664,2.560017,8.441818,4.910510,6.017692,2.663991,0.259340,3.566601
2.900371,2.830183,7.209565,4.246250,4.752595,6.527609,3.882502,2.863149,1.367086,2.337857,7.374718
2.642223,8.045910,4.637749,5.572514,5.214082,9.436811,3.841016,-0.196028,2.623837,6.120216,4.450982
5.741661,10.236951,7.552436,4.049304,5.900887,6.030607,6.639849,1.487520,4.223356,7.520025,1.859376
3.373927,8.449812,5.972595,0.855132,6.291485,6.414829,4.710904,1.379633,2.064258,7.369006,3.777860
8.630234,13.144786,5.140721,1.523455,3.621294,3.854746,7.383394,6.220364,4.886751,1.883133,11.980926
4.504651,6.327712,4.172065,0.331356,2.553357,4.299630,8.579946,6.835952,5.161471,4.995676,11.435217
5.066256,4.568227,4.109670,0.568166,5.349165,6.420483,5.651842,7.083240,3.673155,3.798625,13.566221
3.465937,7.533331,2.596727,0.122687,1.445184,6.045587,4.424665,7.840617,0.925075,3.822113,9.725461
6.511547,5.904408,6.614929,-3.467983,4.701135,5.705654,3.695818,9.070187,0.154860,2.088473,10.167432
9.349278,4.361434,4.555381,-1.207918,7.293081,6.436534,4.322853,8.523423,5.317128,0.243693,9.058025
7.412886,3.142880,1.973594,4.505758,5.760821,3.790707,3.971622,12.484627,4.645966,4.299883,8.614468
4.859649,0.957707,1.431516,4.525159,3.296188,2.678101,4.727091,8.601427,7.389675,-0.658084,7.290939
6.216360,0.030462,10.015452,6.014606,0.609607,2.221503,9.267659,8.908208,7.172644,7.180966,1.437463
5.436821,3.109633,5.303811,2.596366,3.093612,3.884023,9.393380,6.189555,1.440324,4.437082,1.291215
1.553945,5.281379,-0.505790,3.529396,3.400065,5.580797,3.136335,7.225248,3.385357,2.521442,3.762936
2.598711,3.063379,3.238591,3.245726,3.537338,9.224360,3.089899,5.129192,6.695261,5.774518,3.188207
5.317437,3.540866,4.326202,0.490115,5.192561,7.259302,3.121098,6.618836,3.794617,2.496133,5.097997
6.253012,4.704948,3.065491,0.700456,-0.987392,5.051884,-0.695525,7.820983,-2.035931,7.037733,9.439471
4.887711,7.559542,1.575940,-1.718810,4.245722,2.633060,-0.840179,3.610342,2.053337,4.297397,8.638589
4.775943,8.899307,1.464704,-3.438438,10.065273,5.509819,0.359750,3.702704,5.377747,1.667751,7.996445
11.568269,7.826416,2.292304,-2.411838,10.131584,5.882887,2.246839,5.359813,2.569536,-2.935282,13.262639
8.293854,5.525912,1.031571,0.899697,8.778574,4.739914,4.240073,3.748987,4.865937,0.311419,12.094905
8.740464,10.614910,1.813949,2.702772,13.345834,5.213881,2.886465,2.916606,6.661886,1.690514,9.883360
7.411542,8.035552,6.798109,3.408671,6.835031,6.517248,7.158781,4.381085,7.109781,2.439468,4.718194
4.678591,7.652937,11.766904,0.292420,8.174681,0.294690,3.969053,8.475292,4.713123,0.571373,6.550153
4.551095,7.643771,8.961849,-3.234425,6.682298,7.648708,2.315044,6.643507,6.636820,4.675089,8.489814
2.668449,4.286557,6.406618,-4.098583,5.839863,6.702578,1.372743,5.369499,3.877585,6.230015,6.105988
2.173335,-0.308560,6.641820,2.952439,8.154787,4.234167,-0.405703,8.687003,2.905518,6.369870,2.460001
8.675645,3.980434,5.309014,4.456855,6.274434,0.916058,1.492975,5.461320,1.652658,5.759099,0.881961
6.776676,8.452498,1.931607,8.868371,4.635742,-2.999557,5.425292,4.240057,1.537552,2.763391,1.756283
4.986821,4.772909,4.090713,4.254799,5.203122,-1.335348,4.219285,4.639387,1.363407,2.890746,2.854800
2.812023,5.877625,5.840461,3.401278,2.811313,0.002966,5.945278,6.357789,4.407112,1.179242,4.383415
7.723974,6.332242,-2.177876,3.044841,5.964300,-2.643080,4.094777,8.609569,7.492471,2.402066,7.020682
4.745226,3.439906,1.107244,3.251345,0.292648,-1.321124,5.134156,7.940625,9.410446,7.058732,0.093088
0.210400,3.115027,5.520672,2.870322,-1.398033,-0.180881,6.678005,8.350756,7.236885,7.061204,3.892512
2.162342,0.616321,0.827696,3.171464,-2.992923,2.199789,7.003028,11.406271,6.408055,9.186098,1.667012
0.977647,3.716425,2.552311,5.961448,1.578690,4.754686,8.265382,8.360099,4.908985,7.340433,-0.159959
3.643879,5.227973,2.825388,6.048918,3.688492,9.297987,3.702364,2.954536,3.890544,7.173242,1.880209
4.534671,0.796493,2.309578,5.733215,4.890477,6.040370,6.061054,-1.376577,5.690101,6.752598,3.982200
4.028638,1.650022,3.951758,8.712383,3.302525,3.666273,7.883531,2.748723,6.333740,4.436466,2.795112
4.240331,4.703662,3.127520,7.363640,9.490908,7.154729,8.998876,2.692023,5.210924,3.420059,4.987693
5.255474,5.814826,7.856771,7.015885,9.971688,1.783933,7.922132,3.497048,4.199154,3.663743,5.766207
6.359674,7.613385,7.136015,9.458298,10.812696,1.028527,7.555823,4.049192,3.842149,5.782964,3.862775
4.671124,9.304551,4.486592,4.651481,10.660233,4.666598,8.695853,6.667075,2.443968,1.239295,9.553696
2.316350,5.137913,6.514367,-0.443943,7.753431,0.259269,4.149626,7.924614,2.957303,2.914088,7.072468
5.213202,-0.903566,3.771164,-0.495281,6.463252,3.369042,9.092227,3.971241,1.253324,1.827909,4.636433
2.439733,-3.121054,4.436168,-1.309593,5.769689,5.701982,6.483017,7.572399,0.111118,3.540497,3.169417
2.115820,-3.441501,0.373652,0.421430,7.999398,5.616836,4.336729,6.869804,3.008206,8.706161,4.069157
6.793393,2.682582,4.029789,6.229285,7.934973,4.533927,9.087067,5.826914,6.377356,10.240251,4.296118
4.932321,2.077781,6.299842,10.088325,9.063210,3.406437,5.565721,3.550461,7.921098,4.922505,0.513159
6.365905,3.460088,4.858881,9.217009,8.387805,4.322068,1.475936,3.128891,7.780708,4.584434,3.494047
5.734967,4.792615,6.960403,8.315649,12.416437,5.931722,0.138773,-0.328501,5.927934,8.687299,2.457957
3.255497,5.485588,7.633278,4.547961,11.014840,6.075443,3.014663,0.819987,5.993723,4.225492,1.744713
4.952607,8.795446,8.811624,4.793840,6.329108,7.504728,1.490353,2.142196,5.249992,6.478199,0.480194
2.629006,4.986535,7.566589,2.641049,6.102211,7.014855,-1.288773,1.734971,4.927335,1.807794,4.146335
2.492469,4.953330,9.403410,-0.013328,8.211557,8.279918,4.264347,6.466882,7.754369,1.485273,7.873513
3.408357,5.340988,8.443244,5.975325,11.560229,10.333436,8.795431,4.229556,4.963724,0.984152,8.925452
6.277889,9.403671,7.041629,4.354862,9.669262,10.903492,5.898505,4.177732,5.119072,-3.936949,8.663797
10.675901,2.889151,6.075082,8.546850,6.049948,5.162431,6.400769,4.383099,5.551527,-2.957616,12.033826
6.179180,0.604365,5.446705,7.419408,6.060622,4.168902,10.802696,5.327310,7.118115,-2.521102,13.761843
5.317304,6.454847,4.814963,5.872075,0.243545,9.649175,11.283286,5.750894,6.301436,0.975899,10.367688
7.229476,3.782860,7.125676,8.853212,4.244854,5.978487,9.704608,8.099224,8.375533,1.826431,10.990132
9.292583,6.503376,8.234783,4.688709,6.354726,7.444626,12.664565,6.438468,7.587258,7.134684,6.021415
9.629439,9.423606,9.291887,5.417999,4.974163,7.916417,5.771031,8.934860,7.598902,6.747469,7.734052
9.236783,8.968089,9.546123,6.725791,8.737149,3.759962,8.706534,4.306504,4.455981,9.164113,8.194608
0.786845,8.355820,9.752200,3.904516,8.869308,7.931251,7.276867,5.874404,6.618158,6.102856,4.224601
0.880770,10.702500,5.339253,3.895858,4.300714,9.593419,12.211483,6.940193,8.804438,5.677424,9.315804
1.984797,14.914032,8.220703,6.403127,5.022140,6.743355,9.800451,5.316976,6.128838,6.417115,14.260704
8.195586,15.884941,8.349676,2.948052,2.582611,6.522502,8.377063,3.650118,4.682760,10.729424,14.082220
7.562185,6.074808,7.915770,9.135379,2.018059,9.220756,4.258534,5.965289,4.187461,11.638844,13.705294
12.221880,5.200815,9.638615,8.605332,5.153596,7.888139,8.024609,3.880348,5.371162,10.357516,5.201610
12.364537,8.049170,12.442213,14.174104,6.929134,9.657684,6.226116,2.544079,4.597109,8.132143,5.330702
11.693414,9.673675,14.362588,12.576150,2.724898,9.610056,4.465637,5.035414,7.425348,4.512600,5.584987
11.794227,10.179706,11.630340,11.115175,2.506886,10.567355,4.685114,4.760499,5.408127,4.570787,6.603400
7.594366,9.043291,8.573444,11.460330,5.063997,8.640591,5.217422,8.258928,7.868581,4.799290,8.120209
5.559251,7.230521,10.370010,7.759823,8.712548,7.742988,4.735102,9.557213,4.721396,7.929090,4.871452
2.012221,8.295017,6.077400,8.068702,9.577738,5.183764,3.249396,8.390313,6.421759,8.955881,3.916582
4.405479,10.745430,13.228847,9.761234,11.319955,5.629627,5.009868,6.038300,9.601917,6.497868,3.979658
9.059936,11.359895,8.841759,9.327526,10.227164,9.567215,6.260016,5.378365,6.443277,4.295621,4.307778
5.390542,6.822401,11.035958,8.991904,9.182682,8.994318,5.110846,8.697068,6.306389,5.660484,9.845612
4.968859,5.575873,11.368568,12.315161,2.815369,10.481622,8.698583,14.094377,4.592452,3.353492,9.359276
5.775537,10.007161,5.798777,11.718342,5.945400,9.749982,11.681563,12.911857,4.776587,6.794765,6.376868
7.699213,5.807436,6.891708,9.945379,8.336308,6.475428,9.662107,11.011826,4.215356,10.332527,4.199596
12.094230,7.379284,1.626889,10.816561,8.697465,7.317712,7.728689,9.240640,4.894166,6.073937,3.154339
13.182769,0.522905,5.178158,11.409612,7.092677,9.578587,5.149880,11.664678,7.960252,11.611934,4.450381
13.063056,8.084094,6.759507,7.612584,4.223712,8.451607,6.791406,7.821930,10.280213,10.073690,5.219887
11.757472,9.856534,5.247121,9.719937,8.214340,10.438439,2.610490,11.322234,9.600981,10.495017,8.790447
13.270996,11.849886,10.633493,10.301151,6.695469,6.041690,8.564200,10.627381,9.699901,9.475408,8.768617
11.437493,13.189541,11.479869,9.061205,10.153567,1.559960,6.062553,12.609658,9.443189,13.524351,9.515872
7.876348,14.221249,10.242156,7.358104,3.085787,4.855445,10.914247,8.966689,9.375710,13.881608,15.873889
9.069324,12.679720,12.737274,5.801472,10.788077,4.708030,10.470343,6.834832,6.772199,10.465274,13.827195
7.163693,10.902379,14.733305,4.117825,11.336064,5.120089,7.803460,9.339616,12.193271,13.421758,15.939963
9.926897,12.575694,14.143260,9.545198,13.175421,4.563879,4.326301,5.396616,12.887111,15.297726,11.330785
13.089184,9.436909,15.278393,10.265675,7.675435,3.253307,3.380693,5.202956,12.778944,16.267209,9.467320
9.159868,7.108300,17.270599,11.593632,12.155970,6.533653,6.846425,5.017424,12.807858,20.582189,10.023250
10.192991,12.273501,15.183151,12.385232,8.435327,10.779513,9.201518,11.769516,9.055245,17.328897,9.553745
9.584963,11.854220,14.653446,11.885009,7.010978,8.649022,7.713588,9.049720,11.177471,14.141589,10.113315
9.140882,7.802692,10.301233,10.224777,11.637635,9.236434,5.866011,9.059631,9.926076,10.479018,10.951006
6.827315,5.585258,13.270894,10.838305,10.465516,8.277642,6.887088,11.811491,11.902563,13.617375,9.123296
9.351415,7.213792,10.669834,9.479778,12.593326,8.951702,9.444661,10.771304,11.054622,16.219936,5.380481
10.457833,4.703686,12.577503,13.829706,7.681974,7.576099,8.262304,7.433635,11.583971,16.623308,5.398457
10.613271,8.100299,14.099092,15.748745,10.216148,10.272946,6.299167,11.363466,9.342912,15.797651,9.691520
11.459026,10.502169,9.513008,11.310329,9.527520,12.942124,11.794041,13.058865,11.255630,10.830010,13.001316
13.467076,12.835129,9.775412,12.496418,11.237872,15.111611,15.346266,8.053854,11.288999,8.726690,9.188086
18.532109,11.418980,10.106517,13.013103,7.174340,14.786176,16.298362,10.068701,9.673964,5.690575,11.570084
19.322202,11.539554,14.467695,11.816159,10.151111,11.538143,14.194897,12.509158,9.174519,9.476767,12.126362
18.143330,10.231146,13.162415,17.792453,10.239526,9.562409,14.089506,10.250024,6.602683,10.944305,13.286583
13.347099,11.917797,14.808767,15.446379,9.984819,11.669067,11.022165,11.276763,11.992716,5.814191,9.446843
11.549974,15.597216,13.828241,14.762231,7.946155,10.616538,10.753019,13.792987,11.410797,10.054448,8.417491
9.115769,14.050661,14.277718,12.971256,9.928113,10.879840,9.686353,15.757654,9.678610,10.133791,13.201377
13.043263,10.403760,15.920126,11.822388,8.556903,11.125580,9.625535,16.712450,9.715353,12.733690,11.341397
14.843347,13.169810,16.761813,17.141728,10.763947,16.211396,12.932380,17.655988,9.791369,10.684359,12.297088
15.589863,9.427628,15.331970,16.509564,12.018060,19.053621,13.099132,16.309622,12.958690,9.238520,12.659887
17.048294,10.379419,13.967154,16.716003,13.489477,16.122753,9.111508,14.333315,15.102247,17.444737,13.912069
18.626858,11.376936,14.260531,20.590876,14.492049,18.286922,15.434490,10.668766,11.287871,14.260825,13.069232
14.803391,5.447459,13.995315,19.128494,11.621604,16.446286,16.909566,15.213862,13.410070,14.221783,17.686186
18.018663,8.041199,9.755320,17.911074,10.608947,12.495815,16.633785,14.925576,10.559100,10.819522,9.268991
11.446932,11.906263,10.776182,15.203990,9.297469,12.506247,16.734540,14.881203,11.976395,16.291424,9.659203
7.884400,13.196436,8.101670,18.253187,9.071412,11.203729,16.481656,13.465076,10.283414,13.796959,10.821878
7.954924,12.818195,9.981634,14.352629,9.263611,13.529233,17.925927,10.482031,11.265572,14.271974,8.547011
14.904306,9.242214,11.373736,10.922625,8.992887,17.325749,15.340892,11.659580,7.116557,17.972809,11.095947
17.032124,11.324645,9.616069,13.705337,10.767566,18.062139,13.995218,9.175728,8.739342,17.311038,15.279970
17.281289,12.909789,11.807208,14.461853,14.049390,16.443233,15.316658,13.059660,12.316914,17.820984,11.326241
16.588513,19.409151,11.047631,12.344126,14.621137,20.355625,15.445236,14.098313,13.215304,15.918335,13.865517
16.217105,18.694489,15.738710,15.449609,13.166541,19.099722,16.742118,16.438377,14.029331,17.302192,13.766163
17.759988,15.119138,16.735574,14.267516,13.287241,19.112150,15.650017,15.142464,13.655478,9.437508,17.395197
16.998734,14.797884,18.709048,15.175103,14.977614,20.274509,15.463045,17.589861,16.982427,14.174071,14.895100
17.074961,16.320494,16.713703,15.048851,15.698192,19.193695,15.269438,17.188254,20.348191,9.972498,14.665424
15.839196,13.491808,17.628663,13.868909,11.128673,18.351698,14.941762,17.795828,21.254761,10.645303,16.983495
16.516818,11.996226,16.159225,11.552330,15.504352,16.416962,17.895914,19.099705,17.360089,12.293009,13.668938
16.601480,10.796184,16.460990,9.425111,17.144563,14.736009,14.155438,17.694093,17.484800,12.688198,15.858170
15.453991,14.333022,13.927958,13.350638,18.970403,13.087949,11.613221,15.684684,19.591618,10.012076,15.921278
13.731183,18.783629,16.149249,9.954719,18.365918,14.429852,11.737513,18.000497,22.135272,13.912052,17.391919
15.023433,14.791458,16.684179,6.042825,16.603947,15.060231,14.051137,14.633994,16.158765,9.247578,17.632792
16.470490,17.908307,12.520607,10.314443,17.426844,16.260327,10.220778,13.002957,19.977718,11.446459,20.859342
13.795548,16.638476,13.725880,15.314668,19.960674,17.106741,14.528859,8.783686,20.828354,8.746943,20.095755
15.322855,14.547617,14.164161,15.626288,21.213321,19.734118,18.479953,12.915027,15.869646,14.128356,15.893810
13.716852,15.069483,15.612589,15.120837,16.659188,15.436739,18.367926,10.423743,13.475198,14.185603,19.524261
10.323172,17.826936,16.926693,13.727952,18.439843,17.147785,15.893558,9.482508,17.950833,17.723813,18.441738
17.255116,15.917208,16.981194,15.765751,17.841874,19.570015,18.009625,9.031831,23.474144,16.313493,15.786143
12.231060,20.240033,16.506623,10.333828,16.352684,18.161590,18.730366,10.426989,23.108554,15.243114,14.846472
14.448956,20.276678,14.425482,11.528553,17.210060,17.020773,20.301805,14.212728,20.191159,19.267634,14.159603
16.485353,16.174615,11.196252,14.108236,22.154542,16.905879,16.094851,13.881590,20.885094,20.609563,14.975280
19.314635,18.182187,14.099893,12.461749,20.209425,15.672579,17.340711,16.921089,17.316996,23.532558,8.455198
16.356977,18.642437,15.544011,15.284045,16.459090,9.193087,14.319196,16.611698,20.452910,20.364048,9.342010
19.918526,17.921823,16.279644,15.360336,16.399184,8.262290,16.724613,16.862550,16.844961,17.888641,12.522702
20.184073,17.081399,15.464527,10.404616,18.308390,8.224478,20.133407,20.212436,18.203543,20.438394,13.621868
18.047806,16.787263,15.560895,13.797605,15.408461,14.581070,18.141048,19.673564,17.881161,14.164092,12.756766
15.499077,11.985072,17.118754,14.034787,18.116749,14.228942,18.017135,16.904810,19.220424,16.691184,13.160977
15.981793,15.002965,14.445799,13.181067,17.036684,16.887274,17.297478,16.163164,17.217958,17.227641,18.463115
18.158627,18.808920,12.819228,17.444672,15.147534,13.749979,18.290398,14.400029,15.706702,19.852383,16.987138
20.442551,17.695418,13.771155,14.300964,16.136735,17.559574,17.023000,14.214583,15.773053,18.084241,17.508586
18.748933,18.292982,17.532472,14.893476,19.117035,17.673043,14.188028,11.563702,17.913226,18.268209,15.087479
19.578594,17.460991,18.415247,14.139499,14.931112,20.150293,17.142823,14.159242,18.227506,21.792576,18.131231
20.616481,17.360181,16.845899,15.279037,15.668968,20.056431,13.001599,16.923516,17.885488,22.794746,16.420795
19.673747,21.677896,18.230309,20.997805,13.737357,19.059765,11.559029,18.055990,18.920494,20.031703,12.980741
17.724848,18.320352,16.084698,21.667679,16.158265,19.689261,16.966796,15.085402,22.590698,22.312006,19.564622
17.956285,16.478684,19.171806,22.323551,20.489743,19.325819,18.679255,18.948231,20.695395,17.781206,18.771452
11.719212,19.489631,22.217435,20.386057,20.712379,19.455242,22.370013,21.850488,20.056551,22.294739,19.010250
15.389971,24.278039,20.177880,18.915133,21.008818,18.403670,20.500646,20.847701,20.587222,16.976894,18.173403
17.881737,25.394974,11.797308,20.529439,23.808602,20.512976,20.535456,18.245062,19.868844,16.980239,17.211926
19.213783,26.927530,17.654080,18.090772,23.498549,20.654016,17.834675,18.502651,17.756804,17.101177,16.200103
19.284996,22.953471,16.653181,20.599887,20.961618,18.990845,19.612250,21.230817,21.506292,14.616771,12.526668
14.957466,25.135749,19.789427,19.515726,15.645595,14.569906,21.034449,22.874852,20.495181,15.512374,18.109868
15.926520,20.893984,21.129158,23.140690,21.821206,17.460575,18.839563,23.407738,19.629528,18.731442,12.841516
18.490888,16.813606,22.886519,19.225323,23.326281,19.542764,18.134168,24.227085,21.167020,18.692939,10.447840
15.514507,15.310055,24.580136,18.597066,19.376907,15.433319,16.804591,23.805479,14.625007,21.378855,7.658526
18.807109,17.893680,23.461776,22.104163,16.710154,18.039109,19.957315,20.034583,16.953062,24.021873,14.973933
20.089357,18.613619,22.565473,18.616783,13.682819,21.055821,18.446097,17.709413,14.813065,22.162944,20.488236
19.982366,18.813361,20.779239,17.310345,13.538102,19.302101,16.795962,18.114056,18.660261,20.985554,17.823506
19.789774,18.495637,16.434935,16.566865,16.954645,20.822867,14.809440,16.299138,20.198298,18.814186,21.570542
19.719671,19.560626,12.728932,16.864679,17.689820,19.728983,18.785533,18.878731,21.878993,17.256603,25.044721
21.108177,21.305356,15.317898,12.451666,16.959420,20.768306,16.980207,18.763507,20.686711,17.802534,18.365532
19.530639,18.367502,16.683100,13.399485,20.191778,19.217715,14.967131,22.437110,18.016697,20.405110,22.614891
20.570024,20.667422,20.996097,17.889671,19.305969,19.059010,17.786767,17.392236,18.867246,16.804710,22.386843
21.534320,21.367872,21.082556,20.213543,21.461736,16.541024,14.722052,17.442574,18.500148,21.631704,20.913316
15.052228,20.418808,17.042621,19.433723,20.851319,19.590917,16.077346,18.947471,18.224336,19.663337,22.294800
18.153662,23.702801,17.560763,19.194822,20.480717,20.006762,20.015896,15.881961,21.269453,19.604348,21.327524
17.904548,26.212830,22.561444,22.197613,13.889180,21.958909,21.407428,18.341251,19.387873,20.135278,16.073711
17.988983,22.607521,19.904073,19.470035,15.592711,21.118655,21.517005,19.906636,20.768899,17.137969,16.391900
16.642569,15.688652,22.886450,19.329315,20.963280,22.124912,20.678351,22.949314,21.889853,20.600576,17.746159
16.959865,16.274906,21.887250,19.563653,17.548663,19.744864,22.687050,20.620168,20.981123,23.549030,16.753778
17.842223,21.276088,21.063290,18.006688,19.932857,16.888438,21.422680,21.656424,19.826664,24.984739,20.532923
17.618496,19.413516,19.381666,19.302893,22.080152,15.037420,21.984929,19.333845,17.743979,26.805018,22.603976
19.206841,20.037070,19.741461,14.733835,21.026645,16.730404,20.023527,19.632276,20.792303,27.491835,23.049177
19.874278,18.702125,18.797871,14.673640,24.431657,20.938132,24.046732,20.276954,18.753927,27.638764,20.525471
16.560948,17.527969,20.274412,14.846442,21.225470,18.202703,22.247926,26.424240,23.165207,22.306143,21.644775
14.169261,19.358129,22.377280,15.393986,22.034465,17.642399,22.972226,25.756112,22.241312,22.298979,19.688392
16.414577,17.482797,21.104817,21.200161,25.322209,15.416641,23.567439,25.476130,25.082275,23.007735,18.861773
19.215150,22.101886,24.086354,23.810344,20.657540,14.824714,24.000280,24.022373,22.933835,22.902575,20.924835
19.618584,20.164934,19.880283,19.534890,20.892337,21.649928,23.049011,20.999311,22.206894,22.817632,19.105246
17.616452,22.821227,20.629452,23.543252,22.834696,24.425134,24.157314,14.888479,19.763446,22.962768,21.540901
18.616598,20.005877,22.459541,26.294600,20.847743,23.428304,26.696387,18.359847,18.196549,22.824965,25.524012
16.172743,21.678440,24.339482,23.172667,21.994358,21.085841,25.828125,16.209711,19.790801,21.839208,22.467667
19.501247,23.855526,22.418272,17.199511,24.179140,27.100645,19.620139,18.148782,18.748935,20.688153,21.820190
22.804878,21.732826,19.153007,18.507447,22.749995,25.399672,21.314607,16.055514,14.937478,19.807046,20.939133
17.960610,19.064717,20.889203,23.018006,21.886722,21.606806,20.497061,17.429545,16.460782,16.766392,19.025855
17.195875,16.617922,22.726209,23.454670,23.057826,21.639328,21.576256,17.619346,17.071583,13.375322,18.542860
19.552880,16.813482,23.273618,22.110455,24.974195,23.572271,21.270131,22.434029,19.131672,16.072783,21.445250
17.158776,14.723850,22.593198,20.829408,18.060749,20.005521,21.832184,18.822080,18.039763,21.843069,18.150744
17.320166,14.729454,21.109506,17.863751,19.883008,25.052205,20.025280,15.746881,18.352143,26.305655,17.625352
18.717013,18.687493,19.519932,18.905383,19.747711,22.530485,20.390844,17.090514,19.746738,22.326986,16.539994
17.553493,22.502375,18.096286,19.038350,19.063210,24.223162,21.892934,15.682302,18.890892,20.954590,17.463154
19.047371,16.466894,20.232169,16.589854,20.723157,18.036751,19.190121,18.116482,24.900654,18.665206,17.474135
18.556289,15.591579,20.018278,20.168932,17.334106,22.378199,18.658997,22.751191,22.541802,19.964764,18.243231
25.773854,14.180839,20.153369,23.270521,14.168074,22.599530,20.571705,21.672653,26.839584,19.529123,19.223010
25.128526,18.590164,22.508659,22.276215,18.259141,19.843020,18.566433,22.599167,29.710113,23.531261,20.006898
25.282623,22.748158,23.889241,21.356707,16.632994,20.426376,17.812014,21.165160,29.990083,22.697484,23.017303
20.026955,21.126357,26.659126,22.429802,19.803828,22.513554,18.719191,26.254429,28.351070,21.311522,23.640650
26.852792,23.692060,26.950201,22.332727,19.103286,26.019287,17.443607,25.808618,24.736735,21.369480,24.271947
25.782851,22.421133,27.089052,22.736145,19.337617,19.941824,15.620079,22.013446,22.455017,20.267993,22.199719
25.537888,20.755799,22.399089,24.283615,19.277968,22.812815,18.693661,19.073528,18.942607,19.024230,18.846187
25.202519,17.702361,23.805411,21.785164,21.791282,20.900039,19.383267,19.284844,15.280854,21.436147,18.436496
22.985478,20.094015,22.555461,24.566352,24.991077,24.201291,22.011038,19.513668,19.531584,20.010842,20.198885
21.810777,19.687888,25.559081,22.723228,22.753417,22.660122,19.943699,16.481907,16.323016,24.152871,19.579807
19.950205,19.323359,23.184692,20.277995,18.984894,17.659783,25.500082,21.769419,18.344633,25.005743,21.899696
23.190502,16.954776,21.908168,17.531424,15.841293,20.525858,19.562817,15.539392,22.264862,22.710454,17.761701
19.367470,19.715940,19.981752,16.377150,16.222958,21.943334,22.810678,17.745058,22.978783,18.139867,22.749964
19.067093,20.747473,21.471670,20.322672,13.163425,19.521541,21.727019,17.847378,19.129713,19.031990,23.246387
23.137043,21.744164,20.799714,22.359589,14.817489,21.365165,22.180409,19.899848,18.806715,18.442764,23.783893
21.814926,18.242414,23.831299,20.766308,16.360733,19.906467,19.221722,24.351722,14.353495,17.451993,23.607151
19.685581,20.337567,23.858170,21.121733,17.436190,21.396783,18.871809,22.322517,18.304697,18.262730,20.929702
23.605030,20.506945,21.721271,23.965174,19.104228,22.188495,17.080413,21.931911,15.565311,14.428661,19.540359
22.548788,20.537665,19.632502,17.995483,16.687429,20.853164,19.487921,22.122595,17.233998,16.806902,18.394157
18.209490,21.102080,21.786256,17.268130,23.127559,21.919207,22.549539,20.230758,23.127678,17.908397,17.057088
15.803023,20.231644,21.670278,21.120974,18.017477,21.150217,17.807802,22.708876,21.035531,14.227315,19.165162
20.915629,19.111316,22.246762,21.577021,20.411686,18.424112,20.470599,19.006123,20.127886,18.549954,16.491455
21.346867,20.746965,23.215118,20.386494,21.699949,18.122283,21.161224,15.847527,22.353432,24.216844,18.207124
19.975668,20.958883,21.780737,22.857660,20.565279,17.988636,19.747605,18.887749,17.717375,24.378564,19.618051
19.345308,16.929749,19.945719,18.765582,19.780753,19.912552,20.027369,21.094774,15.700543,23.362128,18.479193
20.881106,23.147591,18.327017,14.031529,20.990685,19.136164,23.247914,18.238902,20.054217,23.283027,24.699299
20.815275,19.734541,20.158964,17.822010,17.101136,18.658601,22.538233,17.246236,20.412445,19.846495,23.306711
17.059769,16.990702,16.393667,19.839362,16.592621,16.024074,23.493184,22.151555,18.406442,22.962946,22.114018
19.240446,17.930298,20.216359,17.571051,18.556693,16.784530,23.334286,18.040111,21.573501,28.084254,23.613291
17.526121,15.258419,25.387316,16.416138,19.728483,19.411119,20.542686,18.748831,23.539333,26.663772,23.564597
22.333065,16.851050,24.036056,13.744415,17.799014,22.285114,20.087417,19.979862,22.952238,18.618039,24.120196
24.165723,17.336539,20.282457,16.872919,15.959305,18.134925,17.893632,17.828915,19.002756,15.162826,21.326449
24.691353,21.976515,23.105622,14.837989,16.366288,22.576113,19.721895,21.713352,24.055103,16.941550,13.759626
23.823089,23.366078,22.585265,14.555825,20.169101,22.718402,21.797905,18.515816,22.027672,20.068640,14.069678
20.243226,22.825279,22.653630,12.939159,19.259850,27.012450,19.040936,15.427728,21.719203,17.856996,9.014472
16.638528,25.735597,22.589947,19.751347,20.608930,24.622648,19.763278,14.881033,16.529827,18.638853,13.474818
20.895260,24.107696,15.409988,23.681624,18.794609,23.374820,19.328935,17.012403,19.252418,15.996661,17.175632
19.005547,23.729759,15.477912,21.787129,22.641200,19.810819,20.593449,15.740218,17.743583,17.920452,18.349167
20.841725,22.381948,15.699906,17.595885,21.872312,19.575235,17.991224,13.242985,14.583996,17.203565,17.304277
15.416193,22.759340,17.518415,17.414572,16.332362,24.445314,19.136038,21.443485,15.676066,15.727571,15.817049
15.731375,22.745970,16.281054,18.429777,17.104828,26.034561,18.117022,19.953769,18.116396,20.145543,16.781368
14.266243,19.245515,15.636561,16.690801,22.517787,24.209532,24.116422,22.527319,19.111721,21.332632,17.796769
15.242388,19.959704,18.337238,13.490746,24.209675,20.771935,23.994141,25.824442,18.146246,16.312376,20.565238
18.054679,19.061388,17.356092,16.553652,20.854659,19.300082,28.012123,22.389317,18.748088,18.841678,17.406807
21.635099,18.147399,14.684942,16.705216,17.832049,18.908479,26.068736,21.997317,18.793510,19.943283,15.666314
17.905041,17.138339,14.467838,18.349264,17.271181,14.800398,20.517008,17.251625,19.979254,22.861177,16.599051
18.968167,22.613554,14.612200,14.929403,15.266618,17.258165,14.508602,20.849490,20.957098,22.194331,17.632292
21.820796,20.290134,16.371005,12.995086,16.274035,15.059600,14.994094,18.552540,21.054613,17.697931,22.178318
21.140015,18.353567,15.080229,14.840455,19.315543,14.699200,17.223532,20.094683,20.176609,17.957988,22.467931
20.064247,22.888703,19.618563,17.325854,15.503410,17.961697,14.798775,14.366208,19.812168,16.544271,19.184041
16.503589,20.963003,15.443770,17.964477,21.941598,19.199541,19.722406,14.167885,17.007939,16.105052,19.496909
18.968677,17.685542,14.849071,17.955877,20.194946,17.643740,15.166854,15.542112,15.611469,15.760897,17.717677
21.539031,18.545087,15.908523,17.760995,16.927607,16.696404,15.647377,18.475373,17.302445,14.805755,16.547353
19.023694,19.294587,18.515210,18.368510,18.299833,20.315264,12.324373,15.261533,17.233692,17.313641,16.503966
19.346567,23.118822,17.279387,15.566582,18.096084,18.396139,12.730247,13.530833,15.800202,18.113446,16.222018
17.359616,22.661533,17.918857,17.219168,21.879327,13.295376,16.706036,12.994756,17.187184,12.825654,13.726173
15.139027,19.971182,16.115967,10.682071,20.171786,14.484289,18.186118,15.587625,16.739344,18.793961,14.198192
16.127731,17.838387,14.571927,11.621287,18.602802,11.738529,14.079375,19.455190,16.582167,19.553344,13.054643
17.384765,21.706402,16.414326,12.878826,18.312874,18.140014,17.691994,16.689531,14.745135,18.142619,16.387200
13.712709,20.784490,19.020699,9.092634,16.081053,16.909636,22.945262,14.808044,12.649626,15.117865,14.031503
17.855553,17.433683,16.205561,12.511470,11.876824,15.017447,16.181293,15.048898,13.916835,16.538401,13.269100
15.404174,14.892244,16.604899,15.202253,13.600764,15.138111,15.829495,17.141633,14.164912,15.419464,14.031177
14.398069,17.362726,17.073276,17.664591,15.422323,17.249920,15.821170,16.955274,13.313150,16.516615,16.848476
12.199783,15.676117,19.746779,17.752640,13.444583,15.821486,15.351308,16.480421,16.123329,17.283912,13.372471
12.104905,17.716712,19.552841,21.806644,14.667721,15.576783,12.911181,15.281651,16.370517,13.320531,13.843091
15.181273,19.728613,14.555864,17.582560,11.918320,14.485015,14.164703,15.507802,16.506954,13.986011,13.607443
18.292382,16.870611,14.463778,15.068800,15.369793,19.605263,16.228977,20.799405,16.304128,16.695932,12.366707
15.558300,16.773530,15.494629,14.456020,18.373833,20.366964,16.370230,15.525697,18.653236,13.635001,9.141445
13.329322,16.602695,16.572212,15.385852,15.232724,20.520805,13.407502,12.458040,15.777712,8.343734,9.247232
11.980324,14.395331,14.877069,12.159609,14.070641,17.672763,9.038052,13.511829,21.348203,10.019680,10.479197
12.776131,13.059602,15.368609,10.755841,12.802642,17.938900,11.265125,16.553390,19.064841,13.639506,5.641091
14.790721,11.328199,12.152829,8.758374,15.231459,15.174817,12.810250,19.872652,18.833832,15.797539,8.236779
13.814061,14.325067,9.311083,5.667052,17.669943,10.795343,9.196750,18.009891,20.402257,10.916394,10.376065
18.060303,14.656983,12.307802,4.247196,17.189229,13.119610,12.643319,18.887859,16.711028,15.760072,14.579839
18.264297,16.953725,14.675756,10.821971,15.513296,14.531113,13.571243,19.078607,17.078017,16.300127,19.083471
22.759678,12.935851,16.699505,7.102277,15.832536,14.381333,10.298861,16.640006,12.549381,16.305327,15.151493
19.797220,13.043089,12.602622,11.662392,14.708710,13.714637,10.607562,11.971478,14.502272,14.101715,16.804154
18.759846,11.698217,16.044105,11.436472,16.907018,11.058429,9.796640,10.130850,13.801361,12.009839,15.729751
15.066377,10.907256,18.643127,13.147164,16.598021,14.098865,7.779594,11.443760,12.906106,14.616102,14.135612
17.803444,9.561870,16.798183,14.894619,16.288495,13.751742,9.895104,12.067436,10.307903,14.983306,11.141038
14.550916,11.037841,10.582548,13.411850,14.951228,14.569618,14.870842,12.627639,6.978303,18.778516,14.673905
16.294411,9.078535,9.097558,17.838094,15.633289,18.072159,11.825495,9.138025,4.782642,19.233034,15.397269
11.813985,9.987064,11.510045,15.867189,16.237920,12.160528,12.077643,11.538531,7.453691,18.897607,17.328461
13.338323,12.004455,17.069217,16.627764,15.840501,14.173641,9.991692,8.643451,8.551168,17.092195,17.399390
18.469097,13.482741,16.117481,15.967138,10.862228,13.655072,9.182099,11.821224,16.291606,17.181192,14.807220
18.349165,10.781713,9.976093,12.013328,10.778797,16.108803,10.041574,12.008796,15.482345,17.601619,12.632985
9.790608,11.519501,7.365726,9.244571,12.359878,14.822980,10.146833,11.583258,13.208149,13.384738,18.672097
15.717578,10.779440,8.525317,12.223082,13.312892,12.010096,13.325057,10.631918,13.099506,13.382590,14.083440
16.220491,10.692263,9.043583,13.885226,13.811706,12.369780,14.827654,11.907224,10.742880,11.646093,14.615966
16.766423,9.670757,8.590192,16.353251,13.975243,12.203720,10.612856,15.045373,13.270570,9.314844,14.180893
11.757565,16.587111,12.125787,13.267945,10.214631,14.155795,11.004159,14.870950,14.105617,8.748133,13.685388
9.254177,16.508357,12.199659,9.845184,6.317794,11.189288,14.661127,12.011205,12.214930,9.494645,9.046964
12.803019,18.526755,13.304587,7.995453,4.380490,12.707540,13.469972,13.573168,17.996919,11.211716,8.037518
18.743237,18.917069,10.971343,9.402573,7.308832,10.252363,16.068727,9.431233,12.429896,11.146568,13.406257
19.234842,12.881592,13.216546,11.239367,5.868474,11.966837,15.525634,7.930896,15.460526,13.463084,14.506366
12.505204,11.227842,12.725361,11.925575,9.573615,12.270596,15.653323,12.318937,15.496198,9.088554,8.312339
15.024807,8.288098,9.125425,14.743418,10.271751,9.655411,14.411543,12.241736,15.630375,7.533708,10.633924
15.009679,6.498693,11.807831,10.910346,9.392583,11.338942,15.336929,11.915677,13.842193,6.953379,13.875281
13.414670,8.925454,13.818621,11.821101,13.464720,9.677740,14.852071,13.515666,16.634396,7.633303,13.049446
12.765992,7.135772,13.886924,10.970016,10.172343,10.637551,16.148963,8.044574,16.736650,7.419794,15.305326
11.966936,12.407140,15.172768,9.724559,10.204417,8.341780,16.401455,9.129858,12.655489,8.769926,13.616777
9.052790,9.828017,10.669078,10.771629,8.105765,14.826609,14.756063,7.517430,11.646615,8.569760,10.992236
6.446032,8.892639,9.056362,10.509795,8.347112,10.669055,13.695428,3.516843,7.585515,12.307457,9.777771
4.514270,12.147122,6.018926,10.629158,2.979791,7.569444,12.430151,3.340792,7.832035,16.739511,9.979101
7.049446,11.591117,5.292140,10.315150,6.693048,13.982156,12.126358,8.717157,6.643550,11.009190,12.772631
9.564929,13.968998,5.092907,10.471426,8.281631,10.135821,12.994076,7.830326,14.148752,9.757658,12.713267
5.783775,18.694656,11.076086,5.916714,8.498916,13.045206,10.069923,5.101180,14.435333,6.659358,11.199158
9.323480,17.573500,7.559143,7.942202,8.029556,11.754695,9.297193,7.890690,10.647374,4.590375,9.888313
8.323877,13.929402,8.074336,6.101679,9.585893,14.392651,11.279687,11.396099,8.508588,4.625121,15.602030
8.179426,12.074475,8.012496,5.531264,11.894533,15.770081,4.953312,9.010855,11.472507,7.967914,15.265617
6.161968,10.437405,9.565604,3.186780,11.510512,14.474483,6.900645,8.008198,12.947161,10.583907,9.725191
7.211169,8.251479,11.264445,8.065557,5.366702,10.009289,6.296763,4.326936,13.556064,15.761779,10.929044
7.447101,11.049629,11.604568,8.150253,7.051202,8.305894,6.890771,7.358893,15.140545,13.085407,9.484592
10.320521,13.477334,7.795443,13.328599,4.775289,10.711159,3.725803,5.140236,17.427640,13.519519,10.421894
13.770070,13.798100,10.399398,8.798824,6.320541,15.094005,6.423207,8.589468,14.279263,13.587031,12.190775
9.805263,10.082140,9.700720,11.353768,5.681504,16.049308,4.370491,6.544029,10.004599,7.454724,13.148554
8.060984,9.623536,9.107819,6.722962,6.467202,14.908393,11.406737,8.036846,11.739963,8.251125,14.713241
9.356011,11.254605,5.417540,5.408398,7.275339,11.464538,12.055747,8.018480,9.745880,10.424771,11.107729
8.214064,6.936102,7.334867,9.520324,6.442445,13.101296,9.495563,8.043842,11.622148,10.797452,7.219404
10.190699,10.636578,7.882143,10.641036,6.102449,8.116854,9.200476,9.922628,14.276774,10.967641,11.562559
6.322058,7.727945,9.437965,5.882479,6.606800,5.053252,7.961886,10.332381,12.054670,13.123874,11.561408
8.320573,12.797647,9.810936,9.604722,7.188798,5.146976,2.990622,7.514158,11.642370,11.143487,10.505554
6.804216,11.175082,8.132550,5.381041,2.375552,3.594464,7.876675,8.997711,9.038412,7.507122,11.181806
8.027316,10.964311,4.285337,8.540598,6.120109,3.945292,12.455428,7.203048,5.416840,5.317938,9.802794
7.593231,8.121068,5.613203,10.803642,2.442654,3.378064,11.686237,7.589164,7.740516,10.387133,8.026779
3.475925,9.240904,7.154200,8.907389,6.586036,4.506701,5.392023,6.507396,2.177783,4.311705,7.439277
5.777457,5.982807,9.046843,7.794761,1.565179,2.607253,4.899652,9.143000,3.487246,1.900264,11.416664
8.547003,6.826241,6.579510,8.256888,2.796360,7.382495,7.672245,9.752717,4.012631,4.541223,5.253751
7.219098,10.153053,7.977481,6.127662,5.939102,11.609505,7.026848,12.116608,3.584051,7.646015,4.420225
9.438372,8.835047,12.236367,9.289181,5.237968,13.688287,8.893206,10.661696,5.747354,5.807660,4.990410
16.110266,9.442401,8.722298,4.232850,7.557456,7.396176,7.831309,7.414265,3.760897,7.473689,5.077449
11.741913,11.753187,7.438813,8.169904,6.385264,8.296265,6.211563,6.395528,1.980494,7.954790,4.797309
8.941205,10.925879,6.258372,6.754388,-0.148925,8.319900,5.406135,5.895683,5.247214,9.882186,3.782080
7.171552,7.619298,4.402891,5.634734,0.790009,8.135350,9.422158,9.555749,3.187224,9.988635,8.250276
0.276548,9.800692,1.336413,3.106145,0.037188,4.778139,8.261182,12.884066,3.897172,12.038713,5.875303
2.281860,8.397133,1.548015,2.167286,4.598053,0.951282,7.230125,8.978635,6.359319,9.693053,3.698383
1.633057,13.289423,3.449185,3.405394,4.470247,1.942063,5.526552,2.925087,10.023343,11.363365,2.311012
1.170252,9.899971,2.980232,7.657873,5.507497,3.614851,6.919812,5.370615,2.217822,8.290437,3.318527
1.538612,9.386300,2.915645,7.485370,5.310090,5.431652,3.509824,6.777284,6.725070,12.008727,2.013084
1.792094,4.030246,-0.884174,10.412675,3.404978,3.952720,7.598639,1.472912,6.933678,10.752895,0.058766
1.553549,2.590984,-1.340745,5.506508,2.834208,7.517848,9.708879,0.162695,2.423182,8.740639,6.098234
4.118093,1.772005,-0.181686,-0.505538,-0.067473,9.068764,9.140481,1.218175,2.227935,5.228733,8.823951
3.315292,3.294171,1.606608,-3.339589,1.593025,7.051911,3.476982,4.561003,2.083169,4.952458,10.855633
5.947481,5.307991,2.124443,0.790756,3.217661,4.841977,4.745096,3.764825,4.699958,9.639046,13.600427
5.582661,9.598963,1.148163,4.714329,2.155137,2.998996,3.953094,4.031871,3.742629,9.947284,8.846845
4.771963,6.798328,5.616945,9.574154,2.927676,3.904678,1.255222,9.227400,2.146419,9.687861,8.807583
3.036071,5.850692,5.640079,5.949469,5.174164,5.067085,-0.446662,10.485556,1.200266,4.183860,6.188149
4.328456,1.181990,4.687076,6.821687,7.655952,7.336246,2.929564,8.636103,0.577986,5.349849,4.077230
5.023569,2.379723,6.723843,9.058504,9.257304,3.952099,6.641831,8.955080,5.737247,5.044888,3.306670
6.151383,4.360267,4.692821,9.241605,5.898438,6.531886,4.165885,3.119039,5.167289,5.948019,2.774907
6.513102,5.201915,8.434002,5.861519,3.815005,3.865201,7.478868,1.092594,5.728053,3.342787,5.136954
3.841328,6.311422,4.857533,8.237282,2.223274,7.158166,4.956000,-0.290464,4.954985,4.094603,4.777984
5.021032,7.792306,2.055252,4.838029,2.676806,9.902066,8.501172,5.361176,6.808803,4.597833,7.782251
2.200918,6.951810,3.827099,3.234025,2.138891,5.454161,9.055618,3.916522,4.874464,5.459075,10.185534
6.010072,7.122329,4.351772,1.873541,2.180457,6.990921,1.573395,3.051812,3.957099,5.815893,13.187240
8.848149,2.963957,5.855367,1.434823,3.738083,9.486132,-0.351636,3.413251,5.311373,5.350321,12.932117
6.424734,3.349911,4.345388,6.784370,5.809805,10.305249,1.329112,3.551023,7.154896,5.969329,7.803027
3.705254,6.499041,4.298664,5.523151,6.159539,11.355911,-2.465853,3.904086,4.037974,6.191376,5.029989
-0.156401,4.010323,3.570795,8.870552,1.183405,6.711393,0.867376,3.874787,1.910828,6.968832,1.337072
-1.875462,3.296816,3.017960,5.212587,-0.967721,7.725668,-0.606610,3.659317,3.073069,10.846456,4.468650
-0.374330,7.079732,0.907609,6.274136,-0.926482,7.405506,1.139330,5.344369,5.743986,8.548599,3.568513
-0.034580,8.257254,2.521131,10.214558,3.078686,3.060198,1.663570,3.351757,4.613908,8.474899,5.761442
1.197945,7.949261,0.469203,8.684162,2.213362,8.499647,-0.078933,0.892826,7.771916,9.361828,8.828996
3.753630,7.736577,-3.229371,10.391152,5.033194,3.977281,5.855426,4.649618,6.751931,9.054640,11.089891
4.279440,10.321734,3.255761,11.976295,6.928005,2.794255,4.249912,2.124145,6.209124,5.352428,2.550656
5.153962,9.385916,5.904568,10.128852,4.085937,1.321912,0.081468,3.066521,8.279516,5.342601,8.590624
6.173919,4.877141,3.129089,5.286494,1.707737,2.765619,1.247568,7.421103,6.926661,3.609286,5.995870
6.833234,2.713658,3.333984,4.937207,1.338363,5.031822,1.684603,5.046211,7.351434,5.593719,-1.907250
1.384995,4.576069,1.920848,5.841798,4.539906,2.667206,5.514430,5.508699,0.983401,3.473362,-0.066531
3.384901,7.810248,7.230803,0.653513,5.220034,4.662934,3.359131,5.299726,2.969002,1.747578,1.439427
5.083357,5.385523,5.610148,2.907095,5.062501,3.805175,3.149335,7.370395,5.791675,6.165797,2.440500
7.185618,6.471648,8.447561,2.834560,0.578227,4.610518,5.948939,6.010624,4.879227,-0.431422,4.594639
2.466562,6.263737,7.597199,2.837558,-3.741951,6.397400,4.221870,3.020841,6.206925,4.352093,3.631607
1.840022,7.274215,5.981179,0.647965,2.902055,5.609593,5.954100,3.587253,4.270758,5.751739,7.335700
0.592040,6.718258,3.650421,1.707672,2.996846,5.535762,8.448258,3.529707,5.625473,3.631266,3.335975
2.115022,7.860335,6.907122,1.482544,3.939893,9.957509,5.601556,2.725122,4.409715,1.696691,-0.302493
2.371188,8.306788,7.324103,2.928727,5.379506,7.730310,3.755860,-1.899327,0.087382,3.957539,1.379586
4.102114,9.295836,4.923395,3.913797,1.984898,5.924147,4.759893,0.990409,1.433560,7.315460,3.513171
4.374772,6.405906,8.319050,1.888687,0.921779,9.251197,2.606539,0.734990,0.831765,4.371507,2.933285
0.858646,0.917947,6.300880,3.039550,3.098642,6.463412,7.242339,5.791012,0.559561,4.924898,5.177560
4.465488,3.203340,6.876317,2.002817,5.537432,4.101113,6.853775,4.245983,5.487909,7.201041,4.088578
6.409576,1.909642,7.148766,4.882572,5.405401,2.524993,4.654253,0.398072,4.104542,10.425120,2.464479
7.787312,0.198689,10.099978,4.943430,5.357135,-3.830290,1.581606,2.835508,4.633573,8.699428,6.067361
4.176243,-0.471521,9.407091,7.704508,4.829620,-3.158542,2.878975,1.427801,4.950351,6.966733,1.519454
6.039445,-5.585656,3.626089,5.381893,2.750579,-3.135409,2.708238,1.257281,5.614330,1.578926,5.911304
5.610903,0.846631,8.252053,5.596635,4.334771,-2.997629,1.999073,3.458840,5.940143,-1.095067,14.226323
2.046816,1.888685,8.756254,4.720354,-1.111068,-1.870633,2.993395,3.700400,4.218836,-1.592493,12.746953
7.436110,1.275992,4.633578,7.368658,3.688741,0.195588,3.982608,4.076002,2.778337,1.458964,10.064488
8.386611,3.043164,6.574739,6.438268,-2.577136,2.863624,4.562350,0.820547,4.646147,1.517809,10.183604
8.137130,1.892457,7.777664,3.926856,-0.924575,0.462355,3.315698,1.038847,5.421249,3.303927,10.104376
9.827406,4.538168,2.394688,5.110489,5.714442,1.444054,0.047063,1.403052,5.824100,6.117615,5.732350
4.592729,4.887260,0.740174,6.472217,2.236289,0.946971,5.266994,3.507803,8.735973,3.444010,6.346058
1.330596,4.799564,2.949892,5.886844,3.452541,4.663947,4.843696,4.577871,8.807647,6.859517,6.749837
1.009180,6.711904,3.974508,5.898714,7.272068,4.371632,4.426297,3.875624,7.056560,8.019524,5.220636
2.942521,4.079003,5.289745,4.832452,4.661567,2.530849,5.158246,9.944509,2.613431,4.526099,6.835852
5.064933,6.918428,-0.504602,5.689453,8.060568,3.070358,7.653264,7.080019,2.790210,5.298560,3.655277
8.461334,6.338887,3.634066,6.003537,7.254510,4.651182,7.323281,5.862900,2.139552,4.812640,2.496027
6.597464,8.930633,3.539689,7.540252,7.549187,1.786148,5.201682,5.109449,2.964394,5.075032,1.118987
6.414013,6.541345,3.018677,9.160937,6.441828,1.225335,4.015309,3.468113,4.236533,4.557524,2.540074
8.866868,7.573725,6.611658,6.376077,5.153021,5.167612,5.679220,0.950269,2.583015,6.791093,1.297255
8.245566,5.116784,5.715003,10.015052,2.383758,4.457943,4.980933,5.994626,2.737309,5.167074,0.176636
7.618532,2.476354,9.009113,6.906445,3.202324,4.249479,6.180994,8.252364,3.919076,5.528349,2.315196
7.867923,6.884870,10.938760,6.830899,0.630660,6.698930,5.259977,6.513263,5.317393,7.454390,-1.569609
6.624522,2.370430,6.956559,6.108302,5.973245,9.165220,4.655729,9.426119,9.243289,8.633827,-3.080692
7.633088,1.713149,4.628263,5.691872,6.350005,3.718960,-0.285783,13.290651,6.068746,9.310736,0.590138
6.128942,6.878849,6.359875,6.609020,6.875898,7.403367,3.547179,10.488662,7.108069,7.945248,1.479381
9.447560,9.897962,7.319469,2.419677,2.708054,3.706607,0.120257,6.398530,7.378693,9.178527,1.926619
10.936934,6.272186,5.151534,1.279219,1.848529,5.027351,5.312896,3.535742,11.587081,7.670877,1.536538
7.562519,8.474618,2.905548,2.432472,5.149100,6.632959,6.829780,2.835146,9.179810,1.775376,4.150745
6.139234,8.009873,5.554848,4.906860,7.085128,4.579804,4.251380,4.495602,9.824000,3.513634,4.352944
8.016801,14.352440,3.026809,11.216274,7.836394,3.691818,3.361207,4.279806,8.103088,4.652280,3.118768
6.299595,10.426754,2.704529,8.214751,4.937726,0.135652,2.642650,6.608639,10.347322,7.613600,4.646249
6.131142,6.998213,2.691094,5.447658,4.013050,-2.081873,3.288690,4.277509,8.282370,7.737103,7.212179
7.809621,5.773764,2.243112,8.017802,9.396367,0.472368,8.239392,6.645038,6.796226,7.480489,3.055200
2.373608,5.623664,4.327509,7.958679,8.607011,4.256743,6.128234,6.595186,11.105058,5.003965,2.601439
1.700207,3.518757,6.336333,8.419392,9.980401,2.995499,3.068609,3.340087,8.550285,7.242757,2.897719
1.887754,1.616269,4.546059,5.161672,8.529395,2.151059,4.327748,3.178173,6.667779,6.589206,4.574794
-0.597843,0.551101,4.275450,3.149141,8.462836,5.120772,6.126770,6.520782,1.053127,8.100361,5.190828
0.020868,2.754477,0.168177,3.335506,3.734371,7.593014,4.843650,6.367984,0.736123,5.116063,3.425641
-0.522046,7.594792,2.942298,2.453214,7.391999,5.344291,4.473045,4.378242,3.018444,6.545239,1.813842
0.174835,9.182295,5.081580,2.076714,3.747674,6.285189,8.326202,4.189124,5.521275,8.993038,5.659411
-0.152492,9.385940,1.441431,2.596784,8.132494,8.202931,5.911066,-0.904727,5.054765,7.577334,9.739955
3.755250,6.550080,1.862721,3.670444,3.153114,7.902448,8.067256,0.930629,5.893216,8.507809,8.983672
5.988980,7.594421,4.821214,5.056892,2.770952,9.148943,7.575631,3.353894,6.102245,6.004087,6.861928
10.069582,10.895133,4.580625,5.937583,5.108782,8.277966,11.032707,1.234276,7.017146,10.669806,8.601856
5.437376,9.766231,4.177458,5.821017,5.220351,4.054311,11.673666,0.072677,4.486775,8.139079,7.824301
8.495183,8.946202,2.143728,2.845880,7.842920,5.613029,11.172713,5.260964,7.574773,5.395432,7.304478
7.134984,8.840686,3.926314,6.532537,8.908307,5.728852,11.891301,1.693911,5.832559,1.647226,8.800758
14.242497,7.545247,4.355048,4.913363,10.146992,5.411922,8.773830,2.012051,3.883420,2.328131,5.369977
10.843014,7.356753,2.926637,7.481072,12.342334,9.959014,10.497787,0.420129,11.586845,2.482362,10.067624
4.291412,7.093220,6.723828,4.879665,10.407671,9.968776,6.597309,7.621821,7.724473,9.382034,13.556099
4.698303,9.718526,6.541296,6.538838,12.187242,11.223183,4.968893,5.043969,6.372302,7.795935,10.523436
6.041422,8.036472,10.393508,8.032447,11.688050,9.405921,6.325812,6.280578,9.362062,6.243665,7.812653
7.745790,13.100813,7.649330,8.232096,9.368973,5.564175,7.969619,4.560316,12.440372,3.304615,8.169684
9.425890,11.682705,3.644156,5.928984,10.039698,6.255320,6.430471,7.131544,8.392400,7.277194,6.639924
8.914087,3.984540,1.404581,1.463727,8.842282,10.173396,4.689917,7.622088,10.877661,9.212497,5.091068
6.425107,1.259405,2.717562,7.035299,8.148772,10.274135,6.537847,8.113968,8.972347,8.791319,9.858880
10.714898,9.547479,6.048256,1.790368,6.326188,9.002402,5.219316,14.577258,11.225171,10.568468,7.368824
9.908358,5.430361,7.152939,5.013746,4.417515,4.721196,6.256621,14.270906,11.945407,4.889208,10.363428
11.133781,8.660250,8.559787,3.666422,7.018813,5.372545,6.211925,10.231078,12.217077,7.192606,7.027359
11.990508,8.529364,6.380127,5.145166,7.807825,5.038550,6.209544,9.071050,10.393053,9.155857,10.208166
9.793686,10.502850,9.347680,7.868398,5.894183,5.624395,7.493638,6.625740,7.634927,9.580674,4.348023
11.159372,12.271725,11.913277,8.973131,12.343575,4.161767,6.012331,5.998971,9.248547,11.188987,7.387328
9.323637,14.326146,12.798205,9.425449,8.173489,4.506713,11.471611,7.206881,6.131736,11.300291,7.542417
10.664094,12.760298,13.819806,9.976231,7.106863,5.116937,10.148112,7.648039,10.687276,11.650248,7.785555
9.119288,12.219080,7.434466,10.365734,6.902090,6.280512,9.880877,7.803283,13.618839,13.412825,8.944529
9.053095,8.254470,9.310024,10.206169,6.787363,-1.078001,10.771990,7.523497,11.770109,12.713767,6.415573
4.144752,8.114311,4.112303,8.393655,9.821653,3.769368,11.015347,4.745365,9.619427,12.670815,5.261102
3.179830,7.278640,7.840026,12.751133,9.086949,8.604174,13.973856,4.626476,10.176649,12.132075,9.352620
6.276695,7.031944,7.152152,12.325607,10.420508,10.758793,14.717995,13.764502,10.092344,10.234827,8.058129
12.567351,8.445852,6.320563,11.950071,11.962663,7.640301,14.582068,15.926220,13.739676,6.997948,10.454490
12.308679,8.816972,5.179536,10.054352,12.183389,6.114218,14.674329,14.166271,11.969056,8.639404,9.530785
15.714700,11.638936,7.013230,11.476607,10.604489,9.320349,12.637593,11.981926,15.405256,6.832740,7.923913
14.887115,12.415192,8.932798,11.274931,8.915928,9.812523,11.488486,10.049761,11.854637,3.045567,11.422341
11.129446,10.414015,10.826995,11.970796,12.656509,8.559594,10.207999,11.447919,12.410141,3.653737,7.248524
10.460511,9.901188,7.494537,12.603745,11.639949,4.833112,10.501710,10.626303,14.101438,6.755236,13.178405
14.970732,14.066341,8.374593,15.002841,10.891799,7.019228,9.084631,10.860341,10.872734,9.892728,15.183630
11.985560,12.478963,8.234796,16.315703,10.442611,6.873082,5.984443,8.261215,10.704924,11.365647,13.214259
9.944870,13.668736,9.201694,10.399562,10.940239,10.735425,7.908754,11.197094,10.713647,10.465894,13.816913
7.229127,8.764058,7.779924,14.810912,8.923072,14.755071,7.751550,7.755287,8.196234,9.614224,11.532683
11.957227,12.800786,10.876378,13.565510,13.262250,9.194405,11.100757,10.337658,6.590039,8.146367,11.332601
13.017817,11.369565,16.063772,11.228325,12.777393,5.527022,7.567248,14.206817,4.519958,7.697304,6.971781
11.755096,9.046888,16.711524,10.497211,13.964979,3.524538,5.045506,11.666301,8.853832,7.571078,9.178477
11.587934,10.511488,14.473778,9.057312,17.519552,5.223581,3.117699,13.331657,12.722746,6.963653,13.050128
10.110515,13.154020,15.097041,9.149342,11.237253,9.268571,8.105459,9.193793,9.220949,6.919176,14.957336
12.519633,12.828629,10.107045,13.322108,11.435941,10.723677,5.635958,14.573456,7.467960,12.669515,17.967098
13.934178,11.531409,9.039042,14.035812,11.089918,16.194640,8.735978,16.234599,8.330240,9.020300,15.303839
8.739515,12.080403,10.901986,14.369464,8.115772,14.618002,9.538671,10.325695,12.232314,8.066987,13.563938
14.456495,8.881519,14.045178,18.007447,7.242205,13.632460,11.419056,12.705050,16.142918,8.907505,14.231140
11.514976,10.425546,12.664317,16.133516,11.542684,14.644079,10.295529,14.797255,14.351090,8.784721,14.771805
10.468461,11.017993,15.854967,14.050793,9.996572,14.830757,13.177510,12.007321,11.640874,10.761667,9.115987
7.935650,12.410156,13.139237,17.880342,16.661929,12.869575,13.467064,13.282710,15.697339,10.788099,13.483597
7.520117,12.379644,7.708719,14.149202,16.142069,13.309774,15.987714,8.922823,14.436944,10.607226,9.841319
13.536754,13.229822,8.120339,16.858559,18.037424,18.406292,15.170882,8.446130,11.844424,9.522648,8.349527
13.631266,11.412057,12.698220,15.278791,13.231680,19.699370,11.767389,7.048021,11.650128,12.731763,12.397514
11.658067,17.224896,10.702396,13.882252,15.852401,15.563223,11.793197,6.095733,9.742912,12.062023,12.136423
14.647051,16.308655,7.419180,13.000508,14.134322,14.892802,13.049146,10.894080,10.187999,5.576889,17.489514
15.327869,10.522699,5.029089,15.007565,12.904293,16.828545,16.561149,15.425221,9.209369,12.207285,16.212099
17.187556,9.292335,7.915265,16.149363,16.151913,11.169255,13.528150,17.938156,12.943708,15.505429,15.387290
17.393655,14.068701,13.002004,19.123994,13.053396,10.573900,12.645405,12.399208,9.835086,17.753073,10.229384
18.666314,18.633509,17.832384,18.885842,16.302428,12.233035,13.003141,14.892789,14.002139,16.519791,11.322305
15.416284,15.132348,22.551988,21.227785,18.177946,16.279190,12.893989,13.643827,13.602965,15.586595,12.437174
15.968419,14.162791,18.972657,15.080784,17.447947,19.016411,11.949774,12.653706,18.239398,17.198407,9.624593
14.846948,13.949441,18.928690,17.308709,13.921272,15.519718,13.326101,14.806218,18.663617,11.549035,10.668674
16.445219,15.640740,15.362387,16.738166,12.595288,17.236954,9.183156,13.365964,19.568184,14.622037,15.196880
14.536579,14.152403,13.373529,16.396362,13.614186,20.570164,6.952724,15.944020,11.925315,15.016298,12.702562
15.141443,13.103789,12.364091,14.613615,14.758427,18.952873,8.292128,16.015883,13.085861,14.398024,17.680071
10.750641,16.874538,14.383775,11.656630,12.934174,22.100614,9.954518,13.202484,13.422134,14.381719,16.720245
8.900674,13.632006,16.041785,8.662256,18.796193,19.973282,9.133859,14.467002,13.940532,13.304156,13.647380
12.517140,10.728202,18.302974,11.419626,15.458147,20.177235,11.472895,19.460803,13.469936,17.681098,11.851228
13.909205,8.754751,14.041307,10.526921,10.616354,16.630854,10.135317,15.476544,14.370193,13.923316,13.414568
14.699282,14.165501,16.599352,8.844055,12.934110,15.858951,12.458142,17.600752,17.370902,9.890890,13.672300
15.070757,12.875243,16.246748,17.255133,14.601374,14.964156,13.645928,12.768018,13.151878,10.355818,17.695372
15.747211,14.192085,14.012010,15.766114,18.910877,12.522382,16.385853,12.837890,16.155527,11.967111,13.139277
14.792043,18.448475,17.090640,15.263021,15.238826,13.698592,18.381231,7.954323,13.031321,11.790461,13.558910
16.404122,16.789930,15.649026,18.549664,18.851884,15.108589,14.892193,8.611338,9.938036,14.906808,17.496594
14.567716,16.563198,12.026085,21.879011,16.462419,13.086753,12.970314,11.284221,9.640035,11.106221,17.959506
16.061798,15.198284,14.356647,15.964608,19.211779,14.228367,12.995214,11.733676,11.550586,11.805076,17.089390
20.025899,14.998645,11.738071,15.685227,20.273665,15.916035,15.791910,15.765389,16.058375,12.142371,15.920184
20.707944,14.299159,10.245552,15.187404,16.919433,14.725016,18.771963,11.885983,18.742857,13.823105,12.825997
19.762392,12.371102,10.041300,17.232260,14.197058,18.329563,19.546902,12.544258,15.834379,13.916838,14.631472
16.659066,15.937487,9.401720,15.677397,15.648636,15.822365,16.719402,10.042506,14.241079,17.641598,18.114693
18.959637,15.224548,12.246670,18.028836,14.235551,17.746566,17.802063,8.373259,14.919818,22.487947,22.431020
18.579218,13.232629,19.012006,14.111938,14.442450,18.514834,17.503922,11.748299,16.390052,15.309182,16.430642
19.251767,15.024659,21.749054,13.668738,11.777088,15.162277,14.197977,15.567050,12.824847,14.678448,14.180178
17.141183,16.774773,21.096146,18.214951,18.204703,14.621696,14.575545,20.696709,18.175446,17.038100,14.272128
12.113657,13.980903,21.631435,17.132134,10.976059,19.039437,11.457011,17.920186,16.070541,18.594773,10.092701
13.364478,12.876731,13.321615,18.746520,13.293731,19.991537,12.009107,18.059625,12.273291,20.219805,16.042152
12.235734,17.270474,16.261721,18.742653,10.655156,20.564923,13.649354,16.767109,15.701503,14.888212,21.931896
14.745731,16.072430,15.737931,17.978305,13.114611,18.393128,18.890971,18.632253,14.752634,14.785268,21.762858
15.192764,14.389564,14.230611,14.419796,15.965174,18.112929,17.375972,16.501184,16.233524,18.179713,18.778645
18.966041,19.082725,16.249716,15.488122,17.848816,18.490313,17.578170,15.715635,18.572844,21.787348,14.556597
20.081465,19.425753,13.587684,16.792824,11.789808,19.308321,11.787876,12.688276,21.824484,17.884543,14.728556
18.204176,21.083581,15.992001,19.102742,14.344281,21.905281,12.612185,16.643668,20.437940,21.579806,21.055957
18.532673,21.622741,19.711655,18.422635,16.355364,16.735467,13.689140,15.485354,17.521581,24.715751,14.236335
17.914909,23.395659,19.991655,14.858083,21.556222,19.845570,21.352216,14.986065,19.588281,23.936818,17.996382
13.834941,18.545976,16.440568,14.600716,20.965848,24.171887,22.736705,15.346419,18.624291,19.773701,19.414302
16.543145,17.316445,16.089786,17.687571,24.313161,21.765186,20.613395,14.620865,20.018711,18.856273,20.533267
17.590551,18.352601,14.847759,17.720515,19.895608,20.286207,16.150232,16.815845,15.416858,17.917583,21.476822
24.026157,20.680944,12.753868,19.879161,18.388024,17.943391,23.502041,14.563600,14.983487,16.852809,24.955275
20.801386,22.406285,14.267671,20.864108,20.482160,17.557015,25.166929,12.919006,17.350037,16.320201,22.323423
16.679381,18.333038,13.994199,25.697500,20.716423,21.070710,25.853520,18.387629,17.671031,22.399638,19.571151
13.996844,15.268359,13.167610,20.824097,19.254038,23.185615,21.164040,16.711584,14.886909,17.814899,20.126581
16.668465,18.346677,16.735287,22.971588,17.336385,25.835800,18.702902,21.128548,19.456630,12.688870,19.333230
17.156912,22.524696,18.332515,18.759480,16.432997,26.918985,16.835476,19.927139,19.673921,12.826680,19.584363
18.114485,21.161491,20.423011,18.390431,19.213436,24.433188,20.188680,20.599526,18.328230,14.117187,16.984492
18.372145,23.867600,22.450807,19.491766,17.139148,22.517747,16.074066,17.309800,16.894787,19.468675,22.653652
20.104350,20.003595,22.325835,16.451213,20.340406,25.743736,18.414920,14.415288,18.462557,18.532770,16.563156
20.635807,16.727903,19.449955,15.162862,14.619763,22.361182,18.591054,15.450207,21.253621,18.177505,15.885118
23.116107,15.877687,19.432275,20.781412,17.394181,22.945816,19.146447,18.301903,17.579697,18.117061,18.580694
20.423722,14.611171,22.114497,19.166642,19.661532,15.987579,16.640666,22.441734,18.179014,20.280810,18.689781
21.664128,15.684408,19.274454,17.834765,17.960189,13.751633,16.610055,21.916244,19.170910,21.738752,22.267195
18.912784,22.235694,19.862889,22.841193,18.103843,18.298120,18.962379,24.743289,19.499085,19.509829,19.984158
18.894877,22.664063,17.754709,17.185509,28.415506,19.214772,20.587143,25.263651,17.360403,17.312973,23.725043
20.535238,22.014566,16.740803,17.962456,24.988065,18.750372,18.261260,22.020235,16.274918,20.164192,21.872452
19.187854,20.413247,25.968411,16.530621,23.611719,17.099638,18.679709,23.283767,13.707003,17.263428,20.291561
16.391375,23.464060,23.873059,20.741127,27.293500,18.375602,15.296835,19.803080,14.716299,18.860036,19.111116
21.951305,20.383958,22.967866,20.510386,25.120904,19.136033,17.567404,20.216056,16.852103,18.229731,17.196808
20.438803,19.619366,24.127478,23.333414,20.220013,21.949906,23.159875,16.641817,16.632867,19.404060,17.256961
14.617699,15.369884,19.721653,25.868194,17.100600,17.991725,22.344350,16.522919,14.343911,14.167495,17.580370
13.972961,14.710216,17.721712,19.147988,21.330441,21.563150,20.940170,19.325603,18.598738,18.519540,18.179760
15.209967,19.859169,17.695487,18.956751,18.403695,23.972851,24.434916,19.548208,16.849682,15.239175,20.100557
15.537871,19.722575,17.934854,15.973424,19.660393,26.330093,22.652277,17.147413,17.130909,15.163652,19.790581
17.671365,21.119512,19.558465,17.523780,18.523887,24.831059,19.315185,14.468034,21.560750,17.213698,15.840284
21.258252,21.930099,17.965489,21.265455,16.181157,23.662964,17.176473,13.869756,22.790810,22.002601,15.223279
18.103033,22.974816,22.242234,14.348032,18.606243,19.327979,17.799548,18.895050,24.996364,20.901544,17.077618
19.090761,22.642870,17.622534,13.212322,21.986773,18.194581,21.421693,22.431644,22.891987,19.457998,14.527890
18.061259,21.007318,20.676974,16.492730,22.777021,20.607560,17.822409,21.086189,20.813669,18.485696,19.336890
20.665932,19.347526,18.295187,20.595549,26.863246,21.849284,19.106549,20.806188,19.390701,19.557739,14.332240
18.824706,16.613740,17.169620,17.404622,24.364547,24.878082,16.494005,20.392923,16.510246,22.352872,18.333849
22.289873,22.962607,17.473997,18.663995,23.256111,22.071704,19.657527,20.093021,18.533130,24.952612,15.231682
20.401406,22.500237,18.645090,14.049092,22.786124,22.251972,18.183825,19.551223,16.878888,25.470029,16.324788
21.503244,18.724777,19.692117,21.519811,22.281387,24.310434,17.076040,20.320924,18.840731,20.376280,17.062304
20.253545,20.525161,23.389096,23.204031,20.914151,19.954638,19.752005,17.074636,21.225877,22.776584,18.025893
20.042442,21.556216,18.336201,22.027132,21.911658,22.365651,17.646173,17.942594,21.985693,18.387175,22.524375
17.734071,26.088240,19.190558,20.248259,23.607285,18.914627,20.242082,20.454520,23.745035,19.755247,19.462799
18.175236,22.650482,19.788812,24.153085,20.372473,20.812664,20.738265,19.464391,20.095516,22.090754,18.200489
16.712426,20.042373,17.040843,25.802033,23.128615,18.351163,19.623979,16.899381,21.548780,22.923755,17.910786
17.511691,20.430181,15.352241,25.607356,19.547148,17.912462,23.034477,18.447086,18.935059,28.250263,20.844168
21.384259,19.362234,18.655171,25.020573,18.633501,15.197588,25.146940,17.259668,18.583519,30.203496,24.390250
20.033044,20.820439,17.604780,24.072681,21.267075,16.311333,23.129156,14.252141,22.691629,28.125463,20.083011
16.435360,16.837714,23.721714,24.012323,19.221524,16.427605,23.878146,18.836671,21.405055,26.673738,19.184612
14.700903,17.939341,23.461657,23.357138,21.114231,16.566740,19.641576,20.374761,20.700105,22.208439,17.087833
12.710902,17.112392,22.035422,24.681600,18.631798,16.695097,21.656762,18.206926,23.871905,17.840821,13.996557
15.023099,16.653818,20.825731,22.713720,19.839534,13.974339,22.798823,18.640401,22.263621,18.340978,11.651954
15.727411,14.005243,21.377255,26.548070,19.748797,17.168430,21.071710,21.325922,17.292476,20.307735,15.891170
19.861091,19.583341,21.524462,21.315671,25.322665,21.669064,17.823234,27.704941,15.646345,20.416580,18.432026
19.627947,16.838540,21.414740,19.264080,18.962622,24.336096,15.050695,22.643564,19.355297,21.070174,20.520508
16.302003,16.397760,24.830935,20.637056,22.206240,23.782127,15.027615,20.341353,20.610678,15.498881,23.234406
21.101413,19.241125,20.832515,19.801004,21.757246,23.910209,12.814027,20.114895,20.352026,18.036135,22.651106
20.120737,18.862861,20.928530,18.639836,18.067915,21.660435,22.385905,21.769404,17.683828,16.179140,22.878591
21.192659,21.621783,20.592625,18.202427,20.792542,25.516411,20.554922,20.639885,16.419260,20.100424,22.190034
19.966936,19.974476,18.062095,13.696176,19.699554,21.827895,22.668305,21.808543,15.873428,22.816915,21.811676
18.003245,14.400807,21.020496,9.647026,23.721826,20.610692,19.415863,23.821354,14.207295,19.886680,18.875863
15.896845,18.772330,22.778201,18.259780,24.287703,18.965552,17.225146,24.773937,17.961978,24.636803,15.053787
17.181628,19.083316,19.751305,16.003273,23.618555,19.824640,15.261809,25.736864,19.958616,21.338326,16.507742
20.798604,20.203316,18.090634,17.641589,24.659563,20.820574,22.479277,18.987216,16.829202,11.188420,20.762069
16.875864,19.757965,18.056567,20.171711,20.055253,19.549486,23.215501,16.615271,16.442547,10.601473,20.895436
19.234914,18.954774,23.035332,20.092589,23.406769,16.289308,21.850904,19.288873,15.127948,15.201856,18.719883
19.053635,21.468267,23.193472,21.309872,22.913894,9.952132,21.923085,19.226567,13.146087,15.958839,18.140225
20.170954,24.239033,20.458424,22.128573,19.000473,14.539595,23.453404,22.555341,17.151300,15.687555,21.849405
20.487963,25.337652,19.880357,20.377014,19.688037,15.156354,23.962467,20.856917,17.470397,19.368064,19.131934
18.774905,22.738810,19.151870,18.526967,20.890039,14.222769,23.639464,19.222461,18.872075,18.716797,19.172069
21.118888,20.155747,19.667780,19.836927,20.537808,15.291383,23.401528,18.777194,23.585028,20.505474,21.311752
21.200822,22.619592,22.754077,17.196149,17.854604,15.209634,21.645226,22.101008,23.689895,21.741652,20.409859
20.805297,24.524004,13.480487,17.869322,15.370948,17.853294,19.306113,19.085632,17.210467,21.207291,21.026483
21.175418,25.284458,19.039842,18.417939,17.430751,21.317479,18.578172,16.828694,15.956248,21.136818,24.838945
16.819026,22.221838,17.161339,21.381758,20.378866,20.327411,18.487832,15.061293,13.839119,16.946903,20.127238
18.140897,19.557708,20.030611,22.361023,19.901192,22.922587,13.916303,15.240857,14.915213,16.122797,17.265163
20.806652,15.964188,14.980967,20.332527,17.704836,21.465797,20.894881,16.332974,16.467687,12.984931,18.257694
18.467669,15.465591,13.405456,21.302220,15.149766,18.478768,20.401229,18.557800,15.315666,18.728694,19.497759
23.534238,18.801184,15.306107,22.554611,15.971726,19.884127,21.991784,17.723361,16.409813,15.412063,17.551558
22.721927,20.223348,15.710164,24.992807,20.889264,22.890115,19.755405,19.854079,18.072176,13.979737,19.634685
21.764515,17.357051,21.291739,19.999949,20.582931,21.291126,21.192504,19.981533,22.812993,13.450937,17.720874
19.002040,14.657242,20.399812,17.689369,24.730525,21.532404,20.230553,18.884258,23.073404,14.472365,22.551645
17.858262,16.501012,17.335282,17.413640,20.920988,18.487023,19.377221,18.409110,23.644843,14.826377,25.312473
16.051443,19.150509,20.401859,19.831495,17.925835,21.299709,18.181878,14.421700,26.443315,18.569666,19.887258
15.045298,19.280645,18.930112,18.606710,16.195471,19.292703,15.640253,15.326952,22.931588,21.042820,18.995309
16.291541,22.850259,17.671663,17.942142,18.165447,16.906309,15.647214,14.759892,23.226484,16.689029,18.749910
17.215860,19.236934,15.766936,22.210556,17.034691,18.191855,20.012328,13.140138,24.116161,15.724076,18.056058
15.965586,19.808582,16.821377,18.437711,21.470594,22.890745,20.474428,13.681492,19.181633,17.364208,14.228749
16.332419,27.501111,18.266069,19.579951,19.574562,23.542028,18.137129,14.285488,19.157888,19.488169,15.922320
18.908258,23.579460,20.114013,16.877748,21.362688,19.933964,20.077469,15.557575,16.370676,22.691438,14.589860
17.301383,23.057691,21.971636,19.225141,20.795044,19.977049,18.557235,14.484369,13.949641,26.060611,17.522257
18.867216,20.728021,25.349213,19.363772,23.760223,23.550943,19.285676,15.006346,16.958602,26.149568,19.916811
15.743159,19.212892,23.606579,18.837982,24.495891,23.595931,21.522162,14.267587,15.702405,20.359007,20.159377
18.566931,14.722417,19.026355,21.217135,22.154657,24.158967,22.078478,17.963928,18.828871,17.221585,21.520539
18.805432,15.365839,19.263980,17.269970,22.194901,20.743691,20.265818,16.663613,14.496557,17.011002,16.010503
23.574048,17.435319,20.716753,15.783482,22.668190,19.795466,22.635142,21.248283,18.904141,20.689427,16.398810
21.574441,17.399930,20.735935,16.086951,21.115705,21.234995,20.487515,21.465792,16.029381,20.438738,15.598041
18.997390,15.439361,16.154812,14.579798,19.418962,23.962648,20.235746,14.220707,17.759942,23.387317,21.158722
17.867974,16.078348,17.284584,19.251081,14.282006,27.028700,18.689177,14.478491,14.380726,23.176830,22.865706
16.284512,11.111867,17.686726,14.091307,20.512881,23.192089,16.122437,14.727054,16.087114,19.261005,21.242570
18.241386,14.866906,16.491940,15.781575,14.062265,22.083511,15.019649,12.064376,14.130340,16.972422,22.936816
18.952067,14.322691,17.104277,15.404547,17.131014,26.517957,15.162716,17.775205,14.041207,19.038291,23.955813
23.928348,11.987466,21.880159,17.570274,14.238372,20.934474,19.618725,14.673030,14.629585,17.542954,23.261352
15.173890,15.334193,20.549318,17.687347,15.853363,21.415542,23.295194,15.075846,13.674942,13.109173,23.882382
14.886954,15.339914,16.132770,17.863624,17.735358,20.934266,21.117068,19.672100,11.910714,16.030888,25.968550
13.761125,12.931847,16.222418,19.085729,16.339614,18.412723,18.488174,19.182087,15.983676,16.152884,22.742810
13.791682,13.205496,18.696123,18.621305,22.745936,16.919933,15.709572,19.687210,16.555834,13.058229,20.194642
18.271514,14.782341,19.278530,15.814115,20.082909,13.580233,13.741090,19.148186,17.397138,18.612303,14.411410
16.284513,15.979472,14.789961,18.150158,22.894054,14.044000,19.038689,17.467685,17.844596,14.281952,13.447979
15.172921,13.104647,17.610424,18.657856,16.443604,16.583736,15.878452,17.939693,20.844907,15.232399,10.414975
13.186454,15.993988,15.912580,19.179941,13.028815,18.035851,16.928209,22.464988,17.507072,19.494604,17.023760
18.609015,17.534456,14.503407,19.202198,11.450198,19.813294,15.903411,20.980586,20.305434,15.983329,16.734095
19.950099,14.171891,15.659905,20.419587,13.094895,18.855820,16.020784,17.507640,19.753249,15.456799,16.689554
17.136026,10.924544,17.448745,15.703755,13.495155,14.070793,13.750088,16.210942,23.965686,14.483862,18.678446
16.066398,11.707528,20.144019,14.402518,11.442763,16.955299,17.741115,16.882714,24.623422,12.196830,17.710751
16.872433,16.429215,18.339633,17.866156,11.413714,17.571395,18.292829,13.877406,21.354942,14.417731,17.803796
18.636414,17.175737,13.652852,16.312317,17.078246,16.299002,11.755158,12.804518,21.500309,17.317487,20.047851
18.504784,19.223432,14.273592,15.489339,13.200747,16.583339,12.464128,11.188423,12.481386,19.559628,17.192991
15.739335,20.112643,10.829834,10.890533,16.092243,10.003558,11.106924,14.286267,11.957265,17.440723,15.629900
13.646006,16.619764,10.106017,16.802604,14.666899,7.735537,8.795668,14.943764,17.203819,18.190272,17.426634
13.643142,17.141575,9.940401,18.366623,11.599161,13.138778,12.091575,13.590139,10.520503,14.144769,15.912519
13.333177,13.924454,10.282758,16.885038,8.669211,13.521910,15.296931,9.718734,15.949876,13.187536,10.609431
13.543088,14.587070,13.888068,20.150267,13.778706,13.485225,18.233901,15.455472,13.342638,15.167370,12.087533
14.396964,13.114049,15.700926,16.038474,13.554502,16.605378,9.836166,18.621373,18.426607,13.569170,14.644599
17.268158,13.666046,20.006483,15.067745,14.356027,16.471104,8.690792,15.283189,16.140178,14.612311,15.312379
18.389532,10.892293,16.656945,12.707624,15.478298,10.324468,8.871990,15.904672,16.558825,17.679677,12.852287
16.627639,10.193695,16.935805,13.598093,14.812081,10.439981,11.033980,18.850124,14.012953,14.106457,13.446229
13.829271,9.109906,18.461199,12.098969,14.706615,11.362846,11.281844,13.637926,15.178822,15.323087,10.701983
11.601754,9.387336,16.271278,12.693606,15.366543,11.606079,15.490069,11.889842,12.912278,17.384316,9.075734
13.199550,12.682676,12.181008,11.188127,11.624837,12.197110,20.159855,13.857543,11.400704,17.146813,12.269874
12.910194,12.072318,13.321481,11.447995,10.299387,13.500238,17.344654,14.143076,12.508373,15.044370,11.096554
13.389126,14.015082,13.383967,12.668750,16.204952,14.017967,14.059641,18.309108,17.715617,13.871748,13.831082
12.512428,14.510575,11.469160,9.352192,14.928401,11.177796,13.339106,19.824645,14.503255,12.289900,14.104906
13.348352,12.560036,12.092778,10.167507,11.353202,13.650808,13.918211,18.621585,18.602380,14.191368,8.751584
10.527675,15.466728,12.979100,12.705147,11.069169,13.151778,15.725430,15.114040,15.061809,11.372904,10.380797
11.795476,13.602813,14.395020,13.874682,11.880130,16.318601,20.120658,16.780307,16.137337,9.731425,10.427907
11.362071,16.967781,13.237197,11.549187,12.537456,12.600817,20.788223,11.972599,12.156760,10.694283,11.397453
11.712306,13.105469,14.674257,9.660399,12.121846,11.543957,16.684516,13.286361,13.451695,9.050299,7.436016
12.878105,13.200923,13.539174,11.845175,9.819565,15.319825,19.156371,14.427163,13.705934,10.473371,4.183529
9.651483,12.437572,12.294687,11.250943,11.342880,15.178058,17.883377,18.408212,13.071114,10.790450,2.933227
12.172051,7.911220,10.407529,9.603650,11.293551,14.286163,17.828506,12.136840,12.616439,15.497150,5.750626
12.860492,12.818515,8.666069,15.439067,13.427342,13.210369,19.027969,9.745838,15.058702,15.785698,7.062033
15.133420,8.326603,7.325566,12.275989,16.591888,12.107864,16.312545,9.607696,16.889457,14.121356,12.804126
16.020769,10.036911,8.793434,14.975716,15.706875,11.630180,18.751405,12.228780,15.665921,9.785096,13.295380
11.118618,10.784806,7.413850,17.743531,15.019627,11.701829,15.816411,10.861849,11.535563,10.027776,12.158241
8.659841,8.886981,7.180845,13.615270,14.837632,10.647320,12.703507,11.835461,10.706836,14.100428,7.473150
14.555977,7.778218,11.241718,12.791411,12.906779,17.005732,9.705366,12.007439,10.646048,13.296261,11.924140
15.592583,9.428832,12.122149,15.686950,11.955093,13.774091,8.082785,10.128159,13.479472,11.177824,10.216931
10.242761,9.643683,12.743150,13.774941,11.544953,16.542342,9.076250,13.348353,12.846238,9.645937,13.365537
10.674458,12.242638,15.484923,11.116488,12.621761,14.520826,12.041139,11.729818,9.617122,10.414406,11.537895
10.089709,13.574376,12.141869,9.836768,14.074757,11.950700,10.460288,10.704186,9.181358,14.160318,10.608033
9.153206,12.057263,11.121535,8.022608,15.528813,13.713102,12.539082,13.896801,8.598285,14.117669,9.272078
12.522811,10.748495,10.309484,6.670150,15.055306,10.491249,8.609563,8.431077,13.175073,16.351096,8.802047
13.241572,12.057128,6.627146,6.848525,13.603276,7.208899,9.717496,12.664462,12.749457,15.497443,9.435003
11.310320,11.260998,9.620686,9.391511,14.262185,9.091911,13.776287,12.214738,8.968956,10.366425,13.636260
11.097228,12.756159,8.999040,10.716991,13.412750,9.904162,13.110911,12.037509,6.405631,10.898556,16.471412
11.159852,11.874760,9.452816,8.181107,10.805168,7.665923,11.622082,15.285961,10.963726,10.842558,12.360800
9.480404,15.927492,8.658494,6.944887,12.462928,10.120776,11.828166,15.530424,10.444936,12.053960,13.620962
9.203653,15.281609,8.148727,6.347909,10.438632,14.816882,12.245006,15.089056,12.437548,10.729938,11.421592
12.008812,15.039741,6.743400,6.315716,13.447849,13.893402,14.214171,11.308940,12.987508,4.093076,11.289100
12.280806,11.968088,11.756078,8.117330,9.492518,10.833305,9.587362,8.239915,9.367821,10.067701,13.936710
10.711057,13.372012,11.371666,5.958030,6.159638,11.887485,12.126822,11.202411,11.483908,11.700237,6.188528
7.002395,12.677556,11.028607,10.116068,8.093680,14.351076,10.944605,14.531107,7.337877,13.581124,2.735808
7.928622,9.957124,8.033687,4.586574,9.807538,12.890827,10.858156,13.869526,8.972207,13.290118,3.419271
8.611852,9.674333,6.540096,7.096546,11.606522,9.103344,8.606598,11.625540,5.452013,9.161485,6.741841
9.509443,12.814489,3.175937,5.665091,9.710095,4.172579,7.000789,7.995424,10.919283,12.418666,7.978640
11.474018,13.384704,6.014936,11.267268,14.475196,4.873381,10.173931,4.100016,10.764657,8.493665,10.382910
10.685648,14.161029,-1.654344,8.095501,11.837375,8.120591,7.632731,10.205890,12.321190,6.358912,8.096281
9.685078,8.912782,3.670166,8.694794,6.500357,6.470103,8.107480,9.082158,10.863119,6.266250,4.353581
5.159669,5.045550,7.256618,6.340333,10.469425,9.783759,8.478252,2.223622,16.549202,7.063743,10.180021
7.380313,9.131419,10.428754,9.111303,8.317026,5.754476,6.787734,4.017175,14.370938,8.880098,10.408399
6.591801,6.413784,14.312552,7.442126,11.429877,8.409826,12.143915,5.392957,9.700668,8.949487,9.699100
0.396040,9.394106,11.825401,5.133736,9.848218,6.893397,8.488446,6.709329,14.774499,7.885311,7.548569
3.132023,5.701004,8.698588,7.072674,8.781118,6.643590,7.890980,13.488148,12.168546,9.233895,4.588250
2.892510,5.153635,13.170983,11.280088,5.737035,3.674798,4.582689,10.404197,11.934644,10.478321,6.918318
7.818516,10.978898,10.894221,8.631695,9.895353,6.594751,3.394516,10.479218,9.366980,8.154573,10.956152
9.646445,11.452222,7.832378,7.780517,7.746690,7.676628,4.053100,8.486082,5.739231,8.597706,7.833276
12.115686,3.062828,10.172233,6.562914,3.653046,10.456279,10.238023,10.159484,9.869105,10.655114,6.777758
10.004381,2.265366,7.545716,7.985779,2.050194,8.721262,9.499976,10.690222,11.376219,8.082474,7.876134
10.453557,2.809550,7.105565,3.832444,3.143101,10.211804,9.723963,6.976125,7.413387,10.413088,3.761618
9.015325,2.524443,2.968217,4.492398,2.002795,7.930510,10.051774,6.390548,4.609345,6.750398,3.080603
7.034891,4.121145,3.997749,7.638917,4.632895,11.607952,7.842418,3.302632,7.094624,7.793411,7.304782
4.823916,3.072903,6.078784,3.892583,4.864915,11.435608,8.346406,2.935701,9.652459,11.241649,7.010639
3.118889,1.262319,3.936303,4.989026,11.000224,9.888853,8.734273,4.950009,10.713932,11.184442,9.105079
1.997117,6.101537,4.632334,4.331183,9.502767,10.148703,13.607851,6.118315,7.482865,11.695528,6.757991
-2.256252,7.152767,1.907659,5.048754,6.583244,13.371603,10.401955,6.348507,7.928450,10.743193,12.260353
6.094085,7.739167,2.635686,4.135434,5.298454,10.415775,7.773743,5.412808,6.982218,8.704002,13.748930
8.887758,3.038583,3.843813,4.428092,5.956246,12.057891,9.853597,1.844960,5.748522,10.904511,4.862375
6.027372,7.411411,3.775169,5.183970,6.397193,9.691381,11.686477,6.337760,8.673339,7.774180,3.469836
10.968966,8.805922,2.293774,8.914095,5.448976,5.741217,8.676678,7.621493,5.447458,8.419979,8.370004
8.548187,5.785028,-1.217364,10.785205,4.225212,6.452112,7.855702,5.252279,7.219861,10.524299,4.123945
6.505952,-0.496728,4.067785,5.623666,2.552054,6.529031,8.305680,8.108633,9.609429,8.431024,4.422284
4.070894,0.650660,6.020832,8.931949,3.507074,6.367028,8.297458,8.228553,11.820503,7.355355,5.212522
3.958307,6.456214,0.911164,7.446579,3.265624,6.678687,8.884369,5.726882,5.296689,3.635473,6.875976
0.364595,7.489759,4.986371,5.652289,3.887132,4.350569,4.124736,5.174343,5.374694,2.102969,3.430807
2.376014,7.066296,6.382437,-0.180815,2.343073,1.187032,6.942824,6.646967,4.128206,4.439447,7.038740
4.854625,7.551747,4.354627,1.941554,7.390209,8.256177,8.601249,3.633099,1.824222,10.848111,6.947489
10.101201,8.754937,2.624297,4.024139,8.226690,6.298433,8.241792,3.416780,2.372624,10.690714,0.777023
7.109969,6.322633,6.864083,5.198917,4.415619,3.661399,4.432146,7.342353,2.467198,9.916425,0.862722
4.459208,6.693984,8.285120,4.943256,4.491347,5.663429,8.474317,4.304837,3.891362,2.051117,3.381541
3.308550,9.583601,5.246596,5.543018,4.487013,4.427386,8.322982,1.914527,1.469712,1.583696,7.333177
8.379339,8.375042,6.935376,10.080183,4.410449,8.651520,3.721223,3.833738,5.540026,4.158871,12.032356
9.420434,12.252026,5.435162,7.927492,3.646115,6.236063,6.504618,0.890665,10.517480,2.906284,7.495054
10.616371,10.703012,5.484689,7.381345,5.385652,4.921649,3.602343,-1.858762,7.618451,6.916414,8.712515
7.496886,8.030398,8.588273,7.797252,1.940422,2.469567,5.913260,4.432309,8.204277,3.492403,8.498523
7.023513,4.592737,8.508038,4.690228,5.757404,2.115524,6.140876,7.911961,8.199915,0.756375,5.478398
4.380765,7.493845,1.583468,4.744712,5.225270,2.852862,6.297528,8.514323,5.552232,4.932702,9.292507
7.196110,7.634233,6.921636,4.107074,5.926516,2.087803,6.563094,6.045894,2.964765,3.645927,7.267391
5.310603,10.103840,7.827310,7.096356,4.695737,5.078482,8.727555,6.188091,2.740411,8.181281,6.553622
5.047584,7.800607,6.422613,6.382130,5.950015,7.766277,9.334448,1.095602,3.833562,-0.390834,9.552432
4.891333,4.869091,4.368321,6.197326,4.068863,10.633347,8.068278,4.042084,2.341956,4.847083,7.941752
-0.944458,4.578972,4.723082,7.959741,2.727073,9.806338,3.960764,4.913738,0.230178,9.233274,8.544206
1.780200,3.293564,3.709737,8.512040,2.596548,9.207393,4.740649,6.720325,1.831150,6.754367,8.301215
5.014534,4.090868,3.617987,13.036253,2.029327,6.867649,6.211660,2.280711,3.037667,4.464130,4.985250
8.804464,4.281781,5.210598,6.451327,3.797303,6.515904,4.780977,4.110701,2.194100,5.058290,7.002284
3.473109,6.871058,1.516009,2.053052,1.987387,8.388539,3.953620,1.830837,0.890442,3.620107,9.461198
2.232811,3.682640,4.458191,4.928753,2.620818,10.220154,6.765504,0.225223,-1.343798,2.019713,6.865457
0.975050,8.373427,4.987829,5.846028,0.876586,5.992908,6.548333,2.418111,2.421371,3.758058,7.484979
-5.194932,5.216510,5.690925,3.648708,2.103710,3.863814,5.456184,4.934277,4.493576,6.040440,8.802107
3.073803,3.786154,2.991618,7.090578,0.834070,1.306636,5.139684,5.045479,2.850465,7.087251,8.818350
0.635826,4.455525,2.488824,6.534044,-0.174024,4.929292,8.541721,9.384664,4.382855,9.136717,11.337142
6.231985,3.591327,2.649640,8.090124,5.183657,4.135654,3.721898,5.741125,1.377742,4.422866,12.257476
7.823720,4.145436,3.484694,3.138413,5.464114,3.868088,5.754482,6.796941,0.927175,3.134980,9.212607
0.389732,2.590745,4.138682,2.501052,4.922940,2.007121,8.104696,2.652409,2.674644,4.799684,11.577916
3.113417,5.290056,4.267670,5.185243,2.095835,3.902913,4.376671,4.888484,4.553173,5.375916,8.142548
4.431383,7.541557,6.156406,1.717578,3.349755,0.898502,1.227456,3.643678,5.544719,0.259538,3.813742
6.140411,7.742870,9.469052,4.932628,4.913239,0.097456,0.581382,0.020056,6.712866,1.754996,1.843778
7.626797,-0.050177,12.603963,6.914940,3.741294,-0.669844,3.795019,-1.821455,5.494690,0.094886,2.769762
7.786952,3.769082,8.182106,6.064774,5.446458,1.990519,4.912742,-0.067304,10.222146,3.370708,1.887458
5.571940,5.007878,4.673925,10.161147,4.121747,2.840212,6.404992,1.510332,5.119827,6.292327,6.643620
4.187946,5.452982,6.838547,7.617829,3.391774,4.981590,6.134013,4.561835,0.005875,7.527194,5.123036
3.093124,-0.056817,5.368769,5.653429,1.219285,8.097269,4.891281,4.253141,5.312664,5.479975,2.499978
-0.394136,-1.704075,2.892076,6.540542,0.561382,7.101011,7.968232,7.009075,1.655056,2.615346,5.402520
0.426014,6.944045,2.315890,0.300252,1.036469,7.966179,7.560425,8.092356,0.211188,1.842098,6.074134
3.539543,6.731571,4.303894,3.965909,2.275432,4.797989,6.278397,6.664840,0.933552,3.472274,3.385380
5.286877,4.734141,-0.364887,2.091212,-1.568047,4.317266,3.846958,9.490060,1.690047,6.817681,2.777844
2.464901,4.144602,1.336460,8.868781,1.982089,4.384958,2.220331,0.722353,2.644254,3.851836,1.170555
1.270364,2.403864,5.977607,10.884065,4.330885,2.208842,4.493715,5.211944,0.822341,6.462620,0.599530
0.133965,7.170909,3.361914,3.890834,3.667390,1.343314,5.569322,2.806362,8.492767,3.534275,1.463828
0.583042,4.251965,5.774430,6.897164,4.944605,3.591263,4.682456,0.866402,7.749481,6.690085,3.084376
2.942632,7.624128,7.104248,5.435362,4.294622,5.310189,4.002440,2.346162,5.341017,8.002044,5.709506
5.226233,6.712724,4.385883,7.026676,5.399328,6.425463,7.508951,3.018484,3.158298,7.568972,4.584111
3.290352,4.982889,0.635524,8.914953,5.427329,7.260760,6.099401,6.538341,3.431586,6.046927,1.745201
4.400464,9.084514,-3.191736,6.763987,8.066299,5.672227,8.734778,4.780481,4.130156,2.615791,2.948674
6.422556,8.824767,-6.187294,3.127559,8.720432,5.182704,6.509923,8.573684,5.236061,-0.865034,2.829061
5.985781,4.278652,1.484265,8.312688,8.429467,2.697849,7.734007,3.670140,6.695978,1.542255,5.207423
7.333108,5.584148,3.091229,2.898634,7.379809,2.842891,7.175147,5.658250,7.403369,4.268614,7.338846
5.273140,3.049188,2.367256,5.853015,0.520131,3.089581,8.389373,3.315726,10.053733,0.251783,4.704288
3.898295,3.900099,5.915612,4.594866,6.730424,1.655084,5.690120,4.184865,9.654851,-0.745956,6.007541
3.629659,8.339549,5.356786,1.006720,9.232092,2.513381,2.460330,5.663570,7.984763,-0.737108,9.110411
2.371595,10.382052,6.321655,0.851166,10.128578,3.590961,4.476084,6.795904,7.566009,0.445398,8.002292
1.424071,9.899441,7.829339,1.763997,8.524177,-1.219695,7.690703,7.928887,5.532635,3.631585,7.800044
2.437201,8.882114,10.004947,3.921896,8.161590,-0.351201,8.210501,7.165960,7.008451,7.334563,5.992510
5.294421,10.856530,5.883740,2.363395,5.211683,0.528207,5.305130,9.837038,0.471554,8.539617,8.498276
6.454311,7.381948,5.114778,5.686643,5.493809,3.512363,4.138443,6.887328,3.072494,4.788306,5.186900
4.772745,11.791588,6.455123,6.244592,5.632227,6.154637,1.413658,2.755513,9.948197,2.928505,4.445647
2.301107,12.719567,9.560979,3.137581,5.960769,5.891615,3.128375,0.826891,10.845793,-0.371429,1.183150
3.924281,6.050756,3.139270,3.781819,-0.155140,6.400199,3.861354,1.391487,6.477427,-0.498636,0.769964
5.375921,10.704632,3.500182,4.365763,2.642398,6.378239,7.322432,4.240823,7.419026,1.079196,2.266312
2.642111,9.461674,2.323014,4.159205,4.019284,6.160387,4.150253,5.429024,1.453251,3.881852,2.140168
4.393514,7.093773,2.307511,4.511643,5.171821,6.013373,5.308972,1.887629,2.848549,7.019091,-0.160000
4.271229,8.509218,3.004748,2.162391,5.165946,8.774759,6.981670,1.324310,7.621238,3.194971,2.593759
3.428119,8.311493,6.107424,2.156740,8.318869,8.890046,6.773384,3.292837,6.356899,0.377174,5.220230
3.701509,8.080450,0.288641,2.704938,5.908283,6.343639,6.429665,5.862288,6.551923,5.032752,5.193736
4.509217,9.889307,2.781169,6.425847,4.418099,3.967511,1.302704,4.812073,7.446213,1.133110,6.665599
1.106558,6.147268,1.469971,2.334665,8.515825,9.735288,-0.253680,6.627165,8.501635,2.194912,6.303371
3.554825,8.804488,-3.688181,0.796735,7.747905,6.769531,4.362537,8.499680,7.278298,8.216424,4.612604
3.504008,8.223427,-0.464286,-0.484071,7.254168,4.610981,6.305842,7.360558,4.265163,5.452171,2.464144
6.614460,7.793895,6.301637,5.565964,5.032993,8.651721,8.729003,-1.553580,6.260572,6.391247,2.196947
7.048956,3.923682,8.296631,4.506110,3.284206,3.692693,12.095268,1.801203,7.796433,6.090212,2.792170
5.884483,6.479090,13.962770,3.963857,9.820562,3.550401,5.799764,2.837528,8.948188,6.045458,5.047537
5.316769,3.839105,13.885072,1.342113,9.247746,5.513355,10.307629,4.860662,5.435366,6.460007,0.819660
6.221663,3.154932,8.935949,3.432232,9.243999,5.829923,7.583310,6.551217,1.394565,6.492067,1.832286
3.902885,8.878945,8.211732,3.308287,7.872866,10.348359,7.785587,3.875152,4.801022,3.023600,3.383784
2.221780,12.772262,6.140866,4.779018,8.187649,8.165526,9.503551,5.283737,4.412557,9.277126,3.156843
4.749029,13.630567,13.487193,-0.308941,7.777946,9.913337,11.108751,1.590806,4.085108,10.052979,2.819593
5.649463,9.891879,9.857195,-0.188863,5.209482,5.614867,10.705462,6.471509,5.888729,6.321619,2.351193
6.365433,7.313850,9.715635,2.831260,8.802553,5.169414,12.037309,9.311566,9.097901,11.540482,3.023083
5.619307,5.532293,9.248053,4.907086,6.017469,3.847678,5.231053,7.413307,0.663136,8.302068,4.257884
9.133423,6.993974,7.410459,2.750454,7.018902,3.280395,2.000336,6.084858,1.003465,2.088255,6.031411
5.989076,10.863907,10.658887,4.229778,7.715539,6.150156,-0.143644,8.932125,2.084568,5.581479,7.139035
4.023786,11.895982,8.514140,5.045794,11.382881,7.283372,-0.376447,6.277041,1.884029,4.239458,11.012794
4.225685,8.685298,11.127000,3.371359,5.491145,4.592905,1.699511,9.108594,3.438426,8.639555,12.663484
6.851764,5.061558,10.884804,5.681899,7.415953,8.383182,1.664750,10.070374,2.034911,11.002480,12.841117
4.105598,3.256706,10.426868,6.316287,4.394945,11.215631,2.041965,10.430494,1.684511,10.817456,13.207366
2.917997,6.653597,10.048049,11.122331,10.722153,12.734426,3.747761,12.436904,2.303984,7.541802,9.519720
1.711990,5.557290,9.880988,9.163127,8.628068,11.715444,4.428053,8.063381,4.803721,6.646714,6.516766
3.218219,8.553751,11.714743,6.387576,10.718483,9.956030,5.635407,13.172934,6.709704,4.513404,4.064291
7.098044,11.574309,15.639668,10.118019,3.429710,6.759731,7.550911,6.991985,10.024372,5.111967,4.137520
3.708976,15.007748,12.921539,10.399135,10.058191,4.411162,5.641005,9.399066,8.358452,6.805469,8.155012
5.821674,7.751837,10.990802,9.151464,7.869605,5.273236,1.812557,4.852176,9.123284,7.243781,2.365856
7.268511,3.858704,10.532941,11.220135,3.026892,7.716078,4.459978,4.692609,11.643634,7.491229,4.473249
6.616983,5.540159,9.510057,6.858091,5.601619,14.608577,7.209784,4.949450,12.879674,9.667940,8.951076
4.567059,3.178195,6.352371,3.137735,2.721051,12.257266,8.389447,4.878993,9.214427,7.948652,10.689277
8.021041,2.169921,6.522743,7.654166,2.866222,8.203726,10.062768,3.733691,6.243088,7.418465,11.383466
8.996092,-0.219362,7.249809,5.961041,0.553389,8.411165,10.652559,1.588411,5.008290,11.305778,7.430162
5.250234,2.198494,7.268911,5.325449,2.567759,10.066439,9.865040,5.089567,7.902394,5.663979,7.425182
3.230966,3.190998,8.117534,7.090949,8.143494,9.876973,0.910445,3.930459,8.905882,4.201282,6.741125
3.824647,8.758902,10.982255,8.119302,5.674131,8.256204,6.151633,6.150265,10.946277,5.348197,6.246453
3.722286,7.108787,12.398371,8.881047,6.898529,7.060706,8.717351,8.549974,11.120051,5.408428,5.092335
11.463949,7.817138,9.892965,8.907961,7.119559,9.205151,11.161870,10.234126,8.824839,6.742976,10.773222
11.478197,4.743989,10.688049,11.172983,6.502708,11.886075,12.815664,10.508880,9.888891,10.775509,12.701623
13.271689,6.351017,12.375040,10.368449,8.311893,10.518323,9.398534,10.977133,11.050470,8.782584,8.857266
13.373670,6.756499,9.423392,6.697832,8.677184,8.944245,7.607834,10.740383,8.820991,7.472263,1.973749
17.667399,7.659030,6.689130,8.354588,11.609047,9.810870,8.423781,7.740561,13.041046,6.107624,6.903403
16.069528,11.625015,10.172449,9.977765,9.714364,10.633503,6.146408,4.971614,16.052870,7.826852,5.837726
15.713915,13.281629,10.446891,11.056646,11.005226,9.320722,7.212636,8.390036,10.178579,8.837045,6.078268
12.641380,13.316228,9.317350,8.899801,8.185763,7.316758,11.757572,10.269296,5.973838,5.649781,6.083696
8.066786,18.327324,9.358979,9.663513,4.601081,11.517753,14.914125,10.341664,9.820839,2.706652,8.270362
8.455988,18.324832,8.736113,10.412794,5.801548,11.736837,16.015486,4.034260,11.852692,4.487311,9.016737
8.849746,16.506566,10.405145,10.946340,7.855426,12.465189,14.216543,5.804347,7.394642,5.741013,10.149759
4.386030,13.614158,8.727403,10.568602,5.230239,17.340997,12.179753,4.965215,7.773314,7.898708,12.847612
7.280098,17.737154,9.236887,8.771715,6.116267,16.503770,12.274940,7.117320,5.308471,2.347469,13.296651
10.389029,17.812776,12.453273,8.144399,12.491891,12.404528,10.875708,10.823763,11.056698,5.301398,12.075188
8.420269,13.115956,13.182973,11.577557,11.343804,9.343758,10.424050,12.412506,10.556980,5.675597,12.811196
11.575703,11.303034,15.866358,9.610875,16.038983,6.424229,14.450208,10.999200,12.067239,9.707897,8.982251
10.726476,14.311266,15.683987,15.529219,14.389127,7.355159,13.057292,11.889836,15.400408,10.134111,11.268222
10.623011,10.041396,12.650696,11.931995,10.104124,10.430595,12.228511,15.062105,14.645526,9.477783,4.882173
9.594500,11.921768,16.242158,8.694180,11.949763,14.299615,8.163182,15.415298,15.143391,7.892762,7.678554
12.393767,13.801376,18.891329,14.215018,13.541869,14.627380,8.130748,12.240110,15.025371,8.157341,10.415036
12.528988,8.435487,13.804647,19.834918,15.533722,14.068518,5.367339,10.991188,13.268455,8.259895,8.206691
11.977911,9.738026,8.286009,18.344573,12.721738,12.755351,7.263947,14.660919,15.945718,11.253168,8.962318
13.358443,13.924311,10.974222,16.453639,9.211202,10.504924,11.692961,12.908629,15.790019,13.477821,12.823300
11.053663,14.593778,12.310111,17.173377,16.386783,13.284032,13.928577,12.521371,14.530691,12.377360,9.545424
13.294661,14.687417,16.104370,11.194706,15.903238,12.200827,14.688375,14.171249,14.493227,15.292009,15.565928
15.818829,17.609648,15.707312,12.668432,14.989017,13.438441,14.054411,9.763063,17.436553,9.577174,12.444294
15.387055,18.222639,13.512116,11.374951,17.795216,15.153940,15.859454,16.128410,12.267836,12.717730,13.321281
16.368781,17.165406,12.372799,11.346700,17.364306,19.241670,10.746952,16.200321,8.717414,12.314685,13.995121
15.061741,15.532604,16.205868,15.748491,12.647467,22.524840,10.694422,12.128365,10.032979,9.770962,14.184721
14.883539,15.385307,14.629486,12.768827,15.081406,19.925380,12.243538,11.169589,10.476938,8.938436,11.345180
11.772359,15.718814,12.201447,13.904997,14.107325,16.998391,13.979827,16.045425,14.311278,9.001633,10.607226
7.553162,17.230263,16.260969,16.637063,12.699561,16.012055,13.406002,14.218204,11.553189,11.153887,13.144931
10.411827,13.990186,16.417899,14.311781,10.633070,15.757682,8.320028,12.539758,6.406692,10.865441,14.241727
14.381106,14.736324,15.264189,11.071298,10.125017,11.941032,9.260371,9.301960,5.718144,13.156312,12.645236
12.554294,19.943018,13.869055,11.010504,11.496300,8.570655,16.196419,10.257367,9.092848,10.075147,17.350556
13.536269,14.367817,14.718229,12.202014,14.793932,10.586169,12.347849,10.464287,7.501665,10.192345,15.342820
14.595125,12.185437,15.948012,12.186162,22.276632,16.253265,10.066680,10.805288,9.934308,12.144381,12.206671
12.817294,8.482741,16.191963,12.421154,20.263067,13.229360,10.015203,14.907998,10.644822,16.269720,17.975790
12.853213,7.966282,13.464602,11.891171,19.389530,16.500772,12.950001,11.929683,11.378488,17.528319,15.407212
11.223019,12.473115,13.078511,14.671461,18.775920,18.841271,15.938620,12.684004,14.613422,17.175496,16.749597
11.013571,10.197886,14.693375,15.687108,16.299905,15.786983,18.703335,13.801123,18.574267,16.686866,16.088739
10.896097,12.671759,13.654503,16.190907,19.182315,18.992860,14.347876,12.767719,16.534101,17.212913,14.135957
10.404863,12.451475,12.502595,15.776055,18.542341,18.769271,19.259161,9.298334,16.783400,15.286337,13.221370
15.327201,14.827089,11.727397,18.188794,18.946125,17.379129,20.689334,16.867977,17.601381,18.747734,11.116549
12.753513,13.961175,17.358882,16.687535,17.331969,18.830322,18.695686,18.026886,15.869384,17.064415,11.752774
14.656204,10.913864,14.486594,14.451523,14.058609,20.411097,19.155058,18.361980,14.996916,18.797958,14.057217
18.589502,6.593023,14.121944,14.551358,17.088502,21.898996,17.414510,18.136650,13.902762,18.676069,15.027990
16.730508,13.833229,14.253315,12.387256,15.618858,23.271032,19.860776,13.778260,14.587902,15.378103,16.332474
14.728969,12.915259,17.138657,12.999980,13.478109,18.010429,17.533848,13.988539,14.984112,18.091654,12.739981
13.424640,9.433465,16.603740,10.513140,16.184539,18.484832,12.385103,13.727990,14.157097,19.713822,13.286606
16.026238,12.741845,14.971004,10.752771,15.819419,21.468280,14.867292,8.657246,17.012756,17.948064,15.632382
16.669845,12.877871,15.373681,13.429028,16.890285,21.786600,15.377611,9.759360,15.053210,14.255940,17.579706
16.766731,13.527374,20.644705,12.157155,16.935782,21.447647,16.983921,13.402373,16.634948,13.525188,17.222167
18.506389,15.083294,16.874046,14.037277,18.890215,24.024743,17.569294,10.152456,19.190939,19.475987,14.314959
16.547971,17.946952,17.244200,15.116191,21.025063,14.654149,14.437384,13.541930,18.685838,18.313773,15.283941
17.847117,18.788238,15.258649,15.514092,17.372927,16.302628,16.232117,15.216184,15.130700,12.651331,16.017671
18.865583,13.539737,15.793958,18.252939,19.663155,13.883895,7.481902,15.271883,13.381483,9.479197,9.620302
19.040242,11.636497,18.515392,17.990623,26.656543,14.299610,11.032863,15.581012,17.297228,16.364401,15.430968
18.122759,13.495164,10.962012,14.950752,25.814033,15.796948,13.180029,18.316075,22.141522,15.835486,17.153655
21.659845,15.849943,11.244875,16.415977,21.842369,15.963425,12.093287,20.705505,20.837353,19.426899,13.925966
20.518992,19.579545,12.826640,17.722961,20.287658,19.763782,13.080444,20.927229,22.672776,21.101884,12.121022
18.707135,23.857836,14.337541,21.756046,23.661697,19.401238,10.366604,20.837331,17.148979,18.552733,19.769522
14.708623,19.467017,15.428270,21.695631,17.130599,21.504075,13.631139,15.423785,20.233975,19.722983,19.336912
10.889720,19.488152,13.273284,22.378272,16.278714,22.973524,11.367318,15.448090,22.083041,16.501350,15.741374
17.747077,15.969028,14.748923,18.523502,13.261828,21.616478,10.599906,17.671735,19.018195,15.295958,16.009170
22.281555,17.467379,13.295844,18.950505,13.797792,23.837111,14.426485,18.861403,16.299139,17.497424,20.467395
21.080749,19.924991,17.353305,20.330028,14.361028,22.491520,15.375351,17.827898,20.309596,12.420581,18.383510
18.523722,22.281867,18.378375,17.278156,14.969196,22.451918,15.928072,17.469767,19.680531,9.218835,17.326970
18.497305,23.052479,17.998878,14.955898,11.740194,19.421041,17.142213,14.179096,22.865774,12.863297,15.970850
22.235823,22.136977,20.963623,18.230408,17.150169,19.393274,17.262586,16.437827,20.466534,15.680429,18.728438
20.632724,20.563502,22.977636,19.717711,15.997819,19.643002,19.177921,16.111661,18.172085,14.321170,23.231407
18.324965,22.779677,21.181318,16.569636,18.973899,21.075289,22.315245,18.420685,16.316806,20.085099,25.229050
19.056463,20.758979,17.017058,11.953913,14.717665,24.139958,17.540721,19.330593,15.993131,19.186683,23.214233
23.057626,16.978247,18.062124,13.289604,14.713468,22.796471,19.787705,17.580962,15.452192,18.405849,20.128597
21.780625,21.833314,19.903805,14.016544,16.067719,20.036150,21.135437,20.345713,14.564434,17.115226,17.135132
18.075191,20.415574,22.506090,14.925624,17.218641,19.695410,23.129686,20.357628,13.845604,14.982190,17.618470
19.024251,19.978103,21.279422,16.416881,20.116710,19.706066,25.381546,22.083445,13.720469,12.442376,20.945835
17.952809,20.953536,19.546921,14.718483,15.679650,17.925421,21.815989,19.662425,15.528380,13.097587,21.725201
17.651906,18.381445,19.989372,11.743525,16.325050,15.795661,19.105191,20.674862,11.634219,18.885997,18.889503
21.273429,20.831321,21.612981,15.704849,15.597168,18.125801,17.026543,19.811810,14.927137,18.311480,18.948223
20.672472,17.419272,22.601058,17.084922,16.031138,15.746778,15.177546,17.997514,15.532316,18.776812,20.909917
19.666034,16.092239,17.959575,18.476066,18.049372,18.964760,17.510170,19.728980,13.434309,22.179096,23.805514
22.262971,17.020510,21.650633,19.761521,16.914064,15.257023,19.917911,19.853514,17.488369,22.589272,21.906741
22.139633,17.126544,20.213738,17.722524,18.714528,15.318366,17.154077,16.721008,18.019713,19.441916,21.658162
22.431154,16.985588,20.532512,15.008239,15.029692,12.531257,19.097748,20.108557,22.812895,22.766002,20.039232
19.210358,17.597088,21.235719,17.594832,17.982583,14.079511,18.049961,22.559998,19.558935,17.785409,20.145521
18.823386,19.019117,17.795179,19.583475,17.538225,12.989320,21.537267,21.991632,23.540296,20.289216,18.412584
16.320608,22.068244,16.018984,18.876961,15.033944,16.808141,20.682014,18.960138,19.552980,20.683524,19.427097
17.102600,19.172691,18.929497,18.605414,18.665168,12.906999,22.864106,15.471978,20.312551,20.472660,20.676241
19.692304,21.548837,15.785059,17.592859,20.966863,14.903160,20.014708,17.827531,19.997537,16.983619,19.701051
20.623839,22.254839,15.316030,17.450191,24.302538,17.823817,18.483137,21.539666,22.882855,17.091738,20.650931
20.387629,23.808372,18.425903,15.332928,23.369392,18.176946,18.628704,24.244546,16.768354,18.239831,21.787041
22.219394,24.083760,19.409543,21.270482,18.320654,20.820014,17.671869,23.125025,18.797866,20.000914,22.989419
27.438720,19.788656,16.714896,26.093228,23.363061,19.261773,17.297372,24.299187,21.303738,17.708546,21.018579
23.019024,14.698424,17.263228,24.438592,20.591756,17.894600,17.848638,17.910884,22.211686,18.051845,22.787113
26.324863,19.094101,17.529625,22.780119,21.464988,14.951493,18.819696,20.661606,23.121257,17.834327,20.594267
24.113498,21.168405,16.789923,20.790284,21.461665,18.119177,17.896108,21.246830,21.948315,18.877469,26.174027
20.298293,20.899451,19.153958,19.468827,20.449351,19.405835,17.944707,19.619382,21.056055,18.589787,25.901443
21.780369,21.156524,18.523659,19.749703,24.532749,17.419578,15.504505,19.284822,16.806501,14.658365,26.457901
22.962597,21.091232,19.529679,19.170031,22.852439,21.472637,14.895187,18.350320,18.981827,17.646267,30.329151
25.046152,20.054961,21.657432,21.480568,21.209748,16.734730,17.600115,18.845349,18.076249,21.164337,22.413271
21.785397,18.563213,21.415988,18.267933,22.729001,18.451104,19.918673,21.747503,24.155255,17.596060,21.518046
20.229458,20.685935,19.772385,17.867771,23.663065,18.739298,22.731895,18.140706,25.285761,17.613182,28.525165
18.979138,20.281526,19.407195,18.551572,21.674352,21.426179,29.738623,17.565233,26.650823,18.533957,23.727363
17.755221,17.306382,17.999153,20.760363,22.983467,20.782783,23.456143,23.772267,25.386509,22.450281,20.693856
16.947689,19.339372,19.601650,22.995912,24.413916,17.982275,20.872055,22.667814,25.260063,25.644423,18.638588
18.247570,22.183611,20.055667,19.207145,22.017686,19.147321,23.960890,21.082705,27.383728,29.113865,16.547164
17.102454,19.646489,18.339228,20.939636,24.142900,18.143917,21.675568,21.764463,22.258026,26.196431,18.093794
18.450510,18.437123,18.973990,19.920869,23.553266,14.151118,25.749908,19.459463,18.919985,23.492943,20.695311
19.606582,21.082365,17.701285,17.358591,21.433764,17.463886,24.717283,23.499801,15.780332,24.057523,22.134352
21.207172,19.710549,15.369961,18.795446,21.259362,18.865568,21.734322,23.737748,17.030910,20.835822,23.337505
20.360876,21.032330,19.934042,17.168702,21.672562,20.450884,19.871188,23.625073,19.264068,19.764207,22.152456
17.011764,16.311606,21.451545,20.810972,20.277295,22.660721,19.914651,23.047498,17.748688,19.033547,23.398764
19.641010,18.615719,24.117044,21.542164,20.063454,19.722402,19.882343,21.283290,20.660307,21.556046,20.161972
22.657021,17.826032,24.806989,25.041243,19.773307,19.177959,20.347395,20.279393,21.001854,22.468560,19.360680
23.114127,20.022248,19.350117,23.187864,19.900314,22.828601,18.467283,24.996794,19.882640,20.089978,21.606051
28.345298,19.296865,24.180290,24.339196,17.422808,21.274452,17.886205,22.288930,18.580670,23.577405,21.720004
28.401581,17.740991,19.291489,25.395028,20.807739,21.237150,18.474518,19.151958,20.472101,25.370714,18.195318
22.248745,20.301034,19.733263,23.698100,22.593091,21.546954,22.360648,19.181526,23.235692,25.431951,17.760271
23.546672,25.626719,20.771943,22.766939,19.902812,21.004934,21.780721,17.637870,19.891808,24.074497,23.758395
23.430703,23.109451,22.316711,24.675786,23.119059,21.866890,20.508041,19.228033,16.050042,23.246759,25.427295
27.834293,22.324043,18.227720,25.693169,25.246026,17.096570,23.162963,18.631574,17.843812,25.623225,18.271294
28.384786,18.560024,17.934616,27.132980,22.911668,17.752846,21.710473,16.372392,15.824943,20.653030,17.612301
21.716196,19.361358,22.366701,26.060558,19.323439,20.277545,22.780128,18.661556,15.943341,22.247652,17.822742
21.693417,16.236387,24.279751,20.602175,21.957892,17.204196,24.245918,16.557398,18.034936,19.489387,19.223941
21.251745,17.920885,20.702267,23.210445,23.319881,13.971723,24.390143,15.150039,16.099091,21.238809,19.911478
19.018825,19.762532,26.098576,20.356519,22.094314,15.386910,23.538823,15.394906,15.898547,23.347206,19.595337
20.326282,18.229969,23.782740,20.114675,23.892035,23.178375,18.483909,16.497174,13.766094,24.860979,21.504410
16.402574,24.169407,19.056186,22.193247,17.859162,22.125052,18.164816,14.290623,11.993050,24.595874,21.990946
18.622500,23.318447,17.622798,24.741835,19.842661,21.232096,17.564172,16.727877,11.437307,23.948353,20.008264
19.437214,22.548834,17.231766,23.074301,20.891028,20.339657,19.092550,18.431851,14.350648,22.853973,18.526919
18.398138,20.521065,22.531361,21.990680,16.452670,22.547682,19.431714,23.300233,14.323336,22.076227,19.575987
18.222396,19.341289,22.750529,17.932547,20.073431,22.202330,19.570317,21.543944,14.937122,19.998159,17.061126
19.685295,18.015734,19.499634,14.413186,19.500994,21.884076,23.366124,17.081116,19.322707,22.197246,15.692860
18.882614,16.283644,19.153523,14.767288,18.241118,22.910426,16.937783,16.431671,16.165512,20.329711,17.333103
22.308315,18.180876,20.882193,14.676073,18.589582,21.043542,23.171773,18.392611,20.031901,17.580299,17.581203
27.327926,17.123027,18.159125,18.213774,16.756853,18.225975,19.829181,19.403752,21.375728,15.161394,19.665564
23.096835,17.692855,17.981183,18.894157,17.289326,18.863901,21.060918,16.518393,21.502690,18.103999,19.367185
24.660509,18.684440,20.053779,20.719768,17.193511,19.815705,20.950479,17.918783,20.493368,16.422901,23.887137
22.833840,19.885013,19.961199,17.957019,14.064519,18.968553,21.360543,17.815075,20.035723,18.602100,20.946252
20.673686,22.145933,15.743125,15.325098,18.101768,17.266617,20.535639,17.511586,20.931750,17.264357,23.513611
16.500121,17.552811,18.169395,17.695536,19.471695,20.021172,23.683820,18.532781,22.832928,18.121297,18.189070
19.331098,17.161174,19.959344,19.408533,19.494261,20.792006,24.994960,17.151583,26.002193,18.214574,19.028860
19.307195,20.206564,17.266261,18.313971,19.332491,24.725371,21.790953,15.371735,24.529480,18.824355,17.408321
15.517395,19.685600,15.688088,21.478370,18.475774,19.946535,22.684942,12.911724,24.160312,19.889803,19.083224
16.628450,17.381084,13.692555,21.216580,17.026132,17.333044,21.533057,13.571835,21.427200,19.809328,18.904808
18.498088,15.522545,13.612930,20.649320,16.776044,18.012718,21.480195,10.368922,20.025298,16.842874,15.235396
20.947605,15.337930,17.759290,23.370177,18.015840,18.923434,17.138161,15.075084,21.150342,19.871192,16.994055
20.386405,15.158740,21.548192,21.750060,16.850008,16.738837,19.096572,17.502163,19.521781,14.065392,15.766523
17.263368,14.341464,20.492593,20.561628,16.922018,18.816431,20.221095,18.260151,20.813763,16.556899,15.241249
21.150749,13.275806,21.815256,20.183009,17.826976,16.863248,21.252502,22.026347,19.482921,22.362569,15.813382
19.585223,17.547973,18.061311,18.108494,21.506196,19.069308,14.631698,20.245562,20.229953,22.638147,18.026032
18.187263,21.353596,17.810303,14.571694,18.661716,20.964159,13.797306,16.122489,20.386524,25.268006,19.799658
17.669250,25.097905,19.316729,18.359272,17.326456,21.945196,13.396978,16.304791,17.405925,23.142115,21.724071
17.690589,22.569264,18.716125,22.546834,19.016999,19.921957,14.522216,17.252021,14.500564,21.795243,14.966045
15.853449,24.448283,19.129935,19.488030,19.459239,21.668139,15.716649,17.890932,18.737181,19.753978,18.247557
19.194720,21.009561,13.618854,22.974424,22.738099,18.358399,11.761399,16.431888,18.209661,16.596820,12.964261
20.113116,23.435639,11.388332,20.376039,20.890933,14.286873,12.517337,18.660715,15.907004,21.911569,13.515398
16.078485,19.792404,12.801749,20.372887,17.294277,14.968832,14.574839,17.619396,14.318398,14.805500,15.671629
17.099921,22.060220,13.043267,17.355290,17.380897,15.745710,15.777132,16.794050,13.288331,19.052982,14.230374
19.073797,20.046714,10.602407,17.342564,19.015979,17.178596,20.722634,17.541487,14.762891,21.357528,17.155481
19.337336,14.065960,10.237983,17.266384,17.566085,20.564645,20.621208,16.237244,21.221269,19.784080,15.228724
17.585893,10.977679,11.371798,17.400563,20.153636,20.184045,25.076007,17.830815,18.128545,22.423807,13.875356
18.005437,10.904300,14.356787,17.063724,21.202432,18.185531,22.813089,16.482937,19.109319,18.413029,16.889489
19.253475,15.800430,21.970806,16.047880,21.570453,18.816584,22.419486,15.869990,23.456376,17.956031,15.801280
24.573544,19.420721,17.858116,17.699551,14.397025,17.832836,21.607795,20.995619,18.413901,19.344170,13.907555
23.229866,20.089102,14.776526,16.360121,15.602713,16.898236,24.420466,17.626224,22.312397,19.028948,18.495109
22.831647,17.501321,13.444378,14.434302,17.953522,17.593841,22.888818,18.170484,19.249952,14.753667,17.270694
22.355180,16.307889,14.112124,17.643204,17.107341,16.767178,21.316072,18.717149,19.594956,15.794778,15.546070
19.191594,17.779548,16.726376,21.298816,18.851315,17.149790,17.506149,17.628469,15.872490,12.018378,18.830015
19.838687,12.114781,17.721619,17.339320,22.747926,19.291509,15.510254,17.096073,8.495392,11.906644,20.518649
21.193704,13.069885,18.493250,16.884629,22.899739,18.635041,18.930112,11.915321,10.360084,17.855588,18.077071
21.445310,6.714005,18.353826,16.271980,17.724014,13.603141,16.632274,12.196935,11.300913,17.676568,17.674766
18.554343,13.070381,16.991707,16.732421,12.706054,14.831347,16.908780,10.651046,14.175231,12.945538,17.436656
22.276132,9.665259,16.628683,16.214020,10.836200,15.438767,17.092023,13.882206,10.528880,15.658214,19.128788
18.916743,14.363284,19.698902,17.152296,13.161649,14.470385,17.192230,20.623439,16.056212,15.747884,20.642911
14.287760,17.487882,15.112148,17.146224,15.700138,14.238287,15.910040,16.094984,19.639478,16.888906,19.398259
13.207046,17.363615,12.228052,16.996802,12.552795,16.533548,19.061983,17.152670,17.373610,16.327593,19.632338
12.966784,15.295743,15.557179,20.554966,14.473353,13.896817,17.152616,20.226773,16.415254,17.247031,13.962322
15.526040,19.158830,14.576550,16.175489,16.227696,9.282475,18.104743,18.172833,15.945191,19.358184,19.593031
14.601337,16.997012,13.539110,15.449526,9.357671,14.844232,18.114086,15.913666,14.323401,16.888096,16.673038
14.779715,10.732175,15.248880,19.627885,13.310059,12.496366,12.667588,17.373265,17.601061,16.102143,15.628487
16.059077,9.283976,15.122282,21.719938,16.724135,10.911966,14.608392,18.272775,16.319585,14.884835,15.813058
16.812306,14.683348,17.317567,24.216222,16.998229,16.125111,20.206228,15.611078,14.986046,15.029862,15.956936
15.112357,17.387089,13.678957,19.089391,16.880893,14.600615,19.109373,15.576211,15.804346,14.366612,16.380420
13.636489,17.330909,13.426156,18.976350,19.567571,12.395501,22.578433,18.108430,18.766824,16.212141,12.279115
13.413094,16.163908,11.918273,18.688112,17.089475,8.660485,18.702409,14.590045,19.451512,19.210533,10.095665
14.707393,12.737613,17.138928,19.160741,12.452802,12.978614,13.227827,11.499079,15.833642,21.054753,9.534062
13.664770,12.054706,11.297530,19.934105,13.145961,14.442897,15.102380,11.172972,17.517707,16.337557,11.532829
9.099966,9.541319,8.271829,14.768423,13.488546,14.839158,10.949808,12.348826,11.461953,21.700323,13.229834
14.485838,14.012010,4.759931,14.770606,11.301730,13.601803,7.281711,15.750887,10.706699,19.874511,14.507897
14.503785,13.590729,8.466955,13.901589,13.412642,11.883446,10.420137,13.682519,14.448488,21.671699,10.788667
13.872561,10.593305,8.205127,13.501286,12.227108,12.369586,8.865442,12.918336,18.617069,17.028423,6.554537
9.410113,11.964978,10.980248,10.089751,15.154750,13.115460,14.300080,13.824547,15.030850,14.722526,11.800996
11.710690,13.382232,12.563333,15.802911,15.030944,12.460425,16.544354,11.729202,14.434180,14.705016,12.265743
13.826631,14.725675,14.865066,12.052600,10.699310,12.433293,13.438737,9.458478,11.224322,11.216085,13.024143
16.815201,14.054377,13.946034,12.435030,9.632844,16.093477,13.300099,11.598197,12.577583,12.203086,16.014427
16.548659,13.028055,11.200084,16.121631,12.295025,18.444200,16.366749,9.487443,7.245017,12.987663,16.589027
11.430252,11.875044,10.585083,14.969354,13.053942,18.925458,16.266208,12.137021,11.480478,14.983634,17.653095
10.846638,15.738047,9.589748,16.191897,14.463528,16.865713,14.726912,13.787583,9.891706,16.173318,17.285607
14.555189,15.520144,8.260080,18.683521,15.095648,14.961514,10.836359,13.851840,10.932852,15.297057,13.284347
14.513120,14.338582,10.910314,16.340081,12.880269,14.429416,13.768202,14.174040,10.007962,13.654631,14.892704
14.941488,10.674189,9.314057,14.931563,12.155088,16.205835,12.827544,15.518415,12.709908,18.320443,13.977280
11.017734,7.028088,13.314016,14.689600,14.017395,13.658283,11.734624,13.668580,11.125541,11.953115,14.228591
12.890029,11.840616,11.896330,14.782137,13.303793,13.374617,14.358479,12.581251,7.110494,12.767309,8.384562
11.458947,8.557433,15.127833,5.959616,13.740282,12.684061,13.733209,10.234911,11.325907,13.141555,11.259281
9.795459,14.251670,17.892206,6.554117,15.200249,10.224316,13.590730,10.976490,15.806357,13.490141,10.237447
12.453458,15.999785,17.957772,8.063364,11.357452,10.785883,14.475427,9.478874,12.165763,12.711256,8.759446
16.741465,12.459601,11.213036,10.181012,8.372980,14.463501,10.748980,11.023138,12.941726,11.918603,10.064196
15.825056,15.106098,14.080383,10.487297,11.315604,12.567584,14.389285,14.383753,16.522204,13.449540,10.943730
12.326384,12.629136,10.954752,10.168072,6.440217,10.883263,15.066067,14.908770,10.830668,13.629574,12.201368
10.892921,11.981295,15.606021,10.075312,8.662426,7.543399,13.452661,12.883861,12.247618,17.637977,15.426826
12.885816,13.165736,10.060308,11.822655,11.055032,8.384737,13.222226,13.548164,11.219355,15.479418,12.768080
12.065158,11.329924,10.883177,12.432798,12.665383,9.348379,13.690502,15.632545,11.034792,12.351580,9.441109
10.481962,8.210722,10.263163,11.721390,13.436254,11.258654,11.859869,14.294255,11.288318,12.619595,10.686802
7.635539,8.253038,12.885307,11.510701,11.411406,9.096288,15.149631,10.964665,10.811312,14.699785,8.820589
9.374410,8.754873,12.279019,14.141022,10.216309,12.517854,11.056088,12.138889,14.803111,10.745936,7.980415
4.167747,7.980525,13.768105,14.639292,9.253198,14.014902,10.119609,7.248475,12.332873,12.623464,9.933709
7.381374,13.440272,9.739826,15.353283,8.598612,13.687686,7.959801,6.622635,14.214102,12.784511,10.302513
6.833635,17.669156,10.058369,14.525808,5.671144,12.694663,12.782979,5.478613,10.468410,10.410594,7.058248
10.108801,18.697534,10.912572,11.403116,5.599606,11.356271,12.735152,10.850334,8.830396,4.752400,12.360400
8.398941,10.658077,9.927823,7.515355,11.337176,9.575189,11.801676,10.540937,4.429163,8.463232,7.299849
8.143416,12.607672,9.094826,11.021672,11.839919,9.826744,12.967234,14.286574,6.510200,10.249280,8.955721
9.959141,9.258941,8.915224,12.496159,8.740164,8.628001,7.472837,11.016279,8.876815,12.640389,7.650364
12.407918,7.791261,7.653181,11.082755,11.460633,12.433803,8.617595,11.284982,13.034244,10.658920,8.982722
10.267849,6.173028,11.887029,8.338994,10.800483,13.977582,11.265907,14.256556,9.427986,13.235129,10.465628
10.074549,8.848920,16.360174,13.121456,11.006917,10.455664,9.541487,9.644009,8.720405,14.412946,9.914300
8.309771,4.849013,14.235987,6.595850,9.685529,10.317589,5.499103,7.022783,11.304173,12.529984,7.188133
6.361385,8.765063,9.823382,10.536127,11.135431,10.463682,5.630663,14.138908,10.655694,9.475083,6.975409
8.019368,13.635481,14.066248,11.346540,11.494367,15.739535,5.780719,10.533042,7.275416,10.706511,9.970087
7.973982,14.794720,14.501579,11.418861,14.039515,14.932499,3.189184,8.865057,4.555761,11.838095,12.922574
12.134945,15.861927,13.030525,9.090312,14.596820,8.669607,0.966487,9.909600,0.464392,8.580665,9.904559
13.516351,14.739450,11.271130,10.861411,12.129192,9.966546,2.968279,1.725990,-0.093067,7.890581,9.627807
15.241131,13.851543,8.267493,7.549468,8.697324,10.603891,2.452404,5.299969,2.661290,6.899301,9.491693
14.305244,12.362518,6.486584,6.351781,9.975092,9.017064,5.186057,5.212090,3.016221,7.235774,12.469750
11.084588,10.710675,4.861005,9.338338,7.263053,10.181105,4.296088,6.805447,5.616745,9.625420,8.521132
10.913854,9.922728,4.061511,9.178324,8.849776,7.535731,0.550212,5.844275,7.171041,5.328748,10.067320
5.740902,10.258336,3.952726,10.758986,15.710170,9.156448,5.449098,7.927364,8.899462,7.239533,7.896294
3.942318,8.745589,2.899384,9.913024,12.682675,10.163168,4.470205,5.717161,8.690785,10.277204,4.059404
6.210503,9.372817,3.334538,12.835951,10.966100,8.123694,4.244217,5.503767,8.050659,8.413405,7.960405
7.682775,5.038755,5.409930,9.753826,9.673941,6.491336,4.849454,4.696572,8.236982,14.808534,11.380791
6.550980,3.058056,9.276874,7.154667,8.278931,10.742221,7.697343,7.228493,6.547926,11.017874,9.220916
2.747431,5.479466,6.082256,5.397454,5.870468,12.968197,6.951529,5.494894,11.464499,14.296933,6.012714
4.798793,9.415012,9.308425,5.986349,12.764912,7.345698,11.922401,5.499006,9.282345,10.964674,6.851132
8.997746,7.858176,11.388721,5.206406,11.465889,9.444123,8.686418,7.711458,8.893654,10.468670,2.642147
10.865647,6.333603,10.253172,5.885853,10.086871,5.213349,7.561824,9.030627,6.370489,13.472491,2.563722
7.077517,6.262708,8.246593,6.848256,9.242735,7.813039,7.962308,9.124616,5.731407,12.089135,2.920315
11.773647,8.246618,9.781856,11.428886,13.315459,8.539565,9.574486,9.420244,5.894402,10.240698,6.993998
12.057439,7.954055,6.042508,10.428854,9.996196,7.397990,8.389779,6.368165,2.499284,9.922498,5.503577
8.265413,5.276429,4.937778,11.736219,11.172285,5.867197,8.500498,5.011267,3.223878,6.415950,6.941409
10.454983,4.636912,3.000787,12.489041,8.792091,7.205315,7.188254,5.063733,-0.591375,8.196103,6.843373
9.554914,5.324654,5.325120,11.460140,10.044284,10.141622,5.970777,4.766343,5.278506,6.488665,9.056642
10.314371,9.115818,8.567042,8.451312,12.709072,8.137517,8.084492,6.639032,3.649531,6.430060,13.419310
11.727563,9.293253,6.582394,10.914205,9.363718,6.696931,6.771685,9.402647,3.327909,3.737273,7.801404
9.421492,7.761557,8.126072,7.027695,4.957254,6.867293,3.174933,12.741449,1.054936,4.476510,6.997783
8.448322,4.866970,11.448963,2.630898,9.457088,10.097939,3.067786,10.970851,2.100473,2.648252,11.364520
5.412608,5.372530,7.654774,0.604063,9.759710,7.264321,7.384543,2.520196,6.102312,4.261925,12.480981
5.608703,10.438927,3.663855,5.771593,11.518550,7.969398,9.637927,1.135842,7.971706,5.255190,6.275228
6.682200,12.336157,5.239995,10.191067,8.037981,5.206522,4.020007,4.298852,7.527504,1.754148,5.633772
12.516912,9.550168,5.347706,7.468231,6.665718,6.800001,7.542216,6.581976,7.951851,2.738038,4.695176
12.474629,8.240954,6.607914,5.942838,7.236744,6.502480,9.541571,9.904292,8.412181,5.350267,1.305026
7.770625,2.744924,3.275356,5.676501,7.413561,3.718787,9.860162,7.714074,6.248986,5.602638,4.317156
8.326965,1.248193,7.950893,1.039644,8.607334,7.113200,10.060421,7.291468,9.563304,2.300664,3.204958
8.804568,4.851206,7.161343,0.347497,9.523946,5.324680,7.108641,6.015785,10.769017,0.532836,1.799596
9.259328,3.208438,3.864882,3.559109,7.180868,6.169388,6.936450,7.364757,5.373109,0.444273,3.594555
10.350450,3.106360,7.718296,2.435001,9.050795,4.056631,4.429243,5.658067,6.871136,5.561424,5.553795
10.019214,2.099825,5.033172,2.552757,11.014827,4.707277,1.976596,4.376271,5.666192,5.355733,8.293690
9.741116,3.896042,2.509452,7.572001,7.906019,2.705231,0.794475,5.607366,5.076553,3.266662,10.060962
7.251880,4.630067,3.315312,6.923079,6.392864,5.315504,4.258121,5.437205,10.489992,5.838704,6.632644
8.427751,5.087361,4.442311,8.459193,8.949537,6.406520,7.842027,4.547821,7.986823,0.743318,5.647021
9.072643,8.494034,8.636860,9.482876,6.133268,7.083230,7.358634,2.774586,7.594015,2.696733,6.967501
12.592920,7.331401,7.559528,5.559175,8.652820,5.526326,6.378555,4.585724,11.102772,3.479350,6.318841
4.555169,4.899872,5.652799,3.385073,6.007447,3.471043,4.396988,8.053184,7.504976,9.606914,6.967073
6.291721,5.546152,4.093623,4.647628,4.635841,6.540293,5.439399,10.167727,6.360138,6.864515,8.868299
4.743859,2.098917,2.218041,4.982543,4.473576,5.976824,3.532345,6.460001,8.780506,5.794596,6.343115
3.511666,0.904009,3.752558,6.585080,1.668303,4.294069,5.687680,10.543005,7.752622,5.833885,6.574886
0.646663,2.263497,6.309598,5.556875,3.326337,6.569101,2.649031,10.034798,7.955239,5.075789,8.644855
5.021588,2.284508,6.132809,5.753121,7.764656,4.296678,-0.078674,10.620492,7.044186,6.047059,4.123023
5.255091,2.435625,7.150064,4.138955,8.441490,3.381157,2.008872,7.533274,10.120398,8.507243,3.320493
5.756282,3.238762,4.496148,5.095689,7.038143,3.083782,-0.409127,7.116919,9.144679,10.354488,4.471919
3.252864,5.918737,2.704409,5.892873,3.895881,1.387227,3.907283,7.095271,8.474088,7.329333,6.465002
2.755230,6.830033,1.619554,6.267421,6.740546,3.625654,6.287340,5.452543,3.815101,10.629803,7.325181
0.230457,6.197905,1.874715,2.677914,6.348977,3.071119,2.851385,4.370823,5.956113,9.432623,3.261567
-0.928522,1.945985,2.036976,7.362670,5.111431,2.281889,-3.543201,5.205877,1.921667,10.975860,-0.280951
0.897521,3.766599,3.271655,8.625913,7.508610,2.823649,5.871555,6.869630,1.097170,9.889941,2.635518
6.229137,0.830483,8.252488,4.890769,9.401062,6.478895,8.992009,6.330588,1.545072,7.862611,1.675981
3.203818,2.299335,6.692879,3.640837,3.571563,5.952161,9.285856,-0.041518,4.741549,7.233401,0.178742
2.712942,2.047877,8.046095,3.997788,4.733397,8.552028,4.245757,4.307087,12.425463,4.459596,1.103841
7.669027,1.832498,5.994884,9.503325,3.369433,7.269466,5.957482,5.572388,9.078338,4.037822,0.496180
4.749968,-2.515907,11.159598,7.157031,3.716316,6.300418,6.345591,8.010715,10.067203,2.115202,-1.556553
1.500745,1.916118,8.345228,6.745743,0.825994,4.428343,1.347682,4.088071,8.336695,8.391139,-0.580511
1.631461,2.016645,6.804273,6.244910,-0.568912,0.839570,4.294413,4.202175,4.126515,5.464064,-0.656824
3.903307,2.072754,6.774887,7.499002,1.637786,2.285949,2.190147,5.383854,3.624374,7.044398,4.589071
3.347736,-0.623044,6.421350,7.732693,2.719499,5.460089,4.439918,3.417642,2.123079,1.746285,4.612852
2.686733,-2.394746,4.472203,6.476859,4.089985,3.690422,4.054759,4.363189,8.972345,1.071250,5.281808
3.160369,2.086945,-0.773686,5.734117,2.726261,6.864993,3.132986,6.704976,7.620169,-0.776879,1.293747
3.134829,1.128584,4.090478,8.004632,6.508539,6.693203,2.941912,9.996519,8.379305,2.425054,2.416111
3.620912,0.877485,6.145507,7.543988,7.053071,7.508085,1.604724,5.238049,1.847870,5.467042,3.506766
11.174013,6.268936,3.113922,4.914024,6.277513,8.175162,4.118574,8.603403,1.468659,4.781499,6.179932
7.518201,4.817992,7.161721,5.948937,1.360071,8.877959,6.401383,5.672212,0.835139,3.501126,4.947587
9.006208,9.017051,2.840328,9.127739,2.668508,5.485758,6.985184,3.050615,-2.024494,9.035902,4.386483
5.292317,7.492756,7.425056,7.527241,5.641372,3.900781,8.190466,4.925927,-0.063280,10.653404,-0.261668
3.202725,8.328372,9.815930,7.782692,9.310348,1.667629,10.896778,5.489020,-0.658778,8.218368,1.785833
5.029413,11.544155,6.686167,1.212268,5.868672,5.808898,6.205325,4.144989,7.778080,5.314011,6.980671
8.987808,9.757759,4.755170,4.315592,6.013749,8.732758,4.533809,0.788118,8.739412,5.852009,6.585757
4.645775,8.889530,6.578436,6.889973,8.106015,6.383349,10.232754,-2.349189,7.807619,6.123220,0.464734
5.135533,11.228447,0.979260,4.306004,4.337968,8.131422,3.072446,0.176290,5.617371,6.993171,1.104194
7.260346,10.938041,-1.745440,6.809350,3.259882,7.456043,6.217535,1.958998,6.657395,6.185477,-3.867695
5.145598,12.445886,3.912309,6.891022,2.262013,6.588811,2.593633,5.408829,3.856183,5.923524,0.585654
5.090657,6.053915,7.226331,7.523743,3.216030,8.076447,-1.943579,3.018996,4.314141,9.335835,1.609676
5.544619,1.218455,8.029441,8.002872,4.550397,9.056551,-2.557281,3.194570,1.486795,8.889866,-0.589541
7.213293,9.038082,5.647182,6.085873,5.766796,6.279726,1.264489,4.506512,1.994845,7.267654,1.363637
5.526862,4.000708,1.459349,3.567587,4.094567,9.774723,-1.312532,2.496841,0.050094,6.775225,7.910414
7.748013,4.345258,0.848694,0.647546,-1.064526,9.118751,4.661253,3.766420,3.202075,4.422174,3.016248
6.617075,7.971766,1.295865,2.196887,-0.702848,8.973923,4.028622,1.393830,8.256234,6.081423,2.932298
5.665553,7.902487,2.002412,0.398457,1.874618,9.200648,4.308693,3.887644,7.987515,4.314771,4.226277
5.032515,9.418626,4.466204,2.740375,3.265180,7.519849,11.618914,-0.906634,7.743793,7.630437,5.768677
5.610923,4.304632,8.326289,4.489218,2.757175,8.727358,10.154880,4.068046,5.170241,5.874205,3.143137
3.667830,1.067933,9.368879,4.259791,5.125748,6.440790,9.396032,7.924866,9.039497,6.367816,4.577182
3.955645,3.583102,6.062196,4.029346,6.189928,5.240705,10.160461,5.092320,9.764811,5.431915,3.970615
8.931103,3.844547,9.537306,4.810519,4.573965,3.401668,4.049507,5.763857,7.421111,1.836422,4.819265
9.252298,7.504579,10.319733,3.827903,5.412967,7.004930,4.492563,5.786546,5.398001,7.062558,6.877461
10.141265,7.139048,10.711352,3.692200,8.869094,8.646864,4.494314,3.223298,9.844123,8.331888,8.120420
6.879880,6.401893,11.618852,5.187585,8.012026,7.767190,7.007038,4.100348,8.926272,8.046592,5.264751
1.419753,6.487200,5.138398,9.097911,8.141497,7.796806,6.230019,7.838531,6.478215,9.726530,7.536193
0.929050,3.968330,5.541865,8.447400,8.364138,5.577156,7.079802,10.322525,4.532961,7.717789,3.456868
-0.103422,7.389874,7.959212,8.960629,6.433734,5.415800,3.947101,6.454829,3.939844,7.714315,3.323551
1.212957,6.465128,6.814190,9.095055,7.879035,1.395829,2.739030,7.483190,4.937554,6.430045,6.095328
2.051218,1.007715,8.235883,12.413072,11.795790,5.499984,3.360900,5.241454,7.550719,8.629974,8.906601
0.784059,2.484512,9.821567,10.165755,7.758434,3.024601,2.386896,6.808955,4.271969,3.354026,10.021167
7.225941,5.746286,11.629826,10.795943,8.034562,5.911644,3.751311,4.286345,4.608344,3.559460,7.267423
5.680826,9.580913,4.591307,7.058400,10.158447,3.385293,1.708744,1.740665,4.782791,7.293502,8.488004
5.669037,7.295803,5.551724,5.740760,4.668387,7.039775,0.882879,6.706487,7.611772,6.872269,5.756409
7.312379,7.861108,5.804130,4.477722,3.460560,8.753447,3.505382,9.362228,5.146331,7.897785,6.573498
4.847749,9.720137,7.609951,3.007261,6.423060,8.988573,2.730027,5.637964,3.295042,7.748469,7.694389
4.315590,10.997621,9.474493,2.720290,10.916274,4.861528,0.545137,4.281574,0.317888,9.484197,4.520850
1.851958,9.245731,4.579862,1.871719,6.620762,12.006003,3.864466,5.991121,2.560987,7.354608,9.414919
4.993257,7.171536,10.027457,3.452496,4.738102,11.231922,1.690407,6.243961,4.134673,6.415363,7.568705
1.499911,9.174113,11.886762,8.492183,1.654601,10.362543,1.714161,4.688691,11.042268,8.935325,9.140088
1.015304,10.003002,10.838894,8.013919,5.422087,9.045230,2.075975,3.158354,7.534816,5.241999,12.659361
4.345575,8.553347,10.372238,6.905760,3.529019,5.733940,5.833394,3.543184,9.144492,10.933163,12.002419
-0.526329,3.832932,8.783705,4.663199,7.852659,4.326144,5.629101,2.389664,8.601456,5.985556,11.651390
0.273163,4.938946,9.037572,7.080107,7.969075,9.400032,11.657146,5.000142,7.932454,9.360158,14.749803
2.436801,11.250445,6.000245,7.288205,7.067967,9.711889,11.803372,7.947348,6.652103,9.001031,10.060213
10.775860,8.004528,7.898051,8.135517,6.471707,10.731260,9.397382,6.750249,6.361097,6.806159,12.037203
12.665476,7.900805,3.520257,10.944973,4.836671,9.217213,10.845140,6.030344,5.447514,9.315968,10.263124
13.045808,5.774590,6.662252,5.416617,7.200601,4.926490,12.507732,5.505092,2.871767,11.928170,8.988315
7.673384,2.052609,7.158795,7.052001,10.328209,9.734681,12.052501,5.742512,3.904353,9.686683,9.596969
6.690533,3.550941,3.291663,8.966741,11.301995,7.041525,7.532891,6.216755,1.685803,13.806741,10.509479
10.032176,5.337712,9.905418,11.443720,11.374729,9.256656,4.492321,5.655030,7.176536,9.220516,9.192838
6.000431,9.487344,9.413600,9.833329,7.111745,9.342841,5.997695,4.289133,7.644256,13.077419,7.430854
5.872268,7.130730,10.192236,12.125540,7.190565,4.636679,3.939912,5.642315,8.259428,8.151879,7.655746
1.859778,5.236323,6.785770,12.271916,8.362484,6.434519,5.525157,7.212875,8.504190,4.695721,11.328143
2.521138,4.276471,10.757570,14.266871,3.064734,7.623142,3.625955,6.778372,9.483425,7.242625,10.338271
2.786621,6.230429,9.404966,15.087655,2.397475,8.018504,7.904346,6.189491,9.367189,8.248532,12.291349
3.938162,3.417371,10.669391,11.060094,3.721282,9.880581,9.542562,4.652724,10.258317,6.374385,14.670490
6.106462,4.957850,17.783065,14.148086,12.544715,11.556854,8.881812,3.433818,9.125463,2.452243,10.081775
6.465296,4.849480,11.139294,15.404459,11.625827,9.106494,3.971874,7.259625,10.147033,7.320993,7.842049
2.748377,8.269088,10.574526,9.896701,11.048601,7.723480,9.162638,5.790366,8.253784,5.778893,9.676309
5.256348,7.782048,7.217065,7.864143,8.712891,6.915353,7.582432,10.716667,3.675770,8.999597,13.095812
8.748094,7.644552,1.948999,12.392970,6.123710,5.286630,8.398337,10.488898,4.407670,11.678545,12.305921
8.739901,3.570742,-0.002950,12.007824,6.262619,4.640879,5.249547,9.181923,8.438897,15.051466,11.649435
9.324613,9.731126,-0.883366,8.202534,9.401642,6.907865,7.669618,7.908999,12.144102,13.570930,12.058183
6.178433,8.670060,3.698221,8.626874,10.526261,9.694714,4.998061,7.195817,14.024776,11.075797,8.687997
7.134061,11.874730,2.203938,6.532439,6.918138,5.146585,6.434322,5.049522,11.489771,11.178437,6.877660
6.440960,13.507321,4.398574,5.850220,5.620716,6.799867,10.391349,3.887636,8.126404,10.184519,11.463175
9.461750,12.534509,8.072038,4.463834,5.999513,9.508177,9.831371,6.846952,7.406811,8.841157,12.279706
11.362768,10.472646,8.346488,5.679662,8.019257,10.796600,11.137340,8.944805,12.999447,11.046075,14.573826
11.624695,11.390600,10.377337,8.049576,10.456293,13.314346,12.713309,6.866951,12.188284,14.516611,10.854998
9.817830,10.633854,11.373376,8.878655,13.497710,15.094514,12.895068,7.708143,9.215663,17.431945,7.027722
6.912853,11.689837,13.175881,9.861049,12.419306,16.750508,13.348436,11.460879,7.149904,16.789325,8.170778
4.167635,14.229899,14.714408,13.021199,9.314327,9.965196,14.596950,8.535706,4.180541,14.809875,6.122776
7.960099,12.388665,13.564806,12.207400,13.301209,13.594917,11.465208,4.154344,9.616275,10.240848,6.808853
7.256343,15.669538,14.727225,14.203953,14.878240,13.886784,9.526459,8.881709,13.293283,11.576251,9.357165
2.669758,16.035037,8.282440,13.858226,11.993762,17.892952,12.676859,10.160993,9.369452,9.909490,8.741864
4.681968,13.629390,8.251865,8.855813,17.151215,13.943195,14.823499,12.018380,13.248551,11.462894,8.352230
6.756938,11.391239,6.739714,9.478071,13.105518,12.502321,11.278869,12.894611,11.558220,10.051682,8.320072
7.922167,11.054107,9.571664,9.269226,8.982666,13.051860,4.345100,12.304226,11.173537,7.931648,10.971880
7.805622,4.967181,13.533140,8.437286,8.076339,13.461934,5.528846,17.459076,14.566823,7.374415,11.576455
6.098838,10.156536,11.173820,14.187191,11.474439,14.907326,7.517586,15.741391,14.697411,7.928151,11.987547
9.948124,6.372894,12.898528,14.998259,14.244714,12.841789,10.304112,13.756278,12.279980,8.655399,13.875341
11.631800,7.238530,11.475165,15.845883,9.619572,8.523367,8.112815,12.843309,11.433271,9.821229,17.615399
14.223841,6.620909,13.607531,15.236251,10.568430,11.752874,12.595194,13.495534,12.043281,8.139817,13.403075
13.110263,1.086793,12.113244,18.043171,10.311325,11.106446,10.065862,12.536239,11.046510,8.647997,17.247927
15.212541,2.176710,7.914083,16.890415,9.285710,9.947536,7.524646,9.704827,13.191398,8.514508,12.844310
9.930316,7.722671,10.180410,15.622205,11.905832,10.986504,10.671458,9.966870,10.537661,11.041023,11.470868
15.537123,9.226396,11.110472,11.748073,10.719349,10.387927,6.198275,9.475034,11.600355,11.819653,11.539796
10.535991,11.013390,11.171419,11.028281,10.177950,6.963549,8.763277,9.133002,9.258280,12.841996,14.317159
10.707366,11.186542,14.138242,13.115131,11.799035,7.522301,14.149235,9.092286,9.801947,11.653308,16.561893
13.921584,11.029078,12.176176,12.353589,9.662748,12.163884,14.825070,9.877976,11.587243,14.097726,13.841725
10.696145,9.662523,13.686360,13.310028,11.808984,10.604966,13.468072,13.407073,12.093271,8.381823,15.279285
15.643683,10.919269,10.897030,18.559838,10.850876,9.075443,11.288047,16.631404,16.425709,11.751038,13.407889
12.442807,12.992049,10.102262,12.141177,13.189030,11.519867,11.984130,18.089011,16.894728,13.600332,16.135165
11.793819,15.071500,9.492396,9.933421,16.141461,9.742488,13.506566,19.606943,18.292365,12.396908,15.252162
9.131262,14.642630,12.472961,10.164362,14.461564,8.463204,14.449126,18.966884,17.656508,12.424167,16.823669
10.540010,11.545974,14.896870,10.877557,13.739350,9.484173,11.151085,17.727104,16.849356,11.743672,16.157068
15.673891,10.420834,18.685577,9.295396,11.460631,8.592318,9.749977,16.180924,11.879461,10.669706,18.869467
9.330679,13.088852,16.936740,9.751709,9.897621,11.450903,13.653586,16.369700,13.535222,14.249031,15.097678
9.801385,17.672192,16.904041,9.183969,8.116347,14.108174,13.830089,13.398652,13.982492,18.228539,13.017232
13.001437,18.464035,16.189107,7.248954,12.829848,17.283549,10.214516,15.243388,11.943577,19.744954,9.449257
13.433225,20.588828,12.518802,11.036993,9.879539,14.589172,12.482115,16.423166,19.363568,15.397951,8.351588
8.789182,17.211920,13.422711,10.104960,12.744387,13.146358,12.875320,14.893758,16.261209,14.719171,10.760216
13.176290,20.203100,13.977888,9.822169,8.745472,12.351682,13.177340,17.548884,17.370906,14.664139,10.162833
14.683269,16.554104,13.803055,13.613711,10.014030,14.634415,15.735668,11.990078,16.877401,14.100796,11.261171
16.682878,11.512812,13.003556,15.094567,13.499186,10.971161,13.057754,11.282966,14.806118,13.303547,14.134097
19.356324,9.241081,15.614530,13.199959,11.359311,10.311411,15.003114,8.093873,19.690310,12.077603,15.118650
14.287083,11.071514,13.889596,16.975473,10.285944,10.426679,12.910725,9.496190,17.217230,15.714352,16.576503
14.866759,10.899979,11.976785,18.034060,12.366586,11.920902,16.556999,10.885914,19.503722,14.364601,13.503350
17.111400,16.167378,15.787854,17.080438,13.729949,15.368094,15.441618,12.854053,15.529650,15.306623,13.095499
14.965242,19.041605,15.219499,17.078190,12.604608,11.443241,16.055959,12.775184,17.550816,15.139789,15.229553
18.547305,19.063320,14.405733,13.975015,12.306629,13.092615,9.532013,13.667587,20.162234,14.012184,18.348489
18.579494,17.903290,12.587883,17.426211,13.211273,14.344880,9.377072,18.043726,15.641098,11.072024,20.912013
22.180595,22.694374,8.360528,13.997497,14.432506,17.811805,10.621699,17.354876,17.289732,11.649675,21.241383
21.276953,22.762411,7.528862,15.633339,13.100779,16.363486,9.917376,13.569384,15.815516,13.073988,16.996143
14.550091,19.416111,13.275664,23.051609,13.568833,12.081876,11.776886,14.088306,18.146417,10.094310,13.139298
16.730152,19.680725,13.581547,16.165501,16.396229,14.049177,12.745483,15.728295,17.695538,12.013216,15.502603
16.308134,15.154580,15.408072,15.661197,15.845923,12.722598,15.834701,14.251370,17.146549,11.748240,16.638708
20.080599,14.169514,7.235279,13.369135,15.987238,14.050390,11.937705,15.573631,17.973830,12.758221,18.105854
15.243258,12.811287,8.971219,16.168013,17.228853,12.266913,15.386457,18.458707,17.741496,14.214795,17.947238
17.659444,14.831944,11.538082,16.136909,14.180920,13.477501,17.290550,16.202879,19.417195,13.648732,14.882030
12.172227,15.998558,10.264898,15.733791,16.265970,13.646948,19.474553,15.128766,20.165799,13.485179,15.811402
14.928544,17.299351,15.827818,19.809749,18.124690,14.141825,24.249625,16.450228,17.883997,12.667884,19.360937
12.281248,20.705799,15.762469,22.956951,17.252097,13.009616,22.908595,19.566211,16.683010,16.736879,18.237020
17.215965,20.242632,14.930216,21.653815,18.801817,12.129347,19.817529,15.893637,16.091997,14.167097,21.794777
16.031069,22.009195,18.919350,25.043701,17.668715,15.196452,21.335230,11.979093,19.261750,14.349049,19.215874
19.124351,20.340795,21.446604,17.351282,20.656758,15.268663,22.251246,17.337339,19.269242,15.572580,16.865712
19.704200,22.846053,20.279950,17.250886,19.021974,17.071665,20.287324,9.728776,21.099360,18.481170,15.474625
22.760858,25.961066,18.332661,22.166294,15.872671,16.190711,18.625916,5.391211,21.367364,18.528250,18.636362
19.971540,22.952610,19.439821,21.910939,12.796529,12.859859,19.968561,11.915762,23.254161,19.888469,18.590955
17.497610,22.976381,14.831923,19.742745,16.661691,18.853223,16.721218,13.949338,18.770407,19.464445,21.368153
15.113055,19.091762,17.464489,20.353077,18.751162,16.895438,16.526893,16.716036,17.267957,14.776131,18.220745
17.257537,21.519764,16.732053,24.676050,20.383032,17.245540,16.587764,14.954582,18.197291,17.193827,17.073172
20.062071,23.841323,15.422621,22.462044,20.227875,17.343215,17.388035,13.490623,17.904288,16.609662,24.010992
15.226215,23.718944,19.445150,26.102658,24.170397,19.724642,17.818175,14.803384,15.199472,19.990937,22.625442
19.492974,19.436621,16.702189,20.918013,17.357875,18.130937,21.608787,18.420986,19.156497,19.939703,21.704767
14.802959,21.740472,11.637794,17.101966,18.194524,22.512343,21.923570,16.347935,17.960611,23.578630,21.567505
20.537998,19.072290,10.955281,17.751299,20.625285,16.117446,22.767515,14.183242,17.853034,17.717169,16.702708
14.865530,18.566943,12.372409,20.956456,20.199330,17.216037,24.756570,15.812287,18.446900,18.684627,17.453739
15.696723,14.259733,17.096930,18.077383,16.970119,17.066107,17.478331,16.467643,13.403054,16.358504,17.484682
18.968829,22.604039,19.148203,22.917097,13.383906,12.662239,14.949372,17.613201,16.379779,21.411316,21.046945
19.410813,19.808406,22.051765,19.188113,17.916460,15.710695,15.601956,20.260177,18.712706,19.721075,20.930804
14.197021,23.414778,19.709800,21.798619,16.398081,20.863550,14.717760,21.228966,18.597282,16.787985,22.649638
14.456281,21.978029,18.745726,19.727097,13.748361,22.284190,14.501919,21.628040,20.251853,16.699618,22.578884
19.318817,19.225861,20.567960,21.442032,15.624570,26.586862,16.252020,23.284238,21.930975,16.380528,19.418097
18.539456,20.134487,20.525888,21.428639,15.199628,25.547378,20.365735,24.161726,21.787857,21.403144,18.669629
16.492208,21.976585,21.599924,17.465060,19.514557,24.654353,22.784120,22.298778,22.693739,23.119119,16.730668
17.194980,18.402673,15.955649,18.291584,18.727863,23.820689,21.794769,17.632244,22.304388,23.048342,19.014242
17.819555,16.575649,19.922113,17.176663,14.960408,23.382570,22.727173,20.892204,22.737443,25.782257,21.421070
20.432109,15.691849,22.183577,14.229634,13.232803,22.113000,24.179314,21.988490,18.352508,24.240303,20.887811
18.314446,12.763142,18.491230,16.704649,14.620414,15.971886,24.537390,18.690611,18.307159,16.451082,18.269077
18.890568,14.505170,18.649629,19.313688,17.318747,18.345321,18.725454,17.980671,17.232722,18.504661,17.586886
18.243213,18.095277,18.779735,19.762298,24.618350,17.305515,18.938842,16.551941,17.997439,22.213920,18.790994
19.442193,19.620490,20.711846,20.137143,21.687163,20.120023,20.303999,16.354321,19.999126,24.298031,20.048533
20.917508,20.072761,20.529810,20.156381,19.720773,19.843871,19.881330,15.963232,19.230496,21.266313,18.660851
21.640130,21.082264,18.605393,15.463340,21.772812,16.904387,21.544838,13.107109,25.235884,21.100867,17.245713
17.380595,20.881483,18.431042,14.756646,19.294534,18.326733,22.958756,16.482395,19.298156,20.078901,18.036391
16.009481,15.959429,20.419386,16.141503,18.486721,21.307760,24.145140,14.440919,21.847700,23.072857,21.009203
16.228307,19.428840,21.582528,18.630429,17.231376,16.022855,21.401519,19.099477,22.383264,23.285531,23.117950
15.684335,23.240960,22.023404,19.480300,19.080576,16.481319,20.440700,21.275149,20.539705,21.201560,24.932858
18.674400,20.524424,23.314935,19.522554,20.128372,11.165012,16.289590,19.558847,18.595940,23.401793,19.093277
17.215042,15.827414,23.089432,22.917374,16.893729,14.704846,14.071043,18.075455,23.633218,21.968701,22.058800
21.890245,19.401910,21.034389,23.128854,17.615188,15.272713,15.803013,17.968471,22.480750,17.852086,20.525022
19.517253,18.408288,21.425673,22.813771,21.254850,17.143229,17.994094,19.339365,21.281279,21.466592,22.741713
19.126678,18.127685,21.930025,22.558933,22.576031,16.196443,16.435447,17.946994,17.437161,20.363793,26.096277
16.301181,18.112852,19.045804,21.964287,24.418524,13.412231,16.995015,19.124011,14.859520,21.055924,20.096724
19.774287,14.693724,13.713448,19.410998,24.398157,14.761694,18.941118,17.463883,12.079717,18.289455,23.044464
22.116525,18.023579,17.549101,21.184032,21.543901,19.525155,17.531705,13.608886,15.748996,17.623885,20.358014
20.048627,20.116892,20.664116,20.980689,20.435681,19.958656,16.714443,14.839721,20.265583,23.459184,18.101578
19.095146,24.437394,21.439848,20.147165,18.127146,19.570677,15.702209,14.196473,18.804823,21.078667,17.627742
18.656446,24.273093,20.424825,23.120661,20.863478,19.723618,17.686130,14.488569,20.811970,16.566469,12.396028
17.990636,27.780539,23.570570,19.347138,27.034933,21.390560,14.173711,16.860031,21.405447,13.964665,13.498527
21.586082,23.122426,25.574581,19.081904,26.348787,19.636008,18.226354,16.129154,17.160667,19.615663,14.679653
22.801761,22.642524,30.226602,20.087164,26.146536,17.552457,15.935777,21.016625,17.542527,18.140289,16.829820
22.706321,21.458905,25.613660,21.628797,23.567124,20.820552,16.892070,25.777228,16.466420,19.521662,20.001307
24.393122,22.402800,23.154032,21.861119,23.764239,20.258009,17.996441,19.150521,23.084970,17.144242,21.832420
22.074347,21.074635,26.319476,20.579071,21.303242,24.023443,13.930327,16.373257,23.452793,16.645714,22.741616
19.709060,21.170672,23.017792,21.973384,22.579899,20.741741,15.135348,18.325008,22.102062,18.163213,19.285127
21.459571,25.318968,21.932032,22.312038,24.624853,20.087341,19.603370,17.672178,19.418000,17.845470,22.138213
19.897284,24.959530,22.582013,20.815972,21.145369,22.561496,22.552407,19.830947,21.517394,19.549147,16.574903
19.863544,26.211562,27.129923,18.922629,20.452011,15.832465,20.830465,22.383909,22.528037,20.655167,14.139215
16.000809,26.214590,21.308003,21.980064,14.305072,18.431687,20.529054,23.560409,22.396015,19.301992,13.873147
20.377527,27.681657,19.982414,20.233371,17.417220,18.881240,28.279999,23.152375,17.351849,19.508534,20.032864
21.905746,28.459353,20.055748,17.967316,21.791727,17.894269,22.973716,23.806220,19.167989,21.436419,20.223067
21.784060,22.063097,17.748726,21.644331,18.314527,20.903576,18.526511,19.291657,26.096240,21.928332,17.459909
23.613692,22.557500,20.429890,16.948070,19.475370,22.084544,18.677546,20.085567,27.191037,18.391831,19.132750
26.341312,22.553632,14.916356,20.633613,24.975034,23.957624,17.707933,20.108328,24.097300,18.178040,16.787059
22.020302,22.092514,18.058700,20.733766,22.559293,22.586565,23.402173,22.077992,21.388190,19.920852,16.782907
24.061231,21.720287,16.874576,19.037393,20.638526,25.185914,21.030383,22.678060,20.270535,18.413065,18.825020
17.981359,20.990745,18.883143,18.519680,20.152515,24.094774,19.583973,16.934860,17.092345,15.706822,20.323341
19.472458,20.369112,17.652560,19.004317,16.458718,22.396215,18.022055,19.854618,19.952045,19.736416,16.686692
21.829015,17.052551,18.998136,19.526198,17.369181,22.616693,14.599850,21.702472,20.367594,21.664169,17.055560
21.769186,19.550882,16.544127,19.155626,16.841377,20.585984,18.347065,23.484268,20.291041,18.098607,17.178116
18.342236,22.639501,22.104260,19.593895,18.122874,21.857318,20.246201,21.597185,21.149289,18.450148,18.174195
20.443421,22.687910,19.263954,21.968410,15.027711,19.492100,21.049555,18.607064,21.135095,18.717564,17.329008
18.938558,27.256032,21.398278,23.220661,19.167175,19.019483,22.776331,20.942519,21.415270,16.285967,22.442462
20.763024,25.720267,21.672501,22.128580,20.248766,19.662160,20.203900,22.031996,23.649128,16.553882,22.820218
21.201563,23.022527,20.649781,21.011750,21.661453,19.214758,14.176419,20.130020,25.535016,20.484625,19.806327
21.158223,22.999123,18.347144,20.888733,21.894834,19.129742,21.512303,22.184425,25.514911,23.038572,18.881317
20.294636,23.989752,18.670361,21.448310,21.015873,16.572262,21.713114,20.331368,23.689564,21.020678,20.703617
21.582095,22.791555,17.259367,20.677401,28.201944,17.469000,20.332705,22.724370,17.756213,19.813921,19.920876
20.762985,21.613113,15.412241,17.461715,25.124059,15.233505,22.284708,23.354113,19.181617,24.023581,20.289116
19.756073,20.639076,17.237820,23.901284,22.747940,19.648555,21.224070,19.382942,19.972897,25.069324,17.992218
21.214799,19.111570,14.008649,18.539107,26.200608,22.562794,22.111274,18.967396,21.656992,25.339287,20.702515
25.338207,21.873785,12.338532,16.889101,23.284530,25.593224,22.274833,15.439461,17.346306,22.697798,21.102307
21.722860,23.679816,14.833952,15.679896,22.509840,22.371124,21.280508,20.240949,20.225770,19.724092,17.461508
22.628346,27.405293,17.831439,13.870050,23.478390,19.073601,18.794863,21.013200,19.316121,19.438801,15.231581
18.229905,29.781407,17.489572,16.560579,19.513962,21.969489,20.649885,20.889913,20.220143,15.007751,16.125864
20.414147,25.062500,13.692599,20.502175,17.882365,18.879665,14.377991,15.954791,18.600222,16.758926,15.665914
22.955991,23.521553,13.718641,19.351807,23.520778,20.756239,16.465653,14.773553,16.383618,17.412513,22.162942
21.992330,21.948311,14.737848,18.306694,19.335243,22.487144,16.736471,13.643049,18.435597,21.928922,27.106558
20.273728,21.874931,18.349550,20.784044,20.479487,18.153418,14.404755,13.898742,19.075458,21.690668,19.405695
14.211236,22.893490,19.805679,19.161599,18.238079,18.561143,19.214747,17.910871,20.399983,22.226155,20.786007
12.876559,20.501505,17.439794,16.219481,18.401134,18.651197,15.768772,18.146307,19.605407,25.088908,22.869464
18.808791,18.101947,16.367185,17.284628,19.914733,21.590944,19.721821,19.450020,19.933243,23.775019,20.309269
16.725010,18.416055,14.582697,19.310887,21.928472,16.994511,23.084090,16.953437,21.649865,22.823102,20.127318
17.616261,18.671279,15.545917,20.834383,20.493397,15.619825,19.453894,16.678278,21.649612,23.232591,20.521987
18.392801,20.330718,16.275344,18.721791,23.264029,17.464878,17.807448,19.465714,18.268941,18.411148,20.451012
19.378576,20.268665,17.598649,15.704317,17.652077,15.295105,13.593435,19.615701,14.923405,18.610034,19.479673
18.734280,22.043021,17.069298,18.377885,16.758816,18.130643,16.987323,20.736678,16.852539,18.363606,17.850261
18.985844,22.758890,18.570288,18.276868,13.033926,17.248490,14.214789,22.813672,23.376346,17.751242,14.435972
19.785903,19.379360,18.343979,22.074467,15.312807,18.028760,13.018098,17.921673,16.762817,17.843332,20.093011
20.029795,18.978018,16.518459,18.202489,17.893865,12.286955,12.823223,19.350183,15.512485,17.423140,19.793883
20.541839,17.380440,18.541136,21.601788,15.788691,17.242647,17.416180,19.058735,16.491218,14.709254,20.146726
19.092363,21.195353,16.588421,19.012153,16.430752,15.594879,14.463082,16.940887,17.030801,13.087151,19.774024
18.242559,23.385983,18.339536,17.219206,14.398974,21.839915,14.759590,15.595468,19.530062,12.820167,19.866251
18.233980,20.987443,18.425737,17.169940,20.088363,19.257258,14.595860,13.702238,18.400302,14.748356,20.695737
18.946556,19.468706,19.709214,20.843615,18.875194,14.136049,16.300907,15.438709,16.768713,17.575634,23.248672
18.509210,17.587250,16.299654,14.496666,18.609998,13.363996,13.556827,14.969799,18.749674,17.249449,21.372398
20.519629,17.321993,18.285241,16.661130,20.362362,14.062579,13.805383,15.907603,15.966385,17.391496,16.646336
22.111937,20.226617,20.862229,17.367517,18.857870,17.169368,12.402463,19.730019,18.059776,14.191382,20.186272
21.241021,24.734819,17.964847,23.128693,13.330347,19.656440,9.812666,21.531444,15.386747,12.874720,17.940646
24.500557,19.415853,15.448557,20.298788,15.446184,20.582797,15.616351,18.676500,19.627800,21.772795,20.601912
27.197510,22.656586,17.505365,16.809417,18.975400,23.133665,15.294740,14.117382,19.104318,21.782217,22.711530
21.154411,21.678111,17.617385,15.566915,20.858841,21.576292,17.698302,13.990580,15.409579,20.343128,21.345136
20.574067,20.032067,17.817021,12.089033,15.212064,21.338094,17.463918,17.513593,17.250106,20.282742,22.977100
17.285509,16.982493,20.612098,12.194042,17.566859,23.882121,15.756357,22.984347,12.277574,20.422451,18.845167
15.162219,18.710578,22.603958,11.818430,17.591468,24.169897,8.446665,20.620304,13.507607,21.700589,12.489875
12.746537,13.976753,22.731650,9.435005,19.932490,22.628427,14.403999,18.961332,13.185814,18.788910,9.230389
14.003660,13.242754,18.367437,9.805035,18.256294,23.668008,15.894467,19.911354,14.763015,19.182432,16.216418
14.143482,14.462397,18.360898,15.109910,19.458565,17.181616,18.095188,18.369511,14.660121,14.989704,16.977814
12.271999,19.191187,19.816009,16.578887,14.547239,20.664610,17.896194,16.127957,13.246868,15.790556,23.083755
17.648684,13.292574,21.286884,17.451424,16.601715,17.216664,12.801620,20.266926,16.874272,18.509125,23.279168
17.491919,14.504449,23.595208,18.919186,15.470780,11.649093,11.981106,21.388466,12.786190,17.144053,24.645200
17.490442,13.459374,20.895282,17.618910,17.576811,12.314224,13.187739,19.231118,15.907725,15.285700,18.560709
14.542032,17.495244,23.672940,14.242561,19.618125,11.936467,13.519776,17.695437,14.823688,15.558526,17.007038
15.347418,13.503333,20.051267,15.961081,15.197871,13.629006,14.184640,14.255388,16.173438,13.989170,19.151924
17.403757,14.901795,16.925066,16.514503,17.393241,15.038242,17.430182,14.206516,15.808988,10.160204,13.469786
13.052225,14.885402,15.715596,13.517059,15.396398,18.496431,17.599739,13.909464,18.460787,10.998442,12.524045
13.993288,8.542382,17.015775,13.200865,14.432811,18.261784,16.928126,13.343034,15.254921,11.095206,12.214409
14.199968,11.108304,18.433086,14.523344,16.315420,18.442791,17.406947,18.711873,12.534311,12.735857,13.379476
12.079208,10.503899,15.053478,11.631902,16.359097,17.562357,19.492007,16.112026,12.790718,13.929885,11.452533
10.357187,12.471102,14.260873,16.472675,19.600393,18.353807,14.869142,14.288775,17.923101,15.809318,16.949028
11.512189,14.222485,13.715517,13.803516,15.247210,16.978536,13.147896,14.810136,14.066957,13.015041,16.748708
16.141436,11.958617,14.699037,13.914128,15.475329,14.812560,10.446064,11.143564,11.773332,15.308769,18.533853
19.218059,10.966626,15.138873,13.437769,14.552270,17.430510,13.225135,11.932966,14.994580,13.098885,18.267204
16.537837,15.960537,13.516257,11.719037,11.540161,14.547345,12.770375,9.995520,18.732945,13.028605,19.438647
16.694354,15.101146,13.273173,9.160925,14.734596,15.922643,8.144945,14.092632,18.158738,13.883412,17.728169
19.194411,14.390842,14.024045,9.195806,14.537867,11.136236,6.968019,13.810866,16.852975,11.563909,17.608326
14.286755,10.752273,15.822029,9.365495,12.767271,13.777018,13.299576,15.080314,15.308391,15.295037,21.303857
11.413450,6.915631,11.936944,8.425179,13.707693,15.475629,12.641649,10.794117,13.313727,14.990081,18.224029
14.059138,11.904652,15.911323,6.322656,15.267233,18.691562,13.955656,10.550684,11.743989,13.628273,16.902205
10.341585,12.448244,15.216303,10.520134,15.305366,19.437214,15.662028,11.213399,9.402997,16.028290,18.479830
13.925893,12.203749,15.067727,9.633438,16.508146,13.273020,13.622584,10.357318,11.216555,11.598269,20.242874
11.692893,11.857949,19.312097,9.300960,13.354363,14.421966,15.837142,12.413489,13.230383,11.308428,20.916269
11.243356,17.179969,17.229321,15.962156,15.561878,15.405407,12.205158,13.707346,12.346529,10.594234,16.568320
16.481354,13.347291,14.074071,16.292309,9.889055,14.183343,13.124005,19.729447,14.280276,11.497203,14.639768
16.561427,10.230032,15.543510,13.465203,13.098356,13.095644,13.510223,13.503290,13.928543,13.917841,13.657920
11.925877,10.748297,16.949232,9.949898,11.119700,10.588449,11.041913,12.735088,17.505509,13.300358,12.961951
13.643934,11.078196,14.653334,10.898578,12.243646,11.750072,10.954034,15.776693,16.348519,12.629254,14.595189
14.349894,13.851964,17.025014,12.180588,14.173460,10.660655,14.363718,15.671626,12.896729,10.650364,14.550051
14.380880,16.312332,15.581622,13.980524,13.107946,11.222060,15.197550,16.882926,9.467267,12.035026,12.256593
16.066848,19.524741,18.915003,13.573552,16.774279,9.989909,14.191898,13.755657,9.823660,8.725070,16.055612
13.780222,14.150267,17.588202,13.157451,14.998466,10.610591,14.971891,11.658891,9.538918,15.368845,17.682188
13.770187,12.788255,15.779713,11.079831,9.215754,10.575927,18.230758,9.738935,11.776071,11.864384,14.403746
12.023250,13.373230,11.071188,13.518969,14.432624,10.969235,22.818459,12.633046,12.748923,13.358744,10.366068
13.095405,17.487179,11.171719,11.965569,13.820436,9.068679,19.500281,9.865238,12.330431,13.412859,11.254452
12.348280,14.939746,5.886293,8.381145,13.934564,8.293896,15.654699,4.703484,15.456575,13.225306,9.010939
17.761333,8.404500,4.769774,7.998803,12.602942,7.291450,15.585415,6.954991,13.945254,12.682428,9.722080
13.902833,11.313950,5.813297,7.924991,11.974038,8.077463,11.814509,10.803220,14.366409,13.032921,11.593171
13.808808,13.218490,10.417767,10.151207,10.937067,6.360825,7.678326,12.091973,16.532145,11.148321,10.291021
13.596261,9.867687,10.578380,13.705447,10.611106,8.055249,8.200686,11.834854,15.688210,10.580706,12.974814
6.541616,8.926015,9.462729,9.846683,9.731900,10.320839,10.818619,9.989896,16.372671,9.966343,11.757462
9.209171,7.899040,14.004937,9.373405,10.946484,8.439927,10.573354,10.626901,13.912155,5.998044,7.202248
9.944075,10.699543,12.950487,10.568220,5.975146,11.869119,12.546982,11.888353,14.991692,8.417607,6.560042
7.688382,11.837664,12.409694,10.200571,9.642537,12.349283,13.486366,15.298941,12.069787,5.846276,5.931938
8.282815,6.899336,13.491012,13.298101,13.160670,11.042791,8.364137,14.187713,10.096232,11.875895,4.896648
9.224620,10.377185,13.726077,15.879108,14.227864,15.530356,9.256947,11.047041,7.964334,11.701009,9.523152
12.304162,8.515918,9.469580,11.803840,13.981265,11.602440,14.901614,11.675678,5.879779,8.827091,11.882775
9.696298,10.164473,12.628936,12.600328,10.180477,15.184941,9.121044,8.535125,8.346462,5.605033,9.467822
6.622959,8.070452,12.107568,16.846758,3.569189,11.608995,10.207129,7.158638,13.303455,8.128596,9.168811
10.502966,8.502333,15.369204,11.071823,6.693937,9.817858,7.620087,8.461446,16.396516,5.884032,11.047161
10.069440,9.366226,18.233154,12.183801,9.268919,9.249371,12.725801,7.463411,17.536657,4.401749,3.514720
9.327316,8.191417,15.883455,6.505586,9.942899,5.881207,14.691769,8.177936,8.920476,9.611652,4.588106
8.954282,7.260286,15.572788,8.306268,8.534654,7.643022,13.815261,6.510489,10.003092,12.823370,11.678710
8.410403,9.929920,13.076836,9.115107,13.036025,6.936448,10.370553,6.551161,11.242377,17.874328,6.829443
10.563749,4.465684,14.712082,8.113895,12.957222,10.243217,5.224030,9.385149,9.450178,15.661355,9.388203
10.931598,2.921170,11.870101,6.023825,7.092264,6.246099,7.230939,7.488698,7.156228,14.970212,5.275592
5.582353,5.024817,15.391867,9.972452,6.732377,9.363101,10.005116,10.066619,5.157564,12.944119,6.618273
3.601670,3.967526,12.249790,13.166756,7.147621,6.213906,11.393237,10.332871,4.406821,5.560399,12.091872
5.434863,6.269113,7.206891,9.696386,4.347651,5.682908,11.412388,9.478481,5.734328,10.427823,11.643053
5.625531,6.676530,9.291431,13.244899,7.383480,7.991652,9.790575,10.564643,8.301283,9.832396,15.597290
3.777572,12.924359,5.140451,10.789393,6.668659,7.856027,11.003756,10.945014,4.323385,6.562292,14.543589
7.714133,9.660306,5.759652,11.726893,8.252000,0.426814,8.173798,9.876347,8.453705,7.674426,10.949568
6.560132,6.399602,6.912465,13.561095,3.309348,2.706923,9.192172,10.524832,12.530192,7.098427,4.614365
7.011045,6.222065,8.829233,15.702403,8.162622,2.628937,7.860532,10.547026,9.618352,2.615566,2.235719
7.181177,9.304469,9.709804,14.937055,9.534720,5.445446,10.237157,11.184351,7.043763,8.037068,3.133580
9.015803,11.636377,10.587332,12.740523,7.599890,6.271509,7.630610,8.360644,5.522531,5.296307,6.333717
11.251901,9.537158,11.302966,16.989351,6.523797,9.629771,4.822599,2.644315,5.817636,7.363597,3.600997
7.602859,10.903468,5.906571,13.784296,9.734897,9.816187,4.202083,7.341755,9.625084,7.077640,4.783796
11.641866,7.251096,9.859225,14.453398,7.509950,6.807921,5.983246,2.947207,6.869037,7.912207,3.363281
9.760737,5.849980,12.962188,13.688857,4.770383,3.623861,5.898427,8.608685,9.718978,8.747064,9.009120
8.483118,5.828402,11.528279,9.626946,10.096611,5.383050,7.019163,5.059429,9.311143,12.115175,5.161808
8.256935,6.455962,9.952583,6.507365,8.882702,4.486411,6.009981,6.418615,9.209437,6.765820,4.612356
5.118717,8.254490,9.613410,7.802604,8.583844,5.945568,10.612232,8.602860,10.663627,2.233809,4.351916
5.293941,7.988745,8.767401,7.881639,9.578483,5.375530,7.710800,6.328317,9.843641,4.090616,9.249418
6.749844,5.053379,4.242880,11.061001,8.072008,9.343586,3.168904,4.387611,5.350867,4.870217,3.762303
4.462188,7.451971,4.527731,11.564813,6.907806,8.617755,9.944964,5.010884,5.963803,2.748290,2.932841
5.749375,7.332675,9.095633,10.648808,9.982733,4.662227,4.251350,4.518897,6.790333,6.257323,6.359860
5.025383,7.326029,6.308306,9.048383,6.605094,2.445393,9.699766,7.240490,5.772801,9.965719,3.056304
4.558592,8.905496,6.535948,7.364892,0.064671,3.986970,10.863143,6.539230,7.336211,11.290332,7.889198
3.079449,7.547830,9.942269,5.214106,0.379210,3.657053,7.491945,5.607259,6.434197,7.535956,5.293851
5.406855,4.983264,6.364418,7.014950,-1.178514,5.980194,6.235138,4.739630,6.611948,5.603846,4.828192
4.029812,8.913488,10.117951,4.518551,3.301521,4.007059,5.372770,6.214148,5.188150,2.658682,5.233887
8.145349,7.455088,11.072672,6.426273,4.407059,1.390666,2.696590,4.156743,5.115784,2.819405,7.358339
6.869977,10.972479,10.191494,2.948172,8.857591,3.719514,0.956513,2.650929,7.030966,6.504495,6.873965
0.141251,9.715005,7.139350,4.975439,8.089783,1.971700,1.311288,2.527429,6.719371,7.953311,3.363538
3.658093,10.039227,3.171031,6.143822,6.332643,1.795525,4.030971,4.396965,6.092916,5.584062,4.868458
5.444676,10.243779,5.944889,9.452920,7.372682,4.387615,5.199880,6.191758,4.635138,5.113999,1.254283
9.893631,7.790005,5.060782,8.403835,5.837674,10.460159,2.306977,8.059648,8.092393,1.870295,-1.236688
4.488612,11.190635,6.718725,8.706347,5.272859,8.242332,7.819906,7.090202,7.403306,5.324922,3.580471
6.401176,5.789236,5.905346,6.254493,3.591848,6.966631,7.256510,5.875011,8.819144,7.902961,-0.430544
8.176388,6.485530,1.907988,8.940122,5.711703,3.376271,5.490047,4.614451,8.271320,10.027010,0.281768
6.157580,7.333670,7.436096,8.347334,9.717722,5.410108,3.843945,7.558188,5.248608,6.788872,3.428066
8.569971,4.929510,8.857296,5.971897,9.089291,6.909171,5.304072,8.273089,6.942804,5.092645,0.394405
5.588825,4.784018,4.041112,3.144214,3.902790,7.375749,7.461321,6.381612,7.363688,5.829262,1.071562
7.539876,2.936523,4.413034,-0.615155,3.927240,4.603726,0.162713,8.791605,4.354668,1.734462,2.799427
7.476936,2.574534,4.347217,1.884453,2.333701,5.174168,1.874958,7.194612,6.184927,4.590627,5.350433
9.220273,3.509864,3.284469,6.437246,2.400582,8.046903,0.592381,9.455761,4.013911,5.104756,3.895597
3.096417,6.614805,1.093192,5.229314,2.524141,6.228473,3.767817,6.703437,5.745153,4.530603,8.855878
-0.249130,7.732989,4.047666,4.051722,4.552719,3.732284,9.086287,3.495901,6.274480,6.165636,4.454477
3.403872,7.084515,3.157998,5.143583,6.387059,6.389579,4.205323,1.923572,7.485328,3.271854,7.765673
2.229908,5.630527,5.024118,6.021990,5.516753,4.940307,-0.438602,6.576426,4.931890,3.816760,5.215163
0.952685,4.248427,2.849126,6.791117,4.576870,3.941327,0.115881,10.664125,2.340405,-1.317524,7.274646
4.531491,3.420574,6.271979,8.230404,5.366592,3.322141,3.072928,7.135401,4.209815,1.566302,4.511753
3.022013,0.617796,4.150377,8.631151,3.534568,8.254070,5.239984,1.303689,3.769378,-0.077223,2.714277
5.028885,-6.961504,0.378508,5.144849,0.919421,6.712831,2.359184,5.284310,5.145353,3.411889,0.113288
2.485290,0.840801,2.863708,7.876071,3.043742,5.564664,5.250367,0.337927,5.064538,0.434928,6.539073
4.423126,2.208471,7.184193,8.523614,1.508656,5.704937,6.974604,1.339007,2.788692,2.946979,3.129296
1.742177,-1.318817,5.438016,11.462350,0.240166,8.256930,10.103556,6.407481,1.452149,2.802330,3.699142
